Lead 1,Lead 2,Lead 3,Lead 4,Lead 5,Lead 6,Lead 7,Lead 8
-129.0,-129.0,-129.0,-129.0,-129.0,-129.0,-129.0,-129.0
109.0,174.0,227.0,11936.0,182.0,0.0,0.0,0.0
356.0,-26.0,193.0,-26.0,174.0,0.0,11981.0,182.0
354.0,-25.0,194.0,-25.0,175.0,0.0,11701.0,183.0
354.0,-24.0,194.0,-24.0,173.0,0.0,11331.0,183.0
355.0,-25.0,192.0,-25.0,172.0,0.0,11352.0,181.0
355.0,-26.0,192.0,-26.0,173.0,0.0,11276.0,181.0
354.0,-26.0,192.0,-26.0,173.0,0.0,11156.0,181.0
355.0,-26.0,191.0,-27.0,173.0,0.0,11091.0,180.0
355.0,-27.0,190.0,-28.0,173.0,0.0,11214.0,179.0
354.0,-26.0,191.0,-26.0,174.0,0.0,10920.0,181.0
354.0,-26.0,191.0,-26.0,173.0,0.0,10608.0,181.0
354.0,-26.0,192.0,-26.0,173.0,0.0,10427.0,181.0
353.0,-25.0,192.0,-25.0,174.0,0.0,10221.0,182.0
352.0,-24.0,193.0,-24.0,172.0,0.0,9843.0,182.0
352.0,-25.0,192.0,-25.0,171.0,0.0,9872.0,180.0
352.0,-25.0,191.0,-25.0,172.0,0.0,9807.0,180.0
352.0,-25.0,191.0,-26.0,172.0,0.0,9637.0,179.0
352.0,-26.0,190.0,-27.0,171.0,0.0,9608.0,179.0
353.0,-27.0,189.0,-28.0,172.0,0.0,9767.0,178.0
352.0,-26.0,191.0,-26.0,174.0,0.0,9497.0,180.0
352.0,-26.0,191.0,-26.0,173.0,0.0,9337.0,180.0
351.0,-26.0,191.0,-25.0,172.0,0.0,9329.0,180.0
351.0,-25.0,191.0,-25.0,172.0,0.0,9180.0,181.0
350.0,-24.0,192.0,-24.0,171.0,0.0,8848.0,181.0
350.0,-25.0,190.0,-25.0,170.0,0.0,8931.0,179.0
350.0,-25.0,190.0,-25.0,171.0,0.0,8923.0,179.0
350.0,-25.0,190.0,-26.0,170.0,0.0,8808.0,179.0
350.0,-26.0,189.0,-26.0,170.0,0.0,8746.0,178.0
351.0,-27.0,188.0,-27.0,171.0,0.0,8853.0,177.0
350.0,-26.0,189.0,-26.0,172.0,0.0,8541.0,179.0
350.0,-26.0,189.0,-25.0,171.0,0.0,8298.0,178.0
349.0,-26.0,189.0,-25.0,171.0,0.0,8213.0,179.0
348.0,-25.0,190.0,-24.0,172.0,0.0,7973.0,180.0
347.0,-24.0,191.0,-23.0,171.0,0.0,7540.0,180.0
348.0,-24.0,189.0,-25.0,169.0,0.0,7597.0,178.0
348.0,-25.0,189.0,-25.0,170.0,0.0,7599.0,177.0
348.0,-25.0,189.0,-25.0,170.0,0.0,7622.0,177.0
348.0,-26.0,188.0,-26.0,169.0,0.0,7665.0,177.0
349.0,-27.0,186.0,-28.0,169.0,0.0,7838.0,176.0
348.0,-26.0,188.0,-26.0,171.0,0.0,7665.0,178.0
348.0,-25.0,188.0,-25.0,170.0,0.0,7453.0,177.0
347.0,-25.0,188.0,-25.0,170.0,0.0,7369.0,178.0
347.0,-25.0,189.0,-24.0,170.0,0.0,7162.0,178.0
345.0,-23.0,190.0,-23.0,169.0,0.0,6806.0,178.0
345.0,-24.0,188.0,-24.0,168.0,0.0,6855.0,176.0
346.0,-25.0,188.0,-25.0,169.0,0.0,6874.0,176.0
346.0,-25.0,187.0,-25.0,169.0,0.0,6797.0,176.0
346.0,-25.0,187.0,-26.0,168.0,0.0,6776.0,176.0
347.0,-27.0,185.0,-27.0,169.0,0.0,6884.0,175.0
346.0,-26.0,187.0,-26.0,170.0,0.0,6707.0,177.0
345.0,-25.0,187.0,-25.0,169.0,0.0,6551.0,177.0
345.0,-25.0,187.0,-25.0,169.0,0.0,6482.0,176.0
344.0,-25.0,187.0,-24.0,169.0,0.0,6367.0,177.0
343.0,-23.0,189.0,-23.0,169.0,0.0,6043.0,178.0
344.0,-24.0,187.0,-25.0,166.0,0.0,6033.0,175.0
344.0,-25.0,187.0,-25.0,168.0,0.0,5973.0,176.0
344.0,-25.0,186.0,-25.0,168.0,0.0,5859.0,175.0
344.0,-25.0,185.0,-26.0,167.0,0.0,5943.0,175.0
344.0,-26.0,184.0,-27.0,168.0,0.0,6148.0,174.0
344.0,-26.0,185.0,-25.0,169.0,0.0,5957.0,176.0
343.0,-25.0,186.0,-25.0,168.0,0.0,5704.0,176.0
342.0,-25.0,186.0,-25.0,168.0,0.0,5628.0,176.0
342.0,-25.0,186.0,-24.0,168.0,0.0,5508.0,176.0
341.0,-23.0,187.0,-23.0,168.0,0.0,5112.0,176.0
341.0,-24.0,186.0,-24.0,165.0,0.0,5078.0,174.0
341.0,-24.0,186.0,-24.0,167.0,0.0,5147.0,174.0
341.0,-25.0,185.0,-25.0,167.0,0.0,5101.0,174.0
342.0,-25.0,184.0,-25.0,166.0,0.0,5028.0,173.0
343.0,-26.0,183.0,-27.0,166.0,0.0,5145.0,172.0
342.0,-25.0,184.0,-25.0,168.0,0.0,5007.0,175.0
341.0,-25.0,184.0,-25.0,167.0,0.0,4869.0,175.0
341.0,-25.0,185.0,-25.0,167.0,0.0,4871.0,175.0
340.0,-24.0,185.0,-24.0,167.0,0.0,4721.0,175.0
339.0,-23.0,186.0,-22.0,166.0,0.0,4337.0,176.0
339.0,-24.0,185.0,-24.0,165.0,0.0,4413.0,174.0
339.0,-24.0,185.0,-24.0,166.0,0.0,4481.0,173.0
339.0,-25.0,184.0,-25.0,165.0,0.0,4381.0,173.0
339.0,-25.0,183.0,-25.0,165.0,0.0,4391.0,172.0
340.0,-26.0,182.0,-27.0,165.0,0.0,4636.0,171.0
339.0,-25.0,183.0,-25.0,167.0,0.0,4587.0,173.0
339.0,-25.0,183.0,-25.0,166.0,0.0,4459.0,173.0
338.0,-25.0,183.0,-24.0,166.0,0.0,4529.0,173.0
338.0,-24.0,184.0,-23.0,166.0,0.0,4502.0,174.0
336.0,-23.0,185.0,-22.0,166.0,0.0,4188.0,174.0
336.0,-23.0,183.0,-24.0,164.0,0.0,4300.0,172.0
337.0,-24.0,183.0,-24.0,164.0,0.0,4445.0,172.0
337.0,-24.0,183.0,-24.0,165.0,0.0,4301.0,172.0
337.0,-25.0,182.0,-25.0,164.0,0.0,4163.0,171.0
338.0,-26.0,180.0,-27.0,164.0,0.0,4328.0,170.0
338.0,-25.0,182.0,-25.0,166.0,0.0,4252.0,172.0
337.0,-25.0,182.0,-24.0,165.0,0.0,4092.0,173.0
336.0,-25.0,182.0,-24.0,164.0,0.0,4062.0,172.0
336.0,-24.0,183.0,-24.0,165.0,0.0,3955.0,173.0
334.0,-23.0,184.0,-22.0,165.0,0.0,3635.0,174.0
335.0,-24.0,182.0,-23.0,162.0,0.0,3624.0,171.0
335.0,-24.0,182.0,-24.0,164.0,0.0,3729.0,171.0
335.0,-24.0,182.0,-24.0,163.0,0.0,3685.0,170.0
335.0,-24.0,181.0,-25.0,163.0,0.0,3675.0,170.0
336.0,-26.0,179.0,-27.0,163.0,0.0,3846.0,169.0
335.0,-25.0,181.0,-25.0,165.0,0.0,3746.0,171.0
335.0,-25.0,181.0,-24.0,164.0,0.0,3482.0,171.0
334.0,-24.0,181.0,-24.0,163.0,0.0,3423.0,171.0
334.0,-24.0,181.0,-24.0,163.0,0.0,3328.0,172.0
332.0,-23.0,183.0,-22.0,164.0,0.0,3030.0,172.0
332.0,-23.0,181.0,-24.0,162.0,0.0,3050.0,170.0
333.0,-24.0,181.0,-24.0,162.0,0.0,3226.0,170.0
334.0,-23.0,183.0,-23.0,163.0,0.0,3231.0,171.0
337.0,-21.0,187.0,-23.0,165.0,0.0,3258.0,174.0
339.0,-22.0,187.0,-24.0,167.0,0.0,3513.0,174.0
340.0,-21.0,190.0,-22.0,170.0,0.0,3497.0,178.0
343.0,-21.0,194.0,-21.0,171.0,0.0,3269.0,180.0
346.0,-22.0,198.0,-20.0,173.0,0.0,3208.0,183.0
348.0,-22.0,201.0,-19.0,175.0,0.0,3155.0,186.0
349.0,-20.0,205.0,-17.0,177.0,0.0,2847.0,189.0
351.0,-21.0,207.0,-18.0,176.0,0.0,2798.0,188.0
353.0,-22.0,208.0,-18.0,178.0,0.0,2903.0,189.0
353.0,-20.0,209.0,-18.0,178.0,0.0,2896.0,190.0
353.0,-19.0,209.0,-18.0,178.0,0.0,2911.0,190.0
355.0,-22.0,208.0,-20.0,179.0,0.0,3070.0,190.0
356.0,-22.0,210.0,-18.0,182.0,0.0,3061.0,192.0
355.0,-22.0,211.0,-18.0,181.0,0.0,3021.0,192.0
355.0,-21.0,210.0,-18.0,180.0,0.0,3112.0,192.0
355.0,-21.0,211.0,-17.0,181.0,0.0,3131.0,193.0
353.0,-21.0,212.0,-15.0,180.0,0.0,3009.0,193.0
353.0,-24.0,208.0,-17.0,178.0,0.0,3154.0,190.0
353.0,-25.0,207.0,-18.0,178.0,0.0,3453.0,190.0
353.0,-25.0,207.0,-19.0,179.0,-536.0,3498.0,190.0
353.0,-26.0,206.0,-19.0,177.0,-1348.0,3526.0,189.0
352.0,-25.0,203.0,-21.0,176.0,-2152.0,3762.0,187.0
351.0,-24.0,204.0,-20.0,178.0,-2943.0,3837.0,188.0
350.0,-24.0,205.0,-19.0,177.0,-3724.0,3594.0,188.0
349.0,-23.0,204.0,-19.0,176.0,-4497.0,3519.0,187.0
347.0,-24.0,201.0,-19.0,175.0,-5261.0,3470.0,186.0
345.0,-23.0,202.0,-17.0,176.0,-6013.0,3139.0,186.0
345.0,-24.0,200.0,-19.0,172.0,-6759.0,2997.0,184.0
343.0,-26.0,196.0,-20.0,171.0,-7496.0,3057.0,181.0
342.0,-25.0,195.0,-21.0,171.0,-8223.0,2964.0,180.0
340.0,-24.0,193.0,-21.0,169.0,-8940.0,2999.0,179.0
340.0,-26.0,190.0,-23.0,168.0,-9650.0,3273.0,176.0
338.0,-27.0,188.0,-23.0,168.0,-10349.0,3299.0,176.0
336.0,-25.0,188.0,-22.0,167.0,-11038.0,3047.0,176.0
334.0,-23.0,186.0,-22.0,165.0,-11720.0,2965.0,174.0
332.0,-24.0,185.0,-21.0,165.0,-12393.0,2861.0,174.0
328.0,-22.0,184.0,-20.0,163.0,-13058.0,2494.0,172.0
326.0,-21.0,181.0,-22.0,160.0,-13717.0,2414.0,169.0
325.0,-22.0,178.0,-23.0,159.0,-14366.0,2573.0,167.0
324.0,-23.0,176.0,-23.0,159.0,-15007.0,2556.0,166.0
324.0,-24.0,175.0,-24.0,158.0,-15639.0,2570.0,165.0
325.0,-25.0,173.0,-26.0,157.0,-16264.0,2761.0,163.0
324.0,-25.0,174.0,-25.0,159.0,-16877.0,2801.0,165.0
324.0,-24.0,175.0,-24.0,159.0,-17485.0,2617.0,166.0
323.0,-24.0,175.0,-24.0,158.0,-18085.0,2594.0,166.0
323.0,-23.0,175.0,-23.0,158.0,-18677.0,2574.0,166.0
321.0,-22.0,177.0,-22.0,159.0,-19261.0,2375.0,167.0
322.0,-22.0,175.0,-23.0,156.0,-19840.0,2351.0,165.0
322.0,-23.0,175.0,-23.0,157.0,-20411.0,2570.0,164.0
321.0,-23.0,174.0,-23.0,157.0,-20975.0,2567.0,164.0
322.0,-23.0,174.0,-24.0,157.0,-21532.0,2519.0,164.0
323.0,-25.0,172.0,-26.0,156.0,-22082.0,2638.0,162.0
322.0,-25.0,173.0,-25.0,158.0,-22624.0,2641.0,164.0
322.0,-24.0,174.0,-24.0,158.0,-23160.0,2370.0,164.0
322.0,-24.0,174.0,-23.0,157.0,-23689.0,2308.0,164.0
321.0,-24.0,174.0,-23.0,157.0,-24211.0,2234.0,165.0
319.0,-22.0,176.0,-21.0,158.0,-24726.0,1961.0,166.0
319.0,-22.0,175.0,-23.0,155.0,-25237.0,1949.0,164.0
320.0,-23.0,174.0,-23.0,156.0,-25740.0,2115.0,163.0
320.0,-23.0,173.0,-23.0,156.0,-26237.0,2107.0,163.0
320.0,-23.0,173.0,-24.0,156.0,-26728.0,2253.0,163.0
321.0,-25.0,171.0,-25.0,155.0,-27214.0,2755.0,161.0
321.0,-25.0,172.0,-25.0,157.0,-27692.0,3098.0,163.0
320.0,-24.0,173.0,-24.0,157.0,-28164.0,3037.0,164.0
319.0,-24.0,172.0,-23.0,156.0,-28631.0,3120.0,163.0
319.0,-23.0,173.0,-23.0,156.0,-29091.0,3137.0,164.0
317.0,-22.0,175.0,-21.0,157.0,-29545.0,2857.0,165.0
317.0,-22.0,173.0,-22.0,154.0,-29995.0,2707.0,163.0
318.0,-23.0,172.0,-23.0,155.0,-30440.0,2939.0,162.0
318.0,-23.0,172.0,-23.0,155.0,-30878.0,2980.0,162.0
317.0,-23.0,171.0,-23.0,154.0,-31311.0,3065.0,161.0
318.0,-24.0,170.0,-25.0,154.0,-31740.0,3308.0,160.0
319.0,-24.0,171.0,-25.0,156.0,-32161.0,3430.0,162.0
318.0,-24.0,172.0,-24.0,155.0,-32577.0,3270.0,163.0
317.0,-23.0,171.0,-23.0,155.0,32547.0,3343.0,162.0
315.0,-23.0,175.0,-22.0,153.0,32138.0,3411.0,160.0
308.0,-24.0,185.0,-19.0,150.0,31730.0,3186.0,156.0
303.0,-28.0,191.0,-17.0,144.0,31325.0,2984.0,149.0
298.0,-30.0,197.0,-17.0,140.0,30926.0,3103.0,143.0
294.0,-29.0,201.0,-16.0,138.0,30536.0,3047.0,140.0
296.0,-22.0,195.0,-19.0,139.0,30160.0,2964.0,143.0
303.0,-15.0,181.0,-24.0,144.0,29794.0,3126.0,149.0
314.0,-1.0,160.0,-29.0,155.0,29444.0,3288.0,164.0
332.0,25.0,125.0,-38.0,170.0,29113.0,3108.0,187.0
354.0,49.0,84.0,-49.0,189.0,28789.0,3166.0,213.0
380.0,72.0,42.0,-60.0,209.0,28471.0,3257.0,240.0
404.0,95.0,1.0,-69.0,230.0,28158.0,2898.0,269.0
429.0,117.0,-41.0,-81.0,247.0,27847.0,2383.0,295.0
455.0,137.0,-84.0,-93.0,268.0,27540.0,2386.0,321.0
482.0,156.0,-126.0,-103.0,289.0,27237.0,2339.0,348.0
508.0,170.0,-164.0,-113.0,308.0,26934.0,2319.0,374.0
533.0,172.0,-198.0,-121.0,326.0,26628.0,2478.0,396.0
555.0,171.0,-222.0,-126.0,343.0,26320.0,2554.0,416.0
569.0,175.0,-241.0,-129.0,354.0,26013.0,2231.0,431.0
578.0,178.0,-255.0,-132.0,361.0,25701.0,2121.0,440.0
584.0,172.0,-258.0,-132.0,364.0,25384.0,2160.0,444.0
585.0,162.0,-253.0,-128.0,366.0,25065.0,2068.0,444.0
580.0,153.0,-245.0,-125.0,360.0,24742.0,2006.0,437.0
572.0,144.0,-230.0,-122.0,353.0,24418.0,2282.0,426.0
560.0,133.0,-211.0,-117.0,344.0,24094.0,2334.0,413.0
546.0,119.0,-187.0,-111.0,333.0,23769.0,2413.0,398.0
529.0,99.0,-157.0,-104.0,318.0,23440.0,2456.0,376.0
507.0,77.0,-118.0,-93.0,302.0,23111.0,2433.0,353.0
481.0,57.0,-76.0,-82.0,282.0,22783.0,2096.0,327.0
455.0,32.0,-32.0,-69.0,260.0,22455.0,1989.0,298.0
429.0,4.0,14.0,-57.0,240.0,22130.0,2023.0,270.0
402.0,-16.0,57.0,-44.0,220.0,21814.0,1903.0,243.0
375.0,-34.0,97.0,-34.0,198.0,21501.0,1742.0,215.0
350.0,-53.0,137.0,-25.0,177.0,21192.0,1969.0,187.0
322.0,-70.0,166.0,-22.0,156.0,20886.0,2017.0,158.0
294.0,-93.0,171.0,-23.0,134.0,20579.0,2072.0,127.0
268.0,-107.0,170.0,-24.0,114.0,20283.0,2572.0,100.0
296.0,-32.0,173.0,-20.0,141.0,18886.0,2921.0,146.0
304.0,-25.0,172.0,-21.0,147.0,18662.0,3098.0,153.0
306.0,-24.0,172.0,-21.0,149.0,18432.0,3102.0,155.0
306.0,-24.0,171.0,-21.0,148.0,18201.0,3062.0,154.0
306.0,-25.0,170.0,-23.0,147.0,17973.0,3251.0,153.0
307.0,-26.0,169.0,-23.0,149.0,17749.0,3461.0,154.0
306.0,-25.0,171.0,-22.0,149.0,17528.0,3238.0,155.0
305.0,-24.0,171.0,-21.0,148.0,17309.0,3181.0,155.0
304.0,-24.0,171.0,-21.0,149.0,17093.0,3155.0,155.0
304.0,-23.0,172.0,-19.0,150.0,16880.0,2994.0,156.0
303.0,-23.0,172.0,-20.0,147.0,16669.0,2757.0,155.0
303.0,-24.0,170.0,-21.0,147.0,16460.0,2852.0,153.0
304.0,-24.0,170.0,-21.0,147.0,16255.0,2740.0,154.0
303.0,-24.0,170.0,-21.0,147.0,16051.0,2563.0,153.0
304.0,-25.0,168.0,-23.0,146.0,15849.0,2586.0,152.0
305.0,-25.0,168.0,-23.0,148.0,15652.0,2732.0,153.0
304.0,-24.0,170.0,-21.0,149.0,15458.0,2522.0,154.0
303.0,-24.0,169.0,-21.0,148.0,15265.0,2493.0,154.0
303.0,-24.0,169.0,-21.0,148.0,15074.0,2512.0,154.0
302.0,-23.0,171.0,-19.0,148.0,14887.0,2284.0,155.0
301.0,-22.0,170.0,-19.0,146.0,14701.0,1930.0,154.0
301.0,-23.0,169.0,-21.0,146.0,14516.0,2055.0,153.0
302.0,-24.0,169.0,-21.0,147.0,14335.0,2136.0,152.0
302.0,-24.0,169.0,-21.0,146.0,14156.0,2217.0,152.0
302.0,-25.0,167.0,-23.0,146.0,13978.0,2295.0,151.0
303.0,-25.0,167.0,-23.0,147.0,13803.0,2407.0,152.0
302.0,-24.0,168.0,-21.0,147.0,13633.0,2121.0,153.0
301.0,-24.0,168.0,-21.0,147.0,13462.0,2118.0,153.0
301.0,-24.0,168.0,-21.0,146.0,13294.0,2208.0,153.0
300.0,-23.0,170.0,-19.0,147.0,13129.0,2042.0,154.0
299.0,-22.0,170.0,-19.0,145.0,12965.0,1822.0,153.0
300.0,-23.0,168.0,-21.0,145.0,12802.0,2006.0,152.0
300.0,-24.0,168.0,-21.0,146.0,12642.0,2026.0,152.0
300.0,-23.0,168.0,-21.0,145.0,12484.0,2010.0,151.0
300.0,-24.0,166.0,-23.0,145.0,12327.0,2110.0,150.0
301.0,-25.0,166.0,-23.0,146.0,12173.0,2436.0,150.0
300.0,-24.0,167.0,-21.0,147.0,12022.0,2292.0,152.0
299.0,-24.0,167.0,-21.0,146.0,11872.0,2209.0,152.0
299.0,-24.0,167.0,-20.0,146.0,11724.0,2188.0,152.0
298.0,-23.0,169.0,-19.0,146.0,11579.0,2074.0,153.0
297.0,-22.0,168.0,-19.0,144.0,11434.0,1833.0,152.0
298.0,-23.0,168.0,-20.0,144.0,11291.0,1999.0,151.0
300.0,-22.0,171.0,-20.0,146.0,11153.0,2092.0,153.0
301.0,-22.0,171.0,-20.0,147.0,11014.0,2159.0,153.0
302.0,-22.0,171.0,-21.0,147.0,10877.0,2288.0,153.0
304.0,-22.0,173.0,-21.0,149.0,10743.0,2461.0,155.0
304.0,-21.0,175.0,-19.0,151.0,10612.0,2249.0,157.0
305.0,-22.0,177.0,-19.0,151.0,10480.0,2141.0,158.0
305.0,-23.0,177.0,-19.0,152.0,10349.0,2150.0,159.0
304.0,-22.0,178.0,-17.0,152.0,10221.0,2035.0,160.0
304.0,-21.0,180.0,-16.0,151.0,10095.0,1803.0,160.0
306.0,-21.0,180.0,-17.0,151.0,9970.0,1989.0,160.0
307.0,-20.0,181.0,-17.0,152.0,9846.0,2058.0,160.0
307.0,-21.0,181.0,-17.0,152.0,9723.0,2044.0,161.0
309.0,-23.0,180.0,-18.0,152.0,9602.0,2110.0,160.0
310.0,-25.0,180.0,-19.0,154.0,9483.0,2316.0,161.0
310.0,-22.0,183.0,-17.0,155.0,9367.0,2148.0,163.0
310.0,-20.0,184.0,-17.0,155.0,9251.0,2082.0,163.0
310.0,-20.0,185.0,-16.0,155.0,9136.0,2130.0,164.0
310.0,-20.0,187.0,-15.0,157.0,9024.0,2082.0,166.0
310.0,-20.0,188.0,-14.0,156.0,8912.0,1913.0,166.0
311.0,-20.0,189.0,-15.0,156.0,8801.0,2117.0,166.0
315.0,-18.0,193.0,-14.0,159.0,8696.0,2199.0,168.0
318.0,-17.0,197.0,-14.0,161.0,8591.0,2246.0,171.0
321.0,-16.0,200.0,-14.0,163.0,8487.0,2393.0,173.0
323.0,-16.0,201.0,-14.0,165.0,8383.0,2645.0,175.0
324.0,-13.0,205.0,-12.0,166.0,8282.0,2466.0,178.0
326.0,-11.0,210.0,-10.0,168.0,8183.0,2336.0,181.0
328.0,-9.0,214.0,-9.0,170.0,8085.0,2369.0,184.0
330.0,-7.0,220.0,-7.0,172.0,7989.0,2238.0,187.0
331.0,-4.0,224.0,-5.0,173.0,7894.0,1957.0,189.0
335.0,-6.0,225.0,-6.0,174.0,7797.0,2079.0,190.0
339.0,-6.0,229.0,-5.0,178.0,7704.0,2077.0,193.0
342.0,-4.0,233.0,-4.0,179.0,7611.0,1999.0,196.0
344.0,-3.0,236.0,-4.0,181.0,7520.0,2081.0,198.0
348.0,-2.0,240.0,-4.0,184.0,7430.0,2395.0,200.0
350.0,0.0,246.0,-1.0,187.0,7342.0,2316.0,205.0
352.0,0.0,249.0,0.0,188.0,7254.0,2284.0,207.0
354.0,0.0,252.0,0.0,190.0,7166.0,2341.0,210.0
355.0,1.0,255.0,1.0,191.0,7079.0,2229.0,211.0
356.0,3.0,258.0,2.0,192.0,6994.0,1856.0,213.0
357.0,2.0,257.0,1.0,191.0,6907.0,1938.0,212.0
359.0,0.0,258.0,1.0,193.0,6822.0,1991.0,213.0
360.0,0.0,258.0,1.0,193.0,6737.0,1965.0,213.0
360.0,0.0,258.0,0.0,193.0,6653.0,2047.0,213.0
363.0,0.0,259.0,0.0,195.0,6571.0,2316.0,214.0
363.0,0.0,262.0,1.0,197.0,6492.0,2204.0,216.0
362.0,0.0,262.0,2.0,196.0,6410.0,2173.0,216.0
361.0,0.0,261.0,2.0,195.0,6330.0,2237.0,216.0
358.0,0.0,259.0,2.0,194.0,6249.0,2138.0,215.0
356.0,0.0,258.0,2.0,193.0,6170.0,1872.0,214.0
356.0,-2.0,255.0,0.0,191.0,6090.0,2038.0,211.0
355.0,-3.0,252.0,0.0,190.0,6012.0,2159.0,209.0
354.0,-5.0,250.0,0.0,189.0,5934.0,2133.0,207.0
352.0,-5.0,246.0,-2.0,187.0,5857.0,2133.0,205.0
352.0,-9.0,243.0,-4.0,187.0,5781.0,2361.0,203.0
349.0,-8.0,242.0,-3.0,187.0,5708.0,2228.0,203.0
347.0,-11.0,239.0,-4.0,185.0,5634.0,2087.0,201.0
344.0,-11.0,235.0,-4.0,183.0,5560.0,2064.0,199.0
341.0,-10.0,233.0,-3.0,181.0,5489.0,2036.0,197.0
338.0,-11.0,231.0,-3.0,179.0,5417.0,1722.0,195.0
337.0,-15.0,226.0,-6.0,176.0,5345.0,1655.0,191.0
334.0,-18.0,220.0,-7.0,175.0,5273.0,1727.0,189.0
333.0,-21.0,217.0,-9.0,173.0,5204.0,1833.0,186.0
332.0,-25.0,212.0,-11.0,171.0,5136.0,1924.0,184.0
330.0,-28.0,207.0,-13.0,170.0,5066.0,2199.0,180.0
326.0,-27.0,205.0,-12.0,169.0,5001.0,2099.0,179.0
322.0,-24.0,203.0,-12.0,166.0,4937.0,1928.0,177.0
319.0,-23.0,200.0,-12.0,164.0,4872.0,1884.0,175.0
317.0,-24.0,199.0,-12.0,164.0,4810.0,1829.0,174.0
314.0,-23.0,197.0,-11.0,162.0,4748.0,1565.0,173.0
313.0,-25.0,194.0,-14.0,159.0,4685.0,1653.0,169.0
312.0,-24.0,192.0,-14.0,158.0,4626.0,1728.0,168.0
309.0,-24.0,188.0,-14.0,156.0,4565.0,1719.0,166.0
308.0,-25.0,186.0,-16.0,155.0,4505.0,1850.0,164.0
308.0,-25.0,183.0,-17.0,154.0,4447.0,2193.0,162.0
306.0,-25.0,182.0,-16.0,154.0,4390.0,2135.0,163.0
303.0,-25.0,180.0,-16.0,152.0,4334.0,2006.0,161.0
302.0,-24.0,179.0,-16.0,151.0,4279.0,2031.0,159.0
299.0,-22.0,178.0,-15.0,151.0,4225.0,1986.0,159.0
297.0,-22.0,177.0,-15.0,149.0,4171.0,1657.0,158.0
296.0,-23.0,174.0,-16.0,146.0,4115.0,1681.0,154.0
296.0,-23.0,173.0,-17.0,147.0,4063.0,1780.0,154.0
295.0,-26.0,171.0,-18.0,146.0,4010.0,1829.0,153.0
293.0,-26.0,168.0,-19.0,144.0,3958.0,2034.0,150.0
293.0,-26.0,166.0,-20.0,144.0,3906.0,2366.0,149.0
290.0,-24.0,165.0,-19.0,144.0,3857.0,2322.0,150.0
287.0,-23.0,162.0,-19.0,141.0,3807.0,2214.0,147.0
286.0,-23.0,161.0,-19.0,140.0,3758.0,2211.0,146.0
283.0,-21.0,161.0,-18.0,139.0,3711.0,2129.0,145.0
281.0,-19.0,162.0,-17.0,138.0,3665.0,1867.0,145.0
282.0,-20.0,160.0,-19.0,137.0,3617.0,1964.0,143.0
282.0,-20.0,159.0,-19.0,137.0,3571.0,2091.0,143.0
280.0,-22.0,156.0,-20.0,136.0,3524.0,2110.0,141.0
280.0,-23.0,154.0,-21.0,135.0,3478.0,2190.0,139.0
281.0,-24.0,153.0,-22.0,135.0,3434.0,2241.0,139.0
280.0,-24.0,154.0,-21.0,136.0,3392.0,1698.0,141.0
279.0,-23.0,155.0,-20.0,136.0,3350.0,1294.0,141.0
279.0,-23.0,154.0,-20.0,135.0,3309.0,1180.0,141.0
279.0,-22.0,155.0,-19.0,136.0,3268.0,1057.0,141.0
277.0,-22.0,156.0,-18.0,135.0,3228.0,800.0,142.0
278.0,-22.0,155.0,-19.0,133.0,3186.0,871.0,140.0
278.0,-22.0,154.0,-20.0,134.0,3146.0,968.0,139.0
278.0,-22.0,154.0,-20.0,134.0,3106.0,943.0,139.0
278.0,-23.0,153.0,-21.0,134.0,3067.0,998.0,139.0
279.0,-24.0,152.0,-23.0,134.0,3028.0,1289.0,138.0
278.0,-24.0,153.0,-21.0,135.0,2992.0,1264.0,140.0
277.0,-23.0,154.0,-20.0,135.0,2955.0,1132.0,140.0
277.0,-23.0,153.0,-20.0,135.0,2918.0,1143.0,140.0
276.0,-22.0,154.0,-19.0,134.0,2882.0,1111.0,140.0
275.0,-21.0,155.0,-17.0,135.0,2847.0,857.0,141.0
275.0,-22.0,154.0,-19.0,132.0,2810.0,903.0,139.0
276.0,-22.0,153.0,-19.0,133.0,2774.0,1031.0,138.0
276.0,-23.0,153.0,-20.0,133.0,2740.0,1046.0,138.0
276.0,-23.0,153.0,-21.0,132.0,2705.0,1122.0,138.0
277.0,-24.0,151.0,-22.0,133.0,2670.0,1371.0,137.0
277.0,-23.0,152.0,-20.0,135.0,2639.0,1323.0,139.0
276.0,-23.0,152.0,-20.0,134.0,2606.0,1149.0,139.0
276.0,-23.0,152.0,-20.0,133.0,2573.0,1170.0,139.0
275.0,-22.0,153.0,-19.0,134.0,2542.0,1151.0,140.0
274.0,-21.0,154.0,-18.0,134.0,2511.0,892.0,140.0
274.0,-21.0,153.0,-19.0,131.0,2478.0,997.0,138.0
274.0,-22.0,152.0,-19.0,132.0,2447.0,1202.0,138.0
274.0,-22.0,152.0,-20.0,132.0,2416.0,1170.0,138.0
275.0,-22.0,151.0,-20.0,132.0,2386.0,1201.0,137.0
275.0,-24.0,149.0,-22.0,132.0,2355.0,1462.0,136.0
275.0,-24.0,151.0,-21.0,134.0,2327.0,1395.0,138.0
274.0,-23.0,151.0,-20.0,133.0,2298.0,1094.0,138.0
273.0,-22.0,151.0,-20.0,133.0,2269.0,1038.0,138.0
273.0,-22.0,152.0,-19.0,133.0,2241.0,1031.0,138.0
272.0,-21.0,153.0,-18.0,132.0,2214.0,866.0,139.0
272.0,-21.0,152.0,-19.0,131.0,2185.0,967.0,137.0
273.0,-22.0,151.0,-20.0,132.0,2157.0,1201.0,136.0
272.0,-22.0,151.0,-20.0,132.0,2131.0,1246.0,137.0
273.0,-22.0,150.0,-21.0,131.0,2104.0,1288.0,136.0
273.0,-23.0,149.0,-22.0,131.0,2076.0,1520.0,135.0
273.0,-23.0,150.0,-20.0,133.0,2078.0,1497.0,137.0
272.0,-23.0,150.0,-20.0,132.0,2077.0,1319.0,137.0
272.0,-22.0,150.0,-20.0,132.0,2075.0,1270.0,137.0
272.0,-22.0,151.0,-19.0,132.0,2075.0,1125.0,138.0
270.0,-21.0,152.0,-17.0,132.0,2074.0,752.0,138.0
270.0,-21.0,151.0,-19.0,130.0,2072.0,705.0,136.0
271.0,-21.0,150.0,-19.0,130.0,2070.0,865.0,136.0
271.0,-22.0,150.0,-20.0,131.0,2069.0,854.0,136.0
271.0,-22.0,150.0,-20.0,131.0,2067.0,879.0,135.0
272.0,-23.0,148.0,-21.0,131.0,2065.0,1137.0,134.0
271.0,-23.0,149.0,-20.0,133.0,2065.0,1174.0,136.0
271.0,-23.0,149.0,-20.0,132.0,2064.0,845.0,136.0
270.0,-23.0,150.0,-19.0,131.0,2063.0,683.0,137.0
270.0,-22.0,150.0,-19.0,131.0,2062.0,735.0,137.0
269.0,-21.0,151.0,-17.0,131.0,2061.0,578.0,138.0
269.0,-21.0,150.0,-18.0,129.0,2059.0,606.0,136.0
270.0,-22.0,150.0,-19.0,130.0,2057.0,778.0,135.0
269.0,-21.0,149.0,-19.0,130.0,2056.0,769.0,135.0
270.0,-22.0,148.0,-20.0,129.0,2054.0,811.0,135.0
270.0,-23.0,147.0,-21.0,129.0,2052.0,1112.0,133.0
270.0,-23.0,148.0,-20.0,131.0,2052.0,1194.0,135.0
269.0,-22.0,148.0,-20.0,131.0,2051.0,1012.0,136.0
269.0,-22.0,148.0,-20.0,130.0,2050.0,968.0,135.0
268.0,-22.0,149.0,-19.0,131.0,2049.0,893.0,136.0
267.0,-20.0,151.0,-17.0,130.0,2049.0,636.0,137.0
267.0,-20.0,149.0,-18.0,128.0,2046.0,583.0,135.0
267.0,-21.0,148.0,-19.0,129.0,2044.0,730.0,134.0
268.0,-22.0,149.0,-19.0,129.0,2043.0,804.0,135.0
267.0,-22.0,148.0,-20.0,129.0,2041.0,893.0,134.0
268.0,-23.0,146.0,-21.0,129.0,2039.0,1087.0,133.0
268.0,-23.0,147.0,-20.0,130.0,2039.0,1076.0,134.0
267.0,-22.0,148.0,-19.0,130.0,2038.0,867.0,135.0
267.0,-22.0,148.0,-19.0,130.0,2037.0,870.0,135.0
267.0,-22.0,148.0,-19.0,130.0,2036.0,854.0,135.0
265.0,-20.0,150.0,-17.0,130.0,2036.0,580.0,136.0
265.0,-20.0,148.0,-18.0,128.0,2033.0,460.0,134.0
265.0,-21.0,147.0,-19.0,128.0,2031.0,586.0,134.0
265.0,-21.0,147.0,-19.0,128.0,2030.0,587.0,134.0
266.0,-22.0,147.0,-20.0,128.0,2028.0,658.0,133.0
267.0,-23.0,145.0,-22.0,127.0,2026.0,868.0,131.0
267.0,-23.0,146.0,-20.0,129.0,2026.0,913.0,133.0
266.0,-22.0,147.0,-19.0,129.0,2025.0,719.0,134.0
265.0,-22.0,147.0,-19.0,129.0,2024.0,681.0,134.0
265.0,-21.0,147.0,-19.0,129.0,2023.0,667.0,134.0
263.0,-20.0,149.0,-17.0,129.0,2023.0,421.0,135.0
263.0,-20.0,147.0,-18.0,127.0,2021.0,404.0,133.0
264.0,-21.0,147.0,-19.0,127.0,2019.0,709.0,133.0
264.0,-21.0,147.0,-19.0,128.0,2018.0,758.0,133.0
264.0,-21.0,146.0,-19.0,127.0,2016.0,765.0,132.0
265.0,-22.0,144.0,-21.0,127.0,2013.0,940.0,131.0
265.0,-23.0,145.0,-20.0,129.0,2013.0,1045.0,133.0
264.0,-22.0,146.0,-19.0,128.0,2012.0,967.0,133.0
263.0,-22.0,146.0,-19.0,128.0,2011.0,1009.0,133.0
263.0,-21.0,146.0,-19.0,128.0,2010.0,995.0,133.0
262.0,-20.0,148.0,-17.0,128.0,2010.0,793.0,134.0
262.0,-20.0,147.0,-18.0,126.0,2008.0,770.0,132.0
262.0,-21.0,146.0,-19.0,126.0,2006.0,997.0,132.0
262.0,-21.0,145.0,-19.0,127.0,2005.0,984.0,132.0
262.0,-21.0,145.0,-19.0,126.0,2003.0,957.0,132.0
263.0,-22.0,143.0,-21.0,126.0,2001.0,1132.0,130.0
263.0,-22.0,144.0,-20.0,128.0,2001.0,1222.0,131.0
262.0,-22.0,144.0,-19.0,127.0,2000.0,1050.0,132.0
262.0,-22.0,145.0,-19.0,127.0,1998.0,1116.0,132.0
261.0,-21.0,145.0,-19.0,127.0,1997.0,1148.0,132.0
261.0,-20.0,147.0,-17.0,127.0,1998.0,953.0,134.0
260.0,-20.0,146.0,-18.0,125.0,1995.0,884.0,132.0
261.0,-20.0,145.0,-18.0,125.0,1993.0,1094.0,131.0
261.0,-21.0,145.0,-19.0,125.0,1992.0,1113.0,131.0
261.0,-22.0,144.0,-19.0,125.0,1991.0,1090.0,131.0
262.0,-22.0,143.0,-21.0,125.0,1988.0,1218.0,129.0
262.0,-22.0,143.0,-20.0,127.0,1988.0,1305.0,131.0
261.0,-22.0,144.0,-19.0,127.0,1987.0,1038.0,132.0
261.0,-22.0,144.0,-19.0,126.0,1986.0,968.0,131.0
260.0,-21.0,144.0,-19.0,126.0,1985.0,943.0,131.0
259.0,-20.0,146.0,-17.0,127.0,1985.0,730.0,132.0
259.0,-20.0,145.0,-17.0,124.0,1983.0,575.0,131.0
259.0,-20.0,144.0,-18.0,125.0,1981.0,802.0,130.0
259.0,-20.0,144.0,-19.0,125.0,1980.0,862.0,130.0
259.0,-21.0,143.0,-19.0,125.0,1978.0,905.0,130.0
260.0,-22.0,142.0,-21.0,124.0,1976.0,1088.0,128.0
260.0,-22.0,142.0,-20.0,126.0,1975.0,1210.0,129.0
259.0,-22.0,143.0,-19.0,125.0,1975.0,1004.0,130.0
259.0,-21.0,143.0,-19.0,125.0,1973.0,975.0,130.0
258.0,-21.0,143.0,-19.0,125.0,1973.0,958.0,130.0
257.0,-20.0,145.0,-17.0,126.0,1973.0,772.0,132.0
257.0,-20.0,145.0,-17.0,124.0,1971.0,673.0,130.0
257.0,-20.0,143.0,-18.0,124.0,1968.0,907.0,130.0
258.0,-20.0,143.0,-19.0,124.0,1967.0,937.0,129.0
258.0,-21.0,142.0,-19.0,124.0,1966.0,934.0,129.0
258.0,-22.0,141.0,-21.0,123.0,1964.0,1064.0,128.0
259.0,-23.0,141.0,-20.0,125.0,1963.0,1179.0,129.0
258.0,-22.0,142.0,-19.0,125.0,1962.0,934.0,130.0
257.0,-22.0,142.0,-19.0,125.0,1961.0,843.0,129.0
257.0,-21.0,142.0,-18.0,125.0,1960.0,838.0,129.0
256.0,-20.0,144.0,-17.0,125.0,1960.0,677.0,131.0
255.0,-20.0,143.0,-17.0,123.0,1958.0,544.0,129.0
256.0,-20.0,142.0,-18.0,123.0,1956.0,907.0,128.0
256.0,-21.0,142.0,-18.0,123.0,1955.0,1068.0,128.0
256.0,-21.0,141.0,-19.0,123.0,1954.0,1172.0,128.0
256.0,-22.0,140.0,-20.0,122.0,1951.0,1370.0,127.0
257.0,-22.0,140.0,-20.0,124.0,1951.0,1549.0,128.0
256.0,-21.0,141.0,-18.0,124.0,1951.0,1358.0,129.0
255.0,-21.0,141.0,-19.0,123.0,1949.0,1324.0,129.0
255.0,-21.0,141.0,-18.0,123.0,1948.0,1374.0,128.0
254.0,-20.0,143.0,-17.0,124.0,1948.0,1262.0,130.0
254.0,-19.0,142.0,-17.0,122.0,1946.0,1122.0,128.0
254.0,-20.0,142.0,-18.0,122.0,1945.0,1325.0,128.0
257.0,-19.0,146.0,-17.0,125.0,1947.0,1353.0,131.0
259.0,-17.0,148.0,-17.0,126.0,1949.0,1411.0,132.0
261.0,-18.0,149.0,-17.0,127.0,1949.0,1548.0,133.0
264.0,-18.0,152.0,-17.0,131.0,1951.0,1685.0,136.0
266.0,-18.0,157.0,-15.0,133.0,1955.0,1493.0,140.0
270.0,-19.0,160.0,-14.0,135.0,1957.0,1416.0,143.0
271.0,-19.0,163.0,-13.0,136.0,1958.0,1410.0,144.0
272.0,-17.0,167.0,-11.0,139.0,1962.0,1294.0,147.0
273.0,-17.0,169.0,-11.0,138.0,1961.0,1074.0,148.0
274.0,-17.0,168.0,-12.0,138.0,1960.0,1203.0,147.0
274.0,-15.0,170.0,-11.0,139.0,1960.0,1209.0,148.0
275.0,-16.0,170.0,-12.0,140.0,1960.0,1233.0,149.0
278.0,-18.0,170.0,-13.0,140.0,1958.0,1380.0,148.0
279.0,-19.0,170.0,-13.0,142.0,1957.0,1608.0,149.0
277.0,-18.0,171.0,-12.0,142.0,1957.0,1443.0,150.0
277.0,-18.0,171.0,-12.0,141.0,1956.0,1407.0,150.0
277.0,-18.0,171.0,-12.0,141.0,1955.0,1415.0,150.0
276.0,-19.0,172.0,-10.0,142.0,1954.0,1284.0,151.0
275.0,-21.0,170.0,-11.0,139.0,1951.0,1097.0,149.0
276.0,-22.0,169.0,-12.0,139.0,1949.0,1293.0,148.0
276.0,-22.0,168.0,-13.0,140.0,1948.0,1346.0,148.0
274.0,-21.0,167.0,-13.0,138.0,1945.0,1353.0,147.0
273.0,-20.0,165.0,-14.0,137.0,1942.0,1456.0,145.0
274.0,-21.0,165.0,-14.0,138.0,1941.0,1635.0,145.0
273.0,-20.0,166.0,-13.0,139.0,1941.0,1427.0,146.0
271.0,-21.0,163.0,-14.0,136.0,1937.0,1345.0,145.0
269.0,-21.0,161.0,-14.0,136.0,1934.0,1303.0,143.0
268.0,-20.0,163.0,-12.0,137.0,1934.0,1125.0,145.0
266.0,-21.0,160.0,-12.0,134.0,1931.0,863.0,142.0
265.0,-22.0,157.0,-14.0,132.0,1926.0,1048.0,139.0
264.0,-21.0,155.0,-15.0,132.0,1923.0,1122.0,138.0
263.0,-20.0,154.0,-15.0,130.0,1921.0,1117.0,137.0
261.0,-22.0,150.0,-17.0,128.0,1916.0,1230.0,134.0
261.0,-23.0,148.0,-18.0,129.0,1914.0,1468.0,133.0
258.0,-20.0,148.0,-16.0,128.0,1912.0,1316.0,134.0
257.0,-20.0,147.0,-16.0,127.0,1910.0,1275.0,132.0
255.0,-21.0,144.0,-16.0,125.0,1906.0,1257.0,131.0
251.0,-18.0,143.0,-16.0,124.0,1904.0,1093.0,130.0
249.0,-17.0,142.0,-16.0,121.0,1901.0,848.0,128.0
248.0,-19.0,138.0,-17.0,119.0,1896.0,1053.0,125.0
247.0,-20.0,137.0,-18.0,120.0,1894.0,1107.0,124.0
248.0,-20.0,137.0,-18.0,119.0,1893.0,1132.0,124.0
248.0,-21.0,136.0,-20.0,118.0,1890.0,1289.0,122.0
248.0,-21.0,135.0,-20.0,120.0,1889.0,1562.0,123.0
248.0,-20.0,136.0,-18.0,121.0,1890.0,1402.0,125.0
247.0,-20.0,136.0,-18.0,120.0,1888.0,1342.0,124.0
247.0,-20.0,136.0,-17.0,119.0,1887.0,1296.0,124.0
246.0,-19.0,137.0,-16.0,120.0,1887.0,1150.0,125.0
245.0,-19.0,138.0,-16.0,119.0,1886.0,934.0,125.0
245.0,-19.0,136.0,-18.0,118.0,1883.0,1068.0,123.0
246.0,-20.0,136.0,-18.0,118.0,1882.0,1095.0,123.0
246.0,-20.0,136.0,-18.0,118.0,1881.0,1095.0,123.0
246.0,-21.0,135.0,-19.0,118.0,1879.0,1201.0,122.0
247.0,-21.0,134.0,-20.0,119.0,1877.0,1478.0,122.0
246.0,-20.0,135.0,-18.0,120.0,1877.0,1355.0,124.0
246.0,-20.0,135.0,-18.0,119.0,1877.0,1292.0,124.0
245.0,-20.0,135.0,-18.0,119.0,1875.0,1198.0,124.0
245.0,-19.0,137.0,-17.0,119.0,1875.0,946.0,124.0
244.0,-18.0,137.0,-16.0,118.0,1874.0,717.0,124.0
244.0,-19.0,135.0,-17.0,117.0,1872.0,894.0,122.0
244.0,-19.0,135.0,-17.0,118.0,1870.0,883.0,122.0
244.0,-20.0,135.0,-18.0,117.0,1869.0,889.0,122.0
245.0,-20.0,134.0,-19.0,117.0,1867.0,1057.0,121.0
245.0,-22.0,133.0,-20.0,118.0,1866.0,1359.0,121.0
245.0,-21.0,135.0,-18.0,119.0,1866.0,1175.0,123.0
244.0,-20.0,135.0,-18.0,118.0,1865.0,1067.0,123.0
244.0,-20.0,135.0,-18.0,118.0,1864.0,1060.0,122.0
243.0,-19.0,136.0,-17.0,119.0,1863.0,920.0,123.0
242.0,-18.0,136.0,-16.0,118.0,1862.0,684.0,123.0
243.0,-19.0,135.0,-17.0,116.0,1860.0,852.0,122.0
242.0,-19.0,135.0,-17.0,117.0,1859.0,919.0,122.0
243.0,-20.0,134.0,-18.0,117.0,1857.0,890.0,122.0
243.0,-20.0,133.0,-19.0,116.0,1855.0,919.0,120.0
244.0,-21.0,132.0,-19.0,117.0,1854.0,1090.0,121.0
243.0,-20.0,133.0,-18.0,118.0,1854.0,855.0,122.0
242.0,-20.0,134.0,-17.0,117.0,1852.0,744.0,121.0
237.0,-21.0,141.0,-16.0,113.0,1845.0,738.0,117.0
231.0,-24.0,150.0,-13.0,110.0,1837.0,636.0,112.0
225.0,-25.0,157.0,-10.0,105.0,1829.0,413.0,108.0
220.0,-27.0,163.0,-11.0,100.0,1820.0,583.0,101.0
220.0,-22.0,161.0,-12.0,100.0,1820.0,679.0,101.0
224.0,-14.0,151.0,-15.0,104.0,1828.0,740.0,107.0
233.0,-5.0,134.0,-20.0,111.0,1841.0,890.0,115.0
249.0,15.0,103.0,-30.0,124.0,1870.0,1165.0,134.0
270.0,41.0,66.0,-39.0,143.0,1909.0,1000.0,161.0
294.0,64.0,24.0,-50.0,162.0,1949.0,881.0,187.0
319.0,86.0,-18.0,-60.0,182.0,1990.0,895.0,215.0
344.0,109.0,-59.0,-70.0,203.0,2031.0,777.0,244.0
369.0,131.0,-100.0,-81.0,222.0,2072.0,519.0,271.0
395.0,151.0,-144.0,-93.0,241.0,2110.0,719.0,296.0
421.0,168.0,-184.0,-103.0,262.0,2148.0,858.0,323.0
446.0,177.0,-220.0,-111.0,281.0,2182.0,917.0,347.0
471.0,176.0,-249.0,-117.0,297.0,2207.0,1060.0,367.0
490.0,175.0,-272.0,-123.0,311.0,2227.0,1343.0,383.0
501.0,180.0,-287.0,-126.0,322.0,2245.0,1219.0,397.0
508.0,180.0,-296.0,-127.0,326.0,2251.0,1125.0,402.0
512.0,169.0,-295.0,-125.0,327.0,2249.0,1121.0,403.0
510.0,160.0,-287.0,-122.0,326.0,2242.0,983.0,401.0
503.0,153.0,-273.0,-117.0,321.0,2230.0,660.0,393.0
492.0,142.0,-257.0,-114.0,310.0,2209.0,795.0,380.0
480.0,129.0,-236.0,-108.0,301.0,2187.0,935.0,366.0
464.0,113.0,-208.0,-101.0,288.0,2157.0,989.0,348.0
443.0,92.0,-173.0,-92.0,272.0,2121.0,1101.0,324.0
421.0,69.0,-135.0,-83.0,254.0,2080.0,1371.0,298.0
394.0,46.0,-90.0,-70.0,235.0,2038.0,1230.0,273.0
368.0,19.0,-44.0,-57.0,213.0,1992.0,1103.0,244.0
341.0,-5.0,0.0,-45.0,192.0,1947.0,1100.0,215.0
315.0,-23.0,41.0,-33.0,172.0,1907.0,946.0,189.0
288.0,-40.0,83.0,-22.0,152.0,1866.0,499.0,162.0
262.0,-58.0,119.0,-17.0,129.0,1823.0,553.0,132.0
234.0,-79.0,134.0,-16.0,107.0,1777.0,559.0,102.0
206.0,-100.0,135.0,-17.0,85.0,1732.0,361.0,73.0
184.0,-99.0,135.0,-17.0,70.0,1706.0,392.0,54.0
177.0,-82.0,133.0,-18.0,65.0,1703.0,572.0,49.0
181.0,-70.0,135.0,-17.0,71.0,1715.0,425.0,59.0
194.0,-57.0,135.0,-16.0,81.0,1737.0,301.0,73.0
208.0,-44.0,135.0,-16.0,92.0,1759.0,397.0,88.0
220.0,-34.0,136.0,-15.0,103.0,1779.0,465.0,102.0
228.0,-24.0,137.0,-14.0,109.0,1794.0,302.0,113.0
232.0,-20.0,135.0,-15.0,110.0,1798.0,459.0,115.0
233.0,-21.0,134.0,-16.0,111.0,1797.0,604.0,115.0
233.0,-21.0,134.0,-16.0,111.0,1796.0,603.0,115.0
233.0,-21.0,134.0,-17.0,111.0,1794.0,620.0,114.0
235.0,-23.0,132.0,-18.0,111.0,1793.0,870.0,114.0
234.0,-22.0,133.0,-16.0,113.0,1793.0,791.0,116.0
233.0,-21.0,134.0,-16.0,112.0,1792.0,676.0,116.0
232.0,-21.0,134.0,-16.0,112.0,1791.0,681.0,116.0
232.0,-21.0,134.0,-15.0,112.0,1790.0,629.0,116.0
231.0,-19.0,136.0,-14.0,112.0,1790.0,360.0,117.0
231.0,-20.0,134.0,-15.0,110.0,1787.0,481.0,115.0
231.0,-20.0,134.0,-16.0,111.0,1786.0,650.0,115.0
231.0,-20.0,133.0,-16.0,111.0,1785.0,658.0,115.0
231.0,-21.0,132.0,-17.0,110.0,1783.0,636.0,114.0
232.0,-22.0,131.0,-18.0,111.0,1781.0,699.0,113.0
232.0,-22.0,133.0,-17.0,112.0,1781.0,505.0,115.0
231.0,-21.0,133.0,-16.0,111.0,1781.0,319.0,115.0
231.0,-21.0,133.0,-16.0,111.0,1780.0,272.0,115.0
231.0,-21.0,134.0,-15.0,111.0,1779.0,225.0,115.0
229.0,-19.0,135.0,-14.0,111.0,1778.0,-45.0,116.0
229.0,-20.0,133.0,-15.0,109.0,1776.0,32.0,114.0
230.0,-20.0,133.0,-16.0,110.0,1775.0,240.0,114.0
230.0,-21.0,132.0,-16.0,110.0,1774.0,276.0,113.0
230.0,-21.0,132.0,-17.0,109.0,1772.0,290.0,113.0
231.0,-22.0,130.0,-18.0,110.0,1770.0,510.0,112.0
230.0,-22.0,132.0,-16.0,112.0,1770.0,435.0,114.0
230.0,-21.0,132.0,-16.0,111.0,1769.0,228.0,114.0
229.0,-21.0,132.0,-16.0,110.0,1768.0,200.0,114.0
229.0,-20.0,133.0,-15.0,111.0,1768.0,102.0,115.0
228.0,-19.0,135.0,-13.0,111.0,1768.0,-188.0,116.0
228.0,-19.0,132.0,-15.0,108.0,1765.0,-113.0,113.0
228.0,-20.0,132.0,-16.0,109.0,1764.0,23.0,113.0
228.0,-20.0,132.0,-16.0,109.0,1762.0,35.0,113.0
229.0,-21.0,131.0,-16.0,109.0,1761.0,53.0,112.0
230.0,-22.0,129.0,-18.0,109.0,1759.0,250.0,111.0
229.0,-21.0,131.0,-17.0,111.0,1759.0,165.0,113.0
228.0,-21.0,131.0,-16.0,110.0,1758.0,37.0,113.0
228.0,-21.0,131.0,-16.0,110.0,1757.0,136.0,113.0
227.0,-20.0,132.0,-15.0,110.0,1757.0,235.0,114.0
227.0,-19.0,134.0,-13.0,110.0,1757.0,78.0,115.0
228.0,-18.0,134.0,-15.0,109.0,1756.0,207.0,114.0
229.0,-18.0,136.0,-14.0,111.0,1757.0,514.0,115.0
230.0,-18.0,135.0,-15.0,111.0,1756.0,644.0,115.0
231.0,-17.0,137.0,-15.0,112.0,1757.0,673.0,116.0
234.0,-18.0,137.0,-16.0,113.0,1757.0,926.0,116.0
235.0,-19.0,140.0,-14.0,116.0,1758.0,984.0,120.0
235.0,-20.0,141.0,-14.0,116.0,1758.0,754.0,121.0
235.0,-20.0,141.0,-14.0,116.0,1757.0,445.0,120.0
234.0,-19.0,142.0,-13.0,116.0,1757.0,107.0,121.0
234.0,-16.0,146.0,-11.0,117.0,1759.0,-439.0,123.0
236.0,-16.0,146.0,-12.0,115.0,1758.0,-358.0,122.0
236.0,-17.0,145.0,-12.0,117.0,1757.0,-285.0,122.0
237.0,-18.0,145.0,-12.0,117.0,1756.0,-409.0,123.0
239.0,-20.0,146.0,-13.0,117.0,1755.0,-358.0,123.0
240.0,-21.0,145.0,-14.0,118.0,1754.0,-80.0,123.0
240.0,-18.0,148.0,-12.0,120.0,1756.0,-78.0,125.0
240.0,-17.0,149.0,-11.0,120.0,1756.0,-170.0,126.0
241.0,-18.0,150.0,-11.0,120.0,1756.0,-295.0,127.0
241.0,-18.0,151.0,-11.0,121.0,1756.0,-371.0,128.0
241.0,-16.0,153.0,-9.0,122.0,1757.0,-316.0,130.0
243.0,-15.0,156.0,-9.0,121.0,1757.0,114.0,130.0
246.0,-14.0,159.0,-9.0,124.0,1761.0,529.0,132.0
249.0,-12.0,164.0,-8.0,127.0,1764.0,737.0,135.0
251.0,-11.0,166.0,-8.0,128.0,1766.0,891.0,137.0
253.0,-12.0,166.0,-9.0,129.0,1765.0,1177.0,137.0
256.0,-10.0,172.0,-7.0,132.0,1769.0,1212.0,141.0
258.0,-7.0,177.0,-5.0,134.0,1773.0,1053.0,144.0
260.0,-5.0,181.0,-3.0,136.0,1776.0,990.0,147.0
262.0,-3.0,186.0,-2.0,138.0,1779.0,902.0,150.0
264.0,-1.0,191.0,0.0,140.0,1783.0,608.0,154.0
267.0,-2.0,193.0,0.0,140.0,1784.0,566.0,154.0
271.0,-2.0,196.0,0.0,143.0,1786.0,730.0,157.0
273.0,0.0,201.0,0.0,145.0,1790.0,679.0,160.0
276.0,1.0,205.0,1.0,147.0,1792.0,681.0,162.0
280.0,1.0,207.0,1.0,149.0,1794.0,914.0,164.0
282.0,2.0,212.0,2.0,153.0,1798.0,919.0,168.0
284.0,2.0,215.0,4.0,155.0,1800.0,749.0,171.0
285.0,3.0,218.0,4.0,155.0,1802.0,753.0,172.0
287.0,4.0,220.0,5.0,157.0,1803.0,779.0,174.0
287.0,6.0,224.0,7.0,158.0,1805.0,535.0,177.0
288.0,5.0,223.0,6.0,156.0,1803.0,485.0,175.0
290.0,3.0,223.0,6.0,158.0,1803.0,696.0,176.0
291.0,2.0,224.0,6.0,159.0,1802.0,754.0,176.0
292.0,3.0,225.0,6.0,159.0,1803.0,830.0,177.0
294.0,3.0,225.0,4.0,160.0,1802.0,1079.0,177.0
293.0,3.0,226.0,5.0,162.0,1802.0,1093.0,179.0
293.0,4.0,227.0,6.0,161.0,1801.0,832.0,179.0
291.0,3.0,224.0,6.0,160.0,1799.0,747.0,177.0
289.0,2.0,223.0,6.0,159.0,1796.0,728.0,176.0
288.0,1.0,223.0,7.0,159.0,1795.0,531.0,177.0
286.0,0.0,219.0,5.0,155.0,1790.0,511.0,173.0
286.0,-1.0,216.0,4.0,155.0,1786.0,631.0,172.0
284.0,-2.0,214.0,3.0,154.0,1783.0,574.0,170.0
283.0,-3.0,211.0,2.0,152.0,1779.0,550.0,167.0
282.0,-5.0,207.0,0.0,150.0,1775.0,721.0,165.0
280.0,-7.0,205.0,0.0,151.0,1772.0,771.0,165.0
277.0,-9.0,202.0,0.0,150.0,1768.0,597.0,163.0
275.0,-8.0,199.0,0.0,147.0,1764.0,598.0,160.0
272.0,-8.0,196.0,0.0,145.0,1760.0,572.0,159.0
269.0,-10.0,194.0,0.0,144.0,1757.0,378.0,158.0
267.0,-13.0,189.0,-1.0,140.0,1751.0,346.0,153.0
265.0,-16.0,184.0,-3.0,139.0,1745.0,461.0,150.0
264.0,-20.0,181.0,-4.0,138.0,1740.0,390.0,148.0
261.0,-22.0,176.0,-6.0,135.0,1735.0,365.0,145.0
259.0,-25.0,171.0,-9.0,133.0,1729.0,560.0,141.0
257.0,-23.0,169.0,-8.0,133.0,1727.0,653.0,141.0
253.0,-21.0,167.0,-7.0,131.0,1724.0,507.0,139.0
250.0,-21.0,164.0,-8.0,129.0,1720.0,485.0,137.0
231.0,-20.0,143.0,-11.0,116.0,1688.0,323.0,121.0
229.0,-20.0,142.0,-10.0,115.0,1686.0,58.0,121.0
227.0,-19.0,140.0,-11.0,112.0,1683.0,-83.0,118.0
228.0,-21.0,138.0,-12.0,112.0,1680.0,50.0,117.0
226.0,-23.0,136.0,-13.0,111.0,1677.0,106.0,115.0
225.0,-22.0,134.0,-14.0,110.0,1674.0,250.0,114.0
225.0,-22.0,131.0,-15.0,108.0,1671.0,551.0,112.0
222.0,-21.0,129.0,-15.0,109.0,1668.0,705.0,111.0
219.0,-21.0,128.0,-15.0,107.0,1666.0,551.0,110.0
218.0,-19.0,127.0,-15.0,105.0,1664.0,508.0,109.0
216.0,-18.0,126.0,-14.0,104.0,1662.0,421.0,109.0
215.0,-16.0,128.0,-12.0,105.0,1662.0,78.0,110.0
214.0,-16.0,127.0,-13.0,103.0,1660.0,-43.0,108.0
214.0,-18.0,123.0,-15.0,102.0,1656.0,159.0,105.0
212.0,-19.0,121.0,-15.0,101.0,1653.0,168.0,104.0
212.0,-20.0,121.0,-16.0,101.0,1652.0,140.0,104.0
213.0,-21.0,119.0,-17.0,101.0,1649.0,282.0,102.0
213.0,-21.0,119.0,-17.0,102.0,1649.0,388.0,104.0
212.0,-20.0,121.0,-16.0,102.0,1649.0,171.0,104.0
212.0,-20.0,121.0,-16.0,101.0,1648.0,113.0,104.0
212.0,-20.0,121.0,-15.0,102.0,1647.0,37.0,105.0
211.0,-18.0,123.0,-14.0,102.0,1647.0,-188.0,106.0
210.0,-18.0,122.0,-14.0,99.0,1645.0,-211.0,104.0
211.0,-19.0,121.0,-15.0,100.0,1644.0,93.0,103.0
211.0,-19.0,120.0,-15.0,100.0,1642.0,159.0,103.0
211.0,-19.0,120.0,-15.0,100.0,1641.0,131.0,103.0
212.0,-21.0,119.0,-17.0,100.0,1639.0,253.0,102.0
212.0,-21.0,119.0,-16.0,101.0,1639.0,369.0,103.0
211.0,-20.0,120.0,-15.0,101.0,1638.0,198.0,104.0
211.0,-20.0,120.0,-15.0,101.0,1637.0,199.0,103.0
210.0,-19.0,120.0,-15.0,101.0,1636.0,164.0,104.0
209.0,-18.0,121.0,-13.0,101.0,1637.0,-9.0,105.0
209.0,-18.0,121.0,-14.0,99.0,1635.0,-98.0,104.0
210.0,-19.0,120.0,-15.0,99.0,1634.0,192.0,102.0
210.0,-19.0,120.0,-15.0,100.0,1632.0,289.0,103.0
210.0,-19.0,120.0,-15.0,99.0,1631.0,261.0,103.0
211.0,-20.0,118.0,-17.0,99.0,1629.0,370.0,101.0
211.0,-20.0,118.0,-16.0,101.0,1628.0,482.0,102.0
210.0,-20.0,119.0,-16.0,101.0,1628.0,346.0,103.0
210.0,-20.0,119.0,-15.0,100.0,1627.0,375.0,103.0
209.0,-19.0,119.0,-15.0,100.0,1627.0,377.0,103.0
208.0,-18.0,121.0,-13.0,101.0,1627.0,245.0,104.0
208.0,-18.0,120.0,-14.0,99.0,1625.0,119.0,103.0
208.0,-19.0,119.0,-15.0,99.0,1623.0,300.0,102.0
208.0,-19.0,119.0,-15.0,99.0,1622.0,265.0,102.0
209.0,-19.0,118.0,-16.0,99.0,1621.0,216.0,102.0
209.0,-20.0,117.0,-17.0,98.0,1618.0,414.0,101.0
209.0,-21.0,117.0,-16.0,100.0,1618.0,678.0,102.0
208.0,-20.0,118.0,-15.0,100.0,1618.0,584.0,103.0
208.0,-20.0,118.0,-15.0,99.0,1617.0,582.0,103.0
208.0,-20.0,118.0,-15.0,100.0,1616.0,537.0,102.0
207.0,-19.0,120.0,-13.0,100.0,1617.0,331.0,104.0
206.0,-18.0,119.0,-13.0,98.0,1615.0,255.0,102.0
207.0,-19.0,119.0,-15.0,98.0,1613.0,500.0,101.0
207.0,-19.0,118.0,-15.0,99.0,1612.0,469.0,101.0
207.0,-19.0,118.0,-15.0,99.0,1611.0,430.0,101.0
208.0,-20.0,117.0,-16.0,98.0,1609.0,581.0,100.0
208.0,-21.0,117.0,-17.0,99.0,1608.0,821.0,101.0
207.0,-20.0,118.0,-15.0,100.0,1608.0,650.0,102.0
207.0,-20.0,118.0,-15.0,99.0,1607.0,602.0,102.0
207.0,-20.0,118.0,-14.0,99.0,1606.0,558.0,102.0
206.0,-18.0,119.0,-13.0,99.0,1606.0,344.0,103.0
205.0,-17.0,119.0,-14.0,98.0,1604.0,119.0,102.0
206.0,-18.0,118.0,-14.0,98.0,1603.0,220.0,101.0
206.0,-19.0,117.0,-15.0,98.0,1602.0,218.0,101.0
206.0,-19.0,117.0,-15.0,98.0,1600.0,154.0,100.0
207.0,-20.0,116.0,-16.0,97.0,1598.0,237.0,99.0
207.0,-21.0,116.0,-16.0,99.0,1598.0,477.0,100.0
206.0,-19.0,117.0,-15.0,99.0,1598.0,338.0,101.0
206.0,-19.0,117.0,-15.0,98.0,1597.0,326.0,101.0
205.0,-19.0,117.0,-15.0,98.0,1596.0,482.0,101.0
204.0,-18.0,118.0,-13.0,99.0,1596.0,584.0,102.0
204.0,-18.0,118.0,-13.0,97.0,1595.0,507.0,101.0
204.0,-18.0,117.0,-14.0,96.0,1592.0,777.0,100.0
205.0,-19.0,116.0,-15.0,97.0,1591.0,861.0,100.0
204.0,-19.0,116.0,-15.0,97.0,1590.0,928.0,100.0
205.0,-20.0,115.0,-16.0,97.0,1588.0,1124.0,99.0
206.0,-21.0,115.0,-16.0,98.0,1588.0,1387.0,100.0
205.0,-20.0,116.0,-15.0,99.0,1588.0,1185.0,101.0
204.0,-19.0,116.0,-15.0,98.0,1587.0,1141.0,101.0
204.0,-19.0,116.0,-15.0,98.0,1586.0,1201.0,101.0
203.0,-18.0,118.0,-13.0,99.0,1586.0,1037.0,102.0
202.0,-17.0,118.0,-13.0,97.0,1585.0,759.0,101.0
203.0,-18.0,116.0,-14.0,96.0,1583.0,878.0,100.0
204.0,-18.0,116.0,-15.0,97.0,1581.0,855.0,99.0
204.0,-19.0,116.0,-15.0,96.0,1580.0,812.0,99.0
204.0,-20.0,115.0,-16.0,96.0,1579.0,1001.0,98.0
205.0,-21.0,114.0,-16.0,98.0,1578.0,1245.0,99.0
204.0,-19.0,115.0,-15.0,98.0,1578.0,1053.0,100.0
203.0,-19.0,115.0,-15.0,97.0,1577.0,1001.0,100.0
203.0,-19.0,116.0,-14.0,97.0,1576.0,1032.0,100.0
202.0,-18.0,117.0,-13.0,98.0,1576.0,935.0,101.0
201.0,-17.0,117.0,-13.0,96.0,1575.0,744.0,100.0
202.0,-18.0,116.0,-14.0,95.0,1573.0,941.0,99.0
202.0,-18.0,115.0,-14.0,96.0,1572.0,965.0,99.0
202.0,-19.0,115.0,-15.0,96.0,1571.0,965.0,99.0
202.0,-20.0,113.0,-16.0,95.0,1568.0,1197.0,97.0
203.0,-20.0,113.0,-17.0,96.0,1567.0,1548.0,98.0
202.0,-20.0,114.0,-15.0,97.0,1568.0,1329.0,100.0
202.0,-19.0,114.0,-15.0,96.0,1567.0,1189.0,99.0
201.0,-19.0,115.0,-14.0,96.0,1566.0,1106.0,99.0
201.0,-18.0,116.0,-13.0,97.0,1566.0,886.0,101.0
200.0,-17.0,116.0,-13.0,96.0,1565.0,647.0,100.0
200.0,-18.0,115.0,-14.0,95.0,1563.0,893.0,98.0
201.0,-19.0,115.0,-14.0,96.0,1562.0,1028.0,99.0
201.0,-19.0,114.0,-15.0,96.0,1561.0,1111.0,98.0
201.0,-19.0,113.0,-16.0,94.0,1559.0,1245.0,97.0
202.0,-20.0,112.0,-16.0,96.0,1557.0,1492.0,97.0
201.0,-19.0,114.0,-15.0,97.0,1558.0,1315.0,99.0
201.0,-19.0,114.0,-14.0,96.0,1557.0,1278.0,98.0
200.0,-19.0,114.0,-14.0,95.0,1556.0,1348.0,99.0
200.0,-18.0,115.0,-13.0,96.0,1556.0,1278.0,100.0
199.0,-17.0,116.0,-13.0,95.0,1556.0,1054.0,99.0
199.0,-18.0,114.0,-14.0,94.0,1553.0,1257.0,98.0
199.0,-18.0,114.0,-14.0,95.0,1552.0,1350.0,98.0
199.0,-18.0,114.0,-14.0,94.0,1551.0,1236.0,97.0
200.0,-19.0,113.0,-16.0,94.0,1549.0,1068.0,96.0
200.0,-20.0,112.0,-16.0,95.0,1548.0,989.0,97.0
199.0,-19.0,113.0,-15.0,96.0,1549.0,572.0,98.0
199.0,-19.0,113.0,-14.0,95.0,1547.0,367.0,98.0
199.0,-19.0,113.0,-14.0,95.0,1547.0,280.0,98.0
198.0,-18.0,115.0,-13.0,96.0,1547.0,75.0,99.0
197.0,-17.0,115.0,-13.0,95.0,1545.0,-280.0,99.0
198.0,-18.0,113.0,-14.0,93.0,1543.0,-204.0,97.0
198.0,-18.0,113.0,-14.0,94.0,1542.0,-147.0,97.0
198.0,-19.0,113.0,-14.0,94.0,1541.0,-192.0,97.0
198.0,-19.0,112.0,-16.0,93.0,1539.0,-109.0,96.0
199.0,-20.0,111.0,-16.0,94.0,1538.0,120.0,96.0
198.0,-19.0,113.0,-14.0,96.0,1539.0,-44.0,98.0
198.0,-19.0,113.0,-14.0,95.0,1538.0,-77.0,97.0
198.0,-19.0,112.0,-14.0,95.0,1537.0,-7.0,98.0
197.0,-18.0,114.0,-13.0,95.0,1537.0,-82.0,99.0
196.0,-17.0,114.0,-12.0,94.0,1536.0,-392.0,98.0
197.0,-18.0,113.0,-14.0,93.0,1534.0,-215.0,96.0
197.0,-18.0,112.0,-14.0,94.0,1533.0,-123.0,96.0
197.0,-18.0,112.0,-14.0,93.0,1532.0,-205.0,96.0
197.0,-19.0,111.0,-15.0,93.0,1530.0,-187.0,95.0
198.0,-20.0,110.0,-16.0,94.0,1528.0,0.0,95.0
197.0,-19.0,111.0,-15.0,95.0,1529.0,-191.0,97.0
196.0,-19.0,112.0,-14.0,94.0,1528.0,-301.0,97.0
196.0,-19.0,112.0,-14.0,94.0,1527.0,-307.0,97.0
196.0,-18.0,113.0,-13.0,95.0,1527.0,-489.0,98.0
195.0,-17.0,113.0,-12.0,94.0,1527.0,-789.0,97.0
195.0,-18.0,112.0,-14.0,92.0,1524.0,-554.0,96.0
195.0,-18.0,111.0,-14.0,93.0,1523.0,-421.0,96.0
195.0,-18.0,111.0,-14.0,93.0,1522.0,-480.0,95.0
196.0,-19.0,110.0,-15.0,92.0,1520.0,-412.0,95.0
197.0,-20.0,109.0,-16.0,93.0,1519.0,-69.0,94.0
196.0,-19.0,111.0,-15.0,94.0,1519.0,-153.0,96.0
195.0,-18.0,111.0,-14.0,94.0,1518.0,-175.0,96.0
195.0,-18.0,111.0,-14.0,93.0,1517.0,-237.0,96.0
194.0,-17.0,112.0,-13.0,94.0,1517.0,-462.0,97.0
193.0,-16.0,113.0,-12.0,93.0,1517.0,-718.0,97.0
194.0,-17.0,111.0,-14.0,92.0,1514.0,-299.0,95.0
194.0,-17.0,111.0,-14.0,93.0,1513.0,47.0,95.0
194.0,-17.0,111.0,-14.0,93.0,1512.0,111.0,95.0
194.0,-18.0,110.0,-15.0,92.0,1511.0,170.0,95.0
195.0,-20.0,109.0,-16.0,92.0,1509.0,449.0,94.0
195.0,-19.0,110.0,-15.0,94.0,1510.0,397.0,96.0
194.0,-19.0,110.0,-15.0,92.0,1509.0,382.0,96.0
194.0,-18.0,110.0,-14.0,92.0,1508.0,393.0,96.0
193.0,-18.0,111.0,-13.0,93.0,1508.0,216.0,96.0
192.0,-16.0,113.0,-12.0,93.0,1508.0,-96.0,96.0
194.0,-16.0,113.0,-13.0,92.0,1508.0,-3.0,96.0
197.0,-15.0,117.0,-12.0,95.0,1511.0,76.0,99.0
199.0,-14.0,119.0,-12.0,96.0,1512.0,107.0,100.0
201.0,-14.0,121.0,-12.0,97.0,1513.0,192.0,102.0
205.0,-16.0,123.0,-13.0,100.0,1515.0,520.0,104.0
208.0,-17.0,128.0,-10.0,104.0,1519.0,471.0,109.0
209.0,-16.0,131.0,-10.0,105.0,1520.0,324.0,110.0
211.0,-16.0,134.0,-9.0,107.0,1522.0,199.0,113.0
213.0,-15.0,137.0,-8.0,109.0,1525.0,4.0,115.0
213.0,-14.0,139.0,-6.0,109.0,1526.0,-294.0,116.0
214.0,-12.0,139.0,-7.0,107.0,1525.0,-169.0,115.0
214.0,-12.0,140.0,-7.0,109.0,1525.0,-90.0,116.0
216.0,-14.0,140.0,-7.0,110.0,1524.0,-105.0,116.0
217.0,-15.0,140.0,-8.0,110.0,1523.0,-94.0,116.0
218.0,-16.0,139.0,-10.0,110.0,1522.0,137.0,115.0
217.0,-16.0,141.0,-8.0,112.0,1522.0,79.0,117.0
217.0,-16.0,141.0,-8.0,111.0,1521.0,8.0,117.0
216.0,-16.0,140.0,-8.0,111.0,1520.0,-25.0,117.0
216.0,-18.0,139.0,-7.0,111.0,1518.0,-159.0,118.0
214.0,-18.0,140.0,-6.0,110.0,1518.0,-498.0,118.0
215.0,-19.0,138.0,-7.0,109.0,1515.0,-449.0,116.0
215.0,-18.0,137.0,-8.0,109.0,1513.0,-319.0,115.0
213.0,-17.0,136.0,-8.0,107.0,1511.0,-256.0,114.0
213.0,-17.0,135.0,-9.0,107.0,1509.0,-149.0,113.0
213.0,-18.0,134.0,-10.0,107.0,1507.0,123.0,112.0
213.0,-18.0,134.0,-9.0,108.0,1507.0,68.0,113.0
210.0,-19.0,131.0,-9.0,106.0,1504.0,-33.0,111.0
209.0,-19.0,131.0,-9.0,106.0,1502.0,-40.0,111.0
208.0,-19.0,130.0,-9.0,105.0,1501.0,-174.0,111.0
205.0,-19.0,129.0,-8.0,104.0,1498.0,-534.0,110.0
205.0,-19.0,126.0,-10.0,101.0,1495.0,-467.0,106.0
203.0,-18.0,124.0,-10.0,100.0,1492.0,-312.0,105.0
201.0,-18.0,122.0,-11.0,99.0,1489.0,-397.0,103.0
200.0,-20.0,119.0,-12.0,98.0,1486.0,-396.0,101.0
200.0,-20.0,117.0,-14.0,97.0,1483.0,-186.0,100.0
198.0,-18.0,117.0,-12.0,97.0,1482.0,-300.0,101.0
196.0,-18.0,115.0,-12.0,95.0,1479.0,-476.0,100.0
193.0,-17.0,112.0,-13.0,94.0,1476.0,-457.0,97.0
191.0,-16.0,112.0,-12.0,93.0,1474.0,-560.0,96.0
188.0,-15.0,111.0,-11.0,91.0,1472.0,-880.0,95.0
187.0,-16.0,108.0,-13.0,89.0,1468.0,-816.0,92.0
188.0,-17.0,107.0,-13.0,89.0,1466.0,-717.0,92.0
188.0,-18.0,107.0,-13.0,89.0,1465.0,-723.0,92.0
188.0,-18.0,106.0,-14.0,89.0,1464.0,-613.0,91.0
189.0,-19.0,104.0,-16.0,89.0,1462.0,-317.0,90.0
189.0,-19.0,106.0,-14.0,91.0,1462.0,-310.0,92.0
188.0,-18.0,106.0,-14.0,90.0,1462.0,-406.0,92.0
187.0,-18.0,106.0,-14.0,89.0,1461.0,-381.0,92.0
187.0,-17.0,107.0,-13.0,90.0,1460.0,-417.0,93.0
186.0,-16.0,108.0,-11.0,90.0,1460.0,-682.0,94.0
185.0,-17.0,107.0,-13.0,88.0,1458.0,-632.0,92.0
186.0,-17.0,106.0,-14.0,88.0,1457.0,-499.0,91.0
186.0,-17.0,106.0,-14.0,88.0,1456.0,-535.0,91.0
187.0,-18.0,105.0,-14.0,88.0,1454.0,-525.0,90.0
188.0,-19.0,104.0,-16.0,88.0,1453.0,-289.0,90.0
187.0,-19.0,106.0,-14.0,90.0,1453.0,-348.0,92.0
186.0,-18.0,106.0,-14.0,89.0,1453.0,-530.0,92.0
186.0,-17.0,106.0,-13.0,89.0,1452.0,-556.0,92.0
186.0,-17.0,106.0,-13.0,90.0,1451.0,-572.0,92.0
185.0,-16.0,108.0,-11.0,89.0,1451.0,-752.0,93.0
185.0,-17.0,106.0,-12.0,87.0,1449.0,-655.0,91.0
185.0,-17.0,106.0,-13.0,88.0,1448.0,-496.0,91.0
186.0,-17.0,106.0,-13.0,88.0,1447.0,-541.0,91.0
186.0,-18.0,105.0,-14.0,88.0,1446.0,-511.0,90.0
187.0,-19.0,104.0,-15.0,88.0,1444.0,-279.0,89.0
186.0,-18.0,105.0,-14.0,89.0,1444.0,-297.0,91.0
185.0,-18.0,105.0,-14.0,89.0,1444.0,-424.0,91.0
185.0,-18.0,105.0,-14.0,89.0,1443.0,-376.0,91.0
185.0,-17.0,105.0,-13.0,89.0,1442.0,-417.0,91.0
184.0,-16.0,107.0,-11.0,89.0,1442.0,-679.0,92.0
184.0,-17.0,106.0,-13.0,87.0,1440.0,-654.0,90.0
184.0,-17.0,105.0,-13.0,87.0,1439.0,-529.0,90.0
184.0,-17.0,105.0,-13.0,87.0,1438.0,-567.0,90.0
184.0,-18.0,104.0,-14.0,87.0,1436.0,-543.0,90.0
186.0,-19.0,102.0,-16.0,87.0,1434.0,-307.0,89.0
185.0,-18.0,104.0,-14.0,89.0,1435.0,-49.0,90.0
181.0,-18.0,108.0,-13.0,86.0,1430.0,9.0,87.0
175.0,-21.0,116.0,-11.0,81.0,1421.0,107.0,82.0
170.0,-23.0,124.0,-8.0,78.0,1414.0,88.0,78.0
164.0,-23.0,133.0,-5.0,74.0,1407.0,-177.0,74.0
161.0,-22.0,134.0,-6.0,70.0,1402.0,-118.0,69.0
163.0,-15.0,127.0,-9.0,73.0,1408.0,92.0,73.0
170.0,-7.0,114.0,-13.0,78.0,1419.0,130.0,80.0
182.0,8.0,90.0,-20.0,88.0,1441.0,188.0,95.0
203.0,33.0,51.0,-32.0,104.0,1476.0,396.0,116.0
227.0,57.0,11.0,-42.0,125.0,1517.0,374.0,145.0
251.0,80.0,-29.0,-52.0,145.0,1558.0,171.0,173.0
277.0,101.0,-72.0,-63.0,165.0,1598.0,167.0,200.0
302.0,124.0,-114.0,-73.0,186.0,1639.0,20.0,228.0
326.0,146.0,-155.0,-83.0,206.0,1681.0,-363.0,256.0
352.0,165.0,-197.0,-94.0,223.0,1719.0,-434.0,281.0
379.0,177.0,-235.0,-104.0,244.0,1755.0,-284.0,306.0
404.0,180.0,-266.0,-111.0,262.0,1785.0,-367.0,329.0
424.0,179.0,-291.0,-116.0,277.0,1807.0,-563.0,347.0
440.0,180.0,-312.0,-122.0,287.0,1824.0,-525.0,359.0
449.0,183.0,-323.0,-124.0,296.0,1836.0,-531.0,370.0
454.0,176.0,-325.0,-122.0,299.0,1838.0,-727.0,373.0
455.0,165.0,-320.0,-119.0,298.0,1833.0,-679.0,371.0
450.0,157.0,-310.0,-116.0,294.0,1823.0,-641.0,366.0
439.0,149.0,-292.0,-110.0,287.0,1807.0,-893.0,356.0
427.0,138.0,-273.0,-106.0,276.0,1785.0,-958.0,342.0
414.0,123.0,-249.0,-100.0,265.0,1759.0,-827.0,325.0
395.0,103.0,-216.0,-91.0,250.0,1726.0,-836.0,304.0
372.0,82.0,-178.0,-82.0,232.0,1687.0,-805.0,279.0
348.0,58.0,-139.0,-72.0,212.0,1644.0,-592.0,251.0
322.0,32.0,-92.0,-59.0,193.0,1600.0,-607.0,224.0
295.0,6.0,-46.0,-46.0,172.0,1554.0,-837.0,195.0
269.0,-14.0,-4.0,-35.0,151.0,1513.0,-923.0,168.0
243.0,-32.0,36.0,-24.0,131.0,1472.0,-1021.0,141.0
215.0,-49.0,78.0,-13.0,110.0,1432.0,-1176.0,115.0
188.0,-66.0,103.0,-12.0,86.0,1387.0,-1158.0,84.0
160.0,-90.0,106.0,-12.0,64.0,1340.0,-1024.0,54.0
135.0,-100.0,107.0,-12.0,46.0,1305.0,-1093.0,30.0
121.0,-86.0,106.0,-12.0,37.0,1295.0,-1106.0,20.0
121.0,-72.0,105.0,-14.0,37.0,1300.0,-871.0,22.0
132.0,-61.0,106.0,-13.0,48.0,1319.0,-798.0,36.0
146.0,-47.0,107.0,-12.0,59.0,1343.0,-1023.0,52.0
159.0,-36.0,106.0,-12.0,70.0,1364.0,-1028.0,66.0
169.0,-26.0,106.0,-12.0,78.0,1381.0,-976.0,78.0
175.0,-18.0,108.0,-10.0,83.0,1392.0,-1129.0,86.0
176.0,-18.0,107.0,-11.0,82.0,1392.0,-1123.0,85.0
176.0,-18.0,106.0,-12.0,82.0,1390.0,-1002.0,85.0
176.0,-18.0,106.0,-12.0,83.0,1390.0,-1013.0,85.0
176.0,-19.0,106.0,-13.0,82.0,1388.0,-982.0,84.0
177.0,-20.0,104.0,-14.0,82.0,1386.0,-751.0,83.0
177.0,-19.0,105.0,-13.0,84.0,1386.0,-605.0,85.0
176.0,-19.0,105.0,-12.0,83.0,1386.0,-816.0,85.0
177.0,-19.0,105.0,-12.0,83.0,1385.0,-830.0,85.0
176.0,-19.0,106.0,-12.0,84.0,1385.0,-920.0,86.0
175.0,-17.0,107.0,-10.0,84.0,1385.0,-1211.0,87.0
174.0,-17.0,106.0,-11.0,82.0,1383.0,-1311.0,85.0
175.0,-18.0,105.0,-12.0,82.0,1382.0,-1161.0,84.0
175.0,-18.0,105.0,-12.0,82.0,1381.0,-1160.0,84.0
175.0,-18.0,105.0,-12.0,82.0,1380.0,-1170.0,84.0
176.0,-20.0,103.0,-14.0,81.0,1377.0,-1040.0,83.0
176.0,-20.0,104.0,-13.0,83.0,1378.0,-993.0,84.0
175.0,-18.0,104.0,-12.0,83.0,1378.0,-1152.0,85.0
175.0,-18.0,104.0,-12.0,83.0,1377.0,-1133.0,85.0
175.0,-18.0,105.0,-12.0,83.0,1376.0,-1169.0,85.0
174.0,-17.0,107.0,-10.0,83.0,1376.0,-1350.0,86.0
173.0,-17.0,106.0,-11.0,81.0,1374.0,-1395.0,84.0
174.0,-18.0,105.0,-11.0,81.0,1373.0,-1224.0,84.0
174.0,-18.0,104.0,-11.0,82.0,1372.0,-1232.0,84.0
174.0,-18.0,104.0,-12.0,81.0,1371.0,-1197.0,83.0
175.0,-19.0,102.0,-13.0,81.0,1369.0,-1003.0,82.0
175.0,-20.0,103.0,-13.0,83.0,1369.0,-920.0,84.0
174.0,-19.0,104.0,-12.0,82.0,1369.0,-1060.0,84.0
174.0,-18.0,104.0,-12.0,82.0,1368.0,-970.0,84.0
173.0,-18.0,104.0,-11.0,82.0,1367.0,-956.0,84.0
172.0,-17.0,106.0,-10.0,83.0,1368.0,-1149.0,85.0
172.0,-17.0,105.0,-10.0,81.0,1366.0,-1260.0,84.0
172.0,-18.0,104.0,-12.0,80.0,1364.0,-1089.0,83.0
173.0,-18.0,104.0,-11.0,81.0,1364.0,-1155.0,83.0
172.0,-18.0,104.0,-12.0,81.0,1363.0,-1220.0,83.0
173.0,-19.0,102.0,-13.0,81.0,1361.0,-1056.0,82.0
174.0,-19.0,102.0,-13.0,83.0,1360.0,-953.0,83.0
173.0,-18.0,103.0,-12.0,82.0,1360.0,-1128.0,84.0
173.0,-18.0,103.0,-12.0,81.0,1359.0,-1153.0,83.0
172.0,-18.0,103.0,-11.0,82.0,1359.0,-1208.0,84.0
172.0,-16.0,107.0,-9.0,83.0,1361.0,-1418.0,86.0
173.0,-14.0,108.0,-9.0,82.0,1361.0,-1483.0,86.0
174.0,-15.0,108.0,-10.0,83.0,1360.0,-1219.0,86.0
175.0,-15.0,109.0,-10.0,84.0,1361.0,-1161.0,87.0
177.0,-14.0,111.0,-10.0,85.0,1362.0,-1129.0,88.0
179.0,-16.0,110.0,-11.0,85.0,1361.0,-952.0,87.0
181.0,-18.0,112.0,-11.0,88.0,1362.0,-826.0,89.0
180.0,-18.0,113.0,-10.0,88.0,1362.0,-1008.0,91.0
180.0,-17.0,113.0,-9.0,88.0,1361.0,-977.0,91.0
180.0,-16.0,115.0,-9.0,88.0,1362.0,-1015.0,92.0
181.0,-14.0,119.0,-7.0,90.0,1365.0,-1287.0,95.0
181.0,-14.0,118.0,-7.0,88.0,1364.0,-1444.0,93.0
182.0,-15.0,118.0,-8.0,89.0,1362.0,-1311.0,93.0
183.0,-17.0,119.0,-8.0,90.0,1362.0,-1313.0,94.0
185.0,-17.0,119.0,-8.0,90.0,1362.0,-1288.0,94.0
185.0,-16.0,119.0,-9.0,90.0,1362.0,-1141.0,94.0
186.0,-15.0,120.0,-9.0,92.0,1362.0,-1058.0,95.0
186.0,-15.0,122.0,-7.0,93.0,1363.0,-1303.0,97.0
187.0,-16.0,123.0,-7.0,93.0,1363.0,-1377.0,98.0
187.0,-16.0,124.0,-7.0,93.0,1363.0,-1430.0,98.0
187.0,-14.0,128.0,-5.0,96.0,1366.0,-1609.0,101.0
189.0,-11.0,132.0,-4.0,96.0,1369.0,-1704.0,102.0
193.0,-11.0,135.0,-4.0,98.0,1371.0,-1501.0,105.0
196.0,-9.0,139.0,-3.0,100.0,1374.0,-1537.0,107.0
197.0,-8.0,140.0,-3.0,101.0,1376.0,-1569.0,108.0
200.0,-8.0,142.0,-4.0,102.0,1376.0,-1426.0,109.0
203.0,-7.0,146.0,-2.0,105.0,1380.0,-1284.0,113.0
205.0,-4.0,152.0,0.0,108.0,1384.0,-1411.0,117.0
208.0,-2.0,156.0,0.0,110.0,1388.0,-1331.0,120.0
210.0,-1.0,161.0,2.0,112.0,1391.0,-1293.0,123.0
212.0,0.0,165.0,4.0,115.0,1395.0,-1424.0,126.0
214.0,0.0,168.0,4.0,115.0,1397.0,-1492.0,128.0
218.0,1.0,172.0,4.0,117.0,1399.0,-1178.0,129.0
220.0,2.0,176.0,5.0,119.0,1403.0,-1113.0,132.0
223.0,4.0,180.0,6.0,121.0,1406.0,-1107.0,135.0
227.0,5.0,183.0,5.0,123.0,1408.0,-992.0,136.0
230.0,3.0,186.0,6.0,127.0,1411.0,-718.0,140.0
232.0,5.0,190.0,8.0,129.0,1414.0,-782.0,143.0
232.0,6.0,192.0,9.0,129.0,1414.0,-744.0,144.0
234.0,7.0,194.0,9.0,130.0,1416.0,-714.0,146.0
234.0,8.0,197.0,11.0,131.0,1418.0,-907.0,148.0
235.0,7.0,198.0,11.0,131.0,1418.0,-1134.0,148.0
236.0,5.0,196.0,10.0,131.0,1416.0,-894.0,147.0
237.0,5.0,197.0,10.0,132.0,1417.0,-757.0,148.0
239.0,6.0,200.0,10.0,133.0,1418.0,-676.0,149.0
240.0,6.0,199.0,9.0,133.0,1417.0,-550.0,148.0
240.0,5.0,199.0,9.0,134.0,1416.0,-485.0,149.0
238.0,6.0,198.0,10.0,134.0,1415.0,-800.0,150.0
236.0,5.0,196.0,10.0,132.0,1411.0,-881.0,148.0
236.0,3.0,195.0,9.0,131.0,1410.0,-830.0,147.0
234.0,2.0,194.0,10.0,131.0,1408.0,-850.0,147.0
232.0,2.0,192.0,9.0,128.0,1404.0,-918.0,145.0
231.0,0.0,188.0,8.0,126.0,1400.0,-709.0,142.0
229.0,0.0,186.0,7.0,126.0,1397.0,-707.0,140.0
228.0,-1.0,183.0,6.0,125.0,1394.0,-676.0,138.0
227.0,-3.0,179.0,4.0,123.0,1390.0,-517.0,135.0
226.0,-6.0,176.0,3.0,123.0,1385.0,-216.0,134.0
222.0,-6.0,173.0,3.0,121.0,1383.0,-320.0,133.0
219.0,-5.0,170.0,3.0,119.0,1378.0,-333.0,130.0
218.0,-8.0,167.0,2.0,117.0,1374.0,-319.0,128.0
215.0,-10.0,165.0,2.0,116.0,1371.0,-500.0,127.0
212.0,-12.0,160.0,2.0,113.0,1366.0,-747.0,124.0
211.0,-16.0,156.0,0.0,111.0,1361.0,-504.0,121.0
210.0,-19.0,152.0,-1.0,110.0,1356.0,-336.0,118.0
207.0,-21.0,147.0,-2.0,107.0,1351.0,-255.0,115.0
204.0,-22.0,143.0,-4.0,105.0,1346.0,-168.0,112.0
202.0,-20.0,140.0,-5.0,105.0,1343.0,-47.0,110.0
199.0,-19.0,139.0,-4.0,103.0,1341.0,-279.0,110.0
197.0,-19.0,137.0,-4.0,102.0,1338.0,-359.0,108.0
195.0,-20.0,135.0,-4.0,100.0,1335.0,-332.0,107.0
193.0,-20.0,133.0,-4.0,100.0,1333.0,-402.0,106.0
190.0,-17.0,132.0,-3.0,98.0,1331.0,-579.0,104.0
188.0,-18.0,128.0,-5.0,95.0,1326.0,-391.0,101.0
187.0,-19.0,126.0,-6.0,95.0,1324.0,-336.0,99.0
186.0,-18.0,124.0,-6.0,93.0,1321.0,-276.0,98.0
185.0,-20.0,120.0,-8.0,91.0,1317.0,-112.0,95.0
184.0,-20.0,118.0,-9.0,91.0,1314.0,73.0,94.0
182.0,-19.0,118.0,-7.0,91.0,1313.0,-92.0,95.0
180.0,-17.0,117.0,-7.0,89.0,1311.0,-108.0,94.0
178.0,-19.0,115.0,-8.0,88.0,1309.0,-99.0,92.0
176.0,-18.0,114.0,-7.0,88.0,1307.0,-165.0,92.0
174.0,-17.0,114.0,-6.0,86.0,1305.0,-388.0,91.0
174.0,-20.0,110.0,-9.0,84.0,1301.0,-207.0,88.0
173.0,-20.0,108.0,-9.0,84.0,1299.0,-70.0,87.0
172.0,-19.0,107.0,-10.0,83.0,1297.0,1.0,86.0
170.0,-18.0,104.0,-11.0,81.0,1293.0,147.0,83.0
169.0,-19.0,100.0,-12.0,80.0,1289.0,363.0,81.0
167.0,-18.0,101.0,-11.0,80.0,1289.0,116.0,81.0
165.0,-16.0,100.0,-11.0,78.0,1287.0,45.0,80.0
164.0,-16.0,99.0,-11.0,78.0,1286.0,64.0,80.0
163.0,-15.0,101.0,-9.0,79.0,1286.0,-74.0,81.0
161.0,-14.0,100.0,-9.0,77.0,1284.0,-281.0,80.0
161.0,-16.0,96.0,-11.0,74.0,1280.0,-139.0,77.0
160.0,-17.0,95.0,-12.0,75.0,1278.0,-142.0,76.0
160.0,-17.0,95.0,-12.0,75.0,1277.0,-174.0,76.0
161.0,-18.0,94.0,-12.0,75.0,1275.0,-146.0,75.0
162.0,-19.0,93.0,-13.0,75.0,1274.0,0.0,75.0
161.0,-18.0,95.0,-12.0,76.0,1275.0,-229.0,77.0
160.0,-18.0,95.0,-11.0,75.0,1274.0,-365.0,77.0
160.0,-17.0,95.0,-11.0,75.0,1273.0,-309.0,76.0
159.0,-17.0,95.0,-10.0,75.0,1273.0,-343.0,77.0
158.0,-16.0,96.0,-10.0,75.0,1273.0,-540.0,77.0
159.0,-17.0,95.0,-11.0,74.0,1271.0,-388.0,76.0
159.0,-17.0,95.0,-11.0,74.0,1270.0,-325.0,76.0
159.0,-17.0,94.0,-12.0,74.0,1269.0,-336.0,75.0
160.0,-18.0,93.0,-12.0,74.0,1268.0,-147.0,75.0
160.0,-19.0,92.0,-13.0,74.0,1267.0,124.0,74.0
159.0,-18.0,94.0,-12.0,75.0,1267.0,1.0,76.0
159.0,-18.0,94.0,-12.0,75.0,1266.0,-100.0,76.0
159.0,-17.0,94.0,-12.0,75.0,1265.0,-71.0,76.0
158.0,-17.0,95.0,-10.0,75.0,1265.0,-184.0,77.0
157.0,-16.0,96.0,-9.0,74.0,1265.0,-479.0,77.0
158.0,-16.0,94.0,-11.0,73.0,1263.0,-408.0,76.0
158.0,-17.0,94.0,-11.0,74.0,1262.0,-497.0,75.0
158.0,-17.0,94.0,-12.0,73.0,1261.0,-722.0,75.0
158.0,-17.0,93.0,-12.0,73.0,1259.0,-743.0,74.0
159.0,-19.0,92.0,-13.0,74.0,1258.0,-630.0,74.0
159.0,-18.0,93.0,-12.0,75.0,1259.0,-851.0,76.0
158.0,-18.0,93.0,-11.0,74.0,1258.0,-972.0,76.0
158.0,-17.0,93.0,-11.0,74.0,1257.0,-924.0,75.0
157.0,-16.0,94.0,-10.0,75.0,1257.0,-938.0,76.0
156.0,-15.0,95.0,-9.0,74.0,1257.0,-1034.0,76.0
156.0,-16.0,93.0,-11.0,72.0,1255.0,-750.0,75.0
157.0,-17.0,93.0,-11.0,73.0,1254.0,-593.0,75.0
157.0,-17.0,93.0,-12.0,73.0,1253.0,-564.0,75.0
158.0,-18.0,92.0,-13.0,72.0,1252.0,-423.0,74.0
159.0,-19.0,91.0,-13.0,73.0,1250.0,-95.0,73.0
158.0,-18.0,92.0,-12.0,74.0,1251.0,-223.0,75.0
157.0,-17.0,92.0,-12.0,74.0,1250.0,-308.0,75.0
157.0,-17.0,93.0,-11.0,74.0,1249.0,-267.0,75.0
156.0,-17.0,93.0,-10.0,74.0,1250.0,-298.0,76.0
155.0,-15.0,94.0,-9.0,74.0,1249.0,-506.0,76.0
156.0,-16.0,93.0,-11.0,72.0,1247.0,-358.0,74.0
156.0,-17.0,93.0,-11.0,73.0,1247.0,-289.0,74.0
156.0,-17.0,93.0,-11.0,73.0,1246.0,-235.0,74.0
157.0,-17.0,92.0,-12.0,72.0,1244.0,-3.0,73.0
157.0,-18.0,90.0,-13.0,73.0,1242.0,360.0,73.0
156.0,-18.0,92.0,-12.0,74.0,1243.0,255.0,75.0
156.0,-17.0,92.0,-11.0,73.0,1242.0,146.0,75.0
156.0,-17.0,92.0,-11.0,73.0,1242.0,155.0,75.0
155.0,-17.0,93.0,-10.0,74.0,1242.0,62.0,76.0
154.0,-15.0,94.0,-10.0,73.0,1241.0,-220.0,76.0
155.0,-16.0,92.0,-11.0,72.0,1239.0,-110.0,74.0
155.0,-17.0,92.0,-11.0,72.0,1238.0,-23.0,74.0
156.0,-17.0,92.0,-11.0,72.0,1237.0,-50.0,74.0
155.0,-17.0,91.0,-12.0,72.0,1236.0,-10.0,73.0
156.0,-18.0,90.0,-13.0,73.0,1235.0,194.0,72.0
155.0,-18.0,91.0,-12.0,74.0,1235.0,57.0,74.0
155.0,-17.0,91.0,-12.0,73.0,1235.0,-22.0,74.0
155.0,-17.0,92.0,-11.0,73.0,1234.0,-53.0,74.0
154.0,-16.0,93.0,-10.0,73.0,1234.0,-225.0,75.0
154.0,-15.0,94.0,-9.0,73.0,1234.0,-449.0,75.0
154.0,-16.0,92.0,-10.0,71.0,1232.0,-285.0,73.0
154.0,-16.0,91.0,-11.0,72.0,1231.0,-257.0,73.0
154.0,-17.0,91.0,-11.0,72.0,1230.0,-486.0,73.0
154.0,-17.0,91.0,-12.0,71.0,1229.0,-456.0,73.0
156.0,-18.0,89.0,-13.0,72.0,1227.0,-98.0,72.0
155.0,-18.0,91.0,-12.0,73.0,1227.0,-139.0,73.0
154.0,-17.0,91.0,-11.0,73.0,1227.0,-167.0,73.0
154.0,-17.0,91.0,-11.0,73.0,1226.0,-28.0,73.0
154.0,-17.0,92.0,-10.0,73.0,1226.0,25.0,74.0
152.0,-15.0,93.0,-9.0,72.0,1226.0,-225.0,75.0
153.0,-16.0,91.0,-10.0,71.0,1224.0,-193.0,73.0
153.0,-16.0,91.0,-11.0,71.0,1223.0,-71.0,73.0
153.0,-17.0,91.0,-11.0,71.0,1222.0,-46.0,73.0
153.0,-17.0,90.0,-12.0,71.0,1221.0,-54.0,72.0
154.0,-18.0,89.0,-13.0,71.0,1219.0,146.0,72.0
154.0,-18.0,90.0,-12.0,73.0,1220.0,42.0,73.0
153.0,-17.0,90.0,-11.0,72.0,1219.0,-77.0,73.0
153.0,-17.0,90.0,-11.0,72.0,1218.0,-40.0,73.0
152.0,-16.0,91.0,-10.0,72.0,1218.0,-163.0,74.0
151.0,-15.0,92.0,-9.0,72.0,1218.0,-551.0,75.0
152.0,-16.0,91.0,-10.0,71.0,1216.0,-578.0,72.0
152.0,-16.0,91.0,-10.0,71.0,1216.0,-623.0,72.0
152.0,-16.0,90.0,-11.0,71.0,1214.0,-705.0,72.0
152.0,-17.0,89.0,-11.0,70.0,1213.0,-681.0,72.0
153.0,-18.0,88.0,-13.0,70.0,1211.0,-529.0,71.0
153.0,-17.0,89.0,-11.0,72.0,1212.0,-636.0,72.0
151.0,-16.0,90.0,-11.0,71.0,1208.0,-1111.0,72.0
151.0,-16.0,89.0,-11.0,71.0,1207.0,-1044.0,72.0
151.0,-17.0,89.0,-12.0,70.0,1205.0,-915.0,71.0
152.0,-18.0,88.0,-13.0,70.0,1204.0,-679.0,70.0
153.0,-17.0,91.0,-11.0,73.0,1206.0,-712.0,73.0
155.0,-14.0,95.0,-10.0,74.0,1209.0,-804.0,76.0
156.0,-13.0,98.0,-9.0,75.0,1212.0,-750.0,78.0
157.0,-12.0,100.0,-8.0,77.0,1213.0,-817.0,80.0
159.0,-11.0,105.0,-5.0,79.0,1217.0,-1136.0,83.0
163.0,-13.0,107.0,-6.0,80.0,1218.0,-1083.0,84.0
166.0,-14.0,110.0,-6.0,83.0,1221.0,-899.0,87.0
168.0,-14.0,112.0,-5.0,84.0,1222.0,-826.0,88.0
171.0,-14.0,115.0,-6.0,86.0,1224.0,-704.0,90.0
174.0,-17.0,114.0,-7.0,87.0,1223.0,-461.0,90.0
174.0,-14.0,117.0,-5.0,88.0,1226.0,-519.0,93.0
173.0,-11.0,118.0,-4.0,88.0,1226.0,-645.0,94.0
174.0,-12.0,120.0,-4.0,89.0,1226.0,-622.0,94.0
174.0,-13.0,121.0,-4.0,89.0,1227.0,-725.0,95.0
173.0,-12.0,122.0,-2.0,90.0,1227.0,-1100.0,97.0
174.0,-12.0,121.0,-4.0,87.0,1225.0,-1128.0,95.0
174.0,-13.0,120.0,-4.0,88.0,1224.0,-931.0,94.0
174.0,-13.0,120.0,-5.0,88.0,1223.0,-887.0,94.0
174.0,-16.0,118.0,-6.0,88.0,1220.0,-833.0,93.0
175.0,-20.0,115.0,-7.0,87.0,1218.0,-585.0,91.0
175.0,-19.0,117.0,-6.0,89.0,1218.0,-478.0,93.0
174.0,-18.0,117.0,-5.0,89.0,1218.0,-599.0,93.0
172.0,-16.0,116.0,-5.0,87.0,1216.0,-628.0,92.0
171.0,-15.0,116.0,-5.0,87.0,1215.0,-664.0,92.0
170.0,-14.0,117.0,-3.0,87.0,1215.0,-911.0,93.0
169.0,-14.0,115.0,-4.0,85.0,1213.0,-841.0,91.0
168.0,-16.0,112.0,-6.0,84.0,1209.0,-682.0,89.0
168.0,-17.0,110.0,-6.0,83.0,1206.0,-769.0,87.0
167.0,-17.0,109.0,-7.0,83.0,1205.0,-661.0,87.0
166.0,-20.0,106.0,-9.0,81.0,1201.0,-245.0,84.0
165.0,-20.0,105.0,-8.0,82.0,1200.0,-8.0,84.0
163.0,-17.0,104.0,-7.0,80.0,1198.0,-2.0,83.0
161.0,-17.0,103.0,-7.0,79.0,1196.0,7.0,82.0
160.0,-18.0,101.0,-8.0,78.0,1193.0,-46.0,81.0
157.0,-16.0,101.0,-7.0,78.0,1192.0,-221.0,81.0
155.0,-14.0,98.0,-8.0,74.0,1189.0,-134.0,78.0
154.0,-15.0,96.0,-8.0,74.0,1186.0,56.0,77.0
152.0,-16.0,93.0,-9.0,72.0,1183.0,74.0,74.0
150.0,-14.0,91.0,-10.0,70.0,1180.0,105.0,72.0
150.0,-16.0,88.0,-12.0,69.0,1176.0,301.0,70.0
148.0,-17.0,86.0,-12.0,70.0,1174.0,332.0,70.0
148.0,-16.0,86.0,-11.0,69.0,1173.0,172.0,70.0
147.0,-16.0,86.0,-10.0,69.0,1172.0,190.0,70.0
146.0,-16.0,87.0,-10.0,69.0,1172.0,223.0,70.0
145.0,-15.0,88.0,-8.0,69.0,1173.0,0.0,71.0
145.0,-15.0,87.0,-10.0,67.0,1171.0,-14.0,70.0
146.0,-15.0,86.0,-10.0,68.0,1170.0,182.0,69.0
146.0,-15.0,86.0,-11.0,68.0,1169.0,211.0,69.0
146.0,-16.0,86.0,-11.0,67.0,1168.0,254.0,69.0
147.0,-17.0,84.0,-13.0,67.0,1166.0,477.0,68.0
147.0,-17.0,85.0,-11.0,69.0,1166.0,394.0,69.0
146.0,-16.0,86.0,-11.0,69.0,1166.0,-8.0,70.0
146.0,-16.0,86.0,-10.0,69.0,1165.0,-170.0,70.0
146.0,-16.0,86.0,-10.0,69.0,1165.0,-70.0,70.0
144.0,-15.0,88.0,-8.0,69.0,1166.0,-167.0,71.0
144.0,-15.0,87.0,-10.0,67.0,1163.0,-150.0,69.0
145.0,-15.0,86.0,-10.0,68.0,1162.0,54.0,69.0
145.0,-16.0,86.0,-11.0,68.0,1162.0,90.0,69.0
146.0,-16.0,85.0,-11.0,67.0,1160.0,128.0,68.0
146.0,-17.0,83.0,-13.0,67.0,1158.0,337.0,67.0
146.0,-17.0,84.0,-11.0,69.0,1159.0,401.0,69.0
146.0,-16.0,85.0,-11.0,69.0,1159.0,240.0,69.0
146.0,-16.0,85.0,-11.0,68.0,1158.0,258.0,69.0
145.0,-16.0,86.0,-10.0,69.0,1158.0,200.0,69.0
144.0,-14.0,87.0,-9.0,69.0,1158.0,-20.0,71.0
143.0,-14.0,86.0,-10.0,66.0,1156.0,-22.0,69.0
144.0,-15.0,86.0,-10.0,67.0,1155.0,104.0,68.0
145.0,-16.0,85.0,-10.0,67.0,1155.0,67.0,68.0
145.0,-16.0,85.0,-11.0,67.0,1153.0,80.0,68.0
146.0,-17.0,83.0,-13.0,66.0,1151.0,277.0,66.0
146.0,-17.0,84.0,-11.0,68.0,1152.0,349.0,68.0
145.0,-16.0,85.0,-11.0,68.0,1152.0,167.0,69.0
144.0,-16.0,85.0,-11.0,68.0,1151.0,70.0,68.0
144.0,-16.0,85.0,-10.0,68.0,1150.0,-1.0,69.0
143.0,-15.0,86.0,-8.0,68.0,1151.0,-241.0,70.0
143.0,-15.0,85.0,-9.0,66.0,1149.0,-299.0,69.0
142.0,-15.0,87.0,-10.0,65.0,1145.0,-120.0,66.0
137.0,-17.0,94.0,-8.0,61.0,1137.0,-181.0,61.0
132.0,-21.0,101.0,-7.0,57.0,1129.0,-269.0,55.0
127.0,-24.0,107.0,-7.0,53.0,1120.0,-187.0,49.0
123.0,-24.0,113.0,-5.0,52.0,1115.0,-165.0,48.0
123.0,-16.0,109.0,-5.0,52.0,1120.0,-360.0,50.0
128.0,-8.0,98.0,-9.0,57.0,1130.0,-325.0,57.0
138.0,4.0,79.0,-14.0,65.0,1148.0,-246.0,69.0
154.0,30.0,46.0,-22.0,81.0,1183.0,-352.0,91.0
177.0,54.0,5.0,-34.0,97.0,1221.0,-334.0,115.0
203.0,76.0,-37.0,-45.0,117.0,1261.0,-93.0,142.0
229.0,97.0,-79.0,-57.0,138.0,1302.0,-67.0,170.0
255.0,119.0,-122.0,-68.0,158.0,1342.0,-32.0,197.0
281.0,139.0,-166.0,-81.0,177.0,1382.0,227.0,223.0
307.0,159.0,-207.0,-91.0,199.0,1423.0,379.0,251.0
332.0,175.0,-245.0,-99.0,218.0,1461.0,122.0,278.0
357.0,181.0,-278.0,-106.0,237.0,1493.0,38.0,302.0
379.0,180.0,-304.0,-111.0,253.0,1518.0,44.0,322.0
394.0,184.0,-323.0,-114.0,266.0,1539.0,-102.0,337.0
405.0,187.0,-338.0,-118.0,272.0,1552.0,-137.0,346.0
412.0,182.0,-344.0,-119.0,276.0,1556.0,64.0,350.0
415.0,170.0,-341.0,-117.0,278.0,1552.0,81.0,350.0
412.0,160.0,-334.0,-115.0,275.0,1542.0,125.0,345.0
405.0,151.0,-321.0,-112.0,267.0,1526.0,284.0,334.0
393.0,141.0,-301.0,-107.0,261.0,1508.0,317.0,323.0
379.0,128.0,-277.0,-99.0,249.0,1485.0,93.0,309.0
362.0,110.0,-246.0,-91.0,235.0,1454.0,56.0,289.0
340.0,89.0,-209.0,-81.0,218.0,1417.0,28.0,266.0
314.0,69.0,-167.0,-69.0,199.0,1378.0,-208.0,241.0
288.0,44.0,-123.0,-57.0,176.0,1333.0,-383.0,211.0
263.0,16.0,-78.0,-46.0,156.0,1286.0,-192.0,181.0
237.0,-7.0,-35.0,-34.0,136.0,1243.0,-176.0,153.0
211.0,-25.0,4.0,-24.0,116.0,1202.0,-155.0,126.0
185.0,-45.0,44.0,-16.0,95.0,1160.0,4.0,98.0
158.0,-61.0,76.0,-11.0,75.0,1119.0,136.0,70.0
129.0,-83.0,86.0,-10.0,52.0,1073.0,-85.0,41.0
102.0,-99.0,87.0,-9.0,32.0,1032.0,-128.0,14.0
84.0,-90.0,87.0,-9.0,20.0,1016.0,-219.0,1.0
79.0,-71.0,89.0,-7.0,18.0,1020.0,-464.0,2.0
87.0,-60.0,88.0,-8.0,23.0,1035.0,-558.0,10.0
101.0,-48.0,87.0,-9.0,34.0,1057.0,-218.0,25.0
115.0,-37.0,87.0,-9.0,46.0,1079.0,-58.0,40.0
127.0,-28.0,87.0,-9.0,55.0,1096.0,38.0,52.0
136.0,-20.0,85.0,-11.0,61.0,1108.0,204.0,60.0
138.0,-18.0,85.0,-11.0,64.0,1112.0,264.0,63.0
138.0,-18.0,86.0,-9.0,64.0,1112.0,9.0,64.0
138.0,-18.0,86.0,-9.0,64.0,1111.0,83.0,64.0
137.0,-17.0,86.0,-9.0,64.0,1111.0,154.0,64.0
136.0,-16.0,88.0,-7.0,64.0,1111.0,-142.0,65.0
136.0,-16.0,88.0,-8.0,62.0,1110.0,-368.0,64.0
136.0,-16.0,87.0,-9.0,62.0,1108.0,-198.0,64.0
136.0,-17.0,86.0,-9.0,63.0,1107.0,-161.0,63.0
137.0,-17.0,86.0,-9.0,62.0,1107.0,-138.0,63.0
137.0,-18.0,84.0,-11.0,62.0,1105.0,-10.0,61.0
137.0,-18.0,85.0,-10.0,63.0,1105.0,146.0,63.0
137.0,-18.0,86.0,-9.0,64.0,1105.0,36.0,64.0
136.0,-17.0,86.0,-9.0,63.0,1104.0,60.0,63.0
136.0,-17.0,86.0,-9.0,63.0,1104.0,105.0,64.0
135.0,-16.0,88.0,-7.0,64.0,1104.0,-16.0,65.0
134.0,-15.0,87.0,-8.0,62.0,1103.0,-143.0,64.0
135.0,-16.0,86.0,-9.0,62.0,1102.0,53.0,63.0
136.0,-17.0,86.0,-9.0,63.0,1101.0,92.0,63.0
136.0,-17.0,85.0,-9.0,62.0,1100.0,73.0,62.0
136.0,-18.0,84.0,-11.0,61.0,1098.0,147.0,61.0
137.0,-18.0,84.0,-11.0,62.0,1098.0,253.0,62.0
136.0,-17.0,85.0,-9.0,63.0,1098.0,42.0,64.0
135.0,-17.0,85.0,-9.0,63.0,1097.0,55.0,63.0
136.0,-17.0,85.0,-9.0,63.0,1097.0,119.0,64.0
134.0,-15.0,87.0,-7.0,63.0,1097.0,-24.0,64.0
134.0,-15.0,87.0,-7.0,61.0,1096.0,-286.0,63.0
135.0,-16.0,85.0,-9.0,61.0,1095.0,-108.0,62.0
135.0,-17.0,85.0,-9.0,62.0,1094.0,-87.0,62.0
136.0,-17.0,85.0,-9.0,62.0,1093.0,-194.0,62.0
136.0,-18.0,84.0,-11.0,61.0,1091.0,-137.0,61.0
136.0,-18.0,84.0,-10.0,63.0,1091.0,15.0,62.0
135.0,-17.0,85.0,-9.0,63.0,1091.0,-234.0,63.0
135.0,-17.0,85.0,-9.0,62.0,1090.0,-209.0,63.0
135.0,-17.0,85.0,-9.0,62.0,1090.0,-72.0,63.0
133.0,-16.0,86.0,-7.0,63.0,1090.0,-141.0,64.0
133.0,-15.0,86.0,-7.0,61.0,1089.0,-311.0,63.0
134.0,-16.0,85.0,-9.0,61.0,1087.0,-134.0,62.0
134.0,-16.0,85.0,-9.0,62.0,1087.0,-134.0,62.0
134.0,-17.0,84.0,-9.0,61.0,1086.0,-153.0,62.0
135.0,-17.0,84.0,-10.0,62.0,1085.0,-18.0,61.0
137.0,-17.0,86.0,-10.0,64.0,1087.0,172.0,64.0
137.0,-15.0,88.0,-8.0,65.0,1089.0,-28.0,66.0
137.0,-14.0,90.0,-8.0,65.0,1089.0,-135.0,66.0
138.0,-13.0,92.0,-7.0,66.0,1091.0,-145.0,68.0
139.0,-13.0,95.0,-5.0,68.0,1093.0,-229.0,70.0
140.0,-14.0,96.0,-5.0,67.0,1093.0,-403.0,70.0
141.0,-15.0,95.0,-6.0,67.0,1091.0,-215.0,70.0
141.0,-15.0,95.0,-6.0,68.0,1091.0,-194.0,70.0
142.0,-15.0,95.0,-6.0,68.0,1091.0,-143.0,70.0
144.0,-15.0,97.0,-7.0,68.0,1092.0,255.0,70.0
146.0,-15.0,97.0,-7.0,70.0,1092.0,486.0,72.0
145.0,-15.0,99.0,-6.0,71.0,1092.0,27.0,73.0
145.0,-15.0,99.0,-6.0,71.0,1092.0,-166.0,73.0
146.0,-16.0,100.0,-6.0,72.0,1093.0,-254.0,74.0
146.0,-14.0,102.0,-4.0,73.0,1094.0,-398.0,76.0
145.0,-11.0,104.0,-2.0,72.0,1095.0,-520.0,76.0
147.0,-12.0,104.0,-4.0,72.0,1094.0,-271.0,76.0
149.0,-14.0,105.0,-4.0,73.0,1094.0,-219.0,76.0
149.0,-14.0,105.0,-4.0,73.0,1093.0,-245.0,76.0
151.0,-14.0,105.0,-5.0,73.0,1094.0,-181.0,77.0
154.0,-14.0,109.0,-5.0,77.0,1097.0,0.0,80.0
156.0,-11.0,114.0,-2.0,80.0,1102.0,-192.0,84.0
158.0,-9.0,119.0,-1.0,81.0,1105.0,-274.0,87.0
159.0,-7.0,122.0,0.0,82.0,1108.0,-317.0,88.0
160.0,-6.0,125.0,1.0,85.0,1110.0,-431.0,91.0
162.0,-3.0,130.0,2.0,85.0,1113.0,-588.0,93.0
166.0,-2.0,132.0,2.0,86.0,1116.0,-394.0,95.0
169.0,0.0,137.0,3.0,89.0,1119.0,-285.0,97.0
172.0,0.0,141.0,4.0,91.0,1123.0,-128.0,100.0
175.0,0.0,143.0,3.0,92.0,1124.0,39.0,102.0
179.0,-1.0,145.0,3.0,96.0,1127.0,251.0,105.0
180.0,1.0,151.0,6.0,98.0,1132.0,-81.0,109.0
183.0,3.0,156.0,7.0,100.0,1135.0,-360.0,112.0
185.0,5.0,160.0,8.0,102.0,1139.0,-326.0,115.0
187.0,8.0,166.0,11.0,105.0,1144.0,-258.0,118.0
189.0,8.0,169.0,12.0,106.0,1146.0,-267.0,120.0
193.0,7.0,171.0,11.0,107.0,1147.0,102.0,121.0
194.0,7.0,173.0,11.0,109.0,1149.0,251.0,123.0
196.0,8.0,175.0,12.0,110.0,1150.0,263.0,124.0
198.0,8.0,175.0,11.0,110.0,1150.0,362.0,124.0
200.0,5.0,176.0,10.0,112.0,1150.0,519.0,125.0
200.0,6.0,177.0,12.0,114.0,1151.0,304.0,128.0
200.0,6.0,178.0,12.0,113.0,1151.0,232.0,128.0
201.0,7.0,181.0,13.0,114.0,1153.0,227.0,129.0
201.0,8.0,183.0,14.0,115.0,1155.0,157.0,131.0
200.0,10.0,184.0,15.0,114.0,1154.0,-10.0,131.0
200.0,9.0,181.0,14.0,113.0,1151.0,113.0,129.0
199.0,7.0,178.0,12.0,112.0,1148.0,60.0,127.0
199.0,5.0,177.0,12.0,111.0,1146.0,40.0,126.0
199.0,2.0,174.0,10.0,111.0,1143.0,247.0,124.0
198.0,1.0,171.0,9.0,110.0,1139.0,612.0,123.0
195.0,0.0,170.0,10.0,110.0,1138.0,629.0,123.0
193.0,0.0,168.0,10.0,108.0,1135.0,665.0,121.0
192.0,0.0,166.0,9.0,107.0,1132.0,686.0,120.0
189.0,0.0,164.0,10.0,106.0,1130.0,565.0,119.0
187.0,-2.0,162.0,9.0,104.0,1127.0,266.0,117.0
185.0,-4.0,157.0,7.0,101.0,1121.0,419.0,113.0
183.0,-3.0,154.0,6.0,100.0,1118.0,509.0,110.0
181.0,-5.0,150.0,5.0,98.0,1113.0,476.0,108.0
180.0,-9.0,145.0,3.0,96.0,1108.0,517.0,105.0
178.0,-13.0,140.0,1.0,95.0,1103.0,635.0,103.0
175.0,-15.0,138.0,1.0,95.0,1100.0,414.0,102.0
174.0,-18.0,134.0,0.0,93.0,1096.0,363.0,100.0
171.0,-20.0,130.0,0.0,91.0,1091.0,405.0,97.0
168.0,-19.0,128.0,0.0,89.0,1088.0,366.0,95.0
164.0,-16.0,126.0,1.0,86.0,1086.0,189.0,93.0
161.0,-15.0,122.0,0.0,83.0,1081.0,389.0,89.0
160.0,-17.0,119.0,-1.0,83.0,1078.0,494.0,88.0
159.0,-18.0,117.0,-2.0,81.0,1075.0,495.0,86.0
157.0,-19.0,114.0,-3.0,79.0,1071.0,503.0,84.0
156.0,-19.0,111.0,-4.0,79.0,1069.0,650.0,82.0
153.0,-17.0,110.0,-3.0,79.0,1067.0,422.0,82.0
152.0,-18.0,107.0,-4.0,76.0,1064.0,275.0,80.0
150.0,-18.0,107.0,-4.0,76.0,1062.0,246.0,80.0
148.0,-17.0,106.0,-3.0,75.0,1060.0,232.0,79.0
145.0,-17.0,104.0,-3.0,73.0,1058.0,57.0,77.0
144.0,-16.0,101.0,-4.0,71.0,1055.0,246.0,74.0
143.0,-16.0,100.0,-4.0,71.0,1053.0,376.0,74.0
142.0,-17.0,97.0,-5.0,70.0,1050.0,392.0,72.0
141.0,-17.0,94.0,-7.0,68.0,1047.0,506.0,69.0
141.0,-18.0,92.0,-8.0,68.0,1045.0,750.0,68.0
139.0,-20.0,92.0,-7.0,68.0,1043.0,584.0,69.0
138.0,-19.0,91.0,-7.0,66.0,1041.0,443.0,68.0
136.0,-18.0,90.0,-7.0,66.0,1040.0,415.0,67.0
133.0,-16.0,90.0,-6.0,65.0,1039.0,282.0,67.0
130.0,-15.0,87.0,-6.0,62.0,1036.0,6.0,65.0
129.0,-15.0,84.0,-7.0,60.0,1032.0,178.0,61.0
128.0,-15.0,82.0,-8.0,60.0,1030.0,217.0,60.0
127.0,-14.0,81.0,-8.0,59.0,1028.0,110.0,59.0
128.0,-14.0,81.0,-9.0,59.0,1027.0,110.0,59.0
129.0,-16.0,79.0,-10.0,59.0,1025.0,-83.0,58.0
126.0,-16.0,78.0,-9.0,59.0,1023.0,-62.0,58.0
125.0,-16.0,77.0,-9.0,57.0,1022.0,220.0,57.0
125.0,-16.0,77.0,-9.0,56.0,1021.0,410.0,57.0
124.0,-16.0,78.0,-8.0,57.0,1021.0,423.0,58.0
122.0,-15.0,79.0,-7.0,57.0,1021.0,148.0,58.0
123.0,-15.0,77.0,-8.0,55.0,1019.0,199.0,56.0
123.0,-16.0,77.0,-9.0,56.0,1019.0,329.0,57.0
124.0,-16.0,77.0,-9.0,56.0,1018.0,338.0,56.0
124.0,-17.0,76.0,-10.0,56.0,1016.0,383.0,56.0
125.0,-18.0,74.0,-11.0,56.0,1015.0,632.0,55.0
125.0,-17.0,76.0,-9.0,57.0,1015.0,494.0,57.0
124.0,-16.0,76.0,-9.0,56.0,1015.0,301.0,57.0
124.0,-16.0,77.0,-9.0,57.0,1014.0,226.0,57.0
124.0,-16.0,77.0,-8.0,57.0,1015.0,162.0,58.0
122.0,-14.0,79.0,-7.0,57.0,1015.0,71.0,58.0
122.0,-15.0,77.0,-8.0,55.0,1012.0,393.0,56.0
123.0,-15.0,76.0,-9.0,56.0,1012.0,599.0,56.0
123.0,-16.0,76.0,-9.0,56.0,1011.0,633.0,56.0
123.0,-16.0,75.0,-10.0,55.0,1010.0,707.0,55.0
124.0,-17.0,74.0,-11.0,55.0,1008.0,979.0,54.0
123.0,-17.0,76.0,-10.0,57.0,1009.0,940.0,57.0
123.0,-16.0,76.0,-9.0,57.0,1008.0,915.0,56.0
123.0,-15.0,76.0,-9.0,56.0,1008.0,1013.0,56.0
122.0,-15.0,77.0,-8.0,57.0,1008.0,894.0,57.0
121.0,-14.0,78.0,-7.0,56.0,1009.0,553.0,58.0
122.0,-15.0,76.0,-8.0,54.0,1006.0,665.0,56.0
122.0,-15.0,76.0,-8.0,55.0,1006.0,829.0,56.0
122.0,-16.0,75.0,-9.0,55.0,1004.0,849.0,55.0
122.0,-16.0,75.0,-9.0,55.0,1004.0,934.0,55.0
124.0,-17.0,74.0,-11.0,55.0,1002.0,1196.0,54.0
123.0,-17.0,75.0,-9.0,57.0,1003.0,1068.0,56.0
123.0,-16.0,75.0,-9.0,56.0,1002.0,894.0,56.0
122.0,-16.0,75.0,-9.0,56.0,1002.0,870.0,56.0
122.0,-15.0,76.0,-8.0,57.0,1002.0,768.0,57.0
120.0,-14.0,78.0,-7.0,56.0,1002.0,467.0,57.0
121.0,-15.0,76.0,-8.0,54.0,1000.0,535.0,55.0
121.0,-15.0,76.0,-9.0,55.0,999.0,659.0,55.0
122.0,-15.0,76.0,-9.0,55.0,999.0,661.0,55.0
122.0,-16.0,75.0,-9.0,55.0,998.0,707.0,55.0
123.0,-17.0,73.0,-11.0,55.0,996.0,931.0,54.0
123.0,-17.0,74.0,-9.0,56.0,997.0,803.0,56.0
122.0,-16.0,75.0,-9.0,56.0,996.0,581.0,56.0
121.0,-16.0,75.0,-9.0,56.0,996.0,516.0,56.0
120.0,-15.0,76.0,-8.0,56.0,996.0,401.0,57.0
120.0,-14.0,77.0,-7.0,56.0,996.0,117.0,57.0
120.0,-15.0,76.0,-8.0,54.0,994.0,212.0,55.0
121.0,-15.0,75.0,-8.0,55.0,993.0,349.0,55.0
121.0,-16.0,75.0,-8.0,55.0,992.0,315.0,55.0
121.0,-16.0,74.0,-9.0,54.0,991.0,331.0,54.0
122.0,-17.0,73.0,-11.0,54.0,990.0,547.0,54.0
121.0,-16.0,74.0,-9.0,56.0,990.0,605.0,56.0
121.0,-16.0,75.0,-9.0,56.0,990.0,646.0,55.0
121.0,-16.0,74.0,-9.0,55.0,989.0,797.0,55.0
120.0,-15.0,75.0,-8.0,55.0,989.0,823.0,56.0
119.0,-14.0,77.0,-6.0,56.0,990.0,568.0,57.0
119.0,-15.0,75.0,-8.0,53.0,988.0,610.0,54.0
120.0,-15.0,75.0,-8.0,54.0,987.0,833.0,55.0
120.0,-16.0,75.0,-8.0,55.0,987.0,1075.0,55.0
120.0,-16.0,74.0,-9.0,54.0,986.0,1268.0,54.0
121.0,-17.0,73.0,-11.0,54.0,983.0,1538.0,53.0
121.0,-17.0,74.0,-10.0,56.0,984.0,1536.0,55.0
120.0,-16.0,74.0,-9.0,55.0,984.0,1431.0,55.0
120.0,-15.0,74.0,-9.0,55.0,983.0,1513.0,55.0
119.0,-15.0,74.0,-8.0,55.0,983.0,1516.0,56.0
118.0,-14.0,76.0,-6.0,55.0,984.0,1234.0,56.0
118.0,-14.0,74.0,-8.0,53.0,981.0,1234.0,54.0
119.0,-15.0,74.0,-8.0,54.0,981.0,1353.0,54.0
119.0,-15.0,74.0,-9.0,54.0,980.0,1323.0,54.0
119.0,-15.0,73.0,-9.0,54.0,979.0,1341.0,54.0
120.0,-17.0,71.0,-11.0,54.0,977.0,1572.0,53.0
120.0,-17.0,73.0,-9.0,56.0,978.0,1575.0,55.0
120.0,-16.0,73.0,-9.0,55.0,977.0,1402.0,55.0
119.0,-16.0,73.0,-9.0,55.0,977.0,1371.0,55.0
119.0,-15.0,74.0,-8.0,55.0,977.0,1325.0,55.0
118.0,-14.0,75.0,-6.0,55.0,977.0,1095.0,56.0
118.0,-14.0,74.0,-7.0,53.0,975.0,1134.0,54.0
118.0,-15.0,74.0,-8.0,54.0,975.0,1332.0,54.0
119.0,-15.0,73.0,-8.0,54.0,974.0,1354.0,54.0
119.0,-15.0,73.0,-9.0,53.0,973.0,1375.0,53.0
120.0,-16.0,71.0,-10.0,53.0,971.0,1623.0,52.0
120.0,-16.0,72.0,-10.0,55.0,972.0,1635.0,54.0
119.0,-16.0,73.0,-9.0,55.0,971.0,1464.0,55.0
118.0,-15.0,73.0,-8.0,54.0,971.0,1504.0,54.0
118.0,-15.0,73.0,-8.0,55.0,971.0,1495.0,55.0
117.0,-14.0,75.0,-6.0,55.0,971.0,1224.0,56.0
117.0,-14.0,74.0,-8.0,53.0,969.0,1180.0,54.0
117.0,-15.0,73.0,-8.0,53.0,968.0,1313.0,54.0
118.0,-15.0,73.0,-8.0,54.0,968.0,1268.0,54.0
118.0,-15.0,72.0,-9.0,53.0,967.0,1290.0,53.0
119.0,-17.0,71.0,-10.0,53.0,965.0,1541.0,52.0
119.0,-16.0,72.0,-9.0,55.0,965.0,1597.0,54.0
118.0,-15.0,73.0,-9.0,54.0,965.0,1435.0,54.0
118.0,-15.0,73.0,-8.0,54.0,965.0,1471.0,54.0
117.0,-15.0,73.0,-8.0,54.0,964.0,1442.0,54.0
116.0,-14.0,75.0,-7.0,54.0,965.0,1187.0,56.0
116.0,-14.0,74.0,-7.0,52.0,963.0,1187.0,53.0
116.0,-15.0,73.0,-8.0,53.0,962.0,1411.0,53.0
117.0,-15.0,73.0,-8.0,54.0,962.0,1430.0,53.0
117.0,-15.0,72.0,-9.0,53.0,961.0,1430.0,52.0
118.0,-17.0,70.0,-11.0,52.0,959.0,1663.0,52.0
118.0,-16.0,72.0,-10.0,55.0,960.0,1744.0,54.0
117.0,-16.0,72.0,-9.0,54.0,960.0,1596.0,54.0
117.0,-15.0,72.0,-9.0,54.0,959.0,1592.0,54.0
117.0,-15.0,72.0,-8.0,54.0,958.0,1476.0,54.0
115.0,-13.0,74.0,-6.0,54.0,959.0,1126.0,55.0
116.0,-14.0,73.0,-7.0,52.0,957.0,992.0,53.0
116.0,-15.0,72.0,-8.0,53.0,956.0,1101.0,53.0
116.0,-15.0,72.0,-8.0,53.0,956.0,1028.0,53.0
116.0,-15.0,72.0,-9.0,53.0,955.0,1004.0,52.0
117.0,-16.0,70.0,-10.0,52.0,953.0,1171.0,51.0
117.0,-16.0,71.0,-9.0,54.0,953.0,1219.0,53.0
117.0,-16.0,72.0,-9.0,54.0,953.0,989.0,53.0
116.0,-15.0,72.0,-9.0,53.0,953.0,905.0,53.0
116.0,-15.0,72.0,-8.0,53.0,953.0,798.0,54.0
115.0,-14.0,74.0,-6.0,54.0,953.0,588.0,55.0
115.0,-14.0,73.0,-7.0,52.0,951.0,627.0,53.0
115.0,-14.0,72.0,-8.0,52.0,950.0,872.0,53.0
115.0,-15.0,72.0,-8.0,53.0,950.0,913.0,53.0
115.0,-15.0,71.0,-9.0,52.0,949.0,929.0,52.0
117.0,-17.0,70.0,-10.0,52.0,947.0,1135.0,51.0
116.0,-17.0,71.0,-9.0,54.0,947.0,1226.0,52.0
116.0,-16.0,71.0,-8.0,54.0,947.0,1021.0,53.0
116.0,-15.0,71.0,-8.0,53.0,946.0,989.0,53.0
115.0,-15.0,71.0,-8.0,53.0,946.0,973.0,53.0
114.0,-14.0,73.0,-7.0,53.0,947.0,760.0,55.0
114.0,-14.0,72.0,-8.0,51.0,945.0,748.0,52.0
115.0,-14.0,71.0,-8.0,51.0,944.0,1015.0,52.0
115.0,-15.0,71.0,-8.0,52.0,943.0,975.0,52.0
115.0,-15.0,71.0,-9.0,51.0,943.0,991.0,52.0
116.0,-16.0,69.0,-10.0,51.0,941.0,1252.0,51.0
116.0,-16.0,70.0,-10.0,53.0,941.0,1412.0,52.0
115.0,-15.0,71.0,-8.0,53.0,941.0,1177.0,53.0
114.0,-15.0,71.0,-8.0,52.0,941.0,717.0,53.0
114.0,-15.0,71.0,-8.0,53.0,940.0,297.0,53.0
113.0,-14.0,73.0,-6.0,53.0,941.0,22.0,54.0
113.0,-14.0,72.0,-7.0,51.0,940.0,273.0,52.0
114.0,-14.0,71.0,-8.0,51.0,938.0,755.0,52.0
114.0,-14.0,71.0,-8.0,52.0,938.0,894.0,52.0
114.0,-15.0,71.0,-8.0,51.0,937.0,888.0,52.0
115.0,-16.0,69.0,-10.0,51.0,935.0,714.0,50.0
115.0,-16.0,70.0,-9.0,53.0,935.0,324.0,52.0
114.0,-16.0,71.0,-8.0,52.0,936.0,-155.0,52.0
114.0,-15.0,70.0,-8.0,52.0,935.0,-298.0,52.0
114.0,-15.0,71.0,-8.0,52.0,934.0,-358.0,52.0
113.0,-13.0,72.0,-6.0,53.0,935.0,-611.0,54.0
112.0,-13.0,71.0,-7.0,51.0,934.0,-782.0,52.0
113.0,-14.0,71.0,-8.0,51.0,933.0,-641.0,51.0
113.0,-15.0,71.0,-8.0,52.0,932.0,-658.0,51.0
113.0,-14.0,70.0,-9.0,51.0,931.0,-512.0,51.0
114.0,-15.0,68.0,-10.0,51.0,929.0,71.0,50.0
114.0,-16.0,69.0,-10.0,52.0,929.0,237.0,51.0
114.0,-15.0,70.0,-9.0,52.0,930.0,-123.0,52.0
113.0,-15.0,70.0,-8.0,52.0,929.0,-195.0,52.0
113.0,-15.0,70.0,-7.0,52.0,929.0,-196.0,52.0
112.0,-13.0,72.0,-6.0,52.0,929.0,-333.0,53.0
111.0,-13.0,71.0,-7.0,50.0,928.0,-393.0,52.0
112.0,-14.0,70.0,-8.0,51.0,926.0,-174.0,51.0
112.0,-14.0,70.0,-8.0,51.0,926.0,-189.0,51.0
113.0,-14.0,70.0,-8.0,51.0,925.0,-240.0,51.0
114.0,-16.0,68.0,-10.0,50.0,923.0,-102.0,50.0
114.0,-16.0,68.0,-10.0,52.0,923.0,25.0,51.0
113.0,-15.0,70.0,-8.0,52.0,924.0,-269.0,52.0
112.0,-15.0,69.0,-8.0,51.0,923.0,-383.0,52.0
112.0,-15.0,70.0,-8.0,52.0,923.0,-383.0,52.0
111.0,-13.0,71.0,-6.0,52.0,924.0,-553.0,53.0
111.0,-13.0,71.0,-6.0,50.0,922.0,-670.0,52.0
111.0,-13.0,70.0,-8.0,50.0,921.0,-864.0,51.0
112.0,-14.0,70.0,-8.0,51.0,920.0,-927.0,51.0
112.0,-14.0,69.0,-8.0,51.0,919.0,-464.0,51.0
113.0,-16.0,68.0,-10.0,50.0,918.0,275.0,49.0
113.0,-16.0,68.0,-9.0,52.0,918.0,764.0,51.0
112.0,-15.0,69.0,-8.0,52.0,918.0,751.0,51.0
112.0,-15.0,69.0,-8.0,51.0,918.0,830.0,51.0
112.0,-15.0,69.0,-8.0,51.0,917.0,927.0,51.0
110.0,-13.0,71.0,-6.0,52.0,918.0,820.0,53.0
110.0,-13.0,70.0,-6.0,50.0,916.0,738.0,51.0
111.0,-14.0,69.0,-8.0,50.0,915.0,1008.0,50.0
111.0,-14.0,69.0,-8.0,50.0,915.0,1075.0,50.0
111.0,-15.0,69.0,-8.0,50.0,914.0,1090.0,50.0
112.0,-15.0,67.0,-10.0,50.0,912.0,1213.0,49.0
113.0,-16.0,67.0,-10.0,52.0,912.0,1316.0,50.0
113.0,-14.0,70.0,-8.0,53.0,914.0,1066.0,52.0
115.0,-12.0,74.0,-7.0,54.0,917.0,1100.0,55.0
117.0,-11.0,77.0,-6.0,56.0,920.0,1151.0,57.0
117.0,-9.0,81.0,-3.0,58.0,923.0,1012.0,60.0
119.0,-9.0,84.0,-3.0,58.0,925.0,837.0,61.0
124.0,-11.0,86.0,-4.0,60.0,927.0,984.0,63.0
127.0,-12.0,90.0,-4.0,63.0,929.0,961.0,65.0
129.0,-12.0,92.0,-3.0,64.0,931.0,896.0,66.0
132.0,-13.0,93.0,-4.0,65.0,932.0,976.0,68.0
134.0,-14.0,94.0,-4.0,67.0,933.0,1156.0,69.0
133.0,-11.0,97.0,-3.0,68.0,935.0,989.0,72.0
133.0,-9.0,98.0,-2.0,68.0,936.0,1020.0,72.0
134.0,-10.0,99.0,-1.0,69.0,936.0,1125.0,73.0
135.0,-11.0,102.0,0.0,70.0,937.0,1009.0,75.0
134.0,-10.0,101.0,0.0,69.0,936.0,729.0,74.0
134.0,-11.0,100.0,-1.0,68.0,935.0,888.0,73.0
134.0,-11.0,100.0,-2.0,68.0,934.0,896.0,73.0
135.0,-12.0,99.0,-2.0,68.0,933.0,874.0,73.0
136.0,-15.0,97.0,-4.0,68.0,930.0,1002.0,71.0
136.0,-18.0,96.0,-4.0,69.0,929.0,1218.0,71.0
135.0,-17.0,97.0,-3.0,69.0,929.0,1045.0,72.0
134.0,-16.0,96.0,-3.0,68.0,928.0,982.0,72.0
132.0,-14.0,96.0,-3.0,67.0,927.0,979.0,71.0
131.0,-12.0,97.0,-1.0,67.0,927.0,825.0,72.0
130.0,-12.0,97.0,-1.0,66.0,926.0,613.0,71.0
130.0,-13.0,95.0,-2.0,65.0,924.0,868.0,69.0
129.0,-14.0,92.0,-3.0,65.0,921.0,998.0,67.0
128.0,-15.0,90.0,-4.0,64.0,919.0,1045.0,66.0
128.0,-16.0,88.0,-5.0,63.0,917.0,1152.0,65.0
127.0,-18.0,86.0,-6.0,63.0,914.0,1346.0,64.0
125.0,-17.0,85.0,-5.0,63.0,913.0,1114.0,64.0
123.0,-15.0,84.0,-4.0,61.0,911.0,1010.0,63.0
122.0,-15.0,83.0,-4.0,60.0,909.0,1013.0,62.0
119.0,-14.0,82.0,-4.0,59.0,907.0,894.0,61.0
117.0,-13.0,80.0,-4.0,56.0,905.0,690.0,59.0
116.0,-13.0,78.0,-5.0,54.0,902.0,901.0,57.0
115.0,-13.0,76.0,-6.0,55.0,900.0,939.0,56.0
113.0,-14.0,73.0,-7.0,53.0,897.0,950.0,54.0
111.0,-13.0,70.0,-8.0,51.0,893.0,1129.0,51.0
111.0,-14.0,68.0,-9.0,51.0,891.0,1385.0,50.0
109.0,-15.0,67.0,-8.0,50.0,890.0,1192.0,50.0
108.0,-14.0,66.0,-8.0,49.0,889.0,1101.0,49.0
108.0,-14.0,66.0,-7.0,49.0,888.0,1076.0,50.0
107.0,-13.0,68.0,-6.0,50.0,888.0,929.0,51.0
106.0,-12.0,68.0,-6.0,49.0,888.0,615.0,50.0
107.0,-13.0,67.0,-8.0,48.0,886.0,699.0,49.0
107.0,-14.0,66.0,-8.0,49.0,886.0,670.0,49.0
108.0,-14.0,66.0,-8.0,48.0,885.0,630.0,48.0
108.0,-15.0,65.0,-9.0,47.0,883.0,733.0,47.0
109.0,-16.0,64.0,-10.0,49.0,882.0,963.0,48.0
108.0,-15.0,66.0,-8.0,50.0,883.0,773.0,49.0
107.0,-14.0,66.0,-8.0,49.0,883.0,686.0,49.0
107.0,-14.0,66.0,-8.0,49.0,882.0,671.0,49.0
106.0,-14.0,67.0,-6.0,50.0,883.0,541.0,50.0
105.0,-12.0,67.0,-6.0,48.0,882.0,329.0,49.0
106.0,-13.0,66.0,-8.0,47.0,880.0,541.0,48.0
106.0,-13.0,66.0,-8.0,48.0,880.0,579.0,48.0
106.0,-14.0,66.0,-8.0,48.0,879.0,533.0,48.0
107.0,-14.0,65.0,-9.0,48.0,878.0,599.0,47.0
108.0,-15.0,64.0,-10.0,49.0,877.0,806.0,47.0
107.0,-15.0,65.0,-8.0,50.0,878.0,590.0,49.0
106.0,-14.0,66.0,-8.0,48.0,877.0,475.0,49.0
106.0,-14.0,66.0,-7.0,49.0,877.0,500.0,49.0
106.0,-13.0,67.0,-6.0,49.0,877.0,421.0,50.0
105.0,-12.0,68.0,-6.0,48.0,877.0,190.0,50.0
105.0,-13.0,66.0,-7.0,47.0,875.0,377.0,48.0
106.0,-13.0,65.0,-7.0,48.0,875.0,457.0,48.0
105.0,-13.0,65.0,-8.0,48.0,874.0,473.0,48.0
106.0,-14.0,64.0,-9.0,47.0,872.0,571.0,46.0
108.0,-15.0,63.0,-10.0,48.0,871.0,856.0,47.0
107.0,-14.0,65.0,-8.0,49.0,872.0,711.0,48.0
106.0,-14.0,65.0,-8.0,48.0,871.0,613.0,48.0
106.0,-14.0,65.0,-8.0,48.0,871.0,621.0,48.0
105.0,-13.0,67.0,-7.0,49.0,872.0,556.0,49.0
90.0,-23.0,87.0,-4.0,35.0,842.0,1040.0,30.0
85.0,-22.0,94.0,-1.0,33.0,838.0,913.0,28.0
84.0,-14.0,90.0,-3.0,33.0,841.0,828.0,29.0
89.0,-6.0,79.0,-6.0,37.0,851.0,844.0,36.0
99.0,6.0,61.0,-10.0,47.0,870.0,710.0,49.0
116.0,31.0,28.0,-18.0,60.0,904.0,456.0,70.0
139.0,55.0,-13.0,-31.0,77.0,942.0,610.0,94.0
164.0,77.0,-55.0,-42.0,98.0,983.0,674.0,121.0
190.0,99.0,-97.0,-54.0,118.0,1024.0,714.0,149.0
216.0,120.0,-141.0,-66.0,138.0,1064.0,881.0,175.0
243.0,140.0,-184.0,-78.0,159.0,1104.0,1206.0,202.0
268.0,161.0,-224.0,-87.0,180.0,1146.0,1077.0,231.0
293.0,177.0,-263.0,-96.0,200.0,1184.0,987.0,257.0
318.0,183.0,-296.0,-103.0,219.0,1217.0,1029.0,281.0
340.0,183.0,-322.0,-107.0,234.0,1243.0,955.0,301.0
355.0,186.0,-342.0,-110.0,245.0,1263.0,664.0,316.0
367.0,188.0,-358.0,-115.0,252.0,1276.0,825.0,325.0
374.0,184.0,-364.0,-116.0,258.0,1280.0,951.0,330.0
376.0,172.0,-361.0,-115.0,259.0,1277.0,926.0,330.0
374.0,162.0,-354.0,-113.0,256.0,1267.0,998.0,324.0
367.0,153.0,-341.0,-110.0,250.0,1252.0,1276.0,315.0
355.0,143.0,-320.0,-103.0,243.0,1235.0,1130.0,305.0
342.0,130.0,-297.0,-97.0,231.0,1211.0,978.0,290.0
324.0,113.0,-266.0,-89.0,217.0,1180.0,925.0,270.0
301.0,93.0,-228.0,-78.0,200.0,1144.0,793.0,247.0
276.0,72.0,-187.0,-66.0,180.0,1105.0,396.0,221.0
251.0,46.0,-144.0,-56.0,158.0,1059.0,349.0,191.0
225.0,18.0,-98.0,-43.0,138.0,1014.0,311.0,162.0
200.0,-5.0,-55.0,-32.0,118.0,971.0,278.0,134.0
174.0,-23.0,-15.0,-23.0,97.0,930.0,535.0,106.0
149.0,-43.0,23.0,-14.0,77.0,888.0,989.0,79.0
121.0,-59.0,58.0,-7.0,57.0,848.0,950.0,53.0
92.0,-80.0,67.0,-7.0,34.0,801.0,802.0,22.0
65.0,-97.0,68.0,-7.0,14.0,760.0,763.0,-4.0
46.0,-88.0,68.0,-6.0,2.0,744.0,691.0,-17.0
40.0,-69.0,70.0,-4.0,0.0,748.0,401.0,-17.0
49.0,-59.0,68.0,-6.0,4.0,762.0,520.0,-10.0
64.0,-47.0,68.0,-6.0,16.0,785.0,714.0,5.0
78.0,-35.0,68.0,-6.0,27.0,807.0,780.0,20.0
90.0,-27.0,67.0,-7.0,36.0,824.0,857.0,31.0
99.0,-20.0,66.0,-8.0,43.0,836.0,1104.0,40.0
101.0,-16.0,67.0,-7.0,46.0,842.0,1054.0,44.0
100.0,-15.0,67.0,-6.0,45.0,841.0,961.0,44.0
100.0,-15.0,67.0,-6.0,45.0,840.0,799.0,44.0
100.0,-14.0,68.0,-5.0,45.0,840.0,-3.0,45.0
98.0,-13.0,70.0,-4.0,45.0,841.0,-366.0,45.0
99.0,-14.0,68.0,-6.0,43.0,839.0,76.0,43.0
99.0,-15.0,67.0,-7.0,44.0,838.0,377.0,43.0
99.0,-15.0,67.0,-7.0,44.0,837.0,454.0,43.0
99.0,-15.0,66.0,-7.0,44.0,837.0,551.0,43.0
101.0,-16.0,65.0,-8.0,44.0,835.0,761.0,42.0
100.0,-16.0,67.0,-7.0,46.0,836.0,635.0,44.0
100.0,-15.0,67.0,-7.0,45.0,836.0,450.0,44.0
100.0,-15.0,67.0,-6.0,45.0,835.0,457.0,44.0
99.0,-15.0,68.0,-5.0,45.0,835.0,424.0,45.0
98.0,-13.0,69.0,-4.0,44.0,836.0,164.0,45.0
98.0,-14.0,67.0,-6.0,42.0,833.0,212.0,43.0
99.0,-15.0,67.0,-6.0,43.0,833.0,329.0,43.0
99.0,-15.0,67.0,-6.0,44.0,832.0,385.0,43.0
99.0,-15.0,66.0,-7.0,43.0,831.0,459.0,42.0
100.0,-16.0,64.0,-9.0,43.0,830.0,732.0,42.0
99.0,-16.0,66.0,-7.0,45.0,831.0,657.0,44.0
99.0,-15.0,67.0,-6.0,45.0,831.0,521.0,44.0
99.0,-15.0,67.0,-6.0,44.0,830.0,530.0,44.0
98.0,-15.0,67.0,-5.0,45.0,830.0,470.0,44.0
97.0,-13.0,69.0,-4.0,45.0,831.0,207.0,45.0
97.0,-14.0,67.0,-6.0,43.0,828.0,259.0,43.0
98.0,-14.0,66.0,-6.0,43.0,828.0,375.0,43.0
98.0,-14.0,66.0,-6.0,43.0,827.0,404.0,43.0
98.0,-15.0,66.0,-7.0,43.0,826.0,485.0,42.0
99.0,-16.0,64.0,-8.0,43.0,825.0,736.0,41.0
99.0,-16.0,66.0,-7.0,45.0,826.0,667.0,43.0
98.0,-15.0,66.0,-6.0,44.0,825.0,-44.0,43.0
98.0,-15.0,66.0,-6.0,44.0,825.0,-1169.0,44.0
97.0,-15.0,66.0,-5.0,44.0,825.0,-1834.0,44.0
96.0,-13.0,68.0,-4.0,45.0,826.0,-2277.0,45.0
97.0,-14.0,67.0,-6.0,43.0,823.0,-2302.0,43.0
97.0,-14.0,66.0,-6.0,43.0,822.0,-2271.0,43.0
98.0,-14.0,66.0,-6.0,43.0,822.0,-2374.0,43.0
97.0,-14.0,65.0,-7.0,43.0,821.0,-2342.0,42.0
99.0,-16.0,64.0,-8.0,43.0,820.0,-2027.0,42.0
101.0,-14.0,68.0,-6.0,46.0,823.0,-2046.0,45.0
101.0,-13.0,70.0,-5.0,46.0,824.0,-2199.0,46.0
101.0,-13.0,71.0,-5.0,47.0,825.0,-2191.0,47.0
102.0,-11.0,74.0,-4.0,48.0,827.0,-2209.0,49.0
102.0,-10.0,77.0,-2.0,49.0,829.0,-2409.0,51.0
104.0,-12.0,77.0,-3.0,48.0,829.0,-2372.0,50.0
105.0,-13.0,76.0,-4.0,49.0,828.0,-2251.0,50.0
105.0,-13.0,76.0,-4.0,49.0,827.0,-2255.0,50.0
106.0,-14.0,77.0,-4.0,49.0,827.0,-2242.0,50.0
108.0,-14.0,77.0,-5.0,51.0,828.0,-2043.0,51.0
108.0,-13.0,79.0,-3.0,53.0,830.0,-2075.0,53.0
108.0,-12.0,80.0,-3.0,52.0,830.0,-2183.0,54.0
109.0,-13.0,81.0,-3.0,53.0,830.0,-2099.0,54.0
110.0,-14.0,82.0,-2.0,54.0,831.0,-2071.0,56.0
109.0,-12.0,85.0,0.0,55.0,832.0,-2288.0,57.0
109.0,-9.0,85.0,-1.0,53.0,832.0,-2267.0,55.0
111.0,-10.0,85.0,-1.0,54.0,832.0,-2189.0,56.0
113.0,-12.0,86.0,-2.0,55.0,832.0,-2241.0,57.0
113.0,-13.0,86.0,-2.0,55.0,832.0,-2185.0,57.0
115.0,-13.0,86.0,-3.0,56.0,832.0,-1962.0,57.0
117.0,-11.0,91.0,-1.0,60.0,837.0,-2028.0,61.0
119.0,-9.0,96.0,0.0,61.0,841.0,-2230.0,65.0
122.0,-7.0,100.0,1.0,63.0,845.0,-2289.0,68.0
123.0,-5.0,104.0,2.0,65.0,847.0,-2356.0,70.0
124.0,-3.0,107.0,4.0,66.0,850.0,-2628.0,73.0
126.0,-2.0,110.0,4.0,65.0,852.0,-2650.0,73.0
129.0,0.0,114.0,5.0,69.0,856.0,-2523.0,76.0
133.0,0.0,118.0,6.0,71.0,859.0,-2001.0,79.0
136.0,2.0,122.0,6.0,73.0,863.0,-963.0,81.0
140.0,0.0,124.0,5.0,75.0,864.0,-130.0,82.0
143.0,0.0,128.0,7.0,79.0,868.0,138.0,86.0
144.0,2.0,133.0,9.0,81.0,872.0,126.0,90.0
147.0,5.0,138.0,10.0,83.0,876.0,286.0,93.0
149.0,7.0,143.0,12.0,85.0,881.0,325.0,96.0
151.0,10.0,149.0,14.0,87.0,885.0,116.0,100.0
154.0,9.0,150.0,14.0,87.0,887.0,-114.0,100.0
157.0,9.0,153.0,14.0,90.0,889.0,-230.0,102.0
158.0,9.0,155.0,14.0,91.0,890.0,24.0,104.0
160.0,10.0,156.0,14.0,92.0,892.0,196.0,105.0
162.0,9.0,156.0,13.0,93.0,892.0,469.0,105.0
164.0,8.0,159.0,14.0,96.0,894.0,462.0,108.0
164.0,8.0,160.0,15.0,95.0,894.0,256.0,109.0
164.0,8.0,160.0,15.0,95.0,894.0,218.0,109.0
165.0,9.0,163.0,16.0,97.0,896.0,120.0,111.0
165.0,11.0,166.0,18.0,98.0,898.0,-191.0,113.0
165.0,11.0,165.0,16.0,95.0,896.0,-181.0,110.0
165.0,10.0,163.0,16.0,96.0,895.0,73.0,110.0
164.0,8.0,161.0,15.0,95.0,892.0,121.0,108.0
163.0,7.0,159.0,14.0,94.0,889.0,172.0,107.0
164.0,3.0,155.0,12.0,93.0,885.0,374.0,105.0
162.0,3.0,154.0,12.0,93.0,884.0,394.0,105.0
160.0,2.0,152.0,13.0,92.0,882.0,206.0,104.0
158.0,3.0,150.0,13.0,90.0,879.0,206.0,102.0
156.0,1.0,148.0,12.0,90.0,877.0,118.0,101.0
153.0,2.0,148.0,13.0,89.0,875.0,-147.0,101.0
152.0,0.0,143.0,11.0,86.0,870.0,-203.0,97.0
151.0,-2.0,139.0,10.0,84.0,866.0,-19.0,94.0
148.0,-1.0,136.0,9.0,82.0,863.0,-16.0,92.0
146.0,-3.0,131.0,7.0,80.0,858.0,-16.0,89.0
145.0,-8.0,126.0,5.0,79.0,853.0,177.0,86.0
143.0,-11.0,123.0,5.0,79.0,850.0,227.0,85.0
140.0,-12.0,120.0,4.0,77.0,846.0,10.0,83.0
139.0,-16.0,116.0,3.0,75.0,842.0,12.0,81.0
136.0,-18.0,113.0,2.0,73.0,838.0,29.0,79.0
131.0,-16.0,111.0,4.0,72.0,835.0,-177.0,77.0
129.0,-14.0,107.0,3.0,68.0,831.0,-209.0,73.0
126.0,-14.0,104.0,2.0,66.0,827.0,-57.0,70.0
125.0,-15.0,101.0,0.0,65.0,824.0,-176.0,69.0
124.0,-16.0,99.0,0.0,63.0,821.0,-283.0,67.0
123.0,-18.0,95.0,-1.0,62.0,817.0,-253.0,64.0
122.0,-17.0,94.0,-1.0,63.0,817.0,-376.0,65.0
119.0,-16.0,92.0,-1.0,61.0,814.0,-591.0,64.0
117.0,-17.0,90.0,-1.0,60.0,812.0,-561.0,62.0
115.0,-15.0,89.0,-1.0,59.0,810.0,-558.0,61.0
112.0,-14.0,88.0,0.0,57.0,809.0,-756.0,61.0
111.0,-15.0,85.0,-1.0,54.0,805.0,-823.0,57.0
110.0,-15.0,84.0,-2.0,54.0,803.0,-635.0,56.0
108.0,-14.0,82.0,-2.0,53.0,801.0,-604.0,55.0
107.0,-15.0,79.0,-3.0,52.0,798.0,-537.0,53.0
107.0,-17.0,75.0,-5.0,50.0,795.0,-328.0,51.0
106.0,-16.0,75.0,-5.0,51.0,794.0,-277.0,51.0
105.0,-18.0,75.0,-4.0,51.0,792.0,-501.0,51.0
103.0,-17.0,73.0,-4.0,49.0,790.0,-571.0,50.0
102.0,-16.0,72.0,-4.0,48.0,789.0,-714.0,49.0
99.0,-14.0,73.0,-3.0,47.0,789.0,-1021.0,49.0
96.0,-13.0,68.0,-4.0,44.0,784.0,-1118.0,45.0
95.0,-14.0,66.0,-5.0,43.0,781.0,-958.0,43.0
93.0,-13.0,65.0,-5.0,42.0,779.0,-878.0,42.0
93.0,-12.0,64.0,-6.0,41.0,778.0,-885.0,41.0
94.0,-13.0,62.0,-7.0,41.0,776.0,-715.0,40.0
94.0,-14.0,62.0,-7.0,42.0,776.0,-565.0,40.0
92.0,-14.0,60.0,-6.0,41.0,774.0,-665.0,40.0
90.0,-14.0,59.0,-7.0,40.0,772.0,-556.0,39.0
90.0,-14.0,60.0,-6.0,40.0,772.0,-501.0,39.0
89.0,-13.0,61.0,-4.0,41.0,773.0,-790.0,40.0
89.0,-13.0,60.0,-5.0,38.0,771.0,-980.0,39.0
89.0,-14.0,60.0,-6.0,38.0,770.0,-814.0,38.0
89.0,-14.0,59.0,-6.0,39.0,769.0,-965.0,38.0
90.0,-14.0,59.0,-7.0,39.0,769.0,-1138.0,38.0
91.0,-15.0,57.0,-8.0,38.0,767.0,-1033.0,37.0
91.0,-15.0,58.0,-8.0,40.0,767.0,-868.0,38.0
89.0,-14.0,59.0,-7.0,40.0,768.0,-1074.0,39.0
89.0,-14.0,59.0,-6.0,40.0,767.0,-1138.0,39.0
89.0,-14.0,59.0,-6.0,40.0,767.0,-1151.0,39.0
88.0,-13.0,61.0,-4.0,40.0,768.0,-1203.0,40.0
88.0,-13.0,60.0,-5.0,38.0,767.0,-1189.0,38.0
88.0,-13.0,59.0,-6.0,38.0,765.0,-950.0,38.0
89.0,-14.0,59.0,-6.0,39.0,765.0,-858.0,38.0
89.0,-14.0,59.0,-7.0,39.0,764.0,-755.0,37.0
90.0,-15.0,57.0,-8.0,38.0,762.0,-567.0,37.0
90.0,-16.0,58.0,-7.0,40.0,763.0,-469.0,38.0
89.0,-15.0,58.0,-7.0,40.0,763.0,-683.0,38.0
89.0,-14.0,58.0,-6.0,39.0,762.0,-634.0,38.0
89.0,-14.0,59.0,-6.0,39.0,763.0,-569.0,39.0
88.0,-13.0,60.0,-4.0,40.0,763.0,-743.0,40.0
88.0,-13.0,60.0,-5.0,38.0,762.0,-893.0,39.0
88.0,-13.0,59.0,-6.0,38.0,760.0,-719.0,38.0
88.0,-14.0,59.0,-6.0,39.0,760.0,-713.0,38.0
88.0,-14.0,58.0,-6.0,38.0,759.0,-689.0,37.0
89.0,-15.0,57.0,-8.0,38.0,758.0,-523.0,36.0
89.0,-15.0,57.0,-8.0,39.0,757.0,-400.0,37.0
89.0,-14.0,58.0,-7.0,39.0,758.0,-597.0,38.0
89.0,-14.0,58.0,-7.0,39.0,758.0,-635.0,38.0
88.0,-14.0,58.0,-6.0,39.0,757.0,-639.0,38.0
87.0,-13.0,60.0,-4.0,40.0,758.0,-793.0,39.0
87.0,-13.0,60.0,-5.0,38.0,757.0,-920.0,38.0
88.0,-13.0,58.0,-6.0,37.0,756.0,-697.0,37.0
88.0,-14.0,59.0,-6.0,38.0,755.0,-733.0,37.0
88.0,-14.0,58.0,-7.0,38.0,754.0,-786.0,37.0
89.0,-15.0,56.0,-8.0,37.0,753.0,-664.0,36.0
89.0,-15.0,57.0,-8.0,39.0,753.0,-515.0,37.0
88.0,-14.0,58.0,-6.0,40.0,753.0,-700.0,38.0
88.0,-14.0,58.0,-6.0,39.0,753.0,-704.0,38.0
88.0,-14.0,58.0,-6.0,39.0,752.0,-668.0,38.0
87.0,-13.0,60.0,-4.0,40.0,753.0,-795.0,40.0
87.0,-13.0,59.0,-5.0,38.0,752.0,-937.0,38.0
87.0,-13.0,58.0,-6.0,37.0,751.0,-702.0,37.0
87.0,-13.0,58.0,-6.0,38.0,751.0,-654.0,37.0
87.0,-13.0,58.0,-7.0,37.0,750.0,-641.0,37.0
88.0,-15.0,56.0,-8.0,37.0,748.0,-562.0,36.0
88.0,-15.0,56.0,-8.0,39.0,748.0,-370.0,37.0
88.0,-14.0,57.0,-7.0,39.0,749.0,-491.0,38.0
88.0,-14.0,57.0,-7.0,38.0,748.0,-415.0,38.0
87.0,-14.0,58.0,-6.0,39.0,748.0,-296.0,38.0
87.0,-13.0,59.0,-5.0,40.0,749.0,-410.0,39.0
86.0,-12.0,59.0,-5.0,38.0,748.0,-645.0,38.0
87.0,-13.0,58.0,-6.0,37.0,746.0,-484.0,37.0
87.0,-13.0,58.0,-6.0,38.0,746.0,-489.0,37.0
87.0,-14.0,57.0,-6.0,38.0,745.0,-480.0,37.0
88.0,-15.0,56.0,-8.0,37.0,744.0,-207.0,36.0
88.0,-15.0,56.0,-8.0,39.0,743.0,83.0,36.0
87.0,-14.0,57.0,-6.0,39.0,744.0,-30.0,38.0
87.0,-14.0,57.0,-6.0,39.0,743.0,-107.0,37.0
87.0,-14.0,58.0,-6.0,39.0,743.0,-116.0,38.0
87.0,-13.0,59.0,-5.0,39.0,743.0,-340.0,39.0
86.0,-12.0,59.0,-5.0,37.0,743.0,-620.0,38.0
86.0,-13.0,58.0,-6.0,37.0,741.0,-439.0,36.0
87.0,-13.0,58.0,-6.0,38.0,741.0,-385.0,37.0
86.0,-14.0,57.0,-6.0,37.0,740.0,-377.0,37.0
87.0,-14.0,56.0,-8.0,37.0,739.0,-300.0,36.0
88.0,-15.0,56.0,-8.0,38.0,738.0,-213.0,36.0
87.0,-14.0,57.0,-7.0,39.0,739.0,-958.0,37.0
86.0,-14.0,56.0,-6.0,38.0,739.0,-1585.0,37.0
86.0,-13.0,57.0,-6.0,38.0,738.0,-1733.0,37.0
85.0,-13.0,58.0,-4.0,39.0,739.0,-1588.0,39.0
85.0,-12.0,58.0,-4.0,37.0,738.0,-1423.0,38.0
85.0,-13.0,57.0,-6.0,37.0,737.0,-1093.0,36.0
85.0,-13.0,57.0,-6.0,37.0,737.0,-1022.0,37.0
86.0,-13.0,57.0,-6.0,37.0,736.0,-1020.0,36.0
86.0,-14.0,56.0,-8.0,37.0,734.0,-901.0,35.0
87.0,-15.0,55.0,-8.0,38.0,734.0,-532.0,36.0
86.0,-14.0,56.0,-7.0,39.0,734.0,-429.0,37.0
86.0,-14.0,56.0,-6.0,38.0,734.0,-311.0,37.0
85.0,-14.0,56.0,-6.0,38.0,734.0,-204.0,37.0
85.0,-13.0,58.0,-5.0,38.0,735.0,-162.0,38.0
84.0,-12.0,58.0,-4.0,37.0,734.0,-185.0,37.0
85.0,-13.0,57.0,-5.0,36.0,732.0,98.0,36.0
85.0,-13.0,56.0,-6.0,37.0,732.0,213.0,36.0
85.0,-13.0,56.0,-6.0,37.0,731.0,204.0,36.0
86.0,-14.0,55.0,-8.0,36.0,730.0,336.0,35.0
86.0,-15.0,54.0,-8.0,38.0,729.0,585.0,35.0
85.0,-14.0,56.0,-6.0,39.0,730.0,298.0,37.0
85.0,-14.0,56.0,-6.0,38.0,730.0,94.0,37.0
85.0,-14.0,56.0,-6.0,38.0,729.0,33.0,37.0
84.0,-13.0,57.0,-5.0,38.0,730.0,-98.0,38.0
83.0,-12.0,58.0,-4.0,37.0,729.0,-327.0,38.0
84.0,-13.0,56.0,-6.0,36.0,728.0,-135.0,36.0
84.0,-13.0,56.0,-6.0,37.0,727.0,15.0,36.0
84.0,-13.0,56.0,-7.0,36.0,726.0,44.0,36.0
85.0,-14.0,55.0,-7.0,36.0,725.0,134.0,35.0
86.0,-15.0,54.0,-8.0,37.0,724.0,311.0,35.0
85.0,-14.0,55.0,-7.0,38.0,725.0,4.0,37.0
85.0,-14.0,56.0,-6.0,37.0,725.0,-127.0,36.0
84.0,-14.0,56.0,-6.0,37.0,725.0,-87.0,37.0
84.0,-13.0,57.0,-5.0,38.0,725.0,-159.0,37.0
83.0,-12.0,58.0,-4.0,37.0,725.0,-404.0,37.0
84.0,-13.0,56.0,-6.0,36.0,723.0,-253.0,35.0
84.0,-14.0,55.0,-6.0,37.0,722.0,-241.0,36.0
84.0,-13.0,55.0,-6.0,37.0,722.0,-357.0,35.0
84.0,-14.0,55.0,-8.0,36.0,721.0,-369.0,35.0
85.0,-15.0,54.0,-8.0,37.0,720.0,-81.0,35.0
85.0,-14.0,55.0,-6.0,37.0,721.0,-167.0,36.0
84.0,-14.0,55.0,-6.0,37.0,720.0,-170.0,36.0
84.0,-14.0,56.0,-6.0,37.0,720.0,-74.0,37.0
83.0,-13.0,56.0,-5.0,38.0,720.0,-201.0,38.0
82.0,-12.0,57.0,-4.0,37.0,720.0,-532.0,37.0
83.0,-13.0,55.0,-5.0,36.0,718.0,-468.0,35.0
83.0,-13.0,55.0,-6.0,37.0,718.0,-387.0,35.0
84.0,-13.0,55.0,-6.0,37.0,718.0,-311.0,35.0
84.0,-14.0,54.0,-7.0,36.0,716.0,-200.0,34.0
85.0,-15.0,53.0,-8.0,37.0,715.0,34.0,35.0
84.0,-14.0,55.0,-6.0,38.0,716.0,-37.0,37.0
84.0,-14.0,55.0,-6.0,37.0,716.0,143.0,36.0
84.0,-13.0,55.0,-6.0,37.0,715.0,283.0,36.0
83.0,-13.0,56.0,-5.0,37.0,716.0,75.0,37.0
82.0,-11.0,57.0,-4.0,36.0,716.0,-294.0,37.0
83.0,-12.0,55.0,-5.0,35.0,714.0,-226.0,35.0
83.0,-13.0,55.0,-6.0,36.0,714.0,-229.0,35.0
83.0,-13.0,55.0,-6.0,36.0,713.0,-293.0,35.0
83.0,-13.0,54.0,-7.0,36.0,712.0,-240.0,34.0
84.0,-15.0,53.0,-8.0,36.0,710.0,-25.0,34.0
84.0,-14.0,54.0,-7.0,38.0,711.0,-188.0,36.0
83.0,-14.0,54.0,-6.0,37.0,711.0,-242.0,36.0
83.0,-13.0,55.0,-6.0,37.0,711.0,-211.0,36.0
82.0,-13.0,56.0,-5.0,37.0,711.0,-333.0,37.0
81.0,-12.0,57.0,-4.0,36.0,711.0,-554.0,37.0
82.0,-12.0,55.0,-6.0,34.0,709.0,-270.0,35.0
82.0,-13.0,55.0,-6.0,36.0,709.0,-111.0,35.0
82.0,-13.0,54.0,-6.0,36.0,708.0,-158.0,35.0
83.0,-14.0,53.0,-7.0,35.0,707.0,-77.0,34.0
83.0,-15.0,52.0,-8.0,36.0,706.0,166.0,34.0
83.0,-14.0,54.0,-6.0,38.0,707.0,20.0,36.0
82.0,-13.0,54.0,-6.0,37.0,707.0,-54.0,36.0
82.0,-13.0,54.0,-6.0,36.0,706.0,-53.0,36.0
82.0,-13.0,55.0,-5.0,37.0,707.0,-96.0,36.0
81.0,-11.0,56.0,-4.0,36.0,707.0,-258.0,37.0
81.0,-12.0,54.0,-6.0,35.0,705.0,-66.0,35.0
81.0,-12.0,54.0,-6.0,35.0,705.0,136.0,35.0
82.0,-13.0,54.0,-6.0,35.0,704.0,196.0,35.0
82.0,-13.0,53.0,-7.0,35.0,703.0,180.0,34.0
83.0,-15.0,52.0,-8.0,36.0,702.0,372.0,33.0
82.0,-14.0,54.0,-6.0,37.0,703.0,282.0,35.0
82.0,-13.0,54.0,-6.0,36.0,703.0,275.0,35.0
82.0,-13.0,54.0,-6.0,36.0,702.0,379.0,35.0
81.0,-12.0,54.0,-5.0,37.0,702.0,339.0,36.0
80.0,-11.0,56.0,-4.0,36.0,702.0,84.0,36.0
81.0,-12.0,54.0,-5.0,34.0,701.0,206.0,35.0
81.0,-12.0,54.0,-6.0,35.0,700.0,311.0,35.0
81.0,-13.0,54.0,-6.0,35.0,700.0,248.0,34.0
82.0,-13.0,53.0,-7.0,35.0,698.0,252.0,34.0
83.0,-15.0,52.0,-8.0,35.0,697.0,412.0,33.0
82.0,-14.0,53.0,-7.0,36.0,698.0,153.0,35.0
82.0,-13.0,53.0,-6.0,36.0,698.0,-83.0,35.0
81.0,-13.0,54.0,-5.0,36.0,698.0,-122.0,35.0
81.0,-12.0,55.0,-5.0,36.0,698.0,-175.0,36.0
80.0,-11.0,56.0,-3.0,36.0,698.0,-408.0,36.0
81.0,-11.0,56.0,-5.0,35.0,698.0,-277.0,35.0
84.0,-10.0,60.0,-4.0,38.0,702.0,-115.0,38.0
86.0,-9.0,62.0,-4.0,39.0,704.0,99.0,40.0
88.0,-9.0,63.0,-4.0,40.0,705.0,377.0,41.0
92.0,-10.0,65.0,-5.0,42.0,707.0,715.0,43.0
95.0,-11.0,71.0,-2.0,47.0,712.0,710.0,48.0
97.0,-11.0,74.0,-1.0,48.0,714.0,620.0,50.0
99.0,-11.0,76.0,-1.0,49.0,716.0,566.0,52.0
101.0,-11.0,80.0,0.0,52.0,719.0,491.0,55.0
101.0,-10.0,83.0,1.0,53.0,721.0,195.0,56.0
102.0,-8.0,83.0,0.0,51.0,720.0,242.0,55.0
102.0,-7.0,83.0,0.0,52.0,721.0,323.0,56.0
104.0,-8.0,84.0,0.0,53.0,721.0,301.0,57.0
105.0,-10.0,84.0,0.0,53.0,721.0,327.0,56.0
106.0,-12.0,83.0,-2.0,54.0,720.0,564.0,56.0
106.0,-11.0,84.0,0.0,55.0,721.0,534.0,58.0
105.0,-10.0,84.0,0.0,54.0,720.0,380.0,58.0
105.0,-10.0,84.0,0.0,54.0,720.0,365.0,58.0
105.0,-13.0,84.0,0.0,55.0,719.0,362.0,58.0
104.0,-13.0,84.0,1.0,54.0,719.0,192.0,58.0
104.0,-14.0,82.0,0.0,52.0,717.0,319.0,56.0
104.0,-14.0,82.0,0.0,53.0,716.0,471.0,56.0
103.0,-13.0,81.0,0.0,52.0,714.0,491.0,54.0
102.0,-12.0,79.0,-1.0,51.0,712.0,491.0,53.0
103.0,-13.0,78.0,-2.0,51.0,711.0,680.0,52.0
102.0,-13.0,79.0,-1.0,52.0,712.0,442.0,54.0
100.0,-13.0,76.0,-1.0,51.0,709.0,192.0,52.0
99.0,-14.0,75.0,-2.0,50.0,707.0,279.0,52.0
98.0,-14.0,75.0,-1.0,49.0,706.0,298.0,52.0
96.0,-13.0,74.0,0.0,48.0,705.0,31.0,51.0
95.0,-14.0,71.0,-1.0,45.0,701.0,113.0,48.0
93.0,-13.0,69.0,-2.0,45.0,699.0,352.0,46.0
92.0,-13.0,68.0,-3.0,44.0,697.0,381.0,45.0
91.0,-14.0,65.0,-4.0,42.0,694.0,421.0,43.0
91.0,-15.0,62.0,-6.0,42.0,691.0,550.0,41.0
89.0,-13.0,62.0,-5.0,42.0,691.0,357.0,42.0
87.0,-12.0,61.0,-4.0,41.0,689.0,101.0,41.0
84.0,-13.0,58.0,-5.0,39.0,686.0,-23.0,39.0
82.0,-11.0,57.0,-4.0,38.0,684.0,-152.0,38.0
79.0,-9.0,57.0,-3.0,37.0,683.0,-484.0,37.0
78.0,-11.0,53.0,-5.0,33.0,679.0,-528.0,33.0
78.0,-12.0,52.0,-5.0,34.0,678.0,-403.0,33.0
78.0,-13.0,52.0,-6.0,34.0,677.0,-503.0,33.0
78.0,-13.0,51.0,-7.0,34.0,676.0,-614.0,32.0
80.0,-14.0,50.0,-8.0,33.0,675.0,-424.0,32.0
79.0,-13.0,51.0,-6.0,35.0,676.0,-400.0,34.0
79.0,-13.0,51.0,-6.0,35.0,676.0,-518.0,34.0
79.0,-13.0,51.0,-6.0,35.0,676.0,-494.0,34.0
78.0,-12.0,52.0,-5.0,35.0,676.0,-498.0,34.0
77.0,-11.0,53.0,-3.0,35.0,676.0,-693.0,35.0
77.0,-12.0,52.0,-4.0,33.0,674.0,-627.0,33.0
78.0,-12.0,51.0,-5.0,34.0,674.0,-478.0,33.0
78.0,-12.0,51.0,-6.0,34.0,673.0,-490.0,33.0
78.0,-12.0,51.0,-6.0,33.0,673.0,-434.0,33.0
79.0,-14.0,49.0,-8.0,33.0,671.0,-184.0,31.0
79.0,-13.0,50.0,-6.0,35.0,672.0,-163.0,33.0
78.0,-13.0,51.0,-6.0,34.0,672.0,-263.0,34.0
78.0,-13.0,51.0,-5.0,34.0,671.0,-270.0,34.0
78.0,-12.0,52.0,-5.0,35.0,671.0,-398.0,34.0
76.0,-11.0,53.0,-4.0,35.0,672.0,-497.0,35.0
77.0,-11.0,51.0,-5.0,33.0,670.0,-357.0,33.0
77.0,-12.0,51.0,-6.0,33.0,669.0,-277.0,33.0
78.0,-13.0,51.0,-6.0,34.0,669.0,-318.0,33.0
78.0,-13.0,50.0,-6.0,33.0,668.0,-245.0,32.0
79.0,-14.0,49.0,-8.0,33.0,667.0,-156.0,31.0
78.0,-14.0,50.0,-7.0,35.0,667.0,-278.0,33.0
77.0,-13.0,51.0,-6.0,34.0,667.0,-420.0,33.0
77.0,-13.0,51.0,-6.0,34.0,667.0,-415.0,33.0
77.0,-12.0,51.0,-5.0,34.0,667.0,-461.0,34.0
76.0,-11.0,52.0,-4.0,34.0,668.0,-711.0,34.0
76.0,-11.0,51.0,-5.0,32.0,666.0,-688.0,33.0
77.0,-12.0,51.0,-6.0,33.0,665.0,-553.0,33.0
77.0,-12.0,51.0,-6.0,33.0,665.0,-542.0,33.0
77.0,-12.0,50.0,-6.0,33.0,664.0,-511.0,32.0
78.0,-13.0,48.0,-8.0,33.0,662.0,-289.0,31.0
78.0,-14.0,50.0,-7.0,35.0,663.0,-160.0,33.0
75.0,-13.0,53.0,-5.0,33.0,661.0,-314.0,31.0
70.0,-15.0,60.0,-3.0,29.0,653.0,-371.0,26.0
65.0,-18.0,68.0,-1.0,25.0,646.0,-423.0,21.0
58.0,-18.0,76.0,1.0,21.0,640.0,-687.0,17.0
54.0,-18.0,80.0,1.0,16.0,633.0,-810.0,12.0
55.0,-12.0,76.0,-1.0,18.0,637.0,-832.0,14.0
61.0,-4.0,64.0,-4.0,23.0,647.0,-877.0,20.0
72.0,7.0,44.0,-10.0,31.0,665.0,-891.0,33.0
90.0,31.0,9.0,-21.0,46.0,698.0,-797.0,53.0
113.0,56.0,-30.0,-31.0,67.0,739.0,-857.0,81.0
137.0,79.0,-71.0,-42.0,86.0,780.0,-1100.0,108.0
163.0,101.0,-114.0,-52.0,106.0,821.0,-1078.0,136.0
189.0,122.0,-156.0,-63.0,126.0,863.0,-1049.0,163.0
214.0,145.0,-197.0,-73.0,147.0,905.0,-1249.0,192.0
239.0,165.0,-240.0,-84.0,164.0,944.0,-1223.0,217.0
266.0,179.0,-279.0,-95.0,184.0,981.0,-987.0,243.0
291.0,185.0,-312.0,-102.0,204.0,1014.0,-906.0,266.0
313.0,183.0,-338.0,-107.0,219.0,1039.0,-809.0,285.0
330.0,184.0,-361.0,-113.0,231.0,1057.0,-586.0,299.0
341.0,188.0,-374.0,-116.0,241.0,1072.0,-518.0,311.0
347.0,184.0,-378.0,-115.0,244.0,1077.0,-578.0,316.0
349.0,173.0,-375.0,-113.0,245.0,1073.0,-500.0,315.0
346.0,164.0,-366.0,-109.0,243.0,1065.0,-558.0,311.0
336.0,156.0,-350.0,-104.0,237.0,1052.0,-740.0,303.0
325.0,146.0,-332.0,-100.0,225.0,1032.0,-685.0,288.0
312.0,132.0,-310.0,-94.0,215.0,1008.0,-489.0,273.0
294.0,113.0,-279.0,-86.0,202.0,977.0,-535.0,253.0
273.0,92.0,-242.0,-76.0,184.0,939.0,-519.0,229.0
250.0,69.0,-203.0,-67.0,164.0,897.0,-267.0,202.0
224.0,44.0,-158.0,-55.0,145.0,855.0,-279.0,175.0
197.0,17.0,-111.0,-41.0,124.0,810.0,-548.0,147.0
171.0,-4.0,-68.0,-30.0,103.0,767.0,-626.0,119.0
145.0,-22.0,-28.0,-20.0,83.0,727.0,-725.0,92.0
118.0,-39.0,14.0,-8.0,64.0,688.0,-1046.0,66.0
90.0,-56.0,46.0,-4.0,40.0,645.0,-1172.0,36.0
62.0,-79.0,53.0,-4.0,18.0,598.0,-986.0,5.0
35.0,-95.0,54.0,-5.0,-1.0,558.0,-984.0,-20.0
18.0,-86.0,54.0,-5.0,-13.0,542.0,-1032.0,-34.0
14.0,-70.0,52.0,-6.0,-15.0,544.0,-932.0,-36.0
24.0,-60.0,53.0,-6.0,-6.0,561.0,-922.0,-24.0
37.0,-45.0,53.0,-5.0,3.0,584.0,-1146.0,-8.0
51.0,-33.0,53.0,-5.0,14.0,607.0,-1145.0,6.0
63.0,-24.0,54.0,-4.0,23.0,625.0,-1111.0,19.0
70.0,-15.0,55.0,-2.0,30.0,640.0,-1229.0,29.0
71.0,-12.0,54.0,-3.0,30.0,642.0,-1291.0,29.0
72.0,-13.0,54.0,-4.0,30.0,641.0,-1141.0,29.0
72.0,-13.0,53.0,-4.0,30.0,640.0,-1155.0,29.0
73.0,-14.0,53.0,-5.0,30.0,640.0,-1095.0,28.0
73.0,-15.0,51.0,-7.0,30.0,638.0,-905.0,27.0
73.0,-15.0,52.0,-6.0,32.0,638.0,-867.0,29.0
73.0,-14.0,53.0,-4.0,32.0,639.0,-1075.0,29.0
72.0,-14.0,53.0,-5.0,31.0,638.0,-1066.0,29.0
72.0,-14.0,53.0,-4.0,31.0,638.0,-1098.0,30.0
71.0,-12.0,55.0,-2.0,31.0,639.0,-1296.0,31.0
71.0,-12.0,54.0,-3.0,29.0,638.0,-1334.0,29.0
71.0,-13.0,53.0,-4.0,29.0,637.0,-1042.0,29.0
71.0,-14.0,53.0,-4.0,30.0,636.0,-925.0,29.0
71.0,-13.0,53.0,-4.0,30.0,636.0,-878.0,28.0
72.0,-15.0,51.0,-6.0,29.0,634.0,-742.0,27.0
72.0,-15.0,52.0,-6.0,31.0,634.0,-693.0,28.0
72.0,-14.0,53.0,-4.0,31.0,635.0,-935.0,30.0
72.0,-14.0,53.0,-4.0,31.0,634.0,-1061.0,29.0
72.0,-13.0,53.0,-4.0,31.0,634.0,-1171.0,30.0
70.0,-12.0,55.0,-2.0,32.0,635.0,-1349.0,31.0
70.0,-12.0,54.0,-3.0,29.0,634.0,-1379.0,29.0
71.0,-13.0,52.0,-4.0,29.0,632.0,-1147.0,28.0
71.0,-13.0,53.0,-4.0,30.0,632.0,-1086.0,28.0
71.0,-13.0,52.0,-5.0,30.0,632.0,-998.0,28.0
72.0,-14.0,51.0,-6.0,29.0,630.0,-816.0,27.0
72.0,-15.0,51.0,-6.0,31.0,630.0,-698.0,29.0
71.0,-14.0,52.0,-4.0,31.0,631.0,-871.0,29.0
71.0,-14.0,52.0,-5.0,30.0,630.0,-851.0,29.0
71.0,-14.0,53.0,-4.0,31.0,630.0,-832.0,29.0
70.0,-12.0,54.0,-3.0,31.0,631.0,-1028.0,31.0
70.0,-12.0,53.0,-3.0,29.0,630.0,-1233.0,29.0
71.0,-13.0,53.0,-4.0,29.0,629.0,-983.0,28.0
71.0,-13.0,53.0,-4.0,30.0,629.0,-846.0,29.0
71.0,-13.0,52.0,-4.0,30.0,628.0,-729.0,28.0
71.0,-14.0,51.0,-6.0,29.0,626.0,-549.0,27.0
72.0,-15.0,51.0,-6.0,31.0,626.0,-412.0,28.0
71.0,-14.0,52.0,-5.0,31.0,627.0,-472.0,29.0
71.0,-14.0,52.0,-5.0,30.0,626.0,-426.0,29.0
70.0,-13.0,52.0,-4.0,30.0,626.0,-517.0,29.0
70.0,-12.0,55.0,-2.0,31.0,628.0,-786.0,31.0
71.0,-11.0,57.0,-2.0,31.0,630.0,-893.0,32.0
72.0,-11.0,57.0,-3.0,32.0,629.0,-504.0,31.0
74.0,-11.0,57.0,-3.0,32.0,630.0,-356.0,32.0
75.0,-10.0,60.0,-3.0,33.0,632.0,-329.0,33.0
77.0,-11.0,60.0,-4.0,34.0,631.0,-243.0,33.0
79.0,-13.0,60.0,-4.0,37.0,632.0,-149.0,35.0
79.0,-13.0,62.0,-2.0,37.0,634.0,-290.0,36.0
79.0,-13.0,62.0,-2.0,37.0,633.0,-212.0,36.0
83.0,-13.0,68.0,-1.0,40.0,636.0,-366.0,40.0
84.0,-12.0,68.0,-2.0,39.0,636.0,-25.0,39.0
85.0,-10.0,69.0,-2.0,41.0,637.0,120.0,41.0
85.0,-10.0,71.0,0.0,42.0,639.0,-55.0,43.0
86.0,-12.0,72.0,0.0,43.0,639.0,34.0,44.0
86.0,-11.0,73.0,0.0,43.0,640.0,58.0,44.0
86.0,-10.0,76.0,1.0,44.0,642.0,-51.0,47.0
88.0,-7.0,80.0,2.0,45.0,645.0,-135.0,48.0
92.0,-6.0,83.0,2.0,46.0,648.0,102.0,50.0
95.0,-5.0,87.0,3.0,49.0,652.0,274.0,53.0
96.0,-4.0,89.0,3.0,50.0,654.0,417.0,55.0
99.0,-4.0,90.0,2.0,50.0,655.0,542.0,55.0
102.0,-3.0,94.0,3.0,54.0,659.0,682.0,58.0
104.0,0.0,100.0,6.0,57.0,664.0,644.0,63.0
107.0,1.0,105.0,7.0,59.0,667.0,692.0,65.0
109.0,3.0,109.0,9.0,61.0,672.0,645.0,68.0
111.0,4.0,114.0,11.0,64.0,676.0,518.0,72.0
113.0,4.0,117.0,11.0,65.0,678.0,369.0,74.0
117.0,5.0,120.0,11.0,66.0,681.0,583.0,75.0
120.0,7.0,124.0,12.0,69.0,685.0,594.0,78.0
123.0,8.0,129.0,13.0,71.0,689.0,628.0,81.0
127.0,10.0,132.0,13.0,72.0,692.0,795.0,83.0
130.0,8.0,135.0,13.0,76.0,695.0,1039.0,86.0
132.0,9.0,139.0,15.0,78.0,699.0,914.0,89.0
133.0,10.0,141.0,15.0,78.0,700.0,856.0,90.0
134.0,11.0,143.0,16.0,79.0,702.0,767.0,92.0
135.0,12.0,146.0,18.0,81.0,704.0,544.0,94.0
135.0,12.0,147.0,18.0,80.0,704.0,327.0,94.0
137.0,10.0,146.0,17.0,80.0,704.0,552.0,94.0
137.0,10.0,147.0,17.0,82.0,704.0,630.0,94.0
140.0,10.0,149.0,17.0,83.0,706.0,636.0,96.0
140.0,10.0,149.0,17.0,83.0,705.0,733.0,95.0
141.0,9.0,149.0,16.0,84.0,705.0,932.0,96.0
140.0,10.0,150.0,17.0,84.0,705.0,778.0,97.0
138.0,9.0,147.0,17.0,82.0,702.0,732.0,95.0
137.0,8.0,145.0,16.0,81.0,700.0,749.0,94.0
136.0,6.0,145.0,17.0,82.0,699.0,713.0,94.0
133.0,7.0,143.0,17.0,79.0,696.0,612.0,92.0
132.0,5.0,139.0,15.0,77.0,692.0,862.0,89.0
131.0,4.0,137.0,14.0,77.0,690.0,887.0,88.0
130.0,2.0,134.0,13.0,76.0,687.0,878.0,86.0
129.0,1.0,130.0,11.0,74.0,683.0,1036.0,83.0
128.0,-2.0,127.0,10.0,74.0,680.0,1360.0,82.0
125.0,-2.0,125.0,11.0,73.0,677.0,1296.0,81.0
122.0,-1.0,122.0,10.0,70.0,674.0,1266.0,78.0
120.0,-3.0,118.0,9.0,68.0,670.0,1241.0,76.0
118.0,-5.0,117.0,10.0,68.0,667.0,1151.0,76.0
115.0,-7.0,112.0,9.0,64.0,663.0,883.0,72.0
113.0,-10.0,107.0,7.0,61.0,657.0,1022.0,68.0
112.0,-14.0,103.0,5.0,61.0,654.0,1121.0,67.0
110.0,-16.0,99.0,4.0,59.0,649.0,1065.0,64.0
107.0,-18.0,94.0,2.0,56.0,644.0,1025.0,60.0
105.0,-16.0,91.0,1.0,56.0,641.0,1327.0,58.0
102.0,-14.0,90.0,2.0,55.0,640.0,1274.0,58.0
99.0,-14.0,88.0,2.0,53.0,637.0,1146.0,56.0
98.0,-15.0,86.0,2.0,52.0,634.0,1137.0,54.0
96.0,-15.0,85.0,2.0,51.0,633.0,986.0,54.0
93.0,-13.0,84.0,2.0,49.0,631.0,778.0,52.0
91.0,-13.0,79.0,1.0,46.0,627.0,1028.0,48.0
90.0,-15.0,77.0,0.0,46.0,624.0,1174.0,48.0
89.0,-14.0,75.0,0.0,44.0,623.0,1213.0,46.0
88.0,-15.0,72.0,-1.0,42.0,619.0,1302.0,43.0
87.0,-17.0,69.0,-3.0,42.0,616.0,1521.0,42.0
85.0,-14.0,70.0,0.0,43.0,617.0,1338.0,43.0
83.0,-13.0,68.0,-1.0,41.0,615.0,1264.0,42.0
82.0,-14.0,66.0,-1.0,40.0,613.0,1189.0,40.0
79.0,-13.0,65.0,0.0,40.0,611.0,861.0,40.0
77.0,-12.0,65.0,0.0,38.0,610.0,391.0,39.0
78.0,-15.0,62.0,-2.0,36.0,606.0,169.0,36.0
77.0,-16.0,60.0,-2.0,35.0,604.0,-271.0,35.0
76.0,-14.0,59.0,-3.0,34.0,603.0,-518.0,34.0
74.0,-13.0,56.0,-4.0,32.0,600.0,-568.0,32.0
73.0,-15.0,52.0,-6.0,32.0,597.0,-436.0,29.0
70.0,-14.0,52.0,-4.0,32.0,596.0,-616.0,30.0
68.0,-12.0,51.0,-4.0,30.0,594.0,-690.0,29.0
68.0,-12.0,51.0,-4.0,30.0,593.0,-756.0,29.0
66.0,-11.0,52.0,-3.0,30.0,594.0,-908.0,29.0
65.0,-10.0,52.0,-2.0,29.0,593.0,-1090.0,29.0
65.0,-12.0,48.0,-4.0,26.0,589.0,-801.0,25.0
64.0,-13.0,47.0,-4.0,27.0,588.0,-701.0,25.0
64.0,-13.0,46.0,-5.0,26.0,587.0,-749.0,24.0
65.0,-14.0,45.0,-6.0,26.0,586.0,-692.0,24.0
65.0,-15.0,45.0,-7.0,26.0,585.0,-510.0,24.0
65.0,-14.0,46.0,-5.0,28.0,586.0,-728.0,25.0
64.0,-13.0,46.0,-5.0,27.0,586.0,-864.0,25.0
64.0,-13.0,47.0,-5.0,27.0,585.0,-869.0,25.0
64.0,-13.0,47.0,-4.0,27.0,586.0,-959.0,26.0
63.0,-12.0,48.0,-3.0,26.0,586.0,-1178.0,26.0
63.0,-12.0,46.0,-4.0,25.0,585.0,-1044.0,24.0
64.0,-12.0,46.0,-4.0,26.0,584.0,-991.0,25.0
64.0,-13.0,46.0,-5.0,26.0,583.0,-1050.0,25.0
64.0,-13.0,46.0,-6.0,26.0,583.0,-1061.0,24.0
65.0,-15.0,44.0,-7.0,27.0,582.0,-935.0,23.0
65.0,-14.0,46.0,-5.0,28.0,582.0,-1190.0,26.0
64.0,-13.0,46.0,-5.0,27.0,582.0,-1256.0,25.0
64.0,-13.0,46.0,-5.0,27.0,582.0,-1242.0,25.0
63.0,-12.0,47.0,-4.0,28.0,582.0,-1330.0,26.0
62.0,-11.0,48.0,-2.0,26.0,582.0,-1555.0,26.0
63.0,-12.0,46.0,-4.0,25.0,580.0,-1367.0,24.0
63.0,-13.0,46.0,-4.0,26.0,580.0,-1215.0,24.0
63.0,-13.0,46.0,-5.0,26.0,580.0,-1165.0,24.0
64.0,-13.0,45.0,-6.0,25.0,579.0,-978.0,23.0
65.0,-14.0,44.0,-7.0,26.0,577.0,-647.0,23.0
64.0,-14.0,45.0,-5.0,27.0,578.0,-807.0,25.0
64.0,-13.0,46.0,-5.0,26.0,578.0,-932.0,25.0
64.0,-13.0,45.0,-4.0,27.0,578.0,-960.0,25.0
63.0,-12.0,46.0,-3.0,27.0,579.0,-1015.0,26.0
62.0,-11.0,48.0,-2.0,26.0,579.0,-1232.0,26.0
63.0,-12.0,46.0,-4.0,25.0,577.0,-1101.0,24.0
63.0,-12.0,46.0,-4.0,26.0,577.0,-1105.0,24.0
63.0,-13.0,46.0,-5.0,25.0,576.0,-1236.0,24.0
64.0,-13.0,45.0,-6.0,25.0,575.0,-1192.0,23.0
64.0,-14.0,44.0,-7.0,26.0,574.0,-955.0,23.0
64.0,-13.0,45.0,-5.0,27.0,575.0,-1108.0,25.0
64.0,-13.0,45.0,-5.0,26.0,575.0,-1233.0,24.0
63.0,-13.0,45.0,-5.0,26.0,575.0,-1237.0,25.0
63.0,-12.0,46.0,-4.0,27.0,575.0,-1261.0,25.0
62.0,-11.0,47.0,-3.0,26.0,575.0,-1461.0,26.0
62.0,-12.0,46.0,-4.0,25.0,574.0,-1272.0,24.0
63.0,-13.0,46.0,-4.0,26.0,574.0,-1118.0,24.0
63.0,-13.0,45.0,-5.0,26.0,573.0,-1138.0,24.0
63.0,-13.0,44.0,-5.0,25.0,572.0,-1146.0,23.0
64.0,-14.0,43.0,-7.0,25.0,570.0,-1051.0,22.0
64.0,-13.0,45.0,-5.0,27.0,571.0,-1480.0,25.0
63.0,-13.0,45.0,-5.0,26.0,571.0,-1733.0,24.0
63.0,-13.0,45.0,-5.0,26.0,571.0,-1765.0,25.0
63.0,-12.0,46.0,-4.0,27.0,571.0,-1911.0,26.0
61.0,-11.0,47.0,-3.0,26.0,572.0,-2212.0,26.0
62.0,-12.0,45.0,-5.0,25.0,570.0,-2113.0,24.0
62.0,-12.0,45.0,-5.0,25.0,569.0,-1962.0,24.0
62.0,-13.0,45.0,-4.0,26.0,569.0,-1936.0,24.0
63.0,-13.0,44.0,-5.0,25.0,568.0,-1876.0,23.0
64.0,-14.0,43.0,-6.0,25.0,566.0,-1692.0,22.0
63.0,-13.0,44.0,-5.0,27.0,568.0,-1831.0,24.0
62.0,-13.0,45.0,-5.0,26.0,567.0,-1975.0,24.0
62.0,-13.0,45.0,-5.0,26.0,567.0,-1989.0,24.0
62.0,-12.0,46.0,-4.0,26.0,568.0,-2026.0,25.0
61.0,-11.0,47.0,-2.0,26.0,569.0,-2231.0,26.0
61.0,-12.0,45.0,-4.0,25.0,567.0,-2151.0,24.0
62.0,-12.0,45.0,-4.0,25.0,566.0,-2119.0,24.0
62.0,-12.0,45.0,-4.0,25.0,566.0,-2209.0,24.0
62.0,-13.0,44.0,-5.0,25.0,565.0,-2219.0,23.0
63.0,-14.0,43.0,-7.0,25.0,563.0,-2074.0,22.0
63.0,-14.0,44.0,-5.0,27.0,564.0,-2229.0,24.0
62.0,-13.0,44.0,-4.0,26.0,564.0,-2480.0,24.0
62.0,-13.0,44.0,-4.0,25.0,564.0,-2586.0,24.0
62.0,-12.0,45.0,-4.0,26.0,564.0,-2611.0,25.0
60.0,-11.0,47.0,-2.0,26.0,565.0,-2782.0,26.0
61.0,-12.0,45.0,-4.0,24.0,563.0,-2712.0,24.0
61.0,-12.0,44.0,-4.0,25.0,562.0,-2480.0,23.0
61.0,-12.0,44.0,-5.0,26.0,562.0,-2395.0,24.0
62.0,-13.0,44.0,-5.0,25.0,561.0,-2304.0,23.0
63.0,-14.0,42.0,-7.0,25.0,559.0,-2021.0,22.0
62.0,-13.0,43.0,-5.0,27.0,561.0,-2057.0,24.0
62.0,-13.0,44.0,-5.0,26.0,561.0,-2255.0,24.0
61.0,-13.0,44.0,-5.0,26.0,560.0,-2451.0,24.0
61.0,-12.0,45.0,-4.0,26.0,561.0,-2588.0,25.0
60.0,-10.0,46.0,-2.0,26.0,561.0,-2875.0,25.0
60.0,-11.0,44.0,-4.0,24.0,559.0,-2821.0,23.0
61.0,-12.0,44.0,-4.0,25.0,559.0,-2659.0,23.0
61.0,-12.0,44.0,-5.0,25.0,558.0,-2634.0,23.0
61.0,-13.0,44.0,-5.0,24.0,558.0,-2592.0,23.0
62.0,-14.0,42.0,-7.0,25.0,556.0,-2393.0,22.0
62.0,-13.0,43.0,-5.0,26.0,557.0,-2454.0,24.0
62.0,-13.0,44.0,-4.0,26.0,557.0,-2521.0,24.0
61.0,-12.0,44.0,-4.0,26.0,556.0,-2413.0,24.0
61.0,-12.0,44.0,-4.0,26.0,557.0,-2399.0,24.0
60.0,-11.0,46.0,-2.0,26.0,558.0,-2634.0,25.0
60.0,-11.0,44.0,-4.0,24.0,556.0,-2555.0,23.0
60.0,-12.0,44.0,-4.0,25.0,555.0,-2422.0,23.0
61.0,-12.0,44.0,-4.0,25.0,555.0,-2485.0,23.0
61.0,-12.0,43.0,-5.0,25.0,554.0,-2485.0,22.0
62.0,-14.0,42.0,-6.0,24.0,553.0,-2323.0,22.0
62.0,-14.0,43.0,-5.0,26.0,554.0,-2482.0,24.0
61.0,-13.0,44.0,-5.0,25.0,553.0,-2683.0,24.0
61.0,-12.0,44.0,-5.0,25.0,553.0,-2651.0,24.0
60.0,-12.0,44.0,-4.0,26.0,553.0,-2601.0,25.0
59.0,-11.0,46.0,-2.0,26.0,554.0,-2722.0,26.0
59.0,-11.0,44.0,-3.0,24.0,552.0,-2632.0,23.0
60.0,-12.0,44.0,-4.0,25.0,552.0,-2471.0,23.0
60.0,-12.0,44.0,-4.0,25.0,551.0,-2502.0,23.0
61.0,-12.0,43.0,-5.0,24.0,551.0,-2514.0,22.0
61.0,-14.0,42.0,-7.0,24.0,549.0,-2327.0,22.0
62.0,-14.0,43.0,-5.0,26.0,550.0,-2368.0,24.0
61.0,-13.0,43.0,-5.0,25.0,550.0,-2482.0,23.0
61.0,-12.0,43.0,-4.0,25.0,550.0,-2398.0,24.0
62.0,-11.0,46.0,-3.0,27.0,553.0,-2407.0,26.0
63.0,-8.0,52.0,0.0,29.0,558.0,-2631.0,29.0
65.0,-7.0,52.0,-1.0,28.0,558.0,-2626.0,29.0
67.0,-8.0,54.0,-2.0,30.0,560.0,-2543.0,30.0
70.0,-8.0,58.0,-1.0,32.0,562.0,-2535.0,33.0
74.0,-10.0,61.0,-1.0,35.0,566.0,-2382.0,36.0
77.0,-11.0,63.0,-2.0,37.0,567.0,-2004.0,37.0
79.0,-11.0,66.0,0.0,40.0,570.0,-2025.0,40.0
81.0,-11.0,69.0,0.0,41.0,573.0,-2310.0,43.0
82.0,-11.0,71.0,0.0,42.0,574.0,-2365.0,44.0
82.0,-8.0,73.0,1.0,43.0,576.0,-2430.0,45.0
81.0,-6.0,75.0,3.0,43.0,577.0,-2660.0,47.0
83.0,-7.0,75.0,2.0,42.0,576.0,-2639.0,46.0
84.0,-9.0,75.0,1.0,43.0,576.0,-2426.0,46.0
84.0,-9.0,75.0,1.0,43.0,576.0,-2256.0,46.0
85.0,-10.0,74.0,1.0,43.0,575.0,-2158.0,45.0
86.0,-10.0,72.0,0.0,42.0,574.0,-2078.0,44.0
86.0,-11.0,73.0,0.0,44.0,574.0,-2155.0,46.0
85.0,-14.0,72.0,0.0,44.0,573.0,-2313.0,45.0
85.0,-14.0,72.0,0.0,44.0,572.0,-2287.0,45.0
84.0,-14.0,72.0,0.0,44.0,572.0,-2324.0,46.0
82.0,-12.0,74.0,2.0,44.0,573.0,-2580.0,47.0
81.0,-11.0,71.0,1.0,40.0,570.0,-2579.0,43.0
80.0,-11.0,70.0,0.0,40.0,568.0,-2419.0,42.0
80.0,-11.0,70.0,0.0,41.0,568.0,-2380.0,42.0
80.0,-11.0,69.0,0.0,40.0,566.0,-2212.0,42.0
80.0,-14.0,64.0,-2.0,38.0,562.0,-2008.0,39.0
79.0,-14.0,65.0,-1.0,40.0,562.0,-2060.0,40.0
77.0,-13.0,64.0,0.0,39.0,561.0,-2308.0,40.0
76.0,-15.0,62.0,-1.0,37.0,559.0,-2427.0,38.0
74.0,-14.0,61.0,0.0,37.0,557.0,-2483.0,37.0
72.0,-11.0,61.0,0.0,36.0,557.0,-2591.0,37.0
70.0,-11.0,58.0,-1.0,32.0,553.0,-2534.0,34.0
69.0,-13.0,55.0,-2.0,32.0,550.0,-2344.0,31.0
68.0,-13.0,53.0,-2.0,31.0,549.0,-2292.0,31.0
67.0,-12.0,52.0,-3.0,30.0,547.0,-2179.0,29.0
66.0,-13.0,49.0,-5.0,29.0,544.0,-1913.0,27.0
64.0,-13.0,47.0,-4.0,28.0,541.0,-1881.0,26.0
61.0,-11.0,46.0,-4.0,27.0,540.0,-2102.0,26.0
60.0,-11.0,44.0,-4.0,26.0,538.0,-2127.0,24.0
58.0,-12.0,42.0,-4.0,25.0,536.0,-2077.0,23.0
58.0,-11.0,44.0,-2.0,25.0,536.0,-2196.0,24.0
57.0,-11.0,42.0,-3.0,23.0,535.0,-2201.0,22.0
57.0,-11.0,42.0,-4.0,23.0,534.0,-2081.0,21.0
57.0,-11.0,42.0,-4.0,24.0,534.0,-2119.0,22.0
58.0,-12.0,41.0,-5.0,23.0,533.0,-2052.0,21.0
59.0,-13.0,40.0,-7.0,23.0,531.0,-1841.0,20.0
59.0,-13.0,41.0,-6.0,25.0,532.0,-1804.0,22.0
58.0,-12.0,41.0,-5.0,25.0,533.0,-1990.0,22.0
58.0,-12.0,41.0,-5.0,24.0,532.0,-1954.0,22.0
58.0,-12.0,42.0,-4.0,24.0,532.0,-1978.0,23.0
57.0,-11.0,43.0,-3.0,25.0,533.0,-2285.0,24.0
57.0,-11.0,43.0,-3.0,23.0,532.0,-2393.0,22.0
57.0,-11.0,42.0,-4.0,23.0,531.0,-2250.0,21.0
58.0,-12.0,42.0,-4.0,23.0,530.0,-2241.0,22.0
58.0,-12.0,41.0,-4.0,23.0,530.0,-2198.0,22.0
59.0,-13.0,39.0,-6.0,23.0,528.0,-2029.0,20.0
59.0,-13.0,40.0,-6.0,25.0,529.0,-1971.0,22.0
58.0,-12.0,41.0,-4.0,24.0,529.0,-2160.0,23.0
57.0,-12.0,41.0,-4.0,24.0,529.0,-2142.0,23.0
57.0,-12.0,41.0,-4.0,24.0,529.0,-2114.0,23.0
56.0,-10.0,43.0,-2.0,25.0,530.0,-2313.0,24.0
56.0,-10.0,42.0,-3.0,22.0,528.0,-2420.0,22.0
57.0,-11.0,42.0,-4.0,23.0,528.0,-2234.0,22.0
57.0,-11.0,41.0,-5.0,23.0,527.0,-2253.0,22.0
57.0,-12.0,41.0,-5.0,23.0,526.0,-2243.0,21.0
58.0,-13.0,39.0,-6.0,22.0,525.0,-2070.0,20.0
59.0,-13.0,40.0,-5.0,25.0,525.0,-2011.0,22.0
57.0,-12.0,41.0,-4.0,24.0,526.0,-2215.0,22.0
57.0,-12.0,41.0,-5.0,24.0,525.0,-2210.0,22.0
57.0,-11.0,41.0,-4.0,24.0,525.0,-2153.0,22.0
56.0,-10.0,42.0,-2.0,24.0,526.0,-2272.0,23.0
55.0,-10.0,42.0,-3.0,22.0,525.0,-2352.0,22.0
56.0,-11.0,41.0,-4.0,23.0,524.0,-2209.0,21.0
57.0,-11.0,41.0,-4.0,23.0,524.0,-2213.0,21.0
57.0,-12.0,41.0,-5.0,22.0,523.0,-2191.0,21.0
55.0,-13.0,42.0,-6.0,20.0,518.0,-2064.0,17.0
50.0,-16.0,51.0,-3.0,18.0,511.0,-2005.0,13.0
45.0,-19.0,59.0,0.0,14.0,504.0,-2209.0,9.0
39.0,-20.0,66.0,0.0,10.0,496.0,-2218.0,4.0
35.0,-18.0,70.0,1.0,8.0,493.0,-2219.0,2.0
36.0,-9.0,66.0,1.0,10.0,500.0,-2386.0,6.0
42.0,-1.0,53.0,-2.0,13.0,511.0,-2442.0,12.0
55.0,12.0,30.0,-9.0,23.0,532.0,-2260.0,25.0
74.0,38.0,-6.0,-19.0,39.0,568.0,-2240.0,48.0
97.0,62.0,-47.0,-31.0,58.0,607.0,-2188.0,74.0
123.0,83.0,-91.0,-44.0,77.0,647.0,-1958.0,100.0
150.0,104.0,-133.0,-54.0,100.0,689.0,-1788.0,129.0
174.0,127.0,-174.0,-64.0,120.0,731.0,-1932.0,157.0
200.0,148.0,-216.0,-75.0,140.0,772.0,-1884.0,185.0
226.0,168.0,-257.0,-85.0,160.0,813.0,-1761.0,212.0
250.0,183.0,-294.0,-93.0,180.0,851.0,-1877.0,239.0
275.0,186.0,-326.0,-100.0,196.0,881.0,-1920.0,260.0
297.0,184.0,-351.0,-106.0,212.0,904.0,-1671.0,277.0
312.0,187.0,-371.0,-110.0,224.0,924.0,-1661.0,292.0
322.0,190.0,-385.0,-114.0,230.0,936.0,-1658.0,301.0
328.0,182.0,-389.0,-115.0,233.0,937.0,-1541.0,303.0
330.0,170.0,-385.0,-112.0,236.0,933.0,-1439.0,303.0
325.0,162.0,-374.0,-108.0,232.0,925.0,-1620.0,299.0
316.0,154.0,-359.0,-104.0,224.0,909.0,-1605.0,288.0
304.0,143.0,-339.0,-98.0,215.0,890.0,-1576.0,276.0
289.0,130.0,-312.0,-90.0,204.0,866.0,-1748.0,261.0
270.0,111.0,-281.0,-82.0,188.0,833.0,-1892.0,239.0
249.0,89.0,-244.0,-73.0,170.0,795.0,-1766.0,214.0
224.0,67.0,-202.0,-62.0,151.0,753.0,-1840.0,187.0
198.0,41.0,-158.0,-50.0,130.0,709.0,-1883.0,159.0
173.0,12.0,-114.0,-39.0,109.0,663.0,-1784.0,128.0
148.0,-9.0,-71.0,-28.0,90.0,621.0,-1688.0,102.0
121.0,-25.0,-29.0,-16.0,70.0,582.0,-1916.0,76.0
94.0,-44.0,10.0,-7.0,49.0,541.0,-1934.0,48.0
66.0,-60.0,39.0,-3.0,27.0,499.0,-1956.0,20.0
37.0,-83.0,45.0,-2.0,5.0,454.0,-2151.0,-8.0
11.0,-94.0,46.0,-2.0,-15.0,417.0,-2311.0,-34.0
-3.0,-81.0,45.0,-3.0,-25.0,405.0,-2126.0,-46.0
-4.0,-66.0,45.0,-3.0,-24.0,411.0,-2112.0,-43.0
6.0,-56.0,44.0,-3.0,-16.0,429.0,-2061.0,-32.0
21.0,-43.0,43.0,-5.0,-5.0,451.0,-1804.0,-17.0
35.0,-32.0,43.0,-5.0,6.0,473.0,-1700.0,-2.0
45.0,-22.0,44.0,-3.0,15.0,492.0,-1945.0,10.0
52.0,-15.0,44.0,-3.0,20.0,503.0,-1999.0,17.0
53.0,-13.0,44.0,-3.0,21.0,505.0,-1964.0,19.0
52.0,-12.0,45.0,-2.0,22.0,506.0,-2119.0,20.0
52.0,-11.0,45.0,-1.0,20.0,506.0,-2286.0,19.0
52.0,-12.0,44.0,-3.0,19.0,504.0,-2093.0,18.0
52.0,-13.0,44.0,-2.0,20.0,504.0,-2022.0,18.0
53.0,-13.0,44.0,-3.0,20.0,503.0,-2029.0,18.0
53.0,-14.0,42.0,-4.0,19.0,502.0,-1935.0,17.0
54.0,-14.0,42.0,-5.0,21.0,502.0,-1806.0,18.0
53.0,-13.0,43.0,-3.0,22.0,503.0,-2051.0,19.0
53.0,-13.0,43.0,-3.0,21.0,502.0,-2079.0,19.0
53.0,-13.0,44.0,-3.0,21.0,502.0,-2058.0,19.0
52.0,-12.0,45.0,-1.0,22.0,503.0,-2218.0,20.0
51.0,-12.0,45.0,-1.0,20.0,502.0,-2373.0,19.0
52.0,-12.0,44.0,-3.0,20.0,501.0,-2140.0,18.0
52.0,-12.0,44.0,-3.0,20.0,500.0,-2046.0,18.0
52.0,-12.0,44.0,-3.0,20.0,500.0,-2007.0,18.0
53.0,-13.0,42.0,-4.0,20.0,499.0,-1870.0,17.0
53.0,-15.0,42.0,-5.0,21.0,499.0,-1692.0,18.0
52.0,-14.0,43.0,-3.0,21.0,499.0,-1840.0,19.0
52.0,-13.0,43.0,-3.0,21.0,499.0,-1860.0,18.0
52.0,-13.0,43.0,-3.0,21.0,499.0,-1893.0,18.0
52.0,-12.0,45.0,-1.0,22.0,500.0,-2052.0,20.0
51.0,-11.0,45.0,-1.0,20.0,499.0,-2240.0,19.0
52.0,-12.0,44.0,-3.0,19.0,498.0,-2085.0,18.0
52.0,-12.0,44.0,-3.0,20.0,498.0,-2084.0,18.0
52.0,-13.0,43.0,-3.0,20.0,497.0,-2140.0,18.0
52.0,-14.0,42.0,-4.0,19.0,496.0,-2072.0,16.0
53.0,-14.0,41.0,-5.0,21.0,496.0,-1886.0,17.0
52.0,-13.0,43.0,-3.0,22.0,497.0,-1969.0,19.0
52.0,-13.0,43.0,-3.0,21.0,496.0,-1878.0,19.0
52.0,-13.0,43.0,-3.0,20.0,496.0,-1751.0,19.0
51.0,-12.0,44.0,-1.0,21.0,497.0,-1863.0,19.0
50.0,-11.0,45.0,-1.0,20.0,496.0,-2146.0,19.0
51.0,-12.0,43.0,-3.0,19.0,494.0,-2020.0,18.0
52.0,-12.0,43.0,-3.0,20.0,494.0,-2002.0,18.0
52.0,-13.0,43.0,-3.0,20.0,493.0,-2007.0,17.0
52.0,-13.0,42.0,-4.0,19.0,493.0,-1907.0,16.0
53.0,-14.0,41.0,-5.0,20.0,492.0,-1715.0,17.0
52.0,-13.0,42.0,-3.0,21.0,493.0,-1787.0,19.0
52.0,-13.0,44.0,-3.0,21.0,494.0,-1795.0,19.0
54.0,-11.0,46.0,-2.0,22.0,496.0,-1880.0,21.0
53.0,-10.0,48.0,-1.0,23.0,497.0,-2053.0,22.0
53.0,-8.0,50.0,0.0,22.0,498.0,-2257.0,23.0
56.0,-9.0,51.0,-1.0,23.0,500.0,-2047.0,23.0
57.0,-9.0,52.0,-1.0,25.0,500.0,-1985.0,24.0
59.0,-11.0,53.0,-1.0,26.0,501.0,-1963.0,25.0
60.0,-12.0,52.0,-2.0,25.0,500.0,-1871.0,24.0
60.0,-13.0,51.0,-2.0,27.0,500.0,-1768.0,25.0
61.0,-12.0,54.0,-1.0,28.0,502.0,-1971.0,27.0
62.0,-11.0,57.0,0.0,29.0,504.0,-1943.0,28.0
62.0,-10.0,57.0,0.0,29.0,504.0,-1869.0,29.0
62.0,-10.0,59.0,1.0,30.0,505.0,-1957.0,30.0
62.0,-10.0,60.0,2.0,29.0,506.0,-2184.0,31.0
64.0,-11.0,60.0,0.0,29.0,505.0,-2018.0,30.0
64.0,-10.0,61.0,0.0,30.0,506.0,-1900.0,31.0
65.0,-8.0,62.0,0.0,30.0,507.0,-1863.0,31.0
67.0,-10.0,62.0,0.0,30.0,507.0,-1772.0,31.0
69.0,-12.0,62.0,0.0,32.0,507.0,-1633.0,32.0
69.0,-11.0,63.0,0.0,34.0,508.0,-1939.0,34.0
70.0,-10.0,66.0,1.0,34.0,510.0,-2047.0,35.0
72.0,-8.0,70.0,2.0,37.0,514.0,-2021.0,38.0
74.0,-5.0,76.0,5.0,39.0,519.0,-2048.0,42.0
76.0,-3.0,80.0,6.0,40.0,523.0,-2084.0,45.0
78.0,-3.0,81.0,5.0,40.0,524.0,-1793.0,44.0
80.0,-2.0,84.0,6.0,42.0,526.0,-1714.0,46.0
83.0,0.0,88.0,7.0,44.0,530.0,-1779.0,49.0
86.0,0.0,91.0,7.0,46.0,533.0,-1692.0,51.0
90.0,1.0,94.0,7.0,49.0,536.0,-1557.0,54.0
92.0,3.0,100.0,9.0,52.0,541.0,-1770.0,58.0
95.0,3.0,104.0,10.0,54.0,544.0,-1801.0,60.0
97.0,4.0,108.0,11.0,56.0,548.0,-1768.0,63.0
99.0,6.0,113.0,14.0,59.0,552.0,-1816.0,67.0
101.0,9.0,118.0,15.0,60.0,557.0,-1949.0,70.0
104.0,10.0,121.0,15.0,61.0,560.0,-1748.0,71.0
108.0,11.0,125.0,16.0,64.0,563.0,-1710.0,74.0
111.0,10.0,128.0,16.0,66.0,566.0,-1789.0,76.0
114.0,10.0,130.0,15.0,67.0,568.0,-1749.0,78.0
116.0,10.0,130.0,15.0,69.0,568.0,-1621.0,79.0
116.0,11.0,134.0,17.0,71.0,572.0,-1815.0,82.0
117.0,11.0,136.0,18.0,71.0,573.0,-1897.0,83.0
119.0,10.0,137.0,18.0,72.0,574.0,-1904.0,84.0
119.0,10.0,138.0,19.0,73.0,575.0,-1957.0,85.0
118.0,12.0,140.0,20.0,73.0,576.0,-2114.0,86.0
121.0,12.0,141.0,20.0,73.0,577.0,-1886.0,86.0
122.0,12.0,142.0,19.0,74.0,577.0,-1694.0,87.0
121.0,12.0,141.0,19.0,73.0,576.0,-1619.0,86.0
121.0,11.0,139.0,18.0,73.0,574.0,-1584.0,85.0
121.0,8.0,135.0,16.0,72.0,571.0,-1360.0,83.0
119.0,8.0,136.0,17.0,73.0,571.0,-1501.0,84.0
118.0,6.0,134.0,16.0,71.0,569.0,-1654.0,82.0
116.0,6.0,132.0,16.0,70.0,566.0,-1719.0,81.0
115.0,5.0,131.0,17.0,70.0,565.0,-1801.0,81.0
112.0,6.0,130.0,18.0,68.0,563.0,-2036.0,79.0
111.0,4.0,125.0,15.0,65.0,558.0,-1986.0,76.0
110.0,2.0,123.0,14.0,65.0,556.0,-1971.0,74.0
109.0,0.0,119.0,13.0,64.0,552.0,-1925.0,72.0
106.0,-1.0,115.0,11.0,61.0,548.0,-1754.0,69.0
104.0,-1.0,111.0,10.0,60.0,544.0,-1539.0,66.0
102.0,-3.0,109.0,10.0,60.0,542.0,-1711.0,66.0
100.0,-6.0,106.0,9.0,58.0,538.0,-1799.0,64.0
98.0,-8.0,101.0,9.0,56.0,534.0,-1745.0,61.0
95.0,-10.0,98.0,8.0,54.0,530.0,-1796.0,60.0
93.0,-13.0,96.0,9.0,52.0,527.0,-2038.0,58.0
90.0,-15.0,90.0,6.0,48.0,521.0,-1922.0,53.0
88.0,-15.0,87.0,5.0,47.0,517.0,-1857.0,50.0
85.0,-13.0,84.0,5.0,45.0,515.0,-1895.0,49.0
83.0,-13.0,80.0,3.0,43.0,511.0,-1818.0,46.0
83.0,-15.0,77.0,1.0,42.0,508.0,-1505.0,44.0
80.0,-15.0,76.0,2.0,43.0,506.0,-1530.0,44.0
78.0,-16.0,74.0,2.0,41.0,504.0,-1609.0,42.0
76.0,-14.0,73.0,2.0,40.0,503.0,-1540.0,42.0
74.0,-13.0,71.0,2.0,38.0,501.0,-1634.0,40.0
71.0,-13.0,70.0,3.0,37.0,499.0,-2007.0,39.0
70.0,-12.0,67.0,1.0,34.0,496.0,-1831.0,36.0
69.0,-14.0,64.0,0.0,34.0,493.0,-1691.0,35.0
67.0,-14.0,62.0,0.0,32.0,490.0,-1699.0,33.0
66.0,-13.0,60.0,0.0,31.0,489.0,-1693.0,31.0
66.0,-14.0,58.0,-2.0,30.0,486.0,-1514.0,29.0
64.0,-14.0,57.0,-1.0,31.0,485.0,-1644.0,30.0
62.0,-14.0,55.0,-1.0,29.0,483.0,-1809.0,29.0
61.0,-13.0,55.0,0.0,28.0,482.0,-1828.0,28.0
60.0,-15.0,54.0,0.0,28.0,481.0,-1778.0,28.0
57.0,-13.0,53.0,0.0,27.0,480.0,-1890.0,27.0
56.0,-13.0,51.0,0.0,24.0,477.0,-1806.0,24.0
55.0,-12.0,49.0,-1.0,24.0,475.0,-1728.0,23.0
53.0,-13.0,45.0,-2.0,22.0,472.0,-1667.0,21.0
52.0,-13.0,43.0,-2.0,21.0,470.0,-1598.0,19.0
52.0,-13.0,40.0,-4.0,20.0,467.0,-1473.0,17.0
50.0,-11.0,41.0,-3.0,21.0,468.0,-1577.0,18.0
50.0,-11.0,42.0,-3.0,20.0,467.0,-1696.0,18.0
48.0,-11.0,41.0,-3.0,19.0,466.0,-1751.0,18.0
47.0,-12.0,39.0,-3.0,19.0,464.0,-1801.0,17.0
45.0,-11.0,40.0,-1.0,18.0,464.0,-1950.0,17.0
45.0,-11.0,38.0,-2.0,16.0,462.0,-1824.0,15.0
46.0,-12.0,38.0,-3.0,17.0,462.0,-1769.0,15.0
46.0,-12.0,38.0,-3.0,17.0,461.0,-1874.0,15.0
47.0,-12.0,37.0,-4.0,17.0,461.0,-1792.0,14.0
48.0,-14.0,36.0,-5.0,17.0,459.0,-1582.0,13.0
47.0,-14.0,37.0,-4.0,19.0,460.0,-1731.0,15.0
47.0,-13.0,38.0,-4.0,18.0,460.0,-1903.0,15.0
47.0,-13.0,38.0,-3.0,17.0,460.0,-1895.0,15.0
46.0,-12.0,38.0,-2.0,18.0,460.0,-1932.0,16.0
45.0,-11.0,40.0,-1.0,18.0,461.0,-2171.0,17.0
46.0,-12.0,39.0,-2.0,16.0,459.0,-2110.0,15.0
46.0,-12.0,38.0,-3.0,17.0,459.0,-1989.0,15.0
46.0,-12.0,38.0,-3.0,17.0,459.0,-2013.0,15.0
47.0,-13.0,37.0,-4.0,17.0,458.0,-2009.0,14.0
47.0,-14.0,36.0,-5.0,17.0,456.0,-1798.0,13.0
47.0,-13.0,37.0,-4.0,19.0,458.0,-1860.0,15.0
46.0,-12.0,37.0,-3.0,18.0,457.0,-1959.0,15.0
46.0,-13.0,37.0,-3.0,18.0,457.0,-1903.0,15.0
46.0,-12.0,38.0,-3.0,18.0,457.0,-1936.0,16.0
45.0,-11.0,39.0,-1.0,18.0,458.0,-2124.0,17.0
45.0,-11.0,38.0,-3.0,16.0,456.0,-1972.0,15.0
45.0,-12.0,37.0,-3.0,17.0,456.0,-1838.0,14.0
46.0,-12.0,37.0,-3.0,17.0,456.0,-1806.0,14.0
46.0,-12.0,37.0,-4.0,17.0,455.0,-1690.0,14.0
47.0,-14.0,35.0,-5.0,17.0,454.0,-1447.0,13.0
47.0,-13.0,36.0,-4.0,19.0,455.0,-1516.0,15.0
46.0,-13.0,37.0,-4.0,18.0,454.0,-1719.0,15.0
46.0,-13.0,37.0,-3.0,17.0,454.0,-1802.0,15.0
46.0,-12.0,38.0,-3.0,18.0,454.0,-1861.0,16.0
44.0,-11.0,39.0,-1.0,18.0,456.0,-2079.0,16.0
44.0,-11.0,38.0,-2.0,16.0,453.0,-2015.0,15.0
45.0,-12.0,37.0,-3.0,17.0,453.0,-1985.0,15.0
46.0,-12.0,37.0,-3.0,17.0,453.0,-2046.0,14.0
45.0,-12.0,37.0,-4.0,17.0,452.0,-1962.0,14.0
47.0,-14.0,35.0,-6.0,17.0,451.0,-1812.0,13.0
46.0,-13.0,36.0,-4.0,18.0,452.0,-1848.0,15.0
45.0,-13.0,37.0,-3.0,17.0,452.0,-2024.0,15.0
46.0,-13.0,37.0,-3.0,17.0,451.0,-2033.0,15.0
46.0,-12.0,38.0,-3.0,18.0,452.0,-2037.0,16.0
44.0,-10.0,39.0,-2.0,18.0,453.0,-2219.0,16.0
44.0,-11.0,38.0,-3.0,15.0,451.0,-2159.0,14.0
45.0,-12.0,37.0,-3.0,17.0,450.0,-2010.0,14.0
45.0,-12.0,37.0,-3.0,17.0,450.0,-2004.0,14.0
46.0,-12.0,36.0,-4.0,17.0,449.0,-1969.0,14.0
47.0,-13.0,35.0,-6.0,16.0,448.0,-1821.0,13.0
46.0,-13.0,36.0,-4.0,18.0,449.0,-1934.0,15.0
45.0,-12.0,37.0,-4.0,18.0,449.0,-2157.0,15.0
45.0,-12.0,37.0,-3.0,17.0,449.0,-2150.0,15.0
45.0,-12.0,37.0,-3.0,17.0,449.0,-2189.0,15.0
44.0,-10.0,39.0,-1.0,18.0,449.0,-2396.0,16.0
44.0,-11.0,37.0,-2.0,16.0,448.0,-2318.0,14.0
45.0,-12.0,37.0,-3.0,17.0,447.0,-2195.0,14.0
45.0,-12.0,37.0,-3.0,17.0,447.0,-2292.0,14.0
45.0,-12.0,36.0,-3.0,16.0,446.0,-2336.0,14.0
46.0,-13.0,35.0,-5.0,17.0,445.0,-2128.0,13.0
46.0,-13.0,35.0,-4.0,18.0,446.0,-2102.0,14.0
46.0,-12.0,36.0,-3.0,18.0,446.0,-2191.0,15.0
45.0,-12.0,36.0,-3.0,17.0,446.0,-2160.0,15.0
45.0,-12.0,37.0,-3.0,17.0,446.0,-2233.0,15.0
44.0,-10.0,39.0,-1.0,18.0,447.0,-2471.0,16.0
44.0,-11.0,37.0,-2.0,15.0,445.0,-2449.0,14.0
44.0,-11.0,36.0,-3.0,16.0,445.0,-2289.0,14.0
45.0,-12.0,37.0,-3.0,17.0,444.0,-2266.0,14.0
45.0,-12.0,36.0,-4.0,16.0,444.0,-2177.0,14.0
46.0,-13.0,34.0,-5.0,16.0,442.0,-1946.0,12.0
46.0,-13.0,35.0,-4.0,18.0,443.0,-1951.0,15.0
44.0,-11.0,36.0,-3.0,16.0,442.0,-1990.0,14.0
44.0,-11.0,36.0,-3.0,16.0,441.0,-1852.0,14.0
45.0,-12.0,36.0,-4.0,16.0,441.0,-1877.0,13.0
46.0,-13.0,34.0,-5.0,15.0,439.0,-1781.0,12.0
46.0,-13.0,35.0,-4.0,18.0,440.0,-1687.0,14.0
45.0,-12.0,36.0,-3.0,17.0,440.0,-1786.0,15.0
45.0,-12.0,36.0,-3.0,17.0,440.0,-1807.0,15.0
45.0,-12.0,37.0,-3.0,17.0,440.0,-1871.0,15.0
43.0,-11.0,38.0,-1.0,18.0,441.0,-2116.0,16.0
43.0,-11.0,37.0,-2.0,16.0,440.0,-2063.0,14.0
44.0,-11.0,36.0,-3.0,16.0,439.0,-1826.0,14.0
44.0,-11.0,36.0,-3.0,16.0,439.0,-1881.0,14.0
44.0,-12.0,36.0,-4.0,16.0,438.0,-1825.0,14.0
45.0,-13.0,34.0,-5.0,16.0,437.0,-1639.0,13.0
45.0,-13.0,35.0,-4.0,17.0,437.0,-1606.0,14.0
45.0,-12.0,36.0,-3.0,17.0,438.0,-1768.0,15.0
44.0,-12.0,36.0,-3.0,17.0,438.0,-1736.0,15.0
44.0,-12.0,36.0,-2.0,17.0,438.0,-1753.0,15.0
43.0,-10.0,38.0,-1.0,18.0,439.0,-1899.0,16.0
43.0,-11.0,37.0,-2.0,15.0,437.0,-1916.0,14.0
43.0,-11.0,36.0,-3.0,16.0,436.0,-1777.0,14.0
44.0,-12.0,36.0,-3.0,17.0,436.0,-1826.0,14.0
44.0,-12.0,36.0,-3.0,16.0,436.0,-1796.0,13.0
45.0,-13.0,34.0,-5.0,15.0,434.0,-1647.0,12.0
45.0,-13.0,35.0,-4.0,18.0,434.0,-1664.0,14.0
44.0,-12.0,35.0,-4.0,17.0,435.0,-1948.0,14.0
44.0,-12.0,35.0,-3.0,16.0,434.0,-1932.0,14.0
44.0,-12.0,36.0,-3.0,16.0,434.0,-1838.0,15.0
43.0,-10.0,37.0,-1.0,17.0,436.0,-1950.0,16.0
42.0,-10.0,37.0,-2.0,15.0,435.0,-1998.0,14.0
43.0,-11.0,36.0,-3.0,16.0,433.0,-1914.0,14.0
43.0,-11.0,36.0,-3.0,16.0,433.0,-1956.0,14.0
43.0,-12.0,35.0,-3.0,16.0,432.0,-1891.0,13.0
45.0,-13.0,34.0,-5.0,16.0,432.0,-1714.0,12.0
45.0,-13.0,34.0,-4.0,18.0,432.0,-1689.0,14.0
44.0,-12.0,35.0,-3.0,17.0,432.0,-1890.0,14.0
44.0,-12.0,35.0,-3.0,17.0,432.0,-1863.0,14.0
44.0,-12.0,36.0,-3.0,16.0,432.0,-1845.0,15.0
43.0,-11.0,37.0,-1.0,17.0,433.0,-1999.0,16.0
42.0,-10.0,37.0,-2.0,15.0,432.0,-2117.0,14.0
43.0,-11.0,35.0,-3.0,15.0,431.0,-1997.0,13.0
43.0,-11.0,35.0,-3.0,16.0,431.0,-2001.0,13.0
44.0,-12.0,35.0,-3.0,15.0,430.0,-1989.0,13.0
45.0,-13.0,33.0,-5.0,15.0,428.0,-1825.0,12.0
44.0,-13.0,34.0,-5.0,17.0,429.0,-1738.0,14.0
44.0,-12.0,35.0,-3.0,17.0,429.0,-1913.0,14.0
43.0,-12.0,35.0,-3.0,17.0,429.0,-1853.0,14.0
43.0,-12.0,36.0,-3.0,17.0,429.0,-1755.0,14.0
42.0,-11.0,37.0,-1.0,18.0,430.0,-1916.0,16.0
42.0,-10.0,36.0,-2.0,15.0,429.0,-2093.0,14.0
42.0,-11.0,35.0,-3.0,15.0,428.0,-1969.0,13.0
43.0,-11.0,35.0,-3.0,15.0,428.0,-1906.0,13.0
43.0,-11.0,35.0,-3.0,15.0,427.0,-1893.0,13.0
44.0,-12.0,33.0,-5.0,15.0,426.0,-1802.0,12.0
44.0,-13.0,34.0,-5.0,17.0,426.0,-1724.0,13.0
43.0,-12.0,35.0,-3.0,17.0,427.0,-1924.0,14.0
43.0,-12.0,35.0,-3.0,16.0,426.0,-1953.0,14.0
43.0,-12.0,35.0,-3.0,17.0,426.0,-1997.0,14.0
42.0,-10.0,37.0,-1.0,18.0,428.0,-2127.0,16.0
42.0,-10.0,36.0,-1.0,15.0,426.0,-2158.0,14.0
42.0,-11.0,35.0,-3.0,15.0,425.0,-2003.0,13.0
43.0,-11.0,35.0,-3.0,16.0,425.0,-2038.0,13.0
42.0,-11.0,35.0,-3.0,15.0,424.0,-2018.0,13.0
43.0,-12.0,33.0,-5.0,15.0,423.0,-1835.0,12.0
44.0,-13.0,33.0,-4.0,17.0,423.0,-1757.0,14.0
43.0,-12.0,35.0,-3.0,17.0,424.0,-2030.0,14.0
43.0,-12.0,35.0,-3.0,16.0,424.0,-2104.0,14.0
42.0,-11.0,35.0,-3.0,17.0,424.0,-2072.0,15.0
41.0,-10.0,36.0,-1.0,17.0,425.0,-2163.0,16.0
41.0,-10.0,36.0,-1.0,15.0,424.0,-2195.0,14.0
42.0,-11.0,35.0,-2.0,15.0,423.0,-1912.0,14.0
42.0,-11.0,34.0,-3.0,16.0,422.0,-1971.0,13.0
43.0,-12.0,34.0,-3.0,15.0,422.0,-2056.0,13.0
44.0,-12.0,33.0,-5.0,15.0,420.0,-1844.0,12.0
44.0,-13.0,33.0,-4.0,17.0,421.0,-1627.0,13.0
43.0,-12.0,34.0,-3.0,17.0,422.0,-1828.0,14.0
42.0,-11.0,34.0,-3.0,16.0,421.0,-1776.0,14.0
42.0,-12.0,34.0,-3.0,16.0,421.0,-1808.0,14.0
42.0,-10.0,36.0,-1.0,17.0,422.0,-2045.0,16.0
41.0,-10.0,35.0,-2.0,15.0,421.0,-2214.0,14.0
42.0,-11.0,35.0,-3.0,15.0,420.0,-1954.0,13.0
42.0,-11.0,34.0,-3.0,16.0,420.0,-1964.0,13.0
42.0,-11.0,34.0,-3.0,15.0,419.0,-1896.0,13.0
43.0,-12.0,33.0,-5.0,15.0,418.0,-1752.0,12.0
43.0,-13.0,33.0,-4.0,17.0,418.0,-1702.0,13.0
43.0,-12.0,34.0,-3.0,17.0,419.0,-1912.0,14.0
43.0,-12.0,34.0,-3.0,16.0,418.0,-1943.0,14.0
42.0,-11.0,34.0,-3.0,16.0,419.0,-1886.0,14.0
41.0,-10.0,36.0,-2.0,17.0,420.0,-1993.0,15.0
40.0,-10.0,36.0,-2.0,15.0,418.0,-2129.0,14.0
42.0,-11.0,35.0,-2.0,15.0,417.0,-1955.0,13.0
42.0,-11.0,34.0,-3.0,16.0,417.0,-2020.0,14.0
42.0,-11.0,34.0,-3.0,15.0,417.0,-2065.0,13.0
43.0,-12.0,33.0,-4.0,15.0,415.0,-1956.0,12.0
43.0,-13.0,33.0,-4.0,16.0,416.0,-1799.0,13.0
42.0,-12.0,34.0,-3.0,17.0,417.0,-1984.0,14.0
43.0,-12.0,34.0,-3.0,16.0,416.0,-1970.0,14.0
42.0,-12.0,34.0,-3.0,16.0,416.0,-1872.0,14.0
41.0,-10.0,36.0,-2.0,17.0,416.0,-1971.0,15.0
40.0,-9.0,36.0,-1.0,15.0,416.0,-2180.0,14.0
41.0,-10.0,34.0,-3.0,15.0,415.0,-2047.0,13.0
42.0,-11.0,34.0,-3.0,15.0,415.0,-2118.0,13.0
42.0,-11.0,34.0,-3.0,15.0,414.0,-2196.0,13.0
43.0,-12.0,33.0,-5.0,15.0,413.0,-2100.0,12.0
43.0,-12.0,32.0,-5.0,16.0,413.0,-1978.0,13.0
42.0,-12.0,34.0,-3.0,16.0,413.0,-2238.0,14.0
42.0,-11.0,34.0,-3.0,16.0,413.0,-2221.0,14.0
42.0,-11.0,34.0,-3.0,16.0,413.0,-2154.0,14.0
41.0,-10.0,36.0,-1.0,17.0,414.0,-2274.0,15.0
40.0,-9.0,35.0,-1.0,15.0,413.0,-2373.0,14.0
41.0,-10.0,34.0,-3.0,14.0,412.0,-2040.0,13.0
41.0,-11.0,34.0,-3.0,15.0,412.0,-1916.0,13.0
41.0,-11.0,34.0,-3.0,15.0,411.0,-1905.0,13.0
41.0,-12.0,32.0,-5.0,14.0,410.0,-1804.0,12.0
43.0,-13.0,32.0,-5.0,16.0,410.0,-1620.0,12.0
42.0,-12.0,33.0,-3.0,16.0,411.0,-1783.0,14.0
41.0,-11.0,33.0,-3.0,16.0,410.0,-1787.0,14.0
41.0,-11.0,34.0,-3.0,16.0,410.0,-1752.0,14.0
40.0,-10.0,35.0,-1.0,17.0,411.0,-1844.0,15.0
40.0,-10.0,35.0,-1.0,15.0,410.0,-2015.0,14.0
40.0,-10.0,34.0,-3.0,14.0,409.0,-1837.0,13.0
41.0,-11.0,34.0,-3.0,15.0,409.0,-1849.0,13.0
41.0,-11.0,33.0,-3.0,15.0,409.0,-1933.0,13.0
42.0,-12.0,32.0,-5.0,14.0,408.0,-1894.0,12.0
43.0,-13.0,32.0,-5.0,15.0,407.0,-1761.0,12.0
42.0,-11.0,33.0,-3.0,16.0,408.0,-1949.0,14.0
42.0,-11.0,34.0,-3.0,16.0,409.0,-1995.0,14.0
44.0,-9.0,38.0,-2.0,17.0,412.0,-2033.0,16.0
46.0,-7.0,43.0,0.0,20.0,416.0,-2176.0,20.0
46.0,-5.0,45.0,0.0,20.0,418.0,-2367.0,21.0
49.0,-6.0,46.0,0.0,21.0,419.0,-2164.0,22.0
52.0,-8.0,49.0,0.0,24.0,423.0,-2117.0,25.0
56.0,-9.0,53.0,0.0,27.0,426.0,-2094.0,27.0
59.0,-9.0,54.0,0.0,28.0,427.0,-2032.0,28.0
62.0,-10.0,57.0,0.0,31.0,430.0,-1901.0,30.0
63.0,-10.0,60.0,1.0,33.0,433.0,-2089.0,34.0
63.0,-8.0,61.0,2.0,32.0,434.0,-2123.0,34.0
63.0,-6.0,63.0,2.0,33.0,435.0,-2099.0,35.0
63.0,-6.0,65.0,4.0,34.0,436.0,-2151.0,37.0
64.0,-6.0,67.0,4.0,33.0,437.0,-2307.0,37.0
65.0,-7.0,65.0,3.0,33.0,436.0,-2066.0,36.0
65.0,-8.0,65.0,3.0,34.0,436.0,-1944.0,36.0
66.0,-8.0,64.0,2.0,34.0,435.0,-1910.0,36.0
66.0,-9.0,64.0,1.0,33.0,434.0,-1803.0,35.0
67.0,-12.0,62.0,1.0,34.0,432.0,-1598.0,35.0
66.0,-13.0,62.0,1.0,35.0,432.0,-1776.0,36.0
65.0,-13.0,62.0,1.0,34.0,432.0,-1851.0,35.0
66.0,-13.0,62.0,2.0,34.0,432.0,-1861.0,36.0
64.0,-11.0,62.0,3.0,33.0,432.0,-2030.0,36.0
61.0,-8.0,62.0,4.0,31.0,430.0,-2359.0,34.0
61.0,-9.0,60.0,2.0,30.0,429.0,-2291.0,33.0
62.0,-9.0,60.0,1.0,31.0,428.0,-2480.0,33.0
61.0,-11.0,58.0,1.0,30.0,426.0,-2587.0,32.0
60.0,-12.0,54.0,0.0,29.0,423.0,-2358.0,29.0
60.0,-13.0,53.0,0.0,30.0,422.0,-2013.0,28.0
59.0,-13.0,53.0,0.0,30.0,421.0,-2088.0,29.0
57.0,-14.0,51.0,0.0,27.0,419.0,-2174.0,27.0
55.0,-12.0,50.0,0.0,26.0,417.0,-2366.0,26.0
53.0,-10.0,50.0,0.0,26.0,417.0,-2914.0,26.0
51.0,-10.0,48.0,0.0,24.0,414.0,-3337.0,24.0
50.0,-11.0,45.0,-1.0,21.0,411.0,-3158.0,22.0
49.0,-10.0,43.0,-1.0,21.0,410.0,-3007.0,21.0
48.0,-10.0,42.0,-1.0,20.0,408.0,-2950.0,20.0
46.0,-11.0,38.0,-3.0,18.0,404.0,-2857.0,17.0
44.0,-11.0,34.0,-4.0,17.0,401.0,-2697.0,14.0
42.0,-10.0,35.0,-2.0,18.0,401.0,-2853.0,16.0
40.0,-10.0,33.0,-3.0,16.0,399.0,-2830.0,14.0
39.0,-11.0,32.0,-3.0,15.0,397.0,-2741.0,13.0
39.0,-10.0,33.0,-2.0,16.0,398.0,-2790.0,14.0
38.0,-9.0,34.0,-1.0,15.0,398.0,-2971.0,14.0
39.0,-10.0,32.0,-2.0,13.0,396.0,-2827.0,12.0
39.0,-10.0,32.0,-3.0,15.0,396.0,-2852.0,12.0
39.0,-10.0,32.0,-3.0,14.0,396.0,-3118.0,12.0
40.0,-11.0,31.0,-4.0,14.0,395.0,-3309.0,11.0
41.0,-12.0,30.0,-5.0,14.0,394.0,-3252.0,11.0
40.0,-12.0,32.0,-3.0,16.0,395.0,-3484.0,13.0
40.0,-11.0,32.0,-3.0,15.0,395.0,-3564.0,13.0
40.0,-11.0,32.0,-3.0,15.0,394.0,-3491.0,13.0
39.0,-10.0,32.0,-2.0,15.0,395.0,-3464.0,14.0
38.0,-9.0,34.0,-1.0,14.0,396.0,-3403.0,14.0
39.0,-10.0,32.0,-2.0,13.0,394.0,-3042.0,12.0
39.0,-10.0,32.0,-3.0,14.0,394.0,-2921.0,12.0
39.0,-11.0,31.0,-3.0,14.0,393.0,-2941.0,12.0
39.0,-11.0,31.0,-4.0,14.0,392.0,-2915.0,12.0
40.0,-12.0,29.0,-5.0,14.0,391.0,-2907.0,11.0
39.0,-11.0,31.0,-3.0,16.0,393.0,-3185.0,13.0
39.0,-11.0,32.0,-3.0,15.0,392.0,-3250.0,13.0
39.0,-11.0,31.0,-3.0,15.0,392.0,-3079.0,13.0
39.0,-10.0,32.0,-2.0,15.0,393.0,-2989.0,14.0
38.0,-9.0,34.0,-1.0,14.0,393.0,-3164.0,14.0
38.0,-10.0,32.0,-2.0,13.0,392.0,-2979.0,12.0
38.0,-10.0,32.0,-2.0,14.0,391.0,-2880.0,12.0
38.0,-10.0,32.0,-3.0,14.0,391.0,-2902.0,12.0
39.0,-11.0,30.0,-4.0,14.0,390.0,-2873.0,11.0
40.0,-12.0,29.0,-5.0,14.0,389.0,-2694.0,11.0
40.0,-11.0,31.0,-3.0,16.0,390.0,-2843.0,12.0
39.0,-11.0,31.0,-3.0,15.0,390.0,-2947.0,12.0
39.0,-11.0,31.0,-3.0,15.0,390.0,-2960.0,12.0
39.0,-10.0,32.0,-2.0,15.0,390.0,-3109.0,13.0
38.0,-9.0,34.0,-1.0,14.0,391.0,-3364.0,13.0
38.0,-10.0,32.0,-3.0,13.0,389.0,-3011.0,12.0
38.0,-10.0,32.0,-3.0,14.0,389.0,-2774.0,12.0
38.0,-10.0,32.0,-3.0,13.0,387.0,-2807.0,11.0
34.0,-12.0,37.0,-2.0,9.0,380.0,-2831.0,6.0
30.0,-17.0,44.0,-2.0,6.0,372.0,-2593.0,1.0
24.0,-18.0,52.0,0.0,4.0,366.0,-2643.0,-1.0
18.0,-19.0,59.0,2.0,0.0,359.0,-2714.0,-6.0
17.0,-14.0,59.0,2.0,0.0,360.0,-2689.0,-6.0
20.0,-5.0,50.0,0.0,2.0,369.0,-2728.0,0.0
28.0,4.0,37.0,-2.0,9.0,385.0,-2976.0,9.0
43.0,25.0,6.0,-12.0,20.0,412.0,-2927.0,24.0
65.0,50.0,-33.0,-23.0,38.0,450.0,-2867.0,49.0
89.0,73.0,-74.0,-35.0,58.0,491.0,-2930.0,76.0
116.0,94.0,-118.0,-47.0,78.0,531.0,-2903.0,103.0
143.0,114.0,-161.0,-59.0,98.0,572.0,-2649.0,130.0
168.0,137.0,-202.0,-69.0,120.0,615.0,-2708.0,159.0
193.0,158.0,-244.0,-79.0,139.0,656.0,-2766.0,187.0
218.0,176.0,-284.0,-88.0,159.0,695.0,-2715.0,213.0
244.0,186.0,-319.0,-96.0,179.0,731.0,-2761.0,238.0
267.0,187.0,-346.0,-100.0,196.0,759.0,-3028.0,260.0
285.0,187.0,-370.0,-106.0,207.0,780.0,-2964.0,275.0
298.0,190.0,-387.0,-110.0,218.0,797.0,-2920.0,287.0
307.0,190.0,-397.0,-112.0,223.0,805.0,-2986.0,293.0
311.0,179.0,-397.0,-112.0,225.0,804.0,-2913.0,294.0
311.0,167.0,-392.0,-110.0,224.0,796.0,-2582.0,290.0
304.0,159.0,-378.0,-105.0,221.0,785.0,-2586.0,285.0
294.0,151.0,-360.0,-101.0,211.0,768.0,-2656.0,274.0
281.0,139.0,-338.0,-95.0,201.0,746.0,-2643.0,260.0
264.0,123.0,-311.0,-87.0,188.0,719.0,-2639.0,243.0
243.0,103.0,-274.0,-75.0,172.0,685.0,-2859.0,221.0
220.0,82.0,-236.0,-67.0,153.0,645.0,-2787.0,193.0
195.0,58.0,-193.0,-56.0,133.0,602.0,-2859.0,166.0
169.0,30.0,-148.0,-44.0,112.0,557.0,-2986.0,137.0
143.0,4.0,-103.0,-32.0,91.0,513.0,-2921.0,108.0
118.0,-15.0,-64.0,-23.0,72.0,471.0,-2779.0,80.0
92.0,-33.0,-22.0,-12.0,53.0,432.0,-3051.0,55.0
65.0,-50.0,16.0,-4.0,31.0,391.0,-3314.0,27.0
36.0,-69.0,33.0,-2.0,9.0,347.0,-3362.0,-1.0
8.0,-90.0,35.0,-1.0,-11.0,303.0,-3396.0,-30.0
-14.0,-89.0,37.0,0.0,-28.0,278.0,-3470.0,-48.0
-24.0,-72.0,36.0,-1.0,-36.0,274.0,-3253.0,-55.0
-19.0,-60.0,35.0,-2.0,-31.0,285.0,-3111.0,-49.0
-5.0,-48.0,35.0,-2.0,-20.0,307.0,-3045.0,-34.0
9.0,-35.0,34.0,-3.0,-9.0,330.0,-3000.0,-19.0
22.0,-28.0,32.0,-4.0,0.0,349.0,-2978.0,-7.0
32.0,-18.0,34.0,-3.0,9.0,366.0,-3136.0,5.0
35.0,-13.0,34.0,-2.0,12.0,374.0,-3076.0,10.0
35.0,-12.0,34.0,-2.0,12.0,374.0,-2792.0,10.0
35.0,-12.0,35.0,-1.0,12.0,374.0,-2882.0,10.0
34.0,-11.0,36.0,0.0,12.0,375.0,-3250.0,11.0
34.0,-11.0,35.0,-1.0,10.0,373.0,-3243.0,9.0
35.0,-12.0,35.0,-2.0,11.0,373.0,-3170.0,9.0
35.0,-12.0,34.0,-2.0,12.0,373.0,-3188.0,9.0
35.0,-12.0,34.0,-2.0,11.0,372.0,-3233.0,8.0
36.0,-13.0,32.0,-4.0,11.0,371.0,-3037.0,7.0
36.0,-13.0,34.0,-3.0,13.0,372.0,-3067.0,9.0
35.0,-12.0,34.0,-2.0,12.0,372.0,-3096.0,9.0
35.0,-12.0,34.0,-2.0,12.0,371.0,-2947.0,9.0
35.0,-12.0,34.0,-1.0,12.0,372.0,-2820.0,9.0
34.0,-10.0,36.0,0.0,13.0,373.0,-2970.0,11.0
34.0,-11.0,35.0,-1.0,11.0,371.0,-2890.0,9.0
34.0,-11.0,34.0,-2.0,11.0,370.0,-2747.0,9.0
34.0,-12.0,34.0,-2.0,11.0,370.0,-2790.0,9.0
35.0,-12.0,34.0,-2.0,11.0,370.0,-2777.0,9.0
36.0,-13.0,32.0,-4.0,11.0,368.0,-2632.0,7.0
36.0,-13.0,33.0,-3.0,13.0,369.0,-2803.0,9.0
36.0,-12.0,34.0,-2.0,12.0,369.0,-2885.0,9.0
35.0,-12.0,34.0,-2.0,12.0,369.0,-2784.0,10.0
35.0,-12.0,35.0,-1.0,13.0,369.0,-2752.0,10.0
33.0,-10.0,36.0,0.0,12.0,371.0,-2939.0,11.0
33.0,-11.0,35.0,-1.0,10.0,369.0,-3034.0,8.0
34.0,-12.0,34.0,-2.0,11.0,368.0,-3000.0,9.0
35.0,-12.0,34.0,-2.0,11.0,368.0,-2884.0,9.0
35.0,-12.0,33.0,-2.0,11.0,367.0,-2761.0,8.0
36.0,-13.0,32.0,-4.0,11.0,366.0,-2656.0,7.0
36.0,-13.0,33.0,-2.0,13.0,367.0,-2924.0,9.0
35.0,-12.0,34.0,-2.0,12.0,367.0,-3240.0,9.0
34.0,-12.0,34.0,-2.0,12.0,367.0,-3221.0,9.0
34.0,-11.0,34.0,-1.0,12.0,367.0,-3138.0,9.0
33.0,-10.0,36.0,0.0,12.0,368.0,-3179.0,11.0
33.0,-10.0,34.0,-1.0,10.0,366.0,-3045.0,9.0
34.0,-11.0,34.0,-2.0,11.0,365.0,-2870.0,9.0
34.0,-11.0,34.0,-2.0,11.0,366.0,-3061.0,8.0
34.0,-12.0,34.0,-2.0,11.0,365.0,-3312.0,8.0
35.0,-13.0,32.0,-4.0,11.0,364.0,-3253.0,7.0
36.0,-13.0,33.0,-3.0,13.0,365.0,-3116.0,9.0
36.0,-11.0,36.0,-1.0,13.0,367.0,-3069.0,11.0
37.0,-10.0,38.0,-1.0,14.0,369.0,-2964.0,12.0
37.0,-10.0,39.0,0.0,15.0,369.0,-2911.0,13.0
37.0,-7.0,42.0,1.0,16.0,372.0,-3051.0,15.0
39.0,-7.0,43.0,0.0,15.0,373.0,-3087.0,15.0
41.0,-9.0,44.0,0.0,17.0,373.0,-3121.0,16.0
42.0,-10.0,44.0,0.0,17.0,374.0,-3231.0,16.0
42.0,-11.0,44.0,0.0,17.0,373.0,-3185.0,16.0
44.0,-12.0,43.0,-1.0,17.0,372.0,-2877.0,15.0
45.0,-11.0,46.0,0.0,20.0,375.0,-2912.0,19.0
45.0,-9.0,48.0,1.0,21.0,377.0,-3203.0,20.0
45.0,-9.0,48.0,1.0,20.0,377.0,-3251.0,20.0
45.0,-9.0,49.0,1.0,21.0,377.0,-3270.0,20.0
46.0,-10.0,52.0,3.0,22.0,379.0,-3573.0,23.0
47.0,-10.0,51.0,2.0,21.0,379.0,-3447.0,22.0
47.0,-8.0,52.0,2.0,21.0,379.0,-3073.0,22.0
48.0,-7.0,53.0,2.0,22.0,380.0,-2907.0,22.0
50.0,-9.0,53.0,1.0,23.0,381.0,-2725.0,23.0
51.0,-11.0,53.0,0.0,23.0,380.0,-2474.0,23.0
52.0,-10.0,55.0,1.0,26.0,381.0,-2435.0,24.0
53.0,-8.0,59.0,2.0,27.0,385.0,-2645.0,27.0
56.0,-6.0,63.0,4.0,29.0,389.0,-2681.0,30.0
58.0,-4.0,68.0,6.0,31.0,394.0,-2775.0,34.0
59.0,-1.0,73.0,8.0,33.0,398.0,-3197.0,37.0
60.0,0.0,74.0,7.0,32.0,399.0,-3343.0,36.0
64.0,0.0,76.0,7.0,34.0,402.0,-3204.0,38.0
67.0,1.0,81.0,8.0,37.0,405.0,-3117.0,41.0
70.0,3.0,85.0,9.0,39.0,409.0,-2951.0,44.0
73.0,3.0,88.0,8.0,41.0,412.0,-2681.0,46.0
76.0,4.0,92.0,10.0,44.0,416.0,-2588.0,50.0
79.0,4.0,96.0,11.0,46.0,420.0,-2858.0,53.0
81.0,5.0,100.0,13.0,48.0,424.0,-2822.0,55.0
84.0,8.0,105.0,14.0,51.0,428.0,-2804.0,59.0
85.0,10.0,111.0,17.0,53.0,433.0,-2987.0,63.0
88.0,12.0,115.0,17.0,53.0,436.0,-2992.0,64.0
92.0,12.0,118.0,17.0,56.0,439.0,-2783.0,66.0
95.0,11.0,120.0,17.0,58.0,442.0,-2800.0,69.0
97.0,12.0,122.0,18.0,59.0,444.0,-2842.0,70.0
99.0,11.0,123.0,16.0,60.0,444.0,-2699.0,70.0
100.0,12.0,125.0,18.0,63.0,447.0,-2638.0,73.0
101.0,11.0,127.0,19.0,63.0,449.0,-2798.0,75.0
102.0,10.0,128.0,19.0,64.0,449.0,-2790.0,76.0
102.0,11.0,129.0,19.0,64.0,449.0,-2857.0,76.0
103.0,13.0,132.0,22.0,66.0,452.0,-3085.0,78.0
104.0,14.0,133.0,21.0,65.0,453.0,-3137.0,78.0
104.0,13.0,132.0,20.0,65.0,452.0,-2916.0,77.0
105.0,13.0,132.0,20.0,65.0,452.0,-2972.0,77.0
104.0,12.0,130.0,19.0,64.0,450.0,-3002.0,76.0
103.0,9.0,126.0,17.0,63.0,446.0,-2841.0,73.0
103.0,7.0,125.0,17.0,64.0,445.0,-2748.0,74.0
101.0,7.0,124.0,18.0,63.0,444.0,-2909.0,73.0
99.0,6.0,122.0,17.0,61.0,441.0,-2854.0,71.0
97.0,5.0,120.0,18.0,60.0,439.0,-2848.0,70.0
95.0,5.0,120.0,18.0,60.0,438.0,-3020.0,70.0
93.0,5.0,116.0,17.0,56.0,434.0,-3130.0,67.0
93.0,3.0,113.0,15.0,55.0,431.0,-2949.0,64.0
91.0,0.0,109.0,14.0,54.0,427.0,-2910.0,63.0
88.0,0.0,106.0,13.0,52.0,423.0,-2870.0,60.0
86.0,-1.0,101.0,11.0,50.0,418.0,-2709.0,56.0
85.0,-4.0,98.0,10.0,50.0,416.0,-2591.0,55.0
82.0,-6.0,95.0,10.0,49.0,412.0,-2734.0,54.0
80.0,-8.0,90.0,9.0,47.0,408.0,-2691.0,51.0
79.0,-12.0,87.0,8.0,45.0,404.0,-2697.0,50.0
75.0,-13.0,85.0,9.0,44.0,402.0,-2858.0,48.0
72.0,-14.0,80.0,7.0,40.0,397.0,-3023.0,44.0
70.0,-13.0,77.0,6.0,38.0,393.0,-2956.0,41.0
67.0,-11.0,74.0,5.0,36.0,391.0,-2937.0,39.0
65.0,-12.0,71.0,4.0,34.0,388.0,-2860.0,37.0
65.0,-14.0,68.0,2.0,33.0,384.0,-2659.0,35.0
63.0,-15.0,66.0,2.0,34.0,382.0,-2545.0,34.0
61.0,-14.0,65.0,3.0,33.0,381.0,-2726.0,34.0
59.0,-12.0,63.0,3.0,30.0,379.0,-2751.0,32.0
57.0,-13.0,60.0,3.0,29.0,376.0,-2761.0,30.0
54.0,-12.0,61.0,4.0,29.0,376.0,-2879.0,30.0
52.0,-11.0,58.0,4.0,26.0,373.0,-2949.0,27.0
52.0,-13.0,55.0,2.0,25.0,370.0,-2784.0,25.0
50.0,-12.0,54.0,2.0,24.0,369.0,-2865.0,24.0
49.0,-12.0,52.0,1.0,23.0,367.0,-2901.0,23.0
48.0,-13.0,48.0,0.0,21.0,364.0,-2662.0,20.0
47.0,-14.0,46.0,-1.0,22.0,362.0,-2655.0,20.0
45.0,-12.0,46.0,0.0,21.0,361.0,-3210.0,20.0
45.0,-13.0,45.0,0.0,20.0,360.0,-3451.0,19.0
43.0,-14.0,43.0,0.0,19.0,357.0,-3513.0,18.0
41.0,-12.0,43.0,1.0,19.0,357.0,-3594.0,18.0
39.0,-11.0,43.0,0.0,16.0,356.0,-3737.0,16.0
37.0,-11.0,39.0,0.0,15.0,352.0,-3534.0,13.0
36.0,-12.0,36.0,-1.0,14.0,350.0,-3519.0,11.0
34.0,-11.0,34.0,-1.0,12.0,348.0,-3492.0,10.0
34.0,-11.0,32.0,-3.0,11.0,346.0,-3310.0,8.0
34.0,-11.0,32.0,-3.0,13.0,346.0,-3058.0,9.0
34.0,-10.0,33.0,-1.0,13.0,346.0,-3184.0,10.0
32.0,-10.0,31.0,-2.0,11.0,344.0,-3196.0,9.0
30.0,-11.0,30.0,-2.0,10.0,342.0,-3174.0,8.0
29.0,-10.0,31.0,0.0,11.0,343.0,-3426.0,8.0
28.0,-10.0,31.0,-1.0,9.0,342.0,-3709.0,7.0
29.0,-11.0,29.0,-2.0,9.0,341.0,-3535.0,6.0
30.0,-11.0,29.0,-2.0,9.0,341.0,-3253.0,7.0
30.0,-11.0,29.0,-3.0,9.0,340.0,-3181.0,6.0
31.0,-12.0,28.0,-4.0,9.0,339.0,-3202.0,5.0
31.0,-13.0,28.0,-4.0,11.0,340.0,-3253.0,6.0
31.0,-12.0,29.0,-2.0,11.0,340.0,-3474.0,7.0
31.0,-12.0,29.0,-2.0,10.0,340.0,-3417.0,7.0
30.0,-12.0,29.0,-2.0,10.0,340.0,-3471.0,7.0
29.0,-10.0,30.0,0.0,10.0,340.0,-3787.0,8.0
29.0,-10.0,30.0,0.0,9.0,340.0,-3900.0,7.0
30.0,-11.0,30.0,-2.0,8.0,339.0,-3690.0,6.0
30.0,-11.0,29.0,-2.0,9.0,338.0,-3691.0,6.0
30.0,-11.0,29.0,-2.0,9.0,338.0,-3725.0,6.0
30.0,-12.0,28.0,-4.0,9.0,337.0,-3665.0,5.0
31.0,-13.0,28.0,-4.0,10.0,337.0,-3604.0,6.0
30.0,-12.0,29.0,-2.0,10.0,338.0,-3864.0,7.0
30.0,-11.0,29.0,-2.0,10.0,337.0,-3895.0,6.0
30.0,-11.0,29.0,-2.0,10.0,337.0,-3734.0,7.0
29.0,-11.0,30.0,-1.0,10.0,338.0,-3778.0,8.0
28.0,-10.0,31.0,-1.0,9.0,338.0,-3908.0,7.0
29.0,-11.0,29.0,-2.0,8.0,337.0,-3681.0,6.0
29.0,-11.0,29.0,-2.0,9.0,337.0,-3693.0,6.0
30.0,-11.0,29.0,-2.0,8.0,336.0,-3708.0,6.0
31.0,-12.0,27.0,-4.0,8.0,335.0,-3527.0,5.0
31.0,-13.0,27.0,-4.0,10.0,335.0,-3282.0,6.0
30.0,-12.0,29.0,-2.0,11.0,336.0,-3411.0,7.0
30.0,-12.0,28.0,-2.0,9.0,335.0,-3400.0,7.0
30.0,-12.0,29.0,-2.0,10.0,335.0,-3528.0,7.0
29.0,-11.0,30.0,0.0,11.0,336.0,-3730.0,8.0
28.0,-10.0,30.0,0.0,9.0,336.0,-3906.0,7.0
29.0,-11.0,29.0,-2.0,8.0,334.0,-3696.0,6.0
30.0,-11.0,29.0,-2.0,9.0,334.0,-3644.0,6.0
29.0,-11.0,29.0,-2.0,9.0,335.0,-3646.0,6.0
30.0,-12.0,27.0,-3.0,8.0,333.0,-3564.0,5.0
31.0,-13.0,27.0,-4.0,9.0,332.0,-3362.0,6.0
30.0,-12.0,28.0,-3.0,10.0,333.0,-3526.0,7.0
30.0,-11.0,29.0,-2.0,9.0,333.0,-3560.0,7.0
29.0,-11.0,29.0,-2.0,10.0,333.0,-3558.0,7.0
29.0,-10.0,30.0,-1.0,10.0,334.0,-3667.0,8.0
28.0,-9.0,30.0,0.0,9.0,334.0,-3843.0,8.0
29.0,-10.0,29.0,-2.0,8.0,332.0,-3706.0,6.0
29.0,-11.0,29.0,-2.0,9.0,333.0,-3697.0,6.0
29.0,-11.0,29.0,-2.0,9.0,332.0,-3637.0,6.0
30.0,-12.0,27.0,-3.0,8.0,331.0,-3513.0,5.0
30.0,-13.0,27.0,-4.0,10.0,331.0,-3409.0,6.0
30.0,-12.0,28.0,-2.0,11.0,332.0,-3606.0,7.0
29.0,-12.0,28.0,-2.0,9.0,331.0,-3414.0,7.0
29.0,-11.0,28.0,-2.0,9.0,331.0,-3102.0,6.0
29.0,-11.0,29.0,-1.0,10.0,332.0,-3072.0,8.0
28.0,-9.0,31.0,0.0,9.0,332.0,-3201.0,7.0
29.0,-10.0,29.0,-1.0,8.0,330.0,-3021.0,6.0
29.0,-11.0,29.0,-2.0,9.0,330.0,-2988.0,6.0
29.0,-11.0,28.0,-2.0,9.0,330.0,-3054.0,6.0
29.0,-12.0,27.0,-3.0,8.0,329.0,-3040.0,5.0
30.0,-13.0,26.0,-4.0,9.0,328.0,-2816.0,5.0
29.0,-12.0,28.0,-2.0,10.0,329.0,-3069.0,7.0
29.0,-11.0,28.0,-2.0,9.0,329.0,-3405.0,7.0
29.0,-11.0,29.0,-2.0,10.0,329.0,-3427.0,7.0
29.0,-10.0,29.0,-1.0,10.0,330.0,-3435.0,7.0
28.0,-9.0,30.0,0.0,9.0,330.0,-3786.0,8.0
28.0,-10.0,29.0,-2.0,8.0,328.0,-3659.0,6.0
29.0,-11.0,28.0,-2.0,9.0,328.0,-3568.0,6.0
29.0,-11.0,28.0,-2.0,9.0,328.0,-3567.0,6.0
30.0,-11.0,27.0,-3.0,8.0,327.0,-3504.0,5.0
31.0,-13.0,27.0,-4.0,9.0,326.0,-3308.0,5.0
30.0,-12.0,28.0,-2.0,10.0,327.0,-3484.0,6.0
29.0,-11.0,28.0,-2.0,10.0,327.0,-3539.0,6.0
29.0,-11.0,28.0,-2.0,10.0,327.0,-3497.0,7.0
28.0,-10.0,29.0,-1.0,10.0,328.0,-3629.0,8.0
27.0,-9.0,30.0,0.0,9.0,328.0,-3848.0,7.0
28.0,-10.0,28.0,-2.0,8.0,326.0,-3640.0,6.0
29.0,-11.0,28.0,-2.0,9.0,326.0,-3584.0,6.0
29.0,-11.0,28.0,-2.0,9.0,326.0,-3639.0,6.0
29.0,-12.0,27.0,-4.0,8.0,325.0,-3650.0,5.0
30.0,-13.0,26.0,-4.0,9.0,324.0,-3500.0,5.0
30.0,-12.0,27.0,-2.0,10.0,325.0,-3617.0,7.0
29.0,-11.0,27.0,-2.0,9.0,325.0,-3577.0,7.0
29.0,-11.0,28.0,-2.0,9.0,325.0,-3545.0,7.0
28.0,-10.0,29.0,-1.0,10.0,326.0,-3605.0,8.0
27.0,-9.0,30.0,0.0,9.0,326.0,-3747.0,8.0
28.0,-10.0,28.0,-1.0,8.0,324.0,-3595.0,6.0
28.0,-11.0,28.0,-2.0,9.0,324.0,-3556.0,6.0
28.0,-10.0,28.0,-2.0,9.0,324.0,-3547.0,6.0
29.0,-11.0,27.0,-3.0,8.0,323.0,-3459.0,5.0
30.0,-13.0,26.0,-4.0,9.0,322.0,-3270.0,5.0
29.0,-12.0,28.0,-2.0,10.0,323.0,-3419.0,7.0
29.0,-11.0,28.0,-2.0,10.0,323.0,-3459.0,7.0
29.0,-11.0,28.0,-2.0,9.0,323.0,-3233.0,7.0
28.0,-10.0,29.0,-1.0,10.0,324.0,-3010.0,7.0
27.0,-9.0,29.0,0.0,9.0,324.0,-3162.0,7.0
28.0,-10.0,28.0,-1.0,8.0,322.0,-2914.0,6.0
28.0,-10.0,28.0,-1.0,9.0,322.0,-2836.0,6.0
29.0,-11.0,28.0,-2.0,8.0,322.0,-2835.0,5.0
29.0,-11.0,26.0,-3.0,8.0,321.0,-2762.0,5.0
30.0,-13.0,26.0,-4.0,8.0,320.0,-2580.0,5.0
29.0,-12.0,27.0,-2.0,10.0,321.0,-2739.0,7.0
29.0,-12.0,27.0,-2.0,9.0,321.0,-2800.0,6.0
29.0,-11.0,27.0,-2.0,9.0,321.0,-2769.0,6.0
28.0,-10.0,28.0,-1.0,10.0,321.0,-3065.0,7.0
27.0,-9.0,29.0,0.0,9.0,322.0,-3561.0,8.0
28.0,-10.0,28.0,-1.0,8.0,320.0,-3479.0,6.0
28.0,-11.0,28.0,-2.0,9.0,320.0,-3297.0,6.0
28.0,-11.0,27.0,-2.0,8.0,320.0,-3334.0,5.0
28.0,-11.0,26.0,-3.0,8.0,319.0,-3286.0,5.0
30.0,-12.0,26.0,-4.0,9.0,318.0,-3026.0,5.0
29.0,-11.0,27.0,-3.0,10.0,319.0,-3158.0,7.0
28.0,-11.0,27.0,-3.0,9.0,319.0,-3228.0,6.0
29.0,-11.0,27.0,-2.0,9.0,319.0,-3200.0,7.0
28.0,-11.0,28.0,-1.0,10.0,319.0,-3214.0,8.0
27.0,-9.0,29.0,0.0,9.0,320.0,-3402.0,8.0
27.0,-10.0,28.0,-1.0,7.0,318.0,-3236.0,6.0
27.0,-10.0,27.0,-2.0,8.0,318.0,-3133.0,6.0
28.0,-10.0,27.0,-2.0,8.0,318.0,-3151.0,5.0
28.0,-11.0,27.0,-3.0,8.0,317.0,-3126.0,5.0
29.0,-12.0,25.0,-4.0,8.0,315.0,-3038.0,5.0
29.0,-11.0,27.0,-2.0,10.0,317.0,-3188.0,7.0
28.0,-11.0,27.0,-2.0,10.0,317.0,-3180.0,6.0
29.0,-11.0,27.0,-2.0,9.0,317.0,-3118.0,6.0
28.0,-10.0,28.0,-1.0,9.0,317.0,-3156.0,7.0
27.0,-9.0,29.0,0.0,9.0,318.0,-3221.0,8.0
27.0,-10.0,28.0,-1.0,7.0,316.0,-2903.0,6.0
28.0,-10.0,27.0,-2.0,8.0,316.0,-2543.0,6.0
28.0,-10.0,27.0,-2.0,8.0,316.0,-2436.0,6.0
28.0,-11.0,26.0,-3.0,8.0,315.0,-2512.0,5.0
29.0,-12.0,25.0,-4.0,8.0,313.0,-2599.0,4.0
29.0,-11.0,27.0,-2.0,10.0,315.0,-2830.0,6.0
29.0,-11.0,27.0,-2.0,9.0,315.0,-2900.0,6.0
28.0,-11.0,27.0,-2.0,9.0,315.0,-2885.0,6.0
27.0,-10.0,28.0,-1.0,9.0,315.0,-2716.0,7.0
29.0,-12.0,25.0,-4.0,8.0,312.0,-1860.0,4.0
29.0,-12.0,27.0,-3.0,9.0,313.0,-2050.0,6.0
28.0,-11.0,27.0,-2.0,9.0,313.0,-2433.0,6.0
28.0,-11.0,27.0,-2.0,9.0,313.0,-2546.0,6.0
27.0,-10.0,27.0,-1.0,9.0,313.0,-2626.0,7.0
26.0,-9.0,29.0,0.0,9.0,314.0,-2814.0,8.0
27.0,-9.0,27.0,-1.0,7.0,312.0,-2666.0,6.0
27.0,-10.0,27.0,-1.0,9.0,312.0,-2539.0,6.0
28.0,-10.0,26.0,-2.0,8.0,312.0,-2496.0,6.0
28.0,-11.0,26.0,-3.0,8.0,311.0,-2402.0,5.0
29.0,-12.0,25.0,-4.0,8.0,310.0,-2193.0,4.0
28.0,-12.0,26.0,-3.0,10.0,311.0,-2290.0,6.0
29.0,-10.0,29.0,-2.0,10.0,313.0,-2386.0,8.0
31.0,-8.0,33.0,-1.0,12.0,318.0,-2363.0,11.0
32.0,-6.0,36.0,0.0,13.0,320.0,-2441.0,13.0
33.0,-4.0,40.0,2.0,15.0,323.0,-2685.0,15.0
37.0,-6.0,42.0,1.0,15.0,325.0,-2557.0,16.0
41.0,-8.0,45.0,2.0,19.0,329.0,-2413.0,19.0
44.0,-8.0,48.0,2.0,21.0,331.0,-2428.0,21.0
46.0,-8.0,50.0,2.0,22.0,333.0,-2420.0,22.0
49.0,-10.0,51.0,0.0,24.0,334.0,-2244.0,24.0
50.0,-10.0,54.0,2.0,27.0,337.0,-2384.0,26.0
50.0,-6.0,55.0,3.0,26.0,338.0,-2552.0,27.0
50.0,-5.0,57.0,3.0,26.0,338.0,-2586.0,28.0
51.0,-6.0,58.0,4.0,28.0,340.0,-2728.0,30.0
51.0,-6.0,60.0,6.0,28.0,341.0,-2956.0,31.0
51.0,-6.0,59.0,4.0,25.0,339.0,-2814.0,29.0
52.0,-7.0,58.0,4.0,27.0,339.0,-2699.0,29.0
52.0,-7.0,58.0,3.0,27.0,339.0,-2685.0,29.0
52.0,-8.0,57.0,3.0,27.0,338.0,-2614.0,28.0
53.0,-12.0,54.0,1.0,26.0,335.0,-2453.0,26.0
53.0,-13.0,54.0,2.0,28.0,336.0,-2614.0,28.0
52.0,-13.0,55.0,2.0,28.0,336.0,-2739.0,28.0
51.0,-12.0,55.0,2.0,27.0,336.0,-2650.0,28.0
49.0,-10.0,54.0,3.0,26.0,335.0,-2655.0,27.0
48.0,-8.0,56.0,5.0,26.0,335.0,-2864.0,28.0
48.0,-9.0,54.0,3.0,24.0,333.0,-2762.0,26.0
48.0,-10.0,53.0,3.0,24.0,332.0,-2624.0,25.0
46.0,-11.0,50.0,2.0,22.0,329.0,-2675.0,23.0
46.0,-11.0,48.0,1.0,22.0,328.0,-2658.0,22.0
47.0,-13.0,46.0,0.0,21.0,325.0,-2474.0,20.0
45.0,-14.0,45.0,0.0,22.0,324.0,-2547.0,20.0
43.0,-13.0,44.0,0.0,20.0,323.0,-2666.0,20.0
41.0,-11.0,43.0,0.0,19.0,322.0,-2631.0,19.0
39.0,-11.0,41.0,1.0,19.0,320.0,-2705.0,18.0
37.0,-10.0,41.0,2.0,18.0,319.0,-2900.0,17.0
36.0,-10.0,38.0,1.0,14.0,316.0,-2782.0,14.0
35.0,-9.0,36.0,0.0,14.0,314.0,-2652.0,13.0
34.0,-10.0,34.0,0.0,13.0,312.0,-2696.0,12.0
32.0,-10.0,31.0,-1.0,11.0,309.0,-2654.0,9.0
31.0,-10.0,28.0,-3.0,10.0,306.0,-2441.0,7.0
29.0,-10.0,27.0,-2.0,11.0,305.0,-2502.0,7.0
27.0,-10.0,25.0,-2.0,9.0,303.0,-2714.0,6.0
27.0,-11.0,25.0,-2.0,8.0,303.0,-2692.0,6.0
26.0,-10.0,26.0,-2.0,8.0,303.0,-2721.0,6.0
25.0,-9.0,27.0,0.0,9.0,304.0,-2909.0,7.0
25.0,-9.0,26.0,-1.0,7.0,302.0,-2874.0,5.0
26.0,-10.0,25.0,-1.0,7.0,302.0,-2772.0,5.0
26.0,-10.0,25.0,-2.0,8.0,301.0,-2787.0,5.0
26.0,-11.0,25.0,-3.0,7.0,301.0,-2668.0,4.0
28.0,-12.0,23.0,-4.0,7.0,299.0,-2202.0,3.0
28.0,-12.0,24.0,-3.0,9.0,301.0,-2164.0,5.0
27.0,-11.0,25.0,-2.0,8.0,301.0,-2475.0,6.0
27.0,-10.0,25.0,-2.0,8.0,301.0,-2612.0,6.0
26.0,-10.0,26.0,-1.0,8.0,300.0,-2612.0,6.0
25.0,-9.0,27.0,0.0,9.0,302.0,-2736.0,7.0
25.0,-9.0,26.0,-1.0,7.0,300.0,-2650.0,5.0
26.0,-10.0,25.0,-2.0,7.0,300.0,-2511.0,5.0
26.0,-10.0,25.0,-2.0,7.0,299.0,-2518.0,5.0
26.0,-10.0,25.0,-2.0,7.0,299.0,-2456.0,5.0
27.0,-12.0,23.0,-4.0,7.0,298.0,-2252.0,3.0
27.0,-11.0,25.0,-3.0,9.0,299.0,-2273.0,5.0
27.0,-11.0,25.0,-2.0,9.0,299.0,-2440.0,5.0
26.0,-10.0,25.0,-2.0,8.0,299.0,-2417.0,5.0
26.0,-10.0,26.0,-1.0,9.0,299.0,-2430.0,6.0
25.0,-9.0,27.0,0.0,9.0,300.0,-2649.0,7.0
25.0,-9.0,26.0,-1.0,6.0,299.0,-2644.0,5.0
25.0,-10.0,25.0,-2.0,7.0,298.0,-2435.0,5.0
26.0,-10.0,25.0,-2.0,8.0,298.0,-2355.0,5.0
26.0,-10.0,24.0,-2.0,8.0,297.0,-2283.0,5.0
27.0,-12.0,23.0,-4.0,7.0,296.0,-2189.0,3.0
27.0,-11.0,24.0,-3.0,9.0,297.0,-2328.0,5.0
26.0,-10.0,25.0,-2.0,8.0,297.0,-2551.0,5.0
26.0,-10.0,25.0,-2.0,8.0,297.0,-2540.0,6.0
26.0,-10.0,25.0,-2.0,8.0,297.0,-2543.0,6.0
25.0,-8.0,27.0,0.0,9.0,298.0,-2711.0,8.0
25.0,-8.0,26.0,-1.0,7.0,297.0,-2654.0,5.0
25.0,-9.0,25.0,-2.0,7.0,296.0,-2467.0,5.0
23.0,-10.0,28.0,-1.0,6.0,292.0,-2486.0,2.0
18.0,-13.0,36.0,0.0,1.0,284.0,-2502.0,-2.0
14.0,-17.0,42.0,0.0,-2.0,275.0,-2355.0,-8.0
9.0,-19.0,50.0,2.0,-4.0,269.0,-2351.0,-12.0
4.0,-16.0,54.0,3.0,-6.0,266.0,-2565.0,-14.0
6.0,-8.0,48.0,1.0,-5.0,272.0,-2566.0,-11.0
12.0,0.0,36.0,-1.0,0.0,284.0,-2598.0,-3.0
23.0,15.0,16.0,-5.0,10.0,308.0,-2779.0,11.0
42.0,41.0,-21.0,-16.0,23.0,342.0,-2766.0,32.0
66.0,64.0,-63.0,-28.0,43.0,382.0,-2600.0,58.0
92.0,86.0,-105.0,-39.0,63.0,423.0,-2616.0,85.0
117.0,107.0,-148.0,-51.0,83.0,464.0,-2584.0,113.0
144.0,128.0,-192.0,-64.0,103.0,504.0,-2372.0,139.0
170.0,149.0,-233.0,-74.0,125.0,547.0,-2322.0,168.0
195.0,169.0,-274.0,-84.0,144.0,587.0,-2471.0,195.0
220.0,183.0,-312.0,-92.0,164.0,624.0,-2390.0,221.0
245.0,187.0,-343.0,-98.0,183.0,656.0,-2381.0,244.0
265.0,187.0,-366.0,-102.0,198.0,681.0,-2573.0,263.0
281.0,190.0,-386.0,-107.0,208.0,700.0,-2597.0,276.0
290.0,192.0,-400.0,-111.0,215.0,712.0,-2445.0,285.0
296.0,185.0,-404.0,-110.0,219.0,714.0,-2467.0,288.0
298.0,173.0,-400.0,-109.0,219.0,710.0,-2451.0,287.0
295.0,163.0,-391.0,-107.0,215.0,699.0,-2281.0,280.0
286.0,155.0,-375.0,-102.0,210.0,684.0,-2276.0,271.0
274.0,144.0,-355.0,-96.0,200.0,665.0,-2451.0,259.0
260.0,131.0,-330.0,-89.0,188.0,641.0,-2434.0,243.0
241.0,112.0,-297.0,-80.0,173.0,609.0,-2436.0,223.0
217.0,92.0,-257.0,-68.0,156.0,573.0,-2636.0,200.0
192.0,70.0,-217.0,-59.0,134.0,530.0,-2680.0,171.0
167.0,43.0,-173.0,-48.0,114.0,486.0,-2558.0,142.0
141.0,16.0,-127.0,-35.0,94.0,441.0,-2637.0,113.0
116.0,-5.0,-86.0,-24.0,74.0,399.0,-2637.0,86.0
91.0,-24.0,-46.0,-16.0,53.0,358.0,-2488.0,58.0
65.0,-43.0,-5.0,-6.0,34.0,318.0,-2485.0,32.0
36.0,-59.0,23.0,-2.0,12.0,276.0,-2696.0,4.0
7.0,-83.0,28.0,-1.0,-10.0,230.0,-2682.0,-26.0
-17.0,-93.0,28.0,-1.0,-29.0,194.0,-2673.0,-50.0
-33.0,-79.0,30.0,0.0,-38.0,185.0,-2818.0,-59.0
-35.0,-63.0,30.0,0.0,-40.0,190.0,-2807.0,-59.0
-24.0,-53.0,29.0,0.0,-31.0,207.0,-2554.0,-48.0
-9.0,-40.0,29.0,-1.0,-19.0,231.0,-2523.0,-32.0
3.0,-29.0,28.0,-1.0,-9.0,252.0,-2521.0,-18.0
15.0,-21.0,27.0,-2.0,-1.0,269.0,-2351.0,-7.0
23.0,-14.0,27.0,-2.0,6.0,282.0,-2260.0,1.0
23.0,-12.0,28.0,-1.0,7.0,284.0,-2450.0,3.0
22.0,-11.0,28.0,-1.0,6.0,284.0,-2441.0,3.0
22.0,-11.0,28.0,0.0,6.0,284.0,-2436.0,3.0
22.0,-10.0,30.0,0.0,7.0,285.0,-2577.0,4.0
22.0,-10.0,29.0,0.0,5.0,284.0,-2603.0,3.0
22.0,-11.0,28.0,-1.0,5.0,283.0,-2390.0,2.0
22.0,-11.0,28.0,-1.0,5.0,283.0,-2407.0,2.0
23.0,-11.0,28.0,-1.0,5.0,283.0,-2463.0,2.0
23.0,-12.0,27.0,-3.0,5.0,281.0,-2393.0,0.0
23.0,-12.0,27.0,-2.0,6.0,282.0,-2318.0,2.0
23.0,-12.0,28.0,-1.0,6.0,283.0,-2494.0,3.0
22.0,-11.0,28.0,-1.0,6.0,282.0,-2508.0,3.0
23.0,-11.0,28.0,-1.0,6.0,282.0,-2546.0,3.0
22.0,-10.0,30.0,0.0,7.0,283.0,-2734.0,4.0
21.0,-10.0,30.0,0.0,5.0,282.0,-2828.0,3.0
22.0,-11.0,28.0,-1.0,5.0,281.0,-2624.0,2.0
22.0,-11.0,28.0,-1.0,6.0,281.0,-2598.0,2.0
22.0,-11.0,28.0,-1.0,5.0,281.0,-2557.0,2.0
23.0,-12.0,26.0,-3.0,5.0,279.0,-2422.0,1.0
24.0,-13.0,27.0,-2.0,6.0,280.0,-2328.0,2.0
23.0,-12.0,28.0,-1.0,6.0,281.0,-2466.0,3.0
23.0,-12.0,28.0,-1.0,6.0,280.0,-2438.0,3.0
23.0,-11.0,28.0,-1.0,6.0,280.0,-2425.0,3.0
21.0,-10.0,30.0,0.0,7.0,282.0,-2531.0,4.0
21.0,-10.0,30.0,0.0,5.0,281.0,-2597.0,3.0
22.0,-11.0,28.0,-1.0,5.0,280.0,-2417.0,2.0
22.0,-11.0,28.0,-1.0,6.0,280.0,-2475.0,2.0
22.0,-11.0,27.0,-1.0,5.0,279.0,-2471.0,2.0
23.0,-12.0,26.0,-3.0,4.0,278.0,-2326.0,1.0
23.0,-13.0,27.0,-2.0,6.0,278.0,-2200.0,2.0
22.0,-12.0,28.0,-1.0,6.0,279.0,-2410.0,3.0
23.0,-11.0,28.0,-1.0,5.0,279.0,-2405.0,3.0
22.0,-11.0,28.0,-1.0,5.0,279.0,-2429.0,3.0
21.0,-10.0,30.0,0.0,7.0,280.0,-2630.0,4.0
21.0,-10.0,29.0,0.0,5.0,279.0,-2804.0,3.0
21.0,-11.0,28.0,0.0,5.0,278.0,-2704.0,2.0
22.0,-11.0,28.0,-1.0,6.0,278.0,-2696.0,2.0
22.0,-11.0,28.0,-1.0,5.0,277.0,-2650.0,2.0
23.0,-12.0,27.0,-2.0,5.0,276.0,-2504.0,1.0
24.0,-12.0,28.0,-2.0,7.0,278.0,-2386.0,2.0
25.0,-10.0,31.0,0.0,8.0,281.0,-2617.0,6.0
25.0,-9.0,32.0,0.0,8.0,281.0,-2624.0,6.0
25.0,-9.0,33.0,0.0,9.0,283.0,-2595.0,7.0
26.0,-7.0,37.0,2.0,10.0,286.0,-2708.0,10.0
27.0,-7.0,38.0,2.0,10.0,287.0,-2758.0,10.0
29.0,-9.0,38.0,1.0,11.0,287.0,-2503.0,10.0
30.0,-10.0,38.0,1.0,12.0,287.0,-2519.0,10.0
30.0,-10.0,38.0,0.0,11.0,286.0,-2554.0,10.0
32.0,-10.0,38.0,0.0,11.0,286.0,-2477.0,9.0
34.0,-10.0,41.0,0.0,15.0,289.0,-2375.0,12.0
33.0,-9.0,42.0,1.0,15.0,290.0,-2542.0,13.0
34.0,-9.0,42.0,1.0,14.0,290.0,-2510.0,13.0
34.0,-10.0,43.0,1.0,15.0,291.0,-2481.0,14.0
35.0,-10.0,46.0,3.0,17.0,293.0,-2601.0,16.0
34.0,-7.0,47.0,3.0,15.0,294.0,-2707.0,16.0
35.0,-6.0,47.0,3.0,15.0,294.0,-2509.0,15.0
37.0,-8.0,48.0,3.0,17.0,294.0,-2458.0,16.0
38.0,-9.0,48.0,3.0,17.0,295.0,-2424.0,17.0
40.0,-10.0,47.0,2.0,17.0,294.0,-2326.0,16.0
42.0,-10.0,50.0,2.0,20.0,296.0,-2158.0,19.0
43.0,-7.0,55.0,4.0,23.0,301.0,-2322.0,23.0
45.0,-5.0,59.0,5.0,24.0,305.0,-2312.0,25.0
48.0,-3.0,64.0,6.0,26.0,309.0,-2282.0,28.0
48.0,-1.0,67.0,8.0,28.0,313.0,-2386.0,31.0
50.0,0.0,70.0,9.0,28.0,315.0,-2504.0,32.0
53.0,1.0,73.0,9.0,29.0,318.0,-2280.0,34.0
57.0,2.0,78.0,10.0,32.0,322.0,-2243.0,37.0
60.0,4.0,82.0,11.0,34.0,325.0,-2254.0,39.0
63.0,5.0,84.0,10.0,36.0,329.0,-2155.0,41.0
66.0,3.0,87.0,10.0,39.0,331.0,-2038.0,44.0
69.0,5.0,92.0,13.0,42.0,336.0,-2261.0,48.0
71.0,7.0,97.0,14.0,43.0,340.0,-2284.0,51.0
74.0,9.0,101.0,16.0,46.0,345.0,-2302.0,54.0
76.0,12.0,107.0,18.0,49.0,350.0,-2440.0,58.0
78.0,14.0,112.0,19.0,49.0,353.0,-2569.0,60.0
82.0,12.0,113.0,19.0,51.0,355.0,-2344.0,61.0
84.0,12.0,116.0,19.0,54.0,358.0,-2341.0,63.0
85.0,13.0,117.0,19.0,54.0,359.0,-2388.0,64.0
87.0,13.0,119.0,18.0,55.0,361.0,-2331.0,65.0
90.0,12.0,119.0,18.0,57.0,362.0,-2193.0,66.0
91.0,11.0,122.0,20.0,59.0,364.0,-2390.0,69.0
91.0,11.0,123.0,20.0,58.0,364.0,-2428.0,69.0
91.0,11.0,124.0,21.0,58.0,365.0,-2386.0,70.0
92.0,13.0,127.0,22.0,60.0,368.0,-2387.0,73.0
92.0,14.0,129.0,23.0,60.0,369.0,-2435.0,73.0
93.0,14.0,127.0,22.0,59.0,367.0,-2189.0,71.0
92.0,13.0,125.0,21.0,59.0,366.0,-2171.0,70.0
90.0,12.0,122.0,20.0,58.0,363.0,-2258.0,69.0
91.0,10.0,120.0,19.0,57.0,361.0,-2125.0,67.0
91.0,7.0,117.0,17.0,57.0,358.0,-1912.0,66.0
88.0,8.0,117.0,18.0,57.0,357.0,-2121.0,66.0
86.0,6.0,115.0,18.0,55.0,355.0,-2215.0,64.0
85.0,5.0,113.0,18.0,54.0,352.0,-2297.0,63.0
83.0,5.0,111.0,18.0,53.0,351.0,-2521.0,63.0
80.0,5.0,109.0,18.0,51.0,349.0,-2834.0,61.0
80.0,1.0,105.0,15.0,48.0,344.0,-2700.0,57.0
77.0,0.0,101.0,14.0,47.0,341.0,-2708.0,54.0
75.0,1.0,98.0,14.0,45.0,337.0,-2733.0,52.0
73.0,-1.0,93.0,12.0,43.0,332.0,-2651.0,49.0
72.0,-6.0,89.0,10.0,43.0,329.0,-2459.0,47.0
69.0,-7.0,86.0,10.0,42.0,326.0,-2569.0,46.0
68.0,-10.0,82.0,9.0,40.0,322.0,-2555.0,43.0
66.0,-13.0,79.0,8.0,38.0,318.0,-2475.0,42.0
63.0,-14.0,76.0,8.0,37.0,315.0,-2524.0,40.0
58.0,-13.0,74.0,9.0,34.0,312.0,-2667.0,37.0
56.0,-11.0,70.0,7.0,31.0,308.0,-2496.0,34.0
54.0,-11.0,66.0,6.0,30.0,305.0,-2501.0,31.0
53.0,-12.0,64.0,5.0,28.0,302.0,-2541.0,30.0
52.0,-14.0,61.0,4.0,27.0,299.0,-2481.0,27.0
51.0,-15.0,58.0,2.0,27.0,296.0,-2307.0,26.0
49.0,-13.0,58.0,4.0,27.0,296.0,-2491.0,27.0
45.0,-12.0,55.0,3.0,24.0,293.0,-2567.0,24.0
44.0,-13.0,53.0,3.0,23.0,292.0,-2510.0,23.0
42.0,-11.0,53.0,4.0,23.0,291.0,-2552.0,23.0
40.0,-11.0,51.0,5.0,20.0,289.0,-2757.0,22.0
39.0,-12.0,48.0,2.0,18.0,285.0,-2548.0,18.0
38.0,-11.0,47.0,2.0,18.0,284.0,-2487.0,18.0
37.0,-10.0,45.0,2.0,16.0,282.0,-2522.0,16.0
36.0,-13.0,41.0,0.0,15.0,279.0,-2473.0,14.0
35.0,-14.0,39.0,0.0,14.0,277.0,-2314.0,12.0
34.0,-12.0,39.0,1.0,15.0,277.0,-2439.0,13.0
33.0,-14.0,38.0,0.0,14.0,275.0,-2465.0,12.0
31.0,-14.0,37.0,0.0,13.0,274.0,-2425.0,11.0
29.0,-12.0,37.0,1.0,13.0,273.0,-2300.0,11.0
26.0,-9.0,35.0,2.0,10.0,272.0,-2255.0,10.0
25.0,-11.0,31.0,0.0,7.0,267.0,-2026.0,5.0
24.0,-11.0,30.0,0.0,8.0,266.0,-1973.0,5.0
22.0,-9.0,28.0,0.0,6.0,264.0,-1951.0,3.0
22.0,-9.0,27.0,-1.0,5.0,263.0,-1818.0,2.0
23.0,-11.0,26.0,-2.0,6.0,262.0,-1657.0,2.0
22.0,-10.0,26.0,-1.0,7.0,263.0,-1819.0,3.0
19.0,-11.0,24.0,-1.0,5.0,260.0,-1881.0,1.0
19.0,-11.0,24.0,-1.0,4.0,259.0,-1842.0,1.0
18.0,-10.0,24.0,0.0,5.0,260.0,-2000.0,2.0
18.0,-10.0,26.0,0.0,4.0,260.0,-2613.0,2.0
18.0,-10.0,24.0,0.0,2.0,259.0,-2798.0,0.0
19.0,-11.0,24.0,-1.0,3.0,258.0,-2849.0,0.0
19.0,-11.0,23.0,-1.0,3.0,258.0,-2903.0,0.0
19.0,-12.0,23.0,-2.0,3.0,257.0,-2848.0,0.0
20.0,-13.0,21.0,-3.0,4.0,256.0,-2647.0,0.0
20.0,-12.0,23.0,-2.0,4.0,257.0,-2788.0,1.0
20.0,-12.0,23.0,-2.0,4.0,257.0,-2843.0,0.0
19.0,-12.0,23.0,-1.0,4.0,257.0,-2838.0,1.0
18.0,-11.0,24.0,0.0,5.0,258.0,-2891.0,1.0
17.0,-9.0,25.0,0.0,4.0,259.0,-3069.0,2.0
18.0,-10.0,24.0,-1.0,2.0,257.0,-2928.0,0.0
19.0,-11.0,23.0,-1.0,3.0,257.0,-2885.0,0.0
18.0,-11.0,23.0,-1.0,3.0,256.0,-2908.0,0.0
19.0,-11.0,22.0,-2.0,3.0,256.0,-2856.0,0.0
20.0,-12.0,21.0,-4.0,4.0,255.0,-2654.0,0.0
19.0,-12.0,23.0,-2.0,5.0,256.0,-2781.0,1.0
19.0,-11.0,23.0,-1.0,4.0,256.0,-2877.0,0.0
18.0,-11.0,23.0,-1.0,4.0,256.0,-2858.0,1.0
18.0,-10.0,24.0,0.0,5.0,256.0,-2885.0,2.0
17.0,-9.0,26.0,0.0,4.0,257.0,-3048.0,2.0
18.0,-10.0,24.0,-1.0,3.0,255.0,-2882.0,0.0
18.0,-11.0,23.0,-1.0,3.0,255.0,-2773.0,0.0
19.0,-11.0,23.0,-1.0,3.0,255.0,-2615.0,0.0
19.0,-11.0,22.0,-2.0,3.0,254.0,-2415.0,0.0
20.0,-12.0,21.0,-3.0,3.0,253.0,-2239.0,0.0
19.0,-12.0,23.0,-2.0,5.0,254.0,-2544.0,1.0
18.0,-11.0,23.0,-1.0,4.0,254.0,-2688.0,1.0
19.0,-11.0,23.0,-1.0,4.0,254.0,-2680.0,1.0
18.0,-11.0,24.0,0.0,5.0,255.0,-2807.0,1.0
17.0,-9.0,25.0,0.0,5.0,255.0,-3067.0,2.0
17.0,-10.0,24.0,0.0,2.0,253.0,-2944.0,0.0
18.0,-11.0,23.0,-1.0,3.0,253.0,-2845.0,0.0
18.0,-11.0,23.0,-1.0,3.0,253.0,-2883.0,0.0
19.0,-11.0,22.0,-2.0,3.0,252.0,-2870.0,0.0
20.0,-12.0,21.0,-4.0,3.0,251.0,-2639.0,0.0
19.0,-12.0,22.0,-2.0,4.0,253.0,-2711.0,1.0
19.0,-11.0,23.0,-1.0,4.0,253.0,-2765.0,1.0
19.0,-11.0,23.0,-1.0,4.0,252.0,-2696.0,1.0
18.0,-10.0,23.0,-1.0,4.0,253.0,-2681.0,2.0
17.0,-9.0,25.0,0.0,4.0,254.0,-2763.0,2.0
17.0,-10.0,23.0,-1.0,2.0,252.0,-2562.0,0.0
18.0,-10.0,23.0,-1.0,4.0,252.0,-2435.0,0.0
18.0,-10.0,23.0,-1.0,4.0,252.0,-2435.0,0.0
18.0,-11.0,22.0,-2.0,3.0,251.0,-2307.0,0.0
20.0,-12.0,21.0,-4.0,3.0,250.0,-2042.0,-1.0
19.0,-11.0,22.0,-2.0,5.0,251.0,-2135.0,1.0
18.0,-11.0,23.0,-2.0,4.0,251.0,-2242.0,1.0
18.0,-11.0,22.0,-1.0,3.0,251.0,-2192.0,1.0
17.0,-10.0,23.0,0.0,4.0,251.0,-2214.0,1.0
16.0,-9.0,24.0,0.0,4.0,252.0,-2421.0,2.0
17.0,-9.0,23.0,0.0,3.0,251.0,-2313.0,0.0
18.0,-10.0,23.0,-1.0,3.0,250.0,-2194.0,0.0
18.0,-10.0,22.0,-1.0,3.0,250.0,-2216.0,0.0
18.0,-11.0,22.0,-2.0,3.0,249.0,-2185.0,0.0
19.0,-12.0,21.0,-3.0,3.0,248.0,-2036.0,0.0
19.0,-11.0,22.0,-2.0,5.0,249.0,-2189.0,0.0
19.0,-11.0,22.0,-1.0,4.0,249.0,-2330.0,0.0
18.0,-11.0,22.0,-1.0,4.0,249.0,-2325.0,0.0
18.0,-11.0,23.0,-1.0,4.0,249.0,-2369.0,1.0
17.0,-9.0,25.0,0.0,4.0,250.0,-2581.0,2.0
17.0,-10.0,23.0,0.0,2.0,249.0,-2486.0,0.0
18.0,-10.0,23.0,-1.0,3.0,248.0,-2378.0,0.0
18.0,-10.0,23.0,-1.0,3.0,248.0,-2374.0,0.0
18.0,-11.0,22.0,-2.0,3.0,248.0,-2300.0,0.0
19.0,-12.0,20.0,-3.0,3.0,246.0,-2083.0,0.0
20.0,-12.0,22.0,-2.0,5.0,248.0,-2167.0,0.0
19.0,-11.0,22.0,-1.0,4.0,248.0,-2324.0,0.0
18.0,-11.0,22.0,-1.0,4.0,248.0,-2308.0,1.0
18.0,-10.0,23.0,0.0,4.0,248.0,-2332.0,1.0
17.0,-9.0,24.0,0.0,4.0,248.0,-2494.0,2.0
17.0,-10.0,23.0,0.0,3.0,247.0,-2364.0,0.0
18.0,-10.0,23.0,-1.0,4.0,247.0,-2233.0,0.0
17.0,-10.0,23.0,-1.0,3.0,247.0,-2264.0,0.0
18.0,-10.0,22.0,-2.0,3.0,246.0,-2245.0,0.0
19.0,-12.0,20.0,-3.0,3.0,245.0,-2052.0,-1.0
19.0,-12.0,22.0,-2.0,5.0,246.0,-2132.0,0.0
18.0,-11.0,22.0,-1.0,4.0,246.0,-2283.0,0.0
17.0,-10.0,22.0,-1.0,4.0,246.0,-2256.0,1.0
18.0,-10.0,23.0,-1.0,4.0,246.0,-2291.0,1.0
17.0,-9.0,24.0,0.0,5.0,248.0,-2492.0,2.0
17.0,-10.0,23.0,0.0,2.0,246.0,-2415.0,0.0
18.0,-10.0,22.0,-1.0,3.0,245.0,-2302.0,0.0
18.0,-10.0,22.0,-1.0,3.0,245.0,-2307.0,0.0
18.0,-11.0,22.0,-1.0,3.0,245.0,-2280.0,0.0
19.0,-12.0,20.0,-3.0,3.0,244.0,-2113.0,0.0
19.0,-11.0,22.0,-2.0,4.0,244.0,-2144.0,0.0
18.0,-11.0,22.0,-1.0,4.0,244.0,-2253.0,1.0
18.0,-11.0,22.0,-1.0,4.0,244.0,-2190.0,1.0
18.0,-10.0,22.0,-1.0,4.0,245.0,-2206.0,1.0
16.0,-8.0,24.0,0.0,4.0,246.0,-2488.0,2.0
17.0,-9.0,23.0,0.0,2.0,244.0,-2463.0,0.0
18.0,-10.0,23.0,0.0,3.0,244.0,-2316.0,0.0
18.0,-11.0,22.0,-1.0,3.0,244.0,-2301.0,0.0
18.0,-11.0,22.0,-2.0,3.0,243.0,-2124.0,0.0
19.0,-12.0,20.0,-3.0,3.0,242.0,-1523.0,0.0
18.0,-11.0,21.0,-2.0,5.0,243.0,-1237.0,0.0
18.0,-11.0,22.0,-1.0,4.0,244.0,-1240.0,1.0
17.0,-10.0,22.0,-1.0,4.0,243.0,-1154.0,1.0
17.0,-10.0,23.0,-1.0,3.0,243.0,-1136.0,1.0
16.0,-9.0,24.0,0.0,4.0,244.0,-1425.0,2.0
17.0,-9.0,23.0,0.0,2.0,243.0,-1843.0,0.0
17.0,-10.0,22.0,-1.0,3.0,243.0,-2058.0,0.0
17.0,-10.0,22.0,-1.0,3.0,242.0,-2229.0,0.0
18.0,-11.0,22.0,-2.0,3.0,242.0,-2264.0,0.0
18.0,-12.0,20.0,-3.0,3.0,240.0,-2071.0,0.0
18.0,-11.0,21.0,-2.0,5.0,241.0,-2063.0,0.0
18.0,-10.0,22.0,-2.0,4.0,242.0,-2194.0,1.0
18.0,-11.0,22.0,-1.0,4.0,242.0,-2163.0,1.0
18.0,-11.0,22.0,-1.0,4.0,242.0,-2170.0,1.0
16.0,-9.0,24.0,0.0,5.0,243.0,-2361.0,3.0
16.0,-9.0,23.0,0.0,2.0,242.0,-2346.0,0.0
17.0,-10.0,22.0,-1.0,3.0,241.0,-2207.0,0.0
17.0,-10.0,21.0,-1.0,3.0,241.0,-2196.0,0.0
17.0,-10.0,21.0,-1.0,3.0,240.0,-2136.0,0.0
18.0,-12.0,20.0,-3.0,3.0,239.0,-1982.0,0.0
18.0,-12.0,21.0,-2.0,5.0,240.0,-2034.0,0.0
18.0,-11.0,22.0,-1.0,5.0,240.0,-2131.0,1.0
18.0,-10.0,22.0,-1.0,4.0,240.0,-2052.0,1.0
17.0,-10.0,22.0,-1.0,4.0,240.0,-2048.0,1.0
16.0,-9.0,24.0,0.0,5.0,241.0,-2227.0,2.0
16.0,-9.0,23.0,0.0,2.0,240.0,-2221.0,0.0
17.0,-10.0,22.0,-1.0,3.0,239.0,-2057.0,0.0
17.0,-10.0,21.0,-1.0,3.0,239.0,-2178.0,0.0
17.0,-10.0,21.0,-2.0,3.0,239.0,-2171.0,0.0
18.0,-12.0,19.0,-3.0,2.0,237.0,-1940.0,-1.0
18.0,-12.0,20.0,-2.0,5.0,238.0,-2021.0,0.0
17.0,-11.0,21.0,-1.0,4.0,239.0,-2212.0,1.0
17.0,-11.0,22.0,-1.0,4.0,239.0,-2071.0,1.0
17.0,-10.0,22.0,-1.0,4.0,239.0,-2010.0,1.0
16.0,-9.0,24.0,0.0,5.0,240.0,-2176.0,2.0
16.0,-9.0,23.0,0.0,3.0,239.0,-2134.0,0.0
17.0,-10.0,21.0,-1.0,3.0,238.0,-1962.0,0.0
17.0,-10.0,21.0,-2.0,3.0,238.0,-1987.0,0.0
17.0,-10.0,21.0,-2.0,3.0,237.0,-1988.0,0.0
18.0,-11.0,19.0,-3.0,2.0,236.0,-1948.0,-1.0
19.0,-11.0,20.0,-2.0,4.0,237.0,-1974.0,0.0
18.0,-11.0,21.0,-1.0,4.0,237.0,-2033.0,1.0
17.0,-10.0,21.0,-1.0,3.0,237.0,-1970.0,0.0
17.0,-10.0,22.0,-1.0,4.0,237.0,-1950.0,1.0
16.0,-9.0,24.0,0.0,4.0,239.0,-2119.0,2.0
16.0,-9.0,23.0,0.0,2.0,237.0,-2129.0,0.0
17.0,-9.0,22.0,-1.0,3.0,237.0,-1959.0,0.0
17.0,-10.0,21.0,-1.0,3.0,236.0,-2015.0,0.0
17.0,-10.0,21.0,-1.0,3.0,236.0,-2097.0,0.0
18.0,-11.0,20.0,-3.0,2.0,234.0,-2012.0,-1.0
19.0,-11.0,21.0,-2.0,5.0,236.0,-1880.0,1.0
21.0,-8.0,26.0,0.0,6.0,241.0,-1942.0,4.0
22.0,-7.0,29.0,0.0,7.0,244.0,-1881.0,6.0
23.0,-6.0,32.0,1.0,8.0,246.0,-1901.0,8.0
25.0,-5.0,36.0,3.0,11.0,250.0,-2096.0,11.0
28.0,-6.0,39.0,3.0,12.0,252.0,-2136.0,13.0
32.0,-8.0,42.0,3.0,14.0,255.0,-1994.0,15.0
34.0,-8.0,44.0,3.0,16.0,257.0,-2056.0,16.0
37.0,-8.0,47.0,3.0,18.0,260.0,-2034.0,18.0
40.0,-10.0,47.0,2.0,19.0,260.0,-1883.0,18.0
40.0,-8.0,48.0,2.0,21.0,262.0,-1844.0,20.0
39.0,-5.0,51.0,4.0,21.0,263.0,-1996.0,22.0
41.0,-6.0,52.0,4.0,21.0,264.0,-1927.0,22.0
41.0,-7.0,53.0,5.0,22.0,265.0,-1910.0,24.0
41.0,-6.0,55.0,6.0,23.0,266.0,-2101.0,25.0
41.0,-6.0,54.0,5.0,21.0,265.0,-2139.0,23.0
42.0,-6.0,53.0,5.0,21.0,265.0,-1982.0,23.0
41.0,-7.0,53.0,5.0,22.0,265.0,-2105.0,23.0
42.0,-9.0,51.0,3.0,21.0,263.0,-2192.0,22.0
43.0,-13.0,48.0,1.0,21.0,260.0,-2066.0,20.0
43.0,-13.0,49.0,2.0,22.0,261.0,-2046.0,22.0
42.0,-12.0,50.0,3.0,23.0,262.0,-2267.0,23.0
40.0,-11.0,49.0,3.0,21.0,260.0,-2278.0,21.0
38.0,-9.0,48.0,3.0,20.0,259.0,-2256.0,21.0
37.0,-8.0,50.0,5.0,21.0,261.0,-2357.0,22.0
37.0,-8.0,49.0,5.0,19.0,260.0,-2404.0,21.0
36.0,-9.0,46.0,3.0,18.0,257.0,-2226.0,18.0
36.0,-10.0,44.0,2.0,18.0,255.0,-2277.0,17.0
35.0,-11.0,43.0,2.0,17.0,254.0,-2339.0,17.0
35.0,-13.0,39.0,0.0,15.0,250.0,-2227.0,14.0
34.0,-14.0,38.0,0.0,16.0,249.0,-2138.0,14.0
31.0,-11.0,38.0,1.0,15.0,249.0,-2320.0,13.0
30.0,-11.0,36.0,1.0,13.0,247.0,-2333.0,12.0
28.0,-11.0,34.0,1.0,12.0,245.0,-2318.0,11.0
27.0,-10.0,34.0,2.0,12.0,244.0,-2471.0,11.0
24.0,-8.0,33.0,1.0,9.0,242.0,-2535.0,9.0
24.0,-9.0,30.0,0.0,8.0,240.0,-2349.0,7.0
22.0,-10.0,28.0,0.0,7.0,237.0,-2371.0,5.0
20.0,-8.0,25.0,-1.0,5.0,234.0,-2376.0,3.0
20.0,-9.0,22.0,-2.0,4.0,232.0,-2278.0,0.0
18.0,-11.0,20.0,-2.0,4.0,229.0,-2224.0,0.0
17.0,-10.0,20.0,-2.0,3.0,229.0,-2397.0,0.0
16.0,-10.0,20.0,-2.0,3.0,229.0,-2364.0,0.0
16.0,-10.0,20.0,-1.0,3.0,229.0,-2344.0,0.0
16.0,-9.0,22.0,0.0,4.0,230.0,-2472.0,2.0
15.0,-8.0,22.0,0.0,2.0,230.0,-2572.0,1.0
16.0,-9.0,20.0,-1.0,2.0,228.0,-2320.0,0.0
16.0,-9.0,20.0,-1.0,3.0,229.0,-2275.0,0.0
16.0,-10.0,20.0,-1.0,2.0,228.0,-2276.0,0.0
17.0,-11.0,18.0,-3.0,2.0,227.0,-2179.0,-1.0
17.0,-11.0,19.0,-3.0,3.0,227.0,-2103.0,0.0
16.0,-10.0,20.0,-1.0,3.0,228.0,-2298.0,0.0
16.0,-10.0,20.0,-1.0,3.0,228.0,-2281.0,0.0
16.0,-10.0,20.0,-1.0,3.0,227.0,-2259.0,0.0
15.0,-9.0,22.0,0.0,4.0,229.0,-2360.0,2.0
15.0,-8.0,21.0,0.0,2.0,228.0,-2512.0,0.0
16.0,-9.0,20.0,-1.0,2.0,227.0,-2339.0,0.0
16.0,-9.0,20.0,-2.0,3.0,227.0,-2311.0,0.0
16.0,-10.0,20.0,-2.0,2.0,227.0,-2291.0,0.0
16.0,-10.0,19.0,-3.0,2.0,225.0,-2160.0,-1.0
17.0,-11.0,18.0,-3.0,3.0,225.0,-2066.0,0.0
16.0,-10.0,20.0,-2.0,4.0,226.0,-2259.0,0.0
16.0,-10.0,20.0,-1.0,3.0,226.0,-2297.0,0.0
16.0,-10.0,20.0,-1.0,3.0,226.0,-2342.0,0.0
15.0,-9.0,21.0,0.0,4.0,227.0,-2461.0,1.0
15.0,-8.0,21.0,0.0,2.0,227.0,-2550.0,1.0
16.0,-9.0,20.0,-1.0,2.0,226.0,-2335.0,0.0
16.0,-10.0,20.0,-1.0,3.0,225.0,-2327.0,0.0
16.0,-9.0,20.0,-2.0,2.0,225.0,-2335.0,0.0
16.0,-10.0,19.0,-3.0,2.0,224.0,-2220.0,-1.0
17.0,-11.0,18.0,-3.0,3.0,224.0,-2102.0,0.0
17.0,-10.0,19.0,-2.0,4.0,225.0,-2281.0,0.0
16.0,-10.0,20.0,-1.0,3.0,225.0,-2279.0,0.0
16.0,-9.0,20.0,-1.0,3.0,225.0,-2276.0,0.0
16.0,-8.0,22.0,0.0,4.0,226.0,-2473.0,2.0
15.0,-8.0,22.0,0.0,2.0,226.0,-2570.0,1.0
14.0,-9.0,21.0,-1.0,1.0,223.0,-2341.0,-1.0
10.0,-10.0,27.0,0.0,-1.0,216.0,-2287.0,-5.0
5.0,-14.0,35.0,1.0,-5.0,208.0,-2283.0,-10.0
1.0,-17.0,41.0,2.0,-10.0,200.0,-2240.0,-16.0
-3.0,-18.0,47.0,2.0,-11.0,194.0,-2166.0,-21.0
-4.0,-12.0,46.0,3.0,-11.0,197.0,-2379.0,-18.0
0.0,-4.0,37.0,0.0,-8.0,207.0,-2398.0,-12.0
8.0,5.0,20.0,-3.0,0.0,223.0,-2365.0,-2.0
23.0,30.0,-9.0,-11.0,13.0,255.0,-2347.0,18.0
44.0,56.0,-49.0,-21.0,30.0,294.0,-2350.0,42.0
70.0,77.0,-92.0,-34.0,48.0,334.0,-2044.0,68.0
96.0,99.0,-134.0,-45.0,70.0,375.0,-1928.0,96.0
122.0,120.0,-176.0,-56.0,89.0,417.0,-1755.0,123.0
148.0,141.0,-220.0,-68.0,109.0,457.0,-1227.0,149.0
175.0,161.0,-262.0,-80.0,131.0,498.0,-787.0,177.0
200.0,178.0,-300.0,-88.0,151.0,538.0,-983.0,204.0
225.0,187.0,-335.0,-96.0,169.0,572.0,-1178.0,229.0
287.0,168.0,-400.0,-106.0,212.0,634.0,-803.0,279.0
280.0,159.0,-388.0,-104.0,206.0,620.0,-701.0,270.0
270.0,149.0,-370.0,-100.0,198.0,602.0,-541.0,258.0
256.0,137.0,-347.0,-92.0,189.0,581.0,-795.0,245.0
239.0,120.0,-318.0,-84.0,175.0,553.0,-1062.0,226.0
219.0,100.0,-281.0,-74.0,159.0,518.0,-1183.0,204.0
194.0,80.0,-240.0,-62.0,141.0,479.0,-1331.0,179.0
168.0,57.0,-196.0,-51.0,119.0,436.0,-1511.0,151.0
143.0,28.0,-152.0,-40.0,97.0,389.0,-1351.0,120.0
117.0,3.0,-108.0,-28.0,77.0,346.0,-1360.0,92.0
91.0,-15.0,-67.0,-18.0,57.0,306.0,-1307.0,65.0
66.0,-34.0,-27.0,-9.0,37.0,265.0,-1154.0,37.0
39.0,-52.0,8.0,-3.0,17.0,223.0,-979.0,9.0
10.0,-72.0,22.0,-1.0,-4.0,180.0,-1175.0,-18.0
-17.0,-91.0,24.0,-1.0,-26.0,136.0,-1239.0,-47.0
-37.0,-87.0,24.0,-1.0,-40.0,115.0,-1285.0,-64.0
-46.0,-69.0,25.0,0.0,-44.0,116.0,-1441.0,-65.0
-40.0,-56.0,26.0,1.0,-40.0,129.0,-1712.0,-57.0
-26.0,-45.0,24.0,0.0,-30.0,151.0,-1559.0,-44.0
-11.0,-33.0,24.0,0.0,-18.0,174.0,-1511.0,-29.0
0.0,-24.0,24.0,0.0,-8.0,193.0,-1530.0,-16.0
10.0,-16.0,23.0,-1.0,-2.0,208.0,-1446.0,-7.0
14.0,-12.0,22.0,-2.0,1.0,213.0,-1249.0,-3.0
14.0,-12.0,23.0,0.0,2.0,214.0,-1421.0,-2.0
13.0,-11.0,24.0,0.0,1.0,214.0,-1458.0,-2.0
13.0,-11.0,23.0,0.0,1.0,214.0,-1463.0,-1.0
12.0,-10.0,25.0,0.0,2.0,215.0,-1557.0,0.0
11.0,-9.0,25.0,1.0,1.0,215.0,-1709.0,0.0
12.0,-10.0,24.0,0.0,0.0,214.0,-1441.0,-2.0
13.0,-11.0,23.0,0.0,0.0,213.0,-1282.0,-2.0
13.0,-11.0,23.0,0.0,0.0,213.0,-1300.0,-3.0
13.0,-11.0,22.0,-1.0,0.0,212.0,-1362.0,-3.0
14.0,-13.0,22.0,-2.0,1.0,212.0,-1202.0,-3.0
14.0,-12.0,23.0,0.0,2.0,213.0,-1211.0,-2.0
13.0,-12.0,23.0,0.0,1.0,213.0,-1185.0,-2.0
13.0,-11.0,23.0,0.0,1.0,212.0,-1201.0,-2.0
12.0,-10.0,24.0,0.0,2.0,213.0,-1333.0,-1.0
12.0,-9.0,25.0,1.0,1.0,214.0,-1507.0,-1.0
12.0,-10.0,24.0,0.0,0.0,212.0,-1223.0,-2.0
12.0,-10.0,24.0,0.0,1.0,212.0,-1126.0,-2.0
13.0,-11.0,23.0,0.0,1.0,212.0,-1164.0,-2.0
13.0,-11.0,22.0,-1.0,0.0,211.0,-1178.0,-3.0
14.0,-13.0,21.0,-2.0,0.0,210.0,-1006.0,-3.0
14.0,-12.0,23.0,0.0,2.0,211.0,-1214.0,-1.0
13.0,-11.0,23.0,0.0,1.0,211.0,-1460.0,-2.0
13.0,-11.0,23.0,0.0,1.0,212.0,-1455.0,-2.0
12.0,-11.0,24.0,0.0,1.0,212.0,-1418.0,-1.0
11.0,-9.0,25.0,1.0,1.0,213.0,-1612.0,0.0
12.0,-10.0,23.0,0.0,0.0,211.0,-1451.0,-2.0
12.0,-10.0,24.0,0.0,1.0,211.0,-1338.0,-2.0
12.0,-10.0,23.0,0.0,1.0,210.0,-1379.0,-2.0
13.0,-11.0,22.0,-1.0,0.0,210.0,-1466.0,-3.0
14.0,-12.0,21.0,-2.0,1.0,209.0,-1456.0,-3.0
13.0,-11.0,22.0,-1.0,2.0,210.0,-1631.0,-2.0
13.0,-11.0,23.0,0.0,1.0,210.0,-1610.0,-2.0
13.0,-11.0,23.0,0.0,1.0,210.0,-1419.0,-1.0
12.0,-10.0,24.0,0.0,2.0,211.0,-1482.0,-1.0
11.0,-9.0,25.0,1.0,1.0,211.0,-2032.0,-1.0
12.0,-10.0,23.0,0.0,0.0,209.0,-2181.0,-2.0
12.0,-10.0,23.0,0.0,0.0,209.0,-2222.0,-2.0
13.0,-10.0,23.0,0.0,0.0,209.0,-2026.0,-2.0
13.0,-11.0,23.0,-1.0,0.0,209.0,-1610.0,-3.0
15.0,-11.0,24.0,-2.0,2.0,210.0,-1223.0,-2.0
16.0,-10.0,27.0,0.0,4.0,213.0,-1283.0,0.0
16.0,-9.0,27.0,0.0,3.0,213.0,-1500.0,0.0
17.0,-8.0,30.0,0.0,5.0,216.0,-1417.0,2.0
18.0,-7.0,33.0,2.0,6.0,218.0,-1520.0,4.0
18.0,-7.0,35.0,3.0,7.0,220.0,-1936.0,6.0
20.0,-8.0,33.0,2.0,5.0,218.0,-2063.0,5.0
21.0,-9.0,33.0,1.0,7.0,219.0,-2174.0,4.0
21.0,-9.0,34.0,1.0,7.0,219.0,-2211.0,5.0
23.0,-9.0,36.0,1.0,8.0,220.0,-2070.0,6.0
25.0,-10.0,36.0,0.0,9.0,220.0,-1860.0,6.0
24.0,-8.0,37.0,2.0,11.0,222.0,-1936.0,8.0
24.0,-9.0,38.0,2.0,10.0,223.0,-1810.0,9.0
26.0,-10.0,39.0,2.0,11.0,224.0,-1969.0,10.0
26.0,-9.0,41.0,3.0,12.0,225.0,-2222.0,11.0
25.0,-5.0,44.0,5.0,12.0,227.0,-2431.0,12.0
26.0,-6.0,43.0,4.0,11.0,226.0,-2143.0,11.0
28.0,-8.0,44.0,4.0,13.0,227.0,-2095.0,12.0
29.0,-9.0,44.0,3.0,13.0,227.0,-1822.0,12.0
30.0,-9.0,44.0,3.0,13.0,227.0,-1469.0,12.0
33.0,-8.0,46.0,2.0,15.0,230.0,-1245.0,14.0
36.0,-6.0,52.0,5.0,19.0,236.0,-1259.0,19.0
38.0,-3.0,57.0,7.0,20.0,241.0,-1232.0,22.0
40.0,-2.0,60.0,7.0,22.0,244.0,-1147.0,24.0
40.0,-1.0,63.0,9.0,24.0,246.0,-1135.0,27.0
42.0,1.0,69.0,11.0,25.0,251.0,-1326.0,30.0
46.0,2.0,72.0,11.0,25.0,253.0,-1174.0,30.0
49.0,4.0,75.0,11.0,29.0,257.0,-1057.0,33.0
52.0,6.0,79.0,12.0,31.0,261.0,-992.0,36.0
55.0,5.0,82.0,12.0,32.0,264.0,-892.0,38.0
59.0,3.0,84.0,11.0,35.0,265.0,-683.0,40.0
61.0,6.0,90.0,14.0,38.0,271.0,-797.0,44.0
63.0,8.0,95.0,15.0,40.0,276.0,-947.0,47.0
66.0,10.0,99.0,17.0,42.0,280.0,-906.0,50.0
69.0,13.0,105.0,19.0,45.0,285.0,-918.0,54.0
70.0,14.0,109.0,21.0,47.0,289.0,-1178.0,57.0
74.0,13.0,111.0,20.0,47.0,291.0,-1065.0,57.0
75.0,13.0,112.0,20.0,49.0,292.0,-961.0,59.0
77.0,14.0,114.0,20.0,50.0,294.0,-988.0,60.0
79.0,14.0,116.0,20.0,51.0,296.0,-992.0,61.0
81.0,11.0,115.0,19.0,52.0,296.0,-810.0,61.0
82.0,11.0,117.0,20.0,54.0,298.0,-869.0,64.0
81.0,11.0,118.0,20.0,54.0,298.0,-982.0,64.0
82.0,13.0,120.0,21.0,55.0,300.0,-966.0,66.0
84.0,14.0,123.0,23.0,56.0,302.0,-1008.0,68.0
82.0,15.0,124.0,24.0,56.0,303.0,-1225.0,68.0
83.0,14.0,122.0,22.0,54.0,300.0,-1103.0,66.0
82.0,13.0,119.0,21.0,53.0,298.0,-1004.0,64.0
81.0,11.0,117.0,21.0,53.0,296.0,-1042.0,63.0
81.0,8.0,115.0,19.0,52.0,294.0,-1042.0,62.0
80.0,7.0,112.0,17.0,51.0,291.0,-846.0,59.0
79.0,6.0,111.0,18.0,52.0,290.0,-886.0,60.0
76.0,6.0,109.0,18.0,49.0,287.0,-988.0,58.0
75.0,5.0,106.0,18.0,48.0,285.0,-916.0,57.0
72.0,5.0,105.0,18.0,47.0,283.0,-883.0,56.0
70.0,4.0,103.0,18.0,46.0,281.0,-1056.0,55.0
68.0,1.0,98.0,16.0,43.0,277.0,-994.0,51.0
66.0,2.0,95.0,15.0,41.0,274.0,-878.0,48.0
64.0,0.0,91.0,14.0,39.0,269.0,-894.0,46.0
63.0,-3.0,87.0,12.0,38.0,265.0,-886.0,43.0
62.0,-7.0,82.0,9.0,36.0,260.0,-714.0,40.0
59.0,-9.0,79.0,9.0,36.0,258.0,-809.0,39.0
58.0,-12.0,76.0,9.0,35.0,255.0,-904.0,38.0
55.0,-14.0,72.0,8.0,32.0,250.0,-873.0,35.0
52.0,-14.0,69.0,8.0,31.0,247.0,-912.0,33.0
48.0,-11.0,68.0,9.0,29.0,245.0,-1114.0,32.0
45.0,-10.0,64.0,8.0,24.0,241.0,-1010.0,27.0
43.0,-11.0,60.0,7.0,24.0,238.0,-871.0,25.0
42.0,-12.0,59.0,6.0,23.0,236.0,-904.0,24.0
41.0,-13.0,56.0,5.0,21.0,233.0,-870.0,22.0
41.0,-14.0,53.0,3.0,21.0,230.0,-655.0,20.0
38.0,-13.0,52.0,4.0,21.0,230.0,-692.0,20.0
36.0,-13.0,49.0,4.0,18.0,227.0,-833.0,18.0
34.0,-12.0,48.0,4.0,17.0,226.0,-879.0,17.0
32.0,-11.0,47.0,4.0,17.0,224.0,-951.0,16.0
30.0,-11.0,46.0,5.0,16.0,223.0,-1176.0,16.0
29.0,-11.0,43.0,4.0,13.0,220.0,-1028.0,13.0
28.0,-10.0,42.0,3.0,13.0,219.0,-837.0,12.0
26.0,-11.0,39.0,2.0,12.0,216.0,-826.0,10.0
25.0,-12.0,37.0,1.0,10.0,214.0,-794.0,8.0
25.0,-13.0,34.0,0.0,9.0,211.0,-590.0,6.0
24.0,-14.0,34.0,0.0,10.0,211.0,-623.0,7.0
23.0,-14.0,33.0,1.0,9.0,209.0,-802.0,6.0
21.0,-12.0,32.0,0.0,8.0,208.0,-813.0,5.0
19.0,-11.0,31.0,1.0,7.0,207.0,-886.0,5.0
15.0,-9.0,30.0,2.0,5.0,206.0,-1122.0,4.0
14.0,-10.0,26.0,0.0,2.0,202.0,-1014.0,0.0
13.0,-9.0,24.0,0.0,2.0,201.0,-792.0,0.0
12.0,-8.0,23.0,0.0,1.0,199.0,-842.0,-1.0
12.0,-9.0,23.0,0.0,1.0,199.0,-878.0,-1.0
13.0,-10.0,21.0,-2.0,1.0,197.0,-649.0,-3.0
12.0,-11.0,20.0,-1.0,1.0,196.0,-692.0,-2.0
10.0,-11.0,19.0,-1.0,0.0,195.0,-937.0,-3.0
10.0,-11.0,19.0,0.0,0.0,195.0,-1124.0,-3.0
10.0,-10.0,19.0,0.0,0.0,195.0,-1234.0,-3.0
8.0,-9.0,21.0,1.0,0.0,196.0,-1460.0,-2.0
9.0,-9.0,20.0,0.0,-1.0,194.0,-1311.0,-4.0
9.0,-10.0,19.0,0.0,-1.0,194.0,-1010.0,-4.0
9.0,-10.0,19.0,-1.0,0.0,194.0,-1105.0,-4.0
10.0,-11.0,19.0,-1.0,0.0,193.0,-1099.0,-4.0
11.0,-12.0,17.0,-3.0,0.0,192.0,-806.0,-5.0
11.0,-11.0,18.0,-2.0,0.0,193.0,-728.0,-4.0
10.0,-11.0,19.0,-1.0,0.0,193.0,-847.0,-3.0
10.0,-11.0,19.0,-1.0,0.0,193.0,-796.0,-3.0
10.0,-11.0,19.0,0.0,0.0,193.0,-819.0,-3.0
9.0,-9.0,21.0,1.0,0.0,195.0,-1079.0,-1.0
9.0,-9.0,20.0,0.0,-1.0,193.0,-1138.0,-3.0
9.0,-10.0,19.0,0.0,-1.0,193.0,-950.0,-4.0
10.0,-10.0,19.0,-1.0,0.0,193.0,-906.0,-3.0
10.0,-11.0,18.0,-1.0,0.0,192.0,-920.0,-4.0
11.0,-12.0,17.0,-3.0,-1.0,191.0,-801.0,-5.0
11.0,-12.0,18.0,-2.0,0.0,192.0,-830.0,-4.0
10.0,-11.0,19.0,-1.0,0.0,192.0,-986.0,-3.0
10.0,-11.0,19.0,-1.0,0.0,192.0,-863.0,-3.0
10.0,-11.0,19.0,0.0,0.0,192.0,-815.0,-2.0
8.0,-9.0,21.0,1.0,0.0,193.0,-1010.0,-1.0
9.0,-9.0,20.0,0.0,-1.0,192.0,-1010.0,-3.0
9.0,-10.0,19.0,0.0,-1.0,192.0,-880.0,-4.0
9.0,-10.0,18.0,-1.0,0.0,191.0,-906.0,-4.0
10.0,-11.0,19.0,-1.0,-1.0,191.0,-912.0,-4.0
11.0,-12.0,17.0,-3.0,-1.0,190.0,-766.0,-5.0
11.0,-12.0,18.0,-2.0,0.0,190.0,-706.0,-4.0
10.0,-11.0,18.0,-1.0,0.0,191.0,-873.0,-3.0
9.0,-11.0,19.0,-1.0,0.0,191.0,-925.0,-3.0
10.0,-10.0,19.0,0.0,0.0,191.0,-1000.0,-2.0
8.0,-9.0,21.0,1.0,0.0,192.0,-1144.0,-1.0
8.0,-9.0,20.0,0.0,-1.0,191.0,-1168.0,-4.0
9.0,-10.0,19.0,0.0,0.0,190.0,-1059.0,-4.0
9.0,-10.0,18.0,-1.0,0.0,190.0,-1130.0,-4.0
9.0,-10.0,18.0,-1.0,0.0,190.0,-1195.0,-3.0
11.0,-12.0,17.0,-2.0,-1.0,188.0,-1075.0,-5.0
11.0,-11.0,18.0,-2.0,0.0,189.0,-1002.0,-4.0
10.0,-11.0,18.0,-1.0,0.0,190.0,-1092.0,-3.0
10.0,-11.0,18.0,-1.0,0.0,190.0,-1122.0,-3.0
9.0,-10.0,19.0,0.0,0.0,190.0,-1244.0,-3.0
8.0,-9.0,20.0,0.0,0.0,191.0,-1439.0,-2.0
8.0,-9.0,20.0,0.0,-1.0,190.0,-1333.0,-3.0
9.0,-10.0,19.0,0.0,0.0,189.0,-1186.0,-4.0
9.0,-10.0,19.0,0.0,0.0,189.0,-1399.0,-4.0
10.0,-11.0,18.0,-1.0,0.0,189.0,-1478.0,-4.0
10.0,-11.0,16.0,-2.0,-1.0,187.0,-1340.0,-5.0
10.0,-11.0,17.0,-2.0,0.0,188.0,-1300.0,-4.0
10.0,-11.0,18.0,-1.0,0.0,189.0,-1471.0,-3.0
9.0,-10.0,18.0,-1.0,0.0,188.0,-1509.0,-3.0
9.0,-10.0,19.0,0.0,0.0,188.0,-1524.0,-3.0
8.0,-9.0,21.0,1.0,0.0,190.0,-1675.0,-2.0
9.0,-9.0,20.0,0.0,-1.0,189.0,-1687.0,-3.0
10.0,-10.0,18.0,-1.0,-1.0,188.0,-1506.0,-4.0
10.0,-10.0,18.0,-1.0,0.0,188.0,-1526.0,-4.0
10.0,-11.0,18.0,-1.0,0.0,187.0,-1547.0,-4.0
10.0,-12.0,16.0,-2.0,-1.0,186.0,-1397.0,-5.0
10.0,-11.0,17.0,-2.0,0.0,187.0,-1355.0,-4.0
9.0,-11.0,18.0,-1.0,0.0,187.0,-1559.0,-3.0
9.0,-10.0,18.0,-1.0,0.0,187.0,-1579.0,-3.0
9.0,-10.0,18.0,0.0,0.0,187.0,-1557.0,-2.0
8.0,-9.0,20.0,1.0,0.0,189.0,-1690.0,-1.0
8.0,-9.0,19.0,0.0,-1.0,187.0,-1704.0,-3.0
9.0,-9.0,18.0,0.0,-1.0,187.0,-1497.0,-4.0
9.0,-10.0,18.0,-1.0,0.0,187.0,-1491.0,-4.0
9.0,-10.0,18.0,-1.0,0.0,186.0,-1476.0,-4.0
10.0,-12.0,16.0,-2.0,-1.0,185.0,-1336.0,-5.0
10.0,-11.0,17.0,-2.0,0.0,186.0,-1300.0,-3.0
10.0,-11.0,18.0,-1.0,0.0,187.0,-1512.0,-3.0
9.0,-10.0,18.0,-1.0,0.0,186.0,-1505.0,-3.0
9.0,-10.0,18.0,0.0,0.0,186.0,-1474.0,-3.0
9.0,-9.0,20.0,0.0,0.0,187.0,-1629.0,-1.0
8.0,-9.0,19.0,0.0,-1.0,186.0,-1697.0,-3.0
9.0,-10.0,19.0,0.0,0.0,186.0,-1515.0,-4.0
9.0,-10.0,18.0,0.0,0.0,186.0,-1490.0,-3.0
9.0,-10.0,18.0,-1.0,-1.0,185.0,-1472.0,-3.0
10.0,-11.0,16.0,-3.0,-1.0,184.0,-1332.0,-5.0
10.0,-11.0,17.0,-2.0,0.0,184.0,-1238.0,-4.0
9.0,-10.0,18.0,-1.0,0.0,185.0,-1402.0,-3.0
9.0,-10.0,18.0,0.0,0.0,185.0,-1331.0,-3.0
9.0,-10.0,18.0,0.0,0.0,185.0,-1250.0,-3.0
8.0,-9.0,20.0,0.0,0.0,187.0,-1373.0,-1.0
8.0,-9.0,19.0,0.0,-1.0,186.0,-1446.0,-2.0
9.0,-9.0,18.0,0.0,-1.0,185.0,-1240.0,-4.0
9.0,-10.0,18.0,-1.0,0.0,184.0,-1232.0,-4.0
9.0,-10.0,18.0,-1.0,0.0,184.0,-1158.0,-4.0
10.0,-11.0,16.0,-2.0,-1.0,183.0,-951.0,-5.0
10.0,-12.0,17.0,-2.0,0.0,183.0,-834.0,-4.0
10.0,-11.0,18.0,-1.0,0.0,184.0,-1040.0,-3.0
10.0,-10.0,18.0,-1.0,0.0,184.0,-1066.0,-3.0
9.0,-10.0,18.0,0.0,0.0,184.0,-1067.0,-3.0
8.0,-9.0,20.0,0.0,0.0,185.0,-1252.0,-1.0
8.0,-9.0,19.0,0.0,-1.0,184.0,-1396.0,-3.0
8.0,-10.0,18.0,0.0,-1.0,183.0,-1253.0,-4.0
9.0,-10.0,17.0,0.0,0.0,183.0,-1260.0,-4.0
9.0,-10.0,17.0,-1.0,0.0,183.0,-1129.0,-4.0
10.0,-11.0,16.0,-2.0,-1.0,181.0,-995.0,-5.0
10.0,-12.0,16.0,-2.0,0.0,182.0,-1002.0,-4.0
9.0,-10.0,17.0,-1.0,0.0,183.0,-1275.0,-3.0
9.0,-10.0,18.0,0.0,0.0,183.0,-1225.0,-3.0
9.0,-10.0,18.0,0.0,0.0,183.0,-1163.0,-3.0
8.0,-9.0,19.0,0.0,0.0,184.0,-1278.0,-2.0
8.0,-8.0,19.0,0.0,0.0,183.0,-1380.0,-3.0
8.0,-9.0,18.0,0.0,-1.0,182.0,-1243.0,-4.0
9.0,-10.0,18.0,0.0,0.0,182.0,-1288.0,-4.0
9.0,-10.0,17.0,-1.0,0.0,182.0,-1274.0,-4.0
10.0,-11.0,16.0,-2.0,-1.0,180.0,-957.0,-5.0
10.0,-11.0,16.0,-2.0,0.0,181.0,-631.0,-4.0
10.0,-10.0,18.0,-1.0,0.0,182.0,-781.0,-3.0
9.0,-10.0,17.0,-1.0,0.0,181.0,-1046.0,-3.0
9.0,-10.0,17.0,0.0,0.0,181.0,-1320.0,-3.0
8.0,-9.0,19.0,0.0,1.0,182.0,-1178.0,-1.0
7.0,-9.0,19.0,0.0,-1.0,182.0,-1431.0,-2.0
9.0,-9.0,18.0,0.0,-1.0,181.0,-1540.0,-4.0
9.0,-10.0,18.0,0.0,0.0,181.0,-1655.0,-4.0
9.0,-10.0,18.0,0.0,0.0,180.0,-1816.0,-4.0
10.0,-11.0,16.0,-2.0,-1.0,179.0,-1730.0,-5.0
10.0,-12.0,16.0,-2.0,0.0,179.0,-1405.0,-4.0
10.0,-10.0,17.0,-1.0,0.0,181.0,-1139.0,-3.0
9.0,-10.0,17.0,-1.0,0.0,180.0,-918.0,-3.0
9.0,-10.0,18.0,0.0,0.0,180.0,-912.0,-3.0
9.0,-9.0,19.0,0.0,0.0,181.0,-989.0,-2.0
8.0,-8.0,19.0,0.0,0.0,181.0,-1047.0,-2.0
9.0,-9.0,18.0,-1.0,-1.0,180.0,-830.0,-4.0
9.0,-10.0,17.0,-1.0,0.0,180.0,-824.0,-4.0
9.0,-10.0,17.0,0.0,0.0,179.0,-831.0,-4.0
10.0,-10.0,16.0,-2.0,-1.0,178.0,-700.0,-5.0
10.0,-11.0,16.0,-2.0,0.0,179.0,-527.0,-4.0
9.0,-10.0,17.0,-1.0,0.0,180.0,-726.0,-3.0
9.0,-10.0,18.0,-1.0,0.0,179.0,-746.0,-3.0
9.0,-10.0,18.0,0.0,0.0,179.0,-742.0,-3.0
8.0,-9.0,19.0,0.0,0.0,180.0,-904.0,-1.0
7.0,-8.0,19.0,0.0,0.0,179.0,-1066.0,-2.0
8.0,-9.0,18.0,0.0,-1.0,178.0,-826.0,-4.0
9.0,-9.0,18.0,0.0,0.0,178.0,-793.0,-3.0
9.0,-9.0,17.0,-1.0,0.0,178.0,-933.0,-4.0
10.0,-10.0,16.0,-2.0,-1.0,177.0,-1145.0,-5.0
10.0,-11.0,15.0,-2.0,0.0,177.0,-1178.0,-4.0
9.0,-10.0,17.0,-1.0,0.0,178.0,-1447.0,-3.0
9.0,-10.0,17.0,-1.0,0.0,178.0,-1541.0,-3.0
9.0,-9.0,17.0,0.0,0.0,178.0,-1620.0,-3.0
8.0,-9.0,19.0,0.0,1.0,179.0,-1794.0,-1.0
7.0,-8.0,19.0,0.0,0.0,179.0,-1955.0,-2.0
8.0,-9.0,18.0,0.0,-1.0,178.0,-1778.0,-4.0
9.0,-9.0,17.0,0.0,0.0,178.0,-1734.0,-4.0
9.0,-9.0,17.0,-1.0,0.0,177.0,-1598.0,-4.0
10.0,-10.0,16.0,-2.0,-1.0,177.0,-1421.0,-4.0
12.0,-10.0,19.0,-1.0,1.0,180.0,-1241.0,-2.0
14.0,-7.0,24.0,0.0,4.0,184.0,-1385.0,1.0
15.0,-6.0,26.0,0.0,4.0,186.0,-1386.0,2.0
17.0,-5.0,29.0,1.0,5.0,189.0,-1368.0,4.0
19.0,-5.0,34.0,3.0,8.0,193.0,-1481.0,8.0
23.0,-6.0,38.0,5.0,10.0,197.0,-1686.0,11.0
25.0,-7.0,39.0,4.0,11.0,198.0,-1517.0,11.0
28.0,-7.0,42.0,4.0,13.0,201.0,-1517.0,14.0
30.0,-8.0,44.0,4.0,15.0,203.0,-1476.0,15.0
31.0,-8.0,44.0,3.0,15.0,203.0,-1399.0,15.0
32.0,-6.0,45.0,3.0,17.0,204.0,-1241.0,16.0
32.0,-5.0,47.0,5.0,18.0,206.0,-1408.0,18.0
33.0,-6.0,48.0,5.0,18.0,207.0,-1474.0,19.0
34.0,-7.0,48.0,5.0,18.0,207.0,-1545.0,20.0
33.0,-6.0,50.0,6.0,19.0,208.0,-1651.0,20.0
32.0,-5.0,50.0,7.0,18.0,208.0,-1781.0,20.0
33.0,-6.0,49.0,5.0,16.0,206.0,-1529.0,18.0
33.0,-7.0,48.0,5.0,17.0,206.0,-1450.0,18.0
33.0,-11.0,46.0,4.0,17.0,204.0,-1393.0,18.0
34.0,-12.0,45.0,3.0,17.0,203.0,-1175.0,17.0
35.0,-13.0,44.0,2.0,18.0,203.0,-970.0,16.0
33.0,-11.0,45.0,3.0,18.0,203.0,-1207.0,17.0
31.0,-9.0,44.0,4.0,17.0,202.0,-1312.0,17.0
30.0,-9.0,44.0,4.0,16.0,202.0,-1275.0,17.0
30.0,-8.0,45.0,5.0,17.0,202.0,-1376.0,18.0
28.0,-8.0,44.0,5.0,15.0,201.0,-1726.0,16.0
28.0,-9.0,40.0,3.0,12.0,197.0,-1727.0,13.0
27.0,-10.0,40.0,3.0,13.0,197.0,-1726.0,13.0
26.0,-11.0,38.0,2.0,12.0,195.0,-1795.0,12.0
25.0,-13.0,35.0,1.0,10.0,191.0,-1779.0,9.0
25.0,-13.0,32.0,0.0,10.0,190.0,-1597.0,8.0
23.0,-10.0,33.0,2.0,11.0,190.0,-1712.0,8.0
21.0,-10.0,31.0,1.0,9.0,188.0,-1705.0,7.0
20.0,-11.0,29.0,1.0,7.0,185.0,-1609.0,5.0
18.0,-9.0,29.0,2.0,7.0,185.0,-1623.0,6.0
15.0,-7.0,29.0,3.0,5.0,184.0,-1824.0,5.0
15.0,-8.0,25.0,1.0,2.0,181.0,-1655.0,1.0
12.0,-8.0,22.0,0.0,2.0,178.0,-1620.0,0.0
11.0,-8.0,20.0,0.0,1.0,177.0,-1624.0,-1.0
10.0,-9.0,17.0,-1.0,0.0,173.0,-1557.0,-3.0
10.0,-11.0,15.0,-2.0,0.0,171.0,-1407.0,-5.0
9.0,-10.0,16.0,-1.0,0.0,172.0,-1569.0,-3.0
9.0,-10.0,16.0,-1.0,0.0,172.0,-1632.0,-3.0
8.0,-10.0,17.0,0.0,0.0,172.0,-1628.0,-3.0
7.0,-9.0,17.0,0.0,0.0,173.0,-1701.0,-2.0
7.0,-8.0,18.0,0.0,0.0,173.0,-1909.0,-2.0
7.0,-9.0,17.0,0.0,-2.0,171.0,-1810.0,-4.0
8.0,-9.0,16.0,-1.0,-1.0,171.0,-1802.0,-4.0
8.0,-9.0,16.0,-1.0,-1.0,171.0,-1816.0,-4.0
9.0,-10.0,15.0,-1.0,-1.0,171.0,-1774.0,-5.0
10.0,-11.0,14.0,-2.0,0.0,170.0,-1649.0,-4.0
9.0,-10.0,16.0,-1.0,0.0,171.0,-1839.0,-3.0
9.0,-10.0,16.0,-1.0,0.0,171.0,-1902.0,-3.0
9.0,-10.0,16.0,-1.0,0.0,171.0,-1877.0,-3.0
8.0,-8.0,17.0,0.0,0.0,171.0,-1964.0,-2.0
7.0,-7.0,18.0,0.0,0.0,172.0,-2174.0,-2.0
7.0,-8.0,16.0,0.0,-1.0,170.0,-2005.0,-4.0
8.0,-9.0,16.0,-1.0,0.0,170.0,-1953.0,-3.0
8.0,-9.0,16.0,-1.0,-1.0,170.0,-1967.0,-4.0
9.0,-10.0,15.0,-1.0,-1.0,169.0,-1852.0,-5.0
9.0,-11.0,14.0,-3.0,0.0,169.0,-1620.0,-5.0
8.0,-10.0,16.0,-1.0,0.0,170.0,-1765.0,-3.0
8.0,-9.0,16.0,-1.0,0.0,170.0,-1850.0,-3.0
8.0,-9.0,16.0,-1.0,0.0,170.0,-1813.0,-3.0
7.0,-9.0,17.0,0.0,0.0,171.0,-1791.0,-3.0
6.0,-7.0,18.0,1.0,0.0,171.0,-1963.0,-2.0
7.0,-8.0,16.0,0.0,-2.0,169.0,-1795.0,-4.0
8.0,-9.0,16.0,0.0,-1.0,170.0,-1754.0,-4.0
8.0,-9.0,16.0,-1.0,0.0,169.0,-1856.0,-4.0
8.0,-9.0,15.0,-2.0,-1.0,168.0,-1844.0,-5.0
9.0,-10.0,14.0,-3.0,0.0,167.0,-1634.0,-5.0
8.0,-10.0,16.0,-1.0,0.0,169.0,-1753.0,-3.0
8.0,-9.0,16.0,-1.0,0.0,169.0,-1823.0,-3.0
8.0,-9.0,16.0,-1.0,0.0,169.0,-1750.0,-3.0
8.0,-9.0,17.0,0.0,0.0,169.0,-1703.0,-2.0
7.0,-7.0,18.0,1.0,0.0,170.0,-1890.0,-2.0
4.0,-9.0,21.0,0.0,-4.0,164.0,-1767.0,-7.0
0.0,-12.0,28.0,2.0,-7.0,156.0,-1729.0,-12.0
-5.0,-16.0,35.0,3.0,-11.0,148.0,-1750.0,-17.0
-10.0,-17.0,41.0,4.0,-15.0,141.0,-1620.0,-23.0
-12.0,-16.0,43.0,3.0,-17.0,138.0,-1394.0,-26.0
-10.0,-7.0,37.0,2.0,-13.0,146.0,-1527.0,-20.0
-3.0,0.0,24.0,0.0,-8.0,159.0,-1637.0,-12.0
9.0,18.0,0.0,-8.0,2.0,184.0,-1605.0,3.0
28.0,45.0,-36.0,-17.0,19.0,221.0,-1623.0,27.0
51.0,70.0,-76.0,-27.0,38.0,263.0,-1760.0,54.0
77.0,90.0,-120.0,-39.0,56.0,302.0,-1274.0,80.0
103.0,112.0,-162.0,-51.0,77.0,344.0,-849.0,107.0
129.0,133.0,-205.0,-62.0,97.0,385.0,-775.0,135.0
155.0,155.0,-248.0,-74.0,117.0,426.0,-705.0,161.0
182.0,171.0,-290.0,-86.0,138.0,465.0,-489.0,187.0
208.0,184.0,-326.0,-93.0,158.0,503.0,-790.0,215.0
232.0,187.0,-356.0,-99.0,175.0,533.0,-1088.0,237.0
251.0,186.0,-380.0,-103.0,190.0,556.0,-1113.0,255.0
265.0,190.0,-398.0,-106.0,202.0,576.0,-1084.0,269.0
273.0,193.0,-408.0,-108.0,208.0,588.0,-1252.0,278.0
279.0,184.0,-411.0,-108.0,209.0,588.0,-1135.0,279.0
280.0,173.0,-407.0,-106.0,210.0,583.0,-1088.0,277.0
276.0,164.0,-397.0,-104.0,206.0,572.0,-1134.0,271.0
266.0,155.0,-381.0,-100.0,197.0,556.0,-1095.0,259.0
255.0,143.0,-362.0,-96.0,188.0,535.0,-888.0,246.0
240.0,128.0,-335.0,-88.0,178.0,511.0,-992.0,231.0
220.0,109.0,-302.0,-78.0,162.0,478.0,-1140.0,209.0
197.0,88.0,-263.0,-68.0,144.0,440.0,-1187.0,185.0
172.0,66.0,-220.0,-56.0,124.0,399.0,-1291.0,159.0
145.0,41.0,-173.0,-43.0,104.0,356.0,-1575.0,131.0
119.0,13.0,-129.0,-32.0,81.0,309.0,-1512.0,100.0
94.0,-7.0,-88.0,-21.0,62.0,268.0,-1412.0,73.0
68.0,-25.0,-47.0,-11.0,42.0,228.0,-1326.0,46.0
42.0,-43.0,-8.0,-3.0,21.0,187.0,-1302.0,18.0
15.0,-62.0,14.0,-2.0,0.0,143.0,-1139.0,-11.0
-13.0,-85.0,19.0,-1.0,-21.0,98.0,-1363.0,-40.0
-38.0,-92.0,19.0,0.0,-40.0,66.0,-1447.0,-62.0
-51.0,-77.0,20.0,0.0,-49.0,58.0,-1513.0,-71.0
-51.0,-62.0,20.0,0.0,-46.0,67.0,-1483.0,-67.0
-40.0,-49.0,22.0,2.0,-37.0,87.0,-1718.0,-53.0
-26.0,-36.0,20.0,0.0,-28.0,110.0,-1422.0,-39.0
-11.0,-27.0,20.0,0.0,-17.0,131.0,-1372.0,-25.0
-1.0,-18.0,20.0,0.0,-8.0,148.0,-1629.0,-14.0
5.0,-12.0,19.0,0.0,-3.0,158.0,-1629.0,-7.0
6.0,-12.0,18.0,-2.0,-3.0,158.0,-1338.0,-8.0
6.0,-12.0,19.0,0.0,-1.0,159.0,-1408.0,-6.0
5.0,-11.0,20.0,0.0,-2.0,159.0,-1643.0,-5.0
5.0,-11.0,19.0,0.0,-2.0,159.0,-1644.0,-6.0
5.0,-10.0,20.0,0.0,-2.0,160.0,-1678.0,-5.0
4.0,-9.0,21.0,1.0,-2.0,161.0,-1889.0,-4.0
5.0,-10.0,20.0,0.0,-4.0,159.0,-1782.0,-6.0
5.0,-10.0,20.0,0.0,-3.0,159.0,-1646.0,-6.0
5.0,-10.0,19.0,0.0,-3.0,159.0,-1658.0,-6.0
5.0,-11.0,19.0,0.0,-3.0,158.0,-1607.0,-6.0
7.0,-12.0,17.0,-2.0,-3.0,157.0,-1398.0,-8.0
6.0,-12.0,18.0,0.0,-1.0,158.0,-1468.0,-6.0
6.0,-11.0,19.0,0.0,-2.0,159.0,-1649.0,-6.0
5.0,-11.0,19.0,0.0,-2.0,159.0,-1680.0,-6.0
5.0,-10.0,20.0,0.0,-1.0,159.0,-1722.0,-5.0
4.0,-9.0,22.0,2.0,-1.0,160.0,-1905.0,-4.0
4.0,-10.0,20.0,0.0,-3.0,158.0,-1808.0,-6.0
4.0,-10.0,20.0,0.0,-2.0,158.0,-1688.0,-6.0
5.0,-10.0,19.0,0.0,-2.0,158.0,-1714.0,-6.0
5.0,-11.0,19.0,0.0,-3.0,157.0,-1635.0,-7.0
6.0,-12.0,17.0,-2.0,-3.0,156.0,-1406.0,-8.0
6.0,-11.0,19.0,0.0,-1.0,157.0,-1380.0,-6.0
5.0,-11.0,19.0,0.0,-2.0,158.0,-1433.0,-6.0
5.0,-11.0,20.0,0.0,-2.0,158.0,-1320.0,-6.0
5.0,-10.0,20.0,0.0,-1.0,158.0,-1282.0,-5.0
3.0,-9.0,21.0,2.0,-1.0,159.0,-1464.0,-4.0
4.0,-9.0,20.0,0.0,-3.0,157.0,-1389.0,-6.0
4.0,-10.0,20.0,0.0,-2.0,157.0,-1233.0,-6.0
5.0,-10.0,20.0,0.0,-2.0,157.0,-1243.0,-6.0
5.0,-11.0,19.0,0.0,-3.0,156.0,-1200.0,-7.0
6.0,-12.0,17.0,-2.0,-3.0,155.0,-1007.0,-8.0
6.0,-12.0,19.0,0.0,-1.0,156.0,-1047.0,-6.0
5.0,-11.0,19.0,0.0,-2.0,157.0,-1225.0,-6.0
5.0,-11.0,19.0,0.0,-2.0,156.0,-1218.0,-6.0
5.0,-10.0,19.0,0.0,-2.0,156.0,-1230.0,-5.0
4.0,-9.0,21.0,2.0,-2.0,158.0,-1443.0,-4.0
4.0,-9.0,20.0,0.0,-3.0,156.0,-1392.0,-6.0
5.0,-10.0,19.0,0.0,-2.0,156.0,-1212.0,-6.0
5.0,-10.0,20.0,0.0,-2.0,156.0,-1221.0,-6.0
6.0,-10.0,20.0,0.0,-2.0,157.0,-1217.0,-5.0
9.0,-10.0,21.0,-1.0,-1.0,158.0,-935.0,-5.0
9.0,-10.0,23.0,0.0,1.0,160.0,-814.0,-3.0
9.0,-8.0,25.0,1.0,1.0,162.0,-854.0,-1.0
11.0,-7.0,27.0,2.0,2.0,164.0,-664.0,0.0
12.0,-8.0,29.0,2.0,2.0,165.0,-570.0,0.0
12.0,-8.0,31.0,4.0,4.0,167.0,-884.0,3.0
12.0,-8.0,30.0,2.0,2.0,166.0,-1427.0,1.0
13.0,-9.0,30.0,1.0,2.0,166.0,-1765.0,1.0
14.0,-9.0,32.0,2.0,4.0,167.0,-1909.0,2.0
16.0,-8.0,33.0,2.0,5.0,169.0,-1889.0,3.0
17.0,-9.0,32.0,1.0,4.0,168.0,-1715.0,2.0
17.0,-9.0,33.0,2.0,7.0,169.0,-1795.0,4.0
18.0,-10.0,35.0,3.0,7.0,171.0,-1980.0,5.0
19.0,-10.0,36.0,3.0,8.0,172.0,-1955.0,6.0
19.0,-8.0,38.0,4.0,8.0,173.0,-1915.0,7.0
18.0,-5.0,40.0,6.0,9.0,176.0,-2041.0,9.0
19.0,-6.0,40.0,5.0,8.0,175.0,-2008.0,8.0
21.0,-8.0,40.0,4.0,9.0,175.0,-1906.0,8.0
21.0,-8.0,40.0,4.0,9.0,175.0,-1923.0,9.0
23.0,-7.0,43.0,4.0,10.0,177.0,-1881.0,10.0
27.0,-7.0,45.0,3.0,12.0,180.0,-1746.0,11.0
30.0,-5.0,51.0,5.0,16.0,185.0,-1838.0,16.0
32.0,-2.0,56.0,8.0,18.0,190.0,-1931.0,20.0
33.0,-1.0,58.0,8.0,19.0,192.0,-1876.0,21.0
35.0,0.0,61.0,9.0,20.0,195.0,-1892.0,23.0
36.0,3.0,67.0,12.0,23.0,201.0,-2072.0,27.0
39.0,5.0,71.0,12.0,23.0,204.0,-2028.0,29.0
43.0,6.0,74.0,12.0,26.0,207.0,-1867.0,31.0
46.0,7.0,78.0,13.0,28.0,211.0,-1873.0,34.0
49.0,5.0,81.0,13.0,30.0,214.0,-1875.0,36.0
52.0,5.0,83.0,12.0,32.0,216.0,-1767.0,37.0
55.0,7.0,88.0,15.0,36.0,221.0,-1761.0,42.0
58.0,9.0,93.0,17.0,37.0,226.0,-1901.0,45.0
61.0,12.0,98.0,18.0,39.0,231.0,-1855.0,48.0
63.0,13.0,102.0,19.0,42.0,235.0,-1815.0,51.0
65.0,13.0,107.0,22.0,44.0,239.0,-1988.0,55.0
67.0,14.0,109.0,21.0,44.0,240.0,-2019.0,55.0
69.0,14.0,110.0,21.0,45.0,242.0,-1885.0,55.0
71.0,15.0,112.0,21.0,47.0,244.0,-1899.0,57.0
72.0,14.0,113.0,21.0,47.0,245.0,-1920.0,58.0
75.0,11.0,112.0,19.0,48.0,244.0,-1781.0,58.0
75.0,11.0,113.0,20.0,50.0,245.0,-1754.0,60.0
75.0,12.0,115.0,22.0,51.0,247.0,-1919.0,61.0
76.0,13.0,118.0,22.0,52.0,249.0,-1926.0,63.0
77.0,13.0,119.0,23.0,52.0,250.0,-1926.0,63.0
76.0,15.0,120.0,24.0,52.0,251.0,-2062.0,64.0
74.0,15.0,118.0,23.0,50.0,248.0,-2065.0,62.0
69.0,6.0,104.0,18.0,45.0,235.0,-1855.0,54.0
67.0,5.0,102.0,17.0,44.0,232.0,-1854.0,52.0
65.0,4.0,99.0,17.0,43.0,230.0,-1855.0,51.0
63.0,2.0,98.0,18.0,42.0,228.0,-1985.0,50.0
60.0,2.0,94.0,17.0,38.0,224.0,-1981.0,46.0
57.0,2.0,90.0,15.0,36.0,220.0,-1823.0,43.0
57.0,0.0,86.0,14.0,35.0,216.0,-1865.0,41.0
55.0,-4.0,82.0,12.0,33.0,212.0,-1858.0,38.0
53.0,-7.0,76.0,10.0,31.0,207.0,-1702.0,35.0
52.0,-10.0,73.0,9.0,32.0,204.0,-1652.0,34.0
50.0,-13.0,70.0,9.0,30.0,201.0,-1854.0,33.0
46.0,-14.0,66.0,8.0,28.0,196.0,-1813.0,30.0
43.0,-13.0,64.0,8.0,26.0,194.0,-1757.0,28.0
39.0,-10.0,63.0,9.0,24.0,193.0,-1895.0,27.0
36.0,-9.0,59.0,9.0,20.0,189.0,-1940.0,24.0
36.0,-11.0,56.0,7.0,20.0,187.0,-1755.0,21.0
35.0,-12.0,54.0,6.0,19.0,184.0,-1744.0,20.0
33.0,-12.0,51.0,5.0,17.0,182.0,-1736.0,18.0
32.0,-12.0,48.0,3.0,15.0,179.0,-1629.0,15.0
30.0,-13.0,45.0,3.0,16.0,176.0,-1567.0,15.0
28.0,-13.0,45.0,4.0,15.0,176.0,-1747.0,15.0
26.0,-11.0,44.0,4.0,13.0,174.0,-1750.0,13.0
25.0,-12.0,41.0,4.0,12.0,172.0,-1775.0,12.0
22.0,-10.0,41.0,6.0,12.0,171.0,-1956.0,12.0
20.0,-9.0,40.0,5.0,9.0,169.0,-2031.0,9.0
19.0,-9.0,37.0,3.0,8.0,167.0,-1845.0,7.0
19.0,-11.0,35.0,2.0,8.0,164.0,-1812.0,6.0
17.0,-11.0,33.0,2.0,6.0,163.0,-1784.0,4.0
18.0,-13.0,30.0,0.0,5.0,160.0,-1625.0,2.0
17.0,-15.0,29.0,0.0,6.0,159.0,-1519.0,2.0
15.0,-13.0,28.0,1.0,5.0,158.0,-1748.0,2.0
14.0,-12.0,28.0,1.0,4.0,157.0,-1816.0,1.0
11.0,-10.0,26.0,1.0,2.0,155.0,-1804.0,0.0
8.0,-10.0,24.0,2.0,1.0,154.0,-1936.0,0.0
6.0,-9.0,22.0,2.0,-1.0,152.0,-2000.0,-2.0
6.0,-8.0,20.0,0.0,-2.0,150.0,-1805.0,-4.0
5.0,-8.0,20.0,0.0,-1.0,149.0,-1722.0,-4.0
5.0,-8.0,20.0,0.0,-2.0,149.0,-1676.0,-5.0
5.0,-10.0,17.0,-1.0,-3.0,146.0,-1591.0,-7.0
4.0,-11.0,15.0,-2.0,-2.0,144.0,-1536.0,-7.0
3.0,-11.0,15.0,0.0,-3.0,144.0,-1776.0,-7.0
3.0,-11.0,15.0,0.0,-3.0,144.0,-1838.0,-7.0
3.0,-10.0,16.0,0.0,-3.0,145.0,-1839.0,-7.0
2.0,-9.0,17.0,1.0,-2.0,146.0,-1986.0,-5.0
1.0,-9.0,17.0,0.0,-4.0,145.0,-2086.0,-6.0
2.0,-10.0,15.0,0.0,-4.0,144.0,-1940.0,-8.0
2.0,-10.0,16.0,0.0,-4.0,144.0,-1956.0,-8.0
3.0,-10.0,15.0,0.0,-4.0,144.0,-1954.0,-8.0
3.0,-12.0,13.0,-2.0,-5.0,142.0,-1823.0,-9.0
4.0,-12.0,14.0,-2.0,-3.0,143.0,-1728.0,-8.0
3.0,-11.0,15.0,0.0,-3.0,144.0,-1928.0,-7.0
3.0,-11.0,15.0,0.0,-3.0,144.0,-1923.0,-7.0
3.0,-10.0,15.0,0.0,-3.0,144.0,-1861.0,-7.0
2.0,-9.0,17.0,1.0,-2.0,145.0,-1944.0,-5.0
1.0,-9.0,17.0,1.0,-4.0,144.0,-2022.0,-6.0
2.0,-9.0,16.0,0.0,-5.0,143.0,-1816.0,-8.0
3.0,-10.0,15.0,0.0,-4.0,143.0,-1801.0,-8.0
3.0,-10.0,15.0,0.0,-4.0,143.0,-1795.0,-8.0
4.0,-11.0,14.0,-2.0,-4.0,142.0,-1672.0,-9.0
4.0,-12.0,14.0,-2.0,-3.0,142.0,-1555.0,-8.0
3.0,-11.0,15.0,-1.0,-2.0,143.0,-1778.0,-7.0
3.0,-10.0,15.0,0.0,-3.0,142.0,-1820.0,-7.0
3.0,-10.0,16.0,0.0,-3.0,143.0,-1819.0,-6.0
2.0,-9.0,17.0,1.0,-2.0,144.0,-1917.0,-6.0
1.0,-8.0,17.0,0.0,-4.0,143.0,-1998.0,-7.0
2.0,-9.0,16.0,0.0,-4.0,142.0,-1775.0,-7.0
2.0,-10.0,15.0,0.0,-4.0,142.0,-1753.0,-7.0
3.0,-10.0,15.0,0.0,-4.0,142.0,-1751.0,-8.0
3.0,-11.0,14.0,-2.0,-5.0,141.0,-1632.0,-9.0
4.0,-12.0,14.0,-2.0,-3.0,141.0,-1479.0,-8.0
3.0,-11.0,15.0,0.0,-2.0,142.0,-1584.0,-6.0
3.0,-10.0,15.0,0.0,-3.0,142.0,-1500.0,-7.0
3.0,-10.0,15.0,0.0,-3.0,142.0,-1418.0,-7.0
2.0,-9.0,17.0,0.0,-2.0,143.0,-1483.0,-5.0
1.0,-9.0,17.0,1.0,-4.0,142.0,-1608.0,-6.0
2.0,-10.0,15.0,0.0,-5.0,141.0,-1427.0,-7.0
2.0,-10.0,15.0,0.0,-4.0,141.0,-1497.0,-7.0
2.0,-10.0,15.0,0.0,-4.0,141.0,-1569.0,-8.0
3.0,-11.0,14.0,-1.0,-4.0,140.0,-1496.0,-9.0
4.0,-11.0,14.0,-2.0,-3.0,140.0,-1409.0,-8.0
3.0,-11.0,15.0,0.0,-2.0,141.0,-1707.0,-7.0
3.0,-11.0,15.0,0.0,-3.0,141.0,-1834.0,-7.0
3.0,-10.0,15.0,0.0,-3.0,141.0,-1841.0,-6.0
2.0,-10.0,16.0,0.0,-2.0,142.0,-1956.0,-5.0
1.0,-8.0,16.0,0.0,-4.0,142.0,-2075.0,-6.0
2.0,-9.0,15.0,0.0,-4.0,140.0,-1868.0,-7.0
2.0,-10.0,15.0,0.0,-4.0,141.0,-1863.0,-7.0
3.0,-10.0,15.0,0.0,-4.0,140.0,-1849.0,-7.0
4.0,-11.0,13.0,-1.0,-5.0,139.0,-1747.0,-9.0
4.0,-12.0,13.0,-2.0,-3.0,139.0,-1541.0,-8.0
3.0,-11.0,15.0,0.0,-2.0,140.0,-1655.0,-7.0
3.0,-10.0,15.0,0.0,-3.0,140.0,-1702.0,-7.0
3.0,-10.0,15.0,0.0,-3.0,140.0,-1726.0,-6.0
2.0,-9.0,17.0,0.0,-3.0,141.0,-1860.0,-5.0
1.0,-8.0,17.0,1.0,-4.0,141.0,-2039.0,-6.0
2.0,-9.0,15.0,0.0,-4.0,140.0,-1867.0,-7.0
2.0,-10.0,15.0,0.0,-4.0,139.0,-1853.0,-7.0
3.0,-10.0,15.0,0.0,-4.0,139.0,-1855.0,-8.0
3.0,-11.0,14.0,-1.0,-4.0,138.0,-1771.0,-8.0
4.0,-12.0,13.0,-2.0,-3.0,138.0,-1654.0,-8.0
3.0,-11.0,14.0,0.0,-2.0,139.0,-1859.0,-6.0
3.0,-11.0,14.0,0.0,-3.0,139.0,-1877.0,-7.0
2.0,-10.0,15.0,0.0,-3.0,139.0,-1862.0,-6.0
2.0,-9.0,16.0,0.0,-2.0,140.0,-1972.0,-5.0
1.0,-8.0,17.0,1.0,-4.0,140.0,-2126.0,-6.0
2.0,-9.0,15.0,0.0,-5.0,139.0,-1923.0,-7.0
2.0,-9.0,15.0,0.0,-4.0,139.0,-1904.0,-7.0
2.0,-10.0,15.0,0.0,-4.0,138.0,-1921.0,-7.0
3.0,-11.0,14.0,-2.0,-5.0,137.0,-1826.0,-8.0
4.0,-12.0,13.0,-2.0,-3.0,137.0,-1660.0,-8.0
3.0,-11.0,15.0,-1.0,-2.0,138.0,-1874.0,-6.0
3.0,-10.0,15.0,0.0,-3.0,138.0,-1965.0,-7.0
3.0,-10.0,15.0,0.0,-3.0,138.0,-1930.0,-7.0
2.0,-9.0,16.0,0.0,-2.0,139.0,-1989.0,-6.0
2.0,-8.0,16.0,1.0,-3.0,139.0,-2126.0,-6.0
2.0,-9.0,15.0,0.0,-4.0,138.0,-1962.0,-8.0
2.0,-9.0,15.0,0.0,-4.0,138.0,-1987.0,-7.0
2.0,-10.0,15.0,0.0,-4.0,137.0,-2008.0,-7.0
3.0,-10.0,14.0,-1.0,-5.0,136.0,-1955.0,-8.0
4.0,-11.0,13.0,-2.0,-4.0,136.0,-1804.0,-8.0
3.0,-10.0,14.0,-1.0,-2.0,138.0,-1958.0,-6.0
3.0,-10.0,14.0,-1.0,-3.0,137.0,-1999.0,-6.0
3.0,-10.0,14.0,0.0,-3.0,137.0,-2014.0,-6.0
2.0,-9.0,16.0,0.0,-2.0,138.0,-2114.0,-5.0
1.0,-8.0,16.0,1.0,-3.0,138.0,-2301.0,-5.0
2.0,-9.0,15.0,0.0,-5.0,137.0,-2119.0,-7.0
2.0,-9.0,15.0,0.0,-4.0,136.0,-2057.0,-7.0
3.0,-10.0,14.0,0.0,-4.0,136.0,-2068.0,-7.0
3.0,-10.0,13.0,-1.0,-4.0,135.0,-2020.0,-8.0
4.0,-11.0,13.0,-2.0,-3.0,135.0,-1860.0,-8.0
3.0,-10.0,14.0,-1.0,-3.0,136.0,-2042.0,-6.0
3.0,-10.0,14.0,0.0,-3.0,136.0,-2085.0,-6.0
3.0,-10.0,14.0,0.0,-3.0,136.0,-2080.0,-7.0
2.0,-9.0,16.0,0.0,-3.0,137.0,-2083.0,-6.0
1.0,-8.0,17.0,1.0,-3.0,137.0,-2060.0,-6.0
2.0,-9.0,15.0,0.0,-4.0,136.0,-1812.0,-7.0
2.0,-9.0,15.0,0.0,-3.0,136.0,-1766.0,-7.0
2.0,-9.0,15.0,0.0,-3.0,136.0,-1807.0,-7.0
3.0,-10.0,14.0,-1.0,-4.0,135.0,-1651.0,-8.0
4.0,-11.0,13.0,-2.0,-3.0,134.0,-1408.0,-8.0
3.0,-11.0,14.0,0.0,-2.0,136.0,-1665.0,-7.0
3.0,-10.0,14.0,0.0,-3.0,135.0,-1757.0,-7.0
3.0,-10.0,14.0,0.0,-3.0,136.0,-1744.0,-6.0
2.0,-9.0,15.0,0.0,-3.0,136.0,-1750.0,-5.0
2.0,-8.0,16.0,1.0,-3.0,137.0,-1873.0,-5.0
2.0,-9.0,15.0,0.0,-4.0,135.0,-1701.0,-7.0
3.0,-9.0,15.0,0.0,-3.0,135.0,-1620.0,-7.0
2.0,-9.0,14.0,0.0,-3.0,135.0,-1617.0,-7.0
3.0,-10.0,14.0,-1.0,-4.0,134.0,-1567.0,-8.0
4.0,-11.0,13.0,-2.0,-3.0,133.0,-1428.0,-8.0
3.0,-10.0,14.0,-1.0,-2.0,135.0,-1663.0,-6.0
3.0,-10.0,14.0,0.0,-2.0,135.0,-1737.0,-6.0
3.0,-10.0,14.0,0.0,-2.0,135.0,-1705.0,-6.0
3.0,-10.0,15.0,0.0,-2.0,135.0,-1784.0,-6.0
2.0,-8.0,16.0,1.0,-3.0,136.0,-2051.0,-5.0
2.0,-9.0,15.0,0.0,-5.0,134.0,-1939.0,-7.0
2.0,-9.0,14.0,0.0,-4.0,134.0,-1923.0,-7.0
2.0,-9.0,14.0,0.0,-4.0,134.0,-1955.0,-7.0
3.0,-10.0,13.0,-1.0,-4.0,133.0,-1910.0,-8.0
4.0,-11.0,12.0,-2.0,-4.0,132.0,-1726.0,-9.0
3.0,-11.0,14.0,-1.0,-2.0,134.0,-1922.0,-6.0
3.0,-10.0,14.0,0.0,-2.0,134.0,-2030.0,-6.0
3.0,-10.0,14.0,0.0,-2.0,134.0,-1949.0,-6.0
2.0,-9.0,15.0,0.0,-2.0,134.0,-1981.0,-5.0
1.0,-8.0,16.0,1.0,-3.0,135.0,-2188.0,-5.0
2.0,-8.0,15.0,0.0,-4.0,133.0,-2030.0,-7.0
2.0,-9.0,14.0,0.0,-4.0,133.0,-1927.0,-7.0
3.0,-9.0,14.0,0.0,-4.0,133.0,-1928.0,-7.0
3.0,-10.0,14.0,-1.0,-4.0,133.0,-1866.0,-8.0
4.0,-11.0,12.0,-2.0,-3.0,131.0,-1644.0,-8.0
3.0,-10.0,14.0,-1.0,-2.0,133.0,-1751.0,-7.0
3.0,-10.0,14.0,0.0,-3.0,133.0,-1828.0,-6.0
3.0,-10.0,14.0,0.0,-3.0,133.0,-1817.0,-6.0
2.0,-9.0,15.0,0.0,-2.0,133.0,-1907.0,-6.0
1.0,-8.0,16.0,1.0,-2.0,134.0,-2123.0,-5.0
2.0,-9.0,15.0,0.0,-4.0,133.0,-1982.0,-7.0
2.0,-9.0,14.0,0.0,-4.0,133.0,-1879.0,-7.0
3.0,-9.0,14.0,0.0,-3.0,132.0,-1903.0,-7.0
3.0,-10.0,14.0,-1.0,-4.0,132.0,-1898.0,-8.0
4.0,-11.0,12.0,-2.0,-3.0,131.0,-1689.0,-8.0
4.0,-10.0,14.0,-1.0,-2.0,132.0,-1858.0,-6.0
3.0,-9.0,14.0,0.0,-3.0,132.0,-1994.0,-6.0
3.0,-9.0,14.0,0.0,-3.0,132.0,-2057.0,-6.0
2.0,-9.0,15.0,0.0,-2.0,133.0,-2106.0,-6.0
1.0,-8.0,16.0,1.0,-3.0,133.0,-2241.0,-5.0
2.0,-8.0,14.0,0.0,-4.0,132.0,-2101.0,-7.0
2.0,-9.0,14.0,0.0,-3.0,132.0,-2039.0,-7.0
2.0,-9.0,14.0,0.0,-3.0,132.0,-2009.0,-7.0
4.0,-9.0,15.0,0.0,-3.0,133.0,-1916.0,-6.0
8.0,-9.0,17.0,-1.0,-1.0,136.0,-1723.0,-4.0
9.0,-7.0,21.0,0.0,2.0,140.0,-1816.0,-1.0
10.0,-6.0,24.0,1.0,2.0,142.0,-1865.0,0.0
12.0,-5.0,27.0,2.0,4.0,145.0,-1829.0,2.0
15.0,-6.0,32.0,3.0,7.0,149.0,-1919.0,6.0
17.0,-6.0,37.0,6.0,9.0,153.0,-2138.0,9.0
20.0,-6.0,38.0,5.0,8.0,154.0,-2072.0,9.0
23.0,-7.0,40.0,5.0,11.0,157.0,-2009.0,11.0
24.0,-8.0,41.0,4.0,12.0,158.0,-1977.0,12.0
25.0,-6.0,42.0,4.0,12.0,159.0,-1813.0,12.0
26.0,-6.0,42.0,3.0,13.0,159.0,-1540.0,12.0
27.0,-6.0,44.0,5.0,15.0,161.0,-1615.0,15.0
28.0,-7.0,46.0,5.0,15.0,162.0,-1748.0,16.0
28.0,-7.0,46.0,5.0,15.0,162.0,-1775.0,16.0
27.0,-6.0,46.0,6.0,16.0,162.0,-1861.0,16.0
26.0,-5.0,48.0,8.0,15.0,163.0,-2050.0,17.0
26.0,-6.0,46.0,6.0,13.0,161.0,-1950.0,15.0
27.0,-9.0,44.0,5.0,14.0,160.0,-1951.0,14.0
27.0,-11.0,43.0,5.0,14.0,159.0,-2032.0,14.0
28.0,-11.0,42.0,4.0,14.0,158.0,-1973.0,13.0
28.0,-13.0,40.0,2.0,14.0,157.0,-1764.0,13.0
26.0,-10.0,41.0,4.0,14.0,157.0,-1892.0,13.0
24.0,-9.0,40.0,4.0,13.0,156.0,-2005.0,12.0
24.0,-8.0,41.0,5.0,13.0,156.0,-1930.0,13.0
23.0,-8.0,41.0,5.0,13.0,156.0,-1873.0,13.0
21.0,-7.0,40.0,6.0,12.0,155.0,-2016.0,12.0
20.0,-9.0,37.0,4.0,9.0,152.0,-1886.0,9.0
21.0,-10.0,36.0,3.0,10.0,152.0,-1777.0,9.0
20.0,-11.0,33.0,3.0,9.0,148.0,-1914.0,7.0
19.0,-12.0,31.0,2.0,7.0,146.0,-2003.0,5.0
18.0,-12.0,28.0,0.0,6.0,144.0,-1839.0,3.0
16.0,-11.0,28.0,1.0,7.0,145.0,-1872.0,4.0
13.0,-11.0,27.0,1.0,5.0,142.0,-2042.0,2.0
12.0,-10.0,25.0,1.0,4.0,141.0,-2086.0,2.0
11.0,-9.0,25.0,2.0,3.0,140.0,-2139.0,1.0
8.0,-7.0,25.0,3.0,2.0,139.0,-2274.0,1.0
6.0,-8.0,20.0,1.0,-1.0,134.0,-2075.0,-2.0
5.0,-7.0,18.0,0.0,-1.0,132.0,-1941.0,-4.0
4.0,-8.0,17.0,0.0,-2.0,131.0,-1974.0,-5.0
3.0,-9.0,13.0,-1.0,-4.0,128.0,-1937.0,-7.0
3.0,-11.0,11.0,-2.0,-4.0,126.0,-1677.0,-8.0
3.0,-10.0,12.0,-1.0,-2.0,127.0,-1692.0,-6.0
2.0,-10.0,13.0,0.0,-3.0,127.0,-1813.0,-6.0
2.0,-9.0,13.0,0.0,-3.0,127.0,-1779.0,-6.0
2.0,-9.0,13.0,0.0,-2.0,128.0,-1795.0,-6.0
1.0,-8.0,15.0,1.0,-2.0,129.0,-2005.0,-5.0
1.0,-8.0,14.0,0.0,-4.0,127.0,-1986.0,-6.0
2.0,-9.0,13.0,0.0,-4.0,127.0,-1851.0,-7.0
2.0,-9.0,13.0,0.0,-4.0,127.0,-1827.0,-7.0
2.0,-9.0,13.0,0.0,-4.0,127.0,-1862.0,-8.0
3.0,-10.0,11.0,-2.0,-4.0,125.0,-1757.0,-9.0
3.0,-10.0,12.0,-1.0,-2.0,126.0,-1789.0,-7.0
2.0,-10.0,13.0,0.0,-3.0,127.0,-1951.0,-7.0
2.0,-9.0,13.0,0.0,-3.0,127.0,-1948.0,-6.0
2.0,-9.0,14.0,0.0,-3.0,127.0,-1919.0,-6.0
1.0,-8.0,15.0,1.0,-2.0,128.0,-2107.0,-5.0
1.0,-8.0,14.0,0.0,-4.0,127.0,-2008.0,-7.0
2.0,-9.0,13.0,0.0,-4.0,126.0,-1829.0,-7.0
2.0,-9.0,13.0,0.0,-4.0,126.0,-1771.0,-7.0
2.0,-9.0,12.0,-1.0,-4.0,126.0,-1781.0,-7.0
3.0,-11.0,11.0,-2.0,-4.0,124.0,-1651.0,-9.0
3.0,-10.0,12.0,-1.0,-2.0,126.0,-1704.0,-7.0
2.0,-10.0,12.0,0.0,-2.0,126.0,-1878.0,-6.0
2.0,-9.0,12.0,0.0,-3.0,126.0,-1894.0,-6.0
2.0,-9.0,13.0,0.0,-3.0,126.0,-1894.0,-6.0
1.0,-8.0,15.0,1.0,-2.0,127.0,-2057.0,-4.0
1.0,-8.0,14.0,0.0,-4.0,126.0,-1978.0,-6.0
1.0,-8.0,13.0,0.0,-4.0,126.0,-1828.0,-7.0
2.0,-9.0,13.0,0.0,-3.0,126.0,-1872.0,-7.0
2.0,-9.0,12.0,-1.0,-4.0,125.0,-1890.0,-8.0
3.0,-11.0,11.0,-2.0,-4.0,124.0,-1718.0,-9.0
3.0,-10.0,12.0,-1.0,-2.0,125.0,-1729.0,-7.0
2.0,-9.0,13.0,-1.0,-2.0,125.0,-1867.0,-7.0
2.0,-9.0,13.0,0.0,-3.0,125.0,-1750.0,-6.0
2.0,-9.0,13.0,0.0,-3.0,125.0,-1667.0,-6.0
0.0,-8.0,17.0,1.0,-4.0,124.0,-1792.0,-6.0
-5.0,-9.0,23.0,1.0,-9.0,116.0,-1753.0,-13.0
-9.0,-14.0,30.0,3.0,-13.0,108.0,-1630.0,-18.0
-14.0,-16.0,37.0,4.0,-16.0,101.0,-1657.0,-23.0
-18.0,-17.0,42.0,5.0,-20.0,95.0,-1624.0,-28.0
-17.0,-11.0,37.0,2.0,-20.0,98.0,-1451.0,-28.0
-12.0,-3.0,27.0,0.0,-13.0,109.0,-1465.0,-20.0
-3.0,8.0,10.0,-3.0,-5.0,128.0,-1649.0,-7.0
13.0,33.0,-23.0,-13.0,7.0,160.0,-1663.0,12.0
35.0,58.0,-63.0,-23.0,26.0,200.0,-1640.0,38.0
59.0,82.0,-103.0,-33.0,47.0,243.0,-1723.0,66.0
85.0,103.0,-146.0,-45.0,64.0,283.0,-1623.0,92.0
112.0,124.0,-189.0,-57.0,85.0,324.0,-1429.0,120.0
137.0,145.0,-232.0,-68.0,106.0,365.0,-1391.0,147.0
163.0,165.0,-274.0,-79.0,125.0,406.0,-1316.0,174.0
190.0,180.0,-314.0,-90.0,145.0,443.0,-1128.0,199.0
216.0,187.0,-347.0,-97.0,165.0,477.0,-1125.0,224.0
238.0,186.0,-373.0,-101.0,181.0,504.0,-1276.0,245.0
254.0,188.0,-394.0,-105.0,194.0,524.0,-1245.0,260.0
265.0,192.0,-409.0,-108.0,202.0,540.0,-1247.0,271.0
271.0,190.0,-413.0,-107.0,207.0,547.0,-1424.0,277.0
274.0,178.0,-412.0,-106.0,206.0,543.0,-1404.0,275.0
272.0,168.0,-405.0,-104.0,204.0,535.0,-1240.0,271.0
264.0,160.0,-391.0,-101.0,198.0,521.0,-1313.0,262.0
253.0,150.0,-372.0,-96.0,189.0,502.0,-1341.0,249.0
241.0,135.0,-351.0,-92.0,178.0,479.0,-1224.0,234.0
224.0,117.0,-321.0,-83.0,167.0,450.0,-1248.0,216.0
202.0,97.0,-283.0,-72.0,150.0,414.0,-1425.0,193.0
178.0,76.0,-243.0,-62.0,130.0,374.0,-1418.0,167.0
151.0,52.0,-198.0,-49.0,110.0,331.0,-1452.0,139.0
124.0,26.0,-151.0,-35.0,89.0,287.0,-1680.0,111.0
98.0,2.0,-108.0,-24.0,67.0,244.0,-1744.0,82.0
73.0,-17.0,-68.0,-15.0,47.0,203.0,-1625.0,54.0
48.0,-35.0,-27.0,-5.0,28.0,163.0,-1692.0,28.0
20.0,-52.0,6.0,0.0,6.0,121.0,-1712.0,0.0
-6.0,-75.0,14.0,-1.0,-16.0,75.0,-1575.0,-31.0
-33.0,-93.0,15.0,-1.0,-35.0,34.0,-1586.0,-58.0
-53.0,-85.0,17.0,0.0,-48.0,17.0,-1789.0,-72.0
-59.0,-67.0,17.0,0.0,-52.0,18.0,-1782.0,-73.0
-51.0,-56.0,17.0,0.0,-44.0,34.0,-1783.0,-64.0
-38.0,-42.0,19.0,2.0,-33.0,59.0,-1923.0,-47.0
-24.0,-30.0,18.0,1.0,-24.0,81.0,-1926.0,-34.0
-11.0,-22.0,17.0,0.0,-15.0,99.0,-1754.0,-22.0
-3.0,-13.0,17.0,0.0,-7.0,114.0,-1776.0,-12.0
0.0,-10.0,17.0,0.0,-6.0,117.0,-1746.0,-10.0
0.0,-12.0,15.0,-1.0,-6.0,116.0,-1568.0,-10.0
0.0,-11.0,16.0,0.0,-4.0,117.0,-1487.0,-9.0
0.0,-11.0,17.0,0.0,-4.0,117.0,-1636.0,-9.0
0.0,-11.0,17.0,0.0,-5.0,117.0,-1587.0,-9.0
0.0,-11.0,16.0,0.0,-5.0,117.0,-1535.0,-9.0
-1.0,-9.0,18.0,2.0,-4.0,118.0,-1685.0,-7.0
-1.0,-9.0,18.0,2.0,-6.0,118.0,-1735.0,-9.0
0.0,-10.0,17.0,0.0,-6.0,117.0,-1587.0,-9.0
0.0,-10.0,17.0,0.0,-5.0,117.0,-1623.0,-9.0
0.0,-10.0,17.0,0.0,-6.0,117.0,-1647.0,-9.0
1.0,-12.0,15.0,-1.0,-6.0,115.0,-1545.0,-11.0
1.0,-12.0,15.0,-1.0,-4.0,116.0,-1442.0,-9.0
0.0,-11.0,16.0,0.0,-4.0,117.0,-1583.0,-9.0
0.0,-10.0,16.0,0.0,-5.0,117.0,-1571.0,-8.0
0.0,-10.0,17.0,0.0,-4.0,117.0,-1596.0,-8.0
-1.0,-9.0,19.0,2.0,-4.0,118.0,-1760.0,-7.0
-1.0,-9.0,18.0,2.0,-6.0,117.0,-1812.0,-9.0
0.0,-10.0,17.0,0.0,-6.0,116.0,-1630.0,-9.0
0.0,-10.0,17.0,0.0,-5.0,116.0,-1639.0,-9.0
0.0,-10.0,16.0,0.0,-6.0,116.0,-1649.0,-10.0
0.0,-11.0,15.0,-1.0,-6.0,114.0,-1556.0,-11.0
0.0,-12.0,15.0,0.0,-4.0,115.0,-1499.0,-9.0
0.0,-11.0,16.0,0.0,-5.0,116.0,-1677.0,-9.0
0.0,-11.0,16.0,0.0,-5.0,116.0,-1668.0,-8.0
0.0,-11.0,17.0,0.0,-4.0,116.0,-1608.0,-8.0
0.0,-9.0,18.0,2.0,-4.0,117.0,-1681.0,-7.0
0.0,-9.0,18.0,2.0,-6.0,116.0,-1710.0,-8.0
0.0,-10.0,17.0,0.0,-6.0,115.0,-1538.0,-9.0
0.0,-10.0,16.0,0.0,-5.0,115.0,-1524.0,-9.0
0.0,-10.0,16.0,0.0,-5.0,115.0,-1521.0,-10.0
0.0,-11.0,15.0,-1.0,-6.0,114.0,-1406.0,-11.0
1.0,-12.0,15.0,-1.0,-4.0,114.0,-1373.0,-10.0
0.0,-11.0,16.0,0.0,-4.0,115.0,-1595.0,-9.0
0.0,-11.0,16.0,0.0,-5.0,115.0,-1621.0,-9.0
0.0,-10.0,16.0,1.0,-5.0,115.0,-1610.0,-8.0
0.0,-9.0,18.0,2.0,-4.0,116.0,-1733.0,-7.0
-1.0,-9.0,18.0,2.0,-6.0,115.0,-1797.0,-8.0
0.0,-10.0,16.0,0.0,-6.0,115.0,-1628.0,-9.0
0.0,-10.0,17.0,0.0,-5.0,115.0,-1682.0,-9.0
1.0,-9.0,19.0,0.0,-4.0,117.0,-1782.0,-7.0
3.0,-9.0,19.0,0.0,-4.0,117.0,-1695.0,-8.0
4.0,-10.0,19.0,0.0,-2.0,119.0,-1591.0,-6.0
5.0,-8.0,23.0,2.0,0.0,122.0,-1743.0,-3.0
5.0,-7.0,25.0,2.0,0.0,123.0,-1762.0,-2.0
7.0,-9.0,27.0,2.0,0.0,124.0,-1710.0,-1.0
6.0,-8.0,29.0,4.0,1.0,126.0,-1730.0,0.0
6.0,-7.0,28.0,3.0,0.0,125.0,-1854.0,-1.0
7.0,-8.0,28.0,2.0,0.0,125.0,-1724.0,-1.0
9.0,-7.0,30.0,3.0,2.0,128.0,-1740.0,0.0
10.0,-7.0,31.0,3.0,2.0,128.0,-1737.0,0.0
11.0,-8.0,29.0,1.0,1.0,127.0,-1610.0,0.0
13.0,-10.0,30.0,1.0,3.0,128.0,-1482.0,1.0
14.0,-10.0,33.0,3.0,5.0,131.0,-1603.0,3.0
13.0,-9.0,34.0,4.0,5.0,131.0,-1577.0,3.0
13.0,-6.0,35.0,4.0,5.0,133.0,-1557.0,4.0
13.0,-5.0,37.0,5.0,6.0,135.0,-1701.0,6.0
14.0,-6.0,39.0,6.0,6.0,135.0,-1859.0,6.0
15.0,-8.0,38.0,5.0,6.0,134.0,-1718.0,5.0
16.0,-7.0,39.0,4.0,7.0,136.0,-1743.0,6.0
19.0,-5.0,43.0,5.0,9.0,139.0,-1753.0,9.0
23.0,-5.0,46.0,5.0,10.0,143.0,-1646.0,11.0
26.0,-4.0,50.0,7.0,14.0,147.0,-1524.0,14.0
27.0,-2.0,54.0,8.0,16.0,151.0,-1700.0,17.0
28.0,-1.0,56.0,9.0,16.0,153.0,-1705.0,19.0
31.0,1.0,61.0,10.0,19.0,157.0,-1680.0,22.0
33.0,3.0,67.0,13.0,22.0,162.0,-1801.0,26.0
35.0,6.0,71.0,14.0,22.0,166.0,-1939.0,28.0
39.0,7.0,74.0,14.0,23.0,169.0,-1771.0,29.0
42.0,6.0,77.0,14.0,26.0,172.0,-1786.0,32.0
45.0,6.0,80.0,15.0,29.0,176.0,-1806.0,34.0
49.0,7.0,83.0,15.0,30.0,179.0,-1719.0,36.0
52.0,8.0,87.0,15.0,34.0,183.0,-1612.0,40.0
54.0,11.0,93.0,18.0,36.0,188.0,-1747.0,44.0
56.0,13.0,97.0,19.0,38.0,193.0,-1731.0,46.0
59.0,13.0,100.0,20.0,40.0,196.0,-1717.0,49.0
61.0,13.0,105.0,22.0,43.0,200.0,-1848.0,52.0
62.0,15.0,107.0,22.0,42.0,202.0,-1982.0,53.0
64.0,15.0,109.0,22.0,43.0,203.0,-1798.0,54.0
65.0,15.0,110.0,22.0,45.0,204.0,-1799.0,55.0
67.0,13.0,111.0,21.0,46.0,205.0,-1782.0,56.0
68.0,12.0,110.0,20.0,46.0,205.0,-1672.0,55.0
70.0,11.0,110.0,20.0,47.0,205.0,-1547.0,56.0
71.0,13.0,114.0,22.0,49.0,208.0,-1708.0,59.0
72.0,14.0,115.0,23.0,49.0,209.0,-1707.0,59.0
71.0,14.0,115.0,23.0,49.0,209.0,-1669.0,60.0
70.0,15.0,116.0,24.0,49.0,210.0,-1762.0,61.0
68.0,14.0,114.0,23.0,47.0,207.0,-1905.0,59.0
68.0,12.0,111.0,21.0,45.0,204.0,-1721.0,56.0
67.0,9.0,109.0,21.0,45.0,203.0,-1714.0,55.0
66.0,9.0,106.0,20.0,45.0,201.0,-1731.0,54.0
66.0,7.0,103.0,18.0,43.0,197.0,-1654.0,51.0
64.0,5.0,100.0,17.0,43.0,194.0,-1540.0,50.0
62.0,4.0,100.0,18.0,42.0,193.0,-1753.0,50.0
60.0,4.0,97.0,18.0,40.0,191.0,-1823.0,48.0
58.0,2.0,95.0,17.0,40.0,188.0,-1845.0,46.0
55.0,1.0,93.0,17.0,38.0,185.0,-1903.0,45.0
52.0,3.0,90.0,17.0,35.0,183.0,-2027.0,43.0
51.0,1.0,85.0,15.0,32.0,178.0,-1881.0,39.0
50.0,-2.0,81.0,14.0,32.0,175.0,-1981.0,37.0
48.0,-5.0,77.0,12.0,30.0,170.0,-1986.0,34.0
46.0,-8.0,72.0,10.0,28.0,166.0,-1850.0,31.0
46.0,-13.0,68.0,8.0,28.0,162.0,-1665.0,29.0
42.0,-14.0,65.0,9.0,27.0,159.0,-1800.0,28.0
39.0,-14.0,62.0,8.0,24.0,156.0,-1782.0,25.0
36.0,-12.0,59.0,9.0,22.0,153.0,-1727.0,23.0
33.0,-10.0,58.0,9.0,20.0,151.0,-1770.0,22.0
30.0,-10.0,56.0,9.0,18.0,149.0,-1887.0,20.0
30.0,-11.0,52.0,7.0,16.0,146.0,-1687.0,18.0
28.0,-12.0,49.0,6.0,15.0,143.0,-1667.0,16.0
27.0,-12.0,48.0,6.0,14.0,142.0,-1713.0,15.0
25.0,-12.0,44.0,4.0,12.0,138.0,-1759.0,12.0
25.0,-14.0,41.0,3.0,12.0,135.0,-1723.0,10.0
22.0,-12.0,41.0,4.0,12.0,135.0,-1907.0,10.0
20.0,-12.0,39.0,4.0,9.0,133.0,-1906.0,9.0
18.0,-12.0,37.0,4.0,9.0,131.0,-1890.0,8.0
16.0,-11.0,37.0,5.0,8.0,131.0,-1990.0,7.0
14.0,-8.0,37.0,5.0,7.0,130.0,-2122.0,6.0
13.0,-10.0,33.0,3.0,4.0,126.0,-1824.0,3.0
12.0,-11.0,31.0,3.0,4.0,124.0,-1833.0,2.0
11.0,-11.0,29.0,2.0,3.0,123.0,-1968.0,1.0
12.0,-14.0,27.0,1.0,2.0,120.0,-1909.0,0.0
11.0,-15.0,24.0,0.0,2.0,118.0,-1654.0,-1.0
9.0,-12.0,25.0,1.0,2.0,119.0,-1829.0,0.0
7.0,-11.0,24.0,1.0,0.0,117.0,-1893.0,-2.0
4.0,-11.0,21.0,1.0,-1.0,114.0,-1826.0,-4.0
2.0,-10.0,20.0,2.0,-1.0,113.0,-1901.0,-3.0
0.0,-8.0,20.0,2.0,-3.0,113.0,-2032.0,-5.0
0.0,-8.0,17.0,1.0,-5.0,111.0,-1828.0,-7.0
0.0,-8.0,17.0,1.0,-4.0,110.0,-1809.0,-8.0
0.0,-8.0,17.0,0.0,-4.0,110.0,-1819.0,-8.0
0.0,-10.0,13.0,0.0,-6.0,107.0,-1789.0,-10.0
0.0,-12.0,11.0,-2.0,-6.0,105.0,-1698.0,-11.0
-1.0,-11.0,12.0,0.0,-5.0,106.0,-1908.0,-10.0
-1.0,-11.0,13.0,0.0,-6.0,106.0,-1951.0,-10.0
-2.0,-10.0,13.0,0.0,-6.0,105.0,-1910.0,-10.0
-2.0,-10.0,14.0,1.0,-5.0,106.0,-2058.0,-9.0
-3.0,-9.0,15.0,1.0,-6.0,107.0,-2360.0,-9.0
-2.0,-10.0,13.0,0.0,-7.0,105.0,-2101.0,-11.0
-2.0,-10.0,13.0,0.0,-6.0,105.0,-1930.0,-10.0
-2.0,-10.0,12.0,0.0,-7.0,105.0,-1854.0,-10.0
-1.0,-11.0,11.0,-1.0,-7.0,104.0,-1817.0,-11.0
0.0,-12.0,11.0,-2.0,-6.0,104.0,-1758.0,-12.0
-1.0,-11.0,12.0,0.0,-5.0,105.0,-2012.0,-10.0
-1.0,-11.0,12.0,0.0,-6.0,104.0,-2372.0,-10.0
-1.0,-11.0,13.0,0.0,-6.0,105.0,-2928.0,-10.0
-2.0,-10.0,13.0,0.0,-5.0,105.0,-3133.0,-9.0
-3.0,-8.0,15.0,1.0,-6.0,106.0,-3288.0,-9.0
-2.0,-9.0,13.0,0.0,-7.0,105.0,-2941.0,-11.0
-2.0,-10.0,13.0,0.0,-6.0,105.0,-2688.0,-10.0
-2.0,-10.0,13.0,0.0,-6.0,105.0,-2600.0,-11.0
-1.0,-10.0,12.0,0.0,-7.0,104.0,-2479.0,-11.0
0.0,-12.0,10.0,-2.0,-6.0,103.0,-2059.0,-12.0
-1.0,-11.0,12.0,0.0,-5.0,104.0,-1953.0,-10.0
-1.0,-10.0,12.0,0.0,-5.0,104.0,-1981.0,-9.0
-2.0,-10.0,13.0,0.0,-5.0,105.0,-1925.0,-9.0
-2.0,-9.0,13.0,0.0,-5.0,105.0,-1963.0,-9.0
-3.0,-8.0,14.0,1.0,-6.0,105.0,-2142.0,-9.0
-3.0,-9.0,13.0,0.0,-7.0,104.0,-1941.0,-10.0
-2.0,-9.0,13.0,0.0,-6.0,104.0,-1880.0,-10.0
-2.0,-10.0,12.0,0.0,-6.0,103.0,-1838.0,-10.0
-2.0,-10.0,12.0,-1.0,-7.0,103.0,-1772.0,-11.0
0.0,-12.0,10.0,-2.0,-6.0,102.0,-1611.0,-12.0
0.0,-11.0,12.0,0.0,-5.0,103.0,-1742.0,-10.0
-1.0,-11.0,12.0,0.0,-6.0,104.0,-1820.0,-10.0
-2.0,-10.0,13.0,0.0,-6.0,104.0,-1774.0,-10.0
-2.0,-10.0,13.0,0.0,-5.0,104.0,-1860.0,-9.0
-3.0,-8.0,14.0,1.0,-6.0,105.0,-2103.0,-8.0
-2.0,-10.0,13.0,0.0,-7.0,103.0,-1913.0,-10.0
-2.0,-10.0,12.0,0.0,-6.0,103.0,-1786.0,-10.0
-2.0,-10.0,12.0,0.0,-6.0,103.0,-1742.0,-10.0
-1.0,-10.0,11.0,0.0,-7.0,102.0,-1712.0,-11.0
0.0,-12.0,10.0,-2.0,-6.0,101.0,-1590.0,-11.0
-1.0,-11.0,12.0,0.0,-5.0,103.0,-1741.0,-10.0
-2.0,-10.0,12.0,0.0,-6.0,103.0,-2001.0,-10.0
-2.0,-10.0,12.0,0.0,-6.0,103.0,-2330.0,-9.0
-2.0,-10.0,13.0,0.0,-5.0,103.0,-2703.0,-9.0
-2.0,-8.0,14.0,1.0,-6.0,104.0,-2814.0,-8.0
-2.0,-9.0,13.0,0.0,-7.0,103.0,-2301.0,-10.0
-2.0,-9.0,12.0,0.0,-6.0,102.0,-2048.0,-10.0
-2.0,-10.0,12.0,0.0,-6.0,102.0,-2034.0,-10.0
-2.0,-10.0,12.0,0.0,-7.0,102.0,-2005.0,-11.0
-1.0,-11.0,11.0,-2.0,-6.0,101.0,-1778.0,-11.0
-1.0,-11.0,12.0,0.0,-5.0,102.0,-1823.0,-9.0
-1.0,-10.0,12.0,0.0,-6.0,102.0,-1978.0,-10.0
-1.0,-10.0,12.0,0.0,-6.0,102.0,-2012.0,-10.0
-2.0,-10.0,13.0,0.0,-6.0,102.0,-2108.0,-9.0
-3.0,-8.0,14.0,2.0,-5.0,104.0,-2336.0,-8.0
-2.0,-9.0,13.0,0.0,-7.0,102.0,-2174.0,-10.0
-2.0,-10.0,12.0,0.0,-6.0,102.0,-2054.0,-10.0
-2.0,-10.0,12.0,0.0,-6.0,102.0,-2054.0,-10.0
-1.0,-10.0,12.0,-1.0,-6.0,101.0,-2024.0,-11.0
0.0,-12.0,10.0,-2.0,-6.0,100.0,-1821.0,-11.0
0.0,-11.0,12.0,0.0,-5.0,102.0,-1888.0,-10.0
-2.0,-10.0,12.0,0.0,-6.0,101.0,-1969.0,-10.0
-2.0,-10.0,12.0,0.0,-5.0,102.0,-1949.0,-9.0
-2.0,-10.0,13.0,0.0,-5.0,102.0,-2052.0,-9.0
0.0,-11.0,10.0,-2.0,-6.0,99.0,-1975.0,-11.0
-1.0,-10.0,12.0,-1.0,-5.0,101.0,-2105.0,-9.0
-2.0,-10.0,12.0,0.0,-6.0,101.0,-2120.0,-10.0
-2.0,-10.0,12.0,0.0,-5.0,101.0,-2048.0,-10.0
-2.0,-9.0,13.0,0.0,-5.0,101.0,-2115.0,-9.0
-3.0,-8.0,14.0,1.0,-5.0,102.0,-2307.0,-8.0
-2.0,-9.0,12.0,0.0,-7.0,101.0,-2180.0,-10.0
-2.0,-9.0,12.0,0.0,-6.0,101.0,-2109.0,-10.0
-2.0,-9.0,12.0,0.0,-6.0,100.0,-2160.0,-10.0
-2.0,-10.0,12.0,-1.0,-7.0,100.0,-2135.0,-11.0
0.0,-11.0,10.0,-2.0,-7.0,99.0,-1973.0,-11.0
-1.0,-10.0,12.0,0.0,-5.0,101.0,-2038.0,-9.0
-1.0,-10.0,12.0,0.0,-6.0,101.0,-2078.0,-9.0
-1.0,-10.0,12.0,0.0,-6.0,100.0,-2031.0,-9.0
-2.0,-9.0,13.0,0.0,-5.0,101.0,-2038.0,-9.0
-3.0,-8.0,14.0,2.0,-5.0,102.0,-2207.0,-8.0
-3.0,-9.0,13.0,0.0,-7.0,101.0,-2082.0,-10.0
-2.0,-9.0,12.0,0.0,-6.0,100.0,-1948.0,-10.0
-1.0,-10.0,12.0,0.0,-6.0,100.0,-1932.0,-10.0
-1.0,-10.0,12.0,0.0,-6.0,99.0,-1874.0,-10.0
-1.0,-11.0,10.0,-2.0,-6.0,98.0,-1698.0,-11.0
-1.0,-10.0,11.0,0.0,-5.0,99.0,-1812.0,-10.0
-1.0,-10.0,12.0,0.0,-6.0,100.0,-1921.0,-9.0
-1.0,-10.0,12.0,0.0,-5.0,100.0,-1870.0,-9.0
-2.0,-9.0,13.0,0.0,-5.0,100.0,-1867.0,-9.0
-3.0,-8.0,14.0,1.0,-5.0,101.0,-1999.0,-8.0
-2.0,-8.0,12.0,0.0,-7.0,100.0,-1889.0,-10.0
-2.0,-9.0,12.0,0.0,-6.0,99.0,-1838.0,-10.0
-2.0,-9.0,12.0,0.0,-6.0,99.0,-1966.0,-10.0
-2.0,-9.0,11.0,-1.0,-6.0,99.0,-2020.0,-10.0
0.0,-11.0,10.0,-2.0,-7.0,97.0,-1895.0,-11.0
0.0,-11.0,11.0,-1.0,-5.0,99.0,-1915.0,-9.0
-1.0,-10.0,11.0,0.0,-5.0,99.0,-1855.0,-9.0
-2.0,-9.0,12.0,0.0,-6.0,99.0,-1710.0,-9.0
-2.0,-9.0,12.0,0.0,-6.0,99.0,-1680.0,-8.0
-3.0,-8.0,14.0,2.0,-6.0,101.0,-1853.0,-8.0
-3.0,-8.0,12.0,0.0,-7.0,99.0,-1754.0,-10.0
-2.0,-9.0,12.0,0.0,-6.0,99.0,-1648.0,-10.0
-2.0,-9.0,12.0,0.0,-6.0,98.0,-1699.0,-10.0
-2.0,-9.0,11.0,0.0,-7.0,98.0,-1680.0,-10.0
0.0,-11.0,10.0,-2.0,-6.0,97.0,-1475.0,-11.0
-1.0,-10.0,11.0,-1.0,-4.0,98.0,-1532.0,-9.0
-1.0,-10.0,12.0,0.0,-5.0,98.0,-1696.0,-9.0
-1.0,-10.0,12.0,0.0,-5.0,99.0,-1692.0,-9.0
-2.0,-10.0,12.0,0.0,-5.0,99.0,-1711.0,-8.0
-3.0,-8.0,14.0,2.0,-5.0,100.0,-1903.0,-7.0
-2.0,-8.0,13.0,0.0,-7.0,98.0,-1841.0,-9.0
-2.0,-9.0,12.0,0.0,-6.0,98.0,-1721.0,-9.0
-2.0,-9.0,12.0,0.0,-6.0,98.0,-1698.0,-10.0
-2.0,-9.0,11.0,0.0,-7.0,97.0,-1659.0,-10.0
0.0,-11.0,10.0,-2.0,-7.0,96.0,-1527.0,-11.0
-1.0,-11.0,11.0,-1.0,-5.0,98.0,-1620.0,-9.0
-1.0,-10.0,11.0,0.0,-5.0,97.0,-1763.0,-9.0
-1.0,-10.0,11.0,0.0,-5.0,98.0,-1751.0,-10.0
-2.0,-9.0,12.0,0.0,-5.0,98.0,-1781.0,-9.0
-3.0,-8.0,14.0,1.0,-5.0,99.0,-1986.0,-8.0
-3.0,-8.0,12.0,0.0,-7.0,98.0,-1927.0,-9.0
-2.0,-9.0,12.0,0.0,-6.0,98.0,-1877.0,-9.0
-2.0,-9.0,12.0,0.0,-6.0,97.0,-1985.0,-9.0
-2.0,-10.0,11.0,0.0,-7.0,97.0,-1914.0,-10.0
0.0,-11.0,10.0,-2.0,-7.0,96.0,-1742.0,-11.0
-1.0,-10.0,11.0,-1.0,-4.0,97.0,-1785.0,-9.0
-1.0,-10.0,12.0,0.0,-5.0,97.0,-1870.0,-9.0
-1.0,-9.0,12.0,0.0,-6.0,97.0,-1797.0,-9.0
-2.0,-9.0,12.0,0.0,-5.0,97.0,-1760.0,-9.0
-3.0,-8.0,14.0,1.0,-5.0,99.0,-1894.0,-7.0
-3.0,-8.0,13.0,0.0,-7.0,98.0,-1815.0,-9.0
-2.0,-9.0,12.0,0.0,-6.0,97.0,-1681.0,-10.0
-2.0,-9.0,12.0,0.0,-6.0,97.0,-1743.0,-10.0
-1.0,-9.0,11.0,0.0,-7.0,97.0,-1930.0,-10.0
0.0,-10.0,10.0,-2.0,-7.0,95.0,-2116.0,-11.0
-1.0,-10.0,11.0,-1.0,-5.0,96.0,-2293.0,-10.0
-1.0,-9.0,11.0,0.0,-6.0,96.0,-2450.0,-9.0
-1.0,-9.0,12.0,0.0,-6.0,96.0,-2435.0,-9.0
-2.0,-9.0,12.0,0.0,-5.0,97.0,-2490.0,-9.0
-3.0,-7.0,14.0,1.0,-5.0,98.0,-2634.0,-7.0
-3.0,-8.0,13.0,0.0,-7.0,97.0,-2573.0,-9.0
-2.0,-9.0,12.0,0.0,-6.0,96.0,-2501.0,-10.0
-1.0,-9.0,12.0,0.0,-6.0,97.0,-2453.0,-9.0
0.0,-7.0,15.0,0.0,-4.0,100.0,-2207.0,-7.0
3.0,-7.0,17.0,0.0,-3.0,102.0,-1917.0,-6.0
4.0,-6.0,20.0,0.0,0.0,105.0,-1925.0,-3.0
6.0,-5.0,23.0,2.0,0.0,108.0,-2161.0,-1.0
9.0,-6.0,27.0,3.0,2.0,111.0,-2464.0,1.0
13.0,-7.0,31.0,4.0,5.0,115.0,-2666.0,5.0
13.0,-5.0,35.0,6.0,7.0,119.0,-2886.0,7.0
15.0,-5.0,38.0,6.0,7.0,121.0,-2888.0,8.0
18.0,-7.0,39.0,5.0,9.0,123.0,-2739.0,10.0
19.0,-7.0,40.0,5.0,10.0,123.0,-2724.0,10.0
19.0,-4.0,41.0,5.0,10.0,124.0,-2675.0,10.0
21.0,-6.0,40.0,4.0,10.0,124.0,-2423.0,10.0
23.0,-7.0,42.0,5.0,13.0,126.0,-2286.0,12.0
23.0,-7.0,43.0,6.0,13.0,127.0,-2147.0,13.0
23.0,-7.0,43.0,6.0,12.0,126.0,-1995.0,13.0
22.0,-6.0,43.0,6.0,13.0,127.0,-1910.0,14.0
21.0,-5.0,45.0,8.0,13.0,128.0,-2206.0,15.0
21.0,-6.0,43.0,7.0,11.0,126.0,-2365.0,13.0
22.0,-10.0,41.0,5.0,11.0,124.0,-2187.0,12.0
22.0,-11.0,41.0,5.0,12.0,124.0,-1992.0,12.0
22.0,-11.0,40.0,5.0,11.0,123.0,-1882.0,11.0
22.0,-11.0,38.0,3.0,10.0,121.0,-1716.0,9.0
21.0,-9.0,38.0,4.0,11.0,121.0,-1703.0,10.0
20.0,-9.0,38.0,5.0,11.0,122.0,-1852.0,10.0
19.0,-8.0,39.0,5.0,11.0,122.0,-1834.0,10.0
18.0,-9.0,37.0,4.0,9.0,120.0,-1854.0,9.0
15.0,-8.0,36.0,5.0,9.0,119.0,-2098.0,9.0
15.0,-8.0,35.0,4.0,7.0,118.0,-2262.0,7.0
15.0,-10.0,32.0,3.0,6.0,115.0,-2179.0,5.0
14.0,-12.0,30.0,3.0,5.0,113.0,-2280.0,4.0
13.0,-11.0,29.0,2.0,4.0,111.0,-2446.0,2.0
12.0,-10.0,25.0,0.0,2.0,109.0,-2536.0,0.0
11.0,-11.0,23.0,0.0,3.0,107.0,-2639.0,0.0
8.0,-11.0,23.0,1.0,2.0,106.0,-2825.0,0.0
6.0,-9.0,22.0,1.0,1.0,105.0,-2791.0,-1.0
5.0,-8.0,21.0,2.0,0.0,104.0,-2603.0,-1.0
2.0,-8.0,20.0,3.0,0.0,102.0,-2324.0,-2.0
0.0,-7.0,17.0,2.0,-3.0,99.0,-2117.0,-5.0
0.0,-7.0,15.0,0.0,-4.0,97.0,-1812.0,-7.0
-1.0,-8.0,12.0,0.0,-5.0,94.0,-1802.0,-9.0
-2.0,-9.0,10.0,0.0,-6.0,93.0,-1835.0,-10.0
-1.0,-10.0,9.0,-2.0,-7.0,92.0,-1865.0,-11.0
-1.0,-10.0,9.0,-1.0,-5.0,92.0,-1895.0,-10.0
-2.0,-9.0,11.0,0.0,-5.0,93.0,-1938.0,-9.0
-2.0,-9.0,10.0,0.0,-5.0,93.0,-1813.0,-9.0
-2.0,-9.0,11.0,0.0,-5.0,93.0,-1817.0,-9.0
-3.0,-8.0,12.0,1.0,-5.0,95.0,-1975.0,-8.0
-3.0,-8.0,12.0,1.0,-6.0,94.0,-2000.0,-9.0
-2.0,-8.0,11.0,0.0,-7.0,93.0,-1841.0,-10.0
-2.0,-9.0,11.0,0.0,-6.0,92.0,-1869.0,-10.0
-2.0,-9.0,10.0,0.0,-6.0,92.0,-1906.0,-10.0
-1.0,-10.0,9.0,-2.0,-7.0,91.0,-1817.0,-11.0
-1.0,-10.0,9.0,-1.0,-5.0,92.0,-1761.0,-10.0
-1.0,-9.0,10.0,0.0,-5.0,92.0,-1929.0,-9.0
-2.0,-9.0,10.0,0.0,-6.0,92.0,-1914.0,-9.0
-2.0,-9.0,11.0,0.0,-6.0,93.0,-1875.0,-9.0
-3.0,-7.0,12.0,1.0,-5.0,94.0,-1957.0,-7.0
-3.0,-7.0,12.0,1.0,-6.0,93.0,-1932.0,-9.0
-3.0,-8.0,11.0,0.0,-6.0,92.0,-1757.0,-10.0
-2.0,-8.0,11.0,0.0,-6.0,92.0,-1823.0,-10.0
-2.0,-9.0,11.0,0.0,-6.0,92.0,-1857.0,-10.0
-1.0,-10.0,9.0,-2.0,-6.0,91.0,-1670.0,-11.0
-1.0,-10.0,9.0,-2.0,-5.0,91.0,-1599.0,-10.0
-1.0,-9.0,11.0,0.0,-5.0,92.0,-1788.0,-9.0
-2.0,-9.0,10.0,0.0,-6.0,91.0,-1763.0,-9.0
-2.0,-9.0,10.0,0.0,-5.0,92.0,-1630.0,-9.0
-3.0,-7.0,12.0,1.0,-5.0,93.0,-1720.0,-7.0
-3.0,-7.0,12.0,0.0,-7.0,92.0,-1783.0,-9.0
-2.0,-8.0,11.0,0.0,-7.0,92.0,-1580.0,-10.0
-2.0,-9.0,11.0,0.0,-6.0,91.0,-1579.0,-10.0
-2.0,-9.0,10.0,0.0,-6.0,91.0,-1598.0,-10.0
-1.0,-10.0,9.0,-2.0,-7.0,90.0,-1484.0,-11.0
-1.0,-10.0,9.0,-1.0,-5.0,90.0,-1373.0,-10.0
-1.0,-9.0,10.0,0.0,-5.0,91.0,-1497.0,-9.0
-2.0,-9.0,10.0,0.0,-5.0,91.0,-1442.0,-9.0
-3.0,-9.0,11.0,0.0,-5.0,90.0,-1412.0,-9.0
-7.0,-9.0,18.0,2.0,-8.0,86.0,-1556.0,-12.0
-13.0,-12.0,25.0,4.0,-14.0,78.0,-1648.0,-18.0
-17.0,-15.0,31.0,4.0,-18.0,70.0,-1468.0,-24.0
-22.0,-17.0,38.0,5.0,-21.0,63.0,-1592.0,-29.0
-24.0,-13.0,38.0,4.0,-23.0,62.0,-1668.0,-30.0
-20.0,-6.0,29.0,0.0,-20.0,69.0,-1546.0,-26.0
-12.0,1.0,15.0,-2.0,-12.0,84.0,-1400.0,-17.0
1.0,22.0,-11.0,-9.0,0.0,112.0,-1603.0,1.0
22.0,48.0,-49.0,-19.0,16.0,151.0,-1661.0,25.0
46.0,71.0,-91.0,-30.0,36.0,191.0,-1659.0,52.0
71.0,94.0,-131.0,-40.0,56.0,234.0,-1672.0,81.0
96.0,117.0,-174.0,-51.0,75.0,275.0,-1594.0,107.0
123.0,138.0,-218.0,-63.0,95.0,316.0,-1311.0,134.0
148.0,159.0,-260.0,-74.0,115.0,357.0,-1274.0,161.0
174.0,176.0,-300.0,-85.0,135.0,396.0,-1379.0,187.0
201.0,186.0,-338.0,-94.0,154.0,431.0,-1223.0,211.0
225.0,186.0,-367.0,-100.0,173.0,460.0,-993.0,234.0
244.0,187.0,-389.0,-103.0,187.0,484.0,-1106.0,252.0
257.0,191.0,-407.0,-107.0,197.0,501.0,-1139.0,264.0
265.0,192.0,-416.0,-109.0,203.0,511.0,-1191.0,272.0
269.0,183.0,-416.0,-106.0,206.0,512.0,-1395.0,275.0
268.0,173.0,-410.0,-104.0,204.0,506.0,-1543.0,271.0
263.0,164.0,-400.0,-102.0,198.0,494.0,-1348.0,263.0
253.0,154.0,-382.0,-97.0,191.0,477.0,-1368.0,252.0
241.0,143.0,-362.0,-92.0,181.0,456.0,-1428.0,239.0
226.0,126.0,-336.0,-86.0,168.0,428.0,-1374.0,220.0
207.0,104.0,-301.0,-77.0,154.0,394.0,-1254.0,199.0
183.0,85.0,-261.0,-66.0,136.0,357.0,-1429.0,175.0
157.0,62.0,-218.0,-54.0,115.0,315.0,-1384.0,147.0
131.0,35.0,-173.0,-41.0,94.0,270.0,-1474.0,119.0
105.0,10.0,-126.0,-28.0,74.0,227.0,-1658.0,91.0
78.0,-8.0,-85.0,-17.0,53.0,187.0,-1839.0,63.0
52.0,-27.0,-45.0,-9.0,32.0,145.0,-1675.0,35.0
26.0,-45.0,-6.0,-1.0,12.0,105.0,-1677.0,8.0
-1.0,-64.0,12.0,0.0,-9.0,61.0,-1775.0,-21.0
-29.0,-88.0,13.0,0.0,-32.0,15.0,-1750.0,-51.0
-51.0,-92.0,13.0,-1.0,-47.0,-13.0,-1685.0,-72.0
-62.0,-74.0,15.0,0.0,-53.0,-15.0,-1863.0,-76.0
-60.0,-60.0,15.0,0.0,-51.0,-5.0,-1883.0,-71.0
-47.0,-48.0,15.0,1.0,-41.0,15.0,-1810.0,-57.0
-33.0,-34.0,16.0,2.0,-29.0,40.0,-1763.0,-40.0
-21.0,-24.0,16.0,2.0,-20.0,60.0,-1782.0,-27.0
-10.0,-16.0,15.0,0.0,-13.0,76.0,-1555.0,-18.0
-5.0,-10.0,14.0,0.0,-8.0,84.0,-1528.0,-12.0
-5.0,-10.0,14.0,0.0,-8.0,84.0,-1540.0,-12.0
-4.0,-11.0,13.0,0.0,-9.0,84.0,-1393.0,-13.0
-3.0,-12.0,13.0,0.0,-7.0,84.0,-1254.0,-13.0
-4.0,-11.0,14.0,0.0,-6.0,85.0,-1516.0,-11.0
-4.0,-11.0,14.0,0.0,-7.0,85.0,-1545.0,-11.0
-4.0,-11.0,15.0,1.0,-7.0,85.0,-1478.0,-11.0
-5.0,-9.0,16.0,2.0,-6.0,86.0,-1587.0,-10.0
-6.0,-9.0,16.0,2.0,-8.0,86.0,-1713.0,-11.0
-5.0,-9.0,14.0,0.0,-8.0,84.0,-1519.0,-12.0
-4.0,-10.0,14.0,0.0,-8.0,84.0,-1506.0,-12.0
-4.0,-10.0,14.0,0.0,-8.0,84.0,-1529.0,-12.0
-4.0,-11.0,13.0,0.0,-9.0,83.0,-1458.0,-13.0
-3.0,-12.0,12.0,-1.0,-7.0,83.0,-1321.0,-13.0
-4.0,-11.0,14.0,0.0,-7.0,84.0,-1504.0,-11.0
-4.0,-10.0,14.0,0.0,-7.0,84.0,-1532.0,-12.0
-4.0,-10.0,14.0,0.0,-7.0,84.0,-1510.0,-11.0
-5.0,-9.0,15.0,2.0,-6.0,85.0,-1622.0,-10.0
-6.0,-9.0,16.0,2.0,-7.0,85.0,-1803.0,-10.0
-5.0,-9.0,15.0,1.0,-8.0,84.0,-1642.0,-12.0
-4.0,-10.0,14.0,0.0,-7.0,84.0,-1638.0,-12.0
-4.0,-10.0,14.0,0.0,-8.0,83.0,-1644.0,-12.0
-4.0,-11.0,13.0,0.0,-9.0,83.0,-1534.0,-13.0
-3.0,-12.0,13.0,-1.0,-7.0,82.0,-1379.0,-13.0
-3.0,-11.0,14.0,0.0,-6.0,83.0,-1535.0,-11.0
-4.0,-10.0,14.0,0.0,-7.0,83.0,-1542.0,-11.0
-4.0,-10.0,14.0,0.0,-7.0,83.0,-1527.0,-11.0
-5.0,-9.0,16.0,2.0,-7.0,84.0,-1603.0,-10.0
-6.0,-9.0,16.0,2.0,-8.0,84.0,-1733.0,-10.0
-5.0,-10.0,14.0,1.0,-9.0,83.0,-1542.0,-12.0
-5.0,-10.0,14.0,0.0,-7.0,83.0,-1497.0,-12.0
-4.0,-10.0,14.0,0.0,-8.0,83.0,-1524.0,-12.0
-4.0,-11.0,13.0,0.0,-8.0,82.0,-1476.0,-13.0
-3.0,-12.0,12.0,-1.0,-7.0,82.0,-1289.0,-13.0
-4.0,-11.0,14.0,0.0,-6.0,83.0,-1417.0,-11.0
-4.0,-10.0,14.0,0.0,-7.0,83.0,-1454.0,-11.0
-4.0,-10.0,14.0,0.0,-7.0,83.0,-1428.0,-11.0
-4.0,-9.0,15.0,1.0,-6.0,84.0,-1529.0,-10.0
-6.0,-8.0,16.0,2.0,-7.0,84.0,-1690.0,-10.0
-5.0,-9.0,14.0,1.0,-8.0,83.0,-1503.0,-12.0
-4.0,-9.0,16.0,1.0,-6.0,85.0,-1545.0,-10.0
-2.0,-8.0,18.0,1.0,-6.0,86.0,-1595.0,-9.0
-1.0,-9.0,18.0,0.0,-6.0,86.0,-1532.0,-10.0
0.0,-9.0,19.0,0.0,-3.0,88.0,-1347.0,-8.0
1.0,-7.0,22.0,2.0,-2.0,91.0,-1471.0,-5.0
2.0,-8.0,23.0,2.0,-2.0,92.0,-1490.0,-4.0
3.0,-9.0,24.0,2.0,-1.0,93.0,-1439.0,-3.0
2.0,-8.0,26.0,4.0,0.0,94.0,-1507.0,-2.0
2.0,-7.0,27.0,4.0,-1.0,94.0,-1646.0,-2.0
4.0,-7.0,27.0,3.0,-1.0,95.0,-1448.0,-2.0
5.0,-7.0,29.0,4.0,0.0,97.0,-1396.0,-1.0
6.0,-7.0,29.0,3.0,0.0,97.0,-1412.0,-1.0
7.0,-8.0,28.0,3.0,0.0,96.0,-1377.0,-2.0
10.0,-11.0,28.0,2.0,2.0,97.0,-1237.0,0.0
9.0,-11.0,30.0,3.0,4.0,99.0,-1394.0,1.0
9.0,-7.0,32.0,4.0,3.0,100.0,-1449.0,1.0
9.0,-6.0,33.0,5.0,3.0,101.0,-1422.0,2.0
10.0,-7.0,35.0,5.0,4.0,103.0,-1487.0,4.0
10.0,-6.0,37.0,6.0,4.0,104.0,-1687.0,4.0
11.0,-7.0,36.0,5.0,3.0,103.0,-1567.0,3.0
13.0,-6.0,39.0,6.0,6.0,106.0,-1522.0,6.0
16.0,-4.0,43.0,6.0,8.0,110.0,-1516.0,8.0
20.0,-3.0,47.0,7.0,9.0,114.0,-1400.0,10.0
23.0,-3.0,49.0,7.0,12.0,117.0,-1207.0,12.0
23.0,-1.0,52.0,8.0,14.0,120.0,-1398.0,15.0
25.0,0.0,56.0,9.0,15.0,123.0,-1427.0,18.0
28.0,2.0,61.0,11.0,17.0,128.0,-1309.0,21.0
30.0,5.0,67.0,13.0,21.0,133.0,-1293.0,25.0
32.0,8.0,72.0,16.0,22.0,138.0,-1457.0,28.0
36.0,8.0,74.0,15.0,23.0,140.0,-1287.0,28.0
39.0,6.0,77.0,15.0,26.0,143.0,-1253.0,31.0
42.0,7.0,80.0,15.0,28.0,146.0,-1236.0,34.0
45.0,9.0,85.0,16.0,30.0,150.0,-1209.0,36.0
49.0,9.0,88.0,16.0,32.0,154.0,-1047.0,38.0
51.0,12.0,94.0,18.0,35.0,159.0,-1171.0,43.0
54.0,13.0,97.0,20.0,37.0,163.0,-1253.0,46.0
56.0,12.0,100.0,20.0,39.0,166.0,-1236.0,48.0
58.0,13.0,104.0,22.0,41.0,169.0,-1280.0,51.0
58.0,16.0,107.0,23.0,41.0,172.0,-1410.0,53.0
60.0,16.0,108.0,22.0,41.0,172.0,-1256.0,52.0
62.0,14.0,108.0,22.0,43.0,174.0,-1279.0,53.0
63.0,13.0,109.0,22.0,44.0,174.0,-1304.0,54.0
64.0,12.0,108.0,21.0,44.0,174.0,-1158.0,53.0
66.0,12.0,109.0,20.0,45.0,175.0,-896.0,54.0
67.0,13.0,113.0,22.0,47.0,178.0,-991.0,57.0
67.0,14.0,113.0,23.0,47.0,178.0,-1048.0,57.0
67.0,14.0,113.0,23.0,46.0,178.0,-1027.0,58.0
65.0,14.0,112.0,24.0,45.0,177.0,-1147.0,57.0
62.0,14.0,111.0,24.0,44.0,176.0,-1401.0,56.0
63.0,11.0,108.0,22.0,42.0,173.0,-1379.0,54.0
62.0,9.0,106.0,21.0,43.0,170.0,-1577.0,52.0
61.0,9.0,103.0,20.0,41.0,168.0,-1671.0,50.0
59.0,7.0,100.0,19.0,40.0,165.0,-1458.0,48.0
59.0,4.0,97.0,17.0,40.0,162.0,-1147.0,46.0
57.0,4.0,96.0,18.0,40.0,161.0,-1339.0,46.0
55.0,3.0,93.0,17.0,37.0,158.0,-1475.0,45.0
53.0,1.0,90.0,17.0,36.0,155.0,-1516.0,43.0
50.0,2.0,88.0,17.0,34.0,153.0,-1564.0,41.0
46.0,3.0,86.0,18.0,32.0,150.0,-1772.0,40.0
46.0,0.0,80.0,15.0,29.0,145.0,-1629.0,35.0
44.0,-3.0,76.0,14.0,29.0,141.0,-1660.0,33.0
41.0,-6.0,72.0,12.0,27.0,137.0,-1721.0,31.0
41.0,-10.0,68.0,10.0,25.0,133.0,-1684.0,28.0
40.0,-14.0,62.0,7.0,23.0,128.0,-1439.0,25.0
37.0,-15.0,60.0,8.0,23.0,126.0,-1332.0,24.0
33.0,-13.0,57.0,8.0,20.0,123.0,-1271.0,22.0
30.0,-10.0,55.0,8.0,18.0,121.0,-1184.0,20.0
27.0,-10.0,53.0,8.0,17.0,118.0,-1199.0,18.0
25.0,-10.0,53.0,9.0,16.0,117.0,-1391.0,18.0
24.0,-12.0,49.0,7.0,13.0,113.0,-1261.0,14.0
23.0,-12.0,47.0,7.0,12.0,112.0,-1198.0,13.0
21.0,-11.0,44.0,6.0,11.0,109.0,-1240.0,11.0
19.0,-12.0,41.0,5.0,9.0,106.0,-1188.0,8.0
19.0,-13.0,38.0,3.0,8.0,104.0,-1014.0,7.0
17.0,-11.0,38.0,5.0,9.0,104.0,-1153.0,7.0
15.0,-13.0,35.0,4.0,7.0,101.0,-1227.0,5.0
13.0,-11.0,34.0,4.0,6.0,99.0,-1172.0,4.0
11.0,-10.0,34.0,5.0,6.0,99.0,-1214.0,4.0
9.0,-8.0,33.0,6.0,4.0,98.0,-1415.0,4.0
8.0,-10.0,30.0,4.0,1.0,95.0,-1273.0,0.0
7.0,-10.0,28.0,3.0,1.0,93.0,-1164.0,0.0
7.0,-11.0,26.0,3.0,1.0,92.0,-1179.0,-1.0
6.0,-13.0,24.0,2.0,0.0,89.0,-1154.0,-2.0
6.0,-13.0,22.0,0.0,-1.0,87.0,-989.0,-4.0
4.0,-11.0,22.0,1.0,0.0,87.0,-1092.0,-3.0
1.0,-10.0,20.0,1.0,-2.0,85.0,-1186.0,-5.0
0.0,-11.0,17.0,1.0,-4.0,82.0,-1188.0,-7.0
-2.0,-9.0,17.0,1.0,-4.0,82.0,-1233.0,-8.0
-4.0,-7.0,17.0,3.0,-5.0,82.0,-1436.0,-8.0
-4.0,-7.0,16.0,1.0,-7.0,80.0,-1347.0,-10.0
-4.0,-8.0,15.0,1.0,-6.0,80.0,-1265.0,-10.0
-5.0,-9.0,13.0,0.0,-7.0,78.0,-1289.0,-11.0
-6.0,-10.0,10.0,0.0,-9.0,75.0,-1237.0,-13.0
-5.0,-11.0,9.0,-2.0,-9.0,74.0,-1043.0,-14.0
-5.0,-11.0,10.0,0.0,-7.0,75.0,-1168.0,-13.0
-6.0,-10.0,10.0,0.0,-8.0,75.0,-1301.0,-12.0
-6.0,-10.0,10.0,0.0,-8.0,75.0,-1258.0,-12.0
-6.0,-10.0,11.0,0.0,-8.0,76.0,-1271.0,-12.0
-7.0,-8.0,13.0,2.0,-8.0,77.0,-1450.0,-11.0
-7.0,-9.0,11.0,0.0,-10.0,75.0,-1340.0,-13.0
-6.0,-9.0,10.0,0.0,-9.0,75.0,-1240.0,-13.0
-6.0,-10.0,10.0,0.0,-9.0,75.0,-1273.0,-13.0
-6.0,-10.0,10.0,0.0,-9.0,74.0,-1249.0,-13.0
-5.0,-12.0,8.0,-2.0,-9.0,73.0,-1064.0,-14.0
-5.0,-11.0,10.0,0.0,-7.0,74.0,-1171.0,-12.0
-5.0,-10.0,10.0,0.0,-8.0,75.0,-1271.0,-12.0
-6.0,-10.0,10.0,0.0,-8.0,75.0,-1214.0,-12.0
-6.0,-9.0,11.0,0.0,-7.0,75.0,-1238.0,-11.0
-7.0,-8.0,13.0,2.0,-7.0,76.0,-1444.0,-10.0
-7.0,-8.0,11.0,0.0,-9.0,75.0,-1389.0,-13.0
-6.0,-9.0,11.0,0.0,-9.0,74.0,-1308.0,-13.0
-6.0,-10.0,11.0,0.0,-8.0,74.0,-1519.0,-13.0
-6.0,-10.0,10.0,0.0,-9.0,74.0,-1668.0,-13.0
-5.0,-11.0,8.0,-2.0,-9.0,73.0,-1552.0,-14.0
-5.0,-11.0,10.0,0.0,-7.0,74.0,-1678.0,-12.0
-5.0,-10.0,10.0,0.0,-8.0,74.0,-1795.0,-12.0
-6.0,-10.0,10.0,0.0,-8.0,74.0,-1749.0,-12.0
-6.0,-10.0,11.0,0.0,-7.0,75.0,-1786.0,-11.0
-7.0,-8.0,12.0,2.0,-8.0,76.0,-1981.0,-11.0
-7.0,-8.0,11.0,0.0,-10.0,74.0,-1890.0,-13.0
-6.0,-9.0,10.0,0.0,-9.0,74.0,-1708.0,-13.0
-6.0,-10.0,10.0,0.0,-9.0,74.0,-1546.0,-13.0
-6.0,-10.0,10.0,0.0,-9.0,73.0,-1375.0,-13.0
-5.0,-11.0,8.0,-2.0,-9.0,72.0,-1077.0,-14.0
-5.0,-11.0,10.0,0.0,-7.0,74.0,-1104.0,-12.0
-6.0,-10.0,10.0,0.0,-8.0,74.0,-1204.0,-12.0
-5.0,-10.0,10.0,0.0,-8.0,74.0,-1192.0,-12.0
-6.0,-10.0,11.0,0.0,-7.0,74.0,-1217.0,-11.0
-7.0,-8.0,13.0,2.0,-7.0,76.0,-1352.0,-10.0
-7.0,-8.0,11.0,0.0,-9.0,74.0,-1275.0,-12.0
-7.0,-9.0,11.0,0.0,-9.0,74.0,-1166.0,-12.0
-6.0,-9.0,11.0,0.0,-8.0,73.0,-1175.0,-13.0
-6.0,-10.0,10.0,0.0,-9.0,73.0,-1136.0,-13.0
-5.0,-11.0,8.0,-2.0,-9.0,72.0,-956.0,-14.0
-5.0,-11.0,9.0,0.0,-7.0,73.0,-1035.0,-12.0
-6.0,-10.0,10.0,0.0,-8.0,73.0,-1240.0,-12.0
-6.0,-10.0,10.0,0.0,-8.0,73.0,-1240.0,-12.0
-6.0,-10.0,11.0,0.0,-7.0,74.0,-1263.0,-12.0
-7.0,-8.0,12.0,2.0,-7.0,75.0,-1469.0,-10.0
-7.0,-9.0,11.0,1.0,-9.0,74.0,-1423.0,-12.0
-6.0,-9.0,11.0,0.0,-9.0,73.0,-1257.0,-13.0
-6.0,-9.0,10.0,0.0,-8.0,73.0,-1251.0,-12.0
-6.0,-10.0,10.0,0.0,-9.0,72.0,-1218.0,-13.0
-4.0,-11.0,8.0,-1.0,-9.0,71.0,-1051.0,-14.0
-5.0,-11.0,9.0,0.0,-7.0,72.0,-1098.0,-12.0
-6.0,-10.0,10.0,0.0,-7.0,73.0,-1209.0,-12.0
-6.0,-10.0,10.0,0.0,-8.0,73.0,-1169.0,-12.0
-6.0,-10.0,11.0,0.0,-8.0,73.0,-1175.0,-11.0
-7.0,-8.0,12.0,2.0,-7.0,74.0,-1343.0,-10.0
-7.0,-9.0,11.0,1.0,-9.0,73.0,-1256.0,-12.0
-6.0,-9.0,10.0,0.0,-9.0,73.0,-1075.0,-12.0
-6.0,-9.0,10.0,0.0,-8.0,73.0,-1106.0,-12.0
-6.0,-10.0,10.0,0.0,-9.0,72.0,-1131.0,-13.0
-5.0,-11.0,8.0,-1.0,-9.0,71.0,-1103.0,-14.0
-5.0,-11.0,9.0,-1.0,-7.0,72.0,-1239.0,-12.0
-5.0,-10.0,10.0,0.0,-7.0,72.0,-1445.0,-12.0
-6.0,-10.0,10.0,0.0,-8.0,72.0,-1442.0,-12.0
-6.0,-9.0,10.0,0.0,-8.0,72.0,-1479.0,-12.0
-7.0,-8.0,12.0,2.0,-7.0,74.0,-1626.0,-10.0
-7.0,-8.0,11.0,0.0,-9.0,72.0,-1480.0,-12.0
-6.0,-9.0,10.0,0.0,-9.0,72.0,-1304.0,-12.0
-6.0,-9.0,10.0,0.0,-8.0,72.0,-1440.0,-12.0
-6.0,-10.0,10.0,0.0,-9.0,71.0,-1482.0,-13.0
-5.0,-11.0,8.0,-2.0,-9.0,70.0,-1300.0,-14.0
-5.0,-11.0,9.0,-1.0,-7.0,71.0,-1250.0,-12.0
-6.0,-10.0,10.0,0.0,-7.0,72.0,-1394.0,-12.0
-6.0,-10.0,10.0,0.0,-7.0,72.0,-1380.0,-12.0
-6.0,-9.0,10.0,0.0,-7.0,72.0,-1350.0,-11.0
-7.0,-8.0,12.0,2.0,-7.0,74.0,-1492.0,-10.0
-7.0,-8.0,11.0,1.0,-9.0,72.0,-1455.0,-12.0
-7.0,-9.0,10.0,0.0,-9.0,72.0,-1234.0,-12.0
-6.0,-9.0,10.0,0.0,-8.0,71.0,-1211.0,-12.0
-6.0,-10.0,9.0,0.0,-9.0,71.0,-1212.0,-13.0
-5.0,-11.0,8.0,-2.0,-9.0,70.0,-1004.0,-14.0
-5.0,-11.0,9.0,-1.0,-7.0,71.0,-959.0,-12.0
-5.0,-10.0,10.0,0.0,-7.0,72.0,-1217.0,-12.0
-6.0,-9.0,10.0,0.0,-8.0,72.0,-1306.0,-12.0
-6.0,-10.0,10.0,0.0,-8.0,72.0,-1404.0,-11.0
-7.0,-8.0,12.0,1.0,-7.0,73.0,-1640.0,-10.0
-7.0,-8.0,11.0,1.0,-9.0,72.0,-1677.0,-12.0
-6.0,-9.0,10.0,0.0,-9.0,71.0,-1531.0,-12.0
-6.0,-9.0,10.0,0.0,-9.0,71.0,-1494.0,-12.0
-6.0,-9.0,10.0,0.0,-8.0,71.0,-1405.0,-12.0
-4.0,-11.0,8.0,-1.0,-9.0,70.0,-1187.0,-13.0
-5.0,-11.0,9.0,-1.0,-7.0,70.0,-1133.0,-12.0
-5.0,-10.0,10.0,0.0,-7.0,71.0,-1266.0,-11.0
-5.0,-9.0,10.0,0.0,-7.0,71.0,-1247.0,-12.0
-5.0,-9.0,10.0,0.0,-7.0,71.0,-1231.0,-11.0
-7.0,-8.0,12.0,1.0,-7.0,72.0,-1386.0,-10.0
-7.0,-8.0,11.0,1.0,-9.0,71.0,-1417.0,-11.0
-6.0,-9.0,10.0,0.0,-9.0,71.0,-1283.0,-12.0
-5.0,-9.0,10.0,0.0,-8.0,71.0,-1278.0,-12.0
-5.0,-9.0,10.0,0.0,-8.0,71.0,-1283.0,-12.0
-4.0,-10.0,8.0,-1.0,-9.0,69.0,-1217.0,-13.0
-4.0,-11.0,9.0,-1.0,-7.0,70.0,-1223.0,-12.0
-5.0,-10.0,9.0,0.0,-7.0,71.0,-1408.0,-11.0
-5.0,-9.0,10.0,0.0,-8.0,70.0,-1400.0,-12.0
-6.0,-9.0,10.0,0.0,-7.0,71.0,-1413.0,-11.0
-6.0,-8.0,12.0,1.0,-7.0,72.0,-1525.0,-10.0
-7.0,-8.0,11.0,1.0,-9.0,71.0,-1476.0,-12.0
-6.0,-9.0,10.0,0.0,-9.0,70.0,-1309.0,-12.0
-6.0,-9.0,10.0,0.0,-8.0,70.0,-1473.0,-12.0
-6.0,-9.0,10.0,0.0,-8.0,70.0,-1647.0,-12.0
-5.0,-10.0,8.0,-1.0,-8.0,69.0,-1427.0,-13.0
-5.0,-10.0,9.0,-1.0,-7.0,69.0,-1332.0,-12.0
-5.0,-10.0,10.0,0.0,-7.0,70.0,-1600.0,-11.0
-6.0,-10.0,10.0,0.0,-7.0,70.0,-1663.0,-11.0
-6.0,-9.0,10.0,0.0,-7.0,70.0,-1764.0,-11.0
-7.0,-8.0,12.0,1.0,-7.0,72.0,-1936.0,-10.0
-7.0,-8.0,11.0,1.0,-9.0,71.0,-2025.0,-11.0
-6.0,-9.0,10.0,0.0,-9.0,70.0,-1936.0,-12.0
-6.0,-9.0,10.0,0.0,-8.0,70.0,-2006.0,-12.0
-6.0,-9.0,10.0,0.0,-8.0,70.0,-2013.0,-12.0
-5.0,-10.0,8.0,-1.0,-8.0,68.0,-1868.0,-13.0
-4.0,-10.0,9.0,-1.0,-7.0,69.0,-1816.0,-12.0
-5.0,-10.0,10.0,0.0,-7.0,70.0,-2003.0,-11.0
-6.0,-9.0,10.0,0.0,-7.0,70.0,-1996.0,-11.0
-6.0,-9.0,10.0,0.0,-7.0,70.0,-1998.0,-11.0
-7.0,-8.0,12.0,2.0,-6.0,71.0,-2199.0,-10.0
-7.0,-8.0,11.0,1.0,-8.0,70.0,-2410.0,-11.0
-6.0,-9.0,10.0,0.0,-9.0,69.0,-2343.0,-12.0
-6.0,-9.0,10.0,0.0,-8.0,69.0,-2405.0,-12.0
-6.0,-9.0,10.0,0.0,-8.0,69.0,-2412.0,-12.0
-4.0,-10.0,8.0,-1.0,-9.0,68.0,-2320.0,-13.0
-4.0,-11.0,8.0,-1.0,-7.0,68.0,-2285.0,-12.0
-5.0,-10.0,9.0,0.0,-7.0,70.0,-2463.0,-11.0
-5.0,-9.0,9.0,0.0,-8.0,69.0,-2445.0,-11.0
-5.0,-9.0,10.0,0.0,-7.0,69.0,-2387.0,-11.0
-6.0,-8.0,11.0,1.0,-6.0,70.0,-2505.0,-10.0
-7.0,-8.0,11.0,1.0,-8.0,70.0,-2479.0,-11.0
-6.0,-8.0,10.0,0.0,-8.0,69.0,-2222.0,-12.0
-6.0,-9.0,10.0,0.0,-8.0,69.0,-2149.0,-12.0
-6.0,-9.0,9.0,0.0,-8.0,69.0,-2067.0,-12.0
-5.0,-10.0,8.0,-1.0,-9.0,67.0,-1892.0,-13.0
-4.0,-10.0,8.0,-1.0,-7.0,68.0,-1803.0,-12.0
-5.0,-9.0,10.0,0.0,-7.0,69.0,-1929.0,-11.0
-5.0,-9.0,9.0,0.0,-7.0,69.0,-1896.0,-11.0
-5.0,-9.0,10.0,0.0,-7.0,69.0,-1899.0,-11.0
-6.0,-8.0,11.0,1.0,-7.0,71.0,-1983.0,-10.0
-7.0,-7.0,11.0,1.0,-8.0,70.0,-2114.0,-11.0
-6.0,-8.0,10.0,0.0,-9.0,69.0,-1962.0,-12.0
-4.0,-8.0,12.0,0.0,-7.0,71.0,-1871.0,-10.0
-1.0,-6.0,16.0,1.0,-5.0,74.0,-1545.0,-7.0
0.0,-6.0,17.0,0.0,-4.0,75.0,-1205.0,-7.0
2.0,-6.0,19.0,0.0,-1.0,78.0,-1021.0,-5.0
4.0,-6.0,24.0,2.0,0.0,83.0,-1107.0,-1.0
8.0,-7.0,28.0,3.0,2.0,86.0,-970.0,1.0
10.0,-7.0,31.0,4.0,4.0,89.0,-924.0,3.0
11.0,-5.0,35.0,6.0,6.0,93.0,-1095.0,6.0
13.0,-5.0,37.0,6.0,6.0,95.0,-1189.0,7.0
15.0,-7.0,37.0,5.0,7.0,95.0,-1018.0,7.0
16.0,-4.0,39.0,6.0,8.0,97.0,-1036.0,9.0
16.0,-3.0,39.0,6.0,8.0,98.0,-1065.0,9.0
18.0,-6.0,39.0,4.0,9.0,98.0,-946.0,9.0
20.0,-7.0,40.0,4.0,11.0,98.0,-837.0,10.0
19.0,-6.0,41.0,6.0,11.0,99.0,-1017.0,11.0
19.0,-7.0,41.0,6.0,10.0,99.0,-985.0,11.0
19.0,-6.0,41.0,6.0,10.0,99.0,-981.0,11.0
18.0,-6.0,42.0,8.0,11.0,100.0,-1100.0,12.0
17.0,-8.0,41.0,7.0,9.0,98.0,-1143.0,11.0
18.0,-10.0,39.0,5.0,9.0,97.0,-921.0,9.0
19.0,-11.0,38.0,5.0,10.0,97.0,-939.0,9.0
18.0,-10.0,38.0,5.0,9.0,96.0,-1022.0,9.0
17.0,-9.0,36.0,4.0,7.0,94.0,-1037.0,7.0
17.0,-9.0,35.0,3.0,9.0,94.0,-988.0,7.0
16.0,-9.0,37.0,5.0,9.0,94.0,-1239.0,9.0
15.0,-8.0,35.0,4.0,8.0,94.0,-1262.0,8.0
8.0,-9.0,26.0,2.0,1.0,83.0,-1976.0,0.0
7.0,-10.0,23.0,1.0,0.0,81.0,-1929.0,-1.0
6.0,-12.0,20.0,0.0,0.0,79.0,-1860.0,-2.0
4.0,-10.0,21.0,1.0,0.0,79.0,-2036.0,-2.0
2.0,-8.0,19.0,2.0,-1.0,77.0,-2021.0,-3.0
1.0,-8.0,18.0,1.0,-2.0,76.0,-2013.0,-4.0
-1.0,-8.0,16.0,2.0,-3.0,74.0,-2119.0,-6.0
-4.0,-6.0,15.0,2.0,-5.0,72.0,-2231.0,-7.0
-4.0,-7.0,12.0,1.0,-7.0,69.0,-2066.0,-10.0
-6.0,-9.0,10.0,0.0,-8.0,66.0,-2061.0,-11.0
-6.0,-9.0,9.0,0.0,-8.0,66.0,-2027.0,-12.0
-5.0,-9.0,8.0,-1.0,-9.0,65.0,-1890.0,-13.0
-4.0,-11.0,7.0,-1.0,-7.0,65.0,-1734.0,-13.0
-5.0,-10.0,8.0,0.0,-7.0,66.0,-1891.0,-11.0
-5.0,-9.0,9.0,0.0,-7.0,66.0,-1891.0,-11.0
-6.0,-9.0,9.0,0.0,-7.0,66.0,-1867.0,-11.0
-6.0,-8.0,10.0,1.0,-7.0,67.0,-1954.0,-10.0
-7.0,-7.0,10.0,1.0,-8.0,67.0,-2058.0,-11.0
-6.0,-8.0,9.0,0.0,-8.0,66.0,-1868.0,-12.0
-6.0,-8.0,9.0,0.0,-7.0,66.0,-1867.0,-12.0
-6.0,-9.0,8.0,0.0,-8.0,66.0,-1861.0,-12.0
-5.0,-9.0,7.0,-1.0,-9.0,65.0,-1769.0,-13.0
-4.0,-10.0,7.0,-1.0,-7.0,65.0,-1681.0,-12.0
-5.0,-9.0,8.0,0.0,-6.0,66.0,-1879.0,-11.0
-5.0,-9.0,8.0,0.0,-7.0,66.0,-1891.0,-11.0
-5.0,-9.0,9.0,0.0,-8.0,65.0,-1884.0,-11.0
-6.0,-8.0,10.0,1.0,-7.0,66.0,-1985.0,-10.0
-7.0,-7.0,10.0,1.0,-8.0,67.0,-2136.0,-10.0
-6.0,-8.0,9.0,0.0,-9.0,66.0,-1993.0,-12.0
-6.0,-8.0,9.0,0.0,-8.0,65.0,-1983.0,-12.0
-6.0,-8.0,9.0,0.0,-8.0,65.0,-1905.0,-12.0
-5.0,-9.0,8.0,-1.0,-8.0,64.0,-1737.0,-12.0
-5.0,-10.0,7.0,-2.0,-7.0,64.0,-1572.0,-12.0
-5.0,-9.0,8.0,0.0,-7.0,65.0,-1739.0,-11.0
-5.0,-9.0,8.0,0.0,-7.0,65.0,-1780.0,-11.0
-5.0,-9.0,9.0,0.0,-7.0,66.0,-1797.0,-11.0
-6.0,-8.0,10.0,1.0,-7.0,66.0,-1883.0,-10.0
-7.0,-7.0,10.0,1.0,-8.0,66.0,-2020.0,-10.0
-6.0,-8.0,9.0,0.0,-9.0,65.0,-1855.0,-11.0
-6.0,-8.0,9.0,0.0,-8.0,65.0,-1856.0,-11.0
-6.0,-8.0,8.0,0.0,-8.0,65.0,-1888.0,-12.0
-5.0,-9.0,8.0,-1.0,-8.0,64.0,-1814.0,-12.0
-4.0,-11.0,7.0,-1.0,-7.0,64.0,-1674.0,-12.0
-5.0,-9.0,9.0,0.0,-6.0,65.0,-1780.0,-11.0
-6.0,-9.0,9.0,0.0,-7.0,65.0,-1704.0,-11.0
-8.0,-9.0,11.0,0.0,-8.0,62.0,-1658.0,-13.0
-14.0,-10.0,20.0,3.0,-12.0,55.0,-1734.0,-17.0
-19.0,-13.0,29.0,5.0,-17.0,48.0,-1896.0,-22.0
-24.0,-15.0,34.0,5.0,-22.0,40.0,-1730.0,-29.0
-28.0,-15.0,38.0,6.0,-24.0,36.0,-1694.0,-32.0
-26.0,-7.0,32.0,4.0,-23.0,41.0,-1688.0,-30.0
-19.0,0.0,19.0,0.0,-18.0,51.0,-1604.0,-23.0
-7.0,11.0,-1.0,-6.0,-7.0,72.0,-1470.0,-10.0
9.0,38.0,-35.0,-15.0,8.0,108.0,-1688.0,13.0
32.0,63.0,-76.0,-26.0,26.0,149.0,-1728.0,39.0
57.0,85.0,-118.0,-37.0,46.0,190.0,-1691.0,66.0
83.0,107.0,-159.0,-47.0,67.0,232.0,-1729.0,95.0
108.0,130.0,-201.0,-57.0,86.0,274.0,-1839.0,122.0
134.0,151.0,-245.0,-69.0,105.0,314.0,-1610.0,148.0
160.0,170.0,-286.0,-80.0,125.0,355.0,-1509.0,175.0
186.0,184.0,-324.0,-89.0,145.0,393.0,-1424.0,201.0
212.0,188.0,-358.0,-97.0,164.0,424.0,-1268.0,223.0
234.0,185.0,-384.0,-103.0,180.0,447.0,-1052.0,242.0
249.0,189.0,-403.0,-106.0,192.0,469.0,-1155.0,258.0
259.0,192.0,-416.0,-109.0,199.0,483.0,-1181.0,268.0
265.0,186.0,-419.0,-108.0,203.0,486.0,-1185.0,271.0
266.0,176.0,-415.0,-105.0,204.0,483.0,-1306.0,272.0
262.0,168.0,-405.0,-101.0,200.0,475.0,-1499.0,266.0
254.0,159.0,-391.0,-99.0,192.0,458.0,-1284.0,255.0
242.0,148.0,-372.0,-94.0,184.0,439.0,-1238.0,242.0
229.0,134.0,-348.0,-88.0,173.0,416.0,-1334.0,227.0
211.0,114.0,-317.0,-80.0,158.0,383.0,-1332.0,206.0
190.0,92.0,-281.0,-71.0,141.0,346.0,-1201.0,182.0
165.0,71.0,-238.0,-59.0,123.0,307.0,-1383.0,157.0
139.0,47.0,-193.0,-47.0,101.0,263.0,-1434.0,129.0
112.0,18.0,-147.0,-34.0,80.0,218.0,-1432.0,100.0
86.0,-2.0,-104.0,-22.0,60.0,177.0,-1536.0,73.0
59.0,-19.0,-62.0,-11.0,40.0,137.0,-1752.0,46.0
34.0,-38.0,-23.0,-2.0,18.0,95.0,-1597.0,17.0
6.0,-55.0,6.0,0.0,-2.0,54.0,-1537.0,-10.0
-21.0,-78.0,12.0,0.0,-24.0,7.0,-1595.0,-41.0
-47.0,-93.0,12.0,0.0,-44.0,-30.0,-1621.0,-68.0
-62.0,-82.0,11.0,-1.0,-54.0,-43.0,-1480.0,-80.0
-65.0,-65.0,12.0,0.0,-54.0,-37.0,-1481.0,-77.0
-55.0,-54.0,13.0,0.0,-47.0,-19.0,-1426.0,-66.0
-42.0,-40.0,13.0,1.0,-35.0,4.0,-1418.0,-50.0
-28.0,-28.0,13.0,1.0,-24.0,27.0,-1491.0,-34.0
-18.0,-18.0,15.0,3.0,-16.0,45.0,-1618.0,-22.0
-10.0,-11.0,13.0,1.0,-12.0,57.0,-1428.0,-16.0
-8.0,-9.0,13.0,0.0,-10.0,59.0,-1383.0,-14.0
-8.0,-10.0,12.0,0.0,-10.0,59.0,-1402.0,-14.0
-7.0,-10.0,12.0,0.0,-10.0,58.0,-1321.0,-15.0
-6.0,-12.0,10.0,-1.0,-10.0,58.0,-1122.0,-15.0
-7.0,-11.0,12.0,0.0,-8.0,59.0,-1318.0,-13.0
-7.0,-11.0,12.0,0.0,-9.0,59.0,-1412.0,-13.0
-8.0,-10.0,13.0,1.0,-9.0,59.0,-1364.0,-13.0
-9.0,-9.0,13.0,1.0,-9.0,60.0,-1404.0,-13.0
-9.0,-8.0,15.0,2.0,-9.0,60.0,-1592.0,-12.0
-8.0,-9.0,13.0,1.0,-10.0,59.0,-1442.0,-14.0
-8.0,-10.0,13.0,1.0,-10.0,59.0,-1386.0,-14.0
-8.0,-10.0,12.0,0.0,-10.0,58.0,-1414.0,-14.0
-7.0,-10.0,12.0,0.0,-10.0,58.0,-1369.0,-14.0
-6.0,-12.0,10.0,-1.0,-9.0,57.0,-1187.0,-15.0
-7.0,-11.0,12.0,0.0,-8.0,58.0,-1469.0,-13.0
-8.0,-10.0,12.0,0.0,-9.0,58.0,-1763.0,-13.0
-8.0,-10.0,12.0,0.0,-9.0,59.0,-1748.0,-13.0
-8.0,-10.0,13.0,1.0,-8.0,59.0,-1658.0,-12.0
-9.0,-9.0,15.0,3.0,-8.0,60.0,-1817.0,-12.0
-9.0,-9.0,13.0,1.0,-10.0,59.0,-1692.0,-14.0
-8.0,-10.0,13.0,0.0,-10.0,58.0,-1674.0,-13.0
-8.0,-10.0,13.0,0.0,-9.0,58.0,-1738.0,-14.0
-8.0,-10.0,12.0,0.0,-10.0,58.0,-1735.0,-15.0
-6.0,-11.0,10.0,-1.0,-9.0,57.0,-1552.0,-15.0
-7.0,-11.0,12.0,0.0,-8.0,58.0,-1676.0,-13.0
-7.0,-10.0,12.0,0.0,-9.0,58.0,-1710.0,-13.0
-7.0,-10.0,12.0,0.0,-9.0,58.0,-1734.0,-13.0
-7.0,-10.0,13.0,1.0,-8.0,58.0,-1832.0,-12.0
-9.0,-9.0,14.0,3.0,-9.0,59.0,-2007.0,-12.0
-9.0,-9.0,13.0,1.0,-10.0,58.0,-1828.0,-13.0
-8.0,-9.0,13.0,1.0,-9.0,58.0,-1725.0,-13.0
-8.0,-10.0,12.0,0.0,-9.0,58.0,-1754.0,-14.0
-7.0,-10.0,12.0,0.0,-10.0,57.0,-1755.0,-14.0
-6.0,-11.0,10.0,-1.0,-10.0,56.0,-1630.0,-15.0
-7.0,-11.0,12.0,0.0,-8.0,58.0,-1734.0,-13.0
-7.0,-10.0,12.0,0.0,-9.0,58.0,-1831.0,-13.0
-7.0,-10.0,12.0,0.0,-9.0,58.0,-1926.0,-13.0
-8.0,-10.0,13.0,1.0,-8.0,58.0,-2009.0,-12.0
-9.0,-9.0,14.0,3.0,-8.0,59.0,-2259.0,-11.0
-8.0,-9.0,14.0,1.0,-10.0,59.0,-2175.0,-13.0
-6.0,-8.0,16.0,1.0,-7.0,61.0,-2112.0,-11.0
-5.0,-7.0,17.0,2.0,-7.0,62.0,-2173.0,-10.0
-4.0,-8.0,17.0,1.0,-7.0,62.0,-2162.0,-11.0
-1.0,-8.0,18.0,0.0,-5.0,64.0,-1992.0,-10.0
0.0,-8.0,21.0,2.0,-3.0,66.0,-2108.0,-7.0
0.0,-9.0,23.0,2.0,-2.0,67.0,-2148.0,-5.0
0.0,-9.0,23.0,2.0,-3.0,68.0,-2074.0,-5.0
0.0,-8.0,23.0,3.0,-2.0,68.0,-2114.0,-4.0
0.0,-7.0,26.0,5.0,-2.0,71.0,-2245.0,-3.0
1.0,-6.0,27.0,4.0,-2.0,72.0,-2121.0,-3.0
2.0,-7.0,27.0,4.0,-1.0,72.0,-1997.0,-3.0
2.0,-7.0,27.0,4.0,0.0,72.0,-2006.0,-3.0
4.0,-8.0,27.0,3.0,0.0,72.0,-2000.0,-3.0
6.0,-11.0,27.0,1.0,0.0,72.0,-1834.0,-2.0
6.0,-9.0,29.0,3.0,2.0,75.0,-1803.0,0.0
6.0,-6.0,31.0,4.0,1.0,76.0,-1674.0,0.0
7.0,-6.0,32.0,5.0,2.0,77.0,-1530.0,0.0
8.0,-7.0,34.0,5.0,3.0,78.0,-1568.0,2.0
7.0,-6.0,36.0,7.0,3.0,80.0,-1942.0,3.0
9.0,-6.0,36.0,6.0,3.0,80.0,-2014.0,3.0
12.0,-5.0,40.0,6.0,5.0,84.0,-1855.0,5.0
15.0,-3.0,44.0,7.0,8.0,88.0,-1677.0,8.0
18.0,-2.0,48.0,8.0,9.0,92.0,-1515.0,11.0
20.0,-2.0,48.0,7.0,10.0,93.0,-1285.0,11.0
21.0,0.0,52.0,9.0,14.0,97.0,-1405.0,15.0
24.0,1.0,57.0,10.0,15.0,101.0,-1553.0,18.0
27.0,3.0,62.0,12.0,17.0,106.0,-1683.0,21.0
29.0,5.0,67.0,14.0,20.0,110.0,-1810.0,24.0
31.0,8.0,72.0,16.0,22.0,115.0,-2009.0,28.0
34.0,7.0,74.0,15.0,22.0,117.0,-1913.0,29.0
38.0,7.0,77.0,16.0,25.0,121.0,-1762.0,31.0
40.0,9.0,81.0,16.0,27.0,125.0,-1722.0,34.0
43.0,10.0,85.0,17.0,29.0,129.0,-1680.0,36.0
48.0,10.0,88.0,17.0,31.0,132.0,-1537.0,38.0
50.0,12.0,94.0,19.0,35.0,137.0,-1654.0,43.0
52.0,13.0,97.0,20.0,37.0,140.0,-1787.0,46.0
55.0,13.0,101.0,21.0,38.0,143.0,-1768.0,48.0
55.0,14.0,103.0,22.0,40.0,146.0,-1768.0,49.0
56.0,16.0,107.0,24.0,41.0,149.0,-1910.0,52.0
58.0,16.0,107.0,23.0,40.0,149.0,-1787.0,51.0
59.0,13.0,107.0,22.0,42.0,150.0,-1654.0,52.0
60.0,13.0,108.0,22.0,43.0,150.0,-1669.0,53.0
61.0,12.0,108.0,22.0,43.0,151.0,-1645.0,53.0
64.0,12.0,108.0,21.0,43.0,152.0,-1494.0,53.0
64.0,13.0,111.0,22.0,46.0,154.0,-1557.0,56.0
64.0,13.0,112.0,23.0,45.0,154.0,-1631.0,56.0
63.0,13.0,111.0,23.0,45.0,153.0,-1413.0,55.0
61.0,13.0,108.0,23.0,43.0,151.0,-1325.0,54.0
59.0,13.0,108.0,24.0,43.0,151.0,-1534.0,54.0
59.0,10.0,105.0,22.0,41.0,147.0,-1655.0,51.0
58.0,9.0,102.0,21.0,40.0,145.0,-1696.0,49.0
57.0,8.0,100.0,20.0,39.0,142.0,-1803.0,48.0
55.0,7.0,97.0,19.0,38.0,140.0,-1818.0,46.0
55.0,4.0,93.0,17.0,37.0,136.0,-1568.0,43.0
53.0,4.0,92.0,17.0,37.0,135.0,-1568.0,43.0
51.0,2.0,90.0,17.0,35.0,132.0,-1724.0,42.0
48.0,1.0,86.0,16.0,33.0,129.0,-1693.0,39.0
46.0,2.0,83.0,17.0,31.0,126.0,-1705.0,37.0
43.0,1.0,82.0,17.0,30.0,124.0,-1896.0,36.0
41.0,-2.0,77.0,15.0,26.0,119.0,-1874.0,32.0
39.0,-4.0,72.0,13.0,25.0,115.0,-1800.0,30.0
37.0,-7.0,68.0,11.0,24.0,111.0,-1846.0,27.0
37.0,-11.0,64.0,10.0,23.0,107.0,-1830.0,25.0
35.0,-15.0,58.0,7.0,20.0,102.0,-1657.0,21.0
32.0,-14.0,56.0,8.0,20.0,100.0,-1647.0,21.0
28.0,-11.0,55.0,8.0,18.0,98.0,-1739.0,19.0
26.0,-10.0,52.0,8.0,16.0,95.0,-1699.0,16.0
24.0,-11.0,50.0,8.0,14.0,93.0,-1763.0,15.0
21.0,-10.0,50.0,9.0,14.0,92.0,-2001.0,15.0
20.0,-11.0,47.0,7.0,11.0,89.0,-2035.0,12.0
19.0,-10.0,44.0,6.0,10.0,87.0,-1877.0,10.0
16.0,-10.0,41.0,6.0,8.0,84.0,-1836.0,8.0
15.0,-11.0,39.0,5.0,7.0,81.0,-1791.0,6.0
15.0,-12.0,36.0,3.0,6.0,79.0,-1671.0,4.0
13.0,-13.0,34.0,4.0,6.0,78.0,-1689.0,4.0
11.0,-12.0,33.0,4.0,5.0,76.0,-1920.0,3.0
10.0,-11.0,32.0,4.0,4.0,76.0,-1956.0,2.0
8.0,-9.0,31.0,4.0,3.0,74.0,-2035.0,1.0
5.0,-9.0,30.0,5.0,2.0,73.0,-2224.0,1.0
4.0,-9.0,27.0,4.0,0.0,70.0,-2067.0,-1.0
3.0,-10.0,26.0,3.0,0.0,69.0,-1741.0,-2.0
3.0,-13.0,24.0,3.0,0.0,67.0,-1717.0,-3.0
2.0,-13.0,22.0,2.0,-2.0,65.0,-1666.0,-5.0
2.0,-13.0,19.0,0.0,-3.0,63.0,-1515.0,-7.0
0.0,-11.0,19.0,0.0,-2.0,62.0,-1534.0,-6.0
-3.0,-11.0,16.0,1.0,-5.0,60.0,-1687.0,-8.0
-4.0,-10.0,15.0,1.0,-5.0,58.0,-1633.0,-9.0
-6.0,-9.0,14.0,1.0,-7.0,57.0,-1639.0,-10.0
-8.0,-6.0,15.0,3.0,-7.0,58.0,-1840.0,-10.0
-7.0,-6.0,14.0,2.0,-9.0,57.0,-1843.0,-11.0
-8.0,-7.0,13.0,1.0,-9.0,55.0,-1662.0,-12.0
-9.0,-9.0,10.0,0.0,-10.0,53.0,-1674.0,-14.0
-9.0,-10.0,9.0,0.0,-10.0,51.0,-1675.0,-15.0
-8.0,-11.0,7.0,-1.0,-11.0,50.0,-1515.0,-16.0
-8.0,-11.0,8.0,0.0,-9.0,52.0,-1469.0,-14.0
-9.0,-10.0,9.0,0.0,-9.0,52.0,-1593.0,-14.0
-9.0,-10.0,9.0,0.0,-9.0,52.0,-1580.0,-14.0
-9.0,-9.0,9.0,0.0,-9.0,52.0,-1684.0,-13.0
-10.0,-8.0,11.0,2.0,-9.0,53.0,-1861.0,-12.0
-10.0,-8.0,10.0,1.0,-11.0,52.0,-1831.0,-14.0
-9.0,-9.0,9.0,0.0,-10.0,51.0,-1692.0,-14.0
-10.0,-10.0,9.0,0.0,-10.0,51.0,-1782.0,-14.0
-9.0,-10.0,9.0,0.0,-10.0,51.0,-1742.0,-15.0
-8.0,-11.0,7.0,-1.0,-11.0,50.0,-1555.0,-16.0
-8.0,-11.0,8.0,-1.0,-8.0,51.0,-1535.0,-15.0
-8.0,-10.0,9.0,0.0,-9.0,51.0,-1742.0,-13.0
-9.0,-10.0,8.0,0.0,-9.0,51.0,-1721.0,-14.0
-9.0,-10.0,9.0,0.0,-9.0,52.0,-1689.0,-13.0
-10.0,-8.0,11.0,2.0,-9.0,53.0,-1770.0,-12.0
-10.0,-8.0,10.0,1.0,-11.0,52.0,-1756.0,-14.0
-9.0,-9.0,9.0,0.0,-11.0,51.0,-1677.0,-14.0
-9.0,-9.0,9.0,0.0,-10.0,51.0,-1717.0,-14.0
-9.0,-10.0,9.0,0.0,-10.0,51.0,-1770.0,-15.0
-8.0,-11.0,7.0,-1.0,-11.0,49.0,-1654.0,-16.0
-8.0,-11.0,8.0,-1.0,-9.0,50.0,-1590.0,-15.0
-9.0,-10.0,9.0,0.0,-9.0,51.0,-1772.0,-14.0
-9.0,-10.0,9.0,0.0,-9.0,51.0,-1796.0,-14.0
-9.0,-10.0,9.0,0.0,-9.0,51.0,-1784.0,-13.0
-10.0,-9.0,10.0,2.0,-9.0,52.0,-1945.0,-12.0
-10.0,-8.0,10.0,1.0,-11.0,52.0,-1946.0,-13.0
-9.0,-9.0,9.0,0.0,-10.0,51.0,-1763.0,-15.0
-9.0,-9.0,9.0,0.0,-10.0,51.0,-1767.0,-14.0
-9.0,-9.0,8.0,0.0,-11.0,50.0,-1757.0,-14.0
-8.0,-11.0,7.0,-1.0,-11.0,49.0,-1628.0,-16.0
-8.0,-11.0,7.0,-1.0,-9.0,50.0,-1555.0,-15.0
-9.0,-10.0,9.0,0.0,-9.0,51.0,-1655.0,-14.0
-9.0,-10.0,8.0,0.0,-9.0,51.0,-1643.0,-14.0
-9.0,-10.0,9.0,0.0,-9.0,51.0,-1647.0,-13.0
-10.0,-8.0,11.0,2.0,-8.0,52.0,-1807.0,-12.0
-10.0,-8.0,10.0,1.0,-10.0,51.0,-1793.0,-14.0
-9.0,-9.0,9.0,0.0,-11.0,50.0,-1574.0,-14.0
-9.0,-9.0,9.0,0.0,-10.0,50.0,-1682.0,-14.0
-9.0,-9.0,9.0,0.0,-10.0,50.0,-1719.0,-14.0
-8.0,-11.0,7.0,-1.0,-11.0,49.0,-1556.0,-16.0
-8.0,-11.0,8.0,-1.0,-9.0,49.0,-1450.0,-15.0
-9.0,-10.0,9.0,0.0,-9.0,50.0,-1563.0,-13.0
-9.0,-9.0,8.0,0.0,-9.0,50.0,-1533.0,-14.0
-9.0,-10.0,9.0,0.0,-9.0,50.0,-1568.0,-14.0
-10.0,-8.0,11.0,1.0,-9.0,52.0,-1773.0,-12.0
-10.0,-8.0,10.0,1.0,-11.0,51.0,-1861.0,-13.0
-9.0,-9.0,9.0,0.0,-11.0,50.0,-1723.0,-14.0
-9.0,-9.0,9.0,0.0,-9.0,50.0,-1753.0,-14.0
-9.0,-9.0,9.0,0.0,-10.0,50.0,-1727.0,-14.0
-8.0,-10.0,7.0,-1.0,-10.0,49.0,-1649.0,-15.0
-8.0,-11.0,7.0,-1.0,-9.0,49.0,-1606.0,-14.0
-8.0,-9.0,8.0,0.0,-9.0,50.0,-1775.0,-13.0
-9.0,-9.0,8.0,0.0,-9.0,50.0,-1741.0,-14.0
-9.0,-9.0,8.0,0.0,-9.0,50.0,-1711.0,-14.0
-10.0,-8.0,10.0,1.0,-9.0,51.0,-1858.0,-12.0
-10.0,-8.0,10.0,1.0,-10.0,51.0,-1883.0,-13.0
-9.0,-9.0,9.0,0.0,-10.0,50.0,-1679.0,-14.0
-9.0,-9.0,9.0,0.0,-9.0,50.0,-1746.0,-14.0
-9.0,-10.0,8.0,0.0,-10.0,50.0,-1781.0,-14.0
-8.0,-11.0,7.0,-1.0,-10.0,49.0,-1681.0,-15.0
-8.0,-11.0,7.0,-1.0,-9.0,49.0,-1612.0,-15.0
-8.0,-10.0,8.0,0.0,-9.0,50.0,-1807.0,-14.0
-9.0,-10.0,8.0,0.0,-9.0,50.0,-1763.0,-14.0
-9.0,-9.0,9.0,0.0,-9.0,50.0,-1653.0,-13.0
-9.0,-8.0,10.0,2.0,-8.0,52.0,-1699.0,-12.0
-10.0,-8.0,10.0,1.0,-10.0,50.0,-1794.0,-13.0
-10.0,-9.0,9.0,0.0,-11.0,49.0,-1639.0,-14.0
-9.0,-9.0,8.0,0.0,-10.0,49.0,-1655.0,-14.0
-9.0,-9.0,8.0,0.0,-10.0,49.0,-1656.0,-14.0
-8.0,-10.0,7.0,-1.0,-10.0,48.0,-1543.0,-15.0
-7.0,-11.0,7.0,-1.0,-9.0,49.0,-1476.0,-15.0
-8.0,-10.0,8.0,0.0,-9.0,50.0,-1660.0,-13.0
-9.0,-9.0,8.0,0.0,-9.0,49.0,-1648.0,-13.0
-9.0,-9.0,9.0,0.0,-9.0,49.0,-1645.0,-13.0
-10.0,-9.0,10.0,1.0,-8.0,51.0,-1756.0,-12.0
-10.0,-8.0,10.0,1.0,-10.0,50.0,-1833.0,-13.0
-9.0,-9.0,9.0,0.0,-10.0,49.0,-1657.0,-14.0
-9.0,-9.0,9.0,0.0,-10.0,49.0,-1648.0,-14.0
-9.0,-9.0,8.0,0.0,-10.0,49.0,-1639.0,-14.0
-8.0,-10.0,7.0,-1.0,-10.0,48.0,-1551.0,-15.0
-7.0,-11.0,7.0,-1.0,-9.0,48.0,-1466.0,-14.0
-8.0,-10.0,8.0,0.0,-8.0,49.0,-1664.0,-13.0
-9.0,-10.0,8.0,0.0,-9.0,49.0,-1651.0,-13.0
-8.0,-9.0,9.0,0.0,-9.0,49.0,-1619.0,-13.0
-9.0,-9.0,10.0,1.0,-8.0,51.0,-1725.0,-11.0
-10.0,-8.0,10.0,1.0,-9.0,50.0,-1818.0,-12.0
-9.0,-8.0,9.0,0.0,-10.0,49.0,-1625.0,-14.0
-9.0,-9.0,9.0,0.0,-10.0,49.0,-1648.0,-14.0
-9.0,-9.0,8.0,0.0,-10.0,49.0,-1670.0,-14.0
-8.0,-10.0,7.0,-1.0,-10.0,47.0,-1556.0,-15.0
-7.0,-10.0,7.0,-1.0,-9.0,47.0,-1428.0,-14.0
-8.0,-10.0,8.0,0.0,-9.0,49.0,-1612.0,-13.0
-8.0,-10.0,8.0,0.0,-9.0,48.0,-1635.0,-13.0
-8.0,-9.0,8.0,0.0,-9.0,49.0,-1632.0,-13.0
-9.0,-8.0,10.0,1.0,-8.0,50.0,-1720.0,-12.0
-10.0,-7.0,10.0,1.0,-10.0,50.0,-1816.0,-12.0
-9.0,-8.0,9.0,0.0,-10.0,49.0,-1636.0,-14.0
-9.0,-9.0,8.0,0.0,-9.0,49.0,-1618.0,-13.0
-8.0,-9.0,8.0,0.0,-9.0,48.0,-1635.0,-14.0
-8.0,-10.0,7.0,-1.0,-10.0,47.0,-1533.0,-15.0
-7.0,-11.0,7.0,-1.0,-9.0,47.0,-1384.0,-14.0
-8.0,-10.0,8.0,0.0,-8.0,49.0,-1572.0,-13.0
-8.0,-10.0,8.0,0.0,-9.0,49.0,-1626.0,-13.0
-8.0,-9.0,8.0,0.0,-9.0,48.0,-1642.0,-13.0
-9.0,-8.0,9.0,1.0,-8.0,49.0,-1717.0,-12.0
-10.0,-8.0,10.0,2.0,-9.0,49.0,-1848.0,-12.0
-9.0,-8.0,9.0,0.0,-10.0,48.0,-1668.0,-14.0
-9.0,-8.0,9.0,0.0,-10.0,48.0,-1651.0,-14.0
-8.0,-9.0,8.0,0.0,-10.0,48.0,-1640.0,-14.0
-8.0,-10.0,7.0,-1.0,-10.0,47.0,-1538.0,-15.0
-7.0,-11.0,7.0,-1.0,-9.0,47.0,-1414.0,-14.0
-8.0,-10.0,8.0,0.0,-8.0,48.0,-1579.0,-13.0
-8.0,-9.0,8.0,0.0,-9.0,48.0,-1585.0,-13.0
-8.0,-9.0,8.0,0.0,-9.0,48.0,-1548.0,-13.0
-9.0,-8.0,10.0,1.0,-8.0,49.0,-1640.0,-12.0
-10.0,-7.0,10.0,2.0,-9.0,49.0,-1846.0,-12.0
-10.0,-8.0,8.0,0.0,-10.0,48.0,-1711.0,-14.0
-9.0,-9.0,8.0,0.0,-10.0,48.0,-1728.0,-13.0
-8.0,-9.0,8.0,0.0,-10.0,48.0,-1745.0,-14.0
-8.0,-10.0,7.0,0.0,-10.0,47.0,-1676.0,-14.0
-7.0,-10.0,6.0,-1.0,-9.0,47.0,-1550.0,-14.0
-8.0,-10.0,8.0,0.0,-8.0,48.0,-1707.0,-13.0
-8.0,-9.0,8.0,0.0,-8.0,48.0,-1707.0,-13.0
-8.0,-9.0,8.0,0.0,-9.0,48.0,-1698.0,-13.0
-9.0,-8.0,9.0,1.0,-8.0,49.0,-1765.0,-12.0
-10.0,-7.0,10.0,2.0,-9.0,49.0,-1881.0,-12.0
-9.0,-8.0,9.0,0.0,-11.0,47.0,-1701.0,-13.0
-9.0,-8.0,9.0,0.0,-10.0,47.0,-1673.0,-13.0
-8.0,-9.0,9.0,0.0,-9.0,47.0,-1702.0,-14.0
-8.0,-10.0,7.0,-1.0,-10.0,47.0,-1646.0,-14.0
-7.0,-11.0,6.0,-1.0,-9.0,46.0,-1510.0,-14.0
-8.0,-9.0,8.0,0.0,-8.0,47.0,-1639.0,-13.0
-8.0,-9.0,8.0,0.0,-9.0,47.0,-1669.0,-13.0
-8.0,-9.0,8.0,0.0,-8.0,48.0,-1652.0,-13.0
-9.0,-9.0,9.0,1.0,-8.0,49.0,-1716.0,-12.0
-10.0,-7.0,10.0,2.0,-9.0,49.0,-1850.0,-12.0
-9.0,-8.0,8.0,0.0,-10.0,47.0,-1627.0,-14.0
-8.0,-9.0,8.0,0.0,-9.0,47.0,-1625.0,-14.0
-8.0,-9.0,8.0,0.0,-9.0,47.0,-1633.0,-13.0
-8.0,-10.0,7.0,0.0,-10.0,46.0,-1563.0,-14.0
-7.0,-11.0,6.0,-1.0,-9.0,46.0,-1404.0,-14.0
-8.0,-10.0,8.0,0.0,-8.0,47.0,-1582.0,-12.0
-8.0,-9.0,8.0,0.0,-9.0,47.0,-1686.0,-13.0
-8.0,-9.0,8.0,0.0,-9.0,47.0,-1668.0,-13.0
-9.0,-8.0,9.0,1.0,-8.0,48.0,-1684.0,-12.0
-10.0,-7.0,10.0,1.0,-9.0,48.0,-1818.0,-12.0
-9.0,-8.0,9.0,0.0,-10.0,47.0,-1642.0,-13.0
-9.0,-9.0,9.0,0.0,-9.0,47.0,-1639.0,-13.0
-8.0,-9.0,8.0,0.0,-9.0,47.0,-1662.0,-14.0
-8.0,-9.0,7.0,0.0,-10.0,46.0,-1552.0,-14.0
-7.0,-10.0,6.0,-1.0,-9.0,46.0,-1396.0,-14.0
-8.0,-9.0,7.0,0.0,-8.0,47.0,-1579.0,-13.0
-8.0,-9.0,8.0,0.0,-9.0,47.0,-1596.0,-13.0
-8.0,-9.0,8.0,0.0,-9.0,47.0,-1540.0,-13.0
-9.0,-8.0,9.0,1.0,-8.0,48.0,-1598.0,-12.0
-10.0,-7.0,10.0,2.0,-9.0,48.0,-1754.0,-11.0
-9.0,-8.0,9.0,0.0,-10.0,47.0,-1591.0,-13.0
-9.0,-8.0,8.0,0.0,-9.0,47.0,-1594.0,-13.0
-9.0,-9.0,8.0,0.0,-10.0,47.0,-1604.0,-13.0
-8.0,-9.0,7.0,0.0,-10.0,46.0,-1526.0,-14.0
-7.0,-10.0,6.0,-1.0,-9.0,45.0,-1388.0,-14.0
-7.0,-10.0,8.0,0.0,-7.0,47.0,-1564.0,-12.0
-8.0,-9.0,8.0,0.0,-9.0,47.0,-1692.0,-13.0
-8.0,-9.0,8.0,0.0,-9.0,47.0,-1754.0,-12.0
-8.0,-8.0,9.0,1.0,-8.0,48.0,-1843.0,-11.0
-10.0,-7.0,10.0,2.0,-9.0,48.0,-1987.0,-11.0
-9.0,-8.0,8.0,0.0,-11.0,46.0,-1800.0,-14.0
-8.0,-9.0,8.0,0.0,-10.0,46.0,-1758.0,-13.0
-8.0,-9.0,8.0,0.0,-9.0,46.0,-1788.0,-13.0
-8.0,-9.0,7.0,0.0,-10.0,45.0,-1737.0,-14.0
-7.0,-10.0,6.0,-1.0,-9.0,45.0,-1551.0,-14.0
-8.0,-9.0,8.0,0.0,-8.0,46.0,-1691.0,-13.0
-8.0,-9.0,8.0,0.0,-9.0,46.0,-1743.0,-12.0
-9.0,-9.0,8.0,0.0,-9.0,47.0,-1708.0,-12.0
-9.0,-9.0,9.0,1.0,-8.0,47.0,-1731.0,-11.0
-9.0,-7.0,10.0,2.0,-9.0,48.0,-1897.0,-11.0
-9.0,-8.0,9.0,0.0,-10.0,46.0,-1760.0,-13.0
-8.0,-8.0,8.0,0.0,-9.0,46.0,-1738.0,-13.0
-8.0,-8.0,8.0,0.0,-9.0,46.0,-1771.0,-13.0
-8.0,-9.0,7.0,0.0,-10.0,46.0,-1721.0,-13.0
-7.0,-10.0,6.0,-1.0,-9.0,45.0,-1562.0,-14.0
-7.0,-9.0,8.0,0.0,-8.0,46.0,-1691.0,-12.0
-8.0,-9.0,8.0,0.0,-8.0,46.0,-1722.0,-12.0
-8.0,-9.0,8.0,0.0,-8.0,46.0,-1689.0,-13.0
-8.0,-8.0,9.0,0.0,-8.0,47.0,-1744.0,-12.0
-9.0,-7.0,10.0,2.0,-8.0,48.0,-1923.0,-11.0
-9.0,-7.0,8.0,0.0,-10.0,46.0,-1784.0,-13.0
-8.0,-8.0,8.0,0.0,-9.0,46.0,-1713.0,-13.0
-8.0,-8.0,8.0,0.0,-9.0,46.0,-1731.0,-13.0
-8.0,-9.0,7.0,0.0,-10.0,45.0,-1691.0,-14.0
-7.0,-10.0,6.0,-1.0,-9.0,44.0,-1537.0,-14.0
-7.0,-9.0,7.0,0.0,-8.0,46.0,-1674.0,-12.0
-8.0,-9.0,8.0,0.0,-9.0,46.0,-1751.0,-13.0
-8.0,-9.0,8.0,0.0,-8.0,46.0,-1708.0,-12.0
-9.0,-8.0,9.0,0.0,-8.0,46.0,-1711.0,-11.0
-10.0,-7.0,10.0,2.0,-8.0,47.0,-1863.0,-11.0
-9.0,-7.0,8.0,0.0,-10.0,46.0,-1720.0,-13.0
-8.0,-8.0,8.0,0.0,-9.0,46.0,-1672.0,-13.0
-8.0,-8.0,8.0,0.0,-9.0,46.0,-1712.0,-13.0
-8.0,-9.0,7.0,0.0,-10.0,45.0,-1670.0,-14.0
-7.0,-10.0,6.0,-2.0,-10.0,44.0,-1525.0,-14.0
-7.0,-9.0,7.0,0.0,-8.0,46.0,-1669.0,-12.0
-8.0,-9.0,8.0,0.0,-9.0,45.0,-1763.0,-12.0
-8.0,-8.0,8.0,0.0,-9.0,46.0,-1724.0,-12.0
-8.0,-8.0,8.0,0.0,-8.0,46.0,-1763.0,-12.0
-10.0,-7.0,10.0,2.0,-8.0,47.0,-1946.0,-11.0
-9.0,-8.0,8.0,0.0,-10.0,46.0,-1803.0,-13.0
-8.0,-8.0,8.0,0.0,-10.0,46.0,-1731.0,-13.0
-8.0,-8.0,8.0,0.0,-9.0,46.0,-1779.0,-13.0
-8.0,-9.0,7.0,0.0,-9.0,45.0,-1750.0,-13.0
-7.0,-10.0,6.0,-2.0,-9.0,44.0,-1602.0,-14.0
-7.0,-10.0,7.0,0.0,-7.0,45.0,-1711.0,-12.0
-8.0,-9.0,7.0,0.0,-8.0,45.0,-1769.0,-12.0
-8.0,-9.0,8.0,0.0,-8.0,45.0,-1717.0,-12.0
-8.0,-8.0,8.0,0.0,-8.0,46.0,-1749.0,-12.0
-9.0,-7.0,10.0,2.0,-8.0,47.0,-1908.0,-11.0
-9.0,-8.0,8.0,1.0,-10.0,45.0,-1815.0,-13.0
-8.0,-8.0,8.0,0.0,-9.0,45.0,-1797.0,-13.0
-8.0,-8.0,7.0,0.0,-9.0,45.0,-1804.0,-13.0
-8.0,-9.0,7.0,0.0,-9.0,45.0,-1735.0,-13.0
-7.0,-10.0,6.0,-2.0,-9.0,43.0,-1550.0,-14.0
-7.0,-9.0,7.0,0.0,-7.0,45.0,-1626.0,-12.0
-8.0,-9.0,8.0,0.0,-8.0,45.0,-1693.0,-12.0
-8.0,-9.0,8.0,0.0,-8.0,45.0,-1657.0,-12.0
-8.0,-8.0,8.0,0.0,-8.0,46.0,-1684.0,-12.0
-9.0,-7.0,10.0,2.0,-8.0,47.0,-1848.0,-10.0
-8.0,-6.0,10.0,1.0,-9.0,47.0,-1730.0,-12.0
-4.0,-6.0,14.0,1.0,-6.0,51.0,-1683.0,-9.0
-3.0,-5.0,16.0,1.0,-5.0,53.0,-1938.0,-7.0
-1.0,-4.0,17.0,1.0,-4.0,55.0,-2122.0,-6.0
2.0,-6.0,19.0,1.0,-2.0,57.0,-2025.0,-4.0
5.0,-7.0,25.0,3.0,2.0,62.0,-2159.0,0.0
8.0,-7.0,28.0,4.0,3.0,65.0,-2277.0,2.0
9.0,-6.0,31.0,5.0,4.0,68.0,-2244.0,4.0
11.0,-5.0,34.0,6.0,7.0,71.0,-2287.0,7.0
11.0,-5.0,37.0,7.0,8.0,73.0,-2459.0,8.0
12.0,-4.0,37.0,7.0,6.0,74.0,-2326.0,7.0
13.0,-2.0,38.0,7.0,7.0,74.0,-2231.0,8.0
15.0,-4.0,39.0,6.0,8.0,75.0,-2255.0,9.0
16.0,-5.0,39.0,6.0,9.0,75.0,-2229.0,9.0
17.0,-7.0,37.0,4.0,9.0,74.0,-2059.0,8.0
17.0,-6.0,39.0,5.0,10.0,75.0,-2149.0,10.0
16.0,-5.0,39.0,6.0,9.0,76.0,-2282.0,10.0
16.0,-6.0,39.0,6.0,9.0,76.0,-2243.0,10.0
16.0,-8.0,38.0,6.0,10.0,74.0,-2233.0,10.0
15.0,-9.0,39.0,7.0,10.0,75.0,-2393.0,11.0
15.0,-9.0,37.0,6.0,8.0,74.0,-2288.0,9.0
16.0,-9.0,37.0,5.0,9.0,73.0,-2180.0,8.0
14.0,-9.0,36.0,5.0,8.0,72.0,-2216.0,7.0
13.0,-8.0,35.0,5.0,7.0,71.0,-2201.0,7.0
14.0,-9.0,33.0,3.0,6.0,69.0,-2069.0,5.0
14.0,-9.0,33.0,4.0,8.0,70.0,-2146.0,6.0
11.0,-9.0,31.0,4.0,6.0,68.0,-2225.0,5.0
10.0,-9.0,30.0,4.0,5.0,67.0,-2192.0,5.0
10.0,-9.0,30.0,4.0,5.0,67.0,-2231.0,5.0
7.0,-9.0,29.0,5.0,4.0,65.0,-2402.0,4.0
6.0,-9.0,26.0,4.0,1.0,62.0,-2308.0,0.0
5.0,-8.0,24.0,3.0,0.0,60.0,-2189.0,0.0
4.0,-9.0,23.0,3.0,0.0,59.0,-2230.0,-1.0
2.0,-10.0,20.0,1.0,-1.0,56.0,-2233.0,-3.0
2.0,-11.0,17.0,0.0,-2.0,54.0,-2088.0,-5.0
0.0,-9.0,17.0,1.0,-1.0,54.0,-2167.0,-5.0
0.0,-8.0,16.0,1.0,-3.0,53.0,-2277.0,-5.0
-2.0,-8.0,13.0,1.0,-4.0,50.0,-2274.0,-7.0
-5.0,-7.0,12.0,1.0,-5.0,48.0,-2296.0,-8.0
-7.0,-5.0,12.0,3.0,-7.0,48.0,-2397.0,-8.0
-9.0,-7.0,8.0,0.0,-10.0,44.0,-2275.0,-12.0
-8.0,-8.0,7.0,0.0,-9.0,43.0,-2141.0,-13.0
-8.0,-8.0,7.0,0.0,-9.0,43.0,-2167.0,-13.0
-8.0,-8.0,6.0,0.0,-9.0,43.0,-2137.0,-13.0
-7.0,-10.0,5.0,-2.0,-9.0,41.0,-1994.0,-14.0
-7.0,-9.0,6.0,0.0,-8.0,43.0,-2055.0,-12.0
-7.0,-8.0,7.0,0.0,-8.0,43.0,-2167.0,-12.0
-8.0,-8.0,7.0,0.0,-8.0,43.0,-2128.0,-12.0
-8.0,-8.0,7.0,0.0,-8.0,43.0,-2147.0,-12.0
-10.0,-6.0,9.0,2.0,-8.0,44.0,-2305.0,-10.0
-9.0,-7.0,8.0,1.0,-10.0,43.0,-2248.0,-12.0
-8.0,-7.0,7.0,0.0,-10.0,43.0,-2141.0,-13.0
-8.0,-8.0,7.0,0.0,-9.0,43.0,-2167.0,-13.0
-8.0,-8.0,7.0,0.0,-9.0,43.0,-2150.0,-13.0
-7.0,-9.0,5.0,-2.0,-10.0,41.0,-1997.0,-14.0
-7.0,-9.0,6.0,0.0,-8.0,42.0,-2055.0,-12.0
-8.0,-9.0,7.0,0.0,-8.0,43.0,-2173.0,-12.0
-8.0,-9.0,7.0,0.0,-8.0,43.0,-2116.0,-12.0
-8.0,-8.0,7.0,0.0,-8.0,43.0,-2123.0,-12.0
-9.0,-7.0,9.0,2.0,-7.0,44.0,-2320.0,-11.0
-9.0,-7.0,8.0,1.0,-9.0,43.0,-2322.0,-12.0
-7.0,-8.0,7.0,0.0,-8.0,42.0,-2250.0,-11.0
-7.0,-8.0,7.0,0.0,-8.0,42.0,-2221.0,-12.0
-8.0,-8.0,7.0,0.0,-8.0,43.0,-2234.0,-11.0
-9.0,-7.0,8.0,2.0,-7.0,44.0,-2380.0,-10.0
-9.0,-7.0,7.0,1.0,-10.0,42.0,-2334.0,-12.0
-8.0,-7.0,7.0,0.0,-9.0,42.0,-2219.0,-12.0
-8.0,-8.0,7.0,0.0,-8.0,42.0,-2262.0,-12.0
-8.0,-8.0,7.0,0.0,-9.0,42.0,-2250.0,-13.0
-7.0,-9.0,5.0,-1.0,-10.0,41.0,-2110.0,-14.0
-7.0,-9.0,6.0,0.0,-8.0,42.0,-2142.0,-12.0
-9.0,-9.0,9.0,0.0,-9.0,40.0,-2274.0,-13.0
-15.0,-10.0,16.0,1.0,-14.0,32.0,-2228.0,-19.0
-20.0,-14.0,24.0,4.0,-17.0,25.0,-2307.0,-23.0
-26.0,-14.0,33.0,7.0,-21.0,20.0,-2609.0,-27.0
-30.0,-14.0,37.0,7.0,-26.0,14.0,-2622.0,-32.0
-29.0,-8.0,32.0,5.0,-25.0,18.0,-2487.0,-31.0
-23.0,0.0,21.0,1.0,-19.0,28.0,-2538.0,-24.0
-13.0,11.0,2.0,-3.0,-11.0,47.0,-2525.0,-12.0
5.0,34.0,-33.0,-15.0,2.0,79.0,-2373.0,7.0
27.0,59.0,-73.0,-25.0,23.0,120.0,-2345.0,34.0
52.0,82.0,-114.0,-35.0,42.0,162.0,-2451.0,62.0
78.0,104.0,-156.0,-46.0,62.0,203.0,-2366.0,89.0
103.0,126.0,-198.0,-57.0,82.0,245.0,-2348.0,117.0
128.0,149.0,-239.0,-66.0,103.0,288.0,-2442.0,146.0
153.0,169.0,-281.0,-78.0,121.0,328.0,-2369.0,171.0
180.0,184.0,-321.0,-88.0,141.0,365.0,-2235.0,197.0
206.0,189.0,-354.0,-95.0,161.0,398.0,-2270.0,220.0
228.0,188.0,-381.0,-100.0,176.0,423.0,-2239.0,239.0
245.0,189.0,-403.0,-106.0,188.0,443.0,-2073.0,253.0
256.0,192.0,-417.0,-109.0,198.0,458.0,-2033.0,265.0
262.0,188.0,-421.0,-108.0,202.0,464.0,-2145.0,270.0
264.0,177.0,-419.0,-106.0,203.0,461.0,-2067.0,270.0
261.0,168.0,-410.0,-103.0,200.0,453.0,-1940.0,266.0
252.0,161.0,-394.0,-98.0,194.0,440.0,-2097.0,258.0
241.0,151.0,-376.0,-94.0,183.0,420.0,-2275.0,244.0
228.0,137.0,-353.0,-89.0,173.0,397.0,-2189.0,228.0
211.0,118.0,-323.0,-80.0,159.0,366.0,-2250.0,209.0
189.0,97.0,-286.0,-71.0,142.0,330.0,-2272.0,185.0
166.0,75.0,-247.0,-62.0,122.0,288.0,-2183.0,157.0
140.0,49.0,-202.0,-49.0,103.0,246.0,-2196.0,130.0
114.0,22.0,-155.0,-36.0,83.0,202.0,-2382.0,102.0
88.0,0.0,-112.0,-24.0,62.0,159.0,-2412.0,75.0
62.0,-17.0,-71.0,-14.0,42.0,120.0,-2447.0,48.0
35.0,-35.0,-29.0,-2.0,22.0,80.0,-2566.0,22.0
7.0,-51.0,2.0,1.0,0.0,38.0,-2563.0,-7.0
-20.0,-74.0,10.0,0.0,-23.0,-7.0,-2494.0,-38.0
-47.0,-91.0,11.0,1.0,-42.0,-47.0,-2570.0,-65.0
-64.0,-82.0,11.0,0.0,-55.0,-64.0,-2599.0,-79.0
-68.0,-66.0,10.0,-1.0,-58.0,-62.0,-2523.0,-80.0
-59.0,-56.0,10.0,0.0,-49.0,-45.0,-2508.0,-69.0
-46.0,-41.0,11.0,0.0,-38.0,-21.0,-2604.0,-53.0
-32.0,-29.0,11.0,0.0,-27.0,1.0,-2549.0,-38.0
-20.0,-20.0,11.0,1.0,-18.0,20.0,-2557.0,-25.0
-13.0,-11.0,13.0,3.0,-11.0,35.0,-2760.0,-15.0
-11.0,-8.0,12.0,2.0,-11.0,38.0,-2829.0,-14.0
-10.0,-9.0,11.0,1.0,-11.0,37.0,-2643.0,-15.0
-10.0,-9.0,11.0,1.0,-10.0,37.0,-2561.0,-15.0
-10.0,-9.0,11.0,0.0,-10.0,37.0,-2554.0,-15.0
-9.0,-11.0,9.0,0.0,-11.0,36.0,-2436.0,-16.0
-9.0,-11.0,10.0,0.0,-9.0,36.0,-2416.0,-15.0
-10.0,-10.0,11.0,0.0,-9.0,37.0,-2642.0,-14.0
-10.0,-10.0,11.0,0.0,-10.0,37.0,-2673.0,-14.0
-10.0,-10.0,11.0,0.0,-10.0,37.0,-2560.0,-14.0
-11.0,-8.0,12.0,2.0,-9.0,38.0,-2574.0,-13.0
-11.0,-8.0,12.0,2.0,-11.0,37.0,-2646.0,-14.0
-11.0,-9.0,11.0,1.0,-11.0,37.0,-2507.0,-15.0
-10.0,-9.0,11.0,1.0,-10.0,37.0,-2539.0,-15.0
-10.0,-9.0,11.0,0.0,-10.0,37.0,-2611.0,-15.0
-9.0,-10.0,10.0,0.0,-11.0,35.0,-2543.0,-16.0
-9.0,-11.0,10.0,0.0,-9.0,36.0,-2503.0,-15.0
-9.0,-10.0,11.0,0.0,-9.0,37.0,-2626.0,-14.0
-9.0,-10.0,11.0,0.0,-10.0,37.0,-2561.0,-14.0
-10.0,-10.0,11.0,1.0,-10.0,37.0,-2482.0,-14.0
-11.0,-9.0,12.0,2.0,-9.0,38.0,-2480.0,-13.0
-12.0,-8.0,12.0,2.0,-11.0,38.0,-2472.0,-14.0
-11.0,-9.0,11.0,1.0,-12.0,36.0,-2286.0,-15.0
-10.0,-9.0,11.0,1.0,-11.0,37.0,-2303.0,-14.0
-10.0,-10.0,10.0,0.0,-10.0,37.0,-2334.0,-15.0
-9.0,-11.0,9.0,0.0,-11.0,35.0,-2304.0,-16.0
-9.0,-11.0,9.0,0.0,-10.0,35.0,-2263.0,-15.0
-9.0,-10.0,11.0,0.0,-9.0,36.0,-2405.0,-14.0
-9.0,-10.0,10.0,0.0,-9.0,37.0,-2397.0,-14.0
-9.0,-10.0,11.0,1.0,-10.0,37.0,-2482.0,-13.0
-11.0,-9.0,12.0,2.0,-9.0,38.0,-2684.0,-12.0
-11.0,-8.0,12.0,2.0,-11.0,37.0,-2802.0,-13.0
-11.0,-9.0,11.0,1.0,-11.0,36.0,-2687.0,-15.0
-10.0,-9.0,11.0,1.0,-11.0,36.0,-2712.0,-14.0
-10.0,-9.0,10.0,0.0,-11.0,36.0,-2671.0,-15.0
-9.0,-10.0,9.0,0.0,-11.0,35.0,-2573.0,-16.0
-8.0,-11.0,9.0,0.0,-10.0,35.0,-2574.0,-15.0
-9.0,-10.0,10.0,0.0,-9.0,36.0,-2755.0,-14.0
-10.0,-10.0,10.0,1.0,-10.0,36.0,-2692.0,-14.0
-9.0,-9.0,11.0,1.0,-10.0,36.0,-2654.0,-13.0
-10.0,-8.0,13.0,2.0,-8.0,39.0,-2749.0,-12.0
-9.0,-6.0,15.0,3.0,-8.0,41.0,-2774.0,-11.0
-8.0,-7.0,15.0,2.0,-9.0,40.0,-2575.0,-11.0
-7.0,-7.0,16.0,2.0,-7.0,41.0,-2639.0,-11.0
-5.0,-6.0,18.0,2.0,-6.0,44.0,-2650.0,-9.0
-4.0,-7.0,18.0,1.0,-6.0,44.0,-2464.0,-9.0
-1.0,-9.0,19.0,1.0,-4.0,45.0,-2321.0,-8.0
-1.0,-8.0,21.0,2.0,-3.0,47.0,-2547.0,-5.0
-2.0,-8.0,21.0,2.0,-3.0,47.0,-2558.0,-6.0
-1.0,-8.0,22.0,3.0,-3.0,48.0,-2532.0,-5.0
0.0,-6.0,26.0,5.0,-1.0,51.0,-2613.0,-2.0
0.0,-5.0,27.0,5.0,-1.0,52.0,-2676.0,-2.0
0.0,-6.0,26.0,4.0,-2.0,51.0,-2522.0,-4.0
1.0,-7.0,26.0,4.0,-1.0,51.0,-2531.0,-3.0
3.0,-9.0,27.0,4.0,0.0,52.0,-2520.0,-2.0
4.0,-9.0,27.0,3.0,0.0,52.0,-2387.0,-2.0
5.0,-7.0,28.0,3.0,0.0,54.0,-2264.0,-1.0
5.0,-6.0,30.0,4.0,1.0,56.0,-2422.0,0.0
5.0,-8.0,31.0,5.0,2.0,57.0,-2447.0,1.0
6.0,-7.0,32.0,5.0,2.0,57.0,-2474.0,1.0
6.0,-5.0,35.0,7.0,3.0,60.0,-2594.0,3.0
8.0,-3.0,39.0,8.0,4.0,64.0,-2727.0,5.0
12.0,-2.0,42.0,7.0,6.0,67.0,-2581.0,7.0
15.0,-1.0,46.0,9.0,9.0,71.0,-2622.0,10.0
17.0,0.0,48.0,9.0,10.0,73.0,-2686.0,11.0
19.0,0.0,50.0,8.0,11.0,74.0,-2607.0,12.0
23.0,0.0,54.0,9.0,14.0,79.0,-2463.0,15.0
25.0,3.0,60.0,12.0,17.0,84.0,-2596.0,20.0
27.0,5.0,64.0,13.0,18.0,88.0,-2545.0,22.0
30.0,7.0,68.0,14.0,21.0,93.0,-2526.0,25.0
32.0,7.0,72.0,16.0,23.0,97.0,-2543.0,29.0
34.0,8.0,77.0,17.0,24.0,100.0,-2532.0,31.0
37.0,9.0,80.0,17.0,25.0,103.0,-2326.0,32.0
41.0,11.0,84.0,18.0,28.0,108.0,-2357.0,35.0
44.0,12.0,88.0,18.0,31.0,112.0,-2364.0,38.0
47.0,13.0,91.0,19.0,32.0,115.0,-2273.0,40.0
51.0,12.0,94.0,18.0,35.0,118.0,-2145.0,42.0
52.0,13.0,98.0,20.0,38.0,122.0,-2278.0,47.0
53.0,14.0,100.0,21.0,38.0,124.0,-2270.0,48.0
55.0,15.0,103.0,22.0,40.0,126.0,-2301.0,49.0
55.0,16.0,106.0,24.0,41.0,129.0,-2388.0,52.0
56.0,15.0,107.0,24.0,41.0,130.0,-2438.0,53.0
57.0,14.0,106.0,23.0,41.0,129.0,-2242.0,51.0
58.0,13.0,106.0,22.0,42.0,130.0,-2277.0,52.0
60.0,14.0,109.0,23.0,43.0,132.0,-2288.0,53.0
61.0,14.0,109.0,22.0,42.0,132.0,-2189.0,53.0
62.0,13.0,108.0,21.0,44.0,132.0,-2053.0,53.0
61.0,14.0,109.0,23.0,45.0,133.0,-2172.0,55.0
59.0,13.0,106.0,23.0,42.0,130.0,-2178.0,53.0
58.0,12.0,105.0,22.0,42.0,129.0,-2169.0,52.0
57.0,11.0,104.0,23.0,42.0,128.0,-2250.0,52.0
55.0,11.0,103.0,23.0,40.0,126.0,-2393.0,50.0
54.0,8.0,99.0,21.0,38.0,122.0,-2212.0,47.0
52.0,8.0,97.0,20.0,37.0,120.0,-2215.0,46.0
52.0,6.0,94.0,19.0,36.0,117.0,-2250.0,44.0
50.0,5.0,90.0,17.0,34.0,114.0,-2178.0,42.0
50.0,1.0,87.0,15.0,34.0,111.0,-1904.0,40.0
47.0,1.0,85.0,16.0,33.0,109.0,-1960.0,39.0
44.0,2.0,82.0,16.0,30.0,106.0,-1933.0,37.0
41.0,0.0,78.0,16.0,29.0,102.0,-1915.0,34.0
40.0,-2.0,76.0,15.0,28.0,100.0,-1981.0,34.0
36.0,-3.0,73.0,15.0,25.0,96.0,-2083.0,31.0
35.0,-6.0,67.0,12.0,23.0,91.0,-1909.0,27.0
34.0,-10.0,64.0,11.0,23.0,88.0,-1909.0,25.0
32.0,-13.0,59.0,9.0,21.0,83.0,-1937.0,22.0
29.0,-14.0,55.0,8.0,17.0,79.0,-1872.0,19.0
27.0,-12.0,52.0,7.0,16.0,76.0,-1728.0,17.0
24.0,-10.0,51.0,8.0,15.0,75.0,-1887.0,16.0
22.0,-11.0,48.0,8.0,13.0,72.0,-1932.0,14.0
20.0,-11.0,46.0,8.0,13.0,70.0,-1960.0,13.0
18.0,-11.0,45.0,8.0,12.0,69.0,-2017.0,12.0
16.0,-10.0,45.0,8.0,10.0,68.0,-2134.0,12.0
14.0,-9.0,40.0,6.0,7.0,64.0,-1953.0,8.0
13.0,-11.0,38.0,5.0,7.0,62.0,-1912.0,6.0
12.0,-10.0,36.0,5.0,6.0,60.0,-1932.0,5.0
10.0,-11.0,33.0,3.0,4.0,57.0,-1890.0,2.0
9.0,-13.0,29.0,2.0,4.0,54.0,-1794.0,1.0
7.0,-11.0,30.0,4.0,4.0,55.0,-1942.0,1.0
6.0,-9.0,29.0,4.0,2.0,53.0,-1940.0,0.0
4.0,-10.0,27.0,4.0,1.0,51.0,-1903.0,0.0
2.0,-10.0,26.0,4.0,0.0,51.0,-1963.0,-1.0
0.0,-8.0,26.0,5.0,0.0,50.0,-2109.0,-1.0
0.0,-11.0,23.0,3.0,-2.0,47.0,-1937.0,-4.0
0.0,-12.0,21.0,3.0,-2.0,45.0,-1904.0,-5.0
-1.0,-11.0,20.0,2.0,-3.0,44.0,-1918.0,-6.0
-2.0,-10.0,17.0,1.0,-5.0,42.0,-1860.0,-8.0
-4.0,-11.0,13.0,0.0,-6.0,38.0,-1720.0,-11.0
-6.0,-11.0,13.0,1.0,-6.0,38.0,-1876.0,-10.0
-7.0,-9.0,12.0,1.0,-7.0,37.0,-1900.0,-11.0
-8.0,-8.0,12.0,1.0,-8.0,36.0,-1884.0,-12.0
-9.0,-7.0,13.0,2.0,-7.0,37.0,-1920.0,-11.0
-10.0,-6.0,14.0,3.0,-8.0,37.0,-2083.0,-11.0
-12.0,-8.0,9.0,1.0,-11.0,33.0,-1981.0,-14.0
-12.0,-9.0,8.0,0.0,-11.0,32.0,-1957.0,-15.0
-12.0,-9.0,8.0,0.0,-11.0,31.0,-1947.0,-15.0
-11.0,-10.0,7.0,0.0,-12.0,31.0,-2019.0,-16.0
-10.0,-11.0,6.0,-1.0,-11.0,30.0,-2061.0,-16.0
-10.0,-10.0,7.0,0.0,-9.0,31.0,-2236.0,-14.0
-11.0,-10.0,7.0,0.0,-11.0,31.0,-2269.0,-15.0
-11.0,-9.0,7.0,0.0,-11.0,31.0,-2225.0,-15.0
-12.0,-9.0,8.0,1.0,-10.0,32.0,-2295.0,-14.0
-13.0,-8.0,9.0,2.0,-10.0,33.0,-2413.0,-13.0
-12.0,-9.0,8.0,0.0,-12.0,31.0,-2204.0,-16.0
-12.0,-9.0,8.0,0.0,-11.0,31.0,-2151.0,-15.0
-11.0,-9.0,8.0,0.0,-11.0,31.0,-2211.0,-15.0
-11.0,-9.0,7.0,0.0,-12.0,30.0,-2223.0,-16.0
-10.0,-11.0,5.0,-1.0,-11.0,30.0,-2091.0,-17.0
-10.0,-10.0,7.0,0.0,-10.0,31.0,-2218.0,-15.0
-11.0,-9.0,7.0,0.0,-11.0,31.0,-2222.0,-15.0
-11.0,-9.0,7.0,0.0,-11.0,31.0,-2187.0,-15.0
-11.0,-9.0,8.0,1.0,-10.0,32.0,-2232.0,-14.0
-12.0,-7.0,10.0,2.0,-10.0,33.0,-2383.0,-13.0
-12.0,-8.0,8.0,0.0,-12.0,31.0,-2230.0,-15.0
-11.0,-9.0,7.0,0.0,-11.0,31.0,-2164.0,-15.0
-11.0,-9.0,7.0,0.0,-10.0,31.0,-2180.0,-15.0
-11.0,-10.0,7.0,0.0,-11.0,30.0,-2133.0,-16.0
-10.0,-11.0,5.0,-1.0,-11.0,29.0,-1967.0,-16.0
-10.0,-10.0,7.0,0.0,-9.0,31.0,-2107.0,-14.0
-11.0,-9.0,7.0,0.0,-11.0,31.0,-2167.0,-14.0
-11.0,-9.0,7.0,0.0,-11.0,31.0,-2110.0,-14.0
-11.0,-9.0,8.0,1.0,-10.0,32.0,-2167.0,-13.0
-12.0,-8.0,9.0,2.0,-11.0,33.0,-2341.0,-13.0
-12.0,-8.0,8.0,0.0,-12.0,31.0,-2175.0,-15.0
-11.0,-9.0,7.0,0.0,-11.0,31.0,-2134.0,-15.0
-11.0,-9.0,7.0,0.0,-11.0,31.0,-2158.0,-15.0
-11.0,-9.0,7.0,0.0,-11.0,30.0,-2123.0,-15.0
-10.0,-11.0,5.0,-1.0,-11.0,29.0,-1990.0,-16.0
-10.0,-10.0,7.0,0.0,-10.0,31.0,-2098.0,-14.0
-11.0,-10.0,7.0,0.0,-11.0,31.0,-2123.0,-14.0
-11.0,-9.0,7.0,0.0,-10.0,31.0,-2099.0,-14.0
-11.0,-9.0,8.0,1.0,-10.0,32.0,-2150.0,-13.0
-12.0,-8.0,9.0,2.0,-10.0,33.0,-2312.0,-13.0
-12.0,-8.0,7.0,1.0,-12.0,31.0,-2180.0,-15.0
-12.0,-9.0,7.0,0.0,-11.0,31.0,-2102.0,-15.0
-11.0,-9.0,7.0,0.0,-11.0,31.0,-2165.0,-15.0
-11.0,-9.0,6.0,0.0,-12.0,30.0,-2145.0,-16.0
-10.0,-10.0,5.0,-1.0,-11.0,29.0,-2002.0,-16.0
-10.0,-10.0,7.0,0.0,-9.0,31.0,-2149.0,-14.0
-11.0,-9.0,7.0,0.0,-10.0,31.0,-2195.0,-15.0
-11.0,-9.0,7.0,0.0,-10.0,31.0,-2155.0,-14.0
-11.0,-9.0,8.0,1.0,-10.0,32.0,-2169.0,-13.0
-13.0,-7.0,9.0,2.0,-10.0,32.0,-2328.0,-13.0
-12.0,-8.0,8.0,1.0,-12.0,30.0,-2214.0,-15.0
-11.0,-9.0,7.0,0.0,-11.0,31.0,-2172.0,-15.0
-11.0,-9.0,7.0,0.0,-11.0,30.0,-2218.0,-15.0
-11.0,-9.0,6.0,0.0,-12.0,30.0,-2197.0,-16.0
-10.0,-10.0,5.0,-1.0,-11.0,29.0,-2072.0,-16.0
-10.0,-10.0,6.0,0.0,-9.0,30.0,-2197.0,-15.0
-10.0,-10.0,7.0,0.0,-10.0,31.0,-2227.0,-14.0
-11.0,-9.0,7.0,0.0,-10.0,31.0,-2226.0,-14.0
-11.0,-8.0,7.0,1.0,-10.0,31.0,-2322.0,-14.0
-13.0,-7.0,9.0,2.0,-10.0,32.0,-2470.0,-13.0
-12.0,-8.0,7.0,0.0,-12.0,30.0,-2302.0,-15.0
-11.0,-8.0,7.0,0.0,-11.0,30.0,-2215.0,-15.0
-11.0,-9.0,7.0,0.0,-11.0,31.0,-2291.0,-15.0
-11.0,-9.0,7.0,0.0,-11.0,30.0,-2249.0,-15.0
-10.0,-10.0,5.0,-1.0,-11.0,29.0,-2057.0,-16.0
-10.0,-10.0,6.0,0.0,-9.0,30.0,-2117.0,-14.0
-11.0,-9.0,7.0,0.0,-10.0,30.0,-2132.0,-14.0
-11.0,-9.0,7.0,0.0,-10.0,30.0,-2101.0,-14.0
-11.0,-9.0,8.0,1.0,-10.0,31.0,-2141.0,-14.0
-12.0,-7.0,9.0,2.0,-10.0,32.0,-2271.0,-13.0
-12.0,-8.0,8.0,1.0,-12.0,30.0,-2178.0,-15.0
-11.0,-9.0,7.0,1.0,-11.0,30.0,-2122.0,-15.0
-11.0,-9.0,7.0,0.0,-10.0,30.0,-2161.0,-15.0
-10.0,-9.0,7.0,0.0,-11.0,30.0,-2124.0,-15.0
-10.0,-11.0,5.0,-1.0,-11.0,28.0,-1964.0,-16.0
-10.0,-10.0,6.0,0.0,-9.0,30.0,-2047.0,-15.0
-11.0,-9.0,7.0,0.0,-10.0,30.0,-2135.0,-14.0
-11.0,-9.0,7.0,0.0,-10.0,30.0,-2097.0,-14.0
-11.0,-9.0,8.0,0.0,-10.0,31.0,-2109.0,-13.0
-12.0,-7.0,9.0,2.0,-10.0,32.0,-2268.0,-12.0
-12.0,-8.0,8.0,0.0,-12.0,30.0,-2198.0,-15.0
-12.0,-8.0,7.0,0.0,-11.0,30.0,-2167.0,-14.0
-11.0,-9.0,7.0,0.0,-10.0,30.0,-2183.0,-14.0
-10.0,-9.0,7.0,0.0,-11.0,29.0,-2114.0,-15.0
-10.0,-10.0,5.0,-1.0,-11.0,28.0,-1935.0,-16.0
-10.0,-10.0,6.0,0.0,-9.0,30.0,-1989.0,-14.0
-11.0,-9.0,7.0,0.0,-10.0,30.0,-2062.0,-14.0
-11.0,-9.0,7.0,0.0,-10.0,30.0,-2078.0,-14.0
-11.0,-8.0,7.0,1.0,-9.0,30.0,-2106.0,-13.0
-12.0,-7.0,9.0,2.0,-9.0,31.0,-2260.0,-12.0
-12.0,-8.0,8.0,0.0,-12.0,30.0,-2129.0,-14.0
-12.0,-8.0,7.0,0.0,-11.0,30.0,-1993.0,-14.0
-11.0,-8.0,7.0,0.0,-11.0,30.0,-2073.0,-15.0
-10.0,-9.0,6.0,0.0,-11.0,30.0,-2072.0,-15.0
-9.0,-10.0,5.0,-1.0,-11.0,28.0,-1918.0,-16.0
-9.0,-10.0,6.0,0.0,-9.0,29.0,-2014.0,-14.0
-11.0,-9.0,7.0,0.0,-10.0,30.0,-2121.0,-14.0
-11.0,-9.0,7.0,0.0,-10.0,30.0,-2063.0,-14.0
-11.0,-8.0,7.0,0.0,-10.0,30.0,-2111.0,-13.0
-11.0,-7.0,9.0,2.0,-10.0,31.0,-2296.0,-12.0
-11.0,-8.0,8.0,1.0,-12.0,30.0,-2214.0,-14.0
-11.0,-8.0,7.0,0.0,-11.0,30.0,-2124.0,-14.0
-11.0,-9.0,7.0,0.0,-10.0,30.0,-2165.0,-14.0
-10.0,-9.0,6.0,0.0,-11.0,29.0,-2177.0,-15.0
-10.0,-10.0,5.0,-1.0,-11.0,27.0,-2081.0,-16.0
-10.0,-10.0,6.0,0.0,-9.0,29.0,-2141.0,-14.0
-10.0,-9.0,7.0,0.0,-9.0,30.0,-2163.0,-14.0
-11.0,-9.0,7.0,0.0,-10.0,29.0,-2111.0,-14.0
-11.0,-8.0,7.0,0.0,-9.0,30.0,-2182.0,-13.0
-10.0,-6.0,11.0,2.0,-8.0,33.0,-2325.0,-11.0
-8.0,-5.0,14.0,2.0,-8.0,36.0,-2244.0,-10.0
-6.0,-5.0,15.0,2.0,-6.0,38.0,-2104.0,-9.0
-4.0,-4.0,18.0,2.0,-5.0,40.0,-2160.0,-7.0
0.0,-5.0,21.0,3.0,-3.0,43.0,-2118.0,-5.0
4.0,-8.0,23.0,2.0,0.0,46.0,-1957.0,-2.0
6.0,-8.0,27.0,3.0,3.0,50.0,-2055.0,0.0
7.0,-6.0,30.0,4.0,4.0,53.0,-2146.0,2.0
9.0,-6.0,33.0,5.0,5.0,55.0,-2064.0,5.0
10.0,-7.0,35.0,6.0,6.0,57.0,-2123.0,6.0
9.0,-3.0,38.0,8.0,7.0,60.0,-2301.0,8.0
10.0,-2.0,38.0,7.0,5.0,60.0,-2256.0,7.0
12.0,-5.0,38.0,6.0,7.0,60.0,-2138.0,7.0
13.0,-6.0,38.0,6.0,8.0,61.0,-2077.0,8.0
13.0,-6.0,38.0,6.0,7.0,61.0,-2072.0,7.0
14.0,-7.0,37.0,4.0,7.0,59.0,-2009.0,6.0
14.0,-7.0,38.0,5.0,9.0,60.0,-2086.0,8.0
13.0,-7.0,37.0,6.0,8.0,60.0,-2199.0,8.0
13.0,-9.0,36.0,6.0,8.0,59.0,-2173.0,7.0
13.0,-10.0,36.0,6.0,8.0,59.0,-2188.0,8.0
12.0,-9.0,38.0,7.0,8.0,60.0,-2306.0,9.0
11.0,-9.0,36.0,6.0,6.0,58.0,-2239.0,7.0
11.0,-8.0,34.0,5.0,5.0,56.0,-2160.0,5.0
10.0,-7.0,34.0,5.0,5.0,56.0,-2201.0,5.0
10.0,-8.0,34.0,5.0,5.0,56.0,-2160.0,5.0
11.0,-9.0,31.0,3.0,4.0,53.0,-1966.0,3.0
9.0,-10.0,29.0,3.0,5.0,52.0,-1961.0,3.0
8.0,-10.0,29.0,4.0,4.0,51.0,-2142.0,2.0
7.0,-10.0,28.0,4.0,3.0,50.0,-2151.0,2.0
5.0,-11.0,26.0,3.0,2.0,48.0,-2173.0,1.0
3.0,-9.0,26.0,5.0,2.0,48.0,-2328.0,1.0
1.0,-7.0,24.0,4.0,-1.0,46.0,-2255.0,-1.0
1.0,-9.0,22.0,3.0,-2.0,44.0,-2088.0,-3.0
0.0,-10.0,19.0,2.0,-2.0,41.0,-2153.0,-4.0
-1.0,-9.0,17.0,2.0,-3.0,40.0,-2171.0,-6.0
-1.0,-9.0,15.0,0.0,-5.0,37.0,-2013.0,-8.0
-2.0,-10.0,14.0,0.0,-4.0,36.0,-2038.0,-8.0
-6.0,-9.0,11.0,1.0,-6.0,34.0,-2194.0,-9.0
-8.0,-7.0,10.0,1.0,-7.0,33.0,-2209.0,-10.0
-9.0,-7.0,9.0,0.0,-8.0,31.0,-2203.0,-12.0
-12.0,-7.0,8.0,1.0,-9.0,30.0,-2293.0,-12.0
-12.0,-7.0,7.0,1.0,-11.0,28.0,-2244.0,-14.0
-11.0,-8.0,6.0,0.0,-11.0,28.0,-2069.0,-15.0
-11.0,-8.0,6.0,0.0,-11.0,28.0,-2026.0,-15.0
-11.0,-8.0,6.0,0.0,-11.0,28.0,-2081.0,-15.0
-10.0,-9.0,4.0,-1.0,-11.0,27.0,-1978.0,-16.0
-10.0,-9.0,5.0,0.0,-9.0,28.0,-2063.0,-14.0
-11.0,-9.0,6.0,0.0,-9.0,28.0,-2201.0,-14.0
-11.0,-9.0,6.0,0.0,-10.0,28.0,-2119.0,-14.0
-11.0,-9.0,6.0,0.0,-10.0,28.0,-2105.0,-13.0
-12.0,-7.0,8.0,2.0,-9.0,30.0,-2187.0,-12.0
-12.0,-7.0,7.0,1.0,-11.0,29.0,-2182.0,-13.0
-11.0,-8.0,6.0,0.0,-11.0,28.0,-2049.0,-14.0
-11.0,-8.0,6.0,0.0,-11.0,28.0,-2089.0,-14.0
-10.0,-8.0,6.0,0.0,-11.0,27.0,-2081.0,-15.0
-10.0,-10.0,4.0,-1.0,-11.0,26.0,-1986.0,-16.0
-9.0,-10.0,5.0,-1.0,-9.0,27.0,-1958.0,-14.0
-10.0,-9.0,6.0,0.0,-10.0,28.0,-2057.0,-13.0
-10.0,-9.0,5.0,0.0,-10.0,28.0,-1971.0,-14.0
-11.0,-8.0,6.0,0.0,-9.0,28.0,-1993.0,-13.0
-12.0,-7.0,8.0,2.0,-9.0,30.0,-2183.0,-12.0
-12.0,-7.0,7.0,1.0,-11.0,28.0,-2083.0,-14.0
-11.0,-8.0,6.0,0.0,-11.0,28.0,-1904.0,-14.0
-10.0,-8.0,6.0,0.0,-10.0,28.0,-2049.0,-14.0
-11.0,-8.0,6.0,0.0,-11.0,28.0,-2118.0,-15.0
-10.0,-10.0,4.0,-1.0,-11.0,26.0,-2066.0,-16.0
-9.0,-10.0,4.0,-1.0,-10.0,27.0,-2100.0,-14.0
-10.0,-9.0,5.0,0.0,-9.0,28.0,-2250.0,-13.0
-10.0,-9.0,6.0,0.0,-10.0,27.0,-2176.0,-13.0
-11.0,-8.0,6.0,0.0,-10.0,28.0,-2147.0,-13.0
-12.0,-7.0,8.0,2.0,-9.0,29.0,-2265.0,-12.0
-12.0,-7.0,7.0,1.0,-11.0,28.0,-2265.0,-13.0
-11.0,-8.0,6.0,0.0,-11.0,27.0,-2111.0,-14.0
-10.0,-8.0,6.0,0.0,-10.0,28.0,-2124.0,-14.0
-10.0,-8.0,6.0,0.0,-10.0,28.0,-2129.0,-14.0
-10.0,-9.0,4.0,-1.0,-11.0,26.0,-1986.0,-16.0
-12.0,-10.0,7.0,0.0,-11.0,23.0,-1910.0,-17.0
-18.0,-11.0,16.0,1.0,-16.0,16.0,-2006.0,-21.0
-23.0,-14.0,24.0,4.0,-20.0,9.0,-2035.0,-26.0
-28.0,-16.0,31.0,5.0,-23.0,3.0,-2083.0,-31.0
-33.0,-14.0,37.0,8.0,-25.0,0.0,-2244.0,-33.0
-32.0,-6.0,31.0,6.0,-26.0,5.0,-2242.0,-31.0
-25.0,0.0,18.0,1.0,-21.0,16.0,-2024.0,-25.0
-13.0,14.0,-3.0,-4.0,-10.0,37.0,-2041.0,-11.0
5.0,40.0,-39.0,-15.0,4.0,73.0,-2001.0,11.0
29.0,64.0,-81.0,-27.0,23.0,112.0,-1934.0,35.0
55.0,85.0,-124.0,-38.0,44.0,154.0,-1939.0,64.0
80.0,108.0,-165.0,-48.0,65.0,196.0,-2006.0,93.0
105.0,130.0,-207.0,-59.0,84.0,238.0,-1980.0,120.0
130.0,151.0,-249.0,-70.0,105.0,279.0,-1927.0,147.0
155.0,172.0,-288.0,-79.0,125.0,321.0,-1924.0,176.0
181.0,186.0,-327.0,-88.0,143.0,358.0,-1955.0,200.0
207.0,190.0,-361.0,-96.0,162.0,389.0,-1668.0,222.0
228.0,188.0,-385.0,-101.0,178.0,413.0,-1502.0,241.0
244.0,190.0,-405.0,-105.0,189.0,433.0,-1421.0,255.0
254.0,193.0,-420.0,-110.0,195.0,444.0,-1310.0,263.0
261.0,185.0,-424.0,-110.0,201.0,448.0,-1276.0,268.0
262.0,175.0,-418.0,-106.0,202.0,446.0,-1420.0,268.0
258.0,166.0,-409.0,-103.0,198.0,436.0,-1395.0,263.0
249.0,157.0,-394.0,-99.0,191.0,421.0,-1435.0,253.0
236.0,148.0,-372.0,-92.0,182.0,403.0,-1638.0,242.0
222.0,134.0,-348.0,-86.0,169.0,379.0,-1691.0,225.0
204.0,115.0,-317.0,-78.0,154.0,346.0,-1517.0,203.0
183.0,94.0,-280.0,-68.0,137.0,309.0,-1559.0,179.0
158.0,72.0,-239.0,-58.0,118.0,268.0,-1602.0,153.0
133.0,45.0,-195.0,-48.0,96.0,223.0,-1549.0,123.0
108.0,16.0,-150.0,-35.0,77.0,179.0,-1525.0,95.0
81.0,-3.0,-106.0,-22.0,57.0,138.0,-1698.0,68.0
55.0,-21.0,-65.0,-12.0,37.0,98.0,-1659.0,41.0
28.0,-39.0,-24.0,-2.0,16.0,57.0,-1724.0,14.0
0.0,-55.0,5.0,2.0,-4.0,17.0,-1868.0,-12.0
-28.0,-77.0,11.0,2.0,-28.0,-29.0,-1889.0,-44.0
-54.0,-91.0,10.0,1.0,-48.0,-67.0,-1743.0,-70.0
-69.0,-79.0,10.0,1.0,-57.0,-78.0,-1792.0,-81.0
-71.0,-63.0,10.0,1.0,-58.0,-73.0,-1790.0,-80.0
-60.0,-53.0,9.0,0.0,-50.0,-56.0,-1706.0,-69.0
-45.0,-40.0,8.0,0.0,-37.0,-32.0,-1814.0,-53.0
-32.0,-28.0,10.0,0.0,-26.0,-9.0,-2131.0,-37.0
-21.0,-19.0,10.0,0.0,-18.0,8.0,-2115.0,-25.0
-14.0,-11.0,10.0,0.0,-12.0,21.0,-1995.0,-17.0
-13.0,-9.0,12.0,2.0,-11.0,24.0,-1881.0,-14.0
-14.0,-8.0,12.0,2.0,-12.0,24.0,-1882.0,-15.0
-13.0,-9.0,10.0,1.0,-13.0,22.0,-1726.0,-16.0
-12.0,-10.0,10.0,1.0,-12.0,23.0,-1718.0,-16.0
-12.0,-10.0,10.0,0.0,-12.0,23.0,-1682.0,-16.0
-12.0,-11.0,8.0,0.0,-13.0,22.0,-1590.0,-18.0
-11.0,-11.0,8.0,0.0,-11.0,22.0,-1531.0,-17.0
-12.0,-10.0,10.0,1.0,-11.0,23.0,-1736.0,-16.0
-12.0,-10.0,10.0,1.0,-11.0,23.0,-1757.0,-16.0
-13.0,-10.0,10.0,1.0,-11.0,23.0,-1773.0,-16.0
-13.0,-9.0,11.0,2.0,-11.0,24.0,-1875.0,-14.0
-14.0,-8.0,12.0,2.0,-12.0,24.0,-1870.0,-15.0
-13.0,-9.0,10.0,1.0,-13.0,22.0,-1690.0,-16.0
-13.0,-9.0,10.0,1.0,-12.0,23.0,-1778.0,-16.0
-13.0,-9.0,10.0,1.0,-12.0,22.0,-1823.0,-16.0
-12.0,-10.0,8.0,0.0,-13.0,21.0,-1783.0,-17.0
-11.0,-11.0,8.0,0.0,-11.0,21.0,-1734.0,-17.0
-12.0,-10.0,10.0,0.0,-11.0,23.0,-1860.0,-15.0
-13.0,-10.0,10.0,1.0,-11.0,23.0,-1851.0,-16.0
-12.0,-10.0,10.0,1.0,-11.0,23.0,-1953.0,-15.0
-13.0,-9.0,12.0,2.0,-10.0,24.0,-2149.0,-14.0
-15.0,-8.0,12.0,3.0,-12.0,24.0,-2234.0,-15.0
-13.0,-9.0,10.0,1.0,-13.0,23.0,-2066.0,-16.0
-13.0,-9.0,10.0,1.0,-12.0,23.0,-2097.0,-16.0
-13.0,-9.0,10.0,0.0,-12.0,23.0,-2058.0,-16.0
-12.0,-10.0,8.0,0.0,-13.0,22.0,-1789.0,-17.0
-11.0,-11.0,8.0,0.0,-11.0,21.0,-1542.0,-16.0
-12.0,-10.0,10.0,0.0,-10.0,23.0,-1675.0,-15.0
-12.0,-10.0,10.0,1.0,-11.0,23.0,-1654.0,-15.0
-12.0,-10.0,10.0,1.0,-11.0,23.0,-1523.0,-15.0
-13.0,-9.0,11.0,2.0,-10.0,23.0,-1571.0,-14.0
-14.0,-8.0,11.0,3.0,-12.0,24.0,-1806.0,-15.0
-13.0,-9.0,10.0,1.0,-13.0,22.0,-1733.0,-16.0
-13.0,-9.0,10.0,1.0,-12.0,22.0,-1754.0,-16.0
-13.0,-9.0,10.0,1.0,-12.0,22.0,-1803.0,-16.0
-12.0,-10.0,9.0,0.0,-12.0,21.0,-1744.0,-17.0
-11.0,-11.0,8.0,0.0,-11.0,21.0,-1616.0,-16.0
-12.0,-10.0,9.0,0.0,-10.0,22.0,-1718.0,-15.0
-12.0,-10.0,10.0,1.0,-11.0,22.0,-1742.0,-15.0
-12.0,-9.0,11.0,1.0,-10.0,24.0,-1802.0,-15.0
-11.0,-7.0,15.0,3.0,-8.0,27.0,-1934.0,-12.0
-11.0,-6.0,16.0,3.0,-9.0,28.0,-2047.0,-11.0
-10.0,-7.0,15.0,2.0,-9.0,28.0,-1874.0,-12.0
-8.0,-6.0,18.0,3.0,-7.0,31.0,-1778.0,-11.0
-7.0,-6.0,19.0,3.0,-7.0,32.0,-1756.0,-10.0
-5.0,-9.0,19.0,2.0,-6.0,32.0,-1713.0,-9.0
-3.0,-10.0,18.0,1.0,-5.0,31.0,-1640.0,-9.0
-4.0,-9.0,20.0,2.0,-4.0,32.0,-1818.0,-7.0
-3.0,-9.0,21.0,3.0,-4.0,34.0,-1830.0,-7.0
-2.0,-7.0,24.0,4.0,-3.0,36.0,-1820.0,-5.0
-2.0,-6.0,25.0,5.0,-2.0,38.0,-1875.0,-4.0
-2.0,-6.0,26.0,6.0,-3.0,38.0,-1987.0,-3.0
-1.0,-7.0,25.0,4.0,-3.0,38.0,-1807.0,-4.0
0.0,-9.0,26.0,4.0,-1.0,39.0,-1822.0,-4.0
0.0,-7.0,27.0,4.0,-1.0,40.0,-1978.0,-3.0
1.0,-5.0,28.0,4.0,-1.0,40.0,-2015.0,-3.0
3.0,-8.0,28.0,3.0,0.0,41.0,-1881.0,-2.0
4.0,-8.0,30.0,5.0,2.0,43.0,-1947.0,0.0
4.0,-8.0,31.0,5.0,1.0,43.0,-1971.0,0.0
5.0,-7.0,33.0,5.0,2.0,46.0,-1971.0,1.0
7.0,-4.0,38.0,8.0,4.0,51.0,-2022.0,5.0
9.0,-1.0,44.0,10.0,6.0,55.0,-2087.0,8.0
12.0,-1.0,46.0,9.0,7.0,58.0,-1876.0,9.0
14.0,0.0,48.0,10.0,8.0,60.0,-1990.0,10.0
16.0,0.0,51.0,10.0,10.0,62.0,-2048.0,12.0
19.0,1.0,54.0,10.0,11.0,66.0,-1992.0,14.0
23.0,2.0,58.0,10.0,15.0,70.0,-1823.0,17.0
26.0,4.0,64.0,13.0,18.0,76.0,-1942.0,22.0
28.0,6.0,68.0,14.0,20.0,80.0,-1946.0,24.0
31.0,6.0,71.0,15.0,22.0,83.0,-1912.0,26.0
33.0,7.0,76.0,17.0,24.0,87.0,-1928.0,30.0
34.0,10.0,81.0,19.0,25.0,92.0,-2107.0,33.0
38.0,11.0,84.0,19.0,27.0,95.0,-1946.0,34.0
41.0,13.0,88.0,19.0,29.0,99.0,-1852.0,37.0
44.0,14.0,92.0,20.0,32.0,103.0,-1868.0,40.0
48.0,13.0,94.0,19.0,33.0,105.0,-1849.0,41.0
51.0,12.0,96.0,19.0,36.0,107.0,-1714.0,43.0
51.0,13.0,99.0,21.0,38.0,111.0,-1860.0,46.0
53.0,14.0,102.0,22.0,39.0,113.0,-1827.0,48.0
54.0,15.0,104.0,23.0,40.0,115.0,-1757.0,49.0
55.0,14.0,106.0,23.0,41.0,117.0,-1839.0,51.0
54.0,15.0,107.0,24.0,41.0,117.0,-2075.0,52.0
55.0,14.0,106.0,23.0,40.0,116.0,-1921.0,50.0
58.0,14.0,109.0,23.0,42.0,119.0,-1849.0,52.0
59.0,15.0,109.0,23.0,42.0,120.0,-1839.0,52.0
59.0,14.0,108.0,22.0,41.0,119.0,-1807.0,52.0
59.0,13.0,106.0,21.0,42.0,117.0,-1683.0,51.0
57.0,12.0,105.0,22.0,42.0,116.0,-1847.0,51.0
56.0,11.0,104.0,22.0,40.0,115.0,-1817.0,50.0
55.0,9.0,102.0,22.0,40.0,113.0,-1823.0,49.0
53.0,10.0,101.0,22.0,39.0,111.0,-1992.0,49.0
44.0,0.0,82.0,14.0,31.0,94.0,-1339.0,35.0
41.0,2.0,80.0,16.0,30.0,92.0,-1441.0,35.0
39.0,0.0,77.0,15.0,27.0,88.0,-1569.0,32.0
37.0,-3.0,74.0,14.0,26.0,85.0,-1586.0,30.0
34.0,-4.0,70.0,14.0,24.0,81.0,-1660.0,29.0
32.0,-6.0,67.0,14.0,22.0,78.0,-1926.0,26.0
31.0,-10.0,62.0,11.0,20.0,73.0,-1858.0,22.0
28.0,-13.0,58.0,10.0,19.0,69.0,-1825.0,20.0
26.0,-13.0,54.0,9.0,16.0,65.0,-1886.0,17.0
23.0,-10.0,51.0,8.0,14.0,63.0,-1833.0,15.0
22.0,-12.0,47.0,6.0,13.0,59.0,-1641.0,12.0
20.0,-11.0,46.0,7.0,13.0,59.0,-1794.0,13.0
18.0,-12.0,44.0,7.0,11.0,56.0,-1858.0,11.0
16.0,-12.0,42.0,7.0,10.0,54.0,-1820.0,9.0
14.0,-11.0,42.0,7.0,9.0,54.0,-1847.0,9.0
11.0,-9.0,40.0,8.0,7.0,51.0,-1985.0,8.0
10.0,-10.0,36.0,6.0,4.0,48.0,-1854.0,4.0
9.0,-10.0,35.0,6.0,4.0,47.0,-1844.0,4.0
7.0,-11.0,32.0,5.0,3.0,44.0,-1883.0,1.0
6.0,-12.0,30.0,4.0,1.0,42.0,-1834.0,0.0
6.0,-12.0,27.0,2.0,1.0,40.0,-1695.0,-1.0
4.0,-10.0,28.0,4.0,1.0,40.0,-1811.0,0.0
2.0,-11.0,25.0,4.0,0.0,38.0,-1800.0,-2.0
0.0,-10.0,24.0,3.0,-1.0,36.0,-1771.0,-3.0
0.0,-10.0,24.0,4.0,-1.0,36.0,-1787.0,-3.0
-2.0,-10.0,23.0,5.0,-2.0,35.0,-1910.0,-3.0
-3.0,-11.0,20.0,3.0,-5.0,32.0,-1730.0,-7.0
-3.0,-11.0,19.0,3.0,-4.0,31.0,-1578.0,-7.0
-5.0,-9.0,17.0,2.0,-6.0,29.0,-1573.0,-9.0
-7.0,-10.0,13.0,1.0,-8.0,25.0,-1568.0,-12.0
-7.0,-11.0,11.0,0.0,-9.0,23.0,-1454.0,-14.0
-9.0,-9.0,11.0,0.0,-8.0,23.0,-1568.0,-13.0
-11.0,-8.0,10.0,0.0,-10.0,23.0,-1607.0,-14.0
-11.0,-8.0,11.0,1.0,-10.0,23.0,-1532.0,-13.0
-12.0,-8.0,11.0,1.0,-9.0,23.0,-1600.0,-13.0
-14.0,-7.0,9.0,2.0,-11.0,21.0,-1796.0,-14.0
-14.0,-9.0,7.0,1.0,-13.0,19.0,-1662.0,-17.0
-14.0,-9.0,7.0,0.0,-12.0,18.0,-1622.0,-17.0
-14.0,-9.0,6.0,0.0,-13.0,18.0,-1652.0,-17.0
-13.0,-10.0,6.0,0.0,-13.0,18.0,-1572.0,-18.0
-12.0,-11.0,4.0,-1.0,-13.0,17.0,-1552.0,-18.0
-13.0,-10.0,6.0,0.0,-11.0,18.0,-1808.0,-16.0
-13.0,-10.0,6.0,0.0,-12.0,18.0,-1890.0,-16.0
-13.0,-9.0,6.0,0.0,-12.0,18.0,-1841.0,-16.0
-14.0,-9.0,7.0,1.0,-11.0,19.0,-1878.0,-15.0
-15.0,-8.0,8.0,3.0,-12.0,20.0,-2056.0,-14.0
-15.0,-9.0,7.0,1.0,-13.0,18.0,-1883.0,-17.0
-14.0,-9.0,7.0,0.0,-13.0,18.0,-1769.0,-17.0
-14.0,-9.0,6.0,0.0,-12.0,18.0,-1766.0,-17.0
-13.0,-10.0,6.0,0.0,-13.0,17.0,-1735.0,-17.0
-13.0,-11.0,4.0,-1.0,-13.0,16.0,-1603.0,-18.0
-13.0,-10.0,6.0,0.0,-11.0,18.0,-1778.0,-16.0
-13.0,-10.0,6.0,0.0,-12.0,18.0,-1874.0,-16.0
-13.0,-10.0,6.0,0.0,-12.0,18.0,-1635.0,-16.0
-14.0,-9.0,7.0,1.0,-11.0,19.0,-1070.0,-15.0
-15.0,-8.0,9.0,2.0,-11.0,20.0,-881.0,-15.0
-15.0,-8.0,7.0,1.0,-13.0,18.0,-746.0,-17.0
-14.0,-9.0,6.0,0.0,-12.0,18.0,-725.0,-17.0
-14.0,-9.0,6.0,0.0,-12.0,18.0,-708.0,-17.0
-14.0,-9.0,6.0,0.0,-12.0,17.0,-634.0,-17.0
-13.0,-11.0,4.0,-1.0,-13.0,17.0,-571.0,-18.0
-13.0,-10.0,5.0,0.0,-11.0,18.0,-932.0,-16.0
-13.0,-10.0,6.0,0.0,-11.0,18.0,-1128.0,-16.0
-13.0,-10.0,6.0,0.0,-11.0,18.0,-1135.0,-16.0
-14.0,-9.0,7.0,1.0,-11.0,19.0,-1178.0,-15.0
-15.0,-8.0,8.0,2.0,-11.0,20.0,-1335.0,-14.0
-15.0,-8.0,7.0,1.0,-13.0,18.0,-1187.0,-16.0
-14.0,-9.0,7.0,0.0,-13.0,18.0,-1129.0,-16.0
-14.0,-9.0,6.0,0.0,-12.0,18.0,-1191.0,-17.0
-13.0,-9.0,6.0,0.0,-13.0,18.0,-1184.0,-17.0
-12.0,-11.0,4.0,-1.0,-13.0,16.0,-1034.0,-18.0
-12.0,-10.0,5.0,0.0,-11.0,18.0,-1151.0,-16.0
-13.0,-10.0,6.0,0.0,-11.0,18.0,-1243.0,-16.0
-13.0,-10.0,6.0,0.0,-11.0,18.0,-1197.0,-16.0
-14.0,-9.0,7.0,0.0,-11.0,19.0,-1192.0,-15.0
-14.0,-7.0,8.0,2.0,-11.0,20.0,-1353.0,-15.0
-14.0,-8.0,7.0,1.0,-13.0,18.0,-1251.0,-16.0
-14.0,-9.0,6.0,0.0,-12.0,18.0,-1095.0,-17.0
-13.0,-9.0,6.0,0.0,-12.0,18.0,-918.0,-16.0
-13.0,-9.0,6.0,0.0,-13.0,17.0,-781.0,-17.0
-12.0,-11.0,4.0,-1.0,-13.0,16.0,-591.0,-18.0
-12.0,-10.0,6.0,0.0,-11.0,18.0,-645.0,-16.0
-13.0,-10.0,6.0,0.0,-11.0,18.0,-760.0,-16.0
-13.0,-9.0,6.0,0.0,-11.0,18.0,-734.0,-15.0
-13.0,-9.0,7.0,0.0,-11.0,18.0,-755.0,-15.0
-15.0,-8.0,8.0,2.0,-11.0,20.0,-928.0,-14.0
-15.0,-8.0,7.0,1.0,-13.0,18.0,-853.0,-16.0
-13.0,-9.0,6.0,0.0,-12.0,18.0,-737.0,-16.0
-13.0,-9.0,6.0,0.0,-12.0,18.0,-757.0,-16.0
-13.0,-9.0,6.0,0.0,-12.0,17.0,-744.0,-17.0
-12.0,-10.0,4.0,-1.0,-12.0,16.0,-585.0,-18.0
-12.0,-10.0,5.0,0.0,-10.0,18.0,-653.0,-16.0
-13.0,-9.0,6.0,0.0,-11.0,18.0,-776.0,-15.0
-13.0,-9.0,6.0,0.0,-11.0,18.0,-746.0,-16.0
-13.0,-9.0,7.0,0.0,-11.0,18.0,-754.0,-15.0
-15.0,-8.0,8.0,2.0,-11.0,20.0,-920.0,-14.0
-14.0,-8.0,7.0,1.0,-13.0,18.0,-872.0,-16.0
-13.0,-9.0,6.0,0.0,-12.0,18.0,-765.0,-16.0
-13.0,-9.0,6.0,0.0,-12.0,18.0,-791.0,-16.0
-13.0,-9.0,6.0,0.0,-12.0,17.0,-764.0,-17.0
-12.0,-10.0,4.0,-1.0,-13.0,16.0,-582.0,-18.0
-12.0,-10.0,5.0,0.0,-11.0,17.0,-624.0,-16.0
-12.0,-10.0,6.0,0.0,-11.0,18.0,-777.0,-16.0
-13.0,-9.0,6.0,0.0,-11.0,18.0,-772.0,-16.0
-13.0,-9.0,6.0,1.0,-11.0,18.0,-827.0,-15.0
-14.0,-8.0,8.0,2.0,-11.0,19.0,-1013.0,-14.0
-14.0,-8.0,7.0,1.0,-13.0,18.0,-990.0,-16.0
-13.0,-9.0,6.0,0.0,-12.0,18.0,-899.0,-16.0
-13.0,-9.0,6.0,0.0,-12.0,18.0,-922.0,-16.0
-13.0,-9.0,6.0,0.0,-12.0,17.0,-904.0,-16.0
-12.0,-10.0,4.0,-1.0,-12.0,16.0,-757.0,-17.0
-12.0,-10.0,5.0,0.0,-10.0,17.0,-760.0,-16.0
-13.0,-10.0,6.0,0.0,-11.0,17.0,-826.0,-15.0
-13.0,-9.0,6.0,0.0,-11.0,18.0,-776.0,-15.0
-12.0,-9.0,6.0,0.0,-11.0,18.0,-771.0,-15.0
-14.0,-8.0,8.0,2.0,-11.0,19.0,-933.0,-14.0
-14.0,-8.0,7.0,1.0,-13.0,18.0,-887.0,-16.0
-13.0,-8.0,6.0,0.0,-12.0,17.0,-757.0,-16.0
-13.0,-9.0,6.0,0.0,-12.0,18.0,-791.0,-16.0
-13.0,-9.0,6.0,0.0,-12.0,17.0,-816.0,-16.0
-12.0,-10.0,4.0,-1.0,-12.0,16.0,-763.0,-17.0
-12.0,-10.0,5.0,0.0,-10.0,17.0,-836.0,-16.0
-13.0,-9.0,6.0,0.0,-11.0,17.0,-933.0,-15.0
-13.0,-9.0,6.0,0.0,-11.0,17.0,-843.0,-15.0
-13.0,-9.0,6.0,0.0,-11.0,18.0,-818.0,-15.0
-14.0,-8.0,8.0,2.0,-10.0,19.0,-1008.0,-13.0
-14.0,-7.0,7.0,1.0,-12.0,18.0,-1021.0,-15.0
-13.0,-8.0,6.0,1.0,-12.0,17.0,-904.0,-16.0
-13.0,-9.0,6.0,0.0,-12.0,17.0,-958.0,-16.0
-13.0,-9.0,6.0,0.0,-12.0,17.0,-1002.0,-16.0
-12.0,-10.0,4.0,-1.0,-13.0,16.0,-890.0,-17.0
-12.0,-10.0,5.0,0.0,-10.0,17.0,-831.0,-16.0
-13.0,-9.0,6.0,0.0,-11.0,17.0,-909.0,-15.0
-13.0,-9.0,6.0,0.0,-11.0,17.0,-868.0,-15.0
-13.0,-9.0,6.0,0.0,-11.0,18.0,-883.0,-15.0
-14.0,-8.0,8.0,2.0,-10.0,19.0,-1055.0,-14.0
-14.0,-8.0,7.0,1.0,-12.0,18.0,-1050.0,-16.0
-13.0,-9.0,6.0,0.0,-12.0,17.0,-909.0,-16.0
-13.0,-9.0,6.0,0.0,-12.0,17.0,-934.0,-16.0
-13.0,-9.0,5.0,0.0,-12.0,16.0,-930.0,-16.0
-12.0,-10.0,4.0,-1.0,-12.0,15.0,-798.0,-17.0
-12.0,-10.0,5.0,0.0,-10.0,17.0,-799.0,-16.0
-12.0,-9.0,6.0,0.0,-11.0,17.0,-923.0,-15.0
-12.0,-9.0,6.0,0.0,-11.0,17.0,-891.0,-15.0
-12.0,-8.0,8.0,1.0,-10.0,19.0,-910.0,-14.0
-10.0,-5.0,13.0,3.0,-8.0,24.0,-1027.0,-10.0
-9.0,-4.0,15.0,3.0,-8.0,26.0,-992.0,-10.0
-7.0,-4.0,16.0,2.0,-7.0,27.0,-846.0,-9.0
-4.0,-4.0,19.0,3.0,-4.0,30.0,-856.0,-7.0
0.0,-6.0,23.0,3.0,-2.0,34.0,-845.0,-4.0
3.0,-8.0,25.0,3.0,0.0,36.0,-697.0,-2.0
5.0,-7.0,28.0,4.0,2.0,39.0,-695.0,0.0
7.0,-7.0,32.0,5.0,4.0,43.0,-842.0,3.0
9.0,-8.0,33.0,5.0,5.0,45.0,-782.0,4.0
9.0,-6.0,35.0,6.0,5.0,46.0,-793.0,5.0
8.0,-2.0,38.0,8.0,6.0,49.0,-960.0,7.0
9.0,-3.0,38.0,8.0,5.0,48.0,-1008.0,6.0
11.0,-5.0,38.0,7.0,6.0,49.0,-853.0,7.0
11.0,-6.0,38.0,6.0,6.0,49.0,-879.0,7.0
11.0,-6.0,37.0,6.0,6.0,48.0,-870.0,6.0
12.0,-7.0,36.0,5.0,6.0,47.0,-716.0,5.0
13.0,-7.0,36.0,5.0,8.0,48.0,-687.0,6.0
12.0,-9.0,36.0,5.0,7.0,47.0,-808.0,7.0
11.0,-11.0,35.0,5.0,7.0,46.0,-761.0,6.0
11.0,-11.0,35.0,6.0,7.0,46.0,-779.0,6.0
10.0,-9.0,37.0,7.0,7.0,47.0,-922.0,8.0
8.0,-7.0,35.0,7.0,4.0,45.0,-1019.0,5.0
8.0,-7.0,33.0,5.0,3.0,44.0,-1025.0,4.0
8.0,-8.0,33.0,5.0,4.0,44.0,-1109.0,4.0
8.0,-8.0,33.0,5.0,4.0,43.0,-1116.0,3.0
8.0,-10.0,28.0,3.0,2.0,40.0,-1003.0,0.0
7.0,-11.0,28.0,3.0,3.0,39.0,-984.0,1.0
6.0,-10.0,28.0,4.0,3.0,39.0,-1138.0,1.0
4.0,-11.0,26.0,3.0,1.0,37.0,-1109.0,0.0
3.0,-11.0,24.0,4.0,1.0,35.0,-1112.0,-1.0
0.0,-8.0,24.0,5.0,0.0,35.0,-1257.0,0.0
0.0,-8.0,22.0,4.0,-2.0,33.0,-1268.0,-3.0
-2.0,-10.0,19.0,2.0,-3.0,29.0,-1120.0,-6.0
-3.0,-10.0,18.0,2.0,-3.0,28.0,-1137.0,-6.0
-4.0,-8.0,16.0,1.0,-5.0,27.0,-1142.0,-8.0
-5.0,-9.0,13.0,0.0,-7.0,24.0,-1022.0,-10.0
-6.0,-10.0,11.0,0.0,-6.0,22.0,-974.0,-11.0
-9.0,-8.0,10.0,1.0,-8.0,21.0,-1120.0,-12.0
-11.0,-7.0,9.0,1.0,-9.0,20.0,-1082.0,-13.0
-13.0,-8.0,6.0,0.0,-10.0,18.0,-1045.0,-14.0
-14.0,-8.0,7.0,1.0,-10.0,18.0,-1187.0,-13.0
-14.0,-7.0,7.0,1.0,-12.0,17.0,-1200.0,-15.0
-13.0,-8.0,5.0,0.0,-12.0,16.0,-949.0,-16.0
-13.0,-8.0,5.0,0.0,-12.0,16.0,-943.0,-16.0
-13.0,-8.0,5.0,0.0,-12.0,16.0,-979.0,-16.0
-12.0,-10.0,4.0,-1.0,-12.0,15.0,-950.0,-17.0
-12.0,-10.0,4.0,-1.0,-11.0,15.0,-932.0,-16.0
-12.0,-9.0,5.0,0.0,-11.0,16.0,-1144.0,-15.0
-12.0,-9.0,5.0,0.0,-11.0,16.0,-1148.0,-15.0
-12.0,-9.0,5.0,0.0,-11.0,16.0,-1102.0,-15.0
-13.0,-7.0,7.0,1.0,-10.0,18.0,-1167.0,-14.0
-14.0,-7.0,7.0,1.0,-12.0,17.0,-1191.0,-15.0
-13.0,-8.0,5.0,0.0,-12.0,16.0,-1015.0,-16.0
-13.0,-8.0,5.0,0.0,-11.0,16.0,-1051.0,-16.0
-13.0,-9.0,5.0,0.0,-11.0,16.0,-1041.0,-16.0
-12.0,-9.0,4.0,-1.0,-12.0,15.0,-923.0,-17.0
-11.0,-10.0,4.0,-1.0,-11.0,15.0,-874.0,-16.0
-12.0,-9.0,5.0,0.0,-10.0,16.0,-1057.0,-15.0
-13.0,-9.0,5.0,0.0,-11.0,16.0,-1050.0,-15.0
-13.0,-8.0,5.0,0.0,-11.0,16.0,-1022.0,-14.0
-14.0,-7.0,7.0,2.0,-10.0,17.0,-1128.0,-13.0
-14.0,-7.0,7.0,1.0,-12.0,17.0,-1187.0,-15.0
-13.0,-7.0,5.0,0.0,-12.0,16.0,-1009.0,-15.0
-13.0,-8.0,5.0,0.0,-12.0,16.0,-1022.0,-16.0
-13.0,-9.0,5.0,0.0,-12.0,16.0,-1032.0,-16.0
-12.0,-9.0,3.0,-1.0,-13.0,15.0,-919.0,-17.0
-11.0,-10.0,4.0,-1.0,-11.0,15.0,-842.0,-16.0
-11.0,-9.0,5.0,0.0,-10.0,16.0,-984.0,-15.0
-13.0,-9.0,5.0,0.0,-11.0,16.0,-960.0,-15.0
-13.0,-9.0,5.0,0.0,-11.0,16.0,-980.0,-15.0
-13.0,-7.0,7.0,1.0,-10.0,17.0,-1120.0,-13.0
-14.0,-7.0,7.0,1.0,-12.0,17.0,-1162.0,-14.0
-13.0,-8.0,6.0,0.0,-12.0,16.0,-935.0,-15.0
-13.0,-8.0,6.0,0.0,-11.0,16.0,-917.0,-15.0
-13.0,-8.0,5.0,0.0,-12.0,16.0,-885.0,-16.0
-13.0,-9.0,5.0,-1.0,-14.0,13.0,-833.0,-18.0
-18.0,-11.0,12.0,0.0,-15.0,6.0,-818.0,-22.0
-23.0,-14.0,21.0,3.0,-18.0,0.0,-983.0,-26.0
-28.0,-16.0,28.0,5.0,-23.0,-6.0,-856.0,-31.0
-33.0,-16.0,35.0,6.0,-26.0,-12.0,-651.0,-35.0
-34.0,-9.0,33.0,6.0,-26.0,-8.0,-645.0,-32.0
-30.0,0.0,23.0,4.0,-23.0,1.0,-695.0,-27.0
-20.0,9.0,4.0,-1.0,-16.0,17.0,-519.0,-17.0
-3.0,32.0,-28.0,-11.0,-1.0,49.0,-510.0,2.0
18.0,57.0,-68.0,-22.0,15.0,89.0,-472.0,27.0
44.0,79.0,-111.0,-35.0,35.0,129.0,-452.0,53.0
71.0,100.0,-154.0,-46.0,57.0,171.0,-538.0,81.0
96.0,122.0,-195.0,-56.0,78.0,213.0,-546.0,110.0
121.0,144.0,-237.0,-66.0,97.0,254.0,-387.0,137.0
146.0,165.0,-278.0,-77.0,117.0,296.0,-317.0,165.0
171.0,182.0,-316.0,-85.0,138.0,335.0,-548.0,193.0
197.0,190.0,-351.0,-93.0,156.0,369.0,-788.0,216.0
220.0,188.0,-379.0,-99.0,172.0,395.0,-627.0,234.0
237.0,189.0,-400.0,-104.0,185.0,416.0,-631.0,250.0
249.0,193.0,-417.0,-108.0,193.0,431.0,-618.0,261.0
257.0,189.0,-424.0,-110.0,197.0,436.0,-523.0,265.0
261.0,177.0,-422.0,-108.0,200.0,434.0,-450.0,266.0
258.0,168.0,-414.0,-104.0,198.0,428.0,-673.0,264.0
250.0,160.0,-400.0,-100.0,192.0,415.0,-730.0,255.0
239.0,150.0,-381.0,-95.0,183.0,397.0,-750.0,243.0
225.0,138.0,-357.0,-88.0,173.0,376.0,-852.0,229.0
208.0,122.0,-328.0,-79.0,159.0,347.0,-894.0,210.0
187.0,100.0,-292.0,-71.0,141.0,309.0,-685.0,185.0
164.0,79.0,-252.0,-61.0,123.0,270.0,-722.0,160.0
138.0,54.0,-208.0,-50.0,102.0,227.0,-776.0,132.0
113.0,25.0,-164.0,-38.0,81.0,181.0,-711.0,102.0
88.0,1.0,-121.0,-27.0,62.0,138.0,-601.0,73.0
61.0,-16.0,-79.0,-15.0,43.0,99.0,-815.0,48.0
35.0,-34.0,-38.0,-5.0,22.0,59.0,-841.0,21.0
8.0,-51.0,-2.0,0.0,0.0,17.0,-860.0,-6.0
-21.0,-71.0,10.0,2.0,-21.0,-26.0,-978.0,-35.0
-49.0,-89.0,11.0,3.0,-43.0,-68.0,-1143.0,-63.0
-68.0,-84.0,10.0,1.0,-57.0,-88.0,-1015.0,-81.0
-74.0,-67.0,10.0,1.0,-60.0,-87.0,-1038.0,-82.0
-67.0,-56.0,10.0,1.0,-54.0,-73.0,-1093.0,-74.0
-52.0,-44.0,8.0,0.0,-44.0,-50.0,-1043.0,-60.0
-37.0,-33.0,8.0,0.0,-31.0,-27.0,-885.0,-44.0
-26.0,-23.0,9.0,1.0,-21.0,-7.0,-1031.0,-30.0
-17.0,-13.0,9.0,1.0,-15.0,7.0,-1040.0,-20.0
-15.0,-10.0,9.0,1.0,-13.0,11.0,-1055.0,-17.0
-15.0,-9.0,10.0,2.0,-12.0,13.0,-1172.0,-16.0
-16.0,-9.0,11.0,3.0,-13.0,13.0,-1311.0,-16.0
-15.0,-9.0,9.0,1.0,-14.0,12.0,-1197.0,-18.0
-15.0,-9.0,9.0,1.0,-13.0,12.0,-1231.0,-18.0
-15.0,-10.0,10.0,1.0,-13.0,11.0,-1263.0,-17.0
-14.0,-10.0,9.0,0.0,-14.0,11.0,-1219.0,-18.0
-13.0,-11.0,8.0,0.0,-13.0,10.0,-1052.0,-18.0
-14.0,-11.0,9.0,0.0,-12.0,11.0,-1201.0,-17.0
-15.0,-10.0,9.0,1.0,-12.0,12.0,-1217.0,-17.0
-15.0,-10.0,9.0,1.0,-12.0,12.0,-1187.0,-17.0
-15.0,-9.0,11.0,2.0,-12.0,13.0,-1281.0,-16.0
-16.0,-8.0,11.0,3.0,-13.0,13.0,-1455.0,-16.0
-15.0,-9.0,10.0,2.0,-14.0,12.0,-1276.0,-18.0
-14.0,-10.0,9.0,1.0,-13.0,12.0,-1274.0,-18.0
-14.0,-9.0,9.0,1.0,-13.0,11.0,-1316.0,-18.0
-14.0,-10.0,8.0,0.0,-13.0,10.0,-1220.0,-19.0
-13.0,-11.0,7.0,0.0,-12.0,10.0,-1061.0,-18.0
-14.0,-11.0,9.0,1.0,-11.0,12.0,-1170.0,-17.0
-14.0,-10.0,9.0,1.0,-12.0,11.0,-1150.0,-17.0
-14.0,-10.0,9.0,1.0,-12.0,12.0,-1204.0,-17.0
-15.0,-10.0,10.0,2.0,-11.0,12.0,-1320.0,-16.0
-16.0,-8.0,11.0,3.0,-12.0,13.0,-1480.0,-16.0
-15.0,-9.0,9.0,1.0,-14.0,11.0,-1293.0,-18.0
-15.0,-10.0,9.0,1.0,-13.0,11.0,-1273.0,-17.0
-15.0,-10.0,9.0,1.0,-13.0,11.0,-1302.0,-18.0
-14.0,-10.0,8.0,0.0,-13.0,10.0,-1242.0,-18.0
-13.0,-11.0,7.0,0.0,-13.0,10.0,-1113.0,-18.0
-14.0,-10.0,9.0,0.0,-12.0,11.0,-1277.0,-16.0
-14.0,-10.0,9.0,0.0,-12.0,11.0,-1333.0,-17.0
-14.0,-10.0,9.0,1.0,-12.0,11.0,-1301.0,-17.0
-15.0,-9.0,10.0,2.0,-11.0,12.0,-1336.0,-15.0
-16.0,-8.0,11.0,3.0,-12.0,13.0,-1466.0,-15.0
-15.0,-9.0,9.0,1.0,-13.0,11.0,-1279.0,-17.0
-15.0,-9.0,9.0,1.0,-13.0,11.0,-1259.0,-17.0
-15.0,-10.0,9.0,1.0,-13.0,11.0,-1264.0,-18.0
-14.0,-10.0,8.0,0.0,-13.0,10.0,-1114.0,-18.0
-13.0,-11.0,8.0,0.0,-13.0,10.0,-965.0,-18.0
-14.0,-11.0,9.0,1.0,-12.0,11.0,-1103.0,-17.0
-14.0,-10.0,9.0,1.0,-12.0,12.0,-1120.0,-17.0
-12.0,-8.0,12.0,1.0,-11.0,15.0,-1070.0,-15.0
-12.0,-7.0,14.0,3.0,-10.0,16.0,-1088.0,-13.0
-13.0,-6.0,16.0,4.0,-10.0,17.0,-1251.0,-12.0
-10.0,-6.0,17.0,3.0,-10.0,19.0,-1190.0,-12.0
-8.0,-6.0,18.0,3.0,-8.0,20.0,-1215.0,-11.0
-7.0,-8.0,19.0,3.0,-7.0,21.0,-1258.0,-10.0
-5.0,-9.0,19.0,2.0,-7.0,21.0,-1195.0,-10.0
-5.0,-10.0,18.0,1.0,-6.0,21.0,-984.0,-10.0
-5.0,-9.0,20.0,3.0,-4.0,23.0,-1074.0,-8.0
-3.0,-8.0,23.0,4.0,-4.0,25.0,-1068.0,-7.0
-3.0,-7.0,24.0,4.0,-4.0,26.0,-939.0,-6.0
-3.0,-7.0,25.0,5.0,-3.0,27.0,-940.0,-5.0
-4.0,-6.0,26.0,6.0,-3.0,28.0,-1002.0,-4.0
-1.0,-9.0,26.0,4.0,-3.0,28.0,-816.0,-5.0
-1.0,-8.0,27.0,5.0,-2.0,28.0,-773.0,-4.0
0.0,-6.0,28.0,5.0,-2.0,30.0,-808.0,-4.0
0.0,-6.0,28.0,4.0,-2.0,30.0,-794.0,-4.0
2.0,-9.0,28.0,3.0,0.0,31.0,-644.0,-3.0
2.0,-8.0,29.0,5.0,0.0,32.0,-773.0,-1.0
3.0,-8.0,31.0,6.0,1.0,33.0,-806.0,0.0
5.0,-6.0,35.0,7.0,3.0,37.0,-795.0,1.0
7.0,-3.0,40.0,8.0,5.0,42.0,-839.0,5.0
9.0,0.0,46.0,11.0,7.0,47.0,-1012.0,9.0
12.0,0.0,47.0,10.0,6.0,48.0,-849.0,9.0
13.0,0.0,49.0,10.0,8.0,50.0,-742.0,10.0
16.0,1.0,53.0,10.0,10.0,54.0,-783.0,12.0
20.0,2.0,57.0,11.0,12.0,58.0,-763.0,15.0
23.0,3.0,60.0,11.0,15.0,62.0,-641.0,18.0
25.0,6.0,66.0,14.0,19.0,67.0,-777.0,22.0
28.0,6.0,69.0,15.0,20.0,71.0,-755.0,25.0
31.0,6.0,73.0,16.0,22.0,74.0,-678.0,27.0
33.0,8.0,78.0,17.0,25.0,79.0,-734.0,31.0
35.0,12.0,83.0,20.0,27.0,84.0,-908.0,34.0
38.0,12.0,86.0,19.0,27.0,87.0,-771.0,35.0
42.0,14.0,90.0,20.0,30.0,91.0,-711.0,38.0
44.0,13.0,94.0,20.0,32.0,94.0,-750.0,40.0
48.0,13.0,96.0,21.0,34.0,96.0,-762.0,42.0
50.0,12.0,97.0,20.0,35.0,98.0,-567.0,43.0
51.0,14.0,100.0,22.0,38.0,102.0,-510.0,46.0
52.0,15.0,102.0,23.0,38.0,104.0,-443.0,48.0
53.0,14.0,103.0,23.0,39.0,105.0,-397.0,49.0
54.0,13.0,105.0,23.0,40.0,106.0,-479.0,50.0
53.0,14.0,107.0,25.0,40.0,107.0,-623.0,51.0
55.0,15.0,108.0,23.0,39.0,107.0,-458.0,50.0
57.0,15.0,109.0,24.0,42.0,109.0,-434.0,51.0
57.0,14.0,109.0,24.0,42.0,109.0,-526.0,51.0
57.0,14.0,107.0,23.0,40.0,108.0,-522.0,50.0
56.0,12.0,104.0,21.0,39.0,105.0,-358.0,48.0
55.0,12.0,103.0,22.0,40.0,104.0,-468.0,49.0
54.0,9.0,102.0,22.0,39.0,102.0,-489.0,48.0
52.0,9.0,100.0,21.0,38.0,101.0,-326.0,47.0
51.0,8.0,98.0,21.0,37.0,99.0,-321.0,46.0
47.0,9.0,98.0,22.0,36.0,98.0,-539.0,45.0
47.0,7.0,94.0,20.0,33.0,94.0,-422.0,42.0
45.0,6.0,91.0,19.0,33.0,91.0,-369.0,40.0
44.0,3.0,88.0,18.0,32.0,88.0,-422.0,38.0
43.0,1.0,83.0,16.0,29.0,84.0,-413.0,35.0
41.0,1.0,79.0,15.0,28.0,81.0,-277.0,32.0
38.0,0.0,77.0,15.0,28.0,79.0,-419.0,32.0
36.0,-2.0,74.0,14.0,25.0,75.0,-508.0,30.0
34.0,-4.0,70.0,13.0,24.0,71.0,-477.0,27.0
32.0,-6.0,67.0,13.0,22.0,68.0,-644.0,25.0
29.0,-9.0,65.0,13.0,21.0,66.0,-948.0,25.0
27.0,-12.0,59.0,11.0,17.0,60.0,-712.0,20.0
25.0,-13.0,55.0,10.0,16.0,56.0,-601.0,17.0
22.0,-11.0,52.0,9.0,14.0,54.0,-635.0,15.0
19.0,-10.0,49.0,8.0,12.0,51.0,-573.0,13.0
19.0,-12.0,45.0,6.0,10.0,47.0,-376.0,10.0
17.0,-12.0,44.0,7.0,11.0,46.0,-494.0,10.0
15.0,-13.0,42.0,7.0,9.0,44.0,-616.0,9.0
13.0,-12.0,41.0,7.0,8.0,43.0,-577.0,8.0
11.0,-10.0,39.0,7.0,7.0,41.0,-587.0,7.0
8.0,-9.0,38.0,8.0,5.0,40.0,-776.0,6.0
7.0,-9.0,35.0,7.0,3.0,37.0,-665.0,3.0
6.0,-10.0,33.0,6.0,2.0,34.0,-602.0,1.0
4.0,-11.0,30.0,5.0,1.0,32.0,-769.0,0.0
3.0,-11.0,29.0,4.0,0.0,30.0,-613.0,-1.0
3.0,-11.0,26.0,3.0,0.0,28.0,-316.0,-3.0
1.0,-11.0,25.0,3.0,0.0,28.0,-449.0,-3.0
0.0,-11.0,23.0,3.0,-1.0,26.0,-597.0,-4.0
-1.0,-10.0,23.0,3.0,-2.0,25.0,-627.0,-5.0
-2.0,-11.0,22.0,3.0,-2.0,24.0,-763.0,-5.0
-4.0,-11.0,21.0,5.0,-3.0,23.0,-1066.0,-5.0
-5.0,-10.0,19.0,3.0,-6.0,21.0,-897.0,-9.0
-6.0,-9.0,17.0,3.0,-7.0,19.0,-781.0,-10.0
-8.0,-10.0,14.0,2.0,-8.0,16.0,-907.0,-12.0
-10.0,-10.0,12.0,1.0,-10.0,14.0,-916.0,-14.0
-10.0,-10.0,9.0,0.0,-11.0,12.0,-729.0,-16.0
-12.0,-8.0,10.0,0.0,-10.0,12.0,-716.0,-15.0
-12.0,-8.0,10.0,1.0,-10.0,12.0,-595.0,-14.0
-12.0,-8.0,10.0,1.0,-11.0,13.0,-606.0,-15.0
-14.0,-9.0,8.0,1.0,-12.0,10.0,-802.0,-16.0
-16.0,-8.0,8.0,2.0,-13.0,9.0,-974.0,-16.0
-16.0,-8.0,7.0,1.0,-15.0,8.0,-635.0,-18.0
-15.0,-9.0,6.0,0.0,-13.0,8.0,-402.0,-18.0
-16.0,-10.0,6.0,0.0,-13.0,8.0,-468.0,-18.0
-15.0,-10.0,5.0,0.0,-14.0,8.0,-514.0,-19.0
-14.0,-11.0,4.0,-1.0,-14.0,6.0,-427.0,-20.0
-14.0,-10.0,5.0,0.0,-12.0,8.0,-602.0,-18.0
-15.0,-10.0,6.0,0.0,-13.0,8.0,-845.0,-18.0
-15.0,-10.0,6.0,0.0,-13.0,8.0,-1003.0,-17.0
-15.0,-9.0,6.0,1.0,-13.0,8.0,-1034.0,-17.0
-16.0,-8.0,8.0,2.0,-13.0,9.0,-1129.0,-16.0
-16.0,-8.0,6.0,1.0,-14.0,8.0,-1029.0,-18.0
-16.0,-9.0,6.0,1.0,-14.0,8.0,-911.0,-18.0
-15.0,-9.0,6.0,0.0,-13.0,8.0,-938.0,-18.0
-15.0,-9.0,5.0,0.0,-14.0,7.0,-962.0,-19.0
-14.0,-11.0,4.0,-1.0,-14.0,6.0,-915.0,-19.0
-14.0,-11.0,5.0,0.0,-12.0,8.0,-1048.0,-18.0
-15.0,-10.0,6.0,0.0,-12.0,8.0,-1152.0,-17.0
-15.0,-10.0,6.0,0.0,-12.0,8.0,-1112.0,-17.0
-15.0,-9.0,6.0,1.0,-12.0,9.0,-1132.0,-17.0
-16.0,-8.0,8.0,2.0,-12.0,10.0,-1294.0,-16.0
-16.0,-8.0,7.0,1.0,-14.0,8.0,-1170.0,-18.0
-15.0,-9.0,6.0,0.0,-14.0,8.0,-1032.0,-18.0
-15.0,-9.0,6.0,0.0,-13.0,8.0,-1137.0,-18.0
-15.0,-9.0,5.0,0.0,-14.0,7.0,-1108.0,-18.0
-14.0,-11.0,4.0,-1.0,-13.0,6.0,-960.0,-19.0
-14.0,-11.0,5.0,0.0,-12.0,7.0,-996.0,-18.0
-15.0,-10.0,6.0,0.0,-12.0,8.0,-1066.0,-17.0
-15.0,-10.0,6.0,0.0,-12.0,8.0,-1129.0,-17.0
-15.0,-9.0,6.0,1.0,-12.0,8.0,-1001.0,-17.0
-16.0,-8.0,8.0,2.0,-12.0,10.0,-994.0,-16.0
-16.0,-8.0,7.0,1.0,-14.0,9.0,-970.0,-17.0
-16.0,-9.0,6.0,0.0,-13.0,8.0,-916.0,-18.0
-15.0,-10.0,6.0,0.0,-13.0,8.0,-991.0,-17.0
-15.0,-10.0,5.0,0.0,-14.0,7.0,-1010.0,-18.0
-14.0,-11.0,4.0,-1.0,-14.0,6.0,-850.0,-19.0
-14.0,-10.0,5.0,0.0,-12.0,8.0,-870.0,-18.0
-14.0,-10.0,5.0,0.0,-12.0,8.0,-924.0,-17.0
-15.0,-10.0,6.0,0.0,-12.0,8.0,-859.0,-17.0
-15.0,-9.0,6.0,1.0,-12.0,8.0,-789.0,-16.0
-16.0,-8.0,8.0,2.0,-12.0,10.0,-883.0,-15.0
-16.0,-8.0,6.0,1.0,-13.0,8.0,-823.0,-17.0
-15.0,-9.0,6.0,1.0,-13.0,8.0,-762.0,-17.0
-15.0,-9.0,6.0,0.0,-13.0,8.0,-824.0,-18.0
-15.0,-9.0,6.0,0.0,-13.0,8.0,-817.0,-18.0
-14.0,-11.0,4.0,-1.0,-14.0,6.0,-668.0,-19.0
-14.0,-10.0,5.0,0.0,-12.0,7.0,-904.0,-17.0
-15.0,-10.0,5.0,0.0,-13.0,8.0,-985.0,-17.0
-15.0,-9.0,5.0,0.0,-12.0,8.0,-706.0,-17.0
-15.0,-9.0,6.0,1.0,-12.0,8.0,-748.0,-16.0
-16.0,-8.0,8.0,2.0,-12.0,10.0,-1032.0,-15.0
-16.0,-8.0,7.0,1.0,-14.0,8.0,-1021.0,-17.0
-15.0,-9.0,6.0,1.0,-13.0,8.0,-903.0,-18.0
-15.0,-9.0,6.0,0.0,-13.0,8.0,-823.0,-17.0
-15.0,-9.0,6.0,0.0,-13.0,8.0,-610.0,-18.0
-14.0,-10.0,4.0,-1.0,-13.0,6.0,-456.0,-19.0
-14.0,-10.0,5.0,0.0,-12.0,7.0,-466.0,-17.0
-14.0,-10.0,5.0,0.0,-12.0,8.0,-370.0,-17.0
-15.0,-9.0,6.0,0.0,-12.0,8.0,-267.0,-17.0
-15.0,-9.0,6.0,1.0,-12.0,8.0,-306.0,-16.0
-16.0,-8.0,7.0,2.0,-12.0,9.0,-509.0,-15.0
-16.0,-8.0,6.0,1.0,-14.0,8.0,-538.0,-17.0
-15.0,-9.0,6.0,0.0,-13.0,8.0,-416.0,-18.0
-14.0,-9.0,6.0,0.0,-13.0,8.0,-428.0,-17.0
-15.0,-9.0,5.0,0.0,-13.0,7.0,-424.0,-18.0
-14.0,-11.0,4.0,-1.0,-13.0,6.0,-283.0,-19.0
-14.0,-10.0,5.0,0.0,-12.0,7.0,-245.0,-18.0
-14.0,-10.0,6.0,0.0,-12.0,8.0,-341.0,-17.0
-15.0,-9.0,6.0,0.0,-12.0,8.0,-268.0,-17.0
-15.0,-9.0,6.0,0.0,-12.0,8.0,-264.0,-16.0
-16.0,-8.0,7.0,2.0,-12.0,9.0,-445.0,-15.0
-16.0,-8.0,7.0,1.0,-14.0,8.0,-430.0,-17.0
-15.0,-9.0,6.0,0.0,-13.0,8.0,-250.0,-17.0
-14.0,-9.0,6.0,0.0,-13.0,8.0,-281.0,-17.0
-14.0,-9.0,6.0,0.0,-13.0,7.0,-270.0,-17.0
-14.0,-10.0,4.0,-1.0,-13.0,6.0,-92.0,-19.0
-14.0,-10.0,5.0,0.0,-11.0,7.0,-77.0,-17.0
-15.0,-9.0,6.0,0.0,-12.0,8.0,-324.0,-16.0
-15.0,-9.0,6.0,0.0,-12.0,8.0,-408.0,-17.0
-15.0,-9.0,6.0,0.0,-12.0,8.0,-407.0,-16.0
-16.0,-8.0,7.0,2.0,-11.0,9.0,-543.0,-15.0
-16.0,-8.0,7.0,1.0,-14.0,8.0,-534.0,-17.0
-15.0,-8.0,6.0,0.0,-13.0,8.0,-371.0,-17.0
-15.0,-9.0,6.0,0.0,-13.0,8.0,-406.0,-17.0
-15.0,-9.0,5.0,0.0,-13.0,7.0,-432.0,-17.0
-13.0,-10.0,4.0,-1.0,-14.0,6.0,-297.0,-18.0
-13.0,-10.0,4.0,0.0,-12.0,7.0,-277.0,-17.0
-14.0,-10.0,5.0,0.0,-12.0,8.0,-450.0,-17.0
-15.0,-9.0,5.0,0.0,-12.0,7.0,-464.0,-17.0
-15.0,-9.0,6.0,0.0,-12.0,8.0,-484.0,-16.0
-16.0,-8.0,7.0,2.0,-11.0,9.0,-654.0,-15.0
-16.0,-8.0,7.0,2.0,-13.0,8.0,-666.0,-17.0
-15.0,-9.0,6.0,1.0,-13.0,8.0,-414.0,-17.0
-15.0,-9.0,6.0,0.0,-13.0,8.0,-394.0,-17.0
-15.0,-9.0,5.0,0.0,-13.0,7.0,-397.0,-18.0
-14.0,-10.0,4.0,0.0,-13.0,6.0,-244.0,-19.0
-13.0,-10.0,4.0,0.0,-11.0,7.0,-208.0,-17.0
-14.0,-9.0,5.0,0.0,-12.0,7.0,-360.0,-16.0
-14.0,-9.0,5.0,0.0,-12.0,8.0,-336.0,-16.0
-14.0,-9.0,6.0,1.0,-12.0,8.0,-317.0,-16.0
-15.0,-8.0,7.0,2.0,-11.0,9.0,-499.0,-15.0
-15.0,-8.0,7.0,2.0,-13.0,8.0,-537.0,-16.0
-15.0,-8.0,6.0,1.0,-13.0,8.0,-400.0,-17.0
-15.0,-9.0,6.0,0.0,-12.0,7.0,-452.0,-17.0
-15.0,-9.0,5.0,0.0,-13.0,7.0,-486.0,-17.0
-13.0,-10.0,4.0,0.0,-13.0,6.0,-376.0,-18.0
-12.0,-9.0,6.0,0.0,-10.0,9.0,-357.0,-16.0
-10.0,-7.0,11.0,1.0,-8.0,14.0,-521.0,-12.0
-8.0,-5.0,14.0,2.0,-8.0,16.0,-506.0,-11.0
-7.0,-5.0,17.0,3.0,-6.0,19.0,-477.0,-9.0
-5.0,-4.0,21.0,5.0,-4.0,23.0,-568.0,-5.0
-2.0,-5.0,25.0,5.0,-3.0,26.0,-561.0,-3.0
0.0,-6.0,27.0,5.0,-1.0,28.0,-284.0,-2.0
3.0,-6.0,29.0,6.0,0.0,31.0,-259.0,0.0
0.0,-32768.0,23.0,1376.0,-19631.0,5.0,-7.0,32.0
5.0,2.0,33.0,-331.0,1.0,7.0,-8.0,31.0
4.0,2.0,33.0,-237.0,1.0,8.0,-6.0,33.0
5.0,5.0,35.0,-204.0,3.0,7.0,-4.0,35.0
7.0,5.0,37.0,-347.0,4.0,8.0,-5.0,37.0
9.0,-6.0,37.0,7.0,6.0,39.0,-428.0,6.0
9.0,-5.0,39.0,9.0,7.0,41.0,-547.0,7.0
8.0,-5.0,38.0,8.0,5.0,40.0,-582.0,6.0
9.0,-6.0,37.0,7.0,4.0,39.0,-485.0,5.0
9.0,-6.0,37.0,6.0,5.0,38.0,-613.0,5.0
9.0,-9.0,35.0,6.0,5.0,37.0,-662.0,4.0
10.0,-12.0,33.0,4.0,4.0,35.0,-547.0,3.0
11.0,-12.0,33.0,4.0,6.0,36.0,-466.0,4.0
10.0,-11.0,34.0,5.0,6.0,36.0,-574.0,5.0
8.0,-9.0,33.0,5.0,4.0,34.0,-484.0,3.0
7.0,-8.0,33.0,6.0,4.0,34.0,-465.0,3.0
6.0,-7.0,34.0,8.0,5.0,36.0,-673.0,5.0
5.0,-7.0,34.0,7.0,2.0,35.0,-769.0,3.0
4.0,-9.0,29.0,5.0,1.0,31.0,-585.0,0.0
3.0,-10.0,28.0,4.0,1.0,30.0,-597.0,0.0
3.0,-10.0,27.0,4.0,0.0,29.0,-612.0,0.0
3.0,-12.0,23.0,2.0,-1.0,25.0,-514.0,-3.0
2.0,-13.0,22.0,2.0,0.0,24.0,-510.0,-3.0
0.0,-10.0,22.0,3.0,-1.0,24.0,-729.0,-3.0
-1.0,-10.0,20.0,3.0,-2.0,22.0,-709.0,-5.0
-3.0,-11.0,18.0,3.0,-4.0,20.0,-613.0,-6.0
-5.0,-9.0,18.0,4.0,-4.0,20.0,-650.0,-6.0
-7.0,-7.0,17.0,4.0,-6.0,19.0,-704.0,-8.0
-8.0,-8.0,14.0,2.0,-8.0,16.0,-586.0,-10.0
-10.0,-8.0,11.0,1.0,-9.0,13.0,-939.0,-12.0
-11.0,-8.0,9.0,1.0,-10.0,11.0,-1177.0,-14.0
-12.0,-9.0,6.0,0.0,-12.0,8.0,-1126.0,-16.0
-13.0,-10.0,4.0,0.0,-12.0,6.0,-933.0,-17.0
-14.0,-9.0,5.0,0.0,-12.0,7.0,-981.0,-16.0
-14.0,-9.0,5.0,0.0,-12.0,7.0,-839.0,-16.0
-14.0,-9.0,5.0,0.0,-12.0,7.0,-785.0,-16.0
-15.0,-8.0,7.0,2.0,-11.0,8.0,-920.0,-14.0
-16.0,-7.0,7.0,2.0,-13.0,8.0,-1078.0,-15.0
-15.0,-8.0,5.0,0.0,-13.0,7.0,-1073.0,-17.0
-15.0,-9.0,5.0,0.0,-12.0,7.0,-1168.0,-17.0
-14.0,-9.0,5.0,0.0,-13.0,6.0,-1183.0,-17.0
-14.0,-10.0,3.0,-1.0,-13.0,5.0,-1135.0,-18.0
-13.0,-10.0,3.0,-1.0,-12.0,6.0,-1101.0,-17.0
-14.0,-9.0,5.0,0.0,-11.0,7.0,-1231.0,-16.0
-14.0,-9.0,5.0,0.0,-12.0,7.0,-1143.0,-16.0
-14.0,-9.0,5.0,0.0,-12.0,7.0,-1112.0,-16.0
-15.0,-8.0,6.0,1.0,-12.0,8.0,-1148.0,-15.0
-16.0,-7.0,6.0,2.0,-13.0,7.0,-1154.0,-16.0
-15.0,-8.0,5.0,0.0,-13.0,6.0,-827.0,-17.0
-15.0,-8.0,5.0,0.0,-12.0,7.0,-676.0,-17.0
-14.0,-9.0,5.0,0.0,-13.0,7.0,-670.0,-17.0
-14.0,-10.0,4.0,0.0,-13.0,6.0,-752.0,-18.0
-13.0,-10.0,4.0,-1.0,-11.0,6.0,-918.0,-17.0
-14.0,-9.0,5.0,0.0,-11.0,6.0,-1147.0,-16.0
-14.0,-9.0,4.0,0.0,-12.0,6.0,-995.0,-16.0
-14.0,-9.0,5.0,0.0,-12.0,7.0,-1031.0,-16.0
-15.0,-8.0,6.0,2.0,-11.0,8.0,-1269.0,-15.0
-16.0,-7.0,6.0,2.0,-13.0,8.0,-1260.0,-15.0
-15.0,-8.0,5.0,0.0,-13.0,7.0,-960.0,-17.0
-15.0,-8.0,5.0,0.0,-12.0,7.0,-1042.0,-16.0
-15.0,-8.0,5.0,0.0,-13.0,7.0,-1211.0,-16.0
-14.0,-9.0,3.0,-1.0,-13.0,6.0,-1139.0,-18.0
-13.0,-10.0,3.0,-1.0,-12.0,5.0,-1032.0,-17.0
-14.0,-9.0,5.0,0.0,-11.0,6.0,-1254.0,-16.0
-14.0,-9.0,5.0,0.0,-12.0,7.0,-1267.0,-16.0
-14.0,-8.0,5.0,0.0,-12.0,7.0,-1037.0,-16.0
-15.0,-8.0,6.0,2.0,-11.0,8.0,-914.0,-15.0
-15.0,-7.0,7.0,2.0,-13.0,8.0,-932.0,-15.0
-17.0,-8.0,8.0,1.0,-15.0,4.0,-729.0,-18.0
-22.0,-11.0,15.0,2.0,-19.0,-3.0,-729.0,-24.0
-27.0,-14.0,22.0,4.0,-22.0,-10.0,-773.0,-29.0
-31.0,-17.0,28.0,4.0,-27.0,-19.0,-695.0,-35.0
-34.0,-17.0,33.0,5.0,-28.0,-23.0,-560.0,-38.0
-34.0,-9.0,29.0,4.0,-26.0,-17.0,-702.0,-34.0
-29.0,0.0,17.0,1.0,-22.0,-6.0,-655.0,-27.0
-18.0,12.0,-2.0,-3.0,-13.0,14.0,-591.0,-14.0
0.0,38.0,-36.0,-12.0,2.0,50.0,-692.0,8.0
21.0,64.0,-76.0,-22.0,20.0,90.0,-993.0,34.0
47.0,85.0,-119.0,-35.0,39.0,130.0,-871.0,59.0
73.0,107.0,-162.0,-46.0,60.0,172.0,-788.0,87.0
99.0,128.0,-205.0,-58.0,80.0,213.0,-499.0,114.0
125.0,149.0,-248.0,-70.0,100.0,254.0,-252.0,141.0
152.0,167.0,-290.0,-81.0,121.0,294.0,-151.0,168.0
177.0,183.0,-327.0,-89.0,141.0,333.0,-355.0,196.0
202.0,188.0,-360.0,-96.0,159.0,366.0,-348.0,219.0
224.0,187.0,-384.0,-100.0,175.0,391.0,-333.0,238.0
239.0,190.0,-404.0,-103.0,188.0,412.0,-410.0,254.0
249.0,194.0,-418.0,-106.0,194.0,426.0,-526.0,263.0
255.0,188.0,-423.0,-108.0,197.0,429.0,-296.0,266.0
258.0,176.0,-420.0,-106.0,199.0,426.0,-277.0,266.0
255.0,166.0,-411.0,-103.0,196.0,417.0,-299.0,260.0
247.0,157.0,-397.0,-100.0,188.0,401.0,-220.0,250.0
236.0,146.0,-379.0,-96.0,180.0,382.0,-124.0,237.0
221.0,134.0,-354.0,-88.0,170.0,359.0,-424.0,224.0
203.0,115.0,-322.0,-79.0,155.0,329.0,-626.0,204.0
181.0,94.0,-284.0,-69.0,138.0,292.0,-722.0,180.0
156.0,73.0,-242.0,-57.0,118.0,252.0,-740.0,154.0
129.0,49.0,-197.0,-44.0,97.0,209.0,-821.0,126.0
104.0,21.0,-153.0,-33.0,75.0,163.0,-589.0,95.0
79.0,-1.0,-110.0,-22.0,56.0,120.0,-613.0,67.0
53.0,-19.0,-70.0,-13.0,36.0,81.0,-648.0,40.0
27.0,-38.0,-30.0,-4.0,15.0,39.0,-621.0,12.0
1.0,-56.0,0.0,0.0,-5.0,-2.0,-649.0,-15.0
-28.0,-79.0,8.0,0.0,-26.0,-47.0,-980.0,-44.0
-55.0,-92.0,9.0,1.0,-47.0,-85.0,-1005.0,-70.0
-71.0,-82.0,9.0,1.0,-59.0,-99.0,-990.0,-82.0
-75.0,-64.0,10.0,2.0,-59.0,-93.0,-1078.0,-80.0
-67.0,-52.0,11.0,3.0,-52.0,-75.0,-1206.0,-70.0
-52.0,-39.0,10.0,2.0,-42.0,-52.0,-1062.0,-56.0
-37.0,-29.0,9.0,1.0,-30.0,-30.0,-1082.0,-41.0
-25.0,-20.0,9.0,1.0,-21.0,-12.0,-1248.0,-29.0
-17.0,-13.0,8.0,0.0,-16.0,0.0,-1258.0,-21.0
-15.0,-12.0,7.0,0.0,-14.0,1.0,-1076.0,-20.0
-16.0,-10.0,9.0,1.0,-13.0,3.0,-1233.0,-18.0
-16.0,-10.0,9.0,1.0,-13.0,2.0,-1261.0,-18.0
-16.0,-10.0,9.0,1.0,-13.0,3.0,-1276.0,-18.0
-17.0,-9.0,10.0,2.0,-13.0,3.0,-1356.0,-17.0
-18.0,-8.0,10.0,3.0,-14.0,4.0,-1483.0,-17.0
-17.0,-9.0,9.0,1.0,-16.0,2.0,-1277.0,-19.0
-17.0,-10.0,9.0,1.0,-14.0,3.0,-1212.0,-18.0
-17.0,-10.0,9.0,1.0,-14.0,2.0,-1251.0,-19.0
-16.0,-10.0,8.0,0.0,-15.0,1.0,-1176.0,-19.0
-15.0,-12.0,7.0,0.0,-14.0,1.0,-1036.0,-20.0
-16.0,-11.0,9.0,1.0,-13.0,3.0,-1190.0,-18.0
-16.0,-10.0,9.0,1.0,-14.0,3.0,-1217.0,-18.0
-16.0,-10.0,9.0,1.0,-14.0,2.0,-1199.0,-18.0
-17.0,-10.0,10.0,2.0,-13.0,4.0,-1271.0,-17.0
-18.0,-9.0,11.0,3.0,-13.0,4.0,-1421.0,-17.0
-17.0,-9.0,9.0,1.0,-15.0,3.0,-1272.0,-19.0
-17.0,-10.0,9.0,1.0,-14.0,2.0,-1319.0,-18.0
-16.0,-10.0,8.0,1.0,-14.0,2.0,-1422.0,-19.0
-16.0,-11.0,8.0,0.0,-14.0,2.0,-1367.0,-19.0
-15.0,-11.0,7.0,0.0,-14.0,1.0,-1159.0,-19.0
-15.0,-11.0,9.0,1.0,-13.0,2.0,-1113.0,-17.0
-15.0,-10.0,9.0,1.0,-14.0,2.0,-1056.0,-18.0
-16.0,-10.0,9.0,1.0,-13.0,3.0,-1042.0,-18.0
-17.0,-9.0,10.0,2.0,-13.0,3.0,-1088.0,-17.0
-17.0,-8.0,11.0,3.0,-13.0,4.0,-1218.0,-17.0
-17.0,-9.0,9.0,2.0,-14.0,2.0,-998.0,-18.0
-16.0,-9.0,9.0,1.0,-14.0,2.0,-925.0,-18.0
-16.0,-10.0,9.0,1.0,-13.0,2.0,-943.0,-19.0
-16.0,-10.0,8.0,0.0,-14.0,2.0,-946.0,-19.0
-15.0,-12.0,7.0,0.0,-13.0,1.0,-848.0,-20.0
-15.0,-11.0,8.0,0.0,-12.0,2.0,-991.0,-18.0
-16.0,-10.0,9.0,1.0,-13.0,2.0,-1041.0,-18.0
-16.0,-10.0,9.0,1.0,-13.0,3.0,-1032.0,-17.0
-16.0,-9.0,10.0,2.0,-13.0,3.0,-1045.0,-17.0
-17.0,-8.0,11.0,3.0,-13.0,4.0,-1294.0,-16.0
-17.0,-9.0,9.0,2.0,-14.0,2.0,-1258.0,-18.0
-16.0,-9.0,9.0,1.0,-14.0,2.0,-1151.0,-18.0
-16.0,-9.0,9.0,1.0,-14.0,2.0,-1135.0,-19.0
-15.0,-10.0,9.0,0.0,-14.0,3.0,-1116.0,-18.0
-13.0,-10.0,11.0,0.0,-11.0,4.0,-947.0,-17.0
-13.0,-9.0,12.0,1.0,-10.0,7.0,-1059.0,-15.0
-13.0,-8.0,14.0,2.0,-10.0,8.0,-1014.0,-14.0
-11.0,-7.0,17.0,3.0,-9.0,11.0,-886.0,-12.0
-10.0,-6.0,19.0,4.0,-7.0,12.0,-877.0,-10.0
-10.0,-6.0,21.0,5.0,-7.0,14.0,-1011.0,-9.0
-9.0,-8.0,20.0,4.0,-8.0,13.0,-870.0,-10.0
-8.0,-9.0,20.0,3.0,-8.0,13.0,-827.0,-10.0
-7.0,-8.0,20.0,3.0,-7.0,14.0,-879.0,-10.0
-5.0,-8.0,22.0,4.0,-6.0,16.0,-967.0,-8.0
-3.0,-9.0,22.0,2.0,-5.0,16.0,-908.0,-9.0
-4.0,-8.0,23.0,4.0,-4.0,17.0,-1023.0,-7.0
-4.0,-9.0,24.0,4.0,-4.0,18.0,-985.0,-6.0
-2.0,-10.0,25.0,4.0,-2.0,19.0,-897.0,-5.0
-2.0,-7.0,27.0,5.0,-2.0,21.0,-939.0,-4.0
-3.0,-4.0,30.0,8.0,-2.0,23.0,-1177.0,-2.0
-2.0,-5.0,29.0,6.0,-3.0,22.0,-979.0,-4.0
0.0,-7.0,30.0,6.0,-1.0,23.0,-914.0,-3.0
0.0,-7.0,30.0,6.0,-1.0,23.0,-926.0,-3.0
1.0,-7.0,31.0,5.0,-1.0,25.0,-948.0,-2.0
5.0,-7.0,34.0,5.0,1.0,28.0,-886.0,0.0
8.0,-4.0,40.0,8.0,5.0,34.0,-992.0,4.0
10.0,-2.0,44.0,9.0,7.0,38.0,-932.0,7.0
11.0,-1.0,47.0,10.0,7.0,41.0,-871.0,9.0
12.0,0.0,50.0,11.0,9.0,44.0,-893.0,11.0
14.0,3.0,56.0,14.0,11.0,49.0,-1047.0,14.0
17.0,4.0,59.0,13.0,12.0,52.0,-908.0,16.0
21.0,5.0,63.0,14.0,14.0,56.0,-842.0,19.0
24.0,7.0,67.0,14.0,17.0,60.0,-880.0,21.0
27.0,6.0,70.0,15.0,19.0,62.0,-870.0,23.0
31.0,5.0,71.0,14.0,21.0,65.0,-758.0,25.0
33.0,7.0,78.0,16.0,25.0,70.0,-789.0,30.0
36.0,10.0,82.0,18.0,26.0,75.0,-774.0,32.0
38.0,12.0,87.0,19.0,28.0,79.0,-655.0,36.0
41.0,14.0,91.0,21.0,31.0,84.0,-633.0,39.0
43.0,14.0,96.0,23.0,32.0,88.0,-811.0,42.0
46.0,14.0,97.0,23.0,32.0,89.0,-765.0,42.0
47.0,14.0,99.0,22.0,34.0,91.0,-797.0,44.0
49.0,15.0,101.0,22.0,36.0,94.0,-838.0,45.0
50.0,15.0,102.0,22.0,36.0,94.0,-830.0,46.0
53.0,11.0,102.0,21.0,38.0,95.0,-694.0,46.0
53.0,11.0,103.0,22.0,40.0,96.0,-814.0,49.0
53.0,12.0,104.0,23.0,39.0,97.0,-860.0,49.0
55.0,13.0,107.0,23.0,40.0,99.0,-777.0,50.0
55.0,15.0,109.0,25.0,41.0,101.0,-830.0,52.0
54.0,16.0,110.0,26.0,41.0,102.0,-1131.0,53.0
54.0,15.0,108.0,24.0,39.0,100.0,-1016.0,50.0
52.0,13.0,105.0,23.0,39.0,97.0,-831.0,48.0
52.0,11.0,103.0,22.0,38.0,95.0,-993.0,47.0
52.0,9.0,101.0,21.0,37.0,93.0,-1095.0,46.0
51.0,7.0,97.0,19.0,36.0,90.0,-966.0,43.0
50.0,6.0,96.0,20.0,37.0,89.0,-1092.0,44.0
47.0,7.0,94.0,20.0,35.0,87.0,-1227.0,42.0
46.0,5.0,92.0,20.0,34.0,85.0,-1326.0,41.0
44.0,5.0,90.0,19.0,32.0,83.0,-1339.0,39.0
42.0,4.0,89.0,20.0,31.0,81.0,-1427.0,39.0
40.0,2.0,84.0,18.0,28.0,76.0,-1223.0,34.0
37.0,2.0,80.0,17.0,26.0,73.0,-1056.0,32.0
35.0,0.0,76.0,16.0,25.0,69.0,-1010.0,30.0
34.0,-3.0,72.0,14.0,23.0,65.0,-1022.0,27.0
33.0,-6.0,66.0,11.0,21.0,60.0,-1120.0,23.0
30.0,-9.0,64.0,11.0,22.0,58.0,-1326.0,23.0
29.0,-12.0,61.0,11.0,20.0,55.0,-1400.0,22.0
26.0,-14.0,57.0,10.0,18.0,50.0,-1382.0,19.0
23.0,-13.0,54.0,10.0,16.0,47.0,-1438.0,17.0
19.0,-9.0,53.0,11.0,13.0,47.0,-1638.0,16.0
16.0,-9.0,49.0,9.0,10.0,42.0,-1580.0,12.0
15.0,-11.0,47.0,8.0,9.0,40.0,-1574.0,10.0
14.0,-12.0,44.0,8.0,8.0,38.0,-1580.0,8.0
13.0,-13.0,41.0,6.0,6.0,35.0,-1397.0,6.0
12.0,-13.0,38.0,5.0,5.0,33.0,-1176.0,4.0
9.0,-12.0,37.0,5.0,6.0,31.0,-1245.0,4.0
7.0,-12.0,35.0,6.0,4.0,29.0,-1369.0,3.0
6.0,-11.0,34.0,6.0,3.0,28.0,-1388.0,2.0
4.0,-11.0,32.0,6.0,2.0,26.0,-1448.0,0.0
1.0,-10.0,32.0,7.0,1.0,25.0,-1685.0,0.0
0.0,-10.0,29.0,5.0,-1.0,23.0,-1587.0,-2.0
0.0,-9.0,27.0,5.0,-1.0,21.0,-1427.0,-3.0
-1.0,-11.0,25.0,4.0,-3.0,19.0,-1440.0,-5.0
-2.0,-11.0,23.0,3.0,-4.0,17.0,-1466.0,-6.0
-2.0,-12.0,20.0,1.0,-4.0,15.0,-1336.0,-8.0
-2.0,-14.0,20.0,2.0,-3.0,14.0,-1433.0,-7.0
-4.0,-13.0,19.0,2.0,-5.0,13.0,-1485.0,-8.0
-6.0,-11.0,18.0,2.0,-6.0,12.0,-1462.0,-9.0
-8.0,-10.0,17.0,3.0,-7.0,11.0,-1483.0,-10.0
-12.0,-9.0,15.0,4.0,-9.0,9.0,-1735.0,-11.0
-13.0,-9.0,12.0,2.0,-11.0,6.0,-1654.0,-14.0
-14.0,-8.0,11.0,2.0,-12.0,5.0,-1355.0,-15.0
-15.0,-8.0,10.0,1.0,-12.0,4.0,-1343.0,-16.0
-14.0,-8.0,10.0,0.0,-12.0,3.0,-1531.0,-16.0
-14.0,-10.0,7.0,0.0,-13.0,2.0,-1360.0,-18.0
-15.0,-11.0,6.0,0.0,-12.0,0.0,-1148.0,-18.0
-16.0,-10.0,6.0,0.0,-13.0,0.0,-1127.0,-18.0
-17.0,-10.0,6.0,0.0,-13.0,0.0,-1277.0,-18.0
-16.0,-10.0,6.0,1.0,-13.0,0.0,-1444.0,-18.0
-18.0,-8.0,8.0,3.0,-13.0,1.0,-1645.0,-17.0
-17.0,-8.0,7.0,1.0,-15.0,0.0,-1543.0,-19.0
-17.0,-9.0,6.0,0.0,-15.0,0.0,-1428.0,-19.0
-17.0,-10.0,6.0,0.0,-14.0,0.0,-1454.0,-19.0
-16.0,-10.0,5.0,0.0,-14.0,0.0,-1407.0,-19.0
-16.0,-11.0,4.0,-1.0,-14.0,-1.0,-1212.0,-20.0
-15.0,-11.0,5.0,0.0,-13.0,0.0,-1338.0,-19.0
-16.0,-10.0,6.0,0.0,-13.0,0.0,-1463.0,-18.0
-17.0,-10.0,6.0,0.0,-14.0,0.0,-1465.0,-18.0
-17.0,-10.0,6.0,0.0,-13.0,0.0,-1558.0,-18.0
-18.0,-8.0,8.0,2.0,-13.0,1.0,-1661.0,-17.0
-17.0,-9.0,6.0,1.0,-15.0,0.0,-1567.0,-19.0
-17.0,-9.0,6.0,0.0,-15.0,0.0,-1460.0,-19.0
-17.0,-9.0,6.0,0.0,-14.0,0.0,-1524.0,-19.0
-17.0,-10.0,6.0,0.0,-14.0,0.0,-1539.0,-19.0
-16.0,-11.0,4.0,-1.0,-15.0,-1.0,-1264.0,-20.0
-15.0,-11.0,5.0,0.0,-13.0,0.0,-1167.0,-19.0
-16.0,-10.0,5.0,0.0,-13.0,0.0,-1253.0,-18.0
-16.0,-10.0,6.0,0.0,-13.0,0.0,-1265.0,-18.0
-16.0,-10.0,6.0,1.0,-13.0,0.0,-1277.0,-17.0
-17.0,-8.0,8.0,2.0,-13.0,1.0,-1431.0,-16.0
-17.0,-8.0,7.0,1.0,-15.0,0.0,-1332.0,-18.0
-17.0,-9.0,6.0,1.0,-14.0,0.0,-1225.0,-19.0
-17.0,-9.0,6.0,0.0,-14.0,0.0,-1273.0,-19.0
-16.0,-9.0,5.0,0.0,-15.0,0.0,-1258.0,-19.0
-15.0,-11.0,4.0,-1.0,-15.0,-1.0,-1159.0,-20.0
-15.0,-11.0,5.0,0.0,-12.0,0.0,-1413.0,-19.0
-16.0,-10.0,6.0,0.0,-13.0,0.0,-1552.0,-18.0
-16.0,-10.0,6.0,0.0,-13.0,0.0,-1333.0,-18.0
-17.0,-9.0,6.0,1.0,-13.0,0.0,-1275.0,-17.0
-17.0,-8.0,8.0,2.0,-13.0,1.0,-1518.0,-16.0
-17.0,-8.0,7.0,1.0,-14.0,0.0,-1581.0,-18.0
-16.0,-9.0,6.0,1.0,-14.0,0.0,-1669.0,-18.0
-16.0,-10.0,6.0,1.0,-14.0,0.0,-1758.0,-19.0
-16.0,-10.0,5.0,0.0,-15.0,0.0,-1756.0,-19.0
-15.0,-11.0,4.0,-1.0,-15.0,-1.0,-1625.0,-20.0
-15.0,-11.0,4.0,0.0,-13.0,0.0,-1685.0,-18.0
-16.0,-10.0,5.0,0.0,-13.0,0.0,-1806.0,-18.0
-16.0,-10.0,6.0,0.0,-14.0,0.0,-1765.0,-18.0
-16.0,-10.0,6.0,1.0,-13.0,0.0,-1756.0,-18.0
-17.0,-8.0,7.0,2.0,-13.0,1.0,-1840.0,-16.0
-18.0,-8.0,6.0,1.0,-15.0,0.0,-1826.0,-18.0
-17.0,-9.0,5.0,0.0,-14.0,0.0,-1756.0,-19.0
-17.0,-9.0,5.0,0.0,-14.0,0.0,-1809.0,-18.0
-16.0,-10.0,5.0,0.0,-14.0,0.0,-1790.0,-19.0
-15.0,-11.0,4.0,-1.0,-15.0,-1.0,-1682.0,-20.0
-15.0,-11.0,5.0,0.0,-13.0,0.0,-1606.0,-18.0
-16.0,-10.0,5.0,0.0,-13.0,0.0,-1622.0,-18.0
-16.0,-10.0,5.0,0.0,-13.0,0.0,-1666.0,-18.0
-16.0,-10.0,6.0,1.0,-13.0,0.0,-1658.0,-18.0
-17.0,-8.0,7.0,2.0,-13.0,1.0,-1708.0,-16.0
-18.0,-8.0,7.0,1.0,-15.0,0.0,-1464.0,-18.0
-17.0,-9.0,6.0,0.0,-14.0,0.0,-933.0,-18.0
-16.0,-9.0,6.0,0.0,-14.0,0.0,-816.0,-18.0
-16.0,-9.0,5.0,0.0,-14.0,0.0,-758.0,-19.0
-15.0,-10.0,4.0,-1.0,-15.0,-1.0,-617.0,-20.0
-15.0,-11.0,5.0,0.0,-12.0,0.0,-623.0,-18.0
-16.0,-10.0,5.0,0.0,-13.0,0.0,-736.0,-17.0
-16.0,-10.0,5.0,0.0,-13.0,0.0,-685.0,-17.0
-16.0,-9.0,6.0,0.0,-13.0,0.0,-706.0,-17.0
-17.0,-8.0,7.0,2.0,-12.0,1.0,-868.0,-16.0
-17.0,-8.0,6.0,1.0,-15.0,0.0,-866.0,-18.0
-17.0,-9.0,5.0,0.0,-14.0,0.0,-682.0,-19.0
-16.0,-9.0,5.0,0.0,-14.0,0.0,-762.0,-18.0
-16.0,-9.0,5.0,0.0,-14.0,0.0,-812.0,-19.0
-15.0,-10.0,4.0,0.0,-14.0,-1.0,-700.0,-20.0
-15.0,-11.0,5.0,0.0,-13.0,0.0,-710.0,-18.0
-16.0,-10.0,5.0,0.0,-12.0,0.0,-857.0,-18.0
-16.0,-10.0,5.0,0.0,-13.0,0.0,-842.0,-18.0
-16.0,-9.0,5.0,0.0,-13.0,0.0,-867.0,-18.0
-17.0,-8.0,7.0,2.0,-13.0,1.0,-974.0,-16.0
-18.0,-8.0,7.0,2.0,-14.0,0.0,-929.0,-17.0
-17.0,-9.0,5.0,1.0,-14.0,0.0,-770.0,-18.0
-16.0,-9.0,5.0,1.0,-14.0,0.0,-772.0,-18.0
-16.0,-9.0,5.0,0.0,-14.0,0.0,-736.0,-19.0
-15.0,-11.0,4.0,-1.0,-15.0,-1.0,-621.0,-20.0
-15.0,-11.0,4.0,0.0,-13.0,0.0,-629.0,-18.0
-16.0,-9.0,5.0,0.0,-13.0,0.0,-780.0,-17.0
-16.0,-9.0,5.0,0.0,-13.0,0.0,-752.0,-18.0
-16.0,-9.0,5.0,1.0,-13.0,0.0,-763.0,-17.0
-17.0,-8.0,7.0,2.0,-12.0,2.0,-928.0,-16.0
-17.0,-8.0,7.0,2.0,-14.0,1.0,-1011.0,-17.0
-16.0,-9.0,5.0,0.0,-14.0,0.0,-871.0,-18.0
-16.0,-9.0,5.0,0.0,-14.0,0.0,-916.0,-18.0
-16.0,-9.0,5.0,0.0,-14.0,0.0,-843.0,-18.0
-15.0,-10.0,4.0,-1.0,-14.0,-1.0,-707.0,-20.0
-15.0,-11.0,4.0,0.0,-13.0,0.0,-714.0,-18.0
-16.0,-10.0,5.0,0.0,-13.0,0.0,-870.0,-17.0
-16.0,-9.0,5.0,0.0,-13.0,0.0,-852.0,-17.0
-16.0,-10.0,5.0,0.0,-13.0,0.0,-851.0,-17.0
-17.0,-8.0,7.0,2.0,-12.0,1.0,-1019.0,-16.0
-17.0,-8.0,7.0,2.0,-14.0,0.0,-1107.0,-17.0
-16.0,-8.0,6.0,1.0,-14.0,0.0,-1027.0,-18.0
-16.0,-9.0,6.0,0.0,-13.0,0.0,-1094.0,-18.0
-16.0,-9.0,5.0,0.0,-13.0,0.0,-1108.0,-18.0
-15.0,-10.0,4.0,-1.0,-14.0,-1.0,-968.0,-19.0
-15.0,-11.0,4.0,0.0,-12.0,0.0,-912.0,-18.0
-15.0,-9.0,5.0,0.0,-12.0,0.0,-1051.0,-17.0
-16.0,-9.0,5.0,0.0,-13.0,0.0,-1009.0,-17.0
-16.0,-9.0,6.0,1.0,-13.0,0.0,-990.0,-17.0
-17.0,-8.0,7.0,2.0,-13.0,1.0,-1138.0,-16.0
-17.0,-8.0,6.0,1.0,-14.0,1.0,-1203.0,-17.0
-17.0,-9.0,6.0,0.0,-14.0,0.0,-1050.0,-18.0
-16.0,-9.0,6.0,0.0,-13.0,0.0,-1069.0,-18.0
-16.0,-9.0,5.0,0.0,-14.0,0.0,-1074.0,-18.0
-15.0,-10.0,4.0,0.0,-14.0,-1.0,-977.0,-19.0
-14.0,-11.0,4.0,0.0,-12.0,0.0,-867.0,-18.0
-15.0,-10.0,5.0,0.0,-12.0,0.0,-1038.0,-17.0
-15.0,-10.0,5.0,0.0,-13.0,0.0,-1036.0,-17.0
-16.0,-9.0,5.0,0.0,-13.0,0.0,-1108.0,-17.0
-16.0,-8.0,7.0,2.0,-12.0,1.0,-1287.0,-15.0
-17.0,-8.0,6.0,1.0,-14.0,1.0,-1329.0,-17.0
-16.0,-9.0,5.0,0.0,-15.0,0.0,-1145.0,-18.0
-16.0,-9.0,5.0,0.0,-14.0,0.0,-1163.0,-18.0
-16.0,-9.0,5.0,0.0,-13.0,0.0,-1192.0,-18.0
-15.0,-10.0,3.0,0.0,-14.0,-1.0,-1095.0,-19.0
-14.0,-10.0,4.0,0.0,-13.0,0.0,-1034.0,-18.0
-15.0,-9.0,5.0,0.0,-12.0,0.0,-1180.0,-17.0
-15.0,-9.0,5.0,0.0,-13.0,0.0,-1137.0,-17.0
-16.0,-9.0,5.0,1.0,-12.0,0.0,-1061.0,-17.0
-16.0,-8.0,7.0,2.0,-12.0,1.0,-1176.0,-15.0
-16.0,-8.0,7.0,2.0,-13.0,1.0,-1320.0,-16.0
-16.0,-9.0,6.0,1.0,-14.0,0.0,-1201.0,-17.0
-16.0,-9.0,5.0,0.0,-13.0,0.0,-1220.0,-17.0
-15.0,-9.0,5.0,0.0,-14.0,0.0,-1227.0,-18.0
-15.0,-10.0,4.0,0.0,-14.0,-1.0,-1123.0,-19.0
-14.0,-11.0,4.0,0.0,-12.0,0.0,-1067.0,-18.0
-15.0,-10.0,5.0,0.0,-12.0,0.0,-1235.0,-17.0
-15.0,-9.0,5.0,0.0,-13.0,0.0,-1237.0,-17.0
-15.0,-9.0,5.0,0.0,-13.0,0.0,-1250.0,-17.0
-16.0,-8.0,7.0,2.0,-12.0,1.0,-1338.0,-15.0
-17.0,-8.0,6.0,2.0,-13.0,1.0,-1400.0,-16.0
-16.0,-8.0,5.0,1.0,-13.0,0.0,-1281.0,-17.0
-16.0,-9.0,5.0,0.0,-13.0,0.0,-1324.0,-17.0
-15.0,-9.0,5.0,0.0,-13.0,0.0,-1284.0,-18.0
-15.0,-10.0,3.0,0.0,-14.0,-1.0,-1062.0,-19.0
-14.0,-10.0,4.0,0.0,-12.0,-1.0,-949.0,-18.0
-15.0,-9.0,5.0,0.0,-12.0,0.0,-1194.0,-16.0
-15.0,-9.0,5.0,0.0,-13.0,0.0,-1175.0,-17.0
-15.0,-9.0,5.0,1.0,-12.0,0.0,-1181.0,-16.0
-16.0,-8.0,7.0,2.0,-12.0,1.0,-1279.0,-15.0
-17.0,-8.0,7.0,2.0,-13.0,1.0,-1358.0,-16.0
-16.0,-8.0,5.0,0.0,-14.0,0.0,-1261.0,-18.0
-16.0,-9.0,5.0,0.0,-13.0,0.0,-1316.0,-17.0
-16.0,-9.0,5.0,0.0,-13.0,0.0,-1327.0,-18.0
-14.0,-10.0,4.0,0.0,-14.0,-1.0,-1231.0,-19.0
-14.0,-10.0,4.0,0.0,-12.0,0.0,-1140.0,-18.0
-15.0,-9.0,5.0,0.0,-12.0,0.0,-1256.0,-16.0
-15.0,-9.0,5.0,0.0,-13.0,0.0,-1255.0,-17.0
-15.0,-9.0,5.0,0.0,-13.0,0.0,-1261.0,-17.0
-16.0,-8.0,7.0,2.0,-12.0,1.0,-1370.0,-15.0
-16.0,-7.0,7.0,2.0,-13.0,1.0,-1452.0,-16.0
-16.0,-8.0,5.0,1.0,-14.0,0.0,-1232.0,-17.0
-16.0,-9.0,5.0,0.0,-13.0,0.0,-1208.0,-17.0
-15.0,-9.0,5.0,0.0,-13.0,0.0,-1222.0,-18.0
-15.0,-10.0,4.0,0.0,-14.0,-1.0,-1145.0,-18.0
-14.0,-10.0,4.0,0.0,-12.0,0.0,-1057.0,-18.0
-15.0,-9.0,5.0,0.0,-11.0,0.0,-1204.0,-16.0
-15.0,-9.0,5.0,0.0,-12.0,0.0,-1156.0,-17.0
-15.0,-9.0,5.0,1.0,-12.0,0.0,-1135.0,-17.0
-16.0,-8.0,6.0,2.0,-12.0,1.0,-1240.0,-15.0
-17.0,-7.0,7.0,2.0,-13.0,1.0,-1359.0,-16.0
-16.0,-8.0,5.0,0.0,-14.0,0.0,-1202.0,-17.0
-15.0,-8.0,5.0,0.0,-13.0,0.0,-1191.0,-17.0
-15.0,-9.0,5.0,0.0,-13.0,0.0,-1209.0,-17.0
-15.0,-10.0,4.0,0.0,-14.0,-1.0,-1106.0,-18.0
-14.0,-10.0,4.0,0.0,-12.0,-1.0,-1013.0,-18.0
-14.0,-9.0,5.0,0.0,-12.0,0.0,-1201.0,-16.0
-15.0,-9.0,5.0,0.0,-12.0,0.0,-1180.0,-17.0
-14.0,-9.0,5.0,1.0,-12.0,0.0,-1148.0,-16.0
-15.0,-8.0,7.0,2.0,-12.0,1.0,-1201.0,-15.0
-16.0,-7.0,7.0,2.0,-13.0,1.0,-1319.0,-16.0
-15.0,-8.0,5.0,0.0,-14.0,0.0,-1192.0,-17.0
-15.0,-8.0,5.0,1.0,-13.0,0.0,-1190.0,-17.0
-15.0,-9.0,5.0,0.0,-13.0,0.0,-1204.0,-17.0
-15.0,-9.0,4.0,0.0,-14.0,0.0,-1136.0,-18.0
-14.0,-10.0,3.0,0.0,-12.0,-1.0,-989.0,-18.0
-15.0,-10.0,5.0,0.0,-11.0,0.0,-1065.0,-16.0
-15.0,-9.0,5.0,0.0,-12.0,0.0,-1116.0,-16.0
-15.0,-9.0,5.0,0.0,-12.0,0.0,-1156.0,-16.0
-16.0,-8.0,6.0,2.0,-11.0,1.0,-1108.0,-15.0
-17.0,-7.0,7.0,2.0,-13.0,1.0,-1168.0,-16.0
-16.0,-8.0,5.0,0.0,-14.0,0.0,-970.0,-17.0
-15.0,-9.0,5.0,0.0,-12.0,0.0,-967.0,-17.0
-15.0,-9.0,5.0,0.0,-13.0,0.0,-1030.0,-17.0
-14.0,-9.0,4.0,0.0,-14.0,-1.0,-1016.0,-18.0
-14.0,-10.0,3.0,-1.0,-12.0,-1.0,-942.0,-18.0
-15.0,-9.0,5.0,0.0,-12.0,0.0,-1114.0,-16.0
-15.0,-9.0,5.0,0.0,-12.0,0.0,-1139.0,-16.0
-15.0,-9.0,5.0,0.0,-12.0,0.0,-1118.0,-16.0
-16.0,-8.0,6.0,1.0,-12.0,0.0,-1223.0,-15.0
-16.0,-7.0,6.0,2.0,-13.0,1.0,-1319.0,-15.0
-16.0,-8.0,5.0,1.0,-14.0,0.0,-1154.0,-17.0
-16.0,-8.0,5.0,0.0,-12.0,0.0,-1234.0,-17.0
-15.0,-9.0,5.0,0.0,-12.0,0.0,-1304.0,-17.0
-15.0,-9.0,4.0,0.0,-14.0,0.0,-1075.0,-18.0
-14.0,-10.0,3.0,-1.0,-13.0,-1.0,-1054.0,-18.0
-14.0,-9.0,5.0,0.0,-11.0,0.0,-1342.0,-16.0
-15.0,-9.0,5.0,0.0,-12.0,0.0,-1235.0,-16.0
-15.0,-9.0,5.0,0.0,-12.0,0.0,-1099.0,-16.0
-15.0,-8.0,6.0,1.0,-12.0,1.0,-1104.0,-15.0
-16.0,-7.0,7.0,2.0,-12.0,1.0,-1212.0,-15.0
-16.0,-8.0,5.0,1.0,-13.0,0.0,-1043.0,-17.0
-15.0,-8.0,5.0,0.0,-12.0,0.0,-1025.0,-16.0
-15.0,-9.0,5.0,0.0,-13.0,0.0,-1042.0,-17.0
-14.0,-9.0,4.0,0.0,-13.0,-1.0,-981.0,-18.0
-13.0,-10.0,3.0,-1.0,-12.0,-1.0,-852.0,-18.0
-14.0,-10.0,5.0,0.0,-11.0,0.0,-1015.0,-16.0
-14.0,-9.0,5.0,0.0,-12.0,0.0,-1044.0,-16.0
-14.0,-9.0,5.0,0.0,-12.0,0.0,-1059.0,-16.0
-15.0,-8.0,6.0,1.0,-11.0,0.0,-1141.0,-15.0
-16.0,-7.0,7.0,2.0,-12.0,1.0,-1267.0,-15.0
-15.0,-8.0,5.0,1.0,-14.0,0.0,-1102.0,-17.0
-15.0,-9.0,5.0,0.0,-13.0,0.0,-1078.0,-17.0
-15.0,-9.0,5.0,0.0,-12.0,0.0,-1116.0,-17.0
-14.0,-9.0,4.0,0.0,-13.0,0.0,-1055.0,-17.0
-13.0,-10.0,3.0,-1.0,-12.0,-1.0,-921.0,-18.0
-14.0,-9.0,5.0,0.0,-11.0,0.0,-1095.0,-16.0
-14.0,-9.0,5.0,0.0,-12.0,0.0,-1119.0,-16.0
-14.0,-9.0,4.0,0.0,-11.0,0.0,-1101.0,-16.0
-15.0,-8.0,6.0,1.0,-11.0,0.0,-1135.0,-15.0
-16.0,-7.0,7.0,2.0,-12.0,1.0,-1267.0,-15.0
-15.0,-8.0,5.0,1.0,-13.0,0.0,-1110.0,-17.0
-15.0,-8.0,5.0,0.0,-13.0,0.0,-1085.0,-17.0
-13.0,-8.0,7.0,1.0,-11.0,2.0,-1083.0,-15.0
-10.0,-6.0,10.0,1.0,-10.0,5.0,-986.0,-13.0
-8.0,-6.0,11.0,0.0,-8.0,7.0,-873.0,-12.0
-7.0,-5.0,15.0,2.0,-5.0,10.0,-1063.0,-9.0
-4.0,-5.0,18.0,3.0,-4.0,13.0,-1083.0,-6.0
-1.0,-7.0,23.0,4.0,-1.0,18.0,-1045.0,-2.0
0.0,-6.0,27.0,6.0,0.0,21.0,-1092.0,0.0
1.0,-4.0,30.0,8.0,1.0,25.0,-1222.0,1.0
4.0,-6.0,31.0,6.0,2.0,26.0,-1065.0,2.0
6.0,-6.0,32.0,6.0,3.0,27.0,-1034.0,3.0
6.0,-4.0,33.0,6.0,3.0,28.0,-1076.0,3.0
7.0,-4.0,34.0,5.0,3.0,28.0,-1037.0,3.0
10.0,-6.0,34.0,5.0,5.0,29.0,-898.0,4.0
10.0,-6.0,36.0,6.0,7.0,31.0,-1023.0,6.0
9.0,-6.0,36.0,6.0,6.0,31.0,-1028.0,6.0
9.0,-6.0,36.0,7.0,6.0,31.0,-1020.0,7.0
9.0,-5.0,37.0,8.0,7.0,32.0,-1097.0,7.0
8.0,-4.0,38.0,9.0,6.0,32.0,-1235.0,8.0
8.0,-8.0,35.0,7.0,4.0,29.0,-1077.0,5.0
9.0,-10.0,34.0,6.0,5.0,28.0,-1071.0,4.0
9.0,-10.0,33.0,6.0,5.0,28.0,-1098.0,4.0
9.0,-10.0,32.0,5.0,5.0,27.0,-1034.0,4.0
8.0,-10.0,30.0,4.0,4.0,26.0,-902.0,2.0
7.0,-8.0,31.0,5.0,5.0,26.0,-1064.0,3.0
7.0,-8.0,32.0,5.0,4.0,26.0,-1078.0,3.0
6.0,-8.0,31.0,5.0,4.0,26.0,-1009.0,3.0
4.0,-9.0,29.0,6.0,3.0,24.0,-1056.0,2.0
2.0,-8.0,30.0,7.0,2.0,24.0,-1224.0,2.0
2.0,-9.0,27.0,5.0,0.0,21.0,-1037.0,0.0
1.0,-10.0,24.0,4.0,0.0,19.0,-962.0,-2.0
1.0,-10.0,22.0,3.0,-1.0,17.0,-989.0,-3.0
0.0,-9.0,21.0,3.0,-2.0,15.0,-965.0,-4.0
0.0,-11.0,18.0,1.0,-2.0,13.0,-844.0,-6.0
-3.0,-11.0,17.0,2.0,-2.0,12.0,-993.0,-6.0
-4.0,-9.0,16.0,2.0,-4.0,11.0,-1060.0,-7.0
-6.0,-8.0,15.0,2.0,-5.0,10.0,-1056.0,-8.0
-8.0,-7.0,14.0,3.0,-6.0,9.0,-1085.0,-8.0
-11.0,-6.0,12.0,3.0,-8.0,7.0,-1214.0,-10.0
-13.0,-6.0,9.0,2.0,-11.0,4.0,-1065.0,-13.0
-14.0,-8.0,3.0,0.0,-12.0,0.0,-990.0,-16.0
-15.0,-8.0,4.0,0.0,-12.0,0.0,-979.0,-16.0
-15.0,-8.0,5.0,1.0,-11.0,0.0,-1039.0,-15.0
-16.0,-6.0,6.0,2.0,-12.0,1.0,-1237.0,-15.0
-16.0,-7.0,4.0,1.0,-14.0,0.0,-1120.0,-17.0
-15.0,-8.0,4.0,0.0,-13.0,0.0,-1053.0,-17.0
-15.0,-8.0,4.0,0.0,-12.0,0.0,-1084.0,-17.0
-15.0,-8.0,3.0,0.0,-13.0,-1.0,-1058.0,-17.0
-14.0,-10.0,2.0,-1.0,-13.0,-2.0,-884.0,-17.0
-14.0,-9.0,4.0,0.0,-11.0,0.0,-997.0,-16.0
-14.0,-9.0,4.0,0.0,-11.0,0.0,-1092.0,-16.0
-14.0,-8.0,4.0,0.0,-12.0,0.0,-1063.0,-16.0
-15.0,-8.0,5.0,1.0,-11.0,0.0,-1077.0,-15.0
-16.0,-7.0,6.0,2.0,-12.0,1.0,-1234.0,-15.0
-15.0,-7.0,5.0,1.0,-13.0,0.0,-1100.0,-17.0
-15.0,-8.0,4.0,0.0,-12.0,0.0,-1058.0,-17.0
-15.0,-8.0,4.0,0.0,-12.0,0.0,-1071.0,-17.0
-14.0,-9.0,3.0,0.0,-13.0,-1.0,-1029.0,-17.0
-13.0,-10.0,2.0,-1.0,-13.0,-2.0,-877.0,-18.0
-14.0,-9.0,3.0,0.0,-11.0,0.0,-995.0,-16.0
-14.0,-8.0,4.0,0.0,-12.0,0.0,-1054.0,-16.0
-14.0,-8.0,4.0,0.0,-12.0,0.0,-1014.0,-16.0
-14.0,-8.0,5.0,1.0,-11.0,0.0,-1043.0,-15.0
-16.0,-6.0,6.0,2.0,-11.0,1.0,-1197.0,-14.0
-15.0,-7.0,5.0,1.0,-13.0,0.0,-1029.0,-16.0
-15.0,-8.0,4.0,0.0,-12.0,0.0,-962.0,-16.0
-14.0,-8.0,4.0,0.0,-12.0,0.0,-1030.0,-16.0
-14.0,-8.0,3.0,0.0,-13.0,-1.0,-1005.0,-17.0
-13.0,-9.0,2.0,-1.0,-12.0,-2.0,-832.0,-18.0
-13.0,-9.0,3.0,0.0,-11.0,0.0,-919.0,-16.0
-14.0,-9.0,4.0,0.0,-12.0,0.0,-968.0,-16.0
-14.0,-8.0,4.0,0.0,-11.0,0.0,-941.0,-15.0
-17.0,-8.0,7.0,1.0,-13.0,-2.0,-1020.0,-17.0
-23.0,-9.0,16.0,4.0,-17.0,-9.0,-1205.0,-21.0
-27.0,-13.0,22.0,5.0,-22.0,-18.0,-1109.0,-28.0
-32.0,-15.0,29.0,6.0,-26.0,-25.0,-1062.0,-34.0
-36.0,-15.0,34.0,7.0,-28.0,-29.0,-1099.0,-37.0
-35.0,-8.0,28.0,4.0,-27.0,-25.0,-1083.0,-34.0
-28.0,-1.0,15.0,0.0,-23.0,-15.0,-932.0,-29.0
-17.0,11.0,-3.0,-4.0,-11.0,6.0,-1027.0,-14.0
0.0,37.0,-38.0,-14.0,2.0,41.0,-1057.0,7.0
22.0,62.0,-78.0,-25.0,20.0,81.0,-938.0,33.0
48.0,85.0,-120.0,-35.0,41.0,123.0,-899.0,61.0
72.0,108.0,-160.0,-44.0,61.0,166.0,-1001.0,90.0
98.0,129.0,-205.0,-57.0,79.0,206.0,-856.0,115.0
124.0,150.0,-247.0,-68.0,100.0,247.0,-741.0,142.0
150.0,170.0,-289.0,-79.0,120.0,287.0,-736.0,169.0
176.0,184.0,-327.0,-89.0,140.0,326.0,-675.0,195.0
203.0,187.0,-362.0,-97.0,158.0,357.0,-519.0,217.0
224.0,186.0,-386.0,-101.0,176.0,383.0,-621.0,238.0
240.0,189.0,-406.0,-105.0,187.0,403.0,-736.0,253.0
250.0,193.0,-420.0,-108.0,195.0,417.0,-645.0,263.0
256.0,188.0,-423.0,-108.0,199.0,422.0,-582.0,267.0
257.0,178.0,-419.0,-104.0,200.0,420.0,-684.0,268.0
254.0,168.0,-411.0,-102.0,195.0,410.0,-626.0,261.0
246.0,159.0,-397.0,-98.0,189.0,394.0,-576.0,251.0
234.0,149.0,-377.0,-94.0,180.0,375.0,-631.0,238.0
221.0,135.0,-354.0,-88.0,168.0,351.0,-633.0,223.0
205.0,114.0,-325.0,-81.0,154.0,319.0,-503.0,202.0
182.0,94.0,-286.0,-70.0,139.0,284.0,-583.0,180.0
157.0,73.0,-244.0,-59.0,119.0,244.0,-697.0,153.0
131.0,48.0,-200.0,-47.0,98.0,200.0,-721.0,125.0
104.0,20.0,-153.0,-33.0,77.0,156.0,-806.0,97.0
77.0,0.0,-109.0,-20.0,57.0,115.0,-1029.0,70.0
52.0,-18.0,-70.0,-12.0,35.0,74.0,-983.0,41.0
26.0,-37.0,-29.0,-2.0,15.0,33.0,-863.0,14.0
0.0,-54.0,0.0,1.0,-5.0,-7.0,-823.0,-14.0
-28.0,-77.0,8.0,0.0,-28.0,-54.0,-838.0,-45.0
-54.0,-93.0,6.0,0.0,-48.0,-94.0,-752.0,-72.0
-71.0,-82.0,7.0,0.0,-57.0,-107.0,-907.0,-82.0
-75.0,-64.0,8.0,1.0,-59.0,-102.0,-1162.0,-82.0
-65.0,-54.0,8.0,1.0,-51.0,-84.0,-1244.0,-71.0
-52.0,-40.0,9.0,1.0,-40.0,-60.0,-1252.0,-55.0
-39.0,-27.0,10.0,3.0,-29.0,-36.0,-1341.0,-39.0
-27.0,-19.0,9.0,2.0,-22.0,-19.0,-1238.0,-29.0
-18.0,-11.0,9.0,1.0,-15.0,-7.0,-1030.0,-20.0
-16.0,-10.0,8.0,1.0,-14.0,-4.0,-854.0,-18.0
-16.0,-10.0,8.0,0.0,-14.0,-4.0,-782.0,-19.0
-15.0,-11.0,6.0,0.0,-15.0,-6.0,-630.0,-20.0
-15.0,-11.0,7.0,0.0,-13.0,-4.0,-819.0,-18.0
-16.0,-10.0,8.0,1.0,-13.0,-4.0,-1110.0,-18.0
-16.0,-10.0,8.0,1.0,-13.0,-4.0,-1186.0,-18.0
-16.0,-10.0,8.0,2.0,-13.0,-3.0,-1208.0,-17.0
-18.0,-8.0,10.0,3.0,-13.0,-2.0,-1245.0,-16.0
-17.0,-8.0,9.0,2.0,-14.0,-3.0,-1035.0,-18.0
-17.0,-9.0,8.0,1.0,-14.0,-4.0,-882.0,-18.0
-16.0,-9.0,8.0,1.0,-14.0,-4.0,-809.0,-18.0
-16.0,-10.0,8.0,1.0,-14.0,-4.0,-817.0,-19.0
-15.0,-11.0,6.0,0.0,-14.0,-5.0,-737.0,-20.0
-15.0,-10.0,7.0,0.0,-12.0,-4.0,-816.0,-18.0
-16.0,-10.0,8.0,1.0,-13.0,-4.0,-919.0,-17.0
-16.0,-10.0,8.0,1.0,-13.0,-4.0,-864.0,-17.0
-16.0,-10.0,9.0,2.0,-13.0,-3.0,-868.0,-17.0
-17.0,-9.0,10.0,3.0,-12.0,-2.0,-983.0,-16.0
-17.0,-9.0,9.0,2.0,-15.0,-3.0,-864.0,-18.0
-17.0,-9.0,8.0,1.0,-14.0,-4.0,-731.0,-18.0
-16.0,-10.0,8.0,1.0,-14.0,-4.0,-781.0,-18.0
-16.0,-10.0,8.0,1.0,-14.0,-4.0,-792.0,-19.0
-15.0,-11.0,6.0,0.0,-14.0,-5.0,-644.0,-19.0
-15.0,-11.0,7.0,0.0,-12.0,-4.0,-674.0,-18.0
-16.0,-10.0,8.0,1.0,-13.0,-4.0,-788.0,-18.0
-16.0,-10.0,8.0,1.0,-13.0,-4.0,-774.0,-18.0
-16.0,-9.0,8.0,1.0,-13.0,-4.0,-806.0,-17.0
-17.0,-8.0,10.0,3.0,-12.0,-2.0,-965.0,-16.0
-17.0,-9.0,9.0,2.0,-14.0,-3.0,-923.0,-18.0
-17.0,-9.0,8.0,1.0,-14.0,-4.0,-837.0,-18.0
-16.0,-9.0,8.0,1.0,-14.0,-4.0,-889.0,-18.0
-16.0,-9.0,7.0,1.0,-14.0,-4.0,-928.0,-19.0
-15.0,-10.0,6.0,0.0,-14.0,-6.0,-826.0,-20.0
-15.0,-11.0,6.0,0.0,-12.0,-4.0,-867.0,-18.0
-15.0,-10.0,8.0,1.0,-13.0,-4.0,-970.0,-17.0
-16.0,-10.0,8.0,1.0,-13.0,-4.0,-887.0,-17.0
-16.0,-9.0,8.0,1.0,-13.0,-3.0,-875.0,-17.0
-17.0,-8.0,10.0,3.0,-12.0,-2.0,-986.0,-16.0
-17.0,-8.0,9.0,2.0,-14.0,-3.0,-926.0,-18.0
-16.0,-8.0,9.0,2.0,-13.0,-3.0,-834.0,-17.0
-14.0,-8.0,12.0,2.0,-11.0,0.0,-896.0,-15.0
-13.0,-8.0,12.0,2.0,-11.0,0.0,-929.0,-15.0
-12.0,-8.0,11.0,1.0,-11.0,0.0,-724.0,-16.0
-10.0,-7.0,15.0,2.0,-8.0,2.0,-699.0,-13.0
-9.0,-7.0,17.0,3.0,-8.0,4.0,-818.0,-11.0
-8.0,-8.0,18.0,3.0,-7.0,5.0,-779.0,-10.0
-7.0,-8.0,18.0,4.0,-6.0,6.0,-799.0,-9.0
-9.0,-7.0,20.0,5.0,-6.0,7.0,-920.0,-8.0
-8.0,-7.0,21.0,5.0,-7.0,7.0,-904.0,-9.0
-6.0,-7.0,22.0,5.0,-6.0,9.0,-804.0,-8.0
-5.0,-7.0,23.0,5.0,-4.0,10.0,-853.0,-7.0
-5.0,-7.0,22.0,4.0,-5.0,10.0,-852.0,-8.0
-3.0,-9.0,22.0,2.0,-5.0,10.0,-693.0,-8.0
-1.0,-10.0,23.0,3.0,-2.0,11.0,-703.0,-5.0
-2.0,-8.0,25.0,5.0,-2.0,13.0,-864.0,-4.0
-2.0,-5.0,27.0,6.0,-2.0,14.0,-831.0,-4.0
-1.0,-6.0,28.0,5.0,-1.0,15.0,-849.0,-3.0
0.0,-6.0,31.0,7.0,0.0,17.0,-987.0,0.0
0.0,-6.0,30.0,7.0,-1.0,17.0,-980.0,-2.0
0.0,-6.0,31.0,6.0,0.0,18.0,-848.0,-1.0
3.0,-5.0,35.0,7.0,1.0,22.0,-895.0,1.0
6.0,-3.0,39.0,8.0,3.0,27.0,-881.0,3.0
10.0,-2.0,42.0,7.0,5.0,29.0,-758.0,5.0
12.0,-1.0,45.0,9.0,8.0,32.0,-741.0,8.0
13.0,0.0,49.0,10.0,9.0,36.0,-836.0,10.0
15.0,1.0,53.0,11.0,11.0,40.0,-780.0,13.0
18.0,4.0,58.0,13.0,13.0,44.0,-784.0,17.0
20.0,7.0,64.0,15.0,16.0,50.0,-945.0,21.0
22.0,9.0,67.0,16.0,16.0,53.0,-946.0,22.0
26.0,7.0,69.0,16.0,18.0,55.0,-766.0,23.0
29.0,7.0,73.0,16.0,21.0,59.0,-742.0,27.0
32.0,8.0,77.0,17.0,23.0,63.0,-673.0,29.0
36.0,9.0,80.0,17.0,25.0,67.0,-516.0,31.0
39.0,11.0,85.0,18.0,29.0,72.0,-484.0,35.0
41.0,14.0,90.0,20.0,31.0,77.0,-658.0,39.0
44.0,13.0,93.0,21.0,32.0,79.0,-693.0,41.0
46.0,13.0,97.0,22.0,35.0,83.0,-710.0,43.0
46.0,15.0,100.0,24.0,36.0,85.0,-859.0,46.0
48.0,17.0,102.0,24.0,35.0,87.0,-873.0,46.0
50.0,16.0,102.0,23.0,36.0,88.0,-714.0,46.0
51.0,14.0,103.0,23.0,38.0,89.0,-746.0,47.0
52.0,13.0,103.0,22.0,38.0,89.0,-770.0,48.0
54.0,12.0,102.0,21.0,38.0,89.0,-655.0,47.0
56.0,13.0,105.0,22.0,41.0,92.0,-617.0,50.0
56.0,14.0,108.0,23.0,42.0,93.0,-773.0,51.0
56.0,14.0,107.0,24.0,41.0,93.0,-733.0,51.0
55.0,14.0,107.0,24.0,41.0,93.0,-750.0,51.0
52.0,14.0,106.0,25.0,40.0,91.0,-901.0,50.0
51.0,13.0,103.0,24.0,38.0,89.0,-913.0,48.0
51.0,10.0,100.0,22.0,37.0,87.0,-744.0,46.0
50.0,10.0,98.0,22.0,36.0,85.0,-751.0,45.0
48.0,8.0,96.0,20.0,35.0,82.0,-753.0,43.0
47.0,7.0,92.0,18.0,33.0,78.0,-671.0,40.0
47.0,5.0,90.0,18.0,34.0,77.0,-615.0,40.0
45.0,5.0,89.0,18.0,33.0,75.0,-742.0,39.0
43.0,2.0,86.0,18.0,31.0,72.0,-713.0,38.0
40.0,2.0,82.0,17.0,29.0,69.0,-728.0,35.0
36.0,4.0,81.0,18.0,28.0,67.0,-854.0,34.0
34.0,2.0,77.0,17.0,25.0,63.0,-890.0,31.0
34.0,-1.0,73.0,15.0,23.0,59.0,-721.0,28.0
31.0,-4.0,68.0,14.0,22.0,55.0,-768.0,25.0
30.0,-7.0,64.0,12.0,20.0,51.0,-805.0,23.0
29.0,-12.0,59.0,10.0,18.0,46.0,-708.0,20.0
27.0,-14.0,55.0,9.0,18.0,43.0,-654.0,18.0
23.0,-13.0,53.0,9.0,16.0,40.0,-809.0,16.0
20.0,-10.0,51.0,9.0,14.0,38.0,-798.0,14.0
17.0,-9.0,48.0,9.0,12.0,35.0,-769.0,13.0
15.0,-9.0,47.0,10.0,11.0,34.0,-862.0,12.0
13.0,-10.0,45.0,9.0,8.0,31.0,-930.0,10.0
12.0,-11.0,41.0,7.0,7.0,28.0,-784.0,7.0
11.0,-11.0,40.0,7.0,7.0,27.0,-818.0,6.0
8.0,-10.0,37.0,6.0,4.0,24.0,-826.0,4.0
8.0,-13.0,33.0,4.0,3.0,21.0,-745.0,1.0
7.0,-12.0,32.0,4.0,3.0,20.0,-678.0,1.0
4.0,-11.0,31.0,5.0,2.0,19.0,-836.0,0.0
2.0,-11.0,29.0,5.0,0.0,17.0,-833.0,0.0
1.0,-10.0,28.0,5.0,0.0,16.0,-809.0,-1.0
0.0,-8.0,28.0,7.0,0.0,16.0,-900.0,-1.0
-2.0,-9.0,25.0,5.0,-2.0,13.0,-968.0,-3.0
-3.0,-10.0,22.0,4.0,-4.0,10.0,-816.0,-6.0
-3.0,-10.0,22.0,4.0,-4.0,10.0,-841.0,-6.0
-4.0,-12.0,20.0,3.0,-5.0,8.0,-845.0,-7.0
-5.0,-13.0,16.0,1.0,-6.0,4.0,-722.0,-10.0
-5.0,-12.0,15.0,1.0,-6.0,4.0,-627.0,-10.0
-8.0,-10.0,15.0,2.0,-7.0,3.0,-820.0,-10.0
-11.0,-10.0,12.0,1.0,-9.0,0.0,-810.0,-13.0
-12.0,-10.0,11.0,2.0,-9.0,0.0,-782.0,-13.0
-14.0,-7.0,11.0,3.0,-10.0,0.0,-893.0,-13.0
-16.0,-6.0,11.0,3.0,-12.0,-1.0,-963.0,-15.0
-15.0,-7.0,9.0,2.0,-12.0,-2.0,-807.0,-16.0
-15.0,-7.0,9.0,2.0,-12.0,-2.0,-830.0,-16.0
-17.0,-9.0,6.0,1.0,-14.0,-5.0,-828.0,-18.0
-17.0,-10.0,4.0,0.0,-16.0,-7.0,-737.0,-20.0
-16.0,-11.0,3.0,0.0,-14.0,-7.0,-642.0,-19.0
-17.0,-10.0,5.0,0.0,-13.0,-6.0,-727.0,-18.0
-17.0,-10.0,5.0,0.0,-14.0,-6.0,-746.0,-18.0
-17.0,-9.0,5.0,0.0,-14.0,-6.0,-715.0,-18.0
-18.0,-8.0,6.0,2.0,-13.0,-5.0,-762.0,-17.0
-19.0,-8.0,7.0,2.0,-14.0,-5.0,-813.0,-18.0
-18.0,-8.0,5.0,1.0,-15.0,-6.0,-566.0,-19.0
-17.0,-9.0,5.0,1.0,-14.0,-6.0,-522.0,-18.0
-17.0,-9.0,5.0,1.0,-14.0,-6.0,-481.0,-19.0
-16.0,-10.0,3.0,0.0,-15.0,-8.0,-449.0,-20.0
-16.0,-11.0,3.0,-1.0,-14.0,-7.0,-495.0,-20.0
-17.0,-10.0,5.0,0.0,-13.0,-6.0,-694.0,-18.0
-17.0,-9.0,5.0,0.0,-13.0,-6.0,-629.0,-18.0
-18.0,-9.0,5.0,1.0,-13.0,-6.0,-602.0,-18.0
-18.0,-8.0,6.0,2.0,-13.0,-5.0,-769.0,-17.0
-18.0,-7.0,6.0,2.0,-14.0,-5.0,-941.0,-17.0
-17.0,-8.0,5.0,1.0,-15.0,-6.0,-826.0,-19.0
-17.0,-9.0,5.0,1.0,-14.0,-6.0,-846.0,-18.0
-17.0,-9.0,5.0,0.0,-14.0,-6.0,-837.0,-19.0
-16.0,-10.0,4.0,0.0,-14.0,-7.0,-687.0,-20.0
-16.0,-11.0,3.0,0.0,-13.0,-7.0,-561.0,-19.0
-16.0,-10.0,4.0,0.0,-13.0,-6.0,-750.0,-18.0
-17.0,-9.0,5.0,0.0,-14.0,-6.0,-771.0,-18.0
-17.0,-9.0,5.0,0.0,-14.0,-6.0,-686.0,-18.0
-17.0,-9.0,6.0,2.0,-13.0,-5.0,-671.0,-16.0
-18.0,-8.0,6.0,3.0,-14.0,-4.0,-807.0,-17.0
-17.0,-9.0,5.0,1.0,-15.0,-6.0,-690.0,-18.0
-17.0,-9.0,5.0,1.0,-14.0,-6.0,-678.0,-18.0
-17.0,-9.0,5.0,0.0,-14.0,-6.0,-665.0,-18.0
-16.0,-10.0,3.0,0.0,-15.0,-7.0,-588.0,-19.0
-15.0,-11.0,3.0,0.0,-13.0,-7.0,-484.0,-19.0
-17.0,-10.0,4.0,0.0,-13.0,-6.0,-635.0,-18.0
-17.0,-9.0,5.0,0.0,-14.0,-6.0,-603.0,-18.0
-17.0,-9.0,5.0,0.0,-13.0,-6.0,-609.0,-18.0
-18.0,-8.0,6.0,2.0,-13.0,-5.0,-701.0,-16.0
-18.0,-7.0,6.0,2.0,-14.0,-4.0,-815.0,-17.0
-17.0,-9.0,5.0,1.0,-15.0,-6.0,-640.0,-18.0
-17.0,-9.0,5.0,1.0,-14.0,-6.0,-615.0,-18.0
-17.0,-9.0,5.0,1.0,-14.0,-6.0,-600.0,-18.0
-16.0,-10.0,4.0,0.0,-15.0,-7.0,-515.0,-19.0
-15.0,-10.0,3.0,-1.0,-14.0,-7.0,-354.0,-19.0
-16.0,-10.0,4.0,0.0,-13.0,-6.0,-517.0,-18.0
-16.0,-10.0,4.0,0.0,-14.0,-6.0,-533.0,-18.0
-17.0,-9.0,5.0,0.0,-13.0,-6.0,-531.0,-18.0
-17.0,-8.0,6.0,1.0,-13.0,-5.0,-597.0,-16.0
-18.0,-8.0,6.0,2.0,-14.0,-4.0,-630.0,-17.0
-17.0,-8.0,5.0,1.0,-15.0,-6.0,-292.0,-18.0
-17.0,-8.0,5.0,1.0,-14.0,-6.0,-233.0,-18.0
-17.0,-9.0,4.0,0.0,-14.0,-6.0,-230.0,-18.0
-16.0,-10.0,3.0,0.0,-14.0,-7.0,-215.0,-19.0
-15.0,-11.0,3.0,-1.0,-14.0,-7.0,-202.0,-19.0
-16.0,-10.0,4.0,0.0,-13.0,-6.0,-314.0,-18.0
-16.0,-9.0,4.0,0.0,-13.0,-6.0,-262.0,-18.0
-16.0,-9.0,4.0,0.0,-13.0,-6.0,-254.0,-18.0
-17.0,-8.0,5.0,2.0,-13.0,-5.0,-242.0,-16.0
-18.0,-7.0,6.0,2.0,-13.0,-5.0,-301.0,-17.0
-17.0,-8.0,5.0,0.0,-15.0,-6.0,-238.0,-18.0
-16.0,-9.0,5.0,1.0,-14.0,-6.0,-366.0,-18.0
-16.0,-9.0,4.0,0.0,-14.0,-6.0,-532.0,-18.0
-16.0,-9.0,4.0,0.0,-15.0,-7.0,-525.0,-19.0
-15.0,-10.0,3.0,-1.0,-14.0,-8.0,-415.0,-19.0
-16.0,-9.0,4.0,0.0,-13.0,-6.0,-623.0,-17.0
-16.0,-9.0,4.0,0.0,-13.0,-6.0,-688.0,-18.0
-16.0,-9.0,5.0,0.0,-13.0,-6.0,-644.0,-17.0
-17.0,-8.0,6.0,1.0,-12.0,-5.0,-745.0,-17.0
-18.0,-7.0,6.0,2.0,-14.0,-5.0,-928.0,-17.0
-17.0,-8.0,5.0,1.0,-15.0,-6.0,-779.0,-18.0
-17.0,-9.0,5.0,1.0,-14.0,-6.0,-733.0,-18.0
-17.0,-9.0,4.0,0.0,-14.0,-6.0,-753.0,-18.0
-16.0,-9.0,4.0,0.0,-14.0,-7.0,-681.0,-19.0
-15.0,-10.0,3.0,-1.0,-13.0,-7.0,-480.0,-19.0
-16.0,-9.0,4.0,0.0,-12.0,-6.0,-530.0,-17.0
-16.0,-9.0,5.0,0.0,-13.0,-6.0,-609.0,-17.0
-16.0,-9.0,5.0,1.0,-13.0,-6.0,-598.0,-17.0
-17.0,-8.0,6.0,1.0,-13.0,-5.0,-649.0,-16.0
-18.0,-7.0,7.0,2.0,-13.0,-4.0,-783.0,-16.0
-17.0,-8.0,5.0,1.0,-15.0,-6.0,-625.0,-18.0
-16.0,-8.0,5.0,0.0,-14.0,-6.0,-619.0,-18.0
-16.0,-8.0,5.0,0.0,-14.0,-6.0,-660.0,-18.0
-16.0,-9.0,4.0,0.0,-14.0,-7.0,-666.0,-19.0
-15.0,-10.0,3.0,-1.0,-13.0,-8.0,-494.0,-19.0
-16.0,-9.0,5.0,0.0,-12.0,-6.0,-608.0,-17.0
-16.0,-9.0,5.0,0.0,-13.0,-6.0,-630.0,-17.0
-16.0,-9.0,5.0,1.0,-13.0,-6.0,-587.0,-17.0
-16.0,-8.0,6.0,2.0,-12.0,-5.0,-678.0,-16.0
-18.0,-7.0,7.0,3.0,-13.0,-4.0,-851.0,-16.0
-17.0,-8.0,5.0,1.0,-14.0,-6.0,-680.0,-18.0
-17.0,-8.0,5.0,1.0,-14.0,-6.0,-673.0,-17.0
-17.0,-9.0,5.0,0.0,-13.0,-6.0,-749.0,-18.0
-16.0,-9.0,4.0,0.0,-14.0,-7.0,-706.0,-19.0
-15.0,-10.0,3.0,-1.0,-13.0,-7.0,-552.0,-19.0
-15.0,-9.0,4.0,0.0,-12.0,-6.0,-668.0,-17.0
-16.0,-9.0,5.0,0.0,-13.0,-6.0,-678.0,-17.0
-16.0,-9.0,5.0,0.0,-13.0,-5.0,-596.0,-17.0
-16.0,-8.0,5.0,1.0,-13.0,-5.0,-674.0,-16.0
-18.0,-7.0,6.0,2.0,-13.0,-5.0,-813.0,-16.0
-17.0,-8.0,5.0,1.0,-14.0,-6.0,-533.0,-18.0
-16.0,-8.0,5.0,1.0,-13.0,-5.0,-403.0,-18.0
-16.0,-9.0,5.0,1.0,-13.0,-6.0,-395.0,-18.0
-15.0,-9.0,4.0,0.0,-14.0,-7.0,-363.0,-18.0
-15.0,-10.0,2.0,-1.0,-14.0,-8.0,-203.0,-19.0
-16.0,-9.0,4.0,0.0,-12.0,-6.0,-345.0,-17.0
-16.0,-9.0,4.0,0.0,-13.0,-6.0,-514.0,-17.0
-16.0,-9.0,4.0,0.0,-13.0,-6.0,-746.0,-17.0
-16.0,-8.0,5.0,1.0,-12.0,-5.0,-915.0,-16.0
-17.0,-7.0,7.0,2.0,-12.0,-4.0,-1024.0,-15.0
-17.0,-7.0,5.0,1.0,-14.0,-5.0,-866.0,-17.0
-17.0,-8.0,5.0,1.0,-13.0,-6.0,-835.0,-17.0
-16.0,-8.0,5.0,1.0,-13.0,-6.0,-847.0,-18.0
-16.0,-9.0,4.0,0.0,-14.0,-6.0,-791.0,-18.0
-15.0,-10.0,2.0,-1.0,-13.0,-8.0,-648.0,-19.0
-15.0,-10.0,4.0,0.0,-12.0,-6.0,-608.0,-17.0
-16.0,-9.0,4.0,0.0,-13.0,-6.0,-449.0,-17.0
-16.0,-9.0,4.0,0.0,-13.0,-6.0,-390.0,-17.0
-16.0,-8.0,5.0,1.0,-12.0,-5.0,-476.0,-16.0
-18.0,-7.0,6.0,3.0,-13.0,-4.0,-801.0,-16.0
-17.0,-7.0,5.0,1.0,-14.0,-5.0,-817.0,-18.0
-16.0,-8.0,5.0,0.0,-13.0,-6.0,-778.0,-18.0
-16.0,-8.0,4.0,0.0,-13.0,-6.0,-710.0,-18.0
-15.0,-9.0,4.0,0.0,-13.0,-6.0,-683.0,-18.0
-15.0,-10.0,2.0,-1.0,-14.0,-7.0,-553.0,-19.0
-15.0,-9.0,4.0,0.0,-12.0,-6.0,-689.0,-17.0
-16.0,-9.0,4.0,0.0,-13.0,-6.0,-636.0,-17.0
-16.0,-9.0,4.0,1.0,-12.0,-5.0,-512.0,-17.0
-16.0,-8.0,5.0,1.0,-12.0,-5.0,-530.0,-16.0
-17.0,-7.0,7.0,3.0,-13.0,-4.0,-690.0,-15.0
-16.0,-7.0,5.0,1.0,-14.0,-5.0,-560.0,-17.0
-16.0,-8.0,5.0,1.0,-13.0,-5.0,-484.0,-17.0
-15.0,-8.0,5.0,0.0,-13.0,-5.0,-454.0,-17.0
-16.0,-9.0,4.0,0.0,-14.0,-6.0,-257.0,-18.0
-15.0,-10.0,3.0,-1.0,-13.0,-7.0,19.0,-19.0
-15.0,-10.0,4.0,0.0,-12.0,-6.0,-192.0,-17.0
-15.0,-9.0,4.0,0.0,-13.0,-6.0,-266.0,-17.0
-16.0,-9.0,4.0,0.0,-13.0,-6.0,-214.0,-17.0
-16.0,-8.0,5.0,1.0,-12.0,-5.0,-536.0,-16.0
-17.0,-7.0,7.0,2.0,-12.0,-4.0,-806.0,-15.0
-16.0,-8.0,5.0,1.0,-14.0,-6.0,-688.0,-17.0
-16.0,-8.0,5.0,0.0,-14.0,-6.0,-682.0,-17.0
-16.0,-8.0,5.0,1.0,-13.0,-6.0,-722.0,-17.0
-16.0,-9.0,4.0,0.0,-13.0,-6.0,-700.0,-18.0
-15.0,-10.0,2.0,-1.0,-13.0,-7.0,-547.0,-19.0
-15.0,-9.0,4.0,0.0,-12.0,-6.0,-698.0,-17.0
-15.0,-9.0,4.0,0.0,-12.0,-6.0,-760.0,-17.0
-15.0,-9.0,4.0,0.0,-12.0,-5.0,-707.0,-17.0
-15.0,-8.0,5.0,1.0,-12.0,-5.0,-806.0,-16.0
-16.0,-7.0,7.0,3.0,-12.0,-4.0,-1041.0,-15.0
-16.0,-7.0,5.0,1.0,-14.0,-6.0,-941.0,-17.0
-15.0,-7.0,5.0,1.0,-13.0,-5.0,-864.0,-16.0
-13.0,-6.0,9.0,1.0,-11.0,-2.0,-894.0,-14.0
-10.0,-5.0,12.0,1.0,-10.0,1.0,-900.0,-12.0
-8.0,-6.0,12.0,1.0,-9.0,2.0,-762.0,-12.0
-6.0,-5.0,17.0,2.0,-5.0,6.0,-859.0,-8.0
-3.0,-6.0,20.0,3.0,-3.0,9.0,-926.0,-5.0
0.0,-7.0,25.0,4.0,0.0,13.0,-908.0,-2.0
1.0,-6.0,27.0,6.0,0.0,16.0,-959.0,0.0
2.0,-4.0,32.0,8.0,2.0,20.0,-1122.0,2.0
4.0,-6.0,32.0,7.0,2.0,21.0,-995.0,2.0
5.0,-6.0,33.0,7.0,3.0,22.0,-909.0,2.0
5.0,-3.0,34.0,7.0,3.0,23.0,-894.0,3.0
7.0,-4.0,35.0,6.0,3.0,23.0,-861.0,3.0
9.0,-7.0,34.0,5.0,5.0,23.0,-732.0,4.0
9.0,-7.0,36.0,6.0,6.0,24.0,-858.0,6.0
9.0,-6.0,36.0,7.0,5.0,25.0,-950.0,6.0
8.0,-5.0,36.0,7.0,6.0,25.0,-932.0,6.0
8.0,-5.0,36.0,8.0,6.0,25.0,-965.0,6.0
7.0,-6.0,36.0,8.0,5.0,25.0,-1108.0,6.0
8.0,-9.0,34.0,7.0,4.0,22.0,-981.0,5.0
8.0,-10.0,33.0,6.0,5.0,22.0,-843.0,4.0
8.0,-10.0,33.0,6.0,5.0,22.0,-851.0,4.0
7.0,-9.0,32.0,5.0,3.0,21.0,-838.0,3.0
7.0,-9.0,29.0,4.0,2.0,19.0,-704.0,1.0
6.0,-8.0,30.0,5.0,4.0,20.0,-810.0,3.0
6.0,-8.0,31.0,5.0,4.0,20.0,-916.0,3.0
4.0,-8.0,29.0,5.0,3.0,18.0,-886.0,1.0
3.0,-9.0,28.0,5.0,2.0,16.0,-901.0,0.0
1.0,-7.0,29.0,7.0,1.0,18.0,-1043.0,1.0
0.0,-9.0,25.0,5.0,-1.0,14.0,-950.0,-1.0
0.0,-11.0,23.0,4.0,-1.0,12.0,-893.0,-3.0
-1.0,-9.0,21.0,3.0,-2.0,10.0,-921.0,-4.0
-2.0,-8.0,20.0,3.0,-3.0,9.0,-924.0,-5.0
-3.0,-11.0,16.0,0.0,-5.0,5.0,-800.0,-8.0
-4.0,-11.0,15.0,1.0,-3.0,5.0,-899.0,-7.0
-6.0,-8.0,15.0,2.0,-6.0,4.0,-1017.0,-8.0
-7.0,-8.0,14.0,2.0,-6.0,3.0,-998.0,-9.0
-10.0,-8.0,11.0,2.0,-8.0,1.0,-1019.0,-11.0
-13.0,-6.0,11.0,4.0,-9.0,0.0,-1161.0,-11.0
-14.0,-5.0,8.0,2.0,-12.0,-2.0,-1058.0,-14.0
-15.0,-7.0,5.0,1.0,-13.0,-5.0,-954.0,-16.0
-16.0,-8.0,4.0,0.0,-13.0,-6.0,-992.0,-17.0
-16.0,-9.0,3.0,0.0,-13.0,-7.0,-1003.0,-18.0
-15.0,-10.0,2.0,-1.0,-14.0,-8.0,-884.0,-19.0
-15.0,-9.0,3.0,0.0,-12.0,-6.0,-946.0,-17.0
-15.0,-8.0,4.0,0.0,-12.0,-6.0,-1041.0,-16.0
-16.0,-8.0,4.0,0.0,-12.0,-6.0,-1013.0,-16.0
-16.0,-9.0,4.0,1.0,-12.0,-5.0,-1033.0,-16.0
-17.0,-7.0,6.0,2.0,-12.0,-4.0,-1186.0,-15.0
-17.0,-7.0,5.0,1.0,-14.0,-6.0,-1107.0,-17.0
-16.0,-8.0,4.0,1.0,-13.0,-6.0,-1009.0,-17.0
-16.0,-8.0,4.0,0.0,-13.0,-6.0,-1047.0,-17.0
-16.0,-8.0,3.0,0.0,-13.0,-6.0,-1027.0,-17.0
-15.0,-9.0,1.0,-1.0,-14.0,-8.0,-886.0,-18.0
-14.0,-9.0,3.0,0.0,-11.0,-6.0,-947.0,-17.0
-15.0,-8.0,4.0,0.0,-12.0,-6.0,-1029.0,-16.0
-15.0,-8.0,4.0,0.0,-12.0,-5.0,-970.0,-16.0
-16.0,-8.0,4.0,1.0,-12.0,-5.0,-999.0,-16.0
-17.0,-7.0,6.0,2.0,-12.0,-5.0,-1156.0,-15.0
-17.0,-7.0,4.0,1.0,-14.0,-5.0,-1082.0,-16.0
-16.0,-8.0,4.0,0.0,-13.0,-6.0,-963.0,-17.0
-16.0,-8.0,3.0,0.0,-13.0,-6.0,-1001.0,-17.0
-16.0,-8.0,3.0,0.0,-13.0,-6.0,-1006.0,-17.0
-14.0,-9.0,2.0,-1.0,-14.0,-7.0,-860.0,-18.0
-14.0,-9.0,3.0,0.0,-11.0,-6.0,-902.0,-17.0
-15.0,-8.0,4.0,0.0,-12.0,-6.0,-1006.0,-16.0
-15.0,-8.0,4.0,0.0,-12.0,-6.0,-969.0,-16.0
-15.0,-8.0,4.0,0.0,-12.0,-6.0,-946.0,-16.0
-16.0,-7.0,5.0,2.0,-12.0,-5.0,-1087.0,-15.0
-16.0,-7.0,4.0,1.0,-14.0,-6.0,-1045.0,-17.0
-16.0,-8.0,4.0,0.0,-13.0,-6.0,-944.0,-17.0
-16.0,-8.0,4.0,0.0,-12.0,-6.0,-980.0,-17.0
-16.0,-8.0,3.0,0.0,-13.0,-6.0,-973.0,-17.0
-15.0,-9.0,2.0,-1.0,-14.0,-8.0,-827.0,-18.0
-14.0,-10.0,3.0,0.0,-12.0,-7.0,-878.0,-16.0
-15.0,-9.0,3.0,0.0,-12.0,-6.0,-1012.0,-16.0
-16.0,-8.0,4.0,0.0,-13.0,-7.0,-966.0,-17.0
-21.0,-10.0,11.0,2.0,-16.0,-13.0,-963.0,-21.0
-27.0,-12.0,21.0,6.0,-20.0,-19.0,-1149.0,-25.0
-32.0,-14.0,27.0,6.0,-25.0,-28.0,-1145.0,-31.0
-36.0,-15.0,33.0,7.0,-29.0,-35.0,-1010.0,-37.0
-37.0,-11.0,31.0,6.0,-29.0,-33.0,-971.0,-36.0
-33.0,-2.0,21.0,3.0,-25.0,-24.0,-924.0,-31.0
-23.0,5.0,4.0,-2.0,-18.0,-10.0,-768.0,-22.0
-8.0,27.0,-25.0,-10.0,-3.0,21.0,-778.0,-2.0
13.0,53.0,-63.0,-20.0,13.0,60.0,-865.0,23.0
37.0,76.0,-105.0,-31.0,32.0,101.0,-853.0,50.0
62.0,98.0,-147.0,-42.0,53.0,143.0,-875.0,77.0
87.0,121.0,-188.0,-51.0,73.0,186.0,-990.0,106.0
113.0,143.0,-231.0,-63.0,91.0,226.0,-858.0,132.0
139.0,163.0,-274.0,-75.0,112.0,267.0,-642.0,159.0
165.0,179.0,-313.0,-85.0,132.0,306.0,-687.0,185.0
190.0,189.0,-349.0,-93.0,151.0,341.0,-709.0,210.0
215.0,187.0,-379.0,-101.0,168.0,367.0,-594.0,229.0
234.0,187.0,-400.0,-104.0,183.0,389.0,-585.0,247.0
246.0,192.0,-416.0,-107.0,192.0,407.0,-671.0,259.0
253.0,191.0,-424.0,-109.0,197.0,415.0,-612.0,265.0
257.0,181.0,-423.0,-107.0,199.0,414.0,-629.0,267.0
254.0,172.0,-414.0,-102.0,198.0,409.0,-796.0,265.0
248.0,163.0,-402.0,-99.0,191.0,395.0,-759.0,256.0
237.0,153.0,-385.0,-96.0,182.0,377.0,-570.0,243.0
225.0,141.0,-364.0,-90.0,173.0,356.0,-618.0,229.0
209.0,124.0,-336.0,-83.0,159.0,327.0,-646.0,211.0
190.0,102.0,-302.0,-75.0,142.0,291.0,-551.0,187.0
166.0,80.0,-261.0,-64.0,126.0,253.0,-593.0,163.0
140.0,58.0,-217.0,-51.0,105.0,211.0,-727.0,136.0
113.0,30.0,-171.0,-39.0,84.0,166.0,-685.0,107.0
87.0,5.0,-127.0,-27.0,64.0,123.0,-835.0,78.0
61.0,-11.0,-84.0,-14.0,44.0,84.0,-1089.0,53.0
34.0,-29.0,-44.0,-4.0,22.0,43.0,-1112.0,24.0
8.0,-47.0,-8.0,0.0,1.0,1.0,-965.0,-3.0
-19.0,-67.0,7.0,1.0,-20.0,-42.0,-1021.0,-33.0
-47.0,-89.0,7.0,1.0,-42.0,-86.0,-1053.0,-63.0
-68.0,-88.0,6.0,0.0,-57.0,-111.0,-966.0,-82.0
-76.0,-71.0,6.0,0.0,-60.0,-111.0,-1032.0,-84.0
-71.0,-58.0,8.0,1.0,-56.0,-98.0,-1174.0,-76.0
-58.0,-45.0,8.0,1.0,-46.0,-75.0,-1113.0,-61.0
-44.0,-32.0,8.0,1.0,-34.0,-51.0,-1055.0,-46.0
-32.0,-22.0,9.0,3.0,-23.0,-31.0,-1111.0,-32.0
-22.0,-13.0,9.0,2.0,-18.0,-16.0,-1084.0,-23.0
-18.0,-9.0,8.0,1.0,-15.0,-10.0,-976.0,-19.0
-18.0,-10.0,8.0,1.0,-14.0,-9.0,-967.0,-19.0
-18.0,-10.0,7.0,1.0,-15.0,-10.0,-912.0,-19.0
-17.0,-11.0,6.0,0.0,-15.0,-11.0,-741.0,-20.0
-16.0,-11.0,7.0,0.0,-13.0,-10.0,-735.0,-19.0
-17.0,-10.0,8.0,1.0,-13.0,-9.0,-945.0,-18.0
-17.0,-10.0,8.0,1.0,-13.0,-9.0,-1039.0,-18.0
-17.0,-10.0,8.0,2.0,-13.0,-9.0,-1095.0,-18.0
-18.0,-8.0,10.0,3.0,-13.0,-8.0,-1231.0,-17.0
-18.0,-8.0,9.0,2.0,-15.0,-9.0,-1253.0,-18.0
-18.0,-9.0,8.0,1.0,-15.0,-9.0,-1116.0,-19.0
-18.0,-9.0,8.0,1.0,-14.0,-9.0,-1158.0,-19.0
-17.0,-9.0,7.0,1.0,-15.0,-10.0,-1177.0,-19.0
-16.0,-11.0,6.0,0.0,-15.0,-11.0,-1067.0,-20.0
-16.0,-11.0,6.0,0.0,-13.0,-10.0,-1028.0,-19.0
-17.0,-10.0,8.0,1.0,-13.0,-9.0,-1141.0,-18.0
-17.0,-10.0,8.0,1.0,-14.0,-10.0,-1105.0,-18.0
-17.0,-9.0,8.0,1.0,-13.0,-9.0,-1123.0,-18.0
-18.0,-8.0,9.0,3.0,-13.0,-8.0,-1239.0,-16.0
-18.0,-8.0,9.0,2.0,-14.0,-9.0,-1264.0,-18.0
-17.0,-9.0,8.0,1.0,-15.0,-10.0,-1116.0,-19.0
-17.0,-9.0,8.0,1.0,-15.0,-9.0,-1161.0,-19.0
-17.0,-9.0,7.0,1.0,-14.0,-10.0,-1157.0,-19.0
-16.0,-11.0,6.0,0.0,-15.0,-11.0,-1021.0,-20.0
-16.0,-11.0,6.0,0.0,-13.0,-10.0,-984.0,-19.0
-17.0,-10.0,7.0,1.0,-13.0,-9.0,-1139.0,-18.0
-17.0,-10.0,7.0,1.0,-13.0,-9.0,-1108.0,-18.0
-17.0,-10.0,8.0,1.0,-13.0,-9.0,-1120.0,-18.0
-18.0,-9.0,9.0,3.0,-13.0,-8.0,-1231.0,-16.0
-16.0,-11.0,6.0,0.0,-13.0,-10.0,-587.0,-19.0
-17.0,-10.0,7.0,1.0,-13.0,-9.0,-753.0,-18.0
-17.0,-10.0,7.0,1.0,-14.0,-10.0,-708.0,-18.0
-17.0,-10.0,7.0,1.0,-13.0,-9.0,-686.0,-18.0
-18.0,-8.0,9.0,3.0,-12.0,-8.0,-805.0,-16.0
-18.0,-8.0,9.0,3.0,-14.0,-8.0,-853.0,-17.0
-16.0,-8.0,10.0,2.0,-13.0,-6.0,-684.0,-17.0
-15.0,-7.0,12.0,2.0,-11.0,-5.0,-716.0,-15.0
-14.0,-7.0,12.0,2.0,-12.0,-5.0,-710.0,-16.0
-12.0,-7.0,13.0,1.0,-11.0,-4.0,-613.0,-15.0
-10.0,-7.0,15.0,1.0,-8.0,-1.0,-510.0,-13.0
-9.0,-8.0,17.0,3.0,-7.0,0.0,-618.0,-10.0
-8.0,-8.0,18.0,3.0,-7.0,0.0,-540.0,-10.0
-9.0,-8.0,18.0,4.0,-7.0,1.0,-474.0,-10.0
-10.0,-7.0,20.0,5.0,-6.0,2.0,-586.0,-9.0
-8.0,-5.0,22.0,6.0,-7.0,4.0,-687.0,-8.0
-6.0,-6.0,22.0,4.0,-6.0,4.0,-537.0,-8.0
-6.0,-6.0,23.0,4.0,-5.0,5.0,-557.0,-8.0
-6.0,-7.0,23.0,4.0,-5.0,5.0,-575.0,-8.0
-3.0,-10.0,22.0,3.0,-5.0,5.0,-467.0,-8.0
-2.0,-10.0,23.0,3.0,-3.0,6.0,-379.0,-6.0
-2.0,-6.0,26.0,5.0,-2.0,9.0,-557.0,-4.0
-2.0,-5.0,27.0,5.0,-2.0,9.0,-565.0,-4.0
-1.0,-7.0,28.0,6.0,-1.0,11.0,-563.0,-3.0
-1.0,-7.0,30.0,7.0,0.0,12.0,-648.0,-2.0
-1.0,-5.0,31.0,7.0,-1.0,13.0,-713.0,-1.0
1.0,-5.0,33.0,7.0,0.0,15.0,-522.0,0.0
4.0,-3.0,38.0,8.0,2.0,19.0,-524.0,2.0
7.0,-1.0,42.0,9.0,5.0,24.0,-540.0,5.0
10.0,-1.0,44.0,8.0,6.0,26.0,-452.0,6.0
12.0,-1.0,45.0,8.0,8.0,28.0,-368.0,8.0
13.0,1.0,51.0,11.0,10.0,33.0,-524.0,12.0
16.0,3.0,55.0,12.0,12.0,37.0,-497.0,15.0
19.0,5.0,60.0,13.0,14.0,42.0,-486.0,18.0
21.0,8.0,65.0,16.0,17.0,47.0,-543.0,21.0
23.0,9.0,69.0,17.0,18.0,50.0,-595.0,23.0
27.0,7.0,71.0,16.0,19.0,52.0,-380.0,25.0
30.0,8.0,75.0,17.0,22.0,56.0,-426.0,28.0
33.0,10.0,79.0,18.0,24.0,60.0,-563.0,30.0
36.0,11.0,82.0,17.0,26.0,64.0,-451.0,32.0
40.0,12.0,87.0,18.0,29.0,68.0,-296.0,36.0
42.0,13.0,91.0,20.0,32.0,73.0,-421.0,40.0
44.0,13.0,94.0,21.0,33.0,76.0,-411.0,42.0
46.0,14.0,98.0,22.0,35.0,78.0,-369.0,43.0
47.0,16.0,101.0,24.0,36.0,81.0,-487.0,46.0
47.0,17.0,103.0,25.0,36.0,83.0,-620.0,47.0
50.0,15.0,102.0,23.0,36.0,83.0,-440.0,46.0
51.0,13.0,102.0,23.0,38.0,84.0,-479.0,48.0
51.0,13.0,103.0,22.0,38.0,84.0,-493.0,48.0
54.0,13.0,104.0,22.0,38.0,85.0,-353.0,48.0
56.0,13.0,105.0,22.0,40.0,86.0,-241.0,50.0
55.0,15.0,107.0,24.0,41.0,88.0,-428.0,51.0
54.0,15.0,106.0,24.0,40.0,88.0,-442.0,51.0
52.0,14.0,104.0,23.0,39.0,86.0,-434.0,50.0
51.0,14.0,104.0,24.0,39.0,85.0,-516.0,49.0
50.0,12.0,102.0,24.0,38.0,83.0,-602.0,48.0
49.0,11.0,99.0,22.0,36.0,80.0,-430.0,45.0
48.0,9.0,97.0,21.0,35.0,78.0,-443.0,44.0
46.0,8.0,94.0,20.0,34.0,75.0,-460.0,42.0
46.0,6.0,91.0,18.0,32.0,72.0,-417.0,39.0
45.0,4.0,88.0,17.0,32.0,69.0,-219.0,38.0
43.0,3.0,86.0,18.0,32.0,68.0,-265.0,38.0
40.0,1.0,83.0,17.0,29.0,65.0,-172.0,36.0
37.0,3.0,80.0,17.0,28.0,62.0,-203.0,33.0
34.0,2.0,78.0,17.0,26.0,59.0,-375.0,32.0
33.0,0.0,75.0,17.0,24.0,56.0,-541.0,30.0
31.0,-3.0,70.0,14.0,21.0,51.0,-384.0,26.0
29.0,-6.0,65.0,13.0,20.0,47.0,-367.0,23.0
28.0,-10.0,61.0,11.0,19.0,44.0,-405.0,21.0
26.0,-13.0,56.0,9.0,17.0,38.0,-345.0,18.0
24.0,-15.0,52.0,7.0,16.0,34.0,-205.0,15.0
20.0,-12.0,51.0,9.0,14.0,33.0,-391.0,15.0
17.0,-9.0,49.0,9.0,12.0,31.0,-421.0,13.0
15.0,-10.0,46.0,9.0,10.0,29.0,-417.0,11.0
14.0,-10.0,45.0,9.0,10.0,28.0,-461.0,11.0
11.0,-10.0,43.0,9.0,7.0,25.0,-579.0,8.0
10.0,-11.0,40.0,7.0,5.0,23.0,-431.0,6.0
8.0,-10.0,38.0,6.0,5.0,20.0,-412.0,5.0
7.0,-11.0,35.0,6.0,3.0,17.0,-412.0,2.0
6.0,-11.0,33.0,5.0,2.0,16.0,-293.0,1.0
5.0,-12.0,30.0,4.0,2.0,13.0,-24.0,0.0
3.0,-12.0,29.0,5.0,2.0,12.0,-89.0,0.0
1.0,-11.0,28.0,5.0,0.0,11.0,-24.0,-1.0
0.0,-9.0,27.0,5.0,0.0,10.0,4.0,-2.0
-1.0,-9.0,26.0,5.0,-1.0,9.0,-73.0,-3.0
-4.0,-9.0,24.0,6.0,-3.0,7.0,-214.0,-4.0
-5.0,-9.0,21.0,4.0,-5.0,5.0,-48.0,-7.0
-5.0,-11.0,21.0,3.0,-5.0,3.0,-66.0,-7.0
-6.0,-12.0,18.0,3.0,-5.0,1.0,-107.0,-9.0
-7.0,-11.0,16.0,2.0,-7.0,0.0,-36.0,-11.0
-7.0,-11.0,14.0,1.0,-7.0,-2.0,123.0,-12.0
-10.0,-10.0,13.0,2.0,-8.0,-3.0,-27.0,-12.0
-12.0,-10.0,11.0,1.0,-10.0,-5.0,-22.0,-14.0
-13.0,-9.0,10.0,1.0,-10.0,-6.0,9.0,-14.0
-16.0,-7.0,10.0,2.0,-11.0,-6.0,-59.0,-15.0
-17.0,-6.0,10.0,3.0,-12.0,-6.0,-213.0,-15.0
-16.0,-7.0,9.0,2.0,-13.0,-7.0,-39.0,-16.0
-17.0,-7.0,7.0,1.0,-13.0,-9.0,-30.0,-17.0
-18.0,-9.0,4.0,1.0,-15.0,-11.0,-57.0,-19.0
-17.0,-10.0,3.0,0.0,-16.0,-12.0,-33.0,-20.0
-17.0,-11.0,3.0,-1.0,-15.0,-13.0,122.0,-20.0
-17.0,-10.0,4.0,0.0,-13.0,-11.0,-38.0,-19.0
-17.0,-9.0,4.0,0.0,-14.0,-12.0,-89.0,-19.0
-17.0,-10.0,5.0,0.0,-14.0,-11.0,-75.0,-18.0
-18.0,-9.0,6.0,2.0,-14.0,-10.0,-122.0,-18.0
-19.0,-7.0,6.0,2.0,-14.0,-9.0,-271.0,-18.0
-18.0,-9.0,5.0,1.0,-15.0,-11.0,-106.0,-19.0
-18.0,-9.0,5.0,1.0,-14.0,-11.0,-74.0,-19.0
-18.0,-9.0,4.0,0.0,-14.0,-11.0,-88.0,-19.0
-18.0,-10.0,4.0,0.0,-15.0,-12.0,-45.0,-20.0
-16.0,-11.0,3.0,-1.0,-14.0,-13.0,98.0,-20.0
-17.0,-10.0,4.0,0.0,-13.0,-12.0,-54.0,-19.0
-17.0,-9.0,4.0,0.0,-14.0,-12.0,-98.0,-19.0
-18.0,-9.0,5.0,1.0,-14.0,-11.0,-70.0,-18.0
-18.0,-8.0,5.0,1.0,-13.0,-10.0,-117.0,-18.0
-19.0,-7.0,6.0,2.0,-14.0,-10.0,-270.0,-17.0
-18.0,-8.0,5.0,1.0,-15.0,-11.0,-108.0,-19.0
-18.0,-8.0,5.0,0.0,-14.0,-11.0,-48.0,-19.0
-18.0,-9.0,4.0,0.0,-14.0,-11.0,-77.0,-19.0
-18.0,-10.0,4.0,0.0,-15.0,-12.0,-42.0,-20.0
-17.0,-10.0,3.0,-1.0,-14.0,-13.0,100.0,-20.0
-17.0,-10.0,4.0,0.0,-13.0,-11.0,-91.0,-18.0
-17.0,-9.0,4.0,0.0,-13.0,-11.0,-163.0,-18.0
-17.0,-9.0,5.0,1.0,-14.0,-11.0,-152.0,-18.0
-18.0,-8.0,5.0,1.0,-13.0,-10.0,-225.0,-17.0
-19.0,-7.0,6.0,2.0,-14.0,-10.0,-470.0,-17.0
-18.0,-8.0,5.0,1.0,-15.0,-11.0,-414.0,-19.0
-18.0,-9.0,5.0,1.0,-15.0,-11.0,-406.0,-19.0
-18.0,-9.0,5.0,1.0,-14.0,-11.0,-422.0,-19.0
-17.0,-9.0,4.0,0.0,-15.0,-12.0,-362.0,-20.0
-16.0,-11.0,2.0,-1.0,-15.0,-13.0,-212.0,-20.0
-16.0,-10.0,4.0,0.0,-12.0,-11.0,-347.0,-18.0
-17.0,-9.0,4.0,0.0,-13.0,-11.0,-375.0,-18.0
-17.0,-9.0,4.0,0.0,-14.0,-11.0,-329.0,-18.0
-18.0,-8.0,5.0,1.0,-13.0,-10.0,-373.0,-17.0
-19.0,-7.0,6.0,3.0,-14.0,-9.0,-526.0,-17.0
-18.0,-8.0,5.0,1.0,-15.0,-11.0,-326.0,-19.0
-18.0,-9.0,4.0,1.0,-15.0,-11.0,-213.0,-19.0
-18.0,-9.0,4.0,0.0,-14.0,-11.0,-257.0,-19.0
-17.0,-9.0,4.0,0.0,-15.0,-12.0,-276.0,-19.0
-16.0,-10.0,2.0,-1.0,-14.0,-13.0,-159.0,-20.0
-17.0,-10.0,4.0,0.0,-13.0,-11.0,-307.0,-18.0
-17.0,-9.0,4.0,0.0,-14.0,-11.0,-368.0,-18.0
-17.0,-9.0,4.0,0.0,-13.0,-11.0,-336.0,-18.0
-17.0,-9.0,5.0,1.0,-13.0,-10.0,-372.0,-17.0
-18.0,-7.0,6.0,3.0,-13.0,-9.0,-530.0,-17.0
-18.0,-8.0,5.0,1.0,-15.0,-11.0,-389.0,-19.0
-18.0,-8.0,4.0,0.0,-15.0,-11.0,-325.0,-19.0
-18.0,-9.0,4.0,0.0,-14.0,-11.0,-351.0,-19.0
-17.0,-9.0,4.0,0.0,-15.0,-11.0,-332.0,-19.0
-16.0,-10.0,3.0,-1.0,-14.0,-12.0,-174.0,-20.0
-16.0,-10.0,4.0,0.0,-13.0,-11.0,-277.0,-18.0
-17.0,-9.0,4.0,0.0,-13.0,-11.0,-378.0,-18.0
-17.0,-9.0,5.0,1.0,-13.0,-11.0,-380.0,-18.0
-18.0,-9.0,5.0,1.0,-13.0,-10.0,-428.0,-18.0
-18.0,-8.0,6.0,3.0,-13.0,-9.0,-552.0,-17.0
-18.0,-8.0,5.0,1.0,-14.0,-11.0,-342.0,-19.0
-18.0,-9.0,4.0,1.0,-14.0,-11.0,-236.0,-18.0
-18.0,-9.0,4.0,0.0,-14.0,-11.0,-255.0,-19.0
-17.0,-9.0,4.0,0.0,-15.0,-11.0,-225.0,-19.0
-16.0,-10.0,2.0,-1.0,-14.0,-12.0,-72.0,-20.0
-16.0,-10.0,4.0,0.0,-13.0,-10.0,-186.0,-18.0
-17.0,-9.0,4.0,0.0,-14.0,-11.0,-246.0,-18.0
-17.0,-9.0,5.0,0.0,-14.0,-11.0,-214.0,-18.0
-17.0,-9.0,5.0,1.0,-13.0,-10.0,-262.0,-17.0
-18.0,-7.0,6.0,2.0,-13.0,-9.0,-430.0,-17.0
-18.0,-8.0,5.0,1.0,-15.0,-11.0,-321.0,-18.0
-17.0,-8.0,4.0,0.0,-14.0,-11.0,-267.0,-18.0
-17.0,-8.0,5.0,0.0,-14.0,-11.0,-289.0,-18.0
-17.0,-9.0,4.0,0.0,-14.0,-11.0,-251.0,-19.0
-16.0,-10.0,2.0,-1.0,-14.0,-12.0,-79.0,-20.0
-16.0,-10.0,3.0,0.0,-13.0,-11.0,-186.0,-18.0
-17.0,-9.0,4.0,0.0,-13.0,-11.0,-295.0,-17.0
-17.0,-9.0,4.0,0.0,-13.0,-10.0,-295.0,-17.0
-17.0,-9.0,5.0,1.0,-13.0,-10.0,-351.0,-17.0
-18.0,-7.0,6.0,2.0,-13.0,-9.0,-505.0,-16.0
-18.0,-8.0,5.0,1.0,-15.0,-10.0,-362.0,-18.0
-17.0,-9.0,5.0,0.0,-14.0,-11.0,-288.0,-18.0
-17.0,-9.0,4.0,0.0,-14.0,-11.0,-350.0,-18.0
-17.0,-9.0,4.0,0.0,-14.0,-11.0,-315.0,-19.0
-15.0,-11.0,2.0,-1.0,-14.0,-12.0,-145.0,-20.0
-16.0,-10.0,4.0,0.0,-12.0,-11.0,-234.0,-18.0
-17.0,-9.0,4.0,0.0,-13.0,-11.0,-314.0,-18.0
-17.0,-9.0,4.0,1.0,-13.0,-11.0,-270.0,-17.0
-17.0,-9.0,5.0,1.0,-13.0,-10.0,-299.0,-17.0
-18.0,-7.0,6.0,3.0,-13.0,-9.0,-438.0,-16.0
-18.0,-7.0,5.0,1.0,-15.0,-11.0,-307.0,-18.0
-17.0,-8.0,4.0,0.0,-14.0,-11.0,-209.0,-18.0
-17.0,-9.0,4.0,0.0,-14.0,-11.0,-251.0,-18.0
-17.0,-9.0,4.0,0.0,-14.0,-11.0,-279.0,-19.0
-16.0,-11.0,2.0,-1.0,-14.0,-12.0,-198.0,-20.0
-16.0,-10.0,3.0,0.0,-13.0,-11.0,-250.0,-18.0
-16.0,-9.0,4.0,0.0,-13.0,-10.0,-298.0,-17.0
-17.0,-9.0,4.0,0.0,-13.0,-10.0,-247.0,-18.0
-17.0,-9.0,5.0,1.0,-13.0,-10.0,-237.0,-17.0
-18.0,-7.0,6.0,2.0,-12.0,-9.0,-379.0,-16.0
-18.0,-8.0,5.0,1.0,-15.0,-10.0,-278.0,-18.0
-17.0,-8.0,4.0,0.0,-14.0,-10.0,-166.0,-18.0
-17.0,-9.0,5.0,0.0,-14.0,-10.0,-197.0,-18.0
-16.0,-9.0,4.0,0.0,-14.0,-11.0,-198.0,-18.0
-15.0,-10.0,2.0,-1.0,-14.0,-12.0,-36.0,-19.0
-16.0,-10.0,3.0,0.0,-12.0,-11.0,-86.0,-18.0
-16.0,-9.0,4.0,0.0,-13.0,-10.0,-174.0,-17.0
-16.0,-9.0,4.0,0.0,-13.0,-10.0,-140.0,-17.0
-17.0,-8.0,5.0,1.0,-13.0,-10.0,-157.0,-17.0
-18.0,-7.0,6.0,3.0,-12.0,-9.0,-325.0,-16.0
-18.0,-7.0,5.0,1.0,-14.0,-10.0,-238.0,-18.0
-17.0,-8.0,5.0,1.0,-14.0,-10.0,-120.0,-18.0
-17.0,-9.0,4.0,0.0,-13.0,-11.0,-198.0,-18.0
-17.0,-9.0,4.0,0.0,-14.0,-11.0,-240.0,-18.0
-16.0,-10.0,2.0,-1.0,-14.0,-12.0,-132.0,-19.0
-16.0,-10.0,4.0,0.0,-12.0,-11.0,-226.0,-18.0
-16.0,-9.0,4.0,0.0,-13.0,-10.0,-308.0,-17.0
-16.0,-9.0,4.0,0.0,-13.0,-10.0,-259.0,-17.0
-17.0,-9.0,4.0,1.0,-13.0,-10.0,-297.0,-17.0
-18.0,-7.0,6.0,2.0,-12.0,-9.0,-414.0,-16.0
-18.0,-8.0,5.0,1.0,-15.0,-10.0,-210.0,-17.0
-17.0,-8.0,4.0,1.0,-14.0,-10.0,-108.0,-18.0
-17.0,-8.0,4.0,1.0,-13.0,-10.0,-276.0,-18.0
-16.0,-8.0,4.0,0.0,-14.0,-11.0,-305.0,-18.0
-16.0,-10.0,2.0,-1.0,-14.0,-12.0,-163.0,-19.0
-16.0,-10.0,3.0,0.0,-12.0,-11.0,-211.0,-17.0
-16.0,-9.0,4.0,0.0,-13.0,-11.0,-329.0,-17.0
-16.0,-9.0,4.0,0.0,-13.0,-10.0,-253.0,-17.0
-16.0,-9.0,5.0,1.0,-13.0,-10.0,-177.0,-17.0
-18.0,-7.0,6.0,2.0,-12.0,-8.0,-425.0,-16.0
-18.0,-7.0,5.0,1.0,-15.0,-10.0,-427.0,-17.0
-17.0,-8.0,5.0,1.0,-14.0,-10.0,-320.0,-18.0
-17.0,-8.0,4.0,1.0,-13.0,-10.0,-367.0,-17.0
-17.0,-8.0,4.0,0.0,-13.0,-10.0,-376.0,-18.0
-16.0,-10.0,2.0,-1.0,-14.0,-12.0,-232.0,-19.0
-15.0,-10.0,3.0,0.0,-12.0,-11.0,-276.0,-17.0
-16.0,-9.0,4.0,0.0,-12.0,-10.0,-394.0,-17.0
-16.0,-9.0,4.0,0.0,-13.0,-10.0,-357.0,-17.0
-17.0,-8.0,5.0,1.0,-12.0,-10.0,-365.0,-17.0
-17.0,-7.0,6.0,3.0,-12.0,-9.0,-508.0,-15.0
-17.0,-7.0,5.0,2.0,-14.0,-9.0,-471.0,-17.0
-17.0,-8.0,4.0,1.0,-14.0,-10.0,-416.0,-18.0
-16.0,-8.0,4.0,1.0,-13.0,-10.0,-470.0,-17.0
-16.0,-8.0,3.0,0.0,-14.0,-11.0,-392.0,-18.0
-15.0,-9.0,2.0,0.0,-14.0,-12.0,-230.0,-19.0
-15.0,-10.0,3.0,0.0,-12.0,-11.0,-267.0,-17.0
-16.0,-9.0,4.0,0.0,-12.0,-10.0,-388.0,-17.0
-16.0,-9.0,4.0,0.0,-13.0,-10.0,-340.0,-17.0
-16.0,-9.0,4.0,0.0,-13.0,-10.0,-332.0,-17.0
-18.0,-7.0,6.0,2.0,-12.0,-8.0,-490.0,-15.0
-17.0,-7.0,6.0,2.0,-14.0,-9.0,-481.0,-17.0
-15.0,-6.0,7.0,1.0,-12.0,-7.0,-358.0,-16.0
-12.0,-5.0,11.0,2.0,-10.0,-3.0,-395.0,-13.0
-10.0,-5.0,13.0,2.0,-9.0,-2.0,-380.0,-12.0
-7.0,-5.0,14.0,1.0,-8.0,0.0,-227.0,-11.0
-5.0,-6.0,17.0,2.0,-4.0,3.0,-246.0,-7.0
-1.0,-7.0,23.0,4.0,-1.0,8.0,-376.0,-3.0
0.0,-7.0,26.0,5.0,0.0,10.0,-350.0,-1.0
1.0,-6.0,29.0,6.0,1.0,13.0,-415.0,0.0
3.0,-5.0,33.0,8.0,3.0,17.0,-619.0,3.0
4.0,-5.0,33.0,7.0,2.0,17.0,-620.0,2.0
4.0,-3.0,33.0,7.0,2.0,18.0,-485.0,2.0
5.0,-3.0,34.0,7.0,3.0,19.0,-499.0,3.0
7.0,-5.0,35.0,6.0,4.0,19.0,-479.0,4.0
8.0,-7.0,34.0,5.0,4.0,19.0,-341.0,4.0
9.0,-7.0,35.0,5.0,6.0,20.0,-329.0,5.0
8.0,-6.0,36.0,7.0,5.0,20.0,-481.0,6.0
8.0,-6.0,36.0,7.0,5.0,20.0,-493.0,5.0
8.0,-7.0,35.0,7.0,6.0,20.0,-508.0,5.0
7.0,-8.0,35.0,8.0,6.0,20.0,-617.0,6.0
7.0,-9.0,34.0,7.0,3.0,18.0,-590.0,5.0
7.0,-10.0,33.0,6.0,4.0,18.0,-445.0,4.0
7.0,-9.0,33.0,6.0,4.0,17.0,-486.0,3.0
5.0,-8.0,31.0,5.0,3.0,16.0,-521.0,2.0
5.0,-9.0,29.0,4.0,2.0,14.0,-403.0,0.0
6.0,-9.0,30.0,5.0,4.0,15.0,-398.0,2.0
4.0,-8.0,30.0,5.0,3.0,15.0,-542.0,2.0
2.0,-9.0,27.0,5.0,1.0,12.0,-496.0,0.0
2.0,-9.0,27.0,5.0,1.0,12.0,-469.0,0.0
0.0,-9.0,27.0,6.0,1.0,12.0,-605.0,0.0
-1.0,-9.0,24.0,5.0,-1.0,9.0,-630.0,-2.0
-1.0,-10.0,22.0,3.0,-3.0,6.0,-483.0,-4.0
-3.0,-8.0,20.0,4.0,-3.0,5.0,-474.0,-5.0
-4.0,-9.0,18.0,3.0,-4.0,3.0,-435.0,-7.0
-4.0,-11.0,14.0,0.0,-6.0,0.0,-290.0,-9.0
-5.0,-10.0,13.0,1.0,-4.0,0.0,-302.0,-9.0
-8.0,-8.0,13.0,2.0,-6.0,0.0,-489.0,-9.0
-9.0,-8.0,12.0,2.0,-7.0,-2.0,-457.0,-11.0
-12.0,-8.0,9.0,2.0,-9.0,-4.0,-444.0,-12.0
-14.0,-6.0,9.0,3.0,-9.0,-4.0,-565.0,-12.0
-16.0,-6.0,7.0,2.0,-13.0,-7.0,-598.0,-15.0
-17.0,-8.0,4.0,0.0,-14.0,-10.0,-460.0,-17.0
-16.0,-8.0,4.0,0.0,-13.0,-10.0,-509.0,-17.0
-16.0,-8.0,3.0,0.0,-13.0,-11.0,-530.0,-17.0
-15.0,-9.0,1.0,-1.0,-14.0,-12.0,-392.0,-19.0
-15.0,-9.0,2.0,0.0,-12.0,-11.0,-312.0,-17.0
-16.0,-9.0,4.0,0.0,-12.0,-10.0,-437.0,-17.0
-16.0,-9.0,3.0,0.0,-12.0,-10.0,-439.0,-17.0
-17.0,-8.0,4.0,0.0,-12.0,-10.0,-426.0,-16.0
-18.0,-7.0,5.0,2.0,-12.0,-9.0,-539.0,-15.0
-17.0,-7.0,5.0,2.0,-13.0,-9.0,-589.0,-16.0
-16.0,-8.0,4.0,1.0,-13.0,-10.0,-451.0,-17.0
-16.0,-8.0,3.0,0.0,-13.0,-10.0,-479.0,-17.0
-16.0,-8.0,3.0,0.0,-14.0,-10.0,-482.0,-18.0
-15.0,-9.0,2.0,-1.0,-14.0,-12.0,-370.0,-19.0
-15.0,-10.0,2.0,0.0,-12.0,-11.0,-334.0,-18.0
-15.0,-9.0,3.0,0.0,-12.0,-10.0,-487.0,-17.0
-15.0,-9.0,3.0,0.0,-13.0,-10.0,-454.0,-17.0
-16.0,-9.0,3.0,1.0,-13.0,-10.0,-446.0,-16.0
-17.0,-7.0,5.0,2.0,-12.0,-9.0,-571.0,-15.0
-17.0,-7.0,5.0,2.0,-13.0,-10.0,-611.0,-16.0
-17.0,-8.0,3.0,0.0,-14.0,-11.0,-449.0,-17.0
-16.0,-8.0,3.0,0.0,-13.0,-10.0,-481.0,-17.0
-16.0,-8.0,3.0,0.0,-13.0,-10.0,-486.0,-17.0
-15.0,-9.0,2.0,0.0,-14.0,-12.0,-373.0,-18.0
-15.0,-10.0,2.0,0.0,-12.0,-11.0,-325.0,-17.0
-15.0,-9.0,3.0,0.0,-12.0,-10.0,-497.0,-16.0
-16.0,-8.0,3.0,0.0,-13.0,-10.0,-465.0,-17.0
-16.0,-8.0,3.0,0.0,-13.0,-10.0,-448.0,-16.0
-17.0,-7.0,4.0,2.0,-12.0,-9.0,-576.0,-15.0
-17.0,-7.0,5.0,2.0,-14.0,-10.0,-620.0,-17.0
-16.0,-8.0,4.0,1.0,-14.0,-10.0,-468.0,-17.0
-16.0,-8.0,3.0,0.0,-13.0,-10.0,-499.0,-17.0
-16.0,-8.0,3.0,0.0,-13.0,-10.0,-497.0,-17.0
-15.0,-9.0,2.0,0.0,-13.0,-12.0,-369.0,-18.0
-15.0,-10.0,2.0,0.0,-12.0,-11.0,-313.0,-17.0
-16.0,-9.0,3.0,0.0,-12.0,-11.0,-500.0,-16.0
-19.0,-9.0,7.0,1.0,-15.0,-15.0,-477.0,-20.0
-25.0,-12.0,15.0,3.0,-19.0,-22.0,-468.0,-25.0
-30.0,-13.0,24.0,6.0,-22.0,-28.0,-597.0,-28.0
-36.0,-14.0,31.0,8.0,-27.0,-36.0,-683.0,-34.0
-38.0,-13.0,33.0,7.0,-30.0,-39.0,-518.0,-38.0
-36.0,-5.0,26.0,5.0,-27.0,-32.0,-512.0,-34.0
-29.0,2.0,13.0,1.0,-22.0,-20.0,-512.0,-26.0
-16.0,17.0,-11.0,-7.0,-12.0,1.0,-412.0,-13.0
3.0,42.0,-48.0,-17.0,5.0,39.0,-308.0,11.0
27.0,67.0,-89.0,-27.0,25.0,80.0,-444.0,38.0
52.0,89.0,-131.0,-38.0,44.0,122.0,-382.0,65.0
78.0,111.0,-173.0,-49.0,64.0,163.0,-261.0,93.0
102.0,134.0,-214.0,-58.0,85.0,206.0,-285.0,122.0
127.0,156.0,-256.0,-69.0,104.0,247.0,-299.0,149.0
154.0,174.0,-298.0,-81.0,123.0,286.0,-74.0,174.0
180.0,187.0,-336.0,-90.0,143.0,323.0,-48.0,200.0
205.0,189.0,-367.0,-97.0,162.0,354.0,-55.0,222.0
226.0,187.0,-392.0,-103.0,176.0,376.0,69.0,239.0
241.0,189.0,-412.0,-107.0,189.0,396.0,209.0,254.0
250.0,192.0,-423.0,-108.0,196.0,409.0,48.0,263.0
255.0,185.0,-425.0,-108.0,198.0,411.0,79.0,266.0
256.0,174.0,-420.0,-105.0,199.0,407.0,112.0,265.0
251.0,166.0,-408.0,-100.0,195.0,398.0,33.0,260.0
240.0,159.0,-392.0,-96.0,186.0,381.0,-73.0,249.0
230.0,146.0,-373.0,-92.0,176.0,360.0,68.0,234.0
215.0,131.0,-348.0,-85.0,165.0,336.0,10.0,219.0
197.0,111.0,-315.0,-77.0,150.0,303.0,-181.0,197.0
175.0,89.0,-278.0,-68.0,131.0,264.0,-286.0,172.0
151.0,67.0,-237.0,-57.0,113.0,223.0,-270.0,145.0
124.0,41.0,-190.0,-43.0,93.0,180.0,-471.0,118.0
98.0,14.0,-144.0,-31.0,72.0,135.0,-476.0,89.0
71.0,-5.0,-102.0,-20.0,52.0,94.0,-472.0,62.0
45.0,-22.0,-61.0,-9.0,32.0,56.0,-560.0,35.0
18.0,-40.0,-20.0,0.0,10.0,15.0,-685.0,8.0
-8.0,-58.0,3.0,1.0,-11.0,-28.0,-546.0,-22.0
-36.0,-82.0,7.0,1.0,-34.0,-74.0,-620.0,-52.0
-61.0,-91.0,7.0,1.0,-52.0,-108.0,-702.0,-75.0
-75.0,-77.0,7.0,0.0,-62.0,-117.0,-660.0,-85.0
-74.0,-63.0,6.0,0.0,-59.0,-109.0,-578.0,-82.0
-63.0,-52.0,8.0,1.0,-49.0,-89.0,-724.0,-68.0
-49.0,-37.0,8.0,1.0,-39.0,-65.0,-682.0,-52.0
-36.0,-27.0,8.0,1.0,-28.0,-44.0,-650.0,-38.0
-26.0,-17.0,9.0,2.0,-19.0,-25.0,-701.0,-25.0
-21.0,-9.0,9.0,3.0,-15.0,-14.0,-782.0,-19.0
-19.0,-9.0,8.0,2.0,-15.0,-14.0,-595.0,-19.0
-18.0,-9.0,8.0,2.0,-14.0,-14.0,-571.0,-19.0
-18.0,-10.0,7.0,1.0,-14.0,-14.0,-593.0,-19.0
-18.0,-11.0,6.0,0.0,-15.0,-15.0,-553.0,-20.0
-17.0,-11.0,6.0,0.0,-14.0,-15.0,-487.0,-20.0
-17.0,-10.0,7.0,1.0,-13.0,-14.0,-615.0,-18.0
-18.0,-10.0,7.0,1.0,-14.0,-14.0,-607.0,-19.0
-18.0,-10.0,7.0,2.0,-14.0,-14.0,-598.0,-19.0
-18.0,-9.0,8.0,3.0,-14.0,-13.0,-646.0,-18.0
-19.0,-8.0,9.0,3.0,-15.0,-13.0,-748.0,-17.0
-18.0,-9.0,8.0,2.0,-15.0,-14.0,-539.0,-19.0
-18.0,-10.0,7.0,1.0,-15.0,-13.0,-570.0,-19.0
-18.0,-10.0,7.0,1.0,-15.0,-14.0,-595.0,-19.0
-17.0,-10.0,6.0,0.0,-15.0,-15.0,-514.0,-20.0
-16.0,-11.0,6.0,0.0,-14.0,-15.0,-406.0,-20.0
-17.0,-10.0,7.0,1.0,-13.0,-13.0,-578.0,-18.0
-18.0,-9.0,7.0,1.0,-14.0,-14.0,-577.0,-18.0
-18.0,-9.0,7.0,2.0,-14.0,-13.0,-553.0,-18.0
-18.0,-9.0,8.0,3.0,-13.0,-12.0,-628.0,-17.0
-19.0,-8.0,9.0,3.0,-14.0,-12.0,-782.0,-17.0
-18.0,-9.0,8.0,2.0,-15.0,-14.0,-651.0,-19.0
-18.0,-9.0,8.0,1.0,-14.0,-13.0,-649.0,-19.0
-18.0,-9.0,8.0,1.0,-14.0,-14.0,-654.0,-19.0
-17.0,-10.0,6.0,0.0,-15.0,-15.0,-627.0,-20.0
-16.0,-12.0,6.0,0.0,-14.0,-15.0,-350.0,-20.0
-17.0,-10.0,7.0,1.0,-13.0,-13.0,-457.0,-18.0
-18.0,-10.0,7.0,1.0,-14.0,-14.0,-597.0,-18.0
-18.0,-10.0,7.0,1.0,-13.0,-14.0,-621.0,-18.0
-18.0,-9.0,8.0,2.0,-13.0,-12.0,-695.0,-17.0
-19.0,-8.0,9.0,3.0,-14.0,-12.0,-833.0,-17.0
-19.0,-9.0,8.0,2.0,-15.0,-14.0,-678.0,-19.0
-18.0,-9.0,7.0,1.0,-14.0,-14.0,-644.0,-19.0
-18.0,-9.0,7.0,1.0,-14.0,-14.0,-586.0,-19.0
-17.0,-10.0,6.0,0.0,-15.0,-14.0,-312.0,-20.0
-16.0,-11.0,5.0,0.0,-14.0,-15.0,-96.0,-20.0
-17.0,-10.0,7.0,1.0,-13.0,-14.0,-232.0,-18.0
-18.0,-10.0,7.0,1.0,-14.0,-14.0,-189.0,-18.0
-18.0,-9.0,7.0,1.0,-14.0,-14.0,-127.0,-18.0
-18.0,-9.0,8.0,2.0,-13.0,-13.0,-200.0,-17.0
-18.0,-7.0,11.0,4.0,-13.0,-10.0,-332.0,-16.0
-16.0,-7.0,12.0,3.0,-13.0,-9.0,-169.0,-16.0
-15.0,-7.0,12.0,2.0,-12.0,-9.0,-161.0,-16.0
-13.0,-7.0,13.0,2.0,-11.0,-8.0,-163.0,-15.0
-11.0,-6.0,15.0,2.0,-10.0,-6.0,-149.0,-14.0
-10.0,-8.0,15.0,1.0,-9.0,-5.0,-59.0,-14.0
-9.0,-9.0,17.0,3.0,-6.0,-3.0,-181.0,-11.0
-9.0,-9.0,18.0,3.0,-8.0,-3.0,-205.0,-10.0
-9.0,-8.0,18.0,4.0,-7.0,-3.0,-181.0,-10.0
-8.0,-7.0,20.0,5.0,-6.0,0.0,-225.0,-8.0
-8.0,-5.0,24.0,6.0,-5.0,1.0,-356.0,-7.0
-7.0,-6.0,23.0,5.0,-6.0,1.0,-195.0,-8.0
-6.0,-7.0,22.0,5.0,-5.0,0.0,-201.0,-8.0
-5.0,-8.0,23.0,5.0,-4.0,2.0,-301.0,-7.0
-3.0,-9.0,23.0,4.0,-4.0,2.0,-286.0,-7.0
-2.0,-8.0,24.0,3.0,-3.0,2.0,-86.0,-7.0
-3.0,-6.0,26.0,5.0,-2.0,5.0,-173.0,-4.0
-2.0,-7.0,27.0,5.0,-2.0,6.0,-193.0,-4.0
-1.0,-7.0,28.0,6.0,-1.0,6.0,-156.0,-3.0
-1.0,-6.0,30.0,7.0,-1.0,8.0,-214.0,-1.0
0.0,-4.0,33.0,9.0,0.0,11.0,-354.0,0.0
2.0,-4.0,35.0,8.0,0.0,13.0,-190.0,0.0
5.0,-2.0,40.0,9.0,3.0,18.0,-153.0,4.0
8.0,-1.0,44.0,9.0,5.0,22.0,-136.0,6.0
10.0,-1.0,45.0,9.0,6.0,23.0,-77.0,7.0
13.0,0.0,47.0,8.0,8.0,25.0,53.0,8.0
15.0,1.0,53.0,11.0,11.0,31.0,-112.0,13.0
17.0,4.0,58.0,13.0,13.0,35.0,-103.0,16.0
20.0,6.0,62.0,14.0,15.0,40.0,2.0,19.0
22.0,7.0,67.0,16.0,18.0,45.0,-33.0,23.0
24.0,8.0,71.0,17.0,19.0,48.0,-203.0,25.0
28.0,8.0,73.0,17.0,20.0,51.0,-48.0,26.0
31.0,9.0,78.0,18.0,23.0,55.0,3.0,29.0
34.0,11.0,82.0,18.0,25.0,59.0,-7.0,32.0
38.0,12.0,86.0,19.0,27.0,63.0,-10.0,34.0
42.0,12.0,89.0,19.0,30.0,66.0,56.0,36.0
44.0,12.0,93.0,21.0,33.0,70.0,-116.0,41.0
46.0,13.0,96.0,22.0,34.0,73.0,-143.0,43.0
46.0,14.0,98.0,22.0,35.0,75.0,-111.0,44.0
47.0,16.0,101.0,23.0,37.0,78.0,-157.0,46.0
47.0,17.0,103.0,25.0,37.0,81.0,-303.0,48.0
50.0,14.0,103.0,23.0,36.0,80.0,-182.0,47.0
50.0,14.0,103.0,23.0,37.0,80.0,-161.0,47.0
51.0,14.0,104.0,23.0,38.0,81.0,-183.0,48.0
54.0,14.0,105.0,23.0,39.0,83.0,-149.0,49.0
55.0,13.0,105.0,22.0,39.0,83.0,-25.0,49.0
55.0,14.0,106.0,23.0,41.0,84.0,-206.0,51.0
53.0,14.0,105.0,23.0,40.0,83.0,-287.0,50.0
51.0,13.0,102.0,23.0,38.0,80.0,-245.0,48.0
50.0,12.0,102.0,23.0,38.0,80.0,-271.0,49.0
48.0,11.0,101.0,24.0,37.0,79.0,-468.0,47.0
47.0,10.0,98.0,22.0,35.0,75.0,-333.0,44.0
47.0,8.0,95.0,21.0,34.0,72.0,-261.0,42.0
45.0,8.0,93.0,20.0,33.0,70.0,-278.0,41.0
44.0,6.0,90.0,19.0,31.0,67.0,-255.0,39.0
44.0,3.0,86.0,17.0,30.0,64.0,-110.0,36.0
42.0,1.0,84.0,17.0,31.0,62.0,-246.0,37.0
39.0,2.0,81.0,17.0,28.0,59.0,-296.0,34.0
35.0,2.0,78.0,16.0,26.0,56.0,-233.0,31.0
34.0,0.0,75.0,16.0,25.0,53.0,-264.0,30.0
31.0,-1.0,73.0,16.0,23.0,50.0,-436.0,29.0
28.0,-4.0,67.0,14.0,20.0,45.0,-287.0,24.0
27.0,-8.0,63.0,12.0,19.0,41.0,-249.0,22.0
26.0,-11.0,59.0,11.0,18.0,38.0,-319.0,19.0
24.0,-13.0,54.0,9.0,15.0,33.0,-287.0,16.0
22.0,-14.0,50.0,7.0,14.0,29.0,-123.0,13.0
18.0,-10.0,49.0,8.0,13.0,28.0,-277.0,13.0
16.0,-10.0,47.0,8.0,10.0,25.0,-389.0,11.0
14.0,-10.0,45.0,8.0,9.0,23.0,-400.0,10.0
12.0,-11.0,43.0,8.0,8.0,21.0,-454.0,8.0
10.0,-10.0,42.0,9.0,7.0,20.0,-639.0,8.0
8.0,-9.0,39.0,7.0,4.0,17.0,-536.0,5.0
6.0,-10.0,36.0,7.0,3.0,14.0,-453.0,3.0
5.0,-11.0,34.0,6.0,2.0,13.0,-453.0,1.0
4.0,-10.0,32.0,6.0,1.0,11.0,-439.0,0.0
3.0,-13.0,28.0,3.0,0.0,8.0,-291.0,-2.0
1.0,-12.0,27.0,4.0,1.0,7.0,-426.0,-2.0
0.0,-10.0,27.0,5.0,0.0,6.0,-524.0,-2.0
-1.0,-9.0,25.0,5.0,-1.0,5.0,-502.0,-3.0
-2.0,-10.0,24.0,5.0,-2.0,3.0,-535.0,-4.0
-5.0,-8.0,24.0,6.0,-3.0,3.0,-690.0,-5.0
-5.0,-9.0,21.0,4.0,-6.0,0.0,-498.0,-7.0
-6.0,-12.0,19.0,3.0,-6.0,-1.0,-311.0,-8.0
-7.0,-11.0,17.0,3.0,-7.0,-3.0,-329.0,-10.0
-8.0,-11.0,16.0,2.0,-8.0,-4.0,-326.0,-11.0
-9.0,-10.0,13.0,0.0,-9.0,-7.0,-187.0,-14.0
-12.0,-10.0,11.0,1.0,-9.0,-8.0,-328.0,-14.0
-13.0,-10.0,9.0,1.0,-11.0,-9.0,-457.0,-15.0
-15.0,-8.0,9.0,2.0,-12.0,-10.0,-444.0,-16.0
-16.0,-7.0,9.0,2.0,-11.0,-10.0,-468.0,-15.0
-17.0,-6.0,11.0,3.0,-12.0,-9.0,-612.0,-15.0
-17.0,-7.0,8.0,2.0,-14.0,-12.0,-491.0,-17.0
-18.0,-8.0,5.0,1.0,-15.0,-15.0,-453.0,-19.0
-18.0,-9.0,4.0,1.0,-15.0,-15.0,-561.0,-19.0
-18.0,-10.0,4.0,0.0,-15.0,-16.0,-556.0,-20.0
-17.0,-11.0,2.0,0.0,-16.0,-17.0,-311.0,-21.0
-18.0,-10.0,4.0,0.0,-14.0,-15.0,-382.0,-19.0
-18.0,-10.0,4.0,1.0,-15.0,-15.0,-556.0,-18.0
-18.0,-9.0,4.0,0.0,-14.0,-15.0,-589.0,-19.0
-18.0,-9.0,5.0,1.0,-14.0,-14.0,-582.0,-18.0
-19.0,-8.0,6.0,3.0,-14.0,-14.0,-769.0,-17.0
-19.0,-8.0,5.0,1.0,-16.0,-15.0,-701.0,-19.0
-19.0,-9.0,4.0,1.0,-15.0,-15.0,-588.0,-19.0
-19.0,-9.0,4.0,1.0,-15.0,-15.0,-575.0,-20.0
-18.0,-9.0,4.0,1.0,-14.0,-15.0,-659.0,-18.0
-19.0,-8.0,6.0,3.0,-14.0,-13.0,-825.0,-17.0
-19.0,-8.0,5.0,2.0,-16.0,-15.0,-730.0,-19.0
-19.0,-8.0,4.0,1.0,-15.0,-15.0,-644.0,-19.0
-18.0,-9.0,4.0,1.0,-15.0,-15.0,-699.0,-19.0
-18.0,-10.0,4.0,0.0,-15.0,-15.0,-643.0,-20.0
-17.0,-11.0,2.0,0.0,-15.0,-16.0,-441.0,-21.0
-17.0,-10.0,3.0,0.0,-13.0,-15.0,-492.0,-19.0
-18.0,-9.0,4.0,0.0,-14.0,-15.0,-618.0,-18.0
-18.0,-9.0,4.0,0.0,-14.0,-15.0,-628.0,-19.0
-19.0,-9.0,4.0,1.0,-14.0,-15.0,-634.0,-18.0
-19.0,-8.0,6.0,3.0,-14.0,-14.0,-805.0,-17.0
-19.0,-8.0,5.0,1.0,-15.0,-15.0,-717.0,-19.0
-19.0,-8.0,4.0,1.0,-15.0,-15.0,-625.0,-19.0
-19.0,-9.0,4.0,0.0,-15.0,-15.0,-636.0,-19.0
-18.0,-9.0,4.0,0.0,-15.0,-16.0,-625.0,-20.0
-17.0,-10.0,2.0,0.0,-15.0,-17.0,-494.0,-21.0
-17.0,-10.0,3.0,0.0,-13.0,-15.0,-620.0,-19.0
-18.0,-9.0,3.0,0.0,-14.0,-15.0,-732.0,-19.0
-18.0,-9.0,4.0,0.0,-14.0,-15.0,-634.0,-18.0
-18.0,-9.0,4.0,1.0,-14.0,-14.0,-577.0,-18.0
-19.0,-8.0,6.0,2.0,-14.0,-13.0,-645.0,-17.0
-19.0,-8.0,5.0,2.0,-16.0,-14.0,-552.0,-19.0
-19.0,-8.0,4.0,1.0,-15.0,-15.0,-460.0,-19.0
-18.0,-9.0,4.0,1.0,-15.0,-15.0,-529.0,-19.0
-18.0,-9.0,4.0,0.0,-15.0,-15.0,-515.0,-20.0
-17.0,-11.0,2.0,0.0,-15.0,-17.0,-363.0,-21.0
-17.0,-10.0,3.0,0.0,-13.0,-15.0,-397.0,-19.0
-18.0,-9.0,4.0,0.0,-14.0,-15.0,-497.0,-19.0
-18.0,-9.0,4.0,0.0,-14.0,-15.0,-477.0,-18.0
-18.0,-9.0,4.0,1.0,-13.0,-14.0,-496.0,-18.0
-19.0,-7.0,6.0,3.0,-13.0,-13.0,-624.0,-17.0
-19.0,-8.0,5.0,2.0,-15.0,-15.0,-551.0,-19.0
-18.0,-8.0,4.0,1.0,-15.0,-15.0,-423.0,-19.0
-18.0,-9.0,4.0,0.0,-14.0,-15.0,-465.0,-19.0
-18.0,-9.0,4.0,0.0,-15.0,-15.0,-522.0,-19.0
-17.0,-10.0,2.0,-1.0,-15.0,-16.0,-423.0,-20.0
-17.0,-10.0,4.0,0.0,-13.0,-15.0,-436.0,-19.0
-17.0,-9.0,4.0,0.0,-13.0,-15.0,-523.0,-18.0
-18.0,-9.0,4.0,0.0,-14.0,-15.0,-517.0,-18.0
-19.0,-9.0,4.0,1.0,-14.0,-15.0,-531.0,-18.0
-19.0,-7.0,6.0,2.0,-13.0,-13.0,-720.0,-16.0
-19.0,-8.0,5.0,1.0,-15.0,-14.0,-721.0,-18.0
-18.0,-8.0,4.0,1.0,-15.0,-15.0,-647.0,-19.0
-18.0,-9.0,4.0,0.0,-14.0,-15.0,-723.0,-19.0
-18.0,-9.0,4.0,0.0,-15.0,-15.0,-737.0,-19.0
-17.0,-10.0,2.0,0.0,-15.0,-16.0,-576.0,-20.0
-17.0,-10.0,3.0,0.0,-13.0,-15.0,-531.0,-18.0
-17.0,-9.0,4.0,0.0,-14.0,-15.0,-600.0,-18.0
-18.0,-9.0,4.0,0.0,-14.0,-15.0,-525.0,-18.0
-18.0,-9.0,4.0,1.0,-14.0,-14.0,-534.0,-18.0
-19.0,-7.0,6.0,3.0,-13.0,-13.0,-674.0,-17.0
-18.0,-8.0,5.0,2.0,-15.0,-14.0,-554.0,-18.0
-18.0,-9.0,4.0,1.0,-15.0,-15.0,-374.0,-19.0
-18.0,-9.0,4.0,1.0,-14.0,-14.0,-525.0,-19.0
-18.0,-9.0,4.0,0.0,-14.0,-15.0,-665.0,-19.0
-17.0,-10.0,2.0,0.0,-15.0,-16.0,-581.0,-20.0
-17.0,-10.0,3.0,0.0,-13.0,-15.0,-586.0,-19.0
-17.0,-9.0,4.0,0.0,-13.0,-15.0,-716.0,-18.0
-17.0,-9.0,4.0,0.0,-14.0,-15.0,-650.0,-18.0
-17.0,-9.0,4.0,1.0,-14.0,-14.0,-618.0,-18.0
-18.0,-7.0,6.0,3.0,-13.0,-13.0,-839.0,-16.0
-19.0,-7.0,5.0,2.0,-15.0,-14.0,-803.0,-18.0
-18.0,-8.0,4.0,1.0,-14.0,-14.0,-617.0,-19.0
-18.0,-8.0,4.0,0.0,-14.0,-15.0,-638.0,-19.0
-18.0,-9.0,4.0,0.0,-15.0,-15.0,-663.0,-19.0
-17.0,-10.0,2.0,0.0,-15.0,-16.0,-546.0,-20.0
-16.0,-10.0,3.0,0.0,-12.0,-15.0,-597.0,-18.0
-17.0,-9.0,4.0,0.0,-13.0,-14.0,-755.0,-18.0
-17.0,-9.0,4.0,0.0,-14.0,-14.0,-689.0,-17.0
-18.0,-9.0,4.0,1.0,-13.0,-14.0,-683.0,-17.0
-18.0,-7.0,6.0,3.0,-13.0,-13.0,-786.0,-16.0
-18.0,-8.0,5.0,2.0,-15.0,-13.0,-781.0,-18.0
-18.0,-8.0,4.0,1.0,-15.0,-14.0,-690.0,-19.0
-17.0,-8.0,4.0,1.0,-14.0,-14.0,-720.0,-18.0
-17.0,-9.0,4.0,1.0,-14.0,-14.0,-706.0,-18.0
-16.0,-10.0,2.0,-1.0,-15.0,-16.0,-603.0,-20.0
-16.0,-10.0,3.0,0.0,-13.0,-15.0,-580.0,-19.0
-17.0,-9.0,4.0,0.0,-13.0,-14.0,-692.0,-18.0
-17.0,-9.0,4.0,0.0,-14.0,-14.0,-654.0,-18.0
-17.0,-8.0,4.0,1.0,-13.0,-14.0,-658.0,-17.0
-18.0,-7.0,6.0,2.0,-13.0,-13.0,-808.0,-16.0
-19.0,-7.0,5.0,2.0,-15.0,-14.0,-837.0,-18.0
-18.0,-8.0,4.0,1.0,-15.0,-15.0,-686.0,-18.0
-18.0,-8.0,4.0,0.0,-14.0,-15.0,-719.0,-19.0
-17.0,-9.0,4.0,0.0,-14.0,-14.0,-713.0,-19.0
-16.0,-10.0,2.0,0.0,-15.0,-15.0,-547.0,-20.0
-16.0,-10.0,3.0,0.0,-13.0,-15.0,-543.0,-19.0
-17.0,-9.0,4.0,0.0,-13.0,-14.0,-683.0,-18.0
-17.0,-9.0,3.0,0.0,-14.0,-14.0,-624.0,-18.0
-17.0,-9.0,4.0,1.0,-13.0,-14.0,-622.0,-17.0
-18.0,-7.0,6.0,2.0,-13.0,-13.0,-754.0,-16.0
-19.0,-7.0,5.0,2.0,-14.0,-13.0,-810.0,-17.0
-18.0,-8.0,4.0,1.0,-14.0,-14.0,-627.0,-18.0
-17.0,-9.0,4.0,1.0,-14.0,-14.0,-670.0,-18.0
-17.0,-9.0,4.0,0.0,-14.0,-14.0,-697.0,-18.0
-16.0,-10.0,2.0,0.0,-15.0,-15.0,-550.0,-20.0
-16.0,-10.0,3.0,0.0,-13.0,-15.0,-522.0,-18.0
-17.0,-9.0,4.0,0.0,-13.0,-14.0,-717.0,-17.0
-17.0,-9.0,4.0,0.0,-13.0,-14.0,-714.0,-17.0
-17.0,-9.0,4.0,1.0,-13.0,-14.0,-708.0,-17.0
-18.0,-8.0,6.0,2.0,-12.0,-12.0,-824.0,-16.0
-18.0,-7.0,5.0,2.0,-14.0,-13.0,-846.0,-17.0
-17.0,-8.0,4.0,1.0,-14.0,-14.0,-691.0,-18.0
-17.0,-8.0,4.0,0.0,-14.0,-14.0,-706.0,-18.0
-17.0,-9.0,4.0,0.0,-14.0,-14.0,-691.0,-18.0
-17.0,-9.0,2.0,0.0,-14.0,-15.0,-585.0,-19.0
-16.0,-10.0,2.0,0.0,-13.0,-15.0,-546.0,-19.0
-16.0,-9.0,3.0,0.0,-13.0,-14.0,-714.0,-18.0
-17.0,-9.0,4.0,0.0,-13.0,-14.0,-667.0,-18.0
-17.0,-9.0,4.0,1.0,-13.0,-13.0,-661.0,-17.0
-18.0,-8.0,5.0,2.0,-13.0,-12.0,-797.0,-16.0
-18.0,-7.0,5.0,2.0,-14.0,-13.0,-852.0,-17.0
-17.0,-8.0,4.0,1.0,-15.0,-14.0,-701.0,-18.0
-17.0,-8.0,4.0,1.0,-14.0,-14.0,-745.0,-18.0
-17.0,-8.0,4.0,0.0,-14.0,-15.0,-778.0,-18.0
-16.0,-10.0,2.0,0.0,-15.0,-16.0,-673.0,-19.0
-16.0,-11.0,2.0,0.0,-12.0,-15.0,-637.0,-18.0
-16.0,-9.0,3.0,0.0,-12.0,-14.0,-777.0,-17.0
-17.0,-9.0,4.0,0.0,-13.0,-14.0,-738.0,-17.0
-17.0,-9.0,4.0,0.0,-13.0,-14.0,-730.0,-17.0
-18.0,-8.0,6.0,2.0,-12.0,-13.0,-832.0,-16.0
-19.0,-7.0,5.0,2.0,-14.0,-13.0,-855.0,-17.0
-18.0,-8.0,4.0,1.0,-14.0,-14.0,-654.0,-18.0
-17.0,-8.0,4.0,1.0,-14.0,-14.0,-652.0,-18.0
-17.0,-8.0,4.0,0.0,-14.0,-14.0,-669.0,-18.0
-16.0,-9.0,2.0,0.0,-15.0,-15.0,-593.0,-19.0
-15.0,-10.0,2.0,0.0,-13.0,-15.0,-542.0,-18.0
-16.0,-9.0,3.0,0.0,-12.0,-14.0,-696.0,-17.0
-17.0,-9.0,4.0,0.0,-13.0,-14.0,-631.0,-17.0
-17.0,-8.0,4.0,1.0,-13.0,-14.0,-597.0,-17.0
-17.0,-7.0,5.0,2.0,-12.0,-13.0,-713.0,-16.0
-17.0,-6.0,7.0,2.0,-13.0,-12.0,-790.0,-16.0
-14.0,-6.0,9.0,2.0,-12.0,-9.0,-640.0,-14.0
-12.0,-5.0,12.0,2.0,-10.0,-6.0,-639.0,-12.0
-10.0,-4.0,14.0,3.0,-8.0,-4.0,-640.0,-11.0
-7.0,-5.0,16.0,2.0,-7.0,-2.0,-561.0,-10.0
-3.0,-8.0,19.0,2.0,-3.0,1.0,-519.0,-6.0
0.0,-7.0,25.0,4.0,0.0,5.0,-676.0,-2.0
0.0,-6.0,27.0,5.0,0.0,8.0,-652.0,-1.0
2.0,-6.0,29.0,6.0,2.0,11.0,-629.0,1.0
3.0,-6.0,33.0,7.0,3.0,14.0,-729.0,3.0
3.0,-4.0,34.0,8.0,2.0,15.0,-791.0,4.0
4.0,-2.0,34.0,7.0,2.0,15.0,-628.0,3.0
6.0,-4.0,35.0,7.0,4.0,16.0,-650.0,4.0
7.0,-5.0,36.0,7.0,4.0,16.0,-643.0,4.0
7.0,-7.0,34.0,5.0,4.0,16.0,-535.0,3.0
8.0,-7.0,34.0,5.0,5.0,15.0,-433.0,4.0
8.0,-6.0,35.0,6.0,5.0,17.0,-595.0,5.0
7.0,-6.0,35.0,7.0,4.0,16.0,-595.0,5.0
7.0,-9.0,34.0,6.0,5.0,15.0,-599.0,4.0
6.0,-9.0,34.0,7.0,6.0,16.0,-684.0,5.0
6.0,-9.0,34.0,8.0,4.0,15.0,-774.0,5.0
6.0,-10.0,33.0,6.0,3.0,14.0,-623.0,3.0
5.0,-8.0,32.0,6.0,3.0,13.0,-661.0,2.0
4.0,-7.0,31.0,6.0,3.0,12.0,-647.0,2.0
5.0,-8.0,29.0,5.0,1.0,11.0,-490.0,0.0
5.0,-9.0,29.0,4.0,2.0,10.0,-398.0,1.0
3.0,-9.0,28.0,5.0,2.0,10.0,-593.0,0.0
2.0,-10.0,26.0,5.0,1.0,8.0,-583.0,0.0
1.0,-10.0,26.0,5.0,0.0,7.0,-546.0,0.0
0.0,-10.0,25.0,5.0,0.0,6.0,-619.0,-1.0
-2.0,-9.0,23.0,5.0,-2.0,4.0,-758.0,-2.0
-3.0,-8.0,21.0,4.0,-4.0,2.0,-612.0,-5.0
-4.0,-8.0,20.0,4.0,-4.0,1.0,-620.0,-6.0
-6.0,-9.0,16.0,3.0,-5.0,-1.0,-630.0,-8.0
-6.0,-11.0,14.0,1.0,-6.0,-3.0,-531.0,-9.0
-7.0,-10.0,12.0,1.0,-6.0,-4.0,-476.0,-10.0
-9.0,-9.0,12.0,2.0,-6.0,-4.0,-590.0,-10.0
-11.0,-9.0,10.0,2.0,-9.0,-8.0,-527.0,-12.0
-14.0,-7.0,8.0,2.0,-10.0,-9.0,-487.0,-14.0
-15.0,-6.0,8.0,2.0,-10.0,-9.0,-569.0,-14.0
-18.0,-6.0,5.0,2.0,-13.0,-12.0,-702.0,-16.0
-18.0,-7.0,3.0,1.0,-15.0,-14.0,-568.0,-18.0
-17.0,-7.0,3.0,1.0,-14.0,-14.0,-615.0,-17.0
-17.0,-8.0,3.0,0.0,-14.0,-14.0,-689.0,-18.0
-16.0,-9.0,2.0,0.0,-14.0,-15.0,-638.0,-19.0
-15.0,-10.0,2.0,-1.0,-13.0,-15.0,-531.0,-19.0
-16.0,-9.0,3.0,0.0,-12.0,-14.0,-681.0,-17.0
-17.0,-9.0,3.0,0.0,-13.0,-14.0,-666.0,-17.0
-17.0,-8.0,3.0,0.0,-13.0,-14.0,-669.0,-17.0
-18.0,-7.0,4.0,1.0,-12.0,-13.0,-728.0,-16.0
-19.0,-7.0,5.0,2.0,-13.0,-13.0,-965.0,-16.0
-18.0,-8.0,3.0,1.0,-14.0,-14.0,-852.0,-17.0
-17.0,-8.0,3.0,0.0,-13.0,-14.0,-849.0,-17.0
-17.0,-8.0,3.0,0.0,-14.0,-14.0,-863.0,-18.0
-16.0,-9.0,2.0,0.0,-14.0,-15.0,-789.0,-19.0
-15.0,-10.0,1.0,-1.0,-13.0,-15.0,-571.0,-18.0
-16.0,-9.0,3.0,0.0,-12.0,-14.0,-732.0,-17.0
-16.0,-9.0,3.0,0.0,-13.0,-14.0,-759.0,-17.0
-17.0,-9.0,3.0,0.0,-13.0,-14.0,-745.0,-17.0
-17.0,-8.0,5.0,1.0,-12.0,-13.0,-868.0,-16.0
-18.0,-7.0,5.0,2.0,-13.0,-13.0,-1031.0,-16.0
-18.0,-7.0,3.0,1.0,-14.0,-14.0,-827.0,-18.0
-17.0,-8.0,3.0,0.0,-14.0,-14.0,-734.0,-18.0
-17.0,-8.0,3.0,0.0,-13.0,-14.0,-742.0,-18.0
-16.0,-9.0,2.0,0.0,-14.0,-15.0,-684.0,-18.0
-15.0,-10.0,1.0,-1.0,-13.0,-15.0,-549.0,-19.0
-16.0,-9.0,3.0,0.0,-12.0,-14.0,-727.0,-16.0
-16.0,-9.0,3.0,0.0,-13.0,-14.0,-729.0,-17.0
-16.0,-9.0,3.0,0.0,-13.0,-14.0,-693.0,-17.0
-17.0,-8.0,4.0,1.0,-12.0,-13.0,-742.0,-16.0
-18.0,-7.0,5.0,2.0,-13.0,-13.0,-873.0,-16.0
-17.0,-8.0,4.0,1.0,-14.0,-14.0,-744.0,-17.0
-17.0,-8.0,3.0,1.0,-13.0,-14.0,-708.0,-17.0
-17.0,-8.0,3.0,0.0,-13.0,-14.0,-766.0,-17.0
-16.0,-8.0,2.0,0.0,-14.0,-15.0,-739.0,-18.0
-15.0,-10.0,1.0,-1.0,-13.0,-15.0,-602.0,-18.0
-18.0,-9.0,4.0,0.0,-13.0,-15.0,-733.0,-18.0
-23.0,-10.0,11.0,2.0,-18.0,-23.0,-675.0,-23.0
-27.0,-14.0,19.0,4.0,-21.0,-30.0,-653.0,-28.0
-34.0,-15.0,28.0,7.0,-25.0,-36.0,-760.0,-32.0
-39.0,-14.0,34.0,9.0,-29.0,-42.0,-892.0,-36.0
-38.0,-9.0,29.0,6.0,-30.0,-39.0,-698.0,-36.0
-33.0,-1.0,18.0,3.0,-25.0,-29.0,-656.0,-30.0
-23.0,9.0,0.0,-1.0,-16.0,-11.0,-709.0,-18.0
-5.0,33.0,-32.0,-12.0,-2.0,20.0,-702.0,0.0
17.0,57.0,-73.0,-24.0,16.0,59.0,-568.0,25.0
42.0,80.0,-114.0,-34.0,37.0,101.0,-656.0,54.0
67.0,102.0,-156.0,-44.0,56.0,143.0,-605.0,82.0
92.0,124.0,-198.0,-55.0,76.0,185.0,-571.0,109.0
118.0,146.0,-240.0,-65.0,97.0,227.0,-541.0,138.0
142.0,167.0,-281.0,-75.0,116.0,268.0,-596.0,165.0
168.0,183.0,-321.0,-86.0,134.0,306.0,-407.0,189.0
195.0,189.0,-355.0,-94.0,154.0,339.0,-359.0,213.0
218.0,188.0,-382.0,-99.0,171.0,365.0,-341.0,233.0
235.0,189.0,-404.0,-104.0,183.0,385.0,-276.0,248.0
247.0,191.0,-421.0,-109.0,192.0,400.0,-178.0,258.0
253.0,189.0,-425.0,-109.0,198.0,407.0,-354.0,265.0
256.0,178.0,-423.0,-106.0,198.0,405.0,-368.0,266.0
253.0,168.0,-415.0,-103.0,197.0,398.0,-363.0,261.0
245.0,161.0,-400.0,-98.0,191.0,385.0,-455.0,253.0
233.0,152.0,-381.0,-92.0,181.0,367.0,-599.0,241.0
221.0,139.0,-359.0,-88.0,169.0,343.0,-418.0,225.0
204.0,120.0,-330.0,-80.0,156.0,314.0,-408.0,206.0
183.0,99.0,-293.0,-71.0,140.0,278.0,-482.0,183.0
159.0,77.0,-254.0,-61.0,120.0,237.0,-447.0,156.0
135.0,52.0,-211.0,-50.0,100.0,193.0,-320.0,128.0
108.0,25.0,-164.0,-36.0,81.0,150.0,-487.0,100.0
82.0,1.0,-120.0,-24.0,59.0,107.0,-525.0,72.0
56.0,-16.0,-78.0,-14.0,39.0,67.0,-536.0,45.0
29.0,-34.0,-37.0,-2.0,19.0,28.0,-626.0,19.0
1.0,-50.0,-1.0,3.0,-1.0,-11.0,-803.0,-8.0
-26.0,-72.0,7.0,2.0,-25.0,-59.0,-665.0,-40.0
-53.0,-91.0,7.0,1.0,-46.0,-100.0,-615.0,-67.0
-72.0,-84.0,7.0,1.0,-59.0,-119.0,-682.0,-83.0
-78.0,-67.0,7.0,0.0,-62.0,-118.0,-653.0,-85.0
-69.0,-57.0,6.0,0.0,-55.0,-103.0,-498.0,-76.0
-55.0,-43.0,7.0,0.0,-43.0,-78.0,-602.0,-59.0
-42.0,-31.0,7.0,1.0,-33.0,-55.0,-611.0,-44.0
-30.0,-22.0,7.0,1.0,-23.0,-36.0,-557.0,-31.0
-21.0,-12.0,8.0,2.0,-16.0,-21.0,-593.0,-21.0
-20.0,-8.0,9.0,3.0,-14.0,-16.0,-739.0,-18.0
-19.0,-9.0,8.0,1.0,-16.0,-17.0,-590.0,-20.0
-19.0,-10.0,7.0,1.0,-15.0,-17.0,-538.0,-19.0
-19.0,-10.0,7.0,1.0,-15.0,-17.0,-542.0,-20.0
-19.0,-10.0,7.0,1.0,-15.0,-18.0,-495.0,-20.0
-18.0,-11.0,5.0,0.0,-15.0,-19.0,-355.0,-21.0
-18.0,-10.0,7.0,1.0,-13.0,-17.0,-477.0,-19.0
-18.0,-10.0,7.0,1.0,-14.0,-17.0,-557.0,-19.0
-19.0,-10.0,7.0,1.0,-14.0,-17.0,-572.0,-19.0
-19.0,-9.0,8.0,2.0,-14.0,-17.0,-633.0,-18.0
-20.0,-8.0,9.0,4.0,-14.0,-16.0,-775.0,-17.0
-19.0,-9.0,7.0,2.0,-16.0,-17.0,-671.0,-19.0
-18.0,-9.0,7.0,1.0,-15.0,-17.0,-579.0,-19.0
-18.0,-9.0,7.0,1.0,-15.0,-17.0,-599.0,-20.0
-18.0,-10.0,7.0,1.0,-15.0,-17.0,-552.0,-20.0
-17.0,-11.0,5.0,0.0,-15.0,-18.0,-404.0,-21.0
-18.0,-11.0,6.0,1.0,-13.0,-17.0,-508.0,-19.0
-18.0,-10.0,7.0,1.0,-14.0,-17.0,-554.0,-19.0
-18.0,-10.0,7.0,1.0,-14.0,-17.0,-515.0,-19.0
-19.0,-9.0,8.0,2.0,-13.0,-16.0,-552.0,-18.0
-20.0,-8.0,9.0,3.0,-14.0,-16.0,-696.0,-17.0
-19.0,-9.0,8.0,2.0,-16.0,-17.0,-570.0,-19.0
-19.0,-9.0,7.0,1.0,-15.0,-17.0,-511.0,-19.0
-19.0,-9.0,7.0,1.0,-15.0,-17.0,-556.0,-19.0
-18.0,-10.0,7.0,1.0,-15.0,-18.0,-542.0,-20.0
-17.0,-11.0,5.0,0.0,-15.0,-19.0,-412.0,-21.0
-18.0,-10.0,6.0,1.0,-13.0,-17.0,-583.0,-19.0
-18.0,-10.0,7.0,1.0,-14.0,-17.0,-679.0,-18.0
-18.0,-10.0,7.0,1.0,-14.0,-17.0,-594.0,-18.0
-18.0,-9.0,8.0,2.0,-13.0,-16.0,-548.0,-18.0
-19.0,-8.0,9.0,3.0,-14.0,-15.0,-682.0,-17.0
-19.0,-9.0,8.0,2.0,-16.0,-17.0,-559.0,-19.0
-18.0,-9.0,7.0,1.0,-15.0,-17.0,-492.0,-19.0
-18.0,-9.0,7.0,1.0,-15.0,-17.0,-536.0,-19.0
-18.0,-9.0,7.0,0.0,-15.0,-18.0,-512.0,-20.0
-17.0,-11.0,5.0,0.0,-15.0,-19.0,-350.0,-21.0
-17.0,-11.0,6.0,0.0,-13.0,-17.0,-475.0,-18.0
-18.0,-10.0,7.0,1.0,-14.0,-17.0,-558.0,-18.0
-18.0,-9.0,7.0,1.0,-14.0,-17.0,-613.0,-18.0
-18.0,-9.0,8.0,2.0,-14.0,-16.0,-740.0,-18.0
-18.0,-7.0,12.0,4.0,-12.0,-12.0,-903.0,-15.0
-17.0,-6.0,12.0,3.0,-13.0,-13.0,-779.0,-16.0
-16.0,-7.0,12.0,2.0,-12.0,-12.0,-674.0,-16.0
-13.0,-6.0,14.0,3.0,-11.0,-9.0,-711.0,-14.0
-12.0,-6.0,15.0,2.0,-10.0,-8.0,-664.0,-13.0
-9.0,-9.0,15.0,1.0,-9.0,-8.0,-403.0,-13.0
-9.0,-9.0,17.0,2.0,-7.0,-6.0,-484.0,-10.0
-9.0,-9.0,17.0,3.0,-8.0,-6.0,-491.0,-11.0
-9.0,-8.0,18.0,3.0,-8.0,-6.0,-393.0,-10.0
-8.0,-7.0,21.0,4.0,-6.0,-2.0,-403.0,-8.0
-8.0,-5.0,24.0,6.0,-5.0,0.0,-560.0,-6.0
-8.0,-6.0,22.0,5.0,-7.0,-2.0,-448.0,-8.0
-6.0,-7.0,23.0,5.0,-6.0,-1.0,-365.0,-8.0
-5.0,-8.0,24.0,4.0,-4.0,0.0,-395.0,-6.0
-4.0,-8.0,24.0,4.0,-4.0,0.0,-359.0,-6.0
-3.0,-7.0,24.0,4.0,-4.0,0.0,-212.0,-7.0
-2.0,-7.0,26.0,5.0,-1.0,2.0,-314.0,-4.0
-1.0,-7.0,28.0,5.0,-1.0,3.0,-371.0,-3.0
-1.0,-7.0,28.0,6.0,-1.0,4.0,-348.0,-3.0
0.0,-6.0,30.0,6.0,0.0,5.0,-411.0,-1.0
0.0,-3.0,35.0,9.0,1.0,10.0,-585.0,1.0
3.0,-2.0,38.0,8.0,1.0,13.0,-480.0,2.0
6.0,-1.0,43.0,9.0,4.0,18.0,-377.0,5.0
8.0,0.0,45.0,10.0,6.0,20.0,-411.0,7.0
10.0,0.0,47.0,10.0,7.0,22.0,-422.0,8.0
14.0,0.0,49.0,10.0,8.0,25.0,-399.0,10.0
16.0,3.0,55.0,12.0,13.0,30.0,-474.0,15.0
19.0,5.0,60.0,13.0,14.0,35.0,-525.0,18.0
21.0,7.0,65.0,14.0,16.0,39.0,-506.0,20.0
24.0,7.0,68.0,16.0,18.0,43.0,-534.0,23.0
26.0,8.0,73.0,18.0,21.0,47.0,-658.0,27.0
29.0,9.0,76.0,18.0,21.0,50.0,-553.0,28.0
32.0,11.0,80.0,18.0,23.0,54.0,-463.0,31.0
35.0,12.0,84.0,19.0,26.0,58.0,-459.0,34.0
38.0,14.0,88.0,20.0,28.0,62.0,-429.0,36.0
43.0,12.0,90.0,19.0,30.0,64.0,-285.0,37.0
45.0,12.0,94.0,20.0,34.0,69.0,-345.0,41.0
46.0,14.0,97.0,22.0,34.0,71.0,-414.0,43.0
47.0,15.0,99.0,23.0,35.0,74.0,-427.0,45.0
48.0,16.0,101.0,23.0,37.0,76.0,-510.0,46.0
48.0,15.0,104.0,25.0,37.0,78.0,-636.0,49.0
49.0,14.0,103.0,24.0,36.0,77.0,-494.0,47.0
50.0,14.0,103.0,23.0,37.0,77.0,-362.0,47.0
52.0,14.0,105.0,24.0,39.0,79.0,-372.0,49.0
53.0,14.0,106.0,24.0,39.0,80.0,-376.0,49.0
54.0,13.0,104.0,22.0,39.0,79.0,-251.0,48.0
54.0,13.0,105.0,23.0,41.0,80.0,-325.0,50.0
52.0,13.0,103.0,23.0,39.0,78.0,-429.0,49.0
51.0,12.0,102.0,22.0,38.0,76.0,-407.0,47.0
50.0,10.0,100.0,22.0,38.0,75.0,-423.0,47.0
47.0,11.0,100.0,23.0,36.0,74.0,-572.0,46.0
46.0,9.0,97.0,22.0,34.0,70.0,-527.0,43.0
45.0,8.0,94.0,21.0,33.0,68.0,-413.0,41.0
44.0,6.0,91.0,20.0,32.0,66.0,-443.0,40.0
42.0,6.0,88.0,19.0,31.0,63.0,-442.0,38.0
42.0,2.0,83.0,16.0,29.0,58.0,-298.0,35.0
40.0,0.0,81.0,16.0,29.0,56.0,-334.0,34.0
36.0,2.0,79.0,16.0,27.0,54.0,-421.0,32.0
34.0,1.0,75.0,16.0,24.0,50.0,-432.0,30.0
33.0,-2.0,72.0,15.0,24.0,48.0,-450.0,29.0
29.0,-3.0,70.0,16.0,22.0,45.0,-571.0,27.0
26.0,-5.0,65.0,14.0,19.0,40.0,-511.0,23.0
26.0,-10.0,61.0,11.0,18.0,36.0,-417.0,20.0
24.0,-12.0,56.0,10.0,16.0,32.0,-463.0,18.0
21.0,-13.0,52.0,9.0,14.0,28.0,-450.0,15.0
20.0,-12.0,48.0,7.0,12.0,24.0,-303.0,11.0
17.0,-11.0,47.0,8.0,12.0,23.0,-364.0,11.0
14.0,-10.0,45.0,8.0,10.0,20.0,-480.0,10.0
12.0,-11.0,43.0,8.0,8.0,19.0,-431.0,8.0
11.0,-12.0,41.0,8.0,7.0,16.0,-409.0,7.0
8.0,-10.0,41.0,9.0,7.0,16.0,-503.0,8.0
6.0,-9.0,38.0,8.0,3.0,13.0,-483.0,4.0
5.0,-11.0,34.0,6.0,2.0,10.0,-374.0,2.0
4.0,-10.0,33.0,6.0,2.0,9.0,-354.0,1.0
2.0,-11.0,31.0,5.0,1.0,7.0,-330.0,0.0
2.0,-13.0,26.0,3.0,0.0,3.0,-212.0,-3.0
0.0,-11.0,26.0,4.0,0.0,3.0,-244.0,-2.0
-1.0,-10.0,26.0,4.0,-1.0,2.0,-404.0,-3.0
-2.0,-11.0,24.0,4.0,-2.0,0.0,-378.0,-5.0
-4.0,-11.0,22.0,4.0,-3.0,0.0,-360.0,-6.0
-6.0,-8.0,23.0,5.0,-3.0,0.0,-525.0,-5.0
-7.0,-10.0,20.0,4.0,-6.0,-3.0,-533.0,-8.0
-7.0,-11.0,18.0,3.0,-7.0,-5.0,-404.0,-9.0
-8.0,-11.0,17.0,3.0,-7.0,-6.0,-431.0,-10.0
-10.0,-9.0,15.0,2.0,-8.0,-8.0,-421.0,-12.0
-12.0,-11.0,10.0,0.0,-10.0,-12.0,-294.0,-15.0
-12.0,-11.0,9.0,1.0,-10.0,-13.0,-292.0,-15.0
-14.0,-9.0,9.0,1.0,-11.0,-14.0,-406.0,-16.0
-16.0,-8.0,8.0,2.0,-12.0,-14.0,-372.0,-16.0
-17.0,-7.0,8.0,1.0,-12.0,-14.0,-365.0,-16.0
-18.0,-6.0,10.0,3.0,-12.0,-13.0,-474.0,-15.0
-19.0,-7.0,7.0,2.0,-15.0,-16.0,-438.0,-18.0
-19.0,-9.0,4.0,1.0,-15.0,-18.0,-286.0,-20.0
-19.0,-9.0,4.0,1.0,-15.0,-18.0,-309.0,-20.0
-19.0,-9.0,4.0,0.0,-16.0,-18.0,-302.0,-20.0
-18.0,-11.0,2.0,-1.0,-16.0,-20.0,-172.0,-21.0
-18.0,-11.0,3.0,0.0,-14.0,-19.0,-198.0,-20.0
-18.0,-10.0,4.0,0.0,-14.0,-18.0,-329.0,-19.0
-19.0,-10.0,4.0,1.0,-15.0,-18.0,-265.0,-19.0
-19.0,-10.0,4.0,1.0,-14.0,-18.0,-260.0,-18.0
-20.0,-8.0,6.0,2.0,-13.0,-16.0,-401.0,-17.0
-20.0,-7.0,5.0,2.0,-15.0,-17.0,-398.0,-19.0
-19.0,-8.0,4.0,1.0,-16.0,-19.0,-240.0,-20.0
-19.0,-9.0,4.0,0.0,-15.0,-19.0,-253.0,-20.0
-19.0,-9.0,4.0,0.0,-15.0,-19.0,-230.0,-20.0
-18.0,-10.0,2.0,0.0,-16.0,-20.0,-68.0,-21.0
-18.0,-10.0,2.0,0.0,-14.0,-19.0,-25.0,-20.0
-18.0,-10.0,3.0,0.0,-14.0,-18.0,-221.0,-19.0
-18.0,-9.0,4.0,0.0,-15.0,-18.0,-249.0,-19.0
-19.0,-10.0,4.0,1.0,-14.0,-18.0,-330.0,-19.0
-20.0,-9.0,6.0,2.0,-14.0,-16.0,-540.0,-17.0
-20.0,-8.0,5.0,2.0,-16.0,-17.0,-600.0,-19.0
-19.0,-9.0,4.0,1.0,-16.0,-18.0,-480.0,-19.0
-19.0,-9.0,4.0,0.0,-15.0,-18.0,-474.0,-19.0
-19.0,-9.0,4.0,0.0,-15.0,-18.0,-430.0,-20.0
-18.0,-10.0,2.0,0.0,-16.0,-20.0,-294.0,-21.0
-18.0,-11.0,3.0,0.0,-14.0,-19.0,-283.0,-20.0
-18.0,-10.0,4.0,0.0,-14.0,-18.0,-422.0,-19.0
-18.0,-10.0,4.0,0.0,-14.0,-18.0,-381.0,-19.0
-19.0,-9.0,4.0,1.0,-14.0,-18.0,-369.0,-18.0
-20.0,-8.0,6.0,2.0,-14.0,-17.0,-460.0,-17.0
-20.0,-8.0,5.0,2.0,-15.0,-17.0,-447.0,-18.0
-19.0,-8.0,4.0,1.0,-15.0,-18.0,-275.0,-19.0
-19.0,-9.0,4.0,0.0,-15.0,-18.0,-318.0,-19.0
-19.0,-9.0,4.0,0.0,-15.0,-18.0,-350.0,-19.0
-17.0,-10.0,2.0,0.0,-15.0,-20.0,-273.0,-21.0
-18.0,-11.0,3.0,0.0,-13.0,-19.0,-257.0,-19.0
-18.0,-10.0,4.0,0.0,-14.0,-18.0,-400.0,-19.0
-18.0,-10.0,4.0,1.0,-14.0,-18.0,-391.0,-19.0
-19.0,-9.0,4.0,1.0,-14.0,-18.0,-390.0,-18.0
-19.0,-8.0,5.0,2.0,-13.0,-17.0,-507.0,-17.0
-20.0,-8.0,5.0,2.0,-15.0,-17.0,-581.0,-18.0
-19.0,-8.0,4.0,1.0,-16.0,-18.0,-448.0,-19.0
-19.0,-9.0,4.0,0.0,-15.0,-18.0,-452.0,-19.0
-18.0,-9.0,4.0,0.0,-15.0,-18.0,-393.0,-20.0
-18.0,-10.0,2.0,-1.0,-16.0,-20.0,-267.0,-21.0
-17.0,-10.0,2.0,0.0,-14.0,-19.0,-186.0,-20.0
-18.0,-10.0,3.0,0.0,-14.0,-18.0,-361.0,-19.0
-18.0,-10.0,4.0,0.0,-14.0,-18.0,-381.0,-19.0
-18.0,-9.0,4.0,1.0,-14.0,-18.0,-368.0,-18.0
-19.0,-7.0,6.0,2.0,-13.0,-16.0,-478.0,-17.0
-20.0,-7.0,5.0,2.0,-15.0,-17.0,-497.0,-18.0
-19.0,-8.0,4.0,1.0,-15.0,-18.0,-293.0,-19.0
-19.0,-8.0,4.0,0.0,-15.0,-18.0,-281.0,-19.0
-18.0,-9.0,4.0,0.0,-15.0,-18.0,-280.0,-19.0
-18.0,-10.0,2.0,-1.0,-16.0,-19.0,-205.0,-20.0
-17.0,-11.0,3.0,0.0,-14.0,-19.0,-190.0,-19.0
-18.0,-10.0,4.0,0.0,-14.0,-18.0,-393.0,-18.0
-18.0,-9.0,3.0,0.0,-14.0,-18.0,-411.0,-19.0
-18.0,-9.0,4.0,0.0,-14.0,-18.0,-427.0,-18.0
-19.0,-8.0,5.0,2.0,-13.0,-16.0,-532.0,-17.0
-19.0,-8.0,5.0,2.0,-15.0,-17.0,-610.0,-18.0
-18.0,-9.0,4.0,1.0,-15.0,-18.0,-456.0,-19.0
-18.0,-9.0,4.0,0.0,-15.0,-18.0,-473.0,-19.0
-18.0,-9.0,3.0,0.0,-15.0,-18.0,-479.0,-19.0
-17.0,-10.0,2.0,0.0,-15.0,-19.0,-389.0,-20.0
-17.0,-10.0,2.0,0.0,-14.0,-19.0,-357.0,-19.0
-18.0,-9.0,4.0,0.0,-13.0,-18.0,-540.0,-18.0
-18.0,-9.0,4.0,0.0,-14.0,-18.0,-531.0,-18.0
-18.0,-9.0,4.0,1.0,-14.0,-18.0,-475.0,-18.0
-19.0,-8.0,5.0,2.0,-13.0,-16.0,-536.0,-17.0
-20.0,-7.0,5.0,2.0,-15.0,-16.0,-600.0,-18.0
-19.0,-8.0,4.0,1.0,-15.0,-17.0,-414.0,-19.0
-19.0,-9.0,4.0,1.0,-14.0,-18.0,-403.0,-19.0
-18.0,-9.0,4.0,0.0,-14.0,-18.0,-406.0,-19.0
-18.0,-10.0,2.0,0.0,-15.0,-19.0,-322.0,-20.0
-17.0,-10.0,2.0,0.0,-14.0,-18.0,-257.0,-19.0
-18.0,-9.0,4.0,0.0,-13.0,-17.0,-430.0,-18.0
-18.0,-9.0,4.0,0.0,-14.0,-18.0,-413.0,-18.0
-18.0,-9.0,4.0,1.0,-14.0,-17.0,-413.0,-18.0
-19.0,-8.0,5.0,2.0,-13.0,-16.0,-568.0,-17.0
-20.0,-7.0,5.0,2.0,-15.0,-16.0,-677.0,-17.0
-19.0,-8.0,4.0,1.0,-15.0,-17.0,-499.0,-19.0
-19.0,-8.0,4.0,1.0,-14.0,-17.0,-500.0,-18.0
-18.0,-9.0,3.0,0.0,-14.0,-17.0,-519.0,-19.0
-17.0,-10.0,2.0,0.0,-15.0,-19.0,-471.0,-20.0
-17.0,-10.0,2.0,0.0,-13.0,-18.0,-445.0,-19.0
-17.0,-9.0,3.0,0.0,-13.0,-17.0,-652.0,-18.0
-18.0,-9.0,3.0,0.0,-14.0,-17.0,-645.0,-18.0
-18.0,-9.0,4.0,1.0,-14.0,-17.0,-643.0,-18.0
-19.0,-8.0,5.0,2.0,-13.0,-16.0,-728.0,-17.0
-19.0,-7.0,5.0,3.0,-15.0,-17.0,-764.0,-17.0
-19.0,-8.0,4.0,1.0,-16.0,-18.0,-585.0,-19.0
-18.0,-9.0,4.0,1.0,-15.0,-17.0,-592.0,-19.0
-18.0,-9.0,3.0,0.0,-15.0,-18.0,-573.0,-19.0
-18.0,-9.0,2.0,0.0,-15.0,-18.0,-520.0,-20.0
-17.0,-10.0,2.0,0.0,-14.0,-18.0,-438.0,-19.0
-17.0,-10.0,3.0,0.0,-13.0,-17.0,-568.0,-18.0
-18.0,-9.0,4.0,0.0,-14.0,-17.0,-580.0,-18.0
-18.0,-9.0,4.0,1.0,-13.0,-17.0,-555.0,-17.0
-18.0,-8.0,5.0,2.0,-13.0,-16.0,-614.0,-17.0
-19.0,-7.0,5.0,3.0,-14.0,-16.0,-702.0,-17.0
-19.0,-8.0,4.0,1.0,-15.0,-17.0,-572.0,-19.0
-18.0,-8.0,4.0,0.0,-14.0,-17.0,-573.0,-19.0
-18.0,-9.0,4.0,0.0,-14.0,-18.0,-555.0,-19.0
-17.0,-9.0,3.0,0.0,-15.0,-19.0,-449.0,-19.0
-16.0,-10.0,2.0,0.0,-14.0,-18.0,-345.0,-19.0
-17.0,-9.0,3.0,0.0,-13.0,-17.0,-527.0,-18.0
-17.0,-9.0,4.0,0.0,-14.0,-17.0,-567.0,-18.0
-18.0,-9.0,4.0,0.0,-14.0,-17.0,-543.0,-18.0
-19.0,-8.0,5.0,2.0,-13.0,-16.0,-600.0,-17.0
-19.0,-7.0,6.0,2.0,-14.0,-16.0,-685.0,-17.0
-18.0,-8.0,4.0,1.0,-15.0,-17.0,-488.0,-19.0
-18.0,-8.0,4.0,0.0,-14.0,-17.0,-445.0,-18.0
-17.0,-9.0,4.0,0.0,-14.0,-17.0,-464.0,-18.0
-17.0,-9.0,2.0,0.0,-15.0,-18.0,-421.0,-19.0
-16.0,-10.0,2.0,0.0,-14.0,-19.0,-304.0,-19.0
-17.0,-9.0,4.0,0.0,-13.0,-17.0,-462.0,-17.0
-17.0,-9.0,4.0,0.0,-13.0,-17.0,-465.0,-17.0
-18.0,-9.0,4.0,1.0,-13.0,-17.0,-460.0,-17.0
-18.0,-8.0,5.0,2.0,-13.0,-16.0,-570.0,-16.0
-19.0,-7.0,5.0,3.0,-14.0,-16.0,-705.0,-17.0
-18.0,-8.0,4.0,1.0,-15.0,-17.0,-558.0,-18.0
-17.0,-9.0,3.0,0.0,-14.0,-17.0,-513.0,-18.0
-18.0,-9.0,4.0,0.0,-13.0,-17.0,-467.0,-18.0
-18.0,-8.0,5.0,1.0,-13.0,-16.0,-518.0,-17.0
-19.0,-7.0,6.0,2.0,-14.0,-16.0,-603.0,-17.0
-18.0,-8.0,4.0,1.0,-15.0,-17.0,-403.0,-18.0
-18.0,-8.0,4.0,1.0,-14.0,-17.0,-403.0,-18.0
-18.0,-8.0,4.0,0.0,-14.0,-17.0,-437.0,-18.0
-17.0,-9.0,3.0,0.0,-14.0,-18.0,-431.0,-19.0
-16.0,-10.0,2.0,0.0,-13.0,-18.0,-360.0,-19.0
-17.0,-9.0,3.0,0.0,-12.0,-17.0,-527.0,-18.0
-17.0,-9.0,3.0,0.0,-13.0,-17.0,-518.0,-18.0
-17.0,-9.0,4.0,1.0,-13.0,-16.0,-523.0,-17.0
-18.0,-8.0,5.0,2.0,-13.0,-16.0,-609.0,-16.0
-19.0,-7.0,5.0,2.0,-14.0,-16.0,-704.0,-17.0
-18.0,-8.0,4.0,1.0,-15.0,-17.0,-550.0,-18.0
-18.0,-8.0,4.0,1.0,-14.0,-17.0,-547.0,-18.0
-17.0,-8.0,4.0,0.0,-14.0,-17.0,-593.0,-18.0
-17.0,-9.0,3.0,0.0,-15.0,-18.0,-560.0,-19.0
-16.0,-10.0,2.0,-1.0,-14.0,-18.0,-416.0,-19.0
-16.0,-9.0,3.0,0.0,-12.0,-17.0,-561.0,-17.0
-17.0,-9.0,4.0,0.0,-13.0,-17.0,-550.0,-17.0
-17.0,-9.0,4.0,1.0,-13.0,-16.0,-519.0,-17.0
-17.0,-8.0,5.0,2.0,-12.0,-15.0,-641.0,-16.0
-16.0,-5.0,9.0,3.0,-12.0,-12.0,-743.0,-14.0
-13.0,-5.0,12.0,2.0,-11.0,-9.0,-533.0,-13.0
-11.0,-4.0,13.0,2.0,-9.0,-8.0,-560.0,-12.0
-9.0,-4.0,16.0,3.0,-7.0,-4.0,-585.0,-10.0
-6.0,-5.0,18.0,3.0,-6.0,-2.0,-528.0,-8.0
-1.0,-8.0,21.0,3.0,-2.0,0.0,-451.0,-5.0
0.0,-7.0,25.0,5.0,0.0,4.0,-632.0,-2.0
1.0,-6.0,28.0,5.0,1.0,7.0,-656.0,0.0
3.0,-7.0,30.0,6.0,2.0,9.0,-632.0,2.0
4.0,-5.0,33.0,7.0,3.0,11.0,-694.0,3.0
3.0,-2.0,36.0,9.0,3.0,14.0,-854.0,4.0
4.0,-3.0,35.0,7.0,2.0,13.0,-739.0,3.0
6.0,-5.0,35.0,7.0,4.0,13.0,-779.0,4.0
6.0,-5.0,35.0,7.0,4.0,14.0,-815.0,4.0
7.0,-6.0,34.0,6.0,4.0,13.0,-715.0,3.0
8.0,-7.0,34.0,5.0,4.0,12.0,-542.0,3.0
7.0,-6.0,35.0,6.0,5.0,13.0,-630.0,5.0
7.0,-7.0,34.0,6.0,4.0,13.0,-590.0,4.0
7.0,-10.0,33.0,6.0,4.0,11.0,-544.0,4.0
7.0,-10.0,33.0,7.0,5.0,12.0,-567.0,5.0
6.0,-9.0,34.0,7.0,4.0,13.0,-676.0,5.0
5.0,-8.0,32.0,6.0,2.0,11.0,-516.0,3.0
3.0,-7.0,31.0,6.0,2.0,10.0,-525.0,2.0
3.0,-7.0,31.0,6.0,2.0,10.0,-573.0,1.0
4.0,-8.0,30.0,5.0,1.0,9.0,-516.0,1.0
4.0,-9.0,27.0,3.0,1.0,6.0,-387.0,0.0
2.0,-10.0,26.0,4.0,2.0,6.0,-521.0,0.0
2.0,-9.0,26.0,4.0,1.0,5.0,-558.0,0.0
0.0,-10.0,24.0,4.0,0.0,3.0,-577.0,-1.0
-1.0,-10.0,22.0,4.0,-1.0,1.0,-648.0,-2.0
-3.0,-8.0,23.0,6.0,-2.0,2.0,-807.0,-3.0
-4.0,-8.0,20.0,4.0,-4.0,0.0,-604.0,-6.0
-6.0,-9.0,18.0,3.0,-5.0,-3.0,-579.0,-7.0
-7.0,-9.0,16.0,2.0,-6.0,-5.0,-679.0,-9.0
-8.0,-8.0,14.0,2.0,-7.0,-6.0,-680.0,-10.0
-8.0,-9.0,11.0,0.0,-7.0,-8.0,-520.0,-11.0
-10.0,-9.0,10.0,1.0,-7.0,-9.0,-611.0,-11.0
-13.0,-8.0,8.0,1.0,-10.0,-12.0,-628.0,-14.0
-15.0,-7.0,7.0,1.0,-11.0,-12.0,-565.0,-14.0
-16.0,-7.0,5.0,2.0,-12.0,-15.0,-611.0,-15.0
-19.0,-6.0,5.0,2.0,-13.0,-15.0,-754.0,-16.0
-18.0,-7.0,3.0,1.0,-15.0,-16.0,-551.0,-18.0
-17.0,-8.0,3.0,0.0,-14.0,-17.0,-348.0,-18.0
-17.0,-8.0,3.0,0.0,-14.0,-17.0,-290.0,-18.0
-17.0,-8.0,2.0,0.0,-14.0,-17.0,-260.0,-18.0
-16.0,-10.0,1.0,-1.0,-14.0,-18.0,-153.0,-19.0
-16.0,-9.0,2.0,0.0,-12.0,-17.0,-220.0,-17.0
-17.0,-9.0,2.0,0.0,-13.0,-17.0,-265.0,-17.0
-17.0,-9.0,3.0,0.0,-13.0,-16.0,-303.0,-17.0
-17.0,-8.0,4.0,1.0,-13.0,-16.0,-370.0,-16.0
-18.0,-7.0,5.0,3.0,-13.0,-15.0,-538.0,-16.0
-18.0,-7.0,3.0,1.0,-15.0,-17.0,-380.0,-18.0
-18.0,-8.0,3.0,0.0,-14.0,-17.0,-295.0,-18.0
-17.0,-8.0,3.0,0.0,-14.0,-17.0,-333.0,-18.0
-17.0,-8.0,2.0,0.0,-15.0,-18.0,-268.0,-19.0
-16.0,-10.0,1.0,-1.0,-14.0,-18.0,-55.0,-19.0
-16.0,-9.0,3.0,0.0,-12.0,-17.0,-172.0,-17.0
-17.0,-8.0,3.0,0.0,-13.0,-17.0,-235.0,-17.0
-17.0,-8.0,3.0,0.0,-13.0,-16.0,-186.0,-17.0
-17.0,-8.0,4.0,1.0,-12.0,-16.0,-192.0,-16.0
-18.0,-6.0,5.0,2.0,-13.0,-15.0,-354.0,-16.0
-18.0,-7.0,4.0,1.0,-14.0,-16.0,-227.0,-18.0
-17.0,-8.0,3.0,1.0,-14.0,-16.0,-194.0,-18.0
-17.0,-8.0,3.0,0.0,-14.0,-16.0,-233.0,-18.0
-17.0,-8.0,2.0,0.0,-14.0,-17.0,-201.0,-18.0
-16.0,-10.0,1.0,-1.0,-14.0,-18.0,-12.0,-19.0
-17.0,-9.0,2.0,0.0,-12.0,-17.0,-114.0,-17.0
-17.0,-8.0,3.0,0.0,-13.0,-17.0,-161.0,-17.0
-17.0,-8.0,3.0,0.0,-13.0,-16.0,-91.0,-17.0
-17.0,-8.0,4.0,1.0,-13.0,-16.0,-114.0,-16.0
-18.0,-7.0,5.0,3.0,-13.0,-15.0,-276.0,-15.0
-18.0,-7.0,3.0,1.0,-15.0,-16.0,-162.0,-18.0
-18.0,-7.0,3.0,0.0,-14.0,-17.0,-112.0,-18.0
-17.0,-8.0,3.0,0.0,-13.0,-16.0,-193.0,-17.0
-17.0,-8.0,2.0,0.0,-14.0,-17.0,-148.0,-18.0
-16.0,-10.0,1.0,-1.0,-14.0,-19.0,39.0,-19.0
-20.0,-10.0,8.0,0.0,-16.0,-22.0,-46.0,-21.0
-26.0,-12.0,16.0,3.0,-20.0,-31.0,-103.0,-27.0
-31.0,-15.0,23.0,5.0,-24.0,-37.0,-93.0,-31.0
-37.0,-16.0,31.0,7.0,-27.0,-44.0,-130.0,-36.0
-40.0,-11.0,34.0,9.0,-29.0,-43.0,-280.0,-35.0
-36.0,-3.0,24.0,4.0,-28.0,-36.0,-115.0,-33.0
-28.0,4.0,9.0,0.0,-21.0,-22.0,-36.0,-24.0
-14.0,23.0,-17.0,-7.0,-9.0,4.0,-117.0,-7.0
6.0,49.0,-56.0,-19.0,7.0,41.0,-92.0,15.0
32.0,71.0,-100.0,-31.0,27.0,81.0,122.0,41.0
57.0,93.0,-140.0,-40.0,49.0,124.0,102.0,71.0
82.0,115.0,-182.0,-51.0,68.0,166.0,-10.0,98.0
108.0,137.0,-224.0,-62.0,88.0,207.0,-13.0,126.0
133.0,159.0,-266.0,-72.0,109.0,249.0,40.0,154.0
158.0,178.0,-305.0,-80.0,129.0,290.0,-69.0,181.0
184.0,189.0,-343.0,-91.0,146.0,324.0,84.0,205.0
209.0,188.0,-373.0,-97.0,164.0,353.0,228.0,226.0
228.0,188.0,-396.0,-102.0,178.0,376.0,241.0,243.0
242.0,192.0,-414.0,-106.0,188.0,393.0,246.0,255.0
251.0,191.0,-426.0,-110.0,194.0,402.0,412.0,262.0
256.0,182.0,-425.0,-108.0,199.0,404.0,352.0,266.0
255.0,172.0,-419.0,-104.0,198.0,399.0,270.0,263.0
249.0,163.0,-408.0,-101.0,193.0,387.0,309.0,257.0
239.0,154.0,-390.0,-96.0,185.0,371.0,264.0,246.0
225.0,144.0,-367.0,-89.0,175.0,352.0,68.0,233.0
210.0,128.0,-342.0,-83.0,160.0,324.0,197.0,214.0
191.0,107.0,-308.0,-74.0,146.0,289.0,304.0,192.0
168.0,86.0,-269.0,-64.0,128.0,251.0,185.0,167.0
143.0,63.0,-227.0,-53.0,107.0,209.0,129.0,139.0
118.0,35.0,-183.0,-43.0,86.0,163.0,262.0,110.0
92.0,9.0,-136.0,-29.0,68.0,120.0,145.0,83.0
65.0,-9.0,-95.0,-18.0,47.0,80.0,-14.0,55.0
39.0,-27.0,-54.0,-7.0,27.0,40.0,-6.0,29.0
12.0,-45.0,-14.0,0.0,6.0,0.0,-14.0,2.0
-16.0,-62.0,7.0,3.0,-15.0,-42.0,-205.0,-26.0
-44.0,-85.0,8.0,1.0,-39.0,-88.0,-166.0,-58.0
-66.0,-89.0,7.0,1.0,-56.0,-117.0,-79.0,-79.0
-78.0,-73.0,7.0,1.0,-62.0,-122.0,-121.0,-85.0
-74.0,-60.0,7.0,1.0,-59.0,-112.0,-80.0,-80.0
-61.0,-50.0,5.0,0.0,-49.0,-92.0,80.0,-67.0
-46.0,-36.0,6.0,1.0,-36.0,-67.0,40.0,-50.0
-34.0,-25.0,7.0,1.0,-27.0,-46.0,-50.0,-36.0
-24.0,-16.0,7.0,1.0,-19.0,-29.0,-21.0,-25.0
-20.0,-10.0,7.0,2.0,-15.0,-20.0,-24.0,-20.0
-20.0,-8.0,9.0,3.0,-14.0,-18.0,-134.0,-18.0
-20.0,-8.0,8.0,2.0,-16.0,-20.0,-62.0,-19.0
-19.0,-9.0,7.0,2.0,-15.0,-20.0,41.0,-20.0
-19.0,-10.0,7.0,1.0,-15.0,-20.0,2.0,-20.0
-19.0,-10.0,6.0,1.0,-15.0,-20.0,12.0,-20.0
-18.0,-11.0,5.0,0.0,-16.0,-22.0,177.0,-21.0
-18.0,-11.0,6.0,0.0,-14.0,-20.0,160.0,-19.0
-19.0,-10.0,6.0,1.0,-15.0,-20.0,74.0,-19.0
-19.0,-10.0,7.0,1.0,-15.0,-20.0,80.0,-19.0
-19.0,-9.0,7.0,2.0,-14.0,-19.0,62.0,-19.0
-20.0,-8.0,9.0,3.0,-14.0,-18.0,-105.0,-17.0
-20.0,-8.0,8.0,2.0,-16.0,-19.0,-15.0,-19.0
-20.0,-9.0,7.0,1.0,-15.0,-19.0,131.0,-19.0
-19.0,-9.0,7.0,1.0,-15.0,-20.0,94.0,-19.0
-19.0,-9.0,7.0,1.0,-15.0,-20.0,72.0,-20.0
-18.0,-11.0,5.0,0.0,-16.0,-21.0,233.0,-21.0
-18.0,-11.0,6.0,0.0,-13.0,-20.0,212.0,-19.0
-19.0,-10.0,7.0,1.0,-14.0,-20.0,128.0,-19.0
-19.0,-10.0,7.0,1.0,-15.0,-20.0,185.0,-19.0
-19.0,-9.0,7.0,1.0,-14.0,-20.0,188.0,-19.0
-20.0,-8.0,9.0,3.0,-14.0,-18.0,18.0,-17.0
-20.0,-8.0,8.0,2.0,-16.0,-19.0,27.0,-19.0
-19.0,-9.0,7.0,1.0,-16.0,-19.0,168.0,-19.0
-19.0,-9.0,7.0,1.0,-15.0,-20.0,127.0,-19.0
-18.0,-9.0,7.0,1.0,-15.0,-20.0,99.0,-19.0
-17.0,-11.0,5.0,0.0,-16.0,-21.0,233.0,-21.0
-18.0,-10.0,6.0,1.0,-13.0,-20.0,182.0,-19.0
-18.0,-10.0,7.0,1.0,-14.0,-19.0,14.0,-19.0
-18.0,-10.0,7.0,1.0,-14.0,-19.0,44.0,-19.0
-18.0,-10.0,7.0,2.0,-14.0,-19.0,17.0,-18.0
-20.0,-8.0,9.0,4.0,-13.0,-18.0,-115.0,-17.0
-20.0,-8.0,8.0,3.0,-15.0,-19.0,-48.0,-19.0
-19.0,-9.0,7.0,2.0,-15.0,-19.0,136.0,-19.0
-19.0,-9.0,7.0,2.0,-15.0,-20.0,168.0,-19.0
-19.0,-9.0,7.0,1.0,-15.0,-20.0,176.0,-20.0
-17.0,-11.0,5.0,0.0,-16.0,-21.0,308.0,-21.0
-17.0,-11.0,6.0,0.0,-13.0,-20.0,232.0,-19.0
-18.0,-10.0,7.0,1.0,-14.0,-19.0,43.0,-18.0
-18.0,-10.0,7.0,1.0,-14.0,-19.0,88.0,-19.0
-17.0,-8.0,9.0,2.0,-13.0,-17.0,101.0,-17.0
-17.0,-6.0,13.0,4.0,-12.0,-14.0,-81.0,-14.0
-17.0,-6.0,12.0,3.0,-13.0,-14.0,-109.0,-16.0
-15.0,-6.0,13.0,3.0,-12.0,-13.0,20.0,-15.0
-13.0,-5.0,15.0,3.0,-10.0,-11.0,40.0,-14.0
-12.0,-7.0,16.0,3.0,-10.0,-10.0,52.0,-13.0
-10.0,-9.0,16.0,1.0,-9.0,-10.0,146.0,-13.0
-9.0,-9.0,16.0,2.0,-7.0,-9.0,169.0,-11.0
-10.0,-9.0,17.0,3.0,-8.0,-9.0,61.0,-11.0
-9.0,-7.0,20.0,4.0,-7.0,-7.0,99.0,-9.0
-7.0,-6.0,22.0,5.0,-5.0,-4.0,86.0,-7.0
-9.0,-5.0,23.0,7.0,-5.0,-3.0,-102.0,-6.0
-8.0,-6.0,23.0,6.0,-7.0,-4.0,-134.0,-8.0
-6.0,-8.0,23.0,5.0,-5.0,-3.0,34.0,-7.0
-5.0,-9.0,24.0,5.0,-4.0,-2.0,7.0,-6.0
-5.0,-6.0,25.0,5.0,-4.0,-1.0,-1.0,-6.0
-3.0,-7.0,25.0,4.0,-4.0,-1.0,144.0,-7.0
-2.0,-8.0,26.0,4.0,-1.0,0.0,154.0,-4.0
-1.0,-8.0,28.0,5.0,-1.0,1.0,-12.0,-3.0
-1.0,-7.0,28.0,6.0,-1.0,1.0,-58.0,-3.0
0.0,-6.0,32.0,7.0,0.0,5.0,-41.0,0.0
1.0,-3.0,38.0,9.0,2.0,10.0,-161.0,3.0
4.0,0.0,42.0,10.0,3.0,14.0,-181.0,5.0
7.0,0.0,44.0,10.0,5.0,17.0,-69.0,6.0
8.0,0.0,46.0,10.0,6.0,19.0,-91.0,8.0
11.0,1.0,49.0,11.0,8.0,22.0,-86.0,9.0
15.0,2.0,52.0,10.0,9.0,25.0,26.0,11.0
18.0,3.0,57.0,11.0,13.0,30.0,11.0,15.0
20.0,6.0,63.0,14.0,16.0,35.0,-115.0,19.0
22.0,7.0,67.0,15.0,17.0,39.0,-61.0,22.0
25.0,6.0,70.0,16.0,19.0,42.0,-49.0,24.0
27.0,9.0,75.0,18.0,22.0,47.0,-175.0,29.0
30.0,11.0,79.0,19.0,22.0,51.0,-205.0,30.0
33.0,11.0,83.0,19.0,25.0,54.0,-38.0,32.0
36.0,13.0,87.0,20.0,27.0,59.0,-39.0,35.0
39.0,14.0,90.0,21.0,29.0,62.0,-26.0,37.0
43.0,12.0,92.0,19.0,30.0,64.0,98.0,38.0
46.0,12.0,95.0,20.0,34.0,67.0,100.0,42.0
46.0,14.0,98.0,22.0,35.0,70.0,-63.0,44.0
47.0,15.0,100.0,23.0,36.0,72.0,-24.0,45.0
48.0,15.0,101.0,23.0,37.0,73.0,18.0,47.0
49.0,14.0,104.0,25.0,38.0,75.0,-102.0,49.0
49.0,14.0,103.0,24.0,36.0,75.0,-144.0,48.0
51.0,14.0,104.0,24.0,37.0,76.0,0.0,48.0
53.0,15.0,107.0,24.0,39.0,78.0,-63.0,50.0
53.0,15.0,106.0,24.0,39.0,78.0,-113.0,49.0
54.0,13.0,105.0,22.0,38.0,77.0,17.0,48.0
53.0,13.0,103.0,22.0,39.0,75.0,65.0,48.0
50.0,13.0,102.0,23.0,38.0,74.0,-105.0,48.0
50.0,11.0,100.0,22.0,37.0,73.0,-106.0,47.0
49.0,10.0,99.0,22.0,36.0,71.0,-63.0,46.0
46.0,10.0,98.0,23.0,36.0,70.0,-178.0,45.0
44.0,9.0,95.0,22.0,33.0,67.0,-258.0,42.0
44.0,7.0,92.0,20.0,32.0,64.0,-115.0,40.0
42.0,6.0,89.0,19.0,31.0,62.0,-116.0,39.0
41.0,4.0,86.0,18.0,30.0,59.0,-99.0,37.0
40.0,0.0,81.0,16.0,28.0,54.0,36.0,33.0
38.0,0.0,79.0,15.0,27.0,52.0,94.0,32.0
34.0,1.0,77.0,16.0,25.0,49.0,-89.0,31.0
32.0,0.0,73.0,15.0,24.0,46.0,-104.0,28.0
30.0,-3.0,69.0,14.0,22.0,42.0,-147.0,26.0
27.0,-4.0,66.0,15.0,21.0,39.0,-193.0,25.0
25.0,-8.0,62.0,14.0,18.0,36.0,-252.0,22.0
25.0,-11.0,58.0,11.0,16.0,31.0,-124.0,19.0
22.0,-13.0,54.0,10.0,15.0,27.0,-106.0,16.0
19.0,-11.0,51.0,9.0,13.0,24.0,-107.0,13.0
17.0,-10.0,47.0,7.0,10.0,20.0,3.0,10.0
15.0,-11.0,44.0,7.0,10.0,18.0,91.0,9.0
13.0,-11.0,43.0,8.0,9.0,17.0,-83.0,9.0
11.0,-12.0,41.0,7.0,7.0,14.0,-162.0,7.0
10.0,-12.0,40.0,7.0,7.0,13.0,-274.0,6.0
7.0,-9.0,39.0,8.0,6.0,13.0,-405.0,5.0
4.0,-9.0,36.0,8.0,2.0,9.0,-459.0,2.0
4.0,-10.0,33.0,6.0,1.0,7.0,-236.0,1.0
2.0,-10.0,32.0,6.0,1.0,5.0,-251.0,0.0
1.0,-12.0,29.0,5.0,0.0,3.0,-240.0,-1.0
0.0,-11.0,26.0,3.0,-2.0,0.0,-146.0,-4.0
0.0,-11.0,25.0,3.0,-1.0,0.0,-90.0,-4.0
-2.0,-10.0,24.0,4.0,-2.0,0.0,-248.0,-4.0
-4.0,-11.0,22.0,4.0,-3.0,-2.0,-159.0,-5.0
-6.0,-10.0,21.0,4.0,-4.0,-4.0,-84.0,-6.0
-7.0,-10.0,21.0,5.0,-4.0,-4.0,-202.0,-6.0
-8.0,-11.0,19.0,4.0,-6.0,-6.0,-286.0,-8.0
-9.0,-11.0,17.0,3.0,-8.0,-9.0,-149.0,-10.0
-9.0,-10.0,16.0,3.0,-8.0,-9.0,-162.0,-11.0
-12.0,-9.0,13.0,2.0,-9.0,-12.0,-133.0,-14.0
-13.0,-11.0,9.0,0.0,-11.0,-15.0,-6.0,-16.0
-14.0,-11.0,8.0,0.0,-11.0,-16.0,92.0,-16.0
-16.0,-8.0,8.0,1.0,-12.0,-17.0,-74.0,-16.0
-17.0,-7.0,8.0,1.0,-13.0,-17.0,-95.0,-16.0
-17.0,-7.0,8.0,2.0,-12.0,-16.0,-132.0,-17.0
-19.0,-7.0,8.0,3.0,-13.0,-17.0,-249.0,-16.0
-21.0,-7.0,6.0,2.0,-16.0,-19.0,-297.0,-18.0
-20.0,-8.0,4.0,1.0,-16.0,-21.0,-55.0,-20.0
-20.0,-9.0,4.0,1.0,-15.0,-21.0,-92.0,-20.0
-19.0,-9.0,4.0,0.0,-16.0,-21.0,-137.0,-20.0
-18.0,-10.0,2.0,0.0,-16.0,-22.0,-72.0,-21.0
-18.0,-11.0,2.0,0.0,-15.0,-22.0,-231.0,-20.0
-19.0,-10.0,4.0,0.0,-14.0,-20.0,-641.0,-19.0
-19.0,-10.0,4.0,1.0,-15.0,-21.0,-635.0,-19.0
-19.0,-9.0,4.0,1.0,-15.0,-20.0,-585.0,-19.0
-20.0,-8.0,5.0,2.0,-14.0,-19.0,-660.0,-18.0
-21.0,-8.0,5.0,2.0,-15.0,-19.0,-732.0,-19.0
-20.0,-9.0,4.0,1.0,-16.0,-21.0,-612.0,-20.0
-19.0,-9.0,4.0,1.0,-15.0,-20.0,-734.0,-20.0
-19.0,-9.0,4.0,0.0,-16.0,-21.0,-794.0,-20.0
-19.0,-10.0,3.0,0.0,-16.0,-22.0,-671.0,-21.0
-18.0,-11.0,2.0,0.0,-15.0,-22.0,-531.0,-20.0
-19.0,-10.0,3.0,0.0,-14.0,-20.0,-698.0,-19.0
-19.0,-10.0,3.0,0.0,-15.0,-21.0,-701.0,-19.0
-19.0,-9.0,4.0,1.0,-15.0,-21.0,-745.0,-19.0
-20.0,-8.0,5.0,2.0,-14.0,-19.0,-843.0,-18.0
-21.0,-7.0,5.0,2.0,-15.0,-19.0,-922.0,-18.0
-20.0,-8.0,4.0,1.0,-16.0,-20.0,-713.0,-20.0
-20.0,-9.0,4.0,1.0,-15.0,-20.0,-711.0,-20.0
-19.0,-9.0,4.0,1.0,-15.0,-20.0,-710.0,-20.0
-19.0,-10.0,3.0,0.0,-16.0,-22.0,-573.0,-21.0
-18.0,-11.0,2.0,0.0,-15.0,-22.0,-500.0,-20.0
-19.0,-10.0,4.0,0.0,-14.0,-20.0,-638.0,-18.0
-19.0,-9.0,4.0,0.0,-15.0,-21.0,-570.0,-19.0
-19.0,-9.0,4.0,1.0,-14.0,-20.0,-607.0,-19.0
-20.0,-8.0,5.0,2.0,-14.0,-19.0,-750.0,-18.0
-21.0,-8.0,5.0,2.0,-15.0,-19.0,-905.0,-18.0
-20.0,-9.0,4.0,1.0,-16.0,-20.0,-758.0,-20.0
-19.0,-9.0,4.0,1.0,-15.0,-20.0,-782.0,-20.0
-19.0,-9.0,3.0,0.0,-15.0,-21.0,-812.0,-20.0
-19.0,-10.0,3.0,0.0,-16.0,-21.0,-731.0,-21.0
-18.0,-11.0,2.0,0.0,-14.0,-22.0,-623.0,-21.0
-19.0,-10.0,3.0,0.0,-14.0,-20.0,-768.0,-19.0
-19.0,-9.0,3.0,0.0,-14.0,-20.0,-768.0,-19.0
-19.0,-9.0,3.0,1.0,-14.0,-20.0,-741.0,-19.0
-19.0,-8.0,5.0,2.0,-14.0,-19.0,-782.0,-18.0
-21.0,-7.0,5.0,2.0,-15.0,-19.0,-894.0,-18.0
-20.0,-8.0,4.0,1.0,-16.0,-20.0,-764.0,-19.0
-19.0,-9.0,4.0,0.0,-15.0,-21.0,-732.0,-19.0
-19.0,-9.0,4.0,0.0,-15.0,-20.0,-693.0,-20.0
-19.0,-9.0,3.0,0.0,-16.0,-21.0,-660.0,-20.0
-18.0,-11.0,2.0,0.0,-15.0,-21.0,-534.0,-20.0
-18.0,-10.0,4.0,0.0,-14.0,-20.0,-698.0,-19.0
-19.0,-9.0,4.0,1.0,-14.0,-20.0,-676.0,-19.0
-18.0,-9.0,4.0,1.0,-14.0,-20.0,-638.0,-19.0
-19.0,-8.0,5.0,1.0,-14.0,-19.0,-706.0,-18.0
-20.0,-7.0,5.0,2.0,-15.0,-19.0,-824.0,-18.0
-20.0,-8.0,4.0,1.0,-16.0,-20.0,-655.0,-20.0
-19.0,-9.0,4.0,1.0,-15.0,-20.0,-631.0,-19.0
-19.0,-9.0,4.0,0.0,-15.0,-20.0,-646.0,-19.0
-18.0,-9.0,3.0,0.0,-16.0,-21.0,-597.0,-20.0
-18.0,-11.0,2.0,-1.0,-15.0,-21.0,-485.0,-20.0
-18.0,-10.0,3.0,0.0,-13.0,-20.0,-658.0,-19.0
-18.0,-9.0,4.0,0.0,-14.0,-20.0,-682.0,-18.0
-19.0,-9.0,4.0,1.0,-14.0,-20.0,-654.0,-18.0
-19.0,-9.0,5.0,1.0,-13.0,-19.0,-720.0,-18.0
-20.0,-7.0,5.0,3.0,-14.0,-19.0,-803.0,-17.0
-19.0,-8.0,4.0,1.0,-16.0,-20.0,-609.0,-19.0
-19.0,-8.0,4.0,1.0,-15.0,-20.0,-595.0,-20.0
-18.0,-9.0,4.0,0.0,-15.0,-20.0,-597.0,-19.0
-18.0,-9.0,3.0,0.0,-15.0,-21.0,-516.0,-20.0
-18.0,-10.0,2.0,0.0,-14.0,-21.0,-382.0,-20.0
-18.0,-10.0,4.0,0.0,-13.0,-20.0,-520.0,-18.0
-18.0,-9.0,4.0,0.0,-15.0,-20.0,-509.0,-19.0
-19.0,-9.0,4.0,1.0,-14.0,-20.0,-452.0,-18.0
-19.0,-8.0,5.0,1.0,-13.0,-19.0,-504.0,-17.0
-20.0,-7.0,6.0,2.0,-14.0,-18.0,-654.0,-17.0
-19.0,-8.0,4.0,1.0,-16.0,-20.0,-520.0,-19.0
-19.0,-8.0,4.0,1.0,-15.0,-19.0,-516.0,-19.0
-19.0,-8.0,4.0,0.0,-15.0,-20.0,-531.0,-20.0
-18.0,-9.0,3.0,0.0,-15.0,-21.0,-474.0,-20.0
-17.0,-11.0,2.0,0.0,-15.0,-22.0,-356.0,-20.0
-18.0,-10.0,3.0,0.0,-13.0,-20.0,-542.0,-18.0
-18.0,-9.0,4.0,0.0,-14.0,-20.0,-572.0,-18.0
-18.0,-9.0,4.0,0.0,-14.0,-20.0,-508.0,-18.0
-19.0,-8.0,4.0,1.0,-14.0,-19.0,-553.0,-17.0
-20.0,-7.0,5.0,3.0,-14.0,-18.0,-694.0,-17.0
-19.0,-8.0,4.0,1.0,-16.0,-20.0,-751.0,-19.0
-18.0,-8.0,4.0,0.0,-15.0,-20.0,-876.0,-19.0
-18.0,-9.0,3.0,0.0,-15.0,-20.0,-707.0,-19.0
-18.0,-10.0,3.0,0.0,-15.0,-20.0,-537.0,-20.0
-17.0,-10.0,2.0,0.0,-14.0,-21.0,-395.0,-20.0
-18.0,-10.0,3.0,0.0,-13.0,-20.0,-533.0,-18.0
-18.0,-9.0,3.0,0.0,-14.0,-20.0,-520.0,-19.0
-19.0,-9.0,4.0,0.0,-14.0,-20.0,-498.0,-18.0
-19.0,-9.0,5.0,1.0,-14.0,-19.0,-544.0,-18.0
-19.0,-7.0,6.0,3.0,-14.0,-18.0,-667.0,-17.0
-19.0,-8.0,4.0,1.0,-16.0,-20.0,-498.0,-19.0
-18.0,-8.0,4.0,1.0,-15.0,-20.0,-469.0,-19.0
-18.0,-9.0,3.0,0.0,-15.0,-20.0,-514.0,-19.0
-18.0,-9.0,3.0,0.0,-15.0,-20.0,-475.0,-19.0
-17.0,-10.0,2.0,0.0,-14.0,-21.0,-407.0,-20.0
-18.0,-9.0,3.0,0.0,-13.0,-20.0,-676.0,-18.0
-18.0,-9.0,3.0,0.0,-14.0,-20.0,-742.0,-18.0
-18.0,-9.0,4.0,0.0,-14.0,-19.0,-728.0,-18.0
-19.0,-8.0,4.0,1.0,-13.0,-19.0,-701.0,-17.0
-20.0,-7.0,5.0,2.0,-14.0,-18.0,-652.0,-17.0
-19.0,-8.0,4.0,1.0,-16.0,-20.0,-396.0,-19.0
-19.0,-8.0,4.0,1.0,-14.0,-20.0,-339.0,-19.0
-19.0,-8.0,4.0,0.0,-14.0,-20.0,-375.0,-19.0
-18.0,-9.0,3.0,0.0,-15.0,-20.0,-352.0,-20.0
-17.0,-10.0,1.0,-1.0,-15.0,-21.0,-201.0,-20.0
-17.0,-9.0,3.0,0.0,-13.0,-20.0,-357.0,-18.0
-18.0,-9.0,3.0,0.0,-14.0,-19.0,-399.0,-18.0
-18.0,-9.0,4.0,1.0,-14.0,-19.0,-355.0,-18.0
-19.0,-9.0,4.0,1.0,-13.0,-19.0,-405.0,-18.0
-20.0,-7.0,6.0,3.0,-13.0,-18.0,-593.0,-17.0
-19.0,-8.0,4.0,1.0,-15.0,-19.0,-467.0,-19.0
-19.0,-8.0,4.0,0.0,-15.0,-19.0,-426.0,-19.0
-18.0,-9.0,4.0,0.0,-14.0,-19.0,-496.0,-19.0
-18.0,-9.0,3.0,0.0,-15.0,-20.0,-453.0,-19.0
-17.0,-10.0,1.0,-1.0,-14.0,-21.0,-274.0,-20.0
-17.0,-9.0,3.0,0.0,-13.0,-19.0,-471.0,-18.0
-18.0,-9.0,3.0,0.0,-14.0,-19.0,-561.0,-18.0
-18.0,-9.0,4.0,1.0,-14.0,-19.0,-509.0,-18.0
-18.0,-9.0,4.0,1.0,-13.0,-18.0,-533.0,-17.0
-20.0,-7.0,6.0,3.0,-14.0,-18.0,-634.0,-17.0
-19.0,-8.0,4.0,1.0,-15.0,-19.0,-463.0,-18.0
-18.0,-8.0,4.0,1.0,-15.0,-19.0,-412.0,-19.0
-18.0,-8.0,3.0,1.0,-14.0,-19.0,-514.0,-19.0
-18.0,-9.0,3.0,0.0,-15.0,-20.0,-549.0,-19.0
-17.0,-10.0,1.0,-1.0,-14.0,-21.0,-394.0,-20.0
-17.0,-9.0,3.0,0.0,-13.0,-19.0,-507.0,-18.0
-18.0,-9.0,3.0,0.0,-14.0,-19.0,-560.0,-18.0
-18.0,-9.0,3.0,0.0,-14.0,-20.0,-439.0,-18.0
-18.0,-8.0,4.0,1.0,-14.0,-19.0,-412.0,-17.0
-19.0,-7.0,5.0,2.0,-14.0,-18.0,-552.0,-17.0
-19.0,-8.0,4.0,1.0,-15.0,-19.0,-440.0,-18.0
-18.0,-8.0,4.0,1.0,-14.0,-19.0,-410.0,-18.0
-18.0,-8.0,4.0,0.0,-14.0,-19.0,-462.0,-18.0
-18.0,-9.0,3.0,0.0,-14.0,-19.0,-446.0,-19.0
-17.0,-10.0,2.0,-1.0,-14.0,-20.0,-330.0,-19.0
-17.0,-10.0,3.0,0.0,-12.0,-19.0,-422.0,-18.0
-18.0,-9.0,3.0,0.0,-13.0,-19.0,-430.0,-18.0
-17.0,-8.0,4.0,0.0,-13.0,-19.0,-390.0,-18.0
-18.0,-8.0,4.0,1.0,-13.0,-18.0,-388.0,-17.0
-19.0,-7.0,6.0,2.0,-13.0,-17.0,-513.0,-17.0
-19.0,-8.0,4.0,1.0,-15.0,-19.0,-393.0,-18.0
-18.0,-8.0,4.0,1.0,-14.0,-19.0,-363.0,-18.0
-18.0,-8.0,3.0,0.0,-14.0,-19.0,-420.0,-19.0
-18.0,-9.0,3.0,0.0,-14.0,-19.0,-405.0,-19.0
-17.0,-10.0,1.0,-1.0,-14.0,-21.0,-283.0,-20.0
-17.0,-9.0,3.0,0.0,-12.0,-19.0,-404.0,-18.0
-18.0,-9.0,3.0,0.0,-13.0,-19.0,-508.0,-18.0
-18.0,-8.0,4.0,0.0,-13.0,-19.0,-442.0,-17.0
-17.0,-7.0,6.0,1.0,-12.0,-16.0,-445.0,-15.0
-15.0,-4.0,12.0,4.0,-10.0,-11.0,-608.0,-12.0
-13.0,-4.0,13.0,3.0,-10.0,-10.0,-622.0,-12.0
-11.0,-4.0,15.0,3.0,-8.0,-7.0,-627.0,-11.0
-8.0,-4.0,18.0,4.0,-6.0,-5.0,-649.0,-8.0
-4.0,-6.0,21.0,4.0,-3.0,-1.0,-624.0,-6.0
0.0,-8.0,23.0,3.0,-2.0,0.0,-445.0,-4.0
0.0,-7.0,26.0,5.0,0.0,3.0,-482.0,-1.0
2.0,-7.0,29.0,5.0,1.0,6.0,-514.0,1.0
3.0,-7.0,31.0,6.0,3.0,8.0,-460.0,2.0
3.0,-4.0,33.0,7.0,3.0,10.0,-465.0,3.0
2.0,-2.0,35.0,9.0,3.0,12.0,-608.0,4.0
4.0,-4.0,35.0,8.0,3.0,11.0,-506.0,4.0
6.0,-5.0,35.0,7.0,3.0,12.0,-410.0,4.0
6.0,-5.0,35.0,7.0,4.0,12.0,-599.0,4.0
6.0,-6.0,35.0,6.0,4.0,11.0,-576.0,3.0
8.0,-7.0,33.0,5.0,4.0,10.0,-361.0,2.0
7.0,-7.0,34.0,6.0,5.0,11.0,-441.0,4.0
7.0,-10.0,33.0,6.0,4.0,10.0,-523.0,4.0
6.0,-11.0,32.0,6.0,4.0,9.0,-557.0,4.0
6.0,-10.0,33.0,6.0,4.0,10.0,-975.0,4.0
5.0,-8.0,34.0,8.0,4.0,10.0,-1363.0,5.0
3.0,-7.0,31.0,6.0,1.0,8.0,-1337.0,1.0
3.0,-7.0,31.0,6.0,1.0,8.0,-1268.0,1.0
3.0,-7.0,31.0,6.0,2.0,8.0,-916.0,1.0
3.0,-8.0,30.0,5.0,1.0,6.0,-545.0,0.0
2.0,-10.0,25.0,3.0,0.0,2.0,-331.0,-2.0
1.0,-10.0,25.0,4.0,1.0,3.0,-445.0,-1.0
1.0,-10.0,25.0,4.0,0.0,2.0,-547.0,-1.0
0.0,-11.0,22.0,4.0,-1.0,0.0,-498.0,-3.0
-2.0,-10.0,21.0,4.0,-2.0,-1.0,-545.0,-3.0
-5.0,-7.0,22.0,5.0,-3.0,0.0,-736.0,-3.0
-5.0,-8.0,19.0,4.0,-5.0,-3.0,-621.0,-6.0
-6.0,-9.0,16.0,3.0,-6.0,-6.0,-502.0,-8.0
-8.0,-9.0,15.0,2.0,-6.0,-7.0,-529.0,-9.0
-9.0,-8.0,13.0,2.0,-8.0,-9.0,-520.0,-10.0
-9.0,-9.0,10.0,0.0,-9.0,-11.0,-391.0,-13.0
-12.0,-9.0,8.0,1.0,-8.0,-13.0,-477.0,-14.0
-15.0,-7.0,7.0,1.0,-11.0,-14.0,-581.0,-15.0
-16.0,-7.0,6.0,1.0,-12.0,-16.0,-550.0,-16.0
-18.0,-8.0,4.0,1.0,-13.0,-18.0,-564.0,-17.0
-19.0,-7.0,5.0,2.0,-13.0,-18.0,-718.0,-16.0
-19.0,-7.0,4.0,1.0,-15.0,-18.0,-616.0,-18.0
-18.0,-8.0,3.0,1.0,-14.0,-19.0,-500.0,-18.0
-18.0,-8.0,3.0,0.0,-14.0,-19.0,-542.0,-18.0
-17.0,-9.0,2.0,0.0,-14.0,-19.0,-533.0,-18.0
-17.0,-10.0,1.0,-1.0,-15.0,-21.0,-376.0,-19.0
-16.0,-9.0,2.0,0.0,-13.0,-19.0,-433.0,-18.0
-17.0,-8.0,3.0,0.0,-13.0,-19.0,-561.0,-18.0
-17.0,-8.0,3.0,0.0,-13.0,-19.0,-518.0,-17.0
-18.0,-8.0,3.0,1.0,-13.0,-18.0,-507.0,-17.0
-19.0,-7.0,5.0,3.0,-13.0,-17.0,-682.0,-16.0
-18.0,-7.0,3.0,1.0,-15.0,-18.0,-663.0,-18.0
-18.0,-8.0,3.0,0.0,-14.0,-19.0,-623.0,-18.0
-18.0,-8.0,3.0,0.0,-14.0,-19.0,-691.0,-18.0
-18.0,-8.0,2.0,0.0,-15.0,-19.0,-784.0,-18.0
-17.0,-9.0,1.0,-1.0,-15.0,-20.0,-934.0,-19.0
-17.0,-9.0,2.0,0.0,-12.0,-19.0,-1081.0,-18.0
-17.0,-8.0,3.0,0.0,-13.0,-19.0,-1172.0,-17.0
-17.0,-8.0,3.0,0.0,-14.0,-19.0,-1109.0,-17.0
-17.0,-8.0,3.0,1.0,-13.0,-19.0,-1041.0,-17.0
-19.0,-7.0,5.0,2.0,-13.0,-17.0,-1181.0,-16.0
-18.0,-7.0,4.0,1.0,-14.0,-18.0,-1161.0,-17.0
-18.0,-8.0,3.0,0.0,-14.0,-18.0,-1055.0,-18.0
-17.0,-8.0,3.0,0.0,-14.0,-19.0,-1094.0,-18.0
-17.0,-8.0,2.0,0.0,-14.0,-19.0,-1096.0,-18.0
-17.0,-9.0,1.0,-1.0,-15.0,-21.0,-943.0,-20.0
-16.0,-9.0,2.0,0.0,-13.0,-20.0,-968.0,-18.0
-17.0,-8.0,3.0,0.0,-13.0,-19.0,-1081.0,-17.0
-18.0,-8.0,2.0,0.0,-13.0,-19.0,-1064.0,-18.0
-17.0,-8.0,3.0,1.0,-13.0,-18.0,-1061.0,-17.0
-18.0,-6.0,5.0,2.0,-12.0,-17.0,-1157.0,-16.0
-18.0,-7.0,4.0,1.0,-14.0,-18.0,-1099.0,-18.0
-18.0,-8.0,3.0,1.0,-14.0,-19.0,-1038.0,-18.0
-18.0,-8.0,3.0,1.0,-13.0,-18.0,-1113.0,-18.0
-17.0,-8.0,2.0,0.0,-14.0,-19.0,-1300.0,-18.0
-19.0,-10.0,3.0,0.0,-16.0,-23.0,-1278.0,-22.0
-24.0,-12.0,12.0,1.0,-19.0,-30.0,-1317.0,-26.0
-29.0,-15.0,20.0,4.0,-23.0,-37.0,-1371.0,-30.0
-35.0,-16.0,28.0,6.0,-27.0,-44.0,-1285.0,-35.0
-39.0,-15.0,32.0,7.0,-30.0,-47.0,-1228.0,-37.0
-39.0,-6.0,29.0,7.0,-28.0,-41.0,-1336.0,-34.0
-32.0,1.0,16.0,3.0,-24.0,-30.0,-1294.0,-28.0
-21.0,14.0,-5.0,-3.0,-14.0,-9.0,-1193.0,-15.0
-2.0,40.0,-40.0,-13.0,1.0,25.0,-1199.0,6.0
20.0,64.0,-82.0,-24.0,19.0,65.0,-1189.0,32.0
47.0,84.0,-126.0,-38.0,39.0,105.0,-1057.0,58.0
199.0,190.0,-362.0,-94.0,158.0,342.0,-1016.0,218.0
221.0,188.0,-388.0,-100.0,173.0,366.0,-889.0,237.0
237.0,190.0,-408.0,-104.0,185.0,386.0,-878.0,251.0
247.0,194.0,-422.0,-108.0,192.0,399.0,-796.0,261.0
253.0,186.0,-428.0,-110.0,196.0,401.0,-717.0,263.0
256.0,175.0,-423.0,-107.0,198.0,399.0,-763.0,264.0
252.0,167.0,-413.0,-103.0,195.0,390.0,-881.0,259.0
243.0,158.0,-398.0,-98.0,187.0,375.0,-824.0,249.0
231.0,148.0,-378.0,-93.0,179.0,357.0,-847.0,237.0
216.0,135.0,-352.0,-85.0,168.0,334.0,-1008.0,223.0
197.0,116.0,-321.0,-77.0,151.0,302.0,-1021.0,201.0
176.0,95.0,-284.0,-68.0,134.0,264.0,-942.0,176.0
152.0,73.0,-243.0,-57.0,115.0,224.0,-1025.0,150.0
126.0,47.0,-199.0,-46.0,94.0,180.0,-1085.0,121.0
101.0,18.0,-155.0,-35.0,73.0,133.0,-1026.0,91.0
76.0,-4.0,-111.0,-23.0,55.0,93.0,-1052.0,65.0
49.0,-21.0,-70.0,-12.0,34.0,54.0,-1206.0,39.0
22.0,-39.0,-29.0,-2.0,14.0,13.0,-1191.0,11.0
-4.0,-55.0,0.0,1.0,-6.0,-28.0,-1223.0,-16.0
-34.0,-77.0,8.0,3.0,-28.0,-73.0,-1411.0,-45.0
-60.0,-90.0,8.0,2.0,-50.0,-111.0,-1425.0,-72.0
-75.0,-79.0,8.0,1.0,-61.0,-124.0,-1273.0,-85.0
-78.0,-63.0,8.0,1.0,-61.0,-119.0,-1292.0,-83.0
-68.0,-53.0,7.0,1.0,-53.0,-101.0,-1306.0,-72.0
-53.0,-40.0,5.0,0.0,-43.0,-79.0,-1188.0,-58.0
-38.0,-29.0,6.0,0.0,-30.0,-56.0,-1112.0,-42.0
-28.0,-20.0,7.0,1.0,-21.0,-37.0,-1214.0,-29.0
-21.0,-12.0,7.0,1.0,-16.0,-24.0,-1167.0,-21.0
-19.0,-10.0,7.0,1.0,-15.0,-21.0,-1174.0,-19.0
-20.0,-8.0,9.0,3.0,-14.0,-20.0,-1273.0,-18.0
-21.0,-8.0,8.0,3.0,-16.0,-21.0,-1290.0,-19.0
-20.0,-9.0,7.0,2.0,-16.0,-22.0,-1213.0,-20.0
-20.0,-10.0,7.0,1.0,-15.0,-22.0,-1262.0,-20.0
-20.0,-10.0,7.0,1.0,-15.0,-22.0,-1256.0,-20.0
-19.0,-11.0,5.0,0.0,-16.0,-23.0,-1192.0,-21.0
-18.0,-11.0,6.0,0.0,-14.0,-23.0,-1244.0,-20.0
-19.0,-10.0,7.0,1.0,-14.0,-22.0,-1402.0,-19.0
-19.0,-10.0,7.0,2.0,-15.0,-22.0,-1363.0,-19.0
-19.0,-9.0,7.0,2.0,-14.0,-21.0,-1331.0,-19.0
-20.0,-8.0,8.0,3.0,-14.0,-20.0,-1359.0,-18.0
-21.0,-8.0,8.0,2.0,-16.0,-21.0,-1398.0,-19.0
-19.0,-9.0,7.0,2.0,-16.0,-21.0,-1279.0,-20.0
-20.0,-9.0,7.0,1.0,-15.0,-22.0,-1341.0,-20.0
-19.0,-9.0,7.0,1.0,-15.0,-22.0,-1352.0,-20.0
-18.0,-11.0,6.0,0.0,-16.0,-23.0,-1232.0,-21.0
-18.0,-11.0,6.0,0.0,-14.0,-22.0,-1244.0,-20.0
-19.0,-10.0,7.0,1.0,-14.0,-21.0,-1448.0,-19.0
-19.0,-10.0,6.0,1.0,-15.0,-22.0,-1431.0,-19.0
-19.0,-9.0,7.0,2.0,-14.0,-21.0,-1410.0,-19.0
-20.0,-8.0,8.0,4.0,-14.0,-20.0,-1428.0,-18.0
-20.0,-8.0,8.0,3.0,-16.0,-21.0,-1442.0,-19.0
-20.0,-9.0,7.0,1.0,-16.0,-21.0,-1319.0,-20.0
-20.0,-9.0,7.0,1.0,-15.0,-21.0,-1337.0,-20.0
-19.0,-9.0,6.0,1.0,-15.0,-22.0,-1334.0,-20.0
-18.0,-10.0,5.0,0.0,-16.0,-22.0,-1250.0,-21.0
-18.0,-11.0,5.0,0.0,-14.0,-22.0,-1256.0,-20.0
-19.0,-10.0,7.0,1.0,-14.0,-21.0,-1393.0,-19.0
-19.0,-10.0,7.0,1.0,-14.0,-22.0,-1303.0,-19.0
-19.0,-9.0,7.0,1.0,-14.0,-21.0,-1161.0,-19.0
-20.0,-8.0,8.0,3.0,-13.0,-20.0,-1220.0,-17.0
-20.0,-8.0,8.0,3.0,-15.0,-20.0,-1323.0,-18.0
-20.0,-9.0,7.0,2.0,-16.0,-21.0,-1223.0,-19.0
-19.0,-9.0,7.0,1.0,-15.0,-21.0,-1269.0,-19.0
-19.0,-9.0,7.0,1.0,-15.0,-22.0,-1247.0,-20.0
-18.0,-10.0,5.0,0.0,-16.0,-23.0,-1163.0,-21.0
-18.0,-11.0,5.0,0.0,-14.0,-22.0,-1176.0,-20.0
-19.0,-10.0,6.0,1.0,-14.0,-21.0,-1327.0,-18.0
-18.0,-9.0,8.0,1.0,-14.0,-20.0,-1318.0,-18.0
-17.0,-7.0,11.0,2.0,-12.0,-18.0,-1303.0,-16.0
-17.0,-6.0,12.0,4.0,-11.0,-16.0,-1364.0,-14.0
-17.0,-5.0,13.0,4.0,-12.0,-15.0,-1405.0,-15.0
-14.0,-5.0,15.0,4.0,-12.0,-13.0,-1270.0,-14.0
-13.0,-6.0,16.0,4.0,-10.0,-12.0,-1304.0,-13.0
-11.0,-7.0,17.0,4.0,-9.0,-11.0,-1307.0,-12.0
-10.0,-9.0,16.0,2.0,-9.0,-12.0,-1213.0,-13.0
-9.0,-10.0,15.0,2.0,-8.0,-12.0,-1137.0,-12.0
-9.0,-8.0,18.0,3.0,-7.0,-10.0,-1293.0,-10.0
-8.0,-7.0,21.0,4.0,-6.0,-7.0,-1296.0,-9.0
-8.0,-7.0,22.0,5.0,-6.0,-6.0,-1253.0,-8.0
-8.0,-6.0,23.0,6.0,-5.0,-5.0,-1319.0,-7.0
-7.0,-6.0,24.0,6.0,-6.0,-4.0,-1333.0,-7.0
-5.0,-8.0,23.0,5.0,-5.0,-5.0,-1148.0,-7.0
-5.0,-7.0,24.0,5.0,-4.0,-3.0,-1170.0,-6.0
-5.0,-5.0,26.0,5.0,-4.0,-2.0,-1183.0,-6.0
-3.0,-7.0,26.0,4.0,-4.0,-2.0,-1132.0,-6.0
-1.0,-9.0,26.0,4.0,-1.0,-1.0,-1087.0,-5.0
-2.0,-8.0,28.0,5.0,-1.0,0.0,-1280.0,-3.0
0.0,-6.0,30.0,6.0,-1.0,1.0,-1315.0,-2.0
1.0,-4.0,35.0,7.0,0.0,5.0,-1356.0,0.0
3.0,-1.0,40.0,10.0,3.0,10.0,-1425.0,4.0
5.0,0.0,44.0,11.0,4.0,15.0,-1486.0,6.0
7.0,0.0,45.0,10.0,5.0,16.0,-1363.0,7.0
10.0,0.0,48.0,11.0,7.0,18.0,-1385.0,9.0
12.0,2.0,52.0,11.0,9.0,23.0,-1399.0,11.0
15.0,3.0,56.0,11.0,11.0,26.0,-1382.0,13.0
19.0,4.0,59.0,12.0,14.0,30.0,-1297.0,16.0
22.0,7.0,65.0,15.0,17.0,35.0,-1454.0,21.0
24.0,6.0,68.0,15.0,18.0,38.0,-1479.0,23.0
27.0,7.0,72.0,16.0,20.0,42.0,-1477.0,26.0
29.0,10.0,77.0,18.0,23.0,48.0,-1495.0,30.0
31.0,12.0,82.0,20.0,24.0,52.0,-1504.0,32.0
34.0,13.0,85.0,20.0,25.0,55.0,-1343.0,33.0
38.0,15.0,89.0,20.0,28.0,59.0,-1360.0,36.0
40.0,14.0,92.0,21.0,30.0,62.0,-1353.0,38.0
44.0,13.0,94.0,20.0,32.0,64.0,-1289.0,40.0
45.0,13.0,95.0,20.0,34.0,66.0,-1250.0,41.0
47.0,15.0,99.0,22.0,36.0,70.0,-1385.0,45.0
47.0,15.0,101.0,23.0,36.0,71.0,-1354.0,46.0
49.0,14.0,102.0,23.0,38.0,72.0,-1338.0,47.0
49.0,14.0,103.0,24.0,38.0,74.0,-1395.0,49.0
49.0,14.0,105.0,25.0,37.0,74.0,-1465.0,49.0
51.0,15.0,106.0,24.0,38.0,76.0,-1297.0,49.0
52.0,15.0,106.0,24.0,39.0,76.0,-1303.0,49.0
52.0,15.0,106.0,24.0,39.0,76.0,-1311.0,49.0
53.0,14.0,104.0,22.0,37.0,74.0,-1247.0,47.0
52.0,12.0,101.0,21.0,38.0,72.0,-1157.0,46.0
51.0,11.0,101.0,22.0,38.0,71.0,-1302.0,47.0
49.0,9.0,99.0,21.0,37.0,69.0,-1318.0,46.0
47.0,9.0,97.0,21.0,36.0,68.0,-1319.0,45.0
45.0,8.0,96.0,22.0,35.0,66.0,-1372.0,44.0
43.0,9.0,94.0,22.0,33.0,64.0,-1459.0,42.0
42.0,7.0,90.0,20.0,31.0,61.0,-1315.0,39.0
41.0,6.0,87.0,19.0,30.0,58.0,-1332.0,38.0
39.0,3.0,84.0,18.0,29.0,55.0,-1347.0,35.0
37.0,2.0,80.0,16.0,26.0,51.0,-1251.0,32.0
35.0,2.0,76.0,15.0,26.0,47.0,-1138.0,30.0
33.0,0.0,74.0,16.0,25.0,45.0,-1211.0,29.0
31.0,-3.0,71.0,14.0,22.0,42.0,-1186.0,27.0
28.0,-5.0,67.0,13.0,20.0,38.0,-1165.0,24.0
26.0,-7.0,64.0,13.0,20.0,35.0,-1215.0,23.0
24.0,-9.0,61.0,13.0,18.0,32.0,-1291.0,21.0
22.0,-12.0,55.0,10.0,15.0,26.0,-1141.0,17.0
19.0,-12.0,52.0,9.0,14.0,23.0,-1160.0,14.0
17.0,-10.0,49.0,9.0,11.0,21.0,-1187.0,13.0
14.0,-10.0,45.0,8.0,9.0,17.0,-1130.0,9.0
14.0,-11.0,43.0,6.0,8.0,15.0,-1040.0,8.0
12.0,-12.0,42.0,7.0,9.0,14.0,-1190.0,8.0
10.0,-12.0,40.0,7.0,6.0,11.0,-1169.0,6.0
9.0,-11.0,38.0,7.0,5.0,10.0,-1158.0,5.0
5.0,-10.0,37.0,7.0,4.0,9.0,-1236.0,4.0
3.0,-9.0,35.0,8.0,2.0,7.0,-1349.0,2.0
2.0,-9.0,33.0,6.0,0.0,4.0,-1195.0,0.0
1.0,-11.0,30.0,5.0,0.0,2.0,-1213.0,0.0
0.0,-11.0,28.0,4.0,0.0,0.0,-1294.0,-3.0
-1.0,-11.0,26.0,4.0,-2.0,-1.0,-1328.0,-4.0
-1.0,-11.0,23.0,3.0,-2.0,-3.0,-1297.0,-5.0
-3.0,-11.0,23.0,4.0,-2.0,-4.0,-1434.0,-5.0
-5.0,-10.0,21.0,3.0,-4.0,-6.0,-1430.0,-6.0
-6.0,-10.0,20.0,4.0,-5.0,-6.0,-1422.0,-7.0
-7.0,-12.0,19.0,4.0,-5.0,-7.0,-1479.0,-7.0
-10.0,-10.0,18.0,5.0,-7.0,-8.0,-1584.0,-8.0
-10.0,-10.0,16.0,3.0,-9.0,-11.0,-1413.0,-11.0
-12.0,-9.0,15.0,3.0,-9.0,-12.0,-1367.0,-12.0
-14.0,-10.0,11.0,2.0,-11.0,-15.0,-1380.0,-15.0
-15.0,-10.0,9.0,1.0,-12.0,-17.0,-1368.0,-17.0
-15.0,-9.0,7.0,0.0,-13.0,-19.0,-1318.0,-18.0
-17.0,-8.0,7.0,1.0,-12.0,-19.0,-1471.0,-16.0
-17.0,-8.0,8.0,1.0,-12.0,-19.0,-1463.0,-16.0
-18.0,-8.0,7.0,1.0,-12.0,-19.0,-1405.0,-17.0
-20.0,-8.0,5.0,2.0,-14.0,-21.0,-1435.0,-18.0
-21.0,-8.0,6.0,3.0,-15.0,-21.0,-1595.0,-18.0
-20.0,-8.0,4.0,1.0,-16.0,-22.0,-1488.0,-20.0
-20.0,-9.0,4.0,1.0,-16.0,-23.0,-1491.0,-20.0
-19.0,-10.0,4.0,1.0,-16.0,-23.0,-1511.0,-20.0
-19.0,-10.0,3.0,0.0,-16.0,-23.0,-1459.0,-21.0
-18.0,-11.0,2.0,0.0,-16.0,-24.0,-1362.0,-21.0
-19.0,-10.0,3.0,0.0,-14.0,-22.0,-1511.0,-19.0
-19.0,-9.0,3.0,0.0,-15.0,-23.0,-1524.0,-19.0
-20.0,-9.0,3.0,0.0,-15.0,-22.0,-1487.0,-20.0
-20.0,-9.0,4.0,1.0,-14.0,-21.0,-1538.0,-19.0
-21.0,-7.0,6.0,3.0,-15.0,-21.0,-1655.0,-18.0
-20.0,-8.0,4.0,1.0,-16.0,-22.0,-1502.0,-20.0
-20.0,-9.0,4.0,1.0,-16.0,-23.0,-1519.0,-20.0
-20.0,-9.0,4.0,0.0,-16.0,-23.0,-1524.0,-20.0
-20.0,-9.0,3.0,0.0,-16.0,-23.0,-1457.0,-21.0
-18.0,-11.0,1.0,0.0,-15.0,-24.0,-1310.0,-21.0
-19.0,-10.0,3.0,0.0,-14.0,-23.0,-1416.0,-19.0
-19.0,-9.0,3.0,0.0,-15.0,-23.0,-1423.0,-19.0
-19.0,-9.0,3.0,0.0,-15.0,-22.0,-1414.0,-19.0
-20.0,-9.0,4.0,2.0,-14.0,-22.0,-1476.0,-18.0
-21.0,-7.0,6.0,3.0,-15.0,-21.0,-1585.0,-18.0
-20.0,-8.0,4.0,1.0,-16.0,-22.0,-1466.0,-20.0
-20.0,-9.0,4.0,1.0,-15.0,-22.0,-1471.0,-20.0
-20.0,-9.0,4.0,1.0,-15.0,-23.0,-1498.0,-20.0
-19.0,-9.0,3.0,0.0,-16.0,-23.0,-1448.0,-21.0
-18.0,-11.0,1.0,0.0,-16.0,-24.0,-1329.0,-21.0
-18.0,-10.0,3.0,0.0,-14.0,-22.0,-1439.0,-19.0
-19.0,-10.0,4.0,1.0,-15.0,-22.0,-1455.0,-19.0
-19.0,-9.0,4.0,1.0,-15.0,-22.0,-1442.0,-19.0
-20.0,-8.0,5.0,1.0,-14.0,-22.0,-1489.0,-18.0
-21.0,-7.0,6.0,3.0,-15.0,-21.0,-1605.0,-18.0
-21.0,-8.0,4.0,1.0,-16.0,-22.0,-1480.0,-20.0
-20.0,-9.0,4.0,1.0,-15.0,-22.0,-1442.0,-20.0
-19.0,-9.0,4.0,0.0,-15.0,-22.0,-1449.0,-20.0
-19.0,-9.0,3.0,0.0,-16.0,-23.0,-1392.0,-20.0
-18.0,-10.0,2.0,0.0,-15.0,-24.0,-1282.0,-21.0
-19.0,-10.0,3.0,0.0,-13.0,-22.0,-1415.0,-19.0
-19.0,-9.0,4.0,0.0,-14.0,-22.0,-1440.0,-19.0
-19.0,-9.0,4.0,0.0,-14.0,-22.0,-1386.0,-19.0
-20.0,-9.0,4.0,1.0,-14.0,-22.0,-1412.0,-18.0
-20.0,-8.0,6.0,3.0,-14.0,-21.0,-1563.0,-17.0
-20.0,-8.0,4.0,1.0,-16.0,-22.0,-1438.0,-20.0
-20.0,-9.0,4.0,1.0,-16.0,-22.0,-1422.0,-20.0
-19.0,-9.0,4.0,0.0,-15.0,-22.0,-1510.0,-20.0
-19.0,-9.0,3.0,0.0,-15.0,-23.0,-1500.0,-20.0
-18.0,-10.0,1.0,-1.0,-15.0,-24.0,-1369.0,-21.0
-18.0,-10.0,3.0,0.0,-14.0,-22.0,-1471.0,-19.0
-19.0,-9.0,3.0,1.0,-15.0,-22.0,-1487.0,-19.0
-19.0,-9.0,4.0,1.0,-14.0,-22.0,-1402.0,-19.0
-20.0,-8.0,4.0,1.0,-14.0,-22.0,-1397.0,-18.0
-21.0,-7.0,5.0,3.0,-14.0,-20.0,-1551.0,-17.0
-20.0,-8.0,4.0,1.0,-16.0,-22.0,-1452.0,-20.0
-20.0,-8.0,4.0,1.0,-15.0,-22.0,-1470.0,-20.0
-19.0,-9.0,4.0,0.0,-15.0,-22.0,-1535.0,-19.0
-19.0,-9.0,3.0,0.0,-16.0,-23.0,-1479.0,-20.0
-18.0,-10.0,1.0,-1.0,-15.0,-24.0,-1336.0,-21.0
-18.0,-10.0,3.0,0.0,-13.0,-22.0,-1445.0,-19.0
-19.0,-9.0,3.0,0.0,-14.0,-22.0,-1507.0,-18.0
-19.0,-9.0,3.0,0.0,-15.0,-22.0,-1547.0,-19.0
-19.0,-9.0,4.0,1.0,-14.0,-21.0,-1580.0,-18.0
-20.0,-7.0,6.0,3.0,-14.0,-20.0,-1715.0,-18.0
-20.0,-8.0,4.0,1.0,-16.0,-21.0,-1609.0,-19.0
-19.0,-8.0,4.0,0.0,-15.0,-22.0,-1579.0,-19.0
-19.0,-9.0,4.0,0.0,-15.0,-22.0,-1623.0,-19.0
-19.0,-9.0,3.0,0.0,-16.0,-22.0,-1587.0,-20.0
-18.0,-11.0,1.0,-1.0,-15.0,-23.0,-1481.0,-21.0
-18.0,-10.0,3.0,0.0,-14.0,-22.0,-1584.0,-19.0
-19.0,-9.0,3.0,0.0,-15.0,-22.0,-1595.0,-19.0
-19.0,-9.0,4.0,1.0,-14.0,-22.0,-1560.0,-18.0
-19.0,-9.0,4.0,1.0,-14.0,-21.0,-1523.0,-18.0
-20.0,-7.0,6.0,3.0,-14.0,-20.0,-1597.0,-17.0
-20.0,-8.0,4.0,1.0,-16.0,-21.0,-1504.0,-19.0
-19.0,-8.0,4.0,1.0,-15.0,-22.0,-1536.0,-19.0
-19.0,-8.0,4.0,1.0,-15.0,-22.0,-1544.0,-19.0
-19.0,-9.0,3.0,0.0,-15.0,-22.0,-1461.0,-20.0
-18.0,-11.0,1.0,-1.0,-15.0,-23.0,-1326.0,-21.0
-18.0,-10.0,3.0,0.0,-13.0,-22.0,-1443.0,-19.0
-18.0,-9.0,3.0,0.0,-14.0,-21.0,-1594.0,-19.0
-19.0,-9.0,3.0,1.0,-14.0,-21.0,-1598.0,-19.0
-19.0,-9.0,4.0,1.0,-14.0,-21.0,-1615.0,-18.0
-20.0,-7.0,6.0,3.0,-14.0,-20.0,-1731.0,-17.0
-20.0,-7.0,4.0,1.0,-16.0,-21.0,-1528.0,-19.0
-19.0,-8.0,4.0,0.0,-15.0,-22.0,-1437.0,-19.0
-19.0,-9.0,3.0,0.0,-15.0,-22.0,-1549.0,-20.0
-19.0,-9.0,3.0,0.0,-15.0,-22.0,-1558.0,-20.0
-18.0,-10.0,2.0,0.0,-15.0,-23.0,-1442.0,-21.0
-18.0,-10.0,3.0,0.0,-13.0,-22.0,-1530.0,-19.0
-18.0,-9.0,3.0,0.0,-14.0,-21.0,-1589.0,-19.0
-19.0,-9.0,3.0,0.0,-14.0,-22.0,-1542.0,-19.0
-19.0,-8.0,4.0,1.0,-13.0,-21.0,-1569.0,-18.0
-20.0,-7.0,6.0,3.0,-14.0,-20.0,-1698.0,-17.0
-20.0,-7.0,4.0,1.0,-16.0,-21.0,-1625.0,-18.0
-19.0,-8.0,4.0,1.0,-15.0,-21.0,-1593.0,-19.0
-19.0,-9.0,4.0,1.0,-15.0,-21.0,-1599.0,-19.0
-18.0,-8.0,5.0,1.0,-14.0,-20.0,-1509.0,-18.0
-14.0,-8.0,7.0,0.0,-12.0,-18.0,-1377.0,-17.0
-12.0,-7.0,11.0,1.0,-9.0,-14.0,-1508.0,-13.0
-12.0,-5.0,13.0,3.0,-9.0,-11.0,-1597.0,-11.0
-10.0,-5.0,17.0,4.0,-7.0,-8.0,-1593.0,-9.0
-6.0,-6.0,21.0,5.0,-4.0,-4.0,-1592.0,-6.0
-4.0,-5.0,26.0,7.0,-1.0,0.0,-1673.0,-2.0
-2.0,-5.0,27.0,6.0,-2.0,0.0,-1596.0,-3.0
0.0,-6.0,29.0,6.0,0.0,3.0,-1525.0,0.0
2.0,-7.0,31.0,6.0,1.0,5.0,-1549.0,0.0
3.0,-5.0,32.0,6.0,1.0,5.0,-1485.0,0.0
4.0,-4.0,32.0,5.0,1.0,6.0,-1361.0,0.0
5.0,-5.0,33.0,6.0,4.0,8.0,-1489.0,3.0
5.0,-6.0,35.0,7.0,4.0,9.0,-1569.0,4.0
5.0,-5.0,35.0,7.0,4.0,9.0,-1519.0,4.0
5.0,-5.0,35.0,7.0,4.0,10.0,-1561.0,4.0
4.0,-4.0,37.0,9.0,4.0,11.0,-1699.0,5.0
4.0,-5.0,36.0,8.0,2.0,9.0,-1597.0,3.0
5.0,-8.0,34.0,7.0,3.0,8.0,-1422.0,3.0
6.0,-10.0,32.0,6.0,3.0,7.0,-1417.0,2.0
6.0,-11.0,32.0,5.0,3.0,7.0,-1402.0,2.0
7.0,-12.0,30.0,4.0,2.0,5.0,-1311.0,1.0
5.0,-10.0,30.0,5.0,3.0,5.0,-1389.0,1.0
3.0,-8.0,31.0,6.0,2.0,5.0,-1491.0,1.0
2.0,-8.0,31.0,6.0,2.0,5.0,-1490.0,1.0
2.0,-8.0,31.0,7.0,2.0,5.0,-1528.0,1.0
0.0,-7.0,30.0,7.0,1.0,4.0,-1615.0,1.0
0.0,-8.0,27.0,6.0,-1.0,1.0,-1483.0,-1.0
0.0,-9.0,26.0,5.0,0.0,0.0,-1408.0,-2.0
-1.0,-10.0,24.0,4.0,-1.0,-1.0,-1504.0,-3.0
-2.0,-11.0,21.0,3.0,-3.0,-3.0,-1529.0,-5.0
-3.0,-11.0,18.0,1.0,-4.0,-6.0,-1431.0,-7.0
-4.0,-10.0,18.0,2.0,-4.0,-6.0,-1466.0,-7.0
-6.0,-10.0,16.0,3.0,-5.0,-8.0,-1475.0,-8.0
-8.0,-10.0,15.0,3.0,-6.0,-9.0,-1396.0,-9.0
-10.0,-8.0,14.0,3.0,-7.0,-10.0,-1398.0,-10.0
-12.0,-7.0,14.0,4.0,-8.0,-10.0,-1512.0,-10.0
-14.0,-7.0,11.0,3.0,-11.0,-14.0,-1450.0,-13.0
-15.0,-7.0,8.0,2.0,-12.0,-17.0,-1351.0,-16.0
-17.0,-7.0,6.0,1.0,-13.0,-18.0,-1375.0,-17.0
-18.0,-8.0,3.0,0.0,-14.0,-21.0,-1420.0,-19.0
-17.0,-10.0,1.0,0.0,-15.0,-23.0,-1357.0,-21.0
-17.0,-10.0,2.0,0.0,-13.0,-22.0,-1375.0,-19.0
-18.0,-9.0,2.0,0.0,-13.0,-21.0,-1440.0,-18.0
-18.0,-8.0,2.0,0.0,-14.0,-21.0,-1403.0,-19.0
-18.0,-8.0,3.0,1.0,-14.0,-21.0,-1430.0,-18.0
-20.0,-7.0,5.0,2.0,-13.0,-20.0,-1579.0,-17.0
-19.0,-7.0,4.0,1.0,-15.0,-21.0,-1623.0,-18.0
-19.0,-8.0,3.0,0.0,-15.0,-21.0,-1487.0,-19.0
-18.0,-8.0,3.0,1.0,-15.0,-21.0,-1448.0,-19.0
-19.0,-9.0,2.0,0.0,-15.0,-22.0,-1438.0,-19.0
-18.0,-10.0,1.0,-1.0,-15.0,-23.0,-1318.0,-21.0
-17.0,-10.0,2.0,0.0,-13.0,-22.0,-1345.0,-19.0
-18.0,-9.0,2.0,0.0,-14.0,-21.0,-1443.0,-18.0
-18.0,-9.0,3.0,0.0,-14.0,-21.0,-1402.0,-18.0
-18.0,-9.0,3.0,1.0,-14.0,-21.0,-1424.0,-18.0
-19.0,-7.0,5.0,2.0,-13.0,-19.0,-1551.0,-17.0
-19.0,-7.0,4.0,1.0,-15.0,-20.0,-1482.0,-18.0
-19.0,-8.0,3.0,0.0,-15.0,-21.0,-1371.0,-19.0
-18.0,-8.0,3.0,1.0,-15.0,-21.0,-1434.0,-19.0
-18.0,-8.0,2.0,0.0,-15.0,-22.0,-1432.0,-19.0
-17.0,-9.0,1.0,-1.0,-15.0,-23.0,-1332.0,-20.0
-17.0,-10.0,2.0,0.0,-13.0,-22.0,-1339.0,-19.0
-18.0,-9.0,3.0,0.0,-13.0,-21.0,-1425.0,-18.0
-18.0,-9.0,3.0,0.0,-14.0,-21.0,-1304.0,-18.0
-19.0,-9.0,3.0,0.0,-14.0,-21.0,-1289.0,-18.0
-20.0,-7.0,5.0,2.0,-13.0,-19.0,-1412.0,-17.0
-19.0,-7.0,4.0,2.0,-15.0,-20.0,-1386.0,-18.0
-18.0,-8.0,3.0,1.0,-15.0,-21.0,-1284.0,-19.0
-18.0,-8.0,3.0,0.0,-14.0,-21.0,-1308.0,-19.0
-18.0,-8.0,3.0,0.0,-15.0,-21.0,-1282.0,-19.0
-17.0,-10.0,1.0,-1.0,-15.0,-23.0,-1124.0,-20.0
-17.0,-10.0,1.0,0.0,-13.0,-22.0,-1087.0,-19.0
-18.0,-9.0,2.0,0.0,-14.0,-21.0,-1208.0,-18.0
-18.0,-8.0,2.0,0.0,-14.0,-21.0,-1196.0,-18.0
-18.0,-8.0,3.0,1.0,-14.0,-21.0,-1187.0,-18.0
-20.0,-7.0,6.0,2.0,-14.0,-21.0,-1327.0,-18.0
-26.0,-9.0,12.0,3.0,-20.0,-29.0,-1364.0,-24.0
-30.0,-13.0,19.0,4.0,-24.0,-37.0,-1228.0,-30.0
-34.0,-15.0,25.0,6.0,-27.0,-44.0,-1206.0,-35.0
-39.0,-16.0,32.0,7.0,-30.0,-50.0,-1173.0,-39.0
-39.0,-11.0,28.0,4.0,-30.0,-49.0,-1063.0,-39.0
-34.0,-3.0,18.0,2.0,-25.0,-38.0,-1054.0,-32.0
-25.0,7.0,2.0,-1.0,-17.0,-20.0,-1174.0,-20.0
-9.0,31.0,-29.0,-10.0,-4.0,11.0,-1094.0,-1.0
12.0,56.0,-69.0,-21.0,13.0,50.0,-1008.0,24.0
36.0,80.0,-109.0,-30.0,33.0,92.0,-1155.0,52.0
61.0,102.0,-152.0,-42.0,52.0,133.0,-1196.0,79.0
88.0,123.0,-195.0,-54.0,72.0,174.0,-1047.0,106.0
114.0,144.0,-238.0,-65.0,93.0,216.0,-1029.0,133.0
140.0,164.0,-280.0,-76.0,113.0,257.0,-990.0,159.0
166.0,180.0,-320.0,-88.0,132.0,294.0,-866.0,185.0
192.0,187.0,-355.0,-95.0,154.0,329.0,-801.0,210.0
215.0,187.0,-381.0,-99.0,170.0,356.0,-874.0,231.0
232.0,189.0,-402.0,-103.0,182.0,377.0,-840.0,247.0
243.0,193.0,-419.0,-107.0,191.0,394.0,-838.0,258.0
249.0,191.0,-424.0,-106.0,196.0,402.0,-938.0,265.0
252.0,181.0,-422.0,-105.0,196.0,399.0,-953.0,264.0
251.0,170.0,-415.0,-103.0,194.0,391.0,-835.0,260.0
245.0,161.0,-403.0,-100.0,189.0,378.0,-872.0,252.0
234.0,151.0,-384.0,-95.0,180.0,360.0,-903.0,240.0
222.0,137.0,-363.0,-90.0,169.0,337.0,-826.0,224.0
205.0,120.0,-334.0,-82.0,157.0,308.0,-821.0,206.0
183.0,100.0,-296.0,-72.0,141.0,273.0,-974.0,185.0
160.0,79.0,-256.0,-61.0,121.0,234.0,-965.0,158.0
134.0,55.0,-212.0,-49.0,101.0,191.0,-996.0,131.0
106.0,29.0,-165.0,-35.0,81.0,147.0,-1162.0,103.0
80.0,4.0,-121.0,-24.0,58.0,104.0,-1242.0,73.0
55.0,-14.0,-82.0,-14.0,38.0,63.0,-1114.0,46.0
30.0,-32.0,-41.0,-4.0,19.0,23.0,-1159.0,18.0
2.0,-49.0,-6.0,0.0,-1.0,-17.0,-1167.0,-9.0
-24.0,-72.0,4.0,0.0,-25.0,-64.0,-1121.0,-40.0
-51.0,-92.0,5.0,0.0,-44.0,-106.0,-1141.0,-68.0
-72.0,-86.0,7.0,1.0,-58.0,-125.0,-1285.0,-83.0
-79.0,-68.0,7.0,1.0,-62.0,-124.0,-1250.0,-85.0
-72.0,-57.0,8.0,2.0,-56.0,-110.0,-1227.0,-77.0
-59.0,-43.0,9.0,3.0,-45.0,-86.0,-1301.0,-60.0
-46.0,-30.0,8.0,3.0,-35.0,-63.0,-1307.0,-46.0
-33.0,-21.0,7.0,2.0,-26.0,-45.0,-1126.0,-34.0
-23.0,-13.0,7.0,2.0,-18.0,-29.0,-1124.0,-24.0
-20.0,-10.0,7.0,2.0,-16.0,-24.0,-1128.0,-21.0
-20.0,-11.0,5.0,0.0,-16.0,-25.0,-1061.0,-22.0
-19.0,-11.0,5.0,0.0,-15.0,-25.0,-1041.0,-21.0
-19.0,-10.0,7.0,1.0,-15.0,-24.0,-1182.0,-20.0
-20.0,-10.0,7.0,1.0,-16.0,-24.0,-1135.0,-20.0
-20.0,-10.0,7.0,2.0,-15.0,-24.0,-1129.0,-20.0
-21.0,-9.0,9.0,3.0,-15.0,-23.0,-1247.0,-19.0
-21.0,-8.0,9.0,3.0,-16.0,-23.0,-1281.0,-20.0
-21.0,-9.0,7.0,2.0,-17.0,-24.0,-1138.0,-21.0
-20.0,-10.0,7.0,2.0,-16.0,-24.0,-1162.0,-20.0
-20.0,-10.0,7.0,1.0,-16.0,-24.0,-1175.0,-21.0
-20.0,-11.0,5.0,0.0,-17.0,-25.0,-1112.0,-22.0
-19.0,-11.0,5.0,0.0,-15.0,-25.0,-1108.0,-21.0
-19.0,-10.0,6.0,1.0,-15.0,-24.0,-1286.0,-20.0
-20.0,-10.0,7.0,1.0,-15.0,-24.0,-1276.0,-20.0
-20.0,-10.0,7.0,2.0,-15.0,-24.0,-1281.0,-19.0
-20.0,-9.0,8.0,3.0,-15.0,-22.0,-1353.0,-18.0
-21.0,-8.0,8.0,3.0,-16.0,-23.0,-1386.0,-19.0
-20.0,-9.0,7.0,2.0,-17.0,-24.0,-1255.0,-20.0
-20.0,-9.0,7.0,1.0,-16.0,-24.0,-1290.0,-21.0
-20.0,-10.0,6.0,1.0,-16.0,-24.0,-1284.0,-21.0
-19.0,-10.0,5.0,0.0,-17.0,-25.0,-1192.0,-22.0
-19.0,-11.0,5.0,0.0,-15.0,-25.0,-1123.0,-21.0
-19.0,-11.0,7.0,1.0,-14.0,-24.0,-1248.0,-19.0
-19.0,-10.0,7.0,1.0,-15.0,-24.0,-1207.0,-20.0
-19.0,-10.0,7.0,1.0,-15.0,-24.0,-1227.0,-20.0
-20.0,-9.0,8.0,3.0,-15.0,-23.0,-1330.0,-18.0
-21.0,-8.0,8.0,3.0,-16.0,-23.0,-1395.0,-19.0
-21.0,-9.0,7.0,2.0,-17.0,-24.0,-1273.0,-21.0
-20.0,-9.0,7.0,2.0,-16.0,-24.0,-1314.0,-20.0
-20.0,-10.0,7.0,2.0,-16.0,-24.0,-1345.0,-21.0
-19.0,-10.0,5.0,0.0,-16.0,-25.0,-1271.0,-22.0
-18.0,-11.0,5.0,0.0,-15.0,-25.0,-1187.0,-21.0
-19.0,-11.0,6.0,1.0,-14.0,-24.0,-1282.0,-20.0
-20.0,-10.0,6.0,1.0,-15.0,-24.0,-1240.0,-20.0
-20.0,-10.0,7.0,2.0,-15.0,-24.0,-1246.0,-20.0
-20.0,-9.0,8.0,3.0,-14.0,-23.0,-1345.0,-18.0
-21.0,-8.0,8.0,3.0,-16.0,-23.0,-1426.0,-19.0
-20.0,-9.0,7.0,2.0,-16.0,-24.0,-1243.0,-20.0
-19.0,-9.0,7.0,2.0,-15.0,-23.0,-1230.0,-20.0
-18.0,-8.0,10.0,2.0,-14.0,-20.0,-1227.0,-18.0
-16.0,-8.0,10.0,1.0,-14.0,-20.0,-1134.0,-18.0
-15.0,-9.0,10.0,1.0,-13.0,-20.0,-1069.0,-17.0
-14.0,-8.0,13.0,3.0,-10.0,-16.0,-1250.0,-14.0
-14.0,-7.0,15.0,3.0,-10.0,-15.0,-1262.0,-13.0
-12.0,-8.0,16.0,3.0,-9.0,-13.0,-1250.0,-12.0
-12.0,-8.0,18.0,5.0,-8.0,-12.0,-1319.0,-11.0
-13.0,-7.0,19.0,5.0,-9.0,-11.0,-1414.0,-11.0
-12.0,-8.0,18.0,4.0,-10.0,-12.0,-1285.0,-12.0
-10.0,-7.0,20.0,4.0,-7.0,-10.0,-1310.0,-10.0
-9.0,-7.0,21.0,4.0,-7.0,-9.0,-1275.0,-9.0
-8.0,-7.0,20.0,3.0,-8.0,-10.0,-1183.0,-11.0
-6.0,-9.0,20.0,3.0,-6.0,-10.0,-1156.0,-10.0
-5.0,-10.0,23.0,4.0,-4.0,-7.0,-1281.0,-7.0
-5.0,-9.0,24.0,5.0,-4.0,-6.0,-1230.0,-6.0
-6.0,-6.0,25.0,6.0,-4.0,-4.0,-1196.0,-6.0
-6.0,-5.0,27.0,7.0,-3.0,-2.0,-1260.0,-4.0
-5.0,-6.0,29.0,8.0,-3.0,-1.0,-1328.0,-4.0
-4.0,-7.0,28.0,6.0,-4.0,-3.0,-1182.0,-5.0
-2.0,-7.0,29.0,6.0,-2.0,-1.0,-1204.0,-4.0
0.0,-5.0,33.0,7.0,0.0,1.0,-1215.0,-1.0
2.0,-4.0,36.0,7.0,0.0,5.0,-1147.0,0.0
6.0,-3.0,40.0,7.0,3.0,9.0,-1046.0,3.0
8.0,-1.0,44.0,9.0,6.0,13.0,-1199.0,7.0
9.0,0.0,46.0,10.0,6.0,15.0,-1239.0,8.0
11.0,1.0,51.0,11.0,8.0,19.0,-1266.0,10.0
13.0,4.0,56.0,14.0,11.0,24.0,-1336.0,14.0
15.0,6.0,61.0,15.0,13.0,29.0,-1390.0,17.0
19.0,7.0,64.0,15.0,13.0,32.0,-1248.0,18.0
22.0,7.0,67.0,16.0,16.0,35.0,-1264.0,21.0
25.0,6.0,70.0,16.0,18.0,38.0,-1274.0,23.0
28.0,7.0,74.0,16.0,20.0,42.0,-1213.0,25.0
32.0,8.0,77.0,17.0,24.0,46.0,-1116.0,28.0
34.0,11.0,83.0,19.0,27.0,52.0,-1245.0,32.0
37.0,13.0,88.0,20.0,28.0,56.0,-1237.0,35.0
40.0,13.0,91.0,21.0,30.0,59.0,-1232.0,38.0
42.0,13.0,96.0,23.0,33.0,63.0,-1292.0,42.0
43.0,15.0,99.0,24.0,33.0,66.0,-1393.0,43.0
45.0,15.0,99.0,23.0,33.0,66.0,-1260.0,42.0
46.0,15.0,101.0,23.0,34.0,68.0,-1255.0,44.0
47.0,14.0,101.0,23.0,35.0,69.0,-1272.0,45.0
49.0,12.0,101.0,22.0,35.0,69.0,-1237.0,45.0
51.0,11.0,101.0,21.0,36.0,69.0,-1100.0,45.0
51.0,13.0,105.0,23.0,39.0,73.0,-1199.0,49.0
52.0,14.0,106.0,24.0,39.0,74.0,-1166.0,49.0
52.0,14.0,106.0,24.0,39.0,74.0,-1143.0,49.0
51.0,15.0,107.0,25.0,39.0,75.0,-1192.0,50.0
48.0,15.0,105.0,25.0,37.0,73.0,-1338.0,48.0
48.0,13.0,102.0,23.0,35.0,70.0,-1227.0,46.0
48.0,10.0,100.0,22.0,36.0,68.0,-1244.0,45.0
47.0,9.0,98.0,22.0,34.0,66.0,-1259.0,43.0
46.0,7.0,95.0,20.0,33.0,63.0,-1248.0,41.0
46.0,6.0,91.0,19.0,32.0,60.0,-1131.0,39.0
43.0,5.0,91.0,20.0,33.0,59.0,-1247.0,40.0
41.0,5.0,88.0,19.0,30.0,57.0,-1250.0,38.0
40.0,3.0,85.0,18.0,29.0,54.0,-1241.0,36.0
37.0,2.0,83.0,18.0,28.0,51.0,-1298.0,35.0
33.0,4.0,81.0,19.0,25.0,49.0,-1392.0,32.0
31.0,2.0,75.0,17.0,22.0,44.0,-1230.0,28.0
31.0,-1.0,72.0,15.0,22.0,41.0,-1216.0,27.0
29.0,-4.0,68.0,14.0,20.0,37.0,-1267.0,24.0
27.0,-7.0,63.0,12.0,18.0,32.0,-1227.0,20.0
27.0,-12.0,58.0,10.0,17.0,28.0,-1094.0,18.0
24.0,-13.0,56.0,10.0,17.0,26.0,-1259.0,18.0
20.0,-14.0,53.0,9.0,14.0,22.0,-1266.0,15.0
17.0,-11.0,50.0,10.0,12.0,19.0,-1252.0,13.0
14.0,-9.0,48.0,10.0,11.0,18.0,-1308.0,12.0
11.0,-8.0,47.0,11.0,9.0,16.0,-1410.0,11.0
10.0,-10.0,44.0,9.0,6.0,12.0,-1283.0,7.0
9.0,-12.0,41.0,8.0,6.0,10.0,-1295.0,5.0
8.0,-12.0,39.0,7.0,5.0,8.0,-1311.0,4.0
6.0,-11.0,36.0,6.0,3.0,6.0,-1236.0,2.0
5.0,-13.0,32.0,4.0,2.0,2.0,-1118.0,0.0
4.0,-12.0,33.0,6.0,2.0,3.0,-1273.0,0.0
1.0,-11.0,31.0,6.0,0.0,1.0,-1310.0,0.0
0.0,-12.0,28.0,5.0,0.0,-1.0,-1292.0,-2.0
-1.0,-10.0,28.0,6.0,-1.0,-1.0,-1313.0,-2.0
-4.0,-8.0,28.0,7.0,-2.0,-2.0,-1441.0,-3.0
-5.0,-10.0,24.0,5.0,-5.0,-5.0,-1308.0,-6.0
-6.0,-11.0,22.0,4.0,-5.0,-7.0,-1255.0,-7.0
-7.0,-10.0,20.0,4.0,-6.0,-8.0,-1277.0,-8.0
-6.0,-12.0,18.0,3.0,-7.0,-11.0,-1275.0,-10.0
-7.0,-14.0,15.0,1.0,-7.0,-14.0,-1157.0,-12.0
-9.0,-12.0,16.0,2.0,-6.0,-13.0,-1297.0,-11.0
-10.0,-10.0,15.0,3.0,-9.0,-14.0,-1333.0,-12.0
-13.0,-10.0,12.0,2.0,-11.0,-17.0,-1316.0,-14.0
-15.0,-10.0,10.0,3.0,-11.0,-18.0,-1347.0,-15.0
-18.0,-7.0,11.0,4.0,-12.0,-18.0,-1470.0,-15.0
-18.0,-7.0,9.0,3.0,-15.0,-21.0,-1347.0,-17.0
-18.0,-7.0,8.0,2.0,-14.0,-21.0,-1334.0,-17.0
-18.0,-7.0,8.0,2.0,-14.0,-21.0,-1372.0,-18.0
-21.0,-10.0,4.0,1.0,-15.0,-24.0,-1333.0,-19.0
-22.0,-8.0,6.0,3.0,-15.0,-23.0,-1434.0,-19.0
-21.0,-9.0,4.0,1.0,-17.0,-24.0,-1320.0,-20.0
-21.0,-9.0,4.0,1.0,-16.0,-25.0,-1305.0,-21.0
-20.0,-9.0,4.0,0.0,-16.0,-25.0,-1369.0,-21.0
-20.0,-10.0,3.0,0.0,-17.0,-25.0,-1341.0,-22.0
-19.0,-11.0,2.0,-1.0,-16.0,-26.0,-1194.0,-22.0
-20.0,-10.0,3.0,0.0,-15.0,-25.0,-1299.0,-20.0
-20.0,-10.0,4.0,0.0,-15.0,-25.0,-1314.0,-20.0
-20.0,-9.0,4.0,1.0,-15.0,-24.0,-1290.0,-20.0
-20.0,-9.0,5.0,1.0,-15.0,-24.0,-1369.0,-20.0
-21.0,-8.0,6.0,3.0,-15.0,-23.0,-1506.0,-19.0
-21.0,-9.0,5.0,1.0,-16.0,-24.0,-1344.0,-20.0
-21.0,-9.0,4.0,1.0,-16.0,-24.0,-1297.0,-21.0
-20.0,-10.0,4.0,0.0,-16.0,-25.0,-1344.0,-21.0
-20.0,-10.0,3.0,0.0,-16.0,-25.0,-1308.0,-21.0
-19.0,-11.0,2.0,0.0,-16.0,-26.0,-1173.0,-22.0
-19.0,-10.0,3.0,0.0,-15.0,-25.0,-1288.0,-20.0
-20.0,-9.0,3.0,1.0,-15.0,-25.0,-1321.0,-20.0
-20.0,-9.0,4.0,1.0,-16.0,-24.0,-1283.0,-20.0
-20.0,-9.0,4.0,1.0,-15.0,-24.0,-1240.0,-19.0
-21.0,-8.0,6.0,3.0,-15.0,-23.0,-1317.0,-18.0
-21.0,-9.0,4.0,1.0,-17.0,-24.0,-1165.0,-21.0
-21.0,-9.0,4.0,1.0,-16.0,-24.0,-1096.0,-21.0
-20.0,-9.0,4.0,1.0,-16.0,-25.0,-1128.0,-20.0
-20.0,-10.0,3.0,0.0,-16.0,-25.0,-1105.0,-21.0
-19.0,-11.0,2.0,0.0,-16.0,-26.0,-944.0,-22.0
-19.0,-10.0,3.0,0.0,-14.0,-25.0,-1013.0,-20.0
-19.0,-10.0,3.0,0.0,-15.0,-25.0,-1047.0,-20.0
-20.0,-9.0,4.0,1.0,-15.0,-24.0,-992.0,-19.0
-20.0,-9.0,4.0,1.0,-15.0,-24.0,-991.0,-19.0
-21.0,-8.0,6.0,3.0,-15.0,-23.0,-1104.0,-18.0
-21.0,-8.0,4.0,1.0,-17.0,-24.0,-970.0,-21.0
-20.0,-9.0,4.0,1.0,-16.0,-24.0,-930.0,-20.0
-20.0,-9.0,4.0,1.0,-16.0,-24.0,-977.0,-20.0
-20.0,-9.0,3.0,0.0,-16.0,-25.0,-968.0,-21.0
-19.0,-10.0,2.0,0.0,-16.0,-26.0,-864.0,-22.0
-19.0,-10.0,3.0,0.0,-14.0,-25.0,-964.0,-20.0
-19.0,-10.0,3.0,0.0,-15.0,-24.0,-1018.0,-20.0
-20.0,-10.0,3.0,0.0,-15.0,-24.0,-980.0,-20.0
-20.0,-9.0,4.0,1.0,-15.0,-24.0,-1013.0,-19.0
-21.0,-8.0,6.0,3.0,-15.0,-23.0,-1128.0,-18.0
-21.0,-8.0,4.0,1.0,-17.0,-24.0,-992.0,-20.0
-20.0,-9.0,4.0,1.0,-16.0,-24.0,-933.0,-21.0
-20.0,-9.0,4.0,1.0,-16.0,-24.0,-988.0,-20.0
-19.0,-10.0,3.0,0.0,-16.0,-25.0,-1007.0,-21.0
-19.0,-11.0,1.0,0.0,-16.0,-25.0,-893.0,-22.0
-19.0,-10.0,3.0,0.0,-14.0,-24.0,-987.0,-19.0
-19.0,-10.0,3.0,0.0,-15.0,-24.0,-1059.0,-19.0
-20.0,-9.0,4.0,1.0,-15.0,-24.0,-1015.0,-20.0
-20.0,-9.0,4.0,1.0,-14.0,-24.0,-1053.0,-19.0
-21.0,-8.0,6.0,3.0,-14.0,-22.0,-1230.0,-18.0
-21.0,-8.0,4.0,2.0,-17.0,-24.0,-1130.0,-20.0
-20.0,-9.0,4.0,1.0,-16.0,-24.0,-1081.0,-20.0
-20.0,-9.0,4.0,0.0,-16.0,-24.0,-1121.0,-20.0
-20.0,-9.0,3.0,0.0,-16.0,-24.0,-1108.0,-21.0
-19.0,-11.0,2.0,0.0,-16.0,-26.0,-1001.0,-22.0
-18.0,-10.0,3.0,0.0,-14.0,-24.0,-1089.0,-20.0
-19.0,-10.0,3.0,1.0,-15.0,-24.0,-1157.0,-19.0
-20.0,-10.0,4.0,1.0,-15.0,-24.0,-1122.0,-19.0
-20.0,-9.0,4.0,1.0,-15.0,-24.0,-1153.0,-19.0
-21.0,-8.0,5.0,2.0,-15.0,-22.0,-1293.0,-18.0
-20.0,-8.0,4.0,1.0,-17.0,-23.0,-1213.0,-20.0
-20.0,-9.0,4.0,1.0,-16.0,-24.0,-1143.0,-20.0
-20.0,-9.0,3.0,1.0,-16.0,-24.0,-1200.0,-20.0
-19.0,-9.0,3.0,0.0,-16.0,-24.0,-1163.0,-21.0
-19.0,-11.0,2.0,0.0,-16.0,-25.0,-1041.0,-21.0
-19.0,-10.0,3.0,0.0,-14.0,-24.0,-1077.0,-20.0
-19.0,-9.0,3.0,0.0,-15.0,-24.0,-1126.0,-20.0
-20.0,-9.0,3.0,1.0,-15.0,-24.0,-1104.0,-19.0
-19.0,-9.0,4.0,1.0,-15.0,-23.0,-1157.0,-19.0
-20.0,-8.0,5.0,3.0,-14.0,-22.0,-1309.0,-17.0
-20.0,-8.0,5.0,1.0,-16.0,-23.0,-1218.0,-19.0
-20.0,-9.0,4.0,1.0,-16.0,-24.0,-1128.0,-20.0
-20.0,-9.0,4.0,0.0,-15.0,-24.0,-1138.0,-20.0
-19.0,-9.0,3.0,0.0,-16.0,-24.0,-1063.0,-20.0
-18.0,-11.0,2.0,-1.0,-16.0,-25.0,-886.0,-21.0
-18.0,-10.0,3.0,0.0,-14.0,-24.0,-948.0,-19.0
-19.0,-9.0,3.0,0.0,-14.0,-24.0,-987.0,-19.0
-19.0,-9.0,3.0,1.0,-15.0,-24.0,-939.0,-19.0
-20.0,-9.0,4.0,1.0,-15.0,-23.0,-954.0,-19.0
-21.0,-8.0,6.0,3.0,-15.0,-22.0,-1092.0,-18.0
-21.0,-8.0,4.0,2.0,-16.0,-23.0,-1021.0,-19.0
-20.0,-8.0,4.0,1.0,-16.0,-23.0,-945.0,-20.0
-19.0,-9.0,3.0,1.0,-15.0,-24.0,-1019.0,-20.0
-19.0,-9.0,3.0,0.0,-16.0,-24.0,-1091.0,-20.0
-18.0,-10.0,1.0,0.0,-16.0,-25.0,-1006.0,-21.0
-18.0,-11.0,3.0,0.0,-13.0,-24.0,-1041.0,-19.0
-19.0,-10.0,3.0,0.0,-15.0,-24.0,-1035.0,-19.0
-19.0,-9.0,3.0,1.0,-15.0,-23.0,-904.0,-19.0
-19.0,-9.0,4.0,1.0,-14.0,-23.0,-908.0,-18.0
-20.0,-8.0,5.0,3.0,-14.0,-22.0,-1048.0,-17.0
-20.0,-8.0,5.0,2.0,-16.0,-23.0,-989.0,-19.0
-19.0,-8.0,4.0,1.0,-16.0,-24.0,-900.0,-19.0
-19.0,-8.0,4.0,1.0,-15.0,-23.0,-1006.0,-20.0
-19.0,-9.0,3.0,0.0,-15.0,-24.0,-1121.0,-20.0
-18.0,-10.0,1.0,-1.0,-16.0,-25.0,-1107.0,-21.0
-18.0,-10.0,3.0,0.0,-14.0,-24.0,-1148.0,-20.0
-19.0,-9.0,4.0,0.0,-14.0,-23.0,-1183.0,-19.0
-19.0,-9.0,4.0,0.0,-14.0,-23.0,-1116.0,-19.0
-19.0,-9.0,4.0,1.0,-14.0,-23.0,-1122.0,-19.0
-20.0,-8.0,5.0,2.0,-14.0,-22.0,-1209.0,-17.0
-20.0,-8.0,4.0,2.0,-16.0,-23.0,-1072.0,-19.0
-20.0,-8.0,3.0,1.0,-16.0,-23.0,-891.0,-19.0
-19.0,-9.0,4.0,1.0,-15.0,-23.0,-871.0,-19.0
-19.0,-9.0,3.0,0.0,-15.0,-24.0,-904.0,-20.0
-18.0,-10.0,2.0,0.0,-16.0,-25.0,-903.0,-21.0
-18.0,-10.0,2.0,0.0,-14.0,-23.0,-998.0,-19.0
-18.0,-10.0,3.0,0.0,-14.0,-23.0,-1080.0,-19.0
-19.0,-9.0,3.0,0.0,-15.0,-23.0,-935.0,-19.0
-19.0,-9.0,4.0,1.0,-14.0,-23.0,-871.0,-18.0
-20.0,-7.0,5.0,3.0,-14.0,-22.0,-974.0,-17.0
-20.0,-8.0,4.0,2.0,-15.0,-23.0,-977.0,-19.0
-19.0,-9.0,4.0,1.0,-15.0,-23.0,-883.0,-20.0
-19.0,-9.0,4.0,1.0,-15.0,-23.0,-924.0,-19.0
-19.0,-9.0,4.0,0.0,-15.0,-23.0,-899.0,-20.0
-18.0,-10.0,2.0,0.0,-16.0,-25.0,-744.0,-21.0
-18.0,-10.0,3.0,0.0,-14.0,-24.0,-825.0,-20.0
-18.0,-9.0,3.0,0.0,-14.0,-23.0,-957.0,-19.0
-19.0,-9.0,3.0,0.0,-14.0,-23.0,-955.0,-19.0
-19.0,-9.0,4.0,1.0,-14.0,-23.0,-1045.0,-18.0
-20.0,-8.0,5.0,3.0,-14.0,-21.0,-1169.0,-17.0
-20.0,-8.0,4.0,2.0,-16.0,-22.0,-1169.0,-19.0
-19.0,-8.0,4.0,1.0,-15.0,-23.0,-1095.0,-19.0
-19.0,-9.0,4.0,1.0,-14.0,-23.0,-1132.0,-19.0
-19.0,-8.0,4.0,0.0,-15.0,-23.0,-1091.0,-19.0
-18.0,-10.0,2.0,0.0,-15.0,-24.0,-1003.0,-21.0
-18.0,-10.0,2.0,0.0,-13.0,-23.0,-969.0,-19.0
-18.0,-9.0,3.0,1.0,-14.0,-23.0,-1045.0,-18.0
-18.0,-9.0,3.0,1.0,-14.0,-23.0,-990.0,-19.0
-19.0,-9.0,4.0,1.0,-14.0,-23.0,-993.0,-18.0
-20.0,-8.0,5.0,2.0,-14.0,-22.0,-1081.0,-17.0
-20.0,-7.0,5.0,2.0,-16.0,-22.0,-1038.0,-18.0
-19.0,-8.0,4.0,1.0,-15.0,-23.0,-926.0,-19.0
-19.0,-8.0,3.0,0.0,-15.0,-23.0,-979.0,-19.0
-19.0,-9.0,3.0,0.0,-15.0,-23.0,-993.0,-19.0
-18.0,-10.0,2.0,0.0,-15.0,-24.0,-948.0,-21.0
-18.0,-10.0,2.0,0.0,-13.0,-24.0,-1007.0,-19.0
-18.0,-9.0,3.0,0.0,-13.0,-23.0,-1064.0,-18.0
-18.0,-9.0,3.0,0.0,-14.0,-23.0,-1006.0,-18.0
-19.0,-9.0,3.0,1.0,-14.0,-23.0,-977.0,-18.0
-19.0,-7.0,5.0,2.0,-13.0,-21.0,-998.0,-17.0
-19.0,-7.0,4.0,2.0,-16.0,-22.0,-977.0,-18.0
-19.0,-8.0,4.0,1.0,-16.0,-23.0,-858.0,-19.0
-19.0,-8.0,3.0,1.0,-15.0,-22.0,-882.0,-19.0
-19.0,-8.0,3.0,0.0,-15.0,-23.0,-854.0,-19.0
-18.0,-10.0,2.0,0.0,-16.0,-24.0,-716.0,-20.0
-17.0,-10.0,2.0,0.0,-14.0,-23.0,-678.0,-19.0
-18.0,-9.0,3.0,0.0,-13.0,-22.0,-787.0,-18.0
-18.0,-9.0,3.0,0.0,-14.0,-23.0,-765.0,-19.0
-18.0,-9.0,3.0,1.0,-14.0,-22.0,-780.0,-18.0
-19.0,-8.0,5.0,2.0,-13.0,-21.0,-884.0,-17.0
-20.0,-7.0,5.0,2.0,-15.0,-22.0,-897.0,-18.0
-19.0,-8.0,4.0,1.0,-15.0,-22.0,-797.0,-19.0
-19.0,-8.0,4.0,1.0,-15.0,-22.0,-827.0,-19.0
-19.0,-8.0,4.0,0.0,-15.0,-23.0,-808.0,-19.0
-18.0,-9.0,2.0,0.0,-16.0,-24.0,-719.0,-20.0
-17.0,-10.0,2.0,0.0,-13.0,-23.0,-706.0,-19.0
-18.0,-9.0,3.0,0.0,-13.0,-22.0,-818.0,-18.0
-18.0,-9.0,3.0,0.0,-14.0,-22.0,-783.0,-18.0
-18.0,-8.0,5.0,1.0,-13.0,-21.0,-757.0,-17.0
-16.0,-5.0,10.0,4.0,-10.0,-16.0,-854.0,-13.0
-15.0,-3.0,13.0,4.0,-10.0,-13.0,-886.0,-12.0
-12.0,-4.0,14.0,3.0,-10.0,-12.0,-705.0,-12.0
-9.0,-4.0,17.0,4.0,-7.0,-9.0,-684.0,-9.0
-5.0,-6.0,20.0,4.0,-5.0,-5.0,-672.0,-7.0
-1.0,-8.0,22.0,3.0,-3.0,-3.0,-616.0,-5.0
0.0,-8.0,25.0,4.0,0.0,-1.0,-606.0,-3.0
2.0,-7.0,29.0,5.0,1.0,2.0,-777.0,0.0
3.0,-8.0,31.0,5.0,1.0,4.0,-785.0,1.0
3.0,-5.0,32.0,6.0,2.0,6.0,-776.0,2.0
3.0,-2.0,35.0,9.0,3.0,8.0,-883.0,4.0
3.0,-3.0,35.0,9.0,2.0,8.0,-947.0,3.0
5.0,-5.0,35.0,7.0,3.0,8.0,-819.0,3.0
5.0,-5.0,35.0,7.0,4.0,8.0,-830.0,4.0
6.0,-6.0,35.0,7.0,4.0,8.0,-815.0,3.0
6.0,-7.0,33.0,5.0,3.0,7.0,-721.0,2.0
7.0,-7.0,33.0,5.0,4.0,7.0,-700.0,3.0
6.0,-9.0,33.0,6.0,4.0,7.0,-846.0,3.0
6.0,-10.0,32.0,6.0,3.0,6.0,-811.0,3.0
6.0,-10.0,32.0,6.0,4.0,5.0,-794.0,3.0
5.0,-9.0,34.0,8.0,4.0,7.0,-892.0,4.0
3.0,-7.0,33.0,7.0,2.0,6.0,-917.0,2.0
2.0,-7.0,31.0,6.0,0.0,4.0,-761.0,0.0
3.0,-7.0,30.0,6.0,1.0,4.0,-789.0,1.0
3.0,-8.0,30.0,6.0,1.0,3.0,-804.0,0.0
2.0,-9.0,26.0,4.0,0.0,0.0,-711.0,-2.0
1.0,-11.0,25.0,3.0,0.0,0.0,-647.0,-2.0
1.0,-10.0,25.0,4.0,0.0,0.0,-794.0,-1.0
0.0,-11.0,23.0,4.0,-1.0,-2.0,-811.0,-3.0
-2.0,-11.0,22.0,4.0,-2.0,-3.0,-827.0,-4.0
-4.0,-9.0,21.0,5.0,-3.0,-4.0,-917.0,-4.0
-6.0,-7.0,20.0,5.0,-5.0,-6.0,-953.0,-6.0
-7.0,-9.0,16.0,3.0,-7.0,-10.0,-793.0,-9.0
-8.0,-9.0,15.0,3.0,-7.0,-10.0,-842.0,-9.0
-10.0,-7.0,13.0,2.0,-8.0,-12.0,-827.0,-11.0
-10.0,-8.0,11.0,1.0,-9.0,-14.0,-737.0,-13.0
-12.0,-10.0,7.0,0.0,-9.0,-17.0,-623.0,-14.0
-15.0,-7.0,7.0,1.0,-11.0,-18.0,-807.0,-15.0
-16.0,-7.0,5.0,1.0,-12.0,-19.0,-820.0,-16.0
-18.0,-8.0,3.0,0.0,-13.0,-22.0,-754.0,-18.0
-19.0,-7.0,4.0,2.0,-13.0,-21.0,-814.0,-17.0
-20.0,-7.0,4.0,2.0,-15.0,-21.0,-871.0,-18.0
-19.0,-8.0,3.0,1.0,-16.0,-22.0,-751.0,-19.0
-19.0,-8.0,3.0,0.0,-15.0,-22.0,-739.0,-19.0
-18.0,-8.0,2.0,0.0,-15.0,-22.0,-737.0,-19.0
-18.0,-9.0,1.0,0.0,-16.0,-23.0,-658.0,-20.0
-17.0,-10.0,1.0,0.0,-14.0,-23.0,-560.0,-19.0
-18.0,-9.0,3.0,0.0,-13.0,-22.0,-701.0,-18.0
-18.0,-9.0,2.0,0.0,-14.0,-22.0,-712.0,-18.0
-18.0,-8.0,3.0,1.0,-14.0,-22.0,-691.0,-18.0
-19.0,-8.0,4.0,2.0,-13.0,-21.0,-764.0,-17.0
-19.0,-7.0,4.0,2.0,-14.0,-21.0,-844.0,-17.0
-19.0,-8.0,3.0,0.0,-15.0,-22.0,-745.0,-19.0
-18.0,-8.0,3.0,0.0,-15.0,-22.0,-776.0,-19.0
-18.0,-8.0,2.0,0.0,-15.0,-22.0,-764.0,-19.0
-18.0,-9.0,1.0,0.0,-15.0,-23.0,-716.0,-20.0
-17.0,-10.0,1.0,-1.0,-14.0,-23.0,-677.0,-19.0
-17.0,-9.0,2.0,0.0,-13.0,-22.0,-872.0,-18.0
-18.0,-8.0,2.0,0.0,-14.0,-22.0,-880.0,-18.0
-18.0,-8.0,2.0,1.0,-14.0,-22.0,-807.0,-17.0
-19.0,-8.0,4.0,2.0,-13.0,-21.0,-852.0,-17.0
-19.0,-7.0,4.0,2.0,-14.0,-21.0,-904.0,-18.0
-18.0,-8.0,3.0,1.0,-15.0,-22.0,-712.0,-19.0
-18.0,-8.0,3.0,0.0,-14.0,-22.0,-799.0,-18.0
-18.0,-9.0,2.0,0.0,-14.0,-22.0,-817.0,-18.0
-18.0,-9.0,1.0,0.0,-15.0,-23.0,-770.0,-19.0
-17.0,-10.0,1.0,0.0,-14.0,-23.0,-719.0,-19.0
-18.0,-9.0,3.0,0.0,-13.0,-22.0,-865.0,-17.0
-18.0,-8.0,3.0,0.0,-14.0,-22.0,-812.0,-18.0
-18.0,-8.0,3.0,0.0,-14.0,-22.0,-791.0,-18.0
-19.0,-7.0,4.0,1.0,-14.0,-21.0,-883.0,-17.0
-19.0,-6.0,4.0,2.0,-15.0,-21.0,-933.0,-17.0
-19.0,-7.0,3.0,0.0,-15.0,-22.0,-759.0,-19.0
-18.0,-8.0,3.0,0.0,-15.0,-22.0,-762.0,-18.0
-18.0,-8.0,2.0,0.0,-15.0,-22.0,-763.0,-19.0
-19.0,-9.0,3.0,0.0,-16.0,-25.0,-712.0,-21.0
-23.0,-12.0,10.0,0.0,-19.0,-32.0,-633.0,-26.0
-29.0,-15.0,18.0,4.0,-22.0,-38.0,-768.0,-29.0
-34.0,-16.0,26.0,6.0,-26.0,-45.0,-759.0,-34.0
-39.0,-16.0,32.0,7.0,-29.0,-50.0,-784.0,-38.0
-40.0,-9.0,30.0,7.0,-29.0,-46.0,-829.0,-35.0
-35.0,0.0,20.0,4.0,-25.0,-36.0,-916.0,-29.0
-25.0,10.0,0.0,-2.0,-18.0,-19.0,-764.0,-19.0
-8.0,34.0,-32.0,-11.0,-3.0,12.0,-708.0,0.0
14.0,58.0,-72.0,-22.0,14.0,52.0,-678.0,25.0
40.0,80.0,-115.0,-34.0,34.0,92.0,-621.0,52.0
66.0,101.0,-159.0,-47.0,54.0,133.0,-503.0,79.0
92.0,123.0,-199.0,-56.0,76.0,176.0,-602.0,108.0
117.0,145.0,-241.0,-66.0,96.0,218.0,-562.0,136.0
142.0,166.0,-283.0,-77.0,116.0,260.0,-454.0,163.0
167.0,183.0,-321.0,-86.0,135.0,299.0,-385.0,190.0
192.0,190.0,-354.0,-92.0,154.0,333.0,-485.0,214.0
216.0,188.0,-382.0,-99.0,169.0,357.0,-314.0,232.0
233.0,190.0,-404.0,-103.0,182.0,378.0,-296.0,247.0
244.0,193.0,-419.0,-107.0,191.0,394.0,-422.0,259.0
251.0,189.0,-426.0,-109.0,195.0,399.0,-401.0,263.0
256.0,177.0,-425.0,-108.0,197.0,396.0,-342.0,263.0
253.0,168.0,-416.0,-104.0,196.0,390.0,-506.0,261.0
245.0,160.0,-402.0,-100.0,189.0,376.0,-524.0,252.0
233.0,150.0,-383.0,-95.0,180.0,358.0,-529.0,240.0
219.0,138.0,-359.0,-88.0,170.0,336.0,-594.0,226.0
202.0,121.0,-329.0,-79.0,156.0,307.0,-707.0,207.0
181.0,100.0,-293.0,-70.0,138.0,270.0,-602.0,182.0
157.0,78.0,-253.0,-60.0,119.0,230.0,-687.0,156.0
132.0,53.0,-209.0,-48.0,99.0,187.0,-742.0,128.0
106.0,25.0,-164.0,-37.0,77.0,141.0,-702.0,98.0
81.0,0.0,-122.0,-26.0,58.0,98.0,-587.0,70.0
55.0,-16.0,-80.0,-14.0,39.0,59.0,-749.0,45.0
28.0,-35.0,-39.0,-4.0,18.0,19.0,-801.0,17.0
1.0,-51.0,-4.0,1.0,-2.0,-21.0,-815.0,-10.0
-27.0,-73.0,7.0,2.0,-24.0,-66.0,-917.0,-39.0
-55.0,-89.0,8.0,3.0,-46.0,-107.0,-1034.0,-67.0
-73.0,-83.0,7.0,2.0,-61.0,-126.0,-912.0,-84.0
-79.0,-66.0,8.0,2.0,-63.0,-124.0,-908.0,-85.0
-72.0,-56.0,7.0,1.0,-56.0,-110.0,-895.0,-76.0
-57.0,-43.0,6.0,1.0,-46.0,-87.0,-852.0,-61.0
-42.0,-32.0,5.0,0.0,-34.0,-64.0,-714.0,-47.0
-31.0,-22.0,7.0,1.0,-23.0,-44.0,-830.0,-32.0
-22.0,-13.0,7.0,1.0,-17.0,-29.0,-801.0,-23.0
-20.0,-10.0,7.0,1.0,-16.0,-25.0,-790.0,-20.0
-20.0,-9.0,7.0,2.0,-15.0,-24.0,-850.0,-19.0
-21.0,-8.0,9.0,3.0,-15.0,-24.0,-1017.0,-19.0
-21.0,-9.0,7.0,2.0,-17.0,-25.0,-914.0,-20.0
-20.0,-10.0,7.0,2.0,-16.0,-25.0,-977.0,-20.0
-20.0,-10.0,7.0,1.0,-16.0,-25.0,-1037.0,-21.0
-20.0,-10.0,6.0,1.0,-16.0,-26.0,-997.0,-21.0
-19.0,-11.0,4.0,0.0,-16.0,-26.0,-881.0,-21.0
-19.0,-10.0,6.0,1.0,-14.0,-25.0,-999.0,-20.0
-20.0,-10.0,6.0,1.0,-15.0,-25.0,-1000.0,-20.0
-20.0,-10.0,7.0,2.0,-15.0,-25.0,-962.0,-20.0
-20.0,-10.0,7.0,2.0,-15.0,-24.0,-950.0,-19.0
-21.0,-8.0,9.0,4.0,-15.0,-23.0,-1076.0,-18.0
-20.0,-9.0,7.0,2.0,-17.0,-25.0,-1037.0,-20.0
-20.0,-9.0,7.0,1.0,-16.0,-25.0,-1048.0,-20.0
-20.0,-9.0,6.0,1.0,-16.0,-25.0,-1063.0,-21.0
-20.0,-10.0,6.0,0.0,-16.0,-25.0,-1025.0,-21.0
-19.0,-11.0,5.0,0.0,-16.0,-26.0,-916.0,-21.0
-19.0,-10.0,6.0,1.0,-14.0,-25.0,-1050.0,-19.0
-19.0,-10.0,6.0,1.0,-15.0,-25.0,-1071.0,-20.0
-19.0,-10.0,7.0,1.0,-15.0,-25.0,-1069.0,-20.0
-20.0,-9.0,7.0,2.0,-15.0,-24.0,-1098.0,-19.0
-21.0,-8.0,8.0,3.0,-16.0,-24.0,-1185.0,-18.0
-21.0,-8.0,7.0,2.0,-17.0,-25.0,-1053.0,-20.0
-20.0,-9.0,7.0,1.0,-16.0,-25.0,-1055.0,-20.0
-20.0,-10.0,6.0,1.0,-16.0,-24.0,-1094.0,-20.0
-19.0,-10.0,6.0,1.0,-17.0,-25.0,-1068.0,-20.0
-18.0,-11.0,4.0,0.0,-16.0,-26.0,-915.0,-21.0
-19.0,-10.0,6.0,1.0,-14.0,-25.0,-1064.0,-20.0
-19.0,-9.0,6.0,1.0,-15.0,-25.0,-1110.0,-20.0
-20.0,-10.0,6.0,1.0,-15.0,-24.0,-1094.0,-19.0
-20.0,-9.0,7.0,2.0,-15.0,-24.0,-1115.0,-19.0
-21.0,-7.0,9.0,4.0,-15.0,-23.0,-1223.0,-18.0
-21.0,-8.0,7.0,2.0,-16.0,-25.0,-1091.0,-20.0
-20.0,-9.0,6.0,1.0,-16.0,-25.0,-1066.0,-20.0
-20.0,-9.0,6.0,1.0,-16.0,-25.0,-1046.0,-20.0
-20.0,-10.0,5.0,0.0,-16.0,-26.0,-1013.0,-21.0
-18.0,-11.0,4.0,0.0,-16.0,-26.0,-898.0,-21.0
-19.0,-10.0,6.0,0.0,-14.0,-25.0,-1024.0,-19.0
-19.0,-9.0,7.0,1.0,-15.0,-24.0,-1045.0,-19.0
-18.0,-8.0,10.0,2.0,-13.0,-21.0,-1015.0,-17.0
-17.0,-7.0,12.0,3.0,-12.0,-19.0,-1017.0,-16.0
-18.0,-5.0,14.0,5.0,-12.0,-18.0,-1076.0,-15.0
-16.0,-5.0,15.0,4.0,-12.0,-17.0,-910.0,-15.0
-14.0,-5.0,16.0,4.0,-10.0,-15.0,-865.0,-13.0
-12.0,-7.0,17.0,3.0,-9.0,-14.0,-891.0,-13.0
-11.0,-9.0,16.0,2.0,-10.0,-14.0,-873.0,-12.0
-10.0,-10.0,15.0,1.0,-9.0,-15.0,-741.0,-13.0
-10.0,-9.0,17.0,3.0,-8.0,-14.0,-869.0,-11.0
-9.0,-7.0,20.0,4.0,-7.0,-11.0,-928.0,-9.0
-8.0,-7.0,21.0,5.0,-6.0,-9.0,-873.0,-8.0
-8.0,-6.0,22.0,5.0,-6.0,-9.0,-888.0,-8.0
-9.0,-6.0,24.0,7.0,-5.0,-7.0,-998.0,-6.0
-7.0,-8.0,24.0,5.0,-6.0,-7.0,-893.0,-7.0
-6.0,-7.0,24.0,5.0,-5.0,-7.0,-872.0,-7.0
-5.0,-5.0,25.0,5.0,-4.0,-5.0,-915.0,-6.0
-5.0,-6.0,26.0,5.0,-4.0,-5.0,-905.0,-6.0
-2.0,-9.0,25.0,4.0,-3.0,-5.0,-759.0,-6.0
-2.0,-9.0,27.0,5.0,-1.0,-3.0,-872.0,-4.0
-1.0,-7.0,29.0,6.0,-2.0,-2.0,-891.0,-3.0
0.0,-5.0,33.0,7.0,0.0,1.0,-812.0,0.0
2.0,-3.0,38.0,9.0,2.0,6.0,-815.0,3.0
4.0,0.0,43.0,11.0,4.0,11.0,-911.0,6.0
6.0,0.0,45.0,10.0,4.0,13.0,-804.0,6.0
8.0,0.0,47.0,10.0,5.0,15.0,-747.0,8.0
11.0,1.0,51.0,12.0,7.0,18.0,-587.0,10.0
14.0,3.0,55.0,12.0,10.0,22.0,-95.0,13.0
18.0,4.0,58.0,12.0,12.0,25.0,159.0,15.0
20.0,6.0,63.0,14.0,16.0,31.0,15.0,19.0
23.0,6.0,67.0,15.0,17.0,35.0,-61.0,22.0
25.0,6.0,70.0,16.0,19.0,38.0,-4.0,24.0
28.0,8.0,75.0,18.0,22.0,43.0,4.0,28.0
30.0,11.0,81.0,21.0,24.0,49.0,-151.0,32.0
33.0,13.0,84.0,20.0,24.0,51.0,-49.0,33.0
36.0,14.0,88.0,21.0,27.0,55.0,7.0,35.0
40.0,13.0,91.0,21.0,29.0,58.0,-75.0,38.0
43.0,13.0,94.0,21.0,31.0,61.0,-51.0,39.0
45.0,12.0,94.0,20.0,31.0,62.0,153.0,40.0
46.0,14.0,98.0,22.0,35.0,66.0,128.0,44.0
46.0,15.0,100.0,23.0,35.0,68.0,1.0,45.0
48.0,14.0,101.0,23.0,36.0,69.0,13.0,46.0
49.0,14.0,102.0,24.0,37.0,70.0,9.0,47.0
48.0,15.0,104.0,25.0,38.0,71.0,-163.0,48.0
50.0,15.0,105.0,25.0,37.0,72.0,-94.0,48.0
51.0,15.0,106.0,25.0,38.0,73.0,0.0,49.0
52.0,15.0,106.0,24.0,39.0,73.0,-37.0,49.0
52.0,14.0,105.0,24.0,38.0,72.0,-16.0,48.0
51.0,12.0,101.0,21.0,36.0,69.0,106.0,45.0
49.0,12.0,101.0,22.0,38.0,68.0,8.0,46.0
49.0,10.0,99.0,22.0,36.0,67.0,-82.0,46.0
47.0,9.0,97.0,21.0,35.0,65.0,11.0,44.0
46.0,8.0,95.0,21.0,35.0,63.0,268.0,43.0
43.0,9.0,95.0,22.0,33.0,62.0,200.0,42.0
42.0,7.0,91.0,21.0,30.0,59.0,236.0,39.0
41.0,6.0,88.0,20.0,30.0,56.0,329.0,37.0
40.0,3.0,85.0,18.0,29.0,53.0,353.0,36.0
38.0,1.0,82.0,17.0,27.0,49.0,433.0,33.0
36.0,1.0,77.0,15.0,24.0,45.0,601.0,29.0
33.0,0.0,74.0,15.0,25.0,43.0,520.0,29.0
32.0,-2.0,71.0,15.0,23.0,40.0,323.0,27.0
29.0,-4.0,68.0,14.0,21.0,36.0,311.0,25.0
27.0,-6.0,64.0,13.0,19.0,32.0,309.0,22.0
24.0,-9.0,62.0,14.0,18.0,30.0,211.0,22.0
22.0,-11.0,57.0,11.0,14.0,25.0,332.0,17.0
20.0,-13.0,52.0,10.0,13.0,21.0,462.0,14.0
17.0,-11.0,50.0,9.0,12.0,19.0,444.0,12.0
14.0,-9.0,47.0,9.0,9.0,15.0,451.0,10.0
13.0,-11.0,42.0,6.0,7.0,11.0,572.0,7.0
13.0,-12.0,42.0,7.0,9.0,11.0,501.0,7.0
10.0,-13.0,40.0,7.0,6.0,9.0,376.0,6.0
8.0,-12.0,39.0,7.0,5.0,8.0,390.0,5.0
6.0,-10.0,36.0,7.0,4.0,6.0,400.0,3.0
3.0,-10.0,36.0,8.0,3.0,4.0,266.0,3.0
2.0,-9.0,33.0,7.0,0.0,2.0,313.0,0.0
1.0,-10.0,31.0,6.0,0.0,0.0,432.0,-1.0
0.0,-11.0,28.0,5.0,-1.0,-2.0,393.0,-3.0
-1.0,-10.0,27.0,5.0,-2.0,-3.0,397.0,-4.0
-1.0,-10.0,24.0,3.0,-3.0,-6.0,510.0,-6.0
-3.0,-11.0,23.0,3.0,-2.0,-7.0,465.0,-6.0
-5.0,-11.0,21.0,3.0,-4.0,-8.0,300.0,-7.0
-6.0,-10.0,20.0,4.0,-5.0,-9.0,328.0,-8.0
-6.0,-12.0,19.0,4.0,-5.0,-10.0,324.0,-8.0
-9.0,-11.0,19.0,5.0,-6.0,-11.0,157.0,-8.0
-10.0,-10.0,17.0,4.0,-9.0,-13.0,192.0,-11.0
-12.0,-9.0,15.0,3.0,-9.0,-14.0,336.0,-12.0
-14.0,-9.0,11.0,2.0,-10.0,-17.0,321.0,-14.0
-15.0,-10.0,9.0,1.0,-12.0,-20.0,331.0,-16.0
-16.0,-10.0,6.0,0.0,-14.0,-22.0,483.0,-19.0
-17.0,-8.0,7.0,1.0,-12.0,-22.0,502.0,-18.0
-18.0,-8.0,7.0,2.0,-13.0,-21.0,394.0,-17.0
-18.0,-8.0,7.0,2.0,-13.0,-22.0,438.0,-17.0
-19.0,-8.0,6.0,1.0,-14.0,-23.0,481.0,-19.0
-21.0,-8.0,6.0,3.0,-14.0,-24.0,304.0,-19.0
-22.0,-8.0,5.0,2.0,-16.0,-25.0,253.0,-20.0
-20.0,-9.0,3.0,1.0,-17.0,-26.0,369.0,-21.0
-20.0,-9.0,4.0,1.0,-16.0,-26.0,357.0,-21.0
-21.0,-9.0,3.0,0.0,-16.0,-26.0,371.0,-21.0
-20.0,-10.0,2.0,0.0,-17.0,-27.0,499.0,-22.0
-19.0,-11.0,3.0,0.0,-15.0,-26.0,462.0,-21.0
-20.0,-9.0,3.0,0.0,-15.0,-25.0,294.0,-20.0
-20.0,-9.0,3.0,0.0,-15.0,-25.0,281.0,-20.0
-20.0,-9.0,4.0,1.0,-15.0,-25.0,283.0,-20.0
-21.0,-8.0,5.0,2.0,-15.0,-24.0,179.0,-19.0
-22.0,-8.0,5.0,2.0,-17.0,-25.0,218.0,-20.0
-21.0,-9.0,4.0,1.0,-16.0,-25.0,364.0,-21.0
-20.0,-9.0,3.0,0.0,-16.0,-26.0,323.0,-21.0
-20.0,-9.0,3.0,0.0,-16.0,-26.0,294.0,-21.0
-19.0,-10.0,2.0,0.0,-16.0,-27.0,408.0,-22.0
-19.0,-10.0,2.0,0.0,-14.0,-26.0,359.0,-20.0
-20.0,-10.0,3.0,0.0,-15.0,-25.0,173.0,-19.0
-20.0,-9.0,3.0,1.0,-16.0,-25.0,193.0,-20.0
-20.0,-9.0,4.0,1.0,-15.0,-25.0,185.0,-19.0
-21.0,-8.0,5.0,3.0,-14.0,-23.0,46.0,-18.0
-21.0,-8.0,4.0,2.0,-16.0,-24.0,59.0,-20.0
-21.0,-9.0,4.0,1.0,-16.0,-25.0,189.0,-20.0
-20.0,-9.0,3.0,1.0,-16.0,-25.0,148.0,-20.0
-20.0,-9.0,3.0,0.0,-16.0,-25.0,163.0,-20.0
-19.0,-10.0,2.0,0.0,-17.0,-27.0,276.0,-22.0
-19.0,-10.0,2.0,0.0,-15.0,-26.0,264.0,-20.0
-20.0,-10.0,3.0,0.0,-15.0,-25.0,115.0,-20.0
-20.0,-10.0,3.0,0.0,-15.0,-25.0,182.0,-20.0
-20.0,-10.0,4.0,1.0,-15.0,-25.0,221.0,-19.0
-21.0,-8.0,5.0,2.0,-14.0,-24.0,90.0,-18.0
-21.0,-8.0,5.0,2.0,-17.0,-24.0,83.0,-20.0
-20.0,-9.0,4.0,1.0,-17.0,-25.0,195.0,-20.0
-20.0,-9.0,3.0,1.0,-16.0,-25.0,169.0,-20.0
-20.0,-9.0,3.0,0.0,-16.0,-25.0,247.0,-20.0
-19.0,-10.0,2.0,0.0,-16.0,-27.0,392.0,-22.0
-19.0,-10.0,2.0,0.0,-14.0,-26.0,384.0,-21.0
-19.0,-9.0,3.0,1.0,-15.0,-25.0,200.0,-20.0
-20.0,-10.0,3.0,1.0,-15.0,-25.0,201.0,-20.0
-20.0,-10.0,3.0,1.0,-15.0,-25.0,216.0,-20.0
-20.0,-8.0,5.0,2.0,-14.0,-24.0,96.0,-18.0
-20.0,-8.0,5.0,2.0,-16.0,-24.0,58.0,-20.0
-20.0,-9.0,4.0,1.0,-16.0,-25.0,218.0,-20.0
-20.0,-9.0,4.0,1.0,-16.0,-25.0,218.0,-20.0
-20.0,-9.0,4.0,0.0,-16.0,-25.0,239.0,-20.0
-19.0,-10.0,2.0,0.0,-17.0,-27.0,345.0,-22.0
-19.0,-10.0,2.0,0.0,-14.0,-26.0,376.0,-20.0
-19.0,-10.0,3.0,0.0,-14.0,-25.0,254.0,-19.0
-20.0,-10.0,3.0,0.0,-15.0,-25.0,290.0,-19.0
-20.0,-9.0,4.0,1.0,-14.0,-24.0,276.0,-19.0
-20.0,-8.0,5.0,3.0,-14.0,-23.0,142.0,-18.0
-21.0,-8.0,5.0,2.0,-16.0,-24.0,27.0,-19.0
-20.0,-9.0,4.0,1.0,-16.0,-25.0,119.0,-20.0
-20.0,-9.0,4.0,1.0,-16.0,-25.0,44.0,-20.0
-19.0,-9.0,3.0,1.0,-16.0,-25.0,53.0,-20.0
-18.0,-10.0,2.0,0.0,-16.0,-26.0,89.0,-21.0
-18.0,-10.0,2.0,0.0,-14.0,-26.0,86.0,-20.0
-19.0,-10.0,3.0,1.0,-15.0,-25.0,-32.0,-19.0
-19.0,-9.0,3.0,1.0,-15.0,-25.0,14.0,-19.0
-19.0,-9.0,4.0,0.0,-15.0,-25.0,-11.0,-19.0
-20.0,-8.0,5.0,2.0,-14.0,-23.0,-173.0,-18.0
-21.0,-8.0,4.0,2.0,-16.0,-24.0,-199.0,-19.0
-20.0,-9.0,3.0,1.0,-16.0,-25.0,4.0,-20.0
-19.0,-9.0,4.0,1.0,-15.0,-25.0,13.0,-20.0
-20.0,-9.0,3.0,0.0,-15.0,-25.0,25.0,-20.0
-18.0,-10.0,2.0,0.0,-16.0,-26.0,139.0,-21.0
-18.0,-10.0,2.0,0.0,-14.0,-26.0,170.0,-20.0
-19.0,-9.0,3.0,0.0,-14.0,-25.0,69.0,-19.0
-19.0,-9.0,3.0,1.0,-15.0,-24.0,160.0,-19.0
-19.0,-9.0,3.0,1.0,-15.0,-24.0,176.0,-19.0
-20.0,-8.0,5.0,2.0,-14.0,-23.0,75.0,-18.0
-20.0,-8.0,5.0,2.0,-16.0,-24.0,37.0,-19.0
-19.0,-8.0,3.0,1.0,-16.0,-25.0,216.0,-20.0
-19.0,-9.0,4.0,1.0,-15.0,-24.0,205.0,-19.0
-19.0,-9.0,4.0,1.0,-15.0,-24.0,210.0,-20.0
-19.0,-9.0,2.0,0.0,-16.0,-26.0,288.0,-21.0
-18.0,-10.0,2.0,0.0,-14.0,-25.0,341.0,-20.0
-19.0,-10.0,3.0,0.0,-14.0,-24.0,189.0,-19.0
-19.0,-9.0,3.0,0.0,-15.0,-24.0,191.0,-19.0
-19.0,-9.0,3.0,1.0,-14.0,-24.0,188.0,-19.0
-20.0,-8.0,5.0,2.0,-14.0,-23.0,85.0,-18.0
-21.0,-7.0,5.0,2.0,-16.0,-23.0,40.0,-19.0
-19.0,-8.0,4.0,1.0,-17.0,-24.0,171.0,-20.0
-19.0,-9.0,3.0,1.0,-15.0,-24.0,125.0,-19.0
-19.0,-9.0,3.0,1.0,-15.0,-24.0,126.0,-20.0
-18.0,-10.0,2.0,0.0,-16.0,-26.0,219.0,-21.0
-18.0,-10.0,2.0,0.0,-14.0,-26.0,281.0,-20.0
-18.0,-10.0,3.0,1.0,-14.0,-24.0,117.0,-19.0
-19.0,-9.0,3.0,0.0,-14.0,-24.0,135.0,-19.0
-19.0,-9.0,3.0,1.0,-14.0,-24.0,132.0,-18.0
-20.0,-8.0,5.0,2.0,-14.0,-23.0,-33.0,-17.0
-20.0,-7.0,5.0,2.0,-15.0,-23.0,-164.0,-18.0
-20.0,-8.0,4.0,1.0,-16.0,-24.0,-8.0,-19.0
-19.0,-9.0,3.0,0.0,-15.0,-24.0,-38.0,-19.0
-19.0,-9.0,3.0,1.0,-15.0,-24.0,-41.0,-19.0
-19.0,-8.0,5.0,2.0,-14.0,-23.0,-112.0,-18.0
-21.0,-7.0,5.0,2.0,-15.0,-23.0,-188.0,-18.0
-20.0,-8.0,4.0,1.0,-16.0,-24.0,-28.0,-20.0
-19.0,-9.0,3.0,1.0,-15.0,-24.0,-49.0,-19.0
-19.0,-9.0,3.0,0.0,-15.0,-24.0,-59.0,-20.0
-19.0,-10.0,2.0,0.0,-16.0,-25.0,19.0,-21.0
-18.0,-11.0,2.0,0.0,-14.0,-25.0,104.0,-20.0
-17.0,-9.0,5.0,1.0,-13.0,-22.0,-88.0,-17.0
-15.0,-7.0,9.0,2.0,-11.0,-18.0,-135.0,-14.0
-13.0,-5.0,12.0,3.0,-10.0,-15.0,-151.0,-13.0
-13.0,-4.0,15.0,4.0,-8.0,-12.0,-246.0,-10.0
-10.0,-3.0,19.0,6.0,-7.0,-9.0,-311.0,-8.0
-6.0,-5.0,21.0,5.0,-5.0,-6.0,-42.0,-6.0
-3.0,-6.0,24.0,5.0,-2.0,-3.0,2.0,-4.0
-1.0,-6.0,26.0,5.0,-1.0,-1.0,-50.0,-3.0
1.0,-7.0,28.0,5.0,0.0,0.0,-11.0,-1.0
3.0,-9.0,29.0,4.0,1.0,1.0,83.0,0.0
3.0,-6.0,32.0,6.0,3.0,4.0,-55.0,2.0
3.0,-4.0,33.0,6.0,2.0,5.0,-37.0,2.0
4.0,-5.0,34.0,7.0,3.0,6.0,-21.0,3.0
4.0,-5.0,36.0,8.0,4.0,8.0,-88.0,5.0
4.0,-4.0,37.0,9.0,3.0,8.0,-178.0,5.0
4.0,-5.0,35.0,7.0,2.0,7.0,1.0,3.0
5.0,-6.0,35.0,7.0,3.0,7.0,-8.0,3.0
5.0,-6.0,34.0,7.0,3.0,6.0,-45.0,3.0
6.0,-10.0,32.0,6.0,2.0,4.0,19.0,1.0
6.0,-12.0,31.0,4.0,3.0,3.0,122.0,1.0
6.0,-11.0,32.0,5.0,4.0,4.0,-12.0,2.0
5.0,-10.0,32.0,6.0,3.0,4.0,100.0,2.0
3.0,-9.0,31.0,6.0,2.0,3.0,171.0,1.0
1.0,-7.0,32.0,7.0,2.0,3.0,66.0,2.0
1.0,-6.0,32.0,8.0,1.0,3.0,-70.0,2.0
1.0,-7.0,30.0,6.0,0.0,2.0,92.0,0.0
0.0,-9.0,27.0,5.0,0.0,0.0,96.0,-1.0
0.0,-10.0,26.0,5.0,0.0,-1.0,146.0,-2.0
0.0,-10.0,24.0,3.0,-1.0,-3.0,237.0,-3.0
-1.0,-12.0,20.0,2.0,-2.0,-5.0,374.0,-5.0
-2.0,-11.0,21.0,3.0,-1.0,-5.0,170.0,-5.0
-4.0,-10.0,20.0,3.0,-3.0,-7.0,143.0,-6.0
-5.0,-9.0,18.0,3.0,-4.0,-8.0,141.0,-7.0
-8.0,-9.0,17.0,4.0,-5.0,-10.0,31.0,-8.0
-10.0,-8.0,17.0,4.0,-7.0,-11.0,-151.0,-9.0
-11.0,-8.0,14.0,3.0,-9.0,-13.0,70.0,-11.0
-11.0,-8.0,12.0,3.0,-9.0,-15.0,42.0,-12.0
-13.0,-9.0,9.0,2.0,-11.0,-18.0,-49.0,-15.0
-15.0,-8.0,6.0,0.0,-14.0,-21.0,-15.0,-17.0
-16.0,-9.0,4.0,0.0,-13.0,-23.0,91.0,-19.0
-18.0,-9.0,3.0,0.0,-13.0,-24.0,-76.0,-18.0
-19.0,-9.0,3.0,0.0,-14.0,-24.0,-89.0,-19.0
-19.0,-9.0,3.0,1.0,-14.0,-24.0,-66.0,-18.0
-19.0,-8.0,4.0,1.0,-14.0,-23.0,-127.0,-17.0
-20.0,-7.0,5.0,3.0,-14.0,-22.0,-247.0,-17.0
-20.0,-8.0,3.0,1.0,-15.0,-24.0,-73.0,-19.0
-19.0,-8.0,3.0,1.0,-15.0,-24.0,-57.0,-19.0
-19.0,-8.0,3.0,0.0,-15.0,-24.0,-83.0,-19.0
-19.0,-9.0,2.0,0.0,-15.0,-25.0,-49.0,-20.0
-18.0,-10.0,1.0,-1.0,-15.0,-25.0,80.0,-20.0
-18.0,-9.0,2.0,0.0,-13.0,-24.0,-65.0,-18.0
-18.0,-9.0,3.0,0.0,-14.0,-24.0,-87.0,-18.0
-18.0,-9.0,3.0,1.0,-14.0,-24.0,-57.0,-18.0
-19.0,-8.0,4.0,2.0,-14.0,-23.0,-86.0,-18.0
-20.0,-7.0,5.0,2.0,-14.0,-22.0,-231.0,-17.0
-19.0,-8.0,3.0,1.0,-16.0,-24.0,-114.0,-19.0
-19.0,-8.0,3.0,0.0,-15.0,-24.0,-111.0,-19.0
-19.0,-9.0,2.0,0.0,-14.0,-24.0,-139.0,-19.0
-18.0,-9.0,2.0,0.0,-15.0,-24.0,-84.0,-20.0
-17.0,-10.0,0.0,-1.0,-14.0,-25.0,53.0,-20.0
-18.0,-9.0,2.0,0.0,-13.0,-23.0,-100.0,-18.0
-18.0,-9.0,3.0,0.0,-14.0,-24.0,-116.0,-19.0
-19.0,-8.0,3.0,1.0,-14.0,-23.0,-96.0,-18.0
-19.0,-8.0,4.0,2.0,-14.0,-23.0,-166.0,-17.0
-20.0,-7.0,5.0,3.0,-14.0,-22.0,-300.0,-17.0
-19.0,-8.0,3.0,1.0,-16.0,-23.0,-102.0,-19.0
-19.0,-8.0,3.0,1.0,-14.0,-23.0,-95.0,-19.0
-19.0,-8.0,2.0,0.0,-15.0,-23.0,-132.0,-19.0
-18.0,-9.0,2.0,0.0,-15.0,-24.0,-100.0,-20.0
-17.0,-10.0,1.0,-1.0,-14.0,-25.0,63.0,-20.0
-18.0,-9.0,2.0,0.0,-13.0,-23.0,-66.0,-18.0
-18.0,-9.0,2.0,0.0,-14.0,-23.0,-73.0,-19.0
-18.0,-8.0,2.0,1.0,-14.0,-23.0,-37.0,-18.0
-19.0,-8.0,3.0,2.0,-13.0,-23.0,-91.0,-17.0
-20.0,-7.0,4.0,3.0,-14.0,-22.0,-233.0,-17.0
-19.0,-7.0,3.0,1.0,-16.0,-23.0,-84.0,-19.0
-21.0,-8.0,5.0,1.0,-16.0,-26.0,-40.0,-21.0
-26.0,-11.0,13.0,2.0,-20.0,-34.0,-68.0,-26.0
-30.0,-15.0,19.0,4.0,-25.0,-42.0,-31.0,-32.0
-35.0,-18.0,25.0,4.0,-28.0,-49.0,105.0,-37.0
-39.0,-16.0,32.0,7.0,-29.0,-52.0,-17.0,-39.0
-39.0,-8.0,27.0,5.0,-29.0,-47.0,-34.0,-36.0
-33.0,0.0,16.0,2.0,-24.0,-36.0,-4.0,-29.0
-23.0,12.0,-3.0,-2.0,-14.0,-15.0,-34.0,-16.0
-6.0,39.0,-36.0,-10.0,0.0,19.0,-157.0,6.0
17.0,63.0,-78.0,-23.0,16.0,58.0,6.0,29.0
43.0,84.0,-121.0,-35.0,37.0,99.0,98.0,56.0
68.0,106.0,-164.0,-46.0,57.0,140.0,101.0,84.0
95.0,127.0,-207.0,-58.0,77.0,181.0,158.0,111.0
121.0,148.0,-250.0,-70.0,98.0,222.0,336.0,138.0
147.0,168.0,-290.0,-79.0,119.0,264.0,263.0,167.0
172.0,183.0,-328.0,-88.0,138.0,302.0,256.0,193.0
197.0,188.0,-361.0,-95.0,157.0,335.0,322.0,216.0
218.0,188.0,-385.0,-99.0,173.0,360.0,309.0,236.0
233.0,191.0,-405.0,-102.0,185.0,381.0,174.0,252.0
244.0,194.0,-421.0,-107.0,191.0,394.0,317.0,260.0
251.0,188.0,-425.0,-108.0,195.0,398.0,368.0,264.0
254.0,176.0,-422.0,-106.0,197.0,395.0,384.0,263.0
251.0,167.0,-414.0,-103.0,193.0,386.0,449.0,257.0
243.0,157.0,-401.0,-101.0,186.0,370.0,563.0,247.0
231.0,147.0,-380.0,-94.0,179.0,352.0,407.0,237.0
217.0,135.0,-356.0,-87.0,167.0,329.0,343.0,222.0
200.0,116.0,-325.0,-79.0,153.0,299.0,346.0,202.0
177.0,96.0,-287.0,-68.0,136.0,263.0,281.0,178.0
152.0,75.0,-244.0,-56.0,116.0,223.0,141.0,153.0
126.0,50.0,-201.0,-46.0,94.0,178.0,267.0,123.0
101.0,21.0,-155.0,-33.0,74.0,133.0,293.0,94.0
75.0,-1.0,-113.0,-22.0,54.0,91.0,201.0,65.0
50.0,-19.0,-73.0,-13.0,34.0,51.0,167.0,38.0
24.0,-39.0,-33.0,-5.0,13.0,9.0,219.0,10.0
-3.0,-55.0,-1.0,0.0,-6.0,-30.0,58.0,-15.0
-32.0,-77.0,6.0,1.0,-29.0,-76.0,-31.0,-46.0
-58.0,-92.0,7.0,1.0,-49.0,-114.0,-52.0,-72.0
-76.0,-81.0,8.0,2.0,-60.0,-128.0,-85.0,-83.0
-80.0,-63.0,10.0,4.0,-62.0,-122.0,-234.0,-82.0
-70.0,-53.0,8.0,3.0,-56.0,-107.0,-115.0,-74.0
-55.0,-40.0,7.0,2.0,-43.0,-83.0,-55.0,-58.0
-42.0,-29.0,7.0,2.0,-33.0,-61.0,-68.0,-44.0
-30.0,-21.0,6.0,1.0,-24.0,-43.0,-114.0,-32.0
-21.0,-14.0,5.0,0.0,-18.0,-32.0,-52.0,-24.0
-20.0,-11.0,6.0,1.0,-14.0,-27.0,-48.0,-20.0
-20.0,-10.0,7.0,1.0,-15.0,-26.0,58.0,-20.0
-20.0,-10.0,7.0,1.0,-15.0,-26.0,194.0,-20.0
-20.0,-9.0,7.0,2.0,-15.0,-26.0,184.0,-19.0
-21.0,-8.0,9.0,4.0,-15.0,-25.0,31.0,-19.0
-21.0,-9.0,8.0,2.0,-17.0,-26.0,121.0,-21.0
-20.0,-9.0,7.0,2.0,-16.0,-26.0,160.0,-21.0
-20.0,-10.0,7.0,2.0,-16.0,-26.0,21.0,-21.0
-20.0,-10.0,7.0,1.0,-16.0,-27.0,-30.0,-21.0
-19.0,-11.0,5.0,0.0,-16.0,-28.0,195.0,-22.0
-19.0,-11.0,6.0,1.0,-14.0,-27.0,80.0,-20.0
-20.0,-10.0,7.0,1.0,-15.0,-26.0,1.0,-20.0
-20.0,-10.0,7.0,2.0,-15.0,-26.0,103.0,-20.0
-21.0,-10.0,7.0,2.0,-15.0,-26.0,103.0,-20.0
-22.0,-8.0,8.0,3.0,-15.0,-25.0,-54.0,-19.0
-21.0,-9.0,7.0,2.0,-17.0,-26.0,62.0,-21.0
-21.0,-10.0,7.0,2.0,-16.0,-26.0,144.0,-21.0
-20.0,-10.0,7.0,1.0,-16.0,-26.0,98.0,-21.0
-20.0,-10.0,6.0,1.0,-16.0,-27.0,134.0,-21.0
-18.0,-11.0,5.0,0.0,-16.0,-28.0,275.0,-22.0
-19.0,-11.0,6.0,1.0,-14.0,-26.0,204.0,-20.0
-20.0,-11.0,7.0,2.0,-15.0,-26.0,138.0,-20.0
-20.0,-10.0,7.0,2.0,-15.0,-26.0,178.0,-20.0
-20.0,-9.0,7.0,2.0,-15.0,-26.0,138.0,-19.0
-21.0,-8.0,9.0,3.0,-15.0,-24.0,-50.0,-18.0
-21.0,-9.0,8.0,2.0,-16.0,-26.0,37.0,-20.0
-20.0,-9.0,7.0,2.0,-16.0,-26.0,144.0,-21.0
-20.0,-9.0,7.0,1.0,-16.0,-26.0,129.0,-21.0
-20.0,-10.0,7.0,1.0,-16.0,-26.0,150.0,-21.0
-19.0,-11.0,5.0,0.0,-16.0,-28.0,284.0,-22.0
-19.0,-11.0,6.0,0.0,-15.0,-26.0,199.0,-20.0
-20.0,-10.0,6.0,1.0,-15.0,-26.0,119.0,-20.0
-20.0,-10.0,7.0,2.0,-15.0,-26.0,166.0,-20.0
-20.0,-9.0,7.0,2.0,-15.0,-25.0,157.0,-19.0
-21.0,-8.0,9.0,4.0,-15.0,-24.0,-44.0,-18.0
-21.0,-8.0,8.0,2.0,-17.0,-25.0,0.0,-20.0
-20.0,-9.0,7.0,2.0,-16.0,-26.0,124.0,-20.0
-20.0,-9.0,7.0,1.0,-16.0,-26.0,129.0,-21.0
-20.0,-10.0,6.0,1.0,-16.0,-26.0,158.0,-21.0
-18.0,-11.0,5.0,0.0,-16.0,-27.0,306.0,-21.0
-17.0,-9.0,9.0,1.0,-12.0,-23.0,237.0,-18.0
-17.0,-8.0,11.0,2.0,-13.0,-22.0,90.0,-17.0
-16.0,-8.0,12.0,3.0,-13.0,-21.0,68.0,-16.0
-15.0,-6.0,15.0,4.0,-11.0,-18.0,88.0,-14.0
-15.0,-5.0,18.0,5.0,-10.0,-15.0,-27.0,-12.0
-13.0,-7.0,18.0,4.0,-11.0,-15.0,56.0,-12.0
-12.0,-8.0,17.0,4.0,-10.0,-15.0,177.0,-12.0
-12.0,-8.0,17.0,4.0,-9.0,-15.0,140.0,-13.0
-11.0,-8.0,18.0,4.0,-9.0,-15.0,168.0,-12.0
-8.0,-8.0,19.0,2.0,-8.0,-14.0,308.0,-12.0
-8.0,-8.0,21.0,4.0,-6.0,-11.0,260.0,-10.0
-8.0,-7.0,21.0,5.0,-6.0,-11.0,154.0,-9.0
-7.0,-8.0,22.0,5.0,-6.0,-10.0,164.0,-8.0
-6.0,-9.0,24.0,5.0,-4.0,-9.0,150.0,-7.0
-7.0,-6.0,26.0,7.0,-4.0,-6.0,10.0,-5.0
-7.0,-4.0,27.0,6.0,-6.0,-6.0,49.0,-6.0
-5.0,-6.0,27.0,6.0,-4.0,-6.0,152.0,-6.0
-3.0,-7.0,28.0,6.0,-3.0,-5.0,132.0,-5.0
-3.0,-7.0,27.0,5.0,-3.0,-5.0,163.0,-6.0
-1.0,-8.0,28.0,4.0,-3.0,-5.0,307.0,-5.0
1.0,-6.0,33.0,6.0,1.0,0.0,255.0,0.0
3.0,-4.0,38.0,8.0,3.0,5.0,139.0,2.0
5.0,-2.0,42.0,10.0,4.0,9.0,168.0,5.0
7.0,0.0,45.0,11.0,6.0,12.0,166.0,7.0
7.0,1.0,50.0,13.0,7.0,15.0,6.0,10.0
10.0,3.0,52.0,13.0,7.0,18.0,29.0,10.0
14.0,4.0,56.0,13.0,10.0,22.0,117.0,13.0
17.0,6.0,61.0,14.0,13.0,27.0,81.0,16.0
20.0,7.0,65.0,15.0,14.0,30.0,94.0,18.0
24.0,5.0,66.0,13.0,16.0,32.0,245.0,20.0
26.0,5.0,70.0,15.0,20.0,37.0,175.0,24.0
29.0,8.0,75.0,17.0,22.0,42.0,78.0,27.0
31.0,10.0,80.0,18.0,24.0,46.0,127.0,30.0
34.0,12.0,85.0,20.0,26.0,51.0,112.0,34.0
36.0,15.0,91.0,23.0,29.0,56.0,-1.0,37.0
38.0,14.0,93.0,22.0,29.0,58.0,45.0,38.0
42.0,13.0,95.0,22.0,31.0,60.0,168.0,40.0
43.0,14.0,97.0,22.0,32.0,62.0,116.0,42.0
45.0,15.0,99.0,23.0,33.0,65.0,120.0,43.0
47.0,14.0,99.0,21.0,34.0,65.0,258.0,43.0
49.0,12.0,100.0,22.0,37.0,67.0,241.0,45.0
49.0,12.0,101.0,23.0,37.0,67.0,109.0,46.0
49.0,13.0,103.0,23.0,37.0,68.0,151.0,47.0
51.0,14.0,105.0,24.0,38.0,71.0,235.0,49.0
50.0,15.0,108.0,26.0,39.0,73.0,163.0,50.0
50.0,16.0,107.0,25.0,37.0,72.0,232.0,49.0
50.0,15.0,105.0,24.0,37.0,71.0,341.0,48.0
49.0,13.0,102.0,23.0,37.0,69.0,271.0,46.0
49.0,12.0,101.0,22.0,36.0,67.0,282.0,45.0
49.0,9.0,97.0,20.0,35.0,64.0,415.0,43.0
47.0,8.0,96.0,20.0,35.0,63.0,383.0,43.0
45.0,7.0,95.0,21.0,34.0,61.0,281.0,42.0
43.0,7.0,92.0,21.0,32.0,58.0,374.0,40.0
42.0,6.0,90.0,20.0,31.0,56.0,286.0,39.0
39.0,7.0,90.0,21.0,30.0,56.0,84.0,39.0
37.0,4.0,86.0,20.0,27.0,52.0,115.0,35.0
36.0,2.0,82.0,18.0,26.0,48.0,240.0,32.0
33.0,2.0,78.0,17.0,24.0,45.0,147.0,30.0
32.0,0.0,74.0,16.0,23.0,41.0,129.0,28.0
32.0,-4.0,69.0,13.0,21.0,36.0,277.0,24.0
29.0,-6.0,66.0,12.0,21.0,33.0,332.0,23.0
26.0,-8.0,63.0,12.0,19.0,30.0,259.0,22.0
24.0,-11.0,59.0,11.0,17.0,26.0,361.0,19.0
22.0,-13.0,56.0,11.0,15.0,22.0,360.0,17.0
18.0,-12.0,54.0,12.0,14.0,20.0,272.0,16.0
15.0,-9.0,51.0,11.0,10.0,18.0,300.0,13.0
13.0,-9.0,47.0,10.0,8.0,14.0,469.0,9.0
12.0,-10.0,45.0,9.0,8.0,12.0,459.0,8.0
10.0,-11.0,42.0,8.0,6.0,9.0,434.0,6.0
10.0,-13.0,38.0,5.0,4.0,5.0,556.0,3.0
9.0,-13.0,37.0,6.0,5.0,5.0,560.0,4.0
5.0,-11.0,35.0,6.0,3.0,3.0,402.0,2.0
4.0,-12.0,33.0,6.0,2.0,1.0,387.0,1.0
2.0,-10.0,32.0,6.0,1.0,0.0,370.0,0.0
0.0,-10.0,32.0,7.0,0.0,0.0,286.0,0.0
-2.0,-10.0,29.0,6.0,-2.0,-3.0,284.0,-2.0
-2.0,-10.0,27.0,5.0,-2.0,-5.0,423.0,-4.0
-3.0,-9.0,25.0,5.0,-3.0,-6.0,383.0,-5.0
-4.0,-11.0,23.0,4.0,-5.0,-8.0,396.0,-7.0
-5.0,-12.0,19.0,2.0,-6.0,-11.0,521.0,-9.0
-5.0,-12.0,19.0,2.0,-5.0,-12.0,535.0,-9.0
-7.0,-13.0,18.0,3.0,-6.0,-12.0,314.0,-9.0
-9.0,-13.0,17.0,3.0,-7.0,-14.0,187.0,-10.0
-10.0,-11.0,16.0,3.0,-8.0,-15.0,175.0,-10.0
-13.0,-9.0,16.0,5.0,-8.0,-15.0,157.0,-11.0
-16.0,-9.0,12.0,4.0,-11.0,-18.0,180.0,-14.0
-16.0,-10.0,10.0,2.0,-13.0,-21.0,340.0,-17.0
-17.0,-8.0,9.0,2.0,-14.0,-23.0,315.0,-18.0
-18.0,-8.0,8.0,2.0,-14.0,-23.0,330.0,-18.0
-17.0,-9.0,7.0,0.0,-14.0,-24.0,458.0,-19.0
-17.0,-9.0,6.0,0.0,-13.0,-24.0,493.0,-19.0
-20.0,-10.0,5.0,1.0,-15.0,-26.0,343.0,-19.0
-20.0,-10.0,4.0,1.0,-16.0,-27.0,371.0,-20.0
-20.0,-10.0,4.0,1.0,-15.0,-27.0,394.0,-20.0
-21.0,-9.0,5.0,2.0,-15.0,-26.0,281.0,-19.0
-22.0,-8.0,5.0,2.0,-17.0,-26.0,227.0,-20.0
-21.0,-9.0,4.0,1.0,-17.0,-27.0,381.0,-21.0
-21.0,-9.0,4.0,1.0,-16.0,-27.0,369.0,-21.0
-20.0,-9.0,3.0,0.0,-17.0,-27.0,366.0,-21.0
-20.0,-10.0,2.0,0.0,-17.0,-28.0,464.0,-22.0
-19.0,-11.0,2.0,0.0,-15.0,-28.0,508.0,-21.0
-20.0,-10.0,3.0,1.0,-15.0,-27.0,355.0,-20.0
-20.0,-10.0,3.0,1.0,-16.0,-27.0,420.0,-20.0
-20.0,-10.0,3.0,1.0,-16.0,-27.0,433.0,-20.0
-21.0,-8.0,5.0,2.0,-15.0,-26.0,289.0,-19.0
-22.0,-8.0,5.0,2.0,-17.0,-26.0,108.0,-20.0
-21.0,-9.0,4.0,1.0,-17.0,-27.0,223.0,-21.0
-21.0,-9.0,4.0,1.0,-16.0,-27.0,296.0,-21.0
-21.0,-10.0,4.0,1.0,-16.0,-27.0,368.0,-21.0
-20.0,-10.0,2.0,0.0,-17.0,-28.0,442.0,-22.0
-19.0,-11.0,2.0,0.0,-15.0,-27.0,470.0,-21.0
-20.0,-10.0,4.0,1.0,-15.0,-26.0,334.0,-20.0
-20.0,-10.0,4.0,1.0,-15.0,-27.0,381.0,-20.0
-20.0,-10.0,4.0,1.0,-15.0,-26.0,420.0,-20.0
-21.0,-9.0,5.0,2.0,-15.0,-25.0,336.0,-19.0
-22.0,-8.0,4.0,2.0,-16.0,-26.0,294.0,-20.0
-21.0,-9.0,3.0,1.0,-17.0,-27.0,478.0,-21.0
-20.0,-9.0,3.0,1.0,-16.0,-26.0,462.0,-21.0
-20.0,-9.0,3.0,1.0,-16.0,-27.0,461.0,-21.0
-20.0,-10.0,2.0,0.0,-17.0,-28.0,542.0,-22.0
-19.0,-11.0,2.0,0.0,-16.0,-28.0,597.0,-21.0
-20.0,-10.0,3.0,1.0,-15.0,-26.0,353.0,-20.0
-20.0,-9.0,3.0,1.0,-16.0,-26.0,287.0,-20.0
-20.0,-9.0,4.0,1.0,-15.0,-26.0,347.0,-20.0
-21.0,-8.0,5.0,2.0,-15.0,-25.0,313.0,-19.0
-22.0,-8.0,5.0,2.0,-16.0,-25.0,270.0,-20.0
-21.0,-9.0,4.0,1.0,-17.0,-26.0,423.0,-21.0
-20.0,-9.0,4.0,1.0,-16.0,-26.0,410.0,-21.0
-20.0,-9.0,3.0,1.0,-16.0,-26.0,412.0,-21.0
-19.0,-10.0,2.0,0.0,-17.0,-28.0,508.0,-22.0
-19.0,-11.0,2.0,0.0,-15.0,-27.0,573.0,-21.0
-20.0,-10.0,3.0,0.0,-14.0,-26.0,436.0,-20.0
-20.0,-9.0,3.0,1.0,-16.0,-26.0,496.0,-20.0
-20.0,-9.0,3.0,1.0,-15.0,-26.0,501.0,-20.0
-21.0,-8.0,5.0,2.0,-15.0,-25.0,397.0,-18.0
-21.0,-8.0,5.0,2.0,-16.0,-25.0,336.0,-19.0
-21.0,-9.0,4.0,1.0,-16.0,-27.0,587.0,-20.0
-20.0,-9.0,4.0,1.0,-16.0,-26.0,577.0,-20.0
-20.0,-9.0,3.0,1.0,-16.0,-26.0,434.0,-20.0
-19.0,-10.0,2.0,0.0,-17.0,-27.0,452.0,-22.0
-18.0,-11.0,2.0,0.0,-15.0,-27.0,532.0,-21.0
-20.0,-10.0,3.0,1.0,-15.0,-26.0,353.0,-20.0
-20.0,-9.0,3.0,1.0,-15.0,-26.0,330.0,-20.0
-20.0,-9.0,4.0,1.0,-15.0,-26.0,351.0,-19.0
-21.0,-8.0,5.0,2.0,-15.0,-25.0,271.0,-19.0
-21.0,-7.0,5.0,2.0,-16.0,-25.0,162.0,-19.0
-20.0,-9.0,4.0,1.0,-17.0,-26.0,332.0,-20.0
-20.0,-9.0,4.0,1.0,-16.0,-26.0,337.0,-20.0
-20.0,-9.0,4.0,1.0,-16.0,-26.0,337.0,-20.0
-19.0,-10.0,2.0,0.0,-17.0,-27.0,457.0,-21.0
-19.0,-10.0,2.0,0.0,-15.0,-27.0,644.0,-21.0
-20.0,-9.0,3.0,0.0,-14.0,-26.0,510.0,-20.0
-20.0,-9.0,3.0,0.0,-15.0,-26.0,487.0,-20.0
-20.0,-9.0,4.0,1.0,-15.0,-26.0,435.0,-19.0
-21.0,-8.0,5.0,2.0,-15.0,-25.0,314.0,-18.0
-21.0,-7.0,5.0,3.0,-16.0,-24.0,115.0,-19.0
-21.0,-8.0,4.0,1.0,-17.0,-26.0,258.0,-20.0
-20.0,-9.0,4.0,0.0,-16.0,-26.0,288.0,-20.0
-20.0,-9.0,3.0,0.0,-16.0,-26.0,294.0,-20.0
-19.0,-10.0,2.0,0.0,-17.0,-27.0,406.0,-21.0
-18.0,-11.0,2.0,0.0,-15.0,-27.0,572.0,-21.0
-19.0,-10.0,3.0,0.0,-14.0,-26.0,451.0,-19.0
-19.0,-9.0,3.0,0.0,-15.0,-26.0,453.0,-20.0
-20.0,-9.0,3.0,1.0,-15.0,-25.0,398.0,-20.0
-20.0,-8.0,5.0,2.0,-14.0,-25.0,266.0,-18.0
-21.0,-8.0,5.0,3.0,-16.0,-25.0,131.0,-19.0
-20.0,-8.0,4.0,1.0,-17.0,-26.0,317.0,-20.0
-20.0,-9.0,4.0,1.0,-16.0,-25.0,326.0,-20.0
-20.0,-9.0,3.0,0.0,-16.0,-26.0,352.0,-20.0
-19.0,-9.0,2.0,0.0,-16.0,-27.0,509.0,-21.0
-18.0,-11.0,2.0,0.0,-15.0,-27.0,719.0,-21.0
-19.0,-10.0,3.0,0.0,-14.0,-26.0,603.0,-19.0
-19.0,-9.0,3.0,1.0,-15.0,-26.0,619.0,-20.0
-20.0,-9.0,3.0,1.0,-15.0,-25.0,686.0,-19.0
-20.0,-8.0,5.0,2.0,-14.0,-24.0,641.0,-18.0
-21.0,-7.0,5.0,3.0,-15.0,-24.0,521.0,-18.0
-20.0,-8.0,4.0,1.0,-16.0,-26.0,688.0,-20.0
-20.0,-9.0,4.0,1.0,-15.0,-26.0,719.0,-20.0
-19.0,-9.0,4.0,1.0,-15.0,-26.0,643.0,-20.0
-19.0,-9.0,2.0,0.0,-17.0,-27.0,630.0,-21.0
-18.0,-10.0,2.0,0.0,-15.0,-27.0,721.0,-21.0
-18.0,-10.0,4.0,0.0,-14.0,-25.0,541.0,-19.0
-19.0,-9.0,3.0,0.0,-15.0,-26.0,581.0,-19.0
-20.0,-9.0,4.0,1.0,-15.0,-26.0,625.0,-19.0
-20.0,-8.0,5.0,2.0,-14.0,-24.0,524.0,-18.0
-21.0,-7.0,5.0,3.0,-15.0,-24.0,399.0,-18.0
-20.0,-8.0,4.0,1.0,-16.0,-25.0,436.0,-20.0
-20.0,-9.0,3.0,1.0,-15.0,-25.0,255.0,-20.0
-19.0,-9.0,3.0,1.0,-15.0,-26.0,214.0,-20.0
-19.0,-9.0,3.0,0.0,-16.0,-26.0,431.0,-21.0
-18.0,-11.0,1.0,0.0,-15.0,-27.0,621.0,-21.0
-19.0,-9.0,3.0,0.0,-14.0,-26.0,382.0,-19.0
-20.0,-9.0,3.0,1.0,-15.0,-25.0,317.0,-19.0
-20.0,-9.0,3.0,1.0,-15.0,-25.0,314.0,-19.0
-20.0,-9.0,4.0,2.0,-14.0,-24.0,270.0,-18.0
-21.0,-7.0,5.0,3.0,-15.0,-24.0,136.0,-18.0
-20.0,-8.0,4.0,1.0,-16.0,-25.0,288.0,-19.0
-20.0,-8.0,3.0,1.0,-15.0,-25.0,341.0,-19.0
-20.0,-9.0,3.0,1.0,-15.0,-25.0,290.0,-20.0
-19.0,-9.0,3.0,0.0,-16.0,-26.0,321.0,-21.0
-18.0,-10.0,2.0,0.0,-15.0,-26.0,478.0,-21.0
-19.0,-10.0,3.0,0.0,-14.0,-25.0,356.0,-19.0
-19.0,-9.0,3.0,0.0,-15.0,-25.0,363.0,-19.0
-19.0,-9.0,4.0,1.0,-14.0,-25.0,362.0,-19.0
-20.0,-8.0,4.0,2.0,-14.0,-24.0,358.0,-18.0
-21.0,-7.0,5.0,3.0,-15.0,-24.0,181.0,-18.0
-20.0,-8.0,4.0,1.0,-16.0,-25.0,302.0,-20.0
-19.0,-9.0,4.0,1.0,-15.0,-25.0,353.0,-19.0
-19.0,-9.0,3.0,1.0,-15.0,-25.0,297.0,-20.0
-19.0,-9.0,3.0,0.0,-15.0,-26.0,275.0,-20.0
-18.0,-10.0,2.0,0.0,-15.0,-26.0,448.0,-20.0
-19.0,-10.0,3.0,0.0,-14.0,-25.0,323.0,-19.0
-19.0,-9.0,3.0,0.0,-15.0,-25.0,282.0,-19.0
-19.0,-9.0,3.0,1.0,-15.0,-25.0,281.0,-19.0
-19.0,-9.0,4.0,2.0,-14.0,-24.0,223.0,-18.0
-20.0,-7.0,5.0,3.0,-15.0,-24.0,86.0,-18.0
-20.0,-8.0,4.0,1.0,-16.0,-25.0,268.0,-20.0
-19.0,-9.0,4.0,1.0,-16.0,-25.0,289.0,-19.0
-19.0,-9.0,3.0,0.0,-16.0,-25.0,274.0,-20.0
-19.0,-9.0,3.0,0.0,-16.0,-26.0,345.0,-20.0
-18.0,-11.0,1.0,0.0,-15.0,-26.0,531.0,-20.0
-18.0,-10.0,3.0,0.0,-14.0,-25.0,387.0,-19.0
-19.0,-9.0,3.0,0.0,-15.0,-25.0,164.0,-19.0
-19.0,-9.0,3.0,1.0,-14.0,-25.0,2.0,-19.0
-19.0,-8.0,4.0,1.0,-14.0,-24.0,3.0,-18.0
-21.0,-7.0,6.0,3.0,-15.0,-23.0,-64.0,-17.0
-20.0,-8.0,4.0,1.0,-16.0,-24.0,109.0,-19.0
-20.0,-8.0,4.0,1.0,-15.0,-25.0,169.0,-19.0
-19.0,-9.0,3.0,1.0,-15.0,-25.0,173.0,-19.0
-19.0,-9.0,2.0,0.0,-16.0,-25.0,155.0,-20.0
-18.0,-11.0,1.0,0.0,-15.0,-26.0,343.0,-20.0
-18.0,-10.0,3.0,0.0,-14.0,-25.0,245.0,-19.0
-19.0,-9.0,3.0,0.0,-14.0,-24.0,199.0,-19.0
-19.0,-9.0,3.0,0.0,-14.0,-24.0,131.0,-19.0
-19.0,-8.0,4.0,2.0,-14.0,-24.0,59.0,-18.0
-20.0,-7.0,6.0,3.0,-14.0,-23.0,-74.0,-17.0
-19.0,-8.0,4.0,1.0,-16.0,-25.0,37.0,-19.0
-19.0,-8.0,3.0,1.0,-15.0,-25.0,36.0,-19.0
-19.0,-8.0,3.0,0.0,-15.0,-25.0,-6.0,-20.0
-19.0,-9.0,3.0,0.0,-16.0,-25.0,19.0,-20.0
-18.0,-10.0,1.0,0.0,-15.0,-26.0,148.0,-21.0
-18.0,-9.0,3.0,0.0,-14.0,-25.0,24.0,-18.0
-18.0,-9.0,3.0,0.0,-15.0,-24.0,-15.0,-19.0
-19.0,-9.0,3.0,1.0,-14.0,-24.0,-1.0,-19.0
-19.0,-8.0,4.0,1.0,-14.0,-24.0,-54.0,-18.0
-21.0,-7.0,5.0,3.0,-14.0,-23.0,-164.0,-17.0
-20.0,-8.0,4.0,1.0,-16.0,-24.0,110.0,-19.0
-19.0,-8.0,4.0,1.0,-15.0,-24.0,266.0,-19.0
-19.0,-8.0,4.0,1.0,-15.0,-24.0,168.0,-19.0
-19.0,-9.0,3.0,0.0,-15.0,-25.0,56.0,-20.0
-18.0,-10.0,2.0,0.0,-15.0,-26.0,175.0,-20.0
-18.0,-9.0,3.0,0.0,-13.0,-25.0,56.0,-18.0
-19.0,-9.0,3.0,1.0,-14.0,-24.0,-15.0,-18.0
-18.0,-9.0,3.0,1.0,-14.0,-24.0,21.0,-18.0
-19.0,-8.0,4.0,1.0,-14.0,-24.0,-48.0,-18.0
-20.0,-7.0,5.0,3.0,-14.0,-22.0,-226.0,-17.0
-19.0,-8.0,4.0,1.0,-16.0,-24.0,-77.0,-19.0
-19.0,-8.0,4.0,1.0,-15.0,-24.0,41.0,-19.0
-19.0,-8.0,3.0,0.0,-15.0,-24.0,-11.0,-19.0
-18.0,-9.0,3.0,0.0,-15.0,-25.0,70.0,-19.0
-17.0,-10.0,2.0,0.0,-15.0,-26.0,279.0,-20.0
-18.0,-10.0,3.0,0.0,-13.0,-24.0,144.0,-18.0
-19.0,-9.0,3.0,0.0,-14.0,-24.0,75.0,-18.0
-19.0,-9.0,3.0,1.0,-14.0,-24.0,114.0,-18.0
-19.0,-8.0,4.0,1.0,-14.0,-23.0,111.0,-17.0
-20.0,-7.0,5.0,3.0,-14.0,-22.0,-8.0,-16.0
-20.0,-7.0,4.0,1.0,-16.0,-24.0,176.0,-18.0
-19.0,-8.0,3.0,1.0,-15.0,-24.0,260.0,-19.0
-19.0,-8.0,3.0,0.0,-15.0,-24.0,268.0,-19.0
-18.0,-9.0,3.0,0.0,-15.0,-24.0,400.0,-19.0
-17.0,-10.0,0.0,-1.0,-15.0,-26.0,563.0,-20.0
-17.0,-10.0,2.0,0.0,-13.0,-24.0,446.0,-18.0
-18.0,-9.0,3.0,0.0,-14.0,-24.0,369.0,-18.0
-19.0,-9.0,3.0,0.0,-14.0,-24.0,403.0,-18.0
-18.0,-8.0,4.0,1.0,-13.0,-23.0,362.0,-17.0
-20.0,-7.0,5.0,2.0,-14.0,-22.0,196.0,-16.0
-20.0,-7.0,4.0,1.0,-16.0,-24.0,329.0,-18.0
-19.0,-8.0,3.0,1.0,-14.0,-24.0,425.0,-18.0
-19.0,-8.0,3.0,1.0,-14.0,-24.0,409.0,-19.0
-18.0,-9.0,3.0,0.0,-15.0,-24.0,433.0,-19.0
-17.0,-10.0,1.0,0.0,-15.0,-25.0,547.0,-20.0
-18.0,-10.0,2.0,0.0,-13.0,-24.0,326.0,-18.0
-18.0,-9.0,3.0,0.0,-14.0,-24.0,95.0,-18.0
-18.0,-9.0,3.0,1.0,-14.0,-24.0,102.0,-18.0
-18.0,-8.0,3.0,1.0,-14.0,-23.0,134.0,-18.0
-20.0,-7.0,5.0,3.0,-13.0,-22.0,-79.0,-16.0
-19.0,-8.0,4.0,1.0,-15.0,-23.0,0.0,-18.0
-19.0,-8.0,3.0,1.0,-15.0,-24.0,70.0,-18.0
-19.0,-8.0,3.0,0.0,-15.0,-24.0,-28.0,-18.0
-18.0,-9.0,3.0,0.0,-15.0,-24.0,43.0,-19.0
-16.0,-10.0,2.0,0.0,-14.0,-25.0,372.0,-20.0
-15.0,-8.0,6.0,1.0,-11.0,-20.0,255.0,-15.0
-13.0,-5.0,10.0,2.0,-10.0,-16.0,152.0,-13.0
-12.0,-5.0,12.0,3.0,-9.0,-14.0,125.0,-11.0
-10.0,-4.0,16.0,4.0,-7.0,-11.0,33.0,-9.0
-8.0,-4.0,21.0,6.0,-4.0,-6.0,-205.0,-5.0
-4.0,-5.0,23.0,5.0,-3.0,-4.0,-103.0,-4.0
-2.0,-6.0,25.0,5.0,-1.0,-2.0,56.0,-3.0
0.0,-6.0,28.0,6.0,0.0,0.0,71.0,0.0
2.0,-7.0,30.0,5.0,1.0,2.0,143.0,0.0
4.0,-7.0,29.0,4.0,1.0,2.0,338.0,0.0
4.0,-4.0,32.0,6.0,3.0,4.0,346.0,2.0
4.0,-4.0,33.0,7.0,3.0,5.0,280.0,3.0
5.0,-5.0,35.0,7.0,4.0,7.0,296.0,4.0
6.0,-5.0,35.0,7.0,4.0,7.0,192.0,5.0
4.0,-4.0,36.0,9.0,4.0,8.0,84.0,6.0
5.0,-5.0,35.0,8.0,3.0,7.0,173.0,4.0
6.0,-5.0,35.0,7.0,3.0,7.0,83.0,4.0
6.0,-7.0,34.0,6.0,3.0,6.0,-96.0,3.0
6.0,-10.0,32.0,5.0,3.0,4.0,-125.0,2.0
7.0,-12.0,31.0,4.0,3.0,3.0,-38.0,1.0
7.0,-12.0,32.0,5.0,5.0,4.0,-106.0,3.0
5.0,-10.0,31.0,6.0,3.0,3.0,52.0,3.0
3.0,-8.0,31.0,6.0,2.0,3.0,294.0,1.0
3.0,-8.0,31.0,7.0,2.0,3.0,218.0,2.0
2.0,-6.0,32.0,8.0,2.0,4.0,-81.0,3.0
1.0,-7.0,29.0,6.0,0.0,1.0,-199.0,0.0
0.0,-8.0,26.0,5.0,-1.0,-1.0,-179.0,-1.0
0.0,-9.0,26.0,5.0,0.0,-1.0,-173.0,-1.0
0.0,-11.0,24.0,4.0,-1.0,-3.0,-150.0,-2.0
0.0,-13.0,19.0,2.0,-3.0,-6.0,266.0,-6.0
-2.0,-11.0,19.0,3.0,-2.0,-6.0,355.0,-5.0
-4.0,-9.0,19.0,3.0,-4.0,-7.0,256.0,-6.0
-6.0,-10.0,17.0,3.0,-5.0,-10.0,266.0,-7.0
-7.0,-10.0,15.0,3.0,-5.0,-11.0,263.0,-8.0
-10.0,-7.0,16.0,5.0,-6.0,-10.0,119.0,-8.0
-11.0,-6.0,13.0,3.0,-9.0,-13.0,173.0,-10.0
-13.0,-8.0,10.0,2.0,-10.0,-16.0,284.0,-13.0
-15.0,-7.0,7.0,2.0,-11.0,-19.0,286.0,-15.0
-16.0,-6.0,6.0,1.0,-13.0,-20.0,319.0,-16.0
-16.0,-9.0,2.0,0.0,-14.0,-24.0,458.0,-19.0
-17.0,-9.0,2.0,0.0,-13.0,-24.0,394.0,-19.0
-18.0,-9.0,2.0,0.0,-14.0,-24.0,277.0,-18.0
-18.0,-9.0,2.0,0.0,-14.0,-24.0,281.0,-18.0
-18.0,-9.0,3.0,1.0,-14.0,-23.0,258.0,-17.0
-19.0,-7.0,4.0,2.0,-13.0,-22.0,105.0,-16.0
-19.0,-7.0,3.0,1.0,-15.0,-23.0,168.0,-18.0
-18.0,-8.0,3.0,1.0,-15.0,-23.0,268.0,-18.0
-18.0,-8.0,2.0,0.0,-14.0,-24.0,179.0,-19.0
-18.0,-8.0,2.0,0.0,-14.0,-24.0,-56.0,-19.0
-17.0,-10.0,0.0,-1.0,-15.0,-25.0,-131.0,-20.0
-19.0,-7.0,3.0,1.0,-16.0,-23.0,-912.0,-18.0
-19.0,-8.0,3.0,0.0,-15.0,-24.0,-651.0,-18.0
-18.0,-8.0,3.0,0.0,-14.0,-23.0,-518.0,-18.0
-18.0,-8.0,2.0,0.0,-14.0,-24.0,-621.0,-19.0
-17.0,-10.0,1.0,-1.0,-15.0,-25.0,-318.0,-20.0
-17.0,-10.0,2.0,0.0,-13.0,-24.0,-305.0,-18.0
-18.0,-9.0,2.0,0.0,-13.0,-23.0,-416.0,-18.0
-18.0,-9.0,3.0,1.0,-14.0,-23.0,-398.0,-17.0
-18.0,-8.0,3.0,1.0,-14.0,-23.0,-479.0,-17.0
-19.0,-7.0,4.0,2.0,-13.0,-22.0,-581.0,-16.0
-19.0,-7.0,3.0,2.0,-15.0,-23.0,-479.0,-18.0
-18.0,-8.0,3.0,1.0,-15.0,-23.0,-264.0,-18.0
-18.0,-8.0,3.0,1.0,-14.0,-23.0,-147.0,-18.0
-18.0,-8.0,2.0,0.0,-14.0,-24.0,-217.0,-19.0
-17.0,-9.0,0.0,-1.0,-15.0,-25.0,-238.0,-20.0
-17.0,-10.0,1.0,0.0,-12.0,-24.0,-372.0,-18.0
-18.0,-9.0,2.0,0.0,-13.0,-23.0,-525.0,-17.0
-18.0,-8.0,2.0,0.0,-14.0,-23.0,-469.0,-18.0
-18.0,-8.0,2.0,0.0,-13.0,-23.0,-454.0,-17.0
-19.0,-7.0,4.0,2.0,-13.0,-22.0,-570.0,-16.0
-20.0,-7.0,4.0,1.0,-15.0,-23.0,-587.0,-18.0
-23.0,-8.0,9.0,2.0,-18.0,-29.0,-513.0,-23.0
-28.0,-12.0,17.0,4.0,-22.0,-37.0,-682.0,-28.0
-32.0,-15.0,24.0,5.0,-25.0,-44.0,-919.0,-33.0
-37.0,-17.0,29.0,5.0,-30.0,-52.0,-891.0,-39.0
-38.0,-13.0,29.0,5.0,-29.0,-52.0,-889.0,-38.0
-35.0,-4.0,22.0,4.0,-26.0,-42.0,-969.0,-32.0
-27.0,4.0,7.0,0.0,-20.0,-28.0,-930.0,-23.0
-14.0,25.0,-19.0,-7.0,-7.0,0.0,-896.0,-6.0
5.0,52.0,-56.0,-16.0,9.0,39.0,-978.0,19.0
30.0,74.0,-99.0,-28.0,27.0,79.0,-941.0,44.0
56.0,96.0,-142.0,-40.0,47.0,120.0,-798.0,71.0
82.0,117.0,-185.0,-51.0,68.0,161.0,-808.0,99.0
108.0,139.0,-227.0,-63.0,88.0,203.0,-813.0,126.0
134.0,159.0,-271.0,-75.0,107.0,243.0,-729.0,152.0
161.0,176.0,-310.0,-85.0,129.0,283.0,-721.0,180.0
186.0,188.0,-345.0,-92.0,149.0,320.0,-797.0,206.0
209.0,188.0,-374.0,-98.0,166.0,348.0,-727.0,227.0
228.0,188.0,-397.0,-102.0,180.0,370.0,-707.0,244.0
240.0,193.0,-413.0,-104.0,190.0,389.0,-803.0,258.0
248.0,194.0,-423.0,-107.0,194.0,398.0,-748.0,263.0
254.0,182.0,-424.0,-106.0,197.0,397.0,-627.0,264.0
253.0,172.0,-419.0,-104.0,196.0,391.0,-664.0,262.0
247.0,163.0,-407.0,-101.0,190.0,379.0,-634.0,254.0
238.0,153.0,-391.0,-98.0,182.0,361.0,-570.0,242.0
226.0,141.0,-369.0,-92.0,174.0,341.0,-599.0,230.0
210.0,126.0,-342.0,-83.0,161.0,315.0,-726.0,213.0
189.0,106.0,-306.0,-74.0,145.0,281.0,-692.0,191.0
166.0,85.0,-267.0,-63.0,127.0,243.0,-754.0,166.0
139.0,63.0,-222.0,-50.0,107.0,202.0,-877.0,139.0
113.0,36.0,-177.0,-39.0,85.0,157.0,-905.0,109.0
88.0,9.0,-133.0,-28.0,64.0,112.0,-811.0,80.0
62.0,-10.0,-93.0,-17.0,45.0,71.0,-863.0,52.0
37.0,-28.0,-52.0,-7.0,24.0,31.0,-901.0,25.0
11.0,-46.0,-15.0,-1.0,3.0,-10.0,-828.0,-2.0
-16.0,-66.0,3.0,0.0,-17.0,-53.0,-825.0,-30.0
-45.0,-88.0,6.0,1.0,-39.0,-98.0,-968.0,-59.0
-68.0,-89.0,7.0,1.0,-56.0,-125.0,-938.0,-79.0
-79.0,-72.0,7.0,1.0,-62.0,-128.0,-930.0,-85.0
-76.0,-58.0,9.0,3.0,-58.0,-116.0,-1047.0,-77.0
-63.0,-46.0,8.0,3.0,-49.0,-95.0,-1050.0,-65.0
-48.0,-33.0,7.0,2.0,-38.0,-72.0,-893.0,-50.0
-35.0,-24.0,7.0,1.0,-27.0,-51.0,-920.0,-36.0
-25.0,-15.0,7.0,1.0,-20.0,-35.0,-911.0,-26.0
-20.0,-11.0,5.0,0.0,-17.0,-28.0,-797.0,-22.0
-19.0,-11.0,5.0,0.0,-15.0,-27.0,-766.0,-20.0
-20.0,-10.0,6.0,1.0,-14.0,-26.0,-902.0,-19.0
-20.0,-10.0,7.0,1.0,-15.0,-26.0,-922.0,-20.0
-20.0,-10.0,7.0,2.0,-15.0,-26.0,-987.0,-19.0
-21.0,-9.0,8.0,3.0,-14.0,-24.0,-1004.0,-18.0
-21.0,-8.0,8.0,3.0,-16.0,-25.0,-978.0,-19.0
-20.0,-9.0,6.0,1.0,-16.0,-26.0,-877.0,-20.0
-20.0,-9.0,7.0,1.0,-16.0,-26.0,-862.0,-20.0
-20.0,-9.0,6.0,1.0,-16.0,-26.0,-904.0,-20.0
-20.0,-10.0,5.0,0.0,-17.0,-28.0,-860.0,-21.0
-19.0,-11.0,5.0,0.0,-15.0,-27.0,-841.0,-20.0
-20.0,-10.0,6.0,1.0,-15.0,-26.0,-967.0,-19.0
-20.0,-9.0,6.0,1.0,-15.0,-26.0,-937.0,-20.0
-20.0,-9.0,7.0,2.0,-15.0,-26.0,-946.0,-19.0
-21.0,-8.0,8.0,3.0,-14.0,-25.0,-996.0,-18.0
-21.0,-8.0,8.0,3.0,-16.0,-25.0,-900.0,-19.0
-21.0,-8.0,6.0,2.0,-16.0,-26.0,-777.0,-20.0
-20.0,-9.0,6.0,1.0,-15.0,-26.0,-917.0,-20.0
-20.0,-9.0,7.0,1.0,-16.0,-26.0,-945.0,-20.0
-19.0,-10.0,5.0,0.0,-17.0,-28.0,-838.0,-22.0
-19.0,-11.0,5.0,0.0,-15.0,-27.0,-767.0,-21.0
-19.0,-10.0,6.0,1.0,-14.0,-26.0,-944.0,-19.0
-19.0,-9.0,6.0,1.0,-15.0,-27.0,-1015.0,-19.0
-20.0,-9.0,7.0,1.0,-15.0,-26.0,-1057.0,-19.0
-20.0,-9.0,8.0,3.0,-14.0,-25.0,-1166.0,-18.0
-21.0,-8.0,8.0,3.0,-16.0,-25.0,-1202.0,-19.0
-20.0,-9.0,7.0,2.0,-16.0,-26.0,-1070.0,-20.0
-20.0,-9.0,7.0,2.0,-15.0,-26.0,-1101.0,-19.0
-19.0,-9.0,7.0,1.0,-15.0,-26.0,-1116.0,-20.0
-19.0,-10.0,5.0,0.0,-16.0,-27.0,-1162.0,-21.0
-18.0,-11.0,5.0,0.0,-15.0,-27.0,-1316.0,-20.0
-19.0,-10.0,6.0,1.0,-14.0,-26.0,-1492.0,-19.0
-19.0,-10.0,6.0,1.0,-15.0,-25.0,-1464.0,-19.0
-19.0,-10.0,6.0,2.0,-15.0,-26.0,-1475.0,-19.0
-21.0,-8.0,8.0,3.0,-14.0,-24.0,-1592.0,-18.0
-21.0,-7.0,8.0,3.0,-16.0,-24.0,-1628.0,-18.0
-20.0,-9.0,7.0,2.0,-16.0,-26.0,-1482.0,-20.0
-19.0,-9.0,7.0,1.0,-15.0,-26.0,-1518.0,-20.0
-19.0,-10.0,7.0,1.0,-15.0,-26.0,-1526.0,-20.0
-18.0,-9.0,7.0,0.0,-15.0,-25.0,-1404.0,-19.0
-16.0,-9.0,9.0,1.0,-13.0,-23.0,-1380.0,-17.0
-16.0,-8.0,11.0,2.0,-12.0,-21.0,-1543.0,-16.0
-15.0,-7.0,13.0,3.0,-11.0,-19.0,-1535.0,-14.0
-14.0,-6.0,15.0,3.0,-10.0,-17.0,-1511.0,-13.0
-14.0,-6.0,17.0,5.0,-9.0,-15.0,-1547.0,-11.0
-13.0,-7.0,18.0,5.0,-9.0,-14.0,-1578.0,-10.0
-12.0,-8.0,17.0,4.0,-10.0,-15.0,-1458.0,-12.0
-11.0,-8.0,17.0,4.0,-9.0,-15.0,-1477.0,-11.0
-10.0,-7.0,19.0,4.0,-8.0,-13.0,-1490.0,-10.0
-8.0,-8.0,20.0,3.0,-7.0,-12.0,-1431.0,-10.0
-7.0,-8.0,20.0,3.0,-6.0,-12.0,-1350.0,-9.0
-7.0,-7.0,21.0,4.0,-5.0,-10.0,-1441.0,-8.0
-6.0,-9.0,22.0,4.0,-5.0,-9.0,-1373.0,-7.0
-6.0,-9.0,23.0,5.0,-4.0,-9.0,-1334.0,-6.0
-6.0,-5.0,26.0,7.0,-3.0,-6.0,-1461.0,-5.0
-6.0,-4.0,27.0,7.0,-4.0,-5.0,-1594.0,-4.0
-4.0,-6.0,27.0,6.0,-4.0,-5.0,-1542.0,-5.0
-3.0,-7.0,27.0,6.0,-3.0,-4.0,-1568.0,-4.0
-2.0,-7.0,28.0,6.0,-2.0,-4.0,-1576.0,-4.0
0.0,-6.0,30.0,5.0,-1.0,-2.0,-1510.0,-3.0
3.0,-5.0,34.0,6.0,1.0,1.0,-1453.0,0.0
5.0,-3.0,40.0,9.0,4.0,7.0,-1554.0,4.0
7.0,-1.0,43.0,9.0,5.0,11.0,-1470.0,6.0
8.0,0.0,46.0,10.0,7.0,13.0,-1431.0,8.0
10.0,1.0,50.0,12.0,9.0,17.0,-1489.0,12.0
12.0,5.0,55.0,14.0,10.0,22.0,-1599.0,14.0
15.0,5.0,58.0,14.0,11.0,25.0,-1491.0,15.0
19.0,7.0,63.0,14.0,14.0,29.0,-1505.0,18.0
22.0,7.0,66.0,15.0,16.0,32.0,-1498.0,21.0
25.0,6.0,68.0,14.0,17.0,34.0,-1447.0,22.0
29.0,6.0,71.0,15.0,21.0,38.0,-1403.0,25.0
31.0,9.0,77.0,17.0,24.0,44.0,-1526.0,29.0
33.0,11.0,82.0,19.0,25.0,48.0,-1493.0,32.0
36.0,13.0,87.0,20.0,28.0,53.0,-1498.0,35.0
38.0,14.0,91.0,22.0,30.0,57.0,-1547.0,39.0
40.0,15.0,95.0,23.0,31.0,60.0,-1594.0,41.0
43.0,14.0,96.0,22.0,32.0,62.0,-1463.0,41.0
44.0,15.0,98.0,23.0,33.0,64.0,-1499.0,43.0
46.0,16.0,100.0,23.0,35.0,66.0,-1516.0,44.0
48.0,14.0,99.0,22.0,35.0,66.0,-1454.0,44.0
50.0,12.0,100.0,21.0,37.0,67.0,-1383.0,46.0
50.0,12.0,102.0,23.0,38.0,68.0,-1504.0,47.0
51.0,13.0,104.0,23.0,38.0,70.0,-1471.0,48.0
52.0,14.0,106.0,24.0,39.0,72.0,-1446.0,49.0
51.0,16.0,107.0,26.0,40.0,73.0,-1529.0,51.0
50.0,16.0,108.0,26.0,39.0,73.0,-1599.0,50.0
50.0,15.0,104.0,24.0,37.0,70.0,-1444.0,48.0
49.0,13.0,102.0,23.0,37.0,68.0,-1486.0,46.0
49.0,11.0,100.0,22.0,36.0,67.0,-1532.0,45.0
48.0,9.0,96.0,21.0,34.0,63.0,-1504.0,43.0
47.0,7.0,93.0,19.0,34.0,61.0,-1460.0,41.0
45.0,7.0,93.0,20.0,34.0,60.0,-1643.0,42.0
43.0,6.0,91.0,20.0,32.0,58.0,-1561.0,40.0
41.0,6.0,89.0,19.0,31.0,55.0,-1497.0,39.0
39.0,5.0,87.0,20.0,31.0,54.0,-1540.0,38.0
37.0,4.0,84.0,20.0,28.0,51.0,-1628.0,36.0
35.0,3.0,80.0,18.0,25.0,47.0,-1519.0,32.0
33.0,2.0,76.0,16.0,24.0,43.0,-1570.0,29.0
31.0,0.0,73.0,15.0,23.0,39.0,-1583.0,28.0
30.0,-4.0,68.0,13.0,20.0,35.0,-1461.0,24.0
29.0,-7.0,62.0,11.0,20.0,30.0,-1359.0,21.0
26.0,-10.0,60.0,11.0,20.0,29.0,-1501.0,21.0
24.0,-12.0,57.0,10.0,17.0,25.0,-1492.0,19.0
21.0,-14.0,53.0,10.0,15.0,21.0,-1532.0,16.0
17.0,-11.0,51.0,10.0,13.0,19.0,-1658.0,14.0
14.0,-8.0,50.0,11.0,10.0,17.0,-1697.0,12.0
12.0,-9.0,46.0,9.0,7.0,13.0,-1525.0,9.0
11.0,-10.0,44.0,9.0,7.0,11.0,-1550.0,8.0
10.0,-12.0,41.0,8.0,6.0,8.0,-1595.0,6.0
9.0,-12.0,38.0,6.0,5.0,6.0,-1495.0,4.0
7.0,-12.0,35.0,5.0,4.0,3.0,-1325.0,2.0
5.0,-12.0,34.0,6.0,4.0,2.0,-1479.0,2.0
3.0,-11.0,33.0,6.0,2.0,1.0,-1507.0,1.0
1.0,-10.0,31.0,6.0,1.0,0.0,-1489.0,0.0
0.0,-11.0,29.0,6.0,0.0,-2.0,-1558.0,0.0
-2.0,-9.0,29.0,7.0,-1.0,-2.0,-1604.0,-1.0
-3.0,-8.0,26.0,6.0,-3.0,-4.0,-1446.0,-4.0
-4.0,-9.0,24.0,5.0,-3.0,-6.0,-1466.0,-5.0
-5.0,-11.0,22.0,4.0,-4.0,-9.0,-1506.0,-6.0
-6.0,-10.0,20.0,3.0,-6.0,-11.0,-1487.0,-8.0
-5.0,-13.0,17.0,1.0,-6.0,-13.0,-1460.0,-9.0
-7.0,-13.0,17.0,2.0,-5.0,-14.0,-1586.0,-9.0
-8.0,-12.0,16.0,3.0,-7.0,-15.0,-1520.0,-10.0
-10.0,-10.0,15.0,3.0,-8.0,-15.0,-1512.0,-11.0
-13.0,-9.0,13.0,3.0,-9.0,-17.0,-1556.0,-12.0
-16.0,-8.0,12.0,4.0,-11.0,-19.0,-1625.0,-14.0
-17.0,-8.0,9.0,2.0,-13.0,-21.0,-1493.0,-17.0
-18.0,-7.0,8.0,2.0,-13.0,-22.0,-1501.0,-17.0
-18.0,-7.0,8.0,1.0,-13.0,-23.0,-1402.0,-18.0
-18.0,-7.0,7.0,1.0,-14.0,-23.0,-798.0,-18.0
-18.0,-10.0,4.0,0.0,-14.0,-26.0,-404.0,-20.0
-20.0,-10.0,3.0,0.0,-14.0,-27.0,-511.0,-20.0
-20.0,-10.0,3.0,1.0,-15.0,-27.0,-534.0,-20.0
-20.0,-10.0,3.0,1.0,-15.0,-27.0,-524.0,-20.0
-20.0,-9.0,4.0,2.0,-15.0,-26.0,-589.0,-19.0
-21.0,-8.0,5.0,3.0,-16.0,-25.0,-703.0,-19.0
-21.0,-9.0,4.0,1.0,-17.0,-27.0,-486.0,-21.0
-21.0,-9.0,4.0,1.0,-16.0,-27.0,-431.0,-21.0
-20.0,-9.0,4.0,1.0,-16.0,-26.0,-521.0,-21.0
-20.0,-10.0,3.0,0.0,-16.0,-27.0,-564.0,-21.0
-19.0,-11.0,1.0,0.0,-16.0,-28.0,-525.0,-22.0
-19.0,-10.0,3.0,0.0,-14.0,-26.0,-699.0,-20.0
-20.0,-10.0,3.0,1.0,-15.0,-26.0,-726.0,-20.0
-20.0,-10.0,4.0,1.0,-15.0,-27.0,-713.0,-20.0
-20.0,-9.0,4.0,1.0,-15.0,-26.0,-753.0,-19.0
-21.0,-8.0,5.0,3.0,-15.0,-25.0,-872.0,-18.0
-21.0,-8.0,4.0,1.0,-17.0,-27.0,-724.0,-20.0
-21.0,-9.0,4.0,1.0,-16.0,-27.0,-682.0,-20.0
-20.0,-9.0,4.0,1.0,-16.0,-27.0,-718.0,-20.0
-20.0,-10.0,3.0,0.0,-16.0,-27.0,-696.0,-21.0
-19.0,-11.0,1.0,-1.0,-16.0,-28.0,-586.0,-21.0
-19.0,-10.0,3.0,0.0,-14.0,-26.0,-666.0,-19.0
-20.0,-9.0,3.0,1.0,-15.0,-26.0,-624.0,-19.0
-20.0,-9.0,3.0,1.0,-15.0,-27.0,-574.0,-20.0
-20.0,-9.0,4.0,2.0,-15.0,-26.0,-621.0,-19.0
-21.0,-7.0,5.0,3.0,-15.0,-25.0,-747.0,-18.0
-21.0,-8.0,4.0,1.0,-17.0,-26.0,-642.0,-20.0
-20.0,-8.0,4.0,1.0,-16.0,-26.0,-658.0,-20.0
-20.0,-9.0,3.0,1.0,-15.0,-26.0,-705.0,-20.0
-20.0,-9.0,3.0,0.0,-16.0,-27.0,-646.0,-21.0
-19.0,-11.0,1.0,-1.0,-16.0,-28.0,-472.0,-21.0
-19.0,-10.0,3.0,0.0,-14.0,-26.0,-645.0,-19.0
-19.0,-9.0,3.0,0.0,-15.0,-26.0,-722.0,-19.0
-20.0,-9.0,3.0,1.0,-15.0,-26.0,-838.0,-19.0
-20.0,-8.0,4.0,1.0,-15.0,-26.0,-1088.0,-19.0
-21.0,-7.0,5.0,3.0,-15.0,-25.0,-1250.0,-18.0
-21.0,-8.0,4.0,1.0,-17.0,-26.0,-934.0,-20.0
-20.0,-9.0,4.0,1.0,-16.0,-26.0,-703.0,-20.0
-20.0,-9.0,3.0,1.0,-15.0,-26.0,-621.0,-20.0
-19.0,-9.0,3.0,0.0,-16.0,-27.0,-541.0,-21.0
-18.0,-11.0,1.0,-1.0,-16.0,-28.0,-406.0,-21.0
-19.0,-10.0,2.0,0.0,-14.0,-27.0,-520.0,-19.0
-19.0,-9.0,3.0,0.0,-15.0,-26.0,-589.0,-19.0
-19.0,-9.0,3.0,0.0,-15.0,-26.0,-611.0,-19.0
-19.0,-9.0,4.0,1.0,-14.0,-26.0,-666.0,-19.0
-21.0,-7.0,5.0,3.0,-14.0,-24.0,-760.0,-18.0
-21.0,-8.0,4.0,2.0,-16.0,-26.0,-584.0,-20.0
-20.0,-8.0,4.0,1.0,-16.0,-26.0,-546.0,-20.0
-20.0,-8.0,4.0,0.0,-15.0,-26.0,-524.0,-20.0
-20.0,-9.0,3.0,0.0,-15.0,-27.0,-445.0,-20.0
-18.0,-10.0,1.0,-1.0,-16.0,-28.0,-357.0,-21.0
-18.0,-10.0,3.0,0.0,-14.0,-26.0,-514.0,-19.0
-19.0,-9.0,3.0,0.0,-15.0,-26.0,-542.0,-19.0
-19.0,-9.0,3.0,0.0,-15.0,-26.0,-479.0,-19.0
-20.0,-9.0,4.0,1.0,-14.0,-25.0,-540.0,-18.0
-21.0,-8.0,5.0,3.0,-15.0,-25.0,-708.0,-18.0
-20.0,-8.0,4.0,1.0,-16.0,-26.0,-634.0,-20.0
-20.0,-9.0,4.0,1.0,-16.0,-26.0,-619.0,-20.0
-20.0,-9.0,3.0,0.0,-15.0,-26.0,-669.0,-20.0
-19.0,-9.0,3.0,0.0,-16.0,-26.0,-624.0,-21.0
-18.0,-11.0,1.0,-1.0,-16.0,-27.0,-442.0,-22.0
-18.0,-10.0,3.0,0.0,-14.0,-26.0,-503.0,-19.0
-19.0,-9.0,3.0,0.0,-15.0,-26.0,-562.0,-19.0
-19.0,-9.0,3.0,0.0,-15.0,-26.0,-547.0,-19.0
-20.0,-9.0,4.0,1.0,-14.0,-25.0,-622.0,-18.0
-21.0,-7.0,5.0,3.0,-14.0,-24.0,-781.0,-18.0
-20.0,-8.0,4.0,2.0,-16.0,-25.0,-673.0,-20.0
-20.0,-8.0,3.0,1.0,-15.0,-26.0,-543.0,-20.0
-20.0,-9.0,3.0,1.0,-15.0,-26.0,-549.0,-19.0
-19.0,-9.0,3.0,0.0,-16.0,-26.0,-582.0,-20.0
-18.0,-11.0,1.0,0.0,-15.0,-27.0,-536.0,-21.0
-18.0,-10.0,2.0,0.0,-14.0,-26.0,-659.0,-20.0
-19.0,-9.0,3.0,0.0,-15.0,-26.0,-672.0,-19.0
-19.0,-9.0,3.0,0.0,-15.0,-26.0,-593.0,-19.0
-20.0,-9.0,4.0,1.0,-14.0,-25.0,-560.0,-18.0
-21.0,-7.0,5.0,3.0,-14.0,-24.0,-676.0,-18.0
-20.0,-7.0,4.0,2.0,-16.0,-25.0,-595.0,-19.0
-20.0,-8.0,4.0,1.0,-15.0,-26.0,-516.0,-19.0
-20.0,-9.0,3.0,1.0,-15.0,-26.0,-548.0,-20.0
-19.0,-9.0,3.0,0.0,-16.0,-26.0,-542.0,-20.0
-18.0,-10.0,1.0,0.0,-16.0,-27.0,-443.0,-21.0
-19.0,-10.0,3.0,0.0,-14.0,-26.0,-535.0,-19.0
-19.0,-9.0,3.0,1.0,-14.0,-25.0,-603.0,-19.0
-19.0,-9.0,3.0,1.0,-14.0,-25.0,-558.0,-19.0
-19.0,-9.0,4.0,1.0,-14.0,-25.0,-547.0,-18.0
-20.0,-7.0,5.0,3.0,-14.0,-24.0,-664.0,-17.0
-20.0,-8.0,4.0,1.0,-16.0,-25.0,-572.0,-19.0
-20.0,-8.0,4.0,1.0,-15.0,-25.0,-550.0,-19.0
-19.0,-8.0,3.0,1.0,-15.0,-26.0,-643.0,-20.0
-19.0,-9.0,3.0,0.0,-15.0,-26.0,-611.0,-20.0
-18.0,-10.0,1.0,0.0,-16.0,-27.0,-425.0,-21.0
-18.0,-10.0,2.0,0.0,-14.0,-26.0,-480.0,-19.0
-19.0,-9.0,3.0,0.0,-14.0,-25.0,-550.0,-19.0
-19.0,-9.0,3.0,1.0,-14.0,-25.0,-528.0,-19.0
-19.0,-9.0,3.0,1.0,-14.0,-25.0,-557.0,-18.0
-20.0,-7.0,5.0,3.0,-13.0,-23.0,-691.0,-17.0
-20.0,-8.0,4.0,2.0,-15.0,-25.0,-610.0,-19.0
-20.0,-8.0,3.0,1.0,-16.0,-25.0,-518.0,-19.0
-19.0,-8.0,3.0,1.0,-15.0,-25.0,-543.0,-19.0
-19.0,-9.0,2.0,0.0,-15.0,-26.0,-535.0,-20.0
-18.0,-10.0,1.0,-1.0,-16.0,-27.0,-410.0,-21.0
-18.0,-10.0,3.0,0.0,-14.0,-26.0,-475.0,-19.0
-19.0,-9.0,3.0,0.0,-14.0,-25.0,-559.0,-19.0
-19.0,-9.0,3.0,0.0,-14.0,-25.0,-527.0,-19.0
-19.0,-9.0,3.0,1.0,-14.0,-25.0,-538.0,-18.0
-20.0,-7.0,5.0,3.0,-13.0,-24.0,-730.0,-17.0
-20.0,-8.0,4.0,2.0,-16.0,-25.0,-703.0,-19.0
-19.0,-8.0,4.0,1.0,-15.0,-25.0,-627.0,-19.0
-19.0,-8.0,3.0,1.0,-15.0,-25.0,-661.0,-19.0
-19.0,-8.0,3.0,0.0,-15.0,-26.0,-591.0,-20.0
-17.0,-10.0,1.0,-1.0,-16.0,-27.0,-483.0,-21.0
-18.0,-10.0,2.0,0.0,-13.0,-25.0,-514.0,-19.0
-19.0,-9.0,3.0,0.0,-14.0,-25.0,-570.0,-18.0
-19.0,-9.0,3.0,1.0,-14.0,-25.0,-493.0,-18.0
-19.0,-9.0,4.0,1.0,-14.0,-24.0,-528.0,-18.0
-20.0,-7.0,5.0,3.0,-14.0,-23.0,-749.0,-17.0
-20.0,-7.0,4.0,1.0,-16.0,-24.0,-654.0,-19.0
-19.0,-8.0,3.0,1.0,-15.0,-25.0,-528.0,-19.0
-19.0,-8.0,3.0,1.0,-15.0,-25.0,-566.0,-19.0
-19.0,-8.0,3.0,0.0,-15.0,-25.0,-549.0,-19.0
-18.0,-10.0,1.0,0.0,-15.0,-26.0,-429.0,-20.0
-18.0,-10.0,2.0,0.0,-13.0,-25.0,-478.0,-19.0
-19.0,-9.0,3.0,0.0,-14.0,-25.0,-574.0,-19.0
-19.0,-8.0,3.0,0.0,-14.0,-25.0,-583.0,-18.0
-19.0,-9.0,4.0,1.0,-14.0,-24.0,-611.0,-18.0
-20.0,-8.0,5.0,3.0,-13.0,-23.0,-682.0,-17.0
-19.0,-7.0,4.0,2.0,-15.0,-24.0,-573.0,-19.0
-19.0,-8.0,3.0,0.0,-16.0,-25.0,-394.0,-19.0
-19.0,-8.0,3.0,0.0,-15.0,-25.0,-466.0,-19.0
-19.0,-9.0,3.0,0.0,-15.0,-25.0,-585.0,-19.0
-18.0,-9.0,1.0,0.0,-15.0,-26.0,-562.0,-20.0
-17.0,-10.0,2.0,0.0,-13.0,-25.0,-667.0,-19.0
-18.0,-9.0,3.0,0.0,-14.0,-24.0,-784.0,-18.0
-18.0,-9.0,3.0,1.0,-14.0,-24.0,-760.0,-18.0
-19.0,-8.0,4.0,1.0,-14.0,-24.0,-778.0,-18.0
-20.0,-7.0,5.0,2.0,-13.0,-23.0,-900.0,-17.0
-20.0,-7.0,4.0,2.0,-15.0,-24.0,-849.0,-18.0
-19.0,-8.0,3.0,1.0,-15.0,-25.0,-707.0,-19.0
-19.0,-8.0,3.0,0.0,-15.0,-25.0,-661.0,-19.0
-18.0,-9.0,3.0,0.0,-15.0,-25.0,-612.0,-19.0
-17.0,-10.0,1.0,0.0,-15.0,-26.0,-464.0,-20.0
-17.0,-10.0,2.0,0.0,-14.0,-25.0,-464.0,-19.0
-18.0,-9.0,3.0,0.0,-14.0,-24.0,-605.0,-18.0
-18.0,-8.0,3.0,0.0,-14.0,-25.0,-582.0,-18.0
-18.0,-8.0,3.0,1.0,-14.0,-24.0,-583.0,-18.0
-19.0,-7.0,5.0,3.0,-13.0,-23.0,-711.0,-17.0
-20.0,-7.0,5.0,2.0,-15.0,-24.0,-687.0,-18.0
-19.0,-8.0,3.0,1.0,-15.0,-24.0,-549.0,-19.0
-19.0,-8.0,3.0,1.0,-14.0,-24.0,-629.0,-19.0
-18.0,-8.0,3.0,0.0,-14.0,-25.0,-679.0,-19.0
-17.0,-10.0,1.0,-1.0,-15.0,-26.0,-563.0,-21.0
-17.0,-10.0,2.0,0.0,-13.0,-25.0,-556.0,-19.0
-17.0,-9.0,3.0,0.0,-13.0,-24.0,-578.0,-18.0
-18.0,-9.0,3.0,1.0,-14.0,-24.0,-408.0,-18.0
-18.0,-8.0,3.0,1.0,-13.0,-24.0,-490.0,-18.0
-19.0,-7.0,5.0,3.0,-13.0,-23.0,-685.0,-17.0
-19.0,-7.0,5.0,2.0,-15.0,-23.0,-657.0,-18.0
-19.0,-8.0,4.0,1.0,-15.0,-24.0,-544.0,-19.0
-19.0,-8.0,4.0,1.0,-14.0,-24.0,-601.0,-18.0
-18.0,-8.0,3.0,1.0,-15.0,-24.0,-629.0,-19.0
-18.0,-10.0,1.0,0.0,-15.0,-26.0,-518.0,-20.0
-18.0,-10.0,2.0,0.0,-13.0,-25.0,-522.0,-19.0
-18.0,-8.0,3.0,0.0,-13.0,-24.0,-745.0,-18.0
-18.0,-9.0,3.0,0.0,-14.0,-24.0,-780.0,-18.0
-19.0,-8.0,3.0,1.0,-14.0,-24.0,-782.0,-18.0
-19.0,-7.0,5.0,3.0,-13.0,-22.0,-837.0,-16.0
-19.0,-7.0,4.0,2.0,-15.0,-23.0,-758.0,-18.0
-19.0,-8.0,3.0,1.0,-15.0,-24.0,-594.0,-19.0
-18.0,-8.0,3.0,1.0,-14.0,-24.0,-616.0,-19.0
-18.0,-8.0,3.0,0.0,-14.0,-24.0,-633.0,-18.0
-17.0,-9.0,1.0,0.0,-15.0,-25.0,-513.0,-20.0
-17.0,-10.0,2.0,0.0,-13.0,-25.0,-476.0,-19.0
-18.0,-9.0,3.0,0.0,-13.0,-24.0,-588.0,-18.0
-18.0,-9.0,3.0,0.0,-14.0,-24.0,-595.0,-18.0
-18.0,-8.0,4.0,1.0,-13.0,-24.0,-602.0,-18.0
-19.0,-7.0,5.0,3.0,-13.0,-22.0,-667.0,-16.0
-19.0,-7.0,5.0,2.0,-14.0,-23.0,-679.0,-17.0
-19.0,-8.0,3.0,1.0,-15.0,-24.0,-649.0,-18.0
-18.0,-8.0,3.0,0.0,-14.0,-24.0,-791.0,-18.0
-18.0,-8.0,3.0,0.0,-14.0,-24.0,-847.0,-18.0
-17.0,-10.0,1.0,0.0,-15.0,-26.0,-745.0,-20.0
-17.0,-9.0,3.0,0.0,-13.0,-24.0,-738.0,-18.0
-15.0,-7.0,7.0,1.0,-11.0,-20.0,-864.0,-15.0
-13.0,-6.0,11.0,2.0,-9.0,-16.0,-822.0,-13.0
-12.0,-4.0,13.0,3.0,-8.0,-14.0,-806.0,-11.0
-11.0,-2.0,17.0,6.0,-6.0,-10.0,-856.0,-7.0
-8.0,-4.0,20.0,6.0,-5.0,-7.0,-812.0,-6.0
-3.0,-6.0,23.0,5.0,-3.0,-4.0,-733.0,-4.0
-1.0,-6.0,25.0,5.0,-1.0,-2.0,-801.0,-2.0
1.0,-6.0,28.0,5.0,0.0,0.0,-739.0,0.0
3.0,-8.0,29.0,4.0,0.0,0.0,-609.0,0.0
4.0,-7.0,30.0,5.0,3.0,2.0,-523.0,1.0
4.0,-4.0,33.0,7.0,3.0,5.0,-596.0,3.0
4.0,-4.0,33.0,7.0,3.0,6.0,-587.0,3.0
6.0,-5.0,34.0,7.0,5.0,6.0,-654.0,4.0
5.0,-4.0,36.0,9.0,5.0,8.0,-834.0,6.0
5.0,-3.0,36.0,9.0,4.0,8.0,-936.0,5.0
5.0,-5.0,35.0,7.0,3.0,7.0,-812.0,4.0
6.0,-5.0,34.0,7.0,4.0,6.0,-845.0,4.0
6.0,-7.0,33.0,6.0,4.0,6.0,-843.0,3.0
7.0,-11.0,31.0,4.0,3.0,4.0,-674.0,2.0
7.0,-11.0,31.0,4.0,4.0,3.0,-568.0,3.0
7.0,-11.0,31.0,5.0,4.0,4.0,-755.0,4.0
5.0,-10.0,31.0,6.0,3.0,3.0,-774.0,2.0
3.0,-8.0,30.0,6.0,2.0,3.0,-792.0,2.0
2.0,-6.0,32.0,7.0,3.0,4.0,-912.0,3.0
1.0,-6.0,31.0,7.0,1.0,3.0,-938.0,2.0
1.0,-7.0,28.0,6.0,0.0,0.0,-806.0,0.0
1.0,-9.0,26.0,5.0,0.0,-1.0,-862.0,0.0
0.0,-9.0,25.0,5.0,0.0,-1.0,-874.0,-1.0
0.0,-11.0,22.0,3.0,-2.0,-5.0,-780.0,-4.0
0.0,-12.0,20.0,2.0,-1.0,-6.0,-741.0,-4.0
-2.0,-10.0,20.0,3.0,-2.0,-6.0,-867.0,-4.0
-4.0,-8.0,19.0,4.0,-3.0,-7.0,-835.0,-5.0
-6.0,-10.0,17.0,3.0,-5.0,-10.0,-767.0,-7.0
-8.0,-9.0,16.0,4.0,-5.0,-10.0,-716.0,-7.0
-10.0,-7.0,15.0,4.0,-8.0,-11.0,-706.0,-9.0
-10.0,-7.0,12.0,2.0,-9.0,-14.0,-548.0,-11.0
-12.0,-8.0,10.0,2.0,-9.0,-16.0,-566.0,-13.0
-14.0,-7.0,7.0,1.0,-11.0,-19.0,-572.0,-15.0
-15.0,-7.0,5.0,0.0,-13.0,-21.0,-494.0,-17.0
-16.0,-9.0,2.0,0.0,-12.0,-24.0,-466.0,-18.0
-17.0,-9.0,2.0,0.0,-13.0,-24.0,-654.0,-17.0
-18.0,-8.0,2.0,0.0,-14.0,-24.0,-644.0,-18.0
-18.0,-8.0,2.0,0.0,-13.0,-24.0,-688.0,-18.0
-19.0,-7.0,4.0,2.0,-13.0,-22.0,-852.0,-16.0
-19.0,-6.0,4.0,2.0,-14.0,-23.0,-852.0,-17.0
-18.0,-7.0,3.0,0.0,-15.0,-24.0,-697.0,-18.0
-18.0,-8.0,3.0,1.0,-14.0,-24.0,-796.0,-18.0
-18.0,-8.0,2.0,0.0,-14.0,-24.0,-809.0,-18.0
-17.0,-9.0,1.0,0.0,-15.0,-25.0,-726.0,-19.0
-17.0,-10.0,1.0,0.0,-14.0,-25.0,-689.0,-19.0
-18.0,-8.0,2.0,0.0,-13.0,-24.0,-838.0,-17.0
-18.0,-8.0,2.0,0.0,-14.0,-24.0,-807.0,-17.0
-18.0,-9.0,2.0,0.0,-13.0,-24.0,-788.0,-17.0
-19.0,-7.0,4.0,1.0,-13.0,-23.0,-780.0,-17.0
-19.0,-7.0,4.0,2.0,-14.0,-23.0,-770.0,-17.0
-18.0,-7.0,2.0,1.0,-15.0,-23.0,-610.0,-18.0
-18.0,-8.0,3.0,1.0,-14.0,-23.0,-647.0,-18.0
-18.0,-8.0,2.0,0.0,-14.0,-24.0,-650.0,-18.0
-17.0,-8.0,1.0,0.0,-15.0,-25.0,-587.0,-19.0
-16.0,-10.0,0.0,0.0,-13.0,-25.0,-560.0,-19.0
-17.0,-9.0,2.0,0.0,-12.0,-23.0,-801.0,-17.0
-17.0,-9.0,2.0,0.0,-14.0,-23.0,-833.0,-17.0
-18.0,-8.0,2.0,0.0,-13.0,-23.0,-820.0,-17.0
-18.0,-7.0,4.0,2.0,-12.0,-22.0,-898.0,-16.0
-19.0,-6.0,4.0,2.0,-14.0,-22.0,-953.0,-17.0
-18.0,-7.0,2.0,1.0,-15.0,-23.0,-710.0,-18.0
-18.0,-8.0,2.0,0.0,-14.0,-24.0,-676.0,-18.0
-18.0,-8.0,2.0,0.0,-14.0,-24.0,-678.0,-18.0
-17.0,-9.0,1.0,0.0,-15.0,-25.0,-611.0,-19.0
-16.0,-10.0,1.0,-1.0,-14.0,-25.0,-559.0,-19.0
-17.0,-8.0,2.0,0.0,-13.0,-23.0,-788.0,-17.0
-17.0,-8.0,2.0,0.0,-14.0,-23.0,-801.0,-17.0
-17.0,-8.0,2.0,0.0,-14.0,-23.0,-761.0,-17.0
-18.0,-7.0,3.0,1.0,-13.0,-23.0,-788.0,-16.0
-19.0,-6.0,4.0,2.0,-14.0,-22.0,-908.0,-17.0
-19.0,-7.0,3.0,0.0,-15.0,-24.0,-790.0,-19.0
-23.0,-8.0,9.0,2.0,-18.0,-30.0,-814.0,-23.0
-28.0,-12.0,16.0,3.0,-22.0,-38.0,-796.0,-28.0
-32.0,-15.0,22.0,4.0,-26.0,-46.0,-799.0,-34.0
-37.0,-17.0,29.0,5.0,-29.0,-52.0,-818.0,-38.0
-39.0,-12.0,30.0,6.0,-29.0,-51.0,-1039.0,-37.0
-35.0,-3.0,21.0,3.0,-26.0,-42.0,-991.0,-32.0
-27.0,5.0,6.0,0.0,-19.0,-27.0,-1015.0,-22.0
-13.0,27.0,-20.0,-6.0,-6.0,2.0,-1016.0,-4.0
6.0,53.0,-58.0,-17.0,9.0,40.0,-939.0,20.0
32.0,75.0,-102.0,-29.0,27.0,80.0,-880.0,45.0
58.0,96.0,-145.0,-41.0,49.0,121.0,-1003.0,73.0
83.0,118.0,-187.0,-52.0,69.0,163.0,-1058.0,100.0
110.0,140.0,-230.0,-64.0,89.0,204.0,-946.0,127.0
136.0,159.0,-273.0,-76.0,110.0,244.0,-789.0,154.0
162.0,177.0,-312.0,-84.0,131.0,285.0,-857.0,182.0
187.0,188.0,-348.0,-93.0,149.0,321.0,-861.0,207.0
211.0,188.0,-376.0,-98.0,167.0,349.0,-783.0,228.0
229.0,189.0,-397.0,-102.0,180.0,372.0,-732.0,245.0
241.0,194.0,-414.0,-104.0,189.0,390.0,-784.0,258.0
249.0,193.0,-425.0,-108.0,194.0,397.0,-654.0,263.0
254.0,182.0,-424.0,-107.0,197.0,397.0,-707.0,265.0
254.0,172.0,-419.0,-105.0,196.0,391.0,-751.0,262.0
248.0,163.0,-407.0,-102.0,190.0,378.0,-718.0,253.0
238.0,153.0,-391.0,-98.0,183.0,360.0,-654.0,242.0
225.0,141.0,-368.0,-91.0,174.0,340.0,-819.0,230.0
209.0,125.0,-341.0,-83.0,161.0,314.0,-840.0,212.0
189.0,105.0,-305.0,-73.0,145.0,279.0,-835.0,190.0
165.0,85.0,-264.0,-62.0,127.0,242.0,-920.0,166.0
138.0,62.0,-221.0,-50.0,105.0,200.0,-1025.0,138.0
113.0,34.0,-176.0,-39.0,84.0,153.0,-931.0,107.0
88.0,8.0,-131.0,-27.0,64.0,109.0,-1015.0,79.0
62.0,-10.0,-91.0,-17.0,43.0,69.0,-1143.0,52.0
37.0,-29.0,-51.0,-8.0,23.0,28.0,-1055.0,24.0
11.0,-48.0,-14.0,-1.0,3.0,-12.0,-968.0,-3.0
-17.0,-67.0,4.0,1.0,-17.0,-54.0,-1132.0,-30.0
-46.0,-88.0,6.0,1.0,-40.0,-99.0,-1175.0,-60.0
-68.0,-88.0,7.0,1.0,-56.0,-125.0,-1194.0,-79.0
-78.0,-70.0,8.0,2.0,-61.0,-127.0,-1254.0,-83.0
-76.0,-57.0,9.0,3.0,-58.0,-115.0,-1338.0,-77.0
-62.0,-46.0,7.0,2.0,-49.0,-95.0,-1179.0,-65.0
-47.0,-33.0,7.0,2.0,-37.0,-71.0,-1163.0,-49.0
-34.0,-24.0,7.0,1.0,-27.0,-51.0,-1166.0,-36.0
-24.0,-15.0,6.0,0.0,-19.0,-35.0,-1117.0,-26.0
-19.0,-12.0,4.0,0.0,-15.0,-29.0,-1008.0,-21.0
-19.0,-11.0,6.0,1.0,-14.0,-27.0,-1043.0,-19.0
-19.0,-10.0,6.0,1.0,-15.0,-27.0,-1101.0,-20.0
-19.0,-10.0,6.0,1.0,-15.0,-26.0,-1104.0,-19.0
-20.0,-9.0,7.0,2.0,-14.0,-25.0,-1086.0,-18.0
-21.0,-7.0,8.0,4.0,-15.0,-25.0,-1215.0,-18.0
-20.0,-8.0,7.0,2.0,-17.0,-27.0,-1122.0,-20.0
-20.0,-9.0,7.0,2.0,-15.0,-26.0,-1086.0,-20.0
-20.0,-9.0,7.0,2.0,-15.0,-27.0,-1072.0,-20.0
-20.0,-9.0,7.0,2.0,-15.0,-26.0,-1121.0,-18.0
-21.0,-8.0,9.0,3.0,-15.0,-25.0,-1188.0,-18.0
-20.0,-9.0,7.0,2.0,-16.0,-27.0,-996.0,-20.0
-20.0,-9.0,7.0,1.0,-15.0,-26.0,-985.0,-19.0
-19.0,-9.0,6.0,1.0,-15.0,-26.0,-1055.0,-20.0
-19.0,-10.0,6.0,0.0,-16.0,-27.0,-1025.0,-20.0
-18.0,-11.0,5.0,0.0,-15.0,-27.0,-904.0,-21.0
-19.0,-10.0,6.0,1.0,-14.0,-26.0,-1002.0,-19.0
-19.0,-10.0,6.0,1.0,-15.0,-26.0,-1008.0,-19.0
-19.0,-9.0,6.0,1.0,-15.0,-26.0,-1128.0,-19.0
-20.0,-9.0,7.0,2.0,-14.0,-26.0,-1274.0,-18.0
-21.0,-8.0,9.0,3.0,-15.0,-25.0,-1281.0,-18.0
-20.0,-8.0,7.0,2.0,-17.0,-26.0,-1069.0,-19.0
-20.0,-9.0,7.0,2.0,-16.0,-26.0,-993.0,-19.0
-19.0,-9.0,6.0,1.0,-15.0,-26.0,-964.0,-20.0
-19.0,-10.0,5.0,1.0,-15.0,-27.0,-975.0,-20.0
-18.0,-11.0,5.0,0.0,-15.0,-27.0,-878.0,-21.0
-19.0,-10.0,6.0,1.0,-14.0,-26.0,-988.0,-19.0
-19.0,-10.0,6.0,1.0,-14.0,-26.0,-1048.0,-19.0
-19.0,-9.0,6.0,1.0,-14.0,-26.0,-1043.0,-19.0
