Lead 1,Lead 2,Lead 3,Lead 4,Lead 5,Lead 6,Lead 7,Lead 8
-129,-129,-129,-129,-129,-129,-129,-129
109,174,227,11936,182,0,0,0
356,-26,193,-26,174,0,11981,182
354,-25,194,-25,175,0,11701,183
354,-24,194,-24,173,0,11331,183
355,-25,192,-25,172,0,11352,181
355,-26,192,-26,173,0,11276,181
354,-26,192,-26,173,0,11156,181
355,-26,191,-27,173,0,11091,180
355,-27,190,-28,173,0,11214,179
354,-26,191,-26,174,0,10920,181
354,-26,191,-26,173,0,10608,181
354,-26,192,-26,173,0,10427,181
353,-25,192,-25,174,0,10221,182
352,-24,193,-24,172,0,9843,182
352,-25,192,-25,171,0,9872,180
352,-25,191,-25,172,0,9807,180
352,-25,191,-26,172,0,9637,179
352,-26,190,-27,171,0,9608,179
353,-27,189,-28,172,0,9767,178
352,-26,191,-26,174,0,9497,180
352,-26,191,-26,173,0,9337,180
351,-26,191,-25,172,0,9329,180
351,-25,191,-25,172,0,9180,181
350,-24,192,-24,171,0,8848,181
350,-25,190,-25,170,0,8931,179
350,-25,190,-25,171,0,8923,179
350,-25,190,-26,170,0,8808,179
350,-26,189,-26,170,0,8746,178
351,-27,188,-27,171,0,8853,177
350,-26,189,-26,172,0,8541,179
350,-26,189,-25,171,0,8298,178
349,-26,189,-25,171,0,8213,179
348,-25,190,-24,172,0,7973,180
347,-24,191,-23,171,0,7540,180
348,-24,189,-25,169,0,7597,178
348,-25,189,-25,170,0,7599,177
348,-25,189,-25,170,0,7622,177
348,-26,188,-26,169,0,7665,177
349,-27,186,-28,169,0,7838,176
348,-26,188,-26,171,0,7665,178
348,-25,188,-25,170,0,7453,177
347,-25,188,-25,170,0,7369,178
347,-25,189,-24,170,0,7162,178
345,-23,190,-23,169,0,6806,178
345,-24,188,-24,168,0,6855,176
346,-25,188,-25,169,0,6874,176
346,-25,187,-25,169,0,6797,176
346,-25,187,-26,168,0,6776,176
347,-27,185,-27,169,0,6884,175
346,-26,187,-26,170,0,6707,177
345,-25,187,-25,169,0,6551,177
345,-25,187,-25,169,0,6482,176
344,-25,187,-24,169,0,6367,177
343,-23,189,-23,169,0,6043,178
344,-24,187,-25,166,0,6033,175
344,-25,187,-25,168,0,5973,176
344,-25,186,-25,168,0,5859,175
344,-25,185,-26,167,0,5943,175
344,-26,184,-27,168,0,6148,174
344,-26,185,-25,169,0,5957,176
343,-25,186,-25,168,0,5704,176
342,-25,186,-25,168,0,5628,176
342,-25,186,-24,168,0,5508,176
341,-23,187,-23,168,0,5112,176
341,-24,186,-24,165,0,5078,174
341,-24,186,-24,167,0,5147,174
341,-25,185,-25,167,0,5101,174
342,-25,184,-25,166,0,5028,173
343,-26,183,-27,166,0,5145,172
342,-25,184,-25,168,0,5007,175
341,-25,184,-25,167,0,4869,175
341,-25,185,-25,167,0,4871,175
340,-24,185,-24,167,0,4721,175
339,-23,186,-22,166,0,4337,176
339,-24,185,-24,165,0,4413,174
339,-24,185,-24,166,0,4481,173
339,-25,184,-25,165,0,4381,173
339,-25,183,-25,165,0,4391,172
340,-26,182,-27,165,0,4636,171
339,-25,183,-25,167,0,4587,173
339,-25,183,-25,166,0,4459,173
338,-25,183,-24,166,0,4529,173
338,-24,184,-23,166,0,4502,174
336,-23,185,-22,166,0,4188,174
336,-23,183,-24,164,0,4300,172
337,-24,183,-24,164,0,4445,172
337,-24,183,-24,165,0,4301,172
337,-25,182,-25,164,0,4163,171
338,-26,180,-27,164,0,4328,170
338,-25,182,-25,166,0,4252,172
337,-25,182,-24,165,0,4092,173
336,-25,182,-24,164,0,4062,172
336,-24,183,-24,165,0,3955,173
334,-23,184,-22,165,0,3635,174
335,-24,182,-23,162,0,3624,171
335,-24,182,-24,164,0,3729,171
335,-24,182,-24,163,0,3685,170
335,-24,181,-25,163,0,3675,170
336,-26,179,-27,163,0,3846,169
335,-25,181,-25,165,0,3746,171
335,-25,181,-24,164,0,3482,171
334,-24,181,-24,163,0,3423,171
334,-24,181,-24,163,0,3328,172
332,-23,183,-22,164,0,3030,172
332,-23,181,-24,162,0,3050,170
333,-24,181,-24,162,0,3226,170
334,-23,183,-23,163,0,3231,171
337,-21,187,-23,165,0,3258,174
339,-22,187,-24,167,0,3513,174
340,-21,190,-22,170,0,3497,178
343,-21,194,-21,171,0,3269,180
346,-22,198,-20,173,0,3208,183
348,-22,201,-19,175,0,3155,186
349,-20,205,-17,177,0,2847,189
351,-21,207,-18,176,0,2798,188
353,-22,208,-18,178,0,2903,189
353,-20,209,-18,178,0,2896,190
353,-19,209,-18,178,0,2911,190
355,-22,208,-20,179,0,3070,190
356,-22,210,-18,182,0,3061,192
355,-22,211,-18,181,0,3021,192
355,-21,210,-18,180,0,3112,192
355,-21,211,-17,181,0,3131,193
353,-21,212,-15,180,0,3009,193
353,-24,208,-17,178,0,3154,190
353,-25,207,-18,178,0,3453,190
353,-25,207,-19,179,-536,3498,190
353,-26,206,-19,177,-1348,3526,189
352,-25,203,-21,176,-2152,3762,187
351,-24,204,-20,178,-2943,3837,188
350,-24,205,-19,177,-3724,3594,188
349,-23,204,-19,176,-4497,3519,187
347,-24,201,-19,175,-5261,3470,186
345,-23,202,-17,176,-6013,3139,186
345,-24,200,-19,172,-6759,2997,184
343,-26,196,-20,171,-7496,3057,181
342,-25,195,-21,171,-8223,2964,180
340,-24,193,-21,169,-8940,2999,179
340,-26,190,-23,168,-9650,3273,176
338,-27,188,-23,168,-10349,3299,176
336,-25,188,-22,167,-11038,3047,176
334,-23,186,-22,165,-11720,2965,174
332,-24,185,-21,165,-12393,2861,174
328,-22,184,-20,163,-13058,2494,172
326,-21,181,-22,160,-13717,2414,169
325,-22,178,-23,159,-14366,2573,167
324,-23,176,-23,159,-15007,2556,166
324,-24,175,-24,158,-15639,2570,165
325,-25,173,-26,157,-16264,2761,163
324,-25,174,-25,159,-16877,2801,165
324,-24,175,-24,159,-17485,2617,166
323,-24,175,-24,158,-18085,2594,166
323,-23,175,-23,158,-18677,2574,166
321,-22,177,-22,159,-19261,2375,167
322,-22,175,-23,156,-19840,2351,165
322,-23,175,-23,157,-20411,2570,164
321,-23,174,-23,157,-20975,2567,164
322,-23,174,-24,157,-21532,2519,164
323,-25,172,-26,156,-22082,2638,162
322,-25,173,-25,158,-22624,2641,164
322,-24,174,-24,158,-23160,2370,164
322,-24,174,-23,157,-23689,2308,164
321,-24,174,-23,157,-24211,2234,165
319,-22,176,-21,158,-24726,1961,166
319,-22,175,-23,155,-25237,1949,164
320,-23,174,-23,156,-25740,2115,163
320,-23,173,-23,156,-26237,2107,163
320,-23,173,-24,156,-26728,2253,163
321,-25,171,-25,155,-27214,2755,161
321,-25,172,-25,157,-27692,3098,163
320,-24,173,-24,157,-28164,3037,164
319,-24,172,-23,156,-28631,3120,163
319,-23,173,-23,156,-29091,3137,164
317,-22,175,-21,157,-29545,2857,165
317,-22,173,-22,154,-29995,2707,163
318,-23,172,-23,155,-30440,2939,162
318,-23,172,-23,155,-30878,2980,162
317,-23,171,-23,154,-31311,3065,161
318,-24,170,-25,154,-31740,3308,160
319,-24,171,-25,156,-32161,3430,162
318,-24,172,-24,155,-32577,3270,163
317,-23,171,-23,155,32547,3343,162
315,-23,175,-22,153,32138,3411,160
308,-24,185,-19,150,31730,3186,156
303,-28,191,-17,144,31325,2984,149
298,-30,197,-17,140,30926,3103,143
294,-29,201,-16,138,30536,3047,140
296,-22,195,-19,139,30160,2964,143
303,-15,181,-24,144,29794,3126,149
314,-1,160,-29,155,29444,3288,164
332,25,125,-38,170,29113,3108,187
354,49,84,-49,189,28789,3166,213
380,72,42,-60,209,28471,3257,240
404,95,1,-69,230,28158,2898,269
429,117,-41,-81,247,27847,2383,295
455,137,-84,-93,268,27540,2386,321
482,156,-126,-103,289,27237,2339,348
508,170,-164,-113,308,26934,2319,374
533,172,-198,-121,326,26628,2478,396
555,171,-222,-126,343,26320,2554,416
569,175,-241,-129,354,26013,2231,431
578,178,-255,-132,361,25701,2121,440
584,172,-258,-132,364,25384,2160,444
585,162,-253,-128,366,25065,2068,444
580,153,-245,-125,360,24742,2006,437
572,144,-230,-122,353,24418,2282,426
560,133,-211,-117,344,24094,2334,413
546,119,-187,-111,333,23769,2413,398
529,99,-157,-104,318,23440,2456,376
507,77,-118,-93,302,23111,2433,353
481,57,-76,-82,282,22783,2096,327
455,32,-32,-69,260,22455,1989,298
429,4,14,-57,240,22130,2023,270
402,-16,57,-44,220,21814,1903,243
375,-34,97,-34,198,21501,1742,215
350,-53,137,-25,177,21192,1969,187
322,-70,166,-22,156,20886,2017,158
294,-93,171,-23,134,20579,2072,127
268,-107,170,-24,114,20283,2572,100
296,-32,173,-20,141,18886,2921,146
304,-25,172,-21,147,18662,3098,153
306,-24,172,-21,149,18432,3102,155
306,-24,171,-21,148,18201,3062,154
306,-25,170,-23,147,17973,3251,153
307,-26,169,-23,149,17749,3461,154
306,-25,171,-22,149,17528,3238,155
305,-24,171,-21,148,17309,3181,155
304,-24,171,-21,149,17093,3155,155
304,-23,172,-19,150,16880,2994,156
303,-23,172,-20,147,16669,2757,155
303,-24,170,-21,147,16460,2852,153
304,-24,170,-21,147,16255,2740,154
303,-24,170,-21,147,16051,2563,153
304,-25,168,-23,146,15849,2586,152
305,-25,168,-23,148,15652,2732,153
304,-24,170,-21,149,15458,2522,154
303,-24,169,-21,148,15265,2493,154
303,-24,169,-21,148,15074,2512,154
302,-23,171,-19,148,14887,2284,155
301,-22,170,-19,146,14701,1930,154
301,-23,169,-21,146,14516,2055,153
302,-24,169,-21,147,14335,2136,152
302,-24,169,-21,146,14156,2217,152
302,-25,167,-23,146,13978,2295,151
303,-25,167,-23,147,13803,2407,152
302,-24,168,-21,147,13633,2121,153
301,-24,168,-21,147,13462,2118,153
301,-24,168,-21,146,13294,2208,153
300,-23,170,-19,147,13129,2042,154
299,-22,170,-19,145,12965,1822,153
300,-23,168,-21,145,12802,2006,152
300,-24,168,-21,146,12642,2026,152
300,-23,168,-21,145,12484,2010,151
300,-24,166,-23,145,12327,2110,150
301,-25,166,-23,146,12173,2436,150
300,-24,167,-21,147,12022,2292,152
299,-24,167,-21,146,11872,2209,152
299,-24,167,-20,146,11724,2188,152
298,-23,169,-19,146,11579,2074,153
297,-22,168,-19,144,11434,1833,152
298,-23,168,-20,144,11291,1999,151
300,-22,171,-20,146,11153,2092,153
301,-22,171,-20,147,11014,2159,153
302,-22,171,-21,147,10877,2288,153
304,-22,173,-21,149,10743,2461,155
304,-21,175,-19,151,10612,2249,157
305,-22,177,-19,151,10480,2141,158
305,-23,177,-19,152,10349,2150,159
304,-22,178,-17,152,10221,2035,160
304,-21,180,-16,151,10095,1803,160
306,-21,180,-17,151,9970,1989,160
307,-20,181,-17,152,9846,2058,160
307,-21,181,-17,152,9723,2044,161
309,-23,180,-18,152,9602,2110,160
310,-25,180,-19,154,9483,2316,161
310,-22,183,-17,155,9367,2148,163
310,-20,184,-17,155,9251,2082,163
310,-20,185,-16,155,9136,2130,164
310,-20,187,-15,157,9024,2082,166
310,-20,188,-14,156,8912,1913,166
311,-20,189,-15,156,8801,2117,166
315,-18,193,-14,159,8696,2199,168
318,-17,197,-14,161,8591,2246,171
321,-16,200,-14,163,8487,2393,173
323,-16,201,-14,165,8383,2645,175
324,-13,205,-12,166,8282,2466,178
326,-11,210,-10,168,8183,2336,181
328,-9,214,-9,170,8085,2369,184
330,-7,220,-7,172,7989,2238,187
331,-4,224,-5,173,7894,1957,189
335,-6,225,-6,174,7797,2079,190
339,-6,229,-5,178,7704,2077,193
342,-4,233,-4,179,7611,1999,196
344,-3,236,-4,181,7520,2081,198
348,-2,240,-4,184,7430,2395,200
350,0,246,-1,187,7342,2316,205
352,0,249,0,188,7254,2284,207
354,0,252,0,190,7166,2341,210
355,1,255,1,191,7079,2229,211
356,3,258,2,192,6994,1856,213
357,2,257,1,191,6907,1938,212
359,0,258,1,193,6822,1991,213
360,0,258,1,193,6737,1965,213
360,0,258,0,193,6653,2047,213
363,0,259,0,195,6571,2316,214
363,0,262,1,197,6492,2204,216
362,0,262,2,196,6410,2173,216
361,0,261,2,195,6330,2237,216
358,0,259,2,194,6249,2138,215
356,0,258,2,193,6170,1872,214
356,-2,255,0,191,6090,2038,211
355,-3,252,0,190,6012,2159,209
354,-5,250,0,189,5934,2133,207
352,-5,246,-2,187,5857,2133,205
352,-9,243,-4,187,5781,2361,203
349,-8,242,-3,187,5708,2228,203
347,-11,239,-4,185,5634,2087,201
344,-11,235,-4,183,5560,2064,199
341,-10,233,-3,181,5489,2036,197
338,-11,231,-3,179,5417,1722,195
337,-15,226,-6,176,5345,1655,191
334,-18,220,-7,175,5273,1727,189
333,-21,217,-9,173,5204,1833,186
332,-25,212,-11,171,5136,1924,184
330,-28,207,-13,170,5066,2199,180
326,-27,205,-12,169,5001,2099,179
322,-24,203,-12,166,4937,1928,177
319,-23,200,-12,164,4872,1884,175
317,-24,199,-12,164,4810,1829,174
314,-23,197,-11,162,4748,1565,173
313,-25,194,-14,159,4685,1653,169
312,-24,192,-14,158,4626,1728,168
309,-24,188,-14,156,4565,1719,166
308,-25,186,-16,155,4505,1850,164
308,-25,183,-17,154,4447,2193,162
306,-25,182,-16,154,4390,2135,163
303,-25,180,-16,152,4334,2006,161
302,-24,179,-16,151,4279,2031,159
299,-22,178,-15,151,4225,1986,159
297,-22,177,-15,149,4171,1657,158
296,-23,174,-16,146,4115,1681,154
296,-23,173,-17,147,4063,1780,154
295,-26,171,-18,146,4010,1829,153
293,-26,168,-19,144,3958,2034,150
293,-26,166,-20,144,3906,2366,149
290,-24,165,-19,144,3857,2322,150
287,-23,162,-19,141,3807,2214,147
286,-23,161,-19,140,3758,2211,146
283,-21,161,-18,139,3711,2129,145
281,-19,162,-17,138,3665,1867,145
282,-20,160,-19,137,3617,1964,143
282,-20,159,-19,137,3571,2091,143
280,-22,156,-20,136,3524,2110,141
280,-23,154,-21,135,3478,2190,139
281,-24,153,-22,135,3434,2241,139
280,-24,154,-21,136,3392,1698,141
279,-23,155,-20,136,3350,1294,141
279,-23,154,-20,135,3309,1180,141
279,-22,155,-19,136,3268,1057,141
277,-22,156,-18,135,3228,800,142
278,-22,155,-19,133,3186,871,140
278,-22,154,-20,134,3146,968,139
278,-22,154,-20,134,3106,943,139
278,-23,153,-21,134,3067,998,139
279,-24,152,-23,134,3028,1289,138
278,-24,153,-21,135,2992,1264,140
277,-23,154,-20,135,2955,1132,140
277,-23,153,-20,135,2918,1143,140
276,-22,154,-19,134,2882,1111,140
275,-21,155,-17,135,2847,857,141
275,-22,154,-19,132,2810,903,139
276,-22,153,-19,133,2774,1031,138
276,-23,153,-20,133,2740,1046,138
276,-23,153,-21,132,2705,1122,138
277,-24,151,-22,133,2670,1371,137
277,-23,152,-20,135,2639,1323,139
276,-23,152,-20,134,2606,1149,139
276,-23,152,-20,133,2573,1170,139
275,-22,153,-19,134,2542,1151,140
274,-21,154,-18,134,2511,892,140
274,-21,153,-19,131,2478,997,138
274,-22,152,-19,132,2447,1202,138
274,-22,152,-20,132,2416,1170,138
275,-22,151,-20,132,2386,1201,137
275,-24,149,-22,132,2355,1462,136
275,-24,151,-21,134,2327,1395,138
274,-23,151,-20,133,2298,1094,138
273,-22,151,-20,133,2269,1038,138
273,-22,152,-19,133,2241,1031,138
272,-21,153,-18,132,2214,866,139
272,-21,152,-19,131,2185,967,137
273,-22,151,-20,132,2157,1201,136
272,-22,151,-20,132,2131,1246,137
273,-22,150,-21,131,2104,1288,136
273,-23,149,-22,131,2076,1520,135
273,-23,150,-20,133,2078,1497,137
272,-23,150,-20,132,2077,1319,137
272,-22,150,-20,132,2075,1270,137
272,-22,151,-19,132,2075,1125,138
270,-21,152,-17,132,2074,752,138
270,-21,151,-19,130,2072,705,136
271,-21,150,-19,130,2070,865,136
271,-22,150,-20,131,2069,854,136
271,-22,150,-20,131,2067,879,135
272,-23,148,-21,131,2065,1137,134
271,-23,149,-20,133,2065,1174,136
271,-23,149,-20,132,2064,845,136
270,-23,150,-19,131,2063,683,137
270,-22,150,-19,131,2062,735,137
269,-21,151,-17,131,2061,578,138
269,-21,150,-18,129,2059,606,136
270,-22,150,-19,130,2057,778,135
269,-21,149,-19,130,2056,769,135
270,-22,148,-20,129,2054,811,135
270,-23,147,-21,129,2052,1112,133
270,-23,148,-20,131,2052,1194,135
269,-22,148,-20,131,2051,1012,136
269,-22,148,-20,130,2050,968,135
268,-22,149,-19,131,2049,893,136
267,-20,151,-17,130,2049,636,137
267,-20,149,-18,128,2046,583,135
267,-21,148,-19,129,2044,730,134
268,-22,149,-19,129,2043,804,135
267,-22,148,-20,129,2041,893,134
268,-23,146,-21,129,2039,1087,133
268,-23,147,-20,130,2039,1076,134
267,-22,148,-19,130,2038,867,135
267,-22,148,-19,130,2037,870,135
267,-22,148,-19,130,2036,854,135
265,-20,150,-17,130,2036,580,136
265,-20,148,-18,128,2033,460,134
265,-21,147,-19,128,2031,586,134
265,-21,147,-19,128,2030,587,134
266,-22,147,-20,128,2028,658,133
267,-23,145,-22,127,2026,868,131
267,-23,146,-20,129,2026,913,133
266,-22,147,-19,129,2025,719,134
265,-22,147,-19,129,2024,681,134
265,-21,147,-19,129,2023,667,134
263,-20,149,-17,129,2023,421,135
263,-20,147,-18,127,2021,404,133
264,-21,147,-19,127,2019,709,133
264,-21,147,-19,128,2018,758,133
264,-21,146,-19,127,2016,765,132
265,-22,144,-21,127,2013,940,131
265,-23,145,-20,129,2013,1045,133
264,-22,146,-19,128,2012,967,133
263,-22,146,-19,128,2011,1009,133
263,-21,146,-19,128,2010,995,133
262,-20,148,-17,128,2010,793,134
262,-20,147,-18,126,2008,770,132
262,-21,146,-19,126,2006,997,132
262,-21,145,-19,127,2005,984,132
262,-21,145,-19,126,2003,957,132
263,-22,143,-21,126,2001,1132,130
263,-22,144,-20,128,2001,1222,131
262,-22,144,-19,127,2000,1050,132
262,-22,145,-19,127,1998,1116,132
261,-21,145,-19,127,1997,1148,132
261,-20,147,-17,127,1998,953,134
260,-20,146,-18,125,1995,884,132
261,-20,145,-18,125,1993,1094,131
261,-21,145,-19,125,1992,1113,131
261,-22,144,-19,125,1991,1090,131
262,-22,143,-21,125,1988,1218,129
262,-22,143,-20,127,1988,1305,131
261,-22,144,-19,127,1987,1038,132
261,-22,144,-19,126,1986,968,131
260,-21,144,-19,126,1985,943,131
259,-20,146,-17,127,1985,730,132
259,-20,145,-17,124,1983,575,131
259,-20,144,-18,125,1981,802,130
259,-20,144,-19,125,1980,862,130
259,-21,143,-19,125,1978,905,130
260,-22,142,-21,124,1976,1088,128
260,-22,142,-20,126,1975,1210,129
259,-22,143,-19,125,1975,1004,130
259,-21,143,-19,125,1973,975,130
258,-21,143,-19,125,1973,958,130
257,-20,145,-17,126,1973,772,132
257,-20,145,-17,124,1971,673,130
257,-20,143,-18,124,1968,907,130
258,-20,143,-19,124,1967,937,129
258,-21,142,-19,124,1966,934,129
258,-22,141,-21,123,1964,1064,128
259,-23,141,-20,125,1963,1179,129
258,-22,142,-19,125,1962,934,130
257,-22,142,-19,125,1961,843,129
257,-21,142,-18,125,1960,838,129
256,-20,144,-17,125,1960,677,131
255,-20,143,-17,123,1958,544,129
256,-20,142,-18,123,1956,907,128
256,-21,142,-18,123,1955,1068,128
256,-21,141,-19,123,1954,1172,128
256,-22,140,-20,122,1951,1370,127
257,-22,140,-20,124,1951,1549,128
256,-21,141,-18,124,1951,1358,129
255,-21,141,-19,123,1949,1324,129
255,-21,141,-18,123,1948,1374,128
254,-20,143,-17,124,1948,1262,130
254,-19,142,-17,122,1946,1122,128
254,-20,142,-18,122,1945,1325,128
257,-19,146,-17,125,1947,1353,131
259,-17,148,-17,126,1949,1411,132
261,-18,149,-17,127,1949,1548,133
264,-18,152,-17,131,1951,1685,136
266,-18,157,-15,133,1955,1493,140
270,-19,160,-14,135,1957,1416,143
271,-19,163,-13,136,1958,1410,144
272,-17,167,-11,139,1962,1294,147
273,-17,169,-11,138,1961,1074,148
274,-17,168,-12,138,1960,1203,147
274,-15,170,-11,139,1960,1209,148
275,-16,170,-12,140,1960,1233,149
278,-18,170,-13,140,1958,1380,148
279,-19,170,-13,142,1957,1608,149
277,-18,171,-12,142,1957,1443,150
277,-18,171,-12,141,1956,1407,150
277,-18,171,-12,141,1955,1415,150
276,-19,172,-10,142,1954,1284,151
275,-21,170,-11,139,1951,1097,149
276,-22,169,-12,139,1949,1293,148
276,-22,168,-13,140,1948,1346,148
274,-21,167,-13,138,1945,1353,147
273,-20,165,-14,137,1942,1456,145
274,-21,165,-14,138,1941,1635,145
273,-20,166,-13,139,1941,1427,146
271,-21,163,-14,136,1937,1345,145
269,-21,161,-14,136,1934,1303,143
268,-20,163,-12,137,1934,1125,145
266,-21,160,-12,134,1931,863,142
265,-22,157,-14,132,1926,1048,139
264,-21,155,-15,132,1923,1122,138
263,-20,154,-15,130,1921,1117,137
261,-22,150,-17,128,1916,1230,134
261,-23,148,-18,129,1914,1468,133
258,-20,148,-16,128,1912,1316,134
257,-20,147,-16,127,1910,1275,132
255,-21,144,-16,125,1906,1257,131
251,-18,143,-16,124,1904,1093,130
249,-17,142,-16,121,1901,848,128
248,-19,138,-17,119,1896,1053,125
247,-20,137,-18,120,1894,1107,124
248,-20,137,-18,119,1893,1132,124
248,-21,136,-20,118,1890,1289,122
248,-21,135,-20,120,1889,1562,123
248,-20,136,-18,121,1890,1402,125
247,-20,136,-18,120,1888,1342,124
247,-20,136,-17,119,1887,1296,124
246,-19,137,-16,120,1887,1150,125
245,-19,138,-16,119,1886,934,125
245,-19,136,-18,118,1883,1068,123
246,-20,136,-18,118,1882,1095,123
246,-20,136,-18,118,1881,1095,123
246,-21,135,-19,118,1879,1201,122
247,-21,134,-20,119,1877,1478,122
246,-20,135,-18,120,1877,1355,124
246,-20,135,-18,119,1877,1292,124
245,-20,135,-18,119,1875,1198,124
245,-19,137,-17,119,1875,946,124
244,-18,137,-16,118,1874,717,124
244,-19,135,-17,117,1872,894,122
244,-19,135,-17,118,1870,883,122
244,-20,135,-18,117,1869,889,122
245,-20,134,-19,117,1867,1057,121
245,-22,133,-20,118,1866,1359,121
245,-21,135,-18,119,1866,1175,123
244,-20,135,-18,118,1865,1067,123
244,-20,135,-18,118,1864,1060,122
243,-19,136,-17,119,1863,920,123
242,-18,136,-16,118,1862,684,123
243,-19,135,-17,116,1860,852,122
242,-19,135,-17,117,1859,919,122
243,-20,134,-18,117,1857,890,122
243,-20,133,-19,116,1855,919,120
244,-21,132,-19,117,1854,1090,121
243,-20,133,-18,118,1854,855,122
242,-20,134,-17,117,1852,744,121
237,-21,141,-16,113,1845,738,117
231,-24,150,-13,110,1837,636,112
225,-25,157,-10,105,1829,413,108
220,-27,163,-11,100,1820,583,101
220,-22,161,-12,100,1820,679,101
224,-14,151,-15,104,1828,740,107
233,-5,134,-20,111,1841,890,115
249,15,103,-30,124,1870,1165,134
270,41,66,-39,143,1909,1000,161
294,64,24,-50,162,1949,881,187
319,86,-18,-60,182,1990,895,215
344,109,-59,-70,203,2031,777,244
369,131,-100,-81,222,2072,519,271
395,151,-144,-93,241,2110,719,296
421,168,-184,-103,262,2148,858,323
446,177,-220,-111,281,2182,917,347
471,176,-249,-117,297,2207,1060,367
490,175,-272,-123,311,2227,1343,383
501,180,-287,-126,322,2245,1219,397
508,180,-296,-127,326,2251,1125,402
512,169,-295,-125,327,2249,1121,403
510,160,-287,-122,326,2242,983,401
503,153,-273,-117,321,2230,660,393
492,142,-257,-114,310,2209,795,380
480,129,-236,-108,301,2187,935,366
464,113,-208,-101,288,2157,989,348
443,92,-173,-92,272,2121,1101,324
421,69,-135,-83,254,2080,1371,298
394,46,-90,-70,235,2038,1230,273
368,19,-44,-57,213,1992,1103,244
341,-5,0,-45,192,1947,1100,215
315,-23,41,-33,172,1907,946,189
288,-40,83,-22,152,1866,499,162
262,-58,119,-17,129,1823,553,132
234,-79,134,-16,107,1777,559,102
206,-100,135,-17,85,1732,361,73
184,-99,135,-17,70,1706,392,54
177,-82,133,-18,65,1703,572,49
181,-70,135,-17,71,1715,425,59
194,-57,135,-16,81,1737,301,73
208,-44,135,-16,92,1759,397,88
220,-34,136,-15,103,1779,465,102
228,-24,137,-14,109,1794,302,113
232,-20,135,-15,110,1798,459,115
233,-21,134,-16,111,1797,604,115
233,-21,134,-16,111,1796,603,115
233,-21,134,-17,111,1794,620,114
235,-23,132,-18,111,1793,870,114
234,-22,133,-16,113,1793,791,116
233,-21,134,-16,112,1792,676,116
232,-21,134,-16,112,1791,681,116
232,-21,134,-15,112,1790,629,116
231,-19,136,-14,112,1790,360,117
231,-20,134,-15,110,1787,481,115
231,-20,134,-16,111,1786,650,115
231,-20,133,-16,111,1785,658,115
231,-21,132,-17,110,1783,636,114
232,-22,131,-18,111,1781,699,113
232,-22,133,-17,112,1781,505,115
231,-21,133,-16,111,1781,319,115
231,-21,133,-16,111,1780,272,115
231,-21,134,-15,111,1779,225,115
229,-19,135,-14,111,1778,-45,116
229,-20,133,-15,109,1776,32,114
230,-20,133,-16,110,1775,240,114
230,-21,132,-16,110,1774,276,113
230,-21,132,-17,109,1772,290,113
231,-22,130,-18,110,1770,510,112
230,-22,132,-16,112,1770,435,114
230,-21,132,-16,111,1769,228,114
229,-21,132,-16,110,1768,200,114
229,-20,133,-15,111,1768,102,115
228,-19,135,-13,111,1768,-188,116
228,-19,132,-15,108,1765,-113,113
228,-20,132,-16,109,1764,23,113
228,-20,132,-16,109,1762,35,113
229,-21,131,-16,109,1761,53,112
230,-22,129,-18,109,1759,250,111
229,-21,131,-17,111,1759,165,113
228,-21,131,-16,110,1758,37,113
228,-21,131,-16,110,1757,136,113
227,-20,132,-15,110,1757,235,114
227,-19,134,-13,110,1757,78,115
228,-18,134,-15,109,1756,207,114
229,-18,136,-14,111,1757,514,115
230,-18,135,-15,111,1756,644,115
231,-17,137,-15,112,1757,673,116
234,-18,137,-16,113,1757,926,116
235,-19,140,-14,116,1758,984,120
235,-20,141,-14,116,1758,754,121
235,-20,141,-14,116,1757,445,120
234,-19,142,-13,116,1757,107,121
234,-16,146,-11,117,1759,-439,123
236,-16,146,-12,115,1758,-358,122
236,-17,145,-12,117,1757,-285,122
237,-18,145,-12,117,1756,-409,123
239,-20,146,-13,117,1755,-358,123
240,-21,145,-14,118,1754,-80,123
240,-18,148,-12,120,1756,-78,125
240,-17,149,-11,120,1756,-170,126
241,-18,150,-11,120,1756,-295,127
241,-18,151,-11,121,1756,-371,128
241,-16,153,-9,122,1757,-316,130
243,-15,156,-9,121,1757,114,130
246,-14,159,-9,124,1761,529,132
249,-12,164,-8,127,1764,737,135
251,-11,166,-8,128,1766,891,137
253,-12,166,-9,129,1765,1177,137
256,-10,172,-7,132,1769,1212,141
258,-7,177,-5,134,1773,1053,144
260,-5,181,-3,136,1776,990,147
262,-3,186,-2,138,1779,902,150
264,-1,191,0,140,1783,608,154
267,-2,193,0,140,1784,566,154
271,-2,196,0,143,1786,730,157
273,0,201,0,145,1790,679,160
276,1,205,1,147,1792,681,162
280,1,207,1,149,1794,914,164
282,2,212,2,153,1798,919,168
284,2,215,4,155,1800,749,171
285,3,218,4,155,1802,753,172
287,4,220,5,157,1803,779,174
287,6,224,7,158,1805,535,177
288,5,223,6,156,1803,485,175
290,3,223,6,158,1803,696,176
291,2,224,6,159,1802,754,176
292,3,225,6,159,1803,830,177
294,3,225,4,160,1802,1079,177
293,3,226,5,162,1802,1093,179
293,4,227,6,161,1801,832,179
291,3,224,6,160,1799,747,177
289,2,223,6,159,1796,728,176
288,1,223,7,159,1795,531,177
286,0,219,5,155,1790,511,173
286,-1,216,4,155,1786,631,172
284,-2,214,3,154,1783,574,170
283,-3,211,2,152,1779,550,167
282,-5,207,0,150,1775,721,165
280,-7,205,0,151,1772,771,165
277,-9,202,0,150,1768,597,163
275,-8,199,0,147,1764,598,160
272,-8,196,0,145,1760,572,159
269,-10,194,0,144,1757,378,158
267,-13,189,-1,140,1751,346,153
265,-16,184,-3,139,1745,461,150
264,-20,181,-4,138,1740,390,148
261,-22,176,-6,135,1735,365,145
259,-25,171,-9,133,1729,560,141
257,-23,169,-8,133,1727,653,141
253,-21,167,-7,131,1724,507,139
250,-21,164,-8,129,1720,485,137
231,-20,143,-11,116,1688,323,121
229,-20,142,-10,115,1686,58,121
227,-19,140,-11,112,1683,-83,118
228,-21,138,-12,112,1680,50,117
226,-23,136,-13,111,1677,106,115
225,-22,134,-14,110,1674,250,114
225,-22,131,-15,108,1671,551,112
222,-21,129,-15,109,1668,705,111
219,-21,128,-15,107,1666,551,110
218,-19,127,-15,105,1664,508,109
216,-18,126,-14,104,1662,421,109
215,-16,128,-12,105,1662,78,110
214,-16,127,-13,103,1660,-43,108
214,-18,123,-15,102,1656,159,105
212,-19,121,-15,101,1653,168,104
212,-20,121,-16,101,1652,140,104
213,-21,119,-17,101,1649,282,102
213,-21,119,-17,102,1649,388,104
212,-20,121,-16,102,1649,171,104
212,-20,121,-16,101,1648,113,104
212,-20,121,-15,102,1647,37,105
211,-18,123,-14,102,1647,-188,106
210,-18,122,-14,99,1645,-211,104
211,-19,121,-15,100,1644,93,103
211,-19,120,-15,100,1642,159,103
211,-19,120,-15,100,1641,131,103
212,-21,119,-17,100,1639,253,102
212,-21,119,-16,101,1639,369,103
211,-20,120,-15,101,1638,198,104
211,-20,120,-15,101,1637,199,103
210,-19,120,-15,101,1636,164,104
209,-18,121,-13,101,1637,-9,105
209,-18,121,-14,99,1635,-98,104
210,-19,120,-15,99,1634,192,102
210,-19,120,-15,100,1632,289,103
210,-19,120,-15,99,1631,261,103
211,-20,118,-17,99,1629,370,101
211,-20,118,-16,101,1628,482,102
210,-20,119,-16,101,1628,346,103
210,-20,119,-15,100,1627,375,103
209,-19,119,-15,100,1627,377,103
208,-18,121,-13,101,1627,245,104
208,-18,120,-14,99,1625,119,103
208,-19,119,-15,99,1623,300,102
208,-19,119,-15,99,1622,265,102
209,-19,118,-16,99,1621,216,102
209,-20,117,-17,98,1618,414,101
209,-21,117,-16,100,1618,678,102
208,-20,118,-15,100,1618,584,103
208,-20,118,-15,99,1617,582,103
208,-20,118,-15,100,1616,537,102
207,-19,120,-13,100,1617,331,104
206,-18,119,-13,98,1615,255,102
207,-19,119,-15,98,1613,500,101
207,-19,118,-15,99,1612,469,101
207,-19,118,-15,99,1611,430,101
208,-20,117,-16,98,1609,581,100
208,-21,117,-17,99,1608,821,101
207,-20,118,-15,100,1608,650,102
207,-20,118,-15,99,1607,602,102
207,-20,118,-14,99,1606,558,102
206,-18,119,-13,99,1606,344,103
205,-17,119,-14,98,1604,119,102
206,-18,118,-14,98,1603,220,101
206,-19,117,-15,98,1602,218,101
206,-19,117,-15,98,1600,154,100
207,-20,116,-16,97,1598,237,99
207,-21,116,-16,99,1598,477,100
206,-19,117,-15,99,1598,338,101
206,-19,117,-15,98,1597,326,101
205,-19,117,-15,98,1596,482,101
204,-18,118,-13,99,1596,584,102
204,-18,118,-13,97,1595,507,101
204,-18,117,-14,96,1592,777,100
205,-19,116,-15,97,1591,861,100
204,-19,116,-15,97,1590,928,100
205,-20,115,-16,97,1588,1124,99
206,-21,115,-16,98,1588,1387,100
205,-20,116,-15,99,1588,1185,101
204,-19,116,-15,98,1587,1141,101
204,-19,116,-15,98,1586,1201,101
203,-18,118,-13,99,1586,1037,102
202,-17,118,-13,97,1585,759,101
203,-18,116,-14,96,1583,878,100
204,-18,116,-15,97,1581,855,99
204,-19,116,-15,96,1580,812,99
204,-20,115,-16,96,1579,1001,98
205,-21,114,-16,98,1578,1245,99
204,-19,115,-15,98,1578,1053,100
203,-19,115,-15,97,1577,1001,100
203,-19,116,-14,97,1576,1032,100
202,-18,117,-13,98,1576,935,101
201,-17,117,-13,96,1575,744,100
202,-18,116,-14,95,1573,941,99
202,-18,115,-14,96,1572,965,99
202,-19,115,-15,96,1571,965,99
202,-20,113,-16,95,1568,1197,97
203,-20,113,-17,96,1567,1548,98
202,-20,114,-15,97,1568,1329,100
202,-19,114,-15,96,1567,1189,99
201,-19,115,-14,96,1566,1106,99
201,-18,116,-13,97,1566,886,101
200,-17,116,-13,96,1565,647,100
200,-18,115,-14,95,1563,893,98
201,-19,115,-14,96,1562,1028,99
201,-19,114,-15,96,1561,1111,98
201,-19,113,-16,94,1559,1245,97
202,-20,112,-16,96,1557,1492,97
201,-19,114,-15,97,1558,1315,99
201,-19,114,-14,96,1557,1278,98
200,-19,114,-14,95,1556,1348,99
200,-18,115,-13,96,1556,1278,100
199,-17,116,-13,95,1556,1054,99
199,-18,114,-14,94,1553,1257,98
199,-18,114,-14,95,1552,1350,98
199,-18,114,-14,94,1551,1236,97
200,-19,113,-16,94,1549,1068,96
200,-20,112,-16,95,1548,989,97
199,-19,113,-15,96,1549,572,98
199,-19,113,-14,95,1547,367,98
199,-19,113,-14,95,1547,280,98
198,-18,115,-13,96,1547,75,99
197,-17,115,-13,95,1545,-280,99
198,-18,113,-14,93,1543,-204,97
198,-18,113,-14,94,1542,-147,97
198,-19,113,-14,94,1541,-192,97
198,-19,112,-16,93,1539,-109,96
199,-20,111,-16,94,1538,120,96
198,-19,113,-14,96,1539,-44,98
198,-19,113,-14,95,1538,-77,97
198,-19,112,-14,95,1537,-7,98
197,-18,114,-13,95,1537,-82,99
196,-17,114,-12,94,1536,-392,98
197,-18,113,-14,93,1534,-215,96
197,-18,112,-14,94,1533,-123,96
197,-18,112,-14,93,1532,-205,96
197,-19,111,-15,93,1530,-187,95
198,-20,110,-16,94,1528,0,95
197,-19,111,-15,95,1529,-191,97
196,-19,112,-14,94,1528,-301,97
196,-19,112,-14,94,1527,-307,97
196,-18,113,-13,95,1527,-489,98
195,-17,113,-12,94,1527,-789,97
195,-18,112,-14,92,1524,-554,96
195,-18,111,-14,93,1523,-421,96
195,-18,111,-14,93,1522,-480,95
196,-19,110,-15,92,1520,-412,95
197,-20,109,-16,93,1519,-69,94
196,-19,111,-15,94,1519,-153,96
195,-18,111,-14,94,1518,-175,96
195,-18,111,-14,93,1517,-237,96
194,-17,112,-13,94,1517,-462,97
193,-16,113,-12,93,1517,-718,97
194,-17,111,-14,92,1514,-299,95
194,-17,111,-14,93,1513,47,95
194,-17,111,-14,93,1512,111,95
194,-18,110,-15,92,1511,170,95
195,-20,109,-16,92,1509,449,94
195,-19,110,-15,94,1510,397,96
194,-19,110,-15,92,1509,382,96
194,-18,110,-14,92,1508,393,96
193,-18,111,-13,93,1508,216,96
192,-16,113,-12,93,1508,-96,96
194,-16,113,-13,92,1508,-3,96
197,-15,117,-12,95,1511,76,99
199,-14,119,-12,96,1512,107,100
201,-14,121,-12,97,1513,192,102
205,-16,123,-13,100,1515,520,104
208,-17,128,-10,104,1519,471,109
209,-16,131,-10,105,1520,324,110
211,-16,134,-9,107,1522,199,113
213,-15,137,-8,109,1525,4,115
213,-14,139,-6,109,1526,-294,116
214,-12,139,-7,107,1525,-169,115
214,-12,140,-7,109,1525,-90,116
216,-14,140,-7,110,1524,-105,116
217,-15,140,-8,110,1523,-94,116
218,-16,139,-10,110,1522,137,115
217,-16,141,-8,112,1522,79,117
217,-16,141,-8,111,1521,8,117
216,-16,140,-8,111,1520,-25,117
216,-18,139,-7,111,1518,-159,118
214,-18,140,-6,110,1518,-498,118
215,-19,138,-7,109,1515,-449,116
215,-18,137,-8,109,1513,-319,115
213,-17,136,-8,107,1511,-256,114
213,-17,135,-9,107,1509,-149,113
213,-18,134,-10,107,1507,123,112
213,-18,134,-9,108,1507,68,113
210,-19,131,-9,106,1504,-33,111
209,-19,131,-9,106,1502,-40,111
208,-19,130,-9,105,1501,-174,111
205,-19,129,-8,104,1498,-534,110
205,-19,126,-10,101,1495,-467,106
203,-18,124,-10,100,1492,-312,105
201,-18,122,-11,99,1489,-397,103
200,-20,119,-12,98,1486,-396,101
200,-20,117,-14,97,1483,-186,100
198,-18,117,-12,97,1482,-300,101
196,-18,115,-12,95,1479,-476,100
193,-17,112,-13,94,1476,-457,97
191,-16,112,-12,93,1474,-560,96
188,-15,111,-11,91,1472,-880,95
187,-16,108,-13,89,1468,-816,92
188,-17,107,-13,89,1466,-717,92
188,-18,107,-13,89,1465,-723,92
188,-18,106,-14,89,1464,-613,91
189,-19,104,-16,89,1462,-317,90
189,-19,106,-14,91,1462,-310,92
188,-18,106,-14,90,1462,-406,92
187,-18,106,-14,89,1461,-381,92
187,-17,107,-13,90,1460,-417,93
186,-16,108,-11,90,1460,-682,94
185,-17,107,-13,88,1458,-632,92
186,-17,106,-14,88,1457,-499,91
186,-17,106,-14,88,1456,-535,91
187,-18,105,-14,88,1454,-525,90
188,-19,104,-16,88,1453,-289,90
187,-19,106,-14,90,1453,-348,92
186,-18,106,-14,89,1453,-530,92
186,-17,106,-13,89,1452,-556,92
186,-17,106,-13,90,1451,-572,92
185,-16,108,-11,89,1451,-752,93
185,-17,106,-12,87,1449,-655,91
185,-17,106,-13,88,1448,-496,91
186,-17,106,-13,88,1447,-541,91
186,-18,105,-14,88,1446,-511,90
187,-19,104,-15,88,1444,-279,89
186,-18,105,-14,89,1444,-297,91
185,-18,105,-14,89,1444,-424,91
185,-18,105,-14,89,1443,-376,91
185,-17,105,-13,89,1442,-417,91
184,-16,107,-11,89,1442,-679,92
184,-17,106,-13,87,1440,-654,90
184,-17,105,-13,87,1439,-529,90
184,-17,105,-13,87,1438,-567,90
184,-18,104,-14,87,1436,-543,90
186,-19,102,-16,87,1434,-307,89
185,-18,104,-14,89,1435,-49,90
181,-18,108,-13,86,1430,9,87
175,-21,116,-11,81,1421,107,82
170,-23,124,-8,78,1414,88,78
164,-23,133,-5,74,1407,-177,74
161,-22,134,-6,70,1402,-118,69
163,-15,127,-9,73,1408,92,73
170,-7,114,-13,78,1419,130,80
182,8,90,-20,88,1441,188,95
203,33,51,-32,104,1476,396,116
227,57,11,-42,125,1517,374,145
251,80,-29,-52,145,1558,171,173
277,101,-72,-63,165,1598,167,200
302,124,-114,-73,186,1639,20,228
326,146,-155,-83,206,1681,-363,256
352,165,-197,-94,223,1719,-434,281
379,177,-235,-104,244,1755,-284,306
404,180,-266,-111,262,1785,-367,329
424,179,-291,-116,277,1807,-563,347
440,180,-312,-122,287,1824,-525,359
449,183,-323,-124,296,1836,-531,370
454,176,-325,-122,299,1838,-727,373
455,165,-320,-119,298,1833,-679,371
450,157,-310,-116,294,1823,-641,366
439,149,-292,-110,287,1807,-893,356
427,138,-273,-106,276,1785,-958,342
414,123,-249,-100,265,1759,-827,325
395,103,-216,-91,250,1726,-836,304
372,82,-178,-82,232,1687,-805,279
348,58,-139,-72,212,1644,-592,251
322,32,-92,-59,193,1600,-607,224
295,6,-46,-46,172,1554,-837,195
269,-14,-4,-35,151,1513,-923,168
243,-32,36,-24,131,1472,-1021,141
215,-49,78,-13,110,1432,-1176,115
188,-66,103,-12,86,1387,-1158,84
160,-90,106,-12,64,1340,-1024,54
135,-100,107,-12,46,1305,-1093,30
121,-86,106,-12,37,1295,-1106,20
121,-72,105,-14,37,1300,-871,22
132,-61,106,-13,48,1319,-798,36
146,-47,107,-12,59,1343,-1023,52
159,-36,106,-12,70,1364,-1028,66
169,-26,106,-12,78,1381,-976,78
175,-18,108,-10,83,1392,-1129,86
176,-18,107,-11,82,1392,-1123,85
176,-18,106,-12,82,1390,-1002,85
176,-18,106,-12,83,1390,-1013,85
176,-19,106,-13,82,1388,-982,84
177,-20,104,-14,82,1386,-751,83
177,-19,105,-13,84,1386,-605,85
176,-19,105,-12,83,1386,-816,85
177,-19,105,-12,83,1385,-830,85
176,-19,106,-12,84,1385,-920,86
175,-17,107,-10,84,1385,-1211,87
174,-17,106,-11,82,1383,-1311,85
175,-18,105,-12,82,1382,-1161,84
175,-18,105,-12,82,1381,-1160,84
175,-18,105,-12,82,1380,-1170,84
176,-20,103,-14,81,1377,-1040,83
176,-20,104,-13,83,1378,-993,84
175,-18,104,-12,83,1378,-1152,85
175,-18,104,-12,83,1377,-1133,85
175,-18,105,-12,83,1376,-1169,85
174,-17,107,-10,83,1376,-1350,86
173,-17,106,-11,81,1374,-1395,84
174,-18,105,-11,81,1373,-1224,84
174,-18,104,-11,82,1372,-1232,84
174,-18,104,-12,81,1371,-1197,83
175,-19,102,-13,81,1369,-1003,82
175,-20,103,-13,83,1369,-920,84
174,-19,104,-12,82,1369,-1060,84
174,-18,104,-12,82,1368,-970,84
173,-18,104,-11,82,1367,-956,84
172,-17,106,-10,83,1368,-1149,85
172,-17,105,-10,81,1366,-1260,84
172,-18,104,-12,80,1364,-1089,83
173,-18,104,-11,81,1364,-1155,83
172,-18,104,-12,81,1363,-1220,83
173,-19,102,-13,81,1361,-1056,82
174,-19,102,-13,83,1360,-953,83
173,-18,103,-12,82,1360,-1128,84
173,-18,103,-12,81,1359,-1153,83
172,-18,103,-11,82,1359,-1208,84
172,-16,107,-9,83,1361,-1418,86
173,-14,108,-9,82,1361,-1483,86
174,-15,108,-10,83,1360,-1219,86
175,-15,109,-10,84,1361,-1161,87
177,-14,111,-10,85,1362,-1129,88
179,-16,110,-11,85,1361,-952,87
181,-18,112,-11,88,1362,-826,89
180,-18,113,-10,88,1362,-1008,91
180,-17,113,-9,88,1361,-977,91
180,-16,115,-9,88,1362,-1015,92
181,-14,119,-7,90,1365,-1287,95
181,-14,118,-7,88,1364,-1444,93
182,-15,118,-8,89,1362,-1311,93
183,-17,119,-8,90,1362,-1313,94
185,-17,119,-8,90,1362,-1288,94
185,-16,119,-9,90,1362,-1141,94
186,-15,120,-9,92,1362,-1058,95
186,-15,122,-7,93,1363,-1303,97
187,-16,123,-7,93,1363,-1377,98
187,-16,124,-7,93,1363,-1430,98
187,-14,128,-5,96,1366,-1609,101
189,-11,132,-4,96,1369,-1704,102
193,-11,135,-4,98,1371,-1501,105
196,-9,139,-3,100,1374,-1537,107
197,-8,140,-3,101,1376,-1569,108
200,-8,142,-4,102,1376,-1426,109
203,-7,146,-2,105,1380,-1284,113
205,-4,152,0,108,1384,-1411,117
208,-2,156,0,110,1388,-1331,120
210,-1,161,2,112,1391,-1293,123
212,0,165,4,115,1395,-1424,126
214,0,168,4,115,1397,-1492,128
218,1,172,4,117,1399,-1178,129
220,2,176,5,119,1403,-1113,132
223,4,180,6,121,1406,-1107,135
227,5,183,5,123,1408,-992,136
230,3,186,6,127,1411,-718,140
232,5,190,8,129,1414,-782,143
232,6,192,9,129,1414,-744,144
234,7,194,9,130,1416,-714,146
234,8,197,11,131,1418,-907,148
235,7,198,11,131,1418,-1134,148
236,5,196,10,131,1416,-894,147
237,5,197,10,132,1417,-757,148
239,6,200,10,133,1418,-676,149
240,6,199,9,133,1417,-550,148
240,5,199,9,134,1416,-485,149
238,6,198,10,134,1415,-800,150
236,5,196,10,132,1411,-881,148
236,3,195,9,131,1410,-830,147
234,2,194,10,131,1408,-850,147
232,2,192,9,128,1404,-918,145
231,0,188,8,126,1400,-709,142
229,0,186,7,126,1397,-707,140
228,-1,183,6,125,1394,-676,138
227,-3,179,4,123,1390,-517,135
226,-6,176,3,123,1385,-216,134
222,-6,173,3,121,1383,-320,133
219,-5,170,3,119,1378,-333,130
218,-8,167,2,117,1374,-319,128
215,-10,165,2,116,1371,-500,127
212,-12,160,2,113,1366,-747,124
211,-16,156,0,111,1361,-504,121
210,-19,152,-1,110,1356,-336,118
207,-21,147,-2,107,1351,-255,115
204,-22,143,-4,105,1346,-168,112
202,-20,140,-5,105,1343,-47,110
199,-19,139,-4,103,1341,-279,110
197,-19,137,-4,102,1338,-359,108
195,-20,135,-4,100,1335,-332,107
193,-20,133,-4,100,1333,-402,106
190,-17,132,-3,98,1331,-579,104
188,-18,128,-5,95,1326,-391,101
187,-19,126,-6,95,1324,-336,99
186,-18,124,-6,93,1321,-276,98
185,-20,120,-8,91,1317,-112,95
184,-20,118,-9,91,1314,73,94
182,-19,118,-7,91,1313,-92,95
180,-17,117,-7,89,1311,-108,94
178,-19,115,-8,88,1309,-99,92
176,-18,114,-7,88,1307,-165,92
174,-17,114,-6,86,1305,-388,91
174,-20,110,-9,84,1301,-207,88
173,-20,108,-9,84,1299,-70,87
172,-19,107,-10,83,1297,1,86
170,-18,104,-11,81,1293,147,83
169,-19,100,-12,80,1289,363,81
167,-18,101,-11,80,1289,116,81
165,-16,100,-11,78,1287,45,80
164,-16,99,-11,78,1286,64,80
163,-15,101,-9,79,1286,-74,81
161,-14,100,-9,77,1284,-281,80
161,-16,96,-11,74,1280,-139,77
160,-17,95,-12,75,1278,-142,76
160,-17,95,-12,75,1277,-174,76
161,-18,94,-12,75,1275,-146,75
162,-19,93,-13,75,1274,0,75
161,-18,95,-12,76,1275,-229,77
160,-18,95,-11,75,1274,-365,77
160,-17,95,-11,75,1273,-309,76
159,-17,95,-10,75,1273,-343,77
158,-16,96,-10,75,1273,-540,77
159,-17,95,-11,74,1271,-388,76
159,-17,95,-11,74,1270,-325,76
159,-17,94,-12,74,1269,-336,75
160,-18,93,-12,74,1268,-147,75
160,-19,92,-13,74,1267,124,74
159,-18,94,-12,75,1267,1,76
159,-18,94,-12,75,1266,-100,76
159,-17,94,-12,75,1265,-71,76
158,-17,95,-10,75,1265,-184,77
157,-16,96,-9,74,1265,-479,77
158,-16,94,-11,73,1263,-408,76
158,-17,94,-11,74,1262,-497,75
158,-17,94,-12,73,1261,-722,75
158,-17,93,-12,73,1259,-743,74
159,-19,92,-13,74,1258,-630,74
159,-18,93,-12,75,1259,-851,76
158,-18,93,-11,74,1258,-972,76
158,-17,93,-11,74,1257,-924,75
157,-16,94,-10,75,1257,-938,76
156,-15,95,-9,74,1257,-1034,76
156,-16,93,-11,72,1255,-750,75
157,-17,93,-11,73,1254,-593,75
157,-17,93,-12,73,1253,-564,75
158,-18,92,-13,72,1252,-423,74
159,-19,91,-13,73,1250,-95,73
158,-18,92,-12,74,1251,-223,75
157,-17,92,-12,74,1250,-308,75
157,-17,93,-11,74,1249,-267,75
156,-17,93,-10,74,1250,-298,76
155,-15,94,-9,74,1249,-506,76
156,-16,93,-11,72,1247,-358,74
156,-17,93,-11,73,1247,-289,74
156,-17,93,-11,73,1246,-235,74
157,-17,92,-12,72,1244,-3,73
157,-18,90,-13,73,1242,360,73
156,-18,92,-12,74,1243,255,75
156,-17,92,-11,73,1242,146,75
156,-17,92,-11,73,1242,155,75
155,-17,93,-10,74,1242,62,76
154,-15,94,-10,73,1241,-220,76
155,-16,92,-11,72,1239,-110,74
155,-17,92,-11,72,1238,-23,74
156,-17,92,-11,72,1237,-50,74
155,-17,91,-12,72,1236,-10,73
156,-18,90,-13,73,1235,194,72
155,-18,91,-12,74,1235,57,74
155,-17,91,-12,73,1235,-22,74
155,-17,92,-11,73,1234,-53,74
154,-16,93,-10,73,1234,-225,75
154,-15,94,-9,73,1234,-449,75
154,-16,92,-10,71,1232,-285,73
154,-16,91,-11,72,1231,-257,73
154,-17,91,-11,72,1230,-486,73
154,-17,91,-12,71,1229,-456,73
156,-18,89,-13,72,1227,-98,72
155,-18,91,-12,73,1227,-139,73
154,-17,91,-11,73,1227,-167,73
154,-17,91,-11,73,1226,-28,73
154,-17,92,-10,73,1226,25,74
152,-15,93,-9,72,1226,-225,75
153,-16,91,-10,71,1224,-193,73
153,-16,91,-11,71,1223,-71,73
153,-17,91,-11,71,1222,-46,73
153,-17,90,-12,71,1221,-54,72
154,-18,89,-13,71,1219,146,72
154,-18,90,-12,73,1220,42,73
153,-17,90,-11,72,1219,-77,73
153,-17,90,-11,72,1218,-40,73
152,-16,91,-10,72,1218,-163,74
151,-15,92,-9,72,1218,-551,75
152,-16,91,-10,71,1216,-578,72
152,-16,91,-10,71,1216,-623,72
152,-16,90,-11,71,1214,-705,72
152,-17,89,-11,70,1213,-681,72
153,-18,88,-13,70,1211,-529,71
153,-17,89,-11,72,1212,-636,72
151,-16,90,-11,71,1208,-1111,72
151,-16,89,-11,71,1207,-1044,72
151,-17,89,-12,70,1205,-915,71
152,-18,88,-13,70,1204,-679,70
153,-17,91,-11,73,1206,-712,73
155,-14,95,-10,74,1209,-804,76
156,-13,98,-9,75,1212,-750,78
157,-12,100,-8,77,1213,-817,80
159,-11,105,-5,79,1217,-1136,83
163,-13,107,-6,80,1218,-1083,84
166,-14,110,-6,83,1221,-899,87
168,-14,112,-5,84,1222,-826,88
171,-14,115,-6,86,1224,-704,90
174,-17,114,-7,87,1223,-461,90
174,-14,117,-5,88,1226,-519,93
173,-11,118,-4,88,1226,-645,94
174,-12,120,-4,89,1226,-622,94
174,-13,121,-4,89,1227,-725,95
173,-12,122,-2,90,1227,-1100,97
174,-12,121,-4,87,1225,-1128,95
174,-13,120,-4,88,1224,-931,94
174,-13,120,-5,88,1223,-887,94
174,-16,118,-6,88,1220,-833,93
175,-20,115,-7,87,1218,-585,91
175,-19,117,-6,89,1218,-478,93
174,-18,117,-5,89,1218,-599,93
172,-16,116,-5,87,1216,-628,92
171,-15,116,-5,87,1215,-664,92
170,-14,117,-3,87,1215,-911,93
169,-14,115,-4,85,1213,-841,91
168,-16,112,-6,84,1209,-682,89
168,-17,110,-6,83,1206,-769,87
167,-17,109,-7,83,1205,-661,87
166,-20,106,-9,81,1201,-245,84
165,-20,105,-8,82,1200,-8,84
163,-17,104,-7,80,1198,-2,83
161,-17,103,-7,79,1196,7,82
160,-18,101,-8,78,1193,-46,81
157,-16,101,-7,78,1192,-221,81
155,-14,98,-8,74,1189,-134,78
154,-15,96,-8,74,1186,56,77
152,-16,93,-9,72,1183,74,74
150,-14,91,-10,70,1180,105,72
150,-16,88,-12,69,1176,301,70
148,-17,86,-12,70,1174,332,70
148,-16,86,-11,69,1173,172,70
147,-16,86,-10,69,1172,190,70
146,-16,87,-10,69,1172,223,70
145,-15,88,-8,69,1173,0,71
145,-15,87,-10,67,1171,-14,70
146,-15,86,-10,68,1170,182,69
146,-15,86,-11,68,1169,211,69
146,-16,86,-11,67,1168,254,69
147,-17,84,-13,67,1166,477,68
147,-17,85,-11,69,1166,394,69
146,-16,86,-11,69,1166,-8,70
146,-16,86,-10,69,1165,-170,70
146,-16,86,-10,69,1165,-70,70
144,-15,88,-8,69,1166,-167,71
144,-15,87,-10,67,1163,-150,69
145,-15,86,-10,68,1162,54,69
145,-16,86,-11,68,1162,90,69
146,-16,85,-11,67,1160,128,68
146,-17,83,-13,67,1158,337,67
146,-17,84,-11,69,1159,401,69
146,-16,85,-11,69,1159,240,69
146,-16,85,-11,68,1158,258,69
145,-16,86,-10,69,1158,200,69
144,-14,87,-9,69,1158,-20,71
143,-14,86,-10,66,1156,-22,69
144,-15,86,-10,67,1155,104,68
145,-16,85,-10,67,1155,67,68
145,-16,85,-11,67,1153,80,68
146,-17,83,-13,66,1151,277,66
146,-17,84,-11,68,1152,349,68
145,-16,85,-11,68,1152,167,69
144,-16,85,-11,68,1151,70,68
144,-16,85,-10,68,1150,-1,69
143,-15,86,-8,68,1151,-241,70
143,-15,85,-9,66,1149,-299,69
142,-15,87,-10,65,1145,-120,66
137,-17,94,-8,61,1137,-181,61
132,-21,101,-7,57,1129,-269,55
127,-24,107,-7,53,1120,-187,49
123,-24,113,-5,52,1115,-165,48
123,-16,109,-5,52,1120,-360,50
128,-8,98,-9,57,1130,-325,57
138,4,79,-14,65,1148,-246,69
154,30,46,-22,81,1183,-352,91
177,54,5,-34,97,1221,-334,115
203,76,-37,-45,117,1261,-93,142
229,97,-79,-57,138,1302,-67,170
255,119,-122,-68,158,1342,-32,197
281,139,-166,-81,177,1382,227,223
307,159,-207,-91,199,1423,379,251
332,175,-245,-99,218,1461,122,278
357,181,-278,-106,237,1493,38,302
379,180,-304,-111,253,1518,44,322
394,184,-323,-114,266,1539,-102,337
405,187,-338,-118,272,1552,-137,346
412,182,-344,-119,276,1556,64,350
415,170,-341,-117,278,1552,81,350
412,160,-334,-115,275,1542,125,345
405,151,-321,-112,267,1526,284,334
393,141,-301,-107,261,1508,317,323
379,128,-277,-99,249,1485,93,309
362,110,-246,-91,235,1454,56,289
340,89,-209,-81,218,1417,28,266
314,69,-167,-69,199,1378,-208,241
288,44,-123,-57,176,1333,-383,211
263,16,-78,-46,156,1286,-192,181
237,-7,-35,-34,136,1243,-176,153
211,-25,4,-24,116,1202,-155,126
185,-45,44,-16,95,1160,4,98
158,-61,76,-11,75,1119,136,70
129,-83,86,-10,52,1073,-85,41
102,-99,87,-9,32,1032,-128,14
84,-90,87,-9,20,1016,-219,1
79,-71,89,-7,18,1020,-464,2
87,-60,88,-8,23,1035,-558,10
101,-48,87,-9,34,1057,-218,25
115,-37,87,-9,46,1079,-58,40
127,-28,87,-9,55,1096,38,52
136,-20,85,-11,61,1108,204,60
138,-18,85,-11,64,1112,264,63
138,-18,86,-9,64,1112,9,64
138,-18,86,-9,64,1111,83,64
137,-17,86,-9,64,1111,154,64
136,-16,88,-7,64,1111,-142,65
136,-16,88,-8,62,1110,-368,64
136,-16,87,-9,62,1108,-198,64
136,-17,86,-9,63,1107,-161,63
137,-17,86,-9,62,1107,-138,63
137,-18,84,-11,62,1105,-10,61
137,-18,85,-10,63,1105,146,63
137,-18,86,-9,64,1105,36,64
136,-17,86,-9,63,1104,60,63
136,-17,86,-9,63,1104,105,64
135,-16,88,-7,64,1104,-16,65
134,-15,87,-8,62,1103,-143,64
135,-16,86,-9,62,1102,53,63
136,-17,86,-9,63,1101,92,63
136,-17,85,-9,62,1100,73,62
136,-18,84,-11,61,1098,147,61
137,-18,84,-11,62,1098,253,62
136,-17,85,-9,63,1098,42,64
135,-17,85,-9,63,1097,55,63
136,-17,85,-9,63,1097,119,64
134,-15,87,-7,63,1097,-24,64
134,-15,87,-7,61,1096,-286,63
135,-16,85,-9,61,1095,-108,62
135,-17,85,-9,62,1094,-87,62
136,-17,85,-9,62,1093,-194,62
136,-18,84,-11,61,1091,-137,61
136,-18,84,-10,63,1091,15,62
135,-17,85,-9,63,1091,-234,63
135,-17,85,-9,62,1090,-209,63
135,-17,85,-9,62,1090,-72,63
133,-16,86,-7,63,1090,-141,64
133,-15,86,-7,61,1089,-311,63
134,-16,85,-9,61,1087,-134,62
134,-16,85,-9,62,1087,-134,62
134,-17,84,-9,61,1086,-153,62
135,-17,84,-10,62,1085,-18,61
137,-17,86,-10,64,1087,172,64
137,-15,88,-8,65,1089,-28,66
137,-14,90,-8,65,1089,-135,66
138,-13,92,-7,66,1091,-145,68
139,-13,95,-5,68,1093,-229,70
140,-14,96,-5,67,1093,-403,70
141,-15,95,-6,67,1091,-215,70
141,-15,95,-6,68,1091,-194,70
142,-15,95,-6,68,1091,-143,70
144,-15,97,-7,68,1092,255,70
146,-15,97,-7,70,1092,486,72
145,-15,99,-6,71,1092,27,73
145,-15,99,-6,71,1092,-166,73
146,-16,100,-6,72,1093,-254,74
146,-14,102,-4,73,1094,-398,76
145,-11,104,-2,72,1095,-520,76
147,-12,104,-4,72,1094,-271,76
149,-14,105,-4,73,1094,-219,76
149,-14,105,-4,73,1093,-245,76
151,-14,105,-5,73,1094,-181,77
154,-14,109,-5,77,1097,0,80
156,-11,114,-2,80,1102,-192,84
158,-9,119,-1,81,1105,-274,87
159,-7,122,0,82,1108,-317,88
160,-6,125,1,85,1110,-431,91
162,-3,130,2,85,1113,-588,93
166,-2,132,2,86,1116,-394,95
169,0,137,3,89,1119,-285,97
172,0,141,4,91,1123,-128,100
175,0,143,3,92,1124,39,102
179,-1,145,3,96,1127,251,105
180,1,151,6,98,1132,-81,109
183,3,156,7,100,1135,-360,112
185,5,160,8,102,1139,-326,115
187,8,166,11,105,1144,-258,118
189,8,169,12,106,1146,-267,120
193,7,171,11,107,1147,102,121
194,7,173,11,109,1149,251,123
196,8,175,12,110,1150,263,124
198,8,175,11,110,1150,362,124
200,5,176,10,112,1150,519,125
200,6,177,12,114,1151,304,128
200,6,178,12,113,1151,232,128
201,7,181,13,114,1153,227,129
201,8,183,14,115,1155,157,131
200,10,184,15,114,1154,-10,131
200,9,181,14,113,1151,113,129
199,7,178,12,112,1148,60,127
199,5,177,12,111,1146,40,126
199,2,174,10,111,1143,247,124
198,1,171,9,110,1139,612,123
195,0,170,10,110,1138,629,123
193,0,168,10,108,1135,665,121
192,0,166,9,107,1132,686,120
189,0,164,10,106,1130,565,119
187,-2,162,9,104,1127,266,117
185,-4,157,7,101,1121,419,113
183,-3,154,6,100,1118,509,110
181,-5,150,5,98,1113,476,108
180,-9,145,3,96,1108,517,105
178,-13,140,1,95,1103,635,103
175,-15,138,1,95,1100,414,102
174,-18,134,0,93,1096,363,100
171,-20,130,0,91,1091,405,97
168,-19,128,0,89,1088,366,95
164,-16,126,1,86,1086,189,93
161,-15,122,0,83,1081,389,89
160,-17,119,-1,83,1078,494,88
159,-18,117,-2,81,1075,495,86
157,-19,114,-3,79,1071,503,84
156,-19,111,-4,79,1069,650,82
153,-17,110,-3,79,1067,422,82
152,-18,107,-4,76,1064,275,80
150,-18,107,-4,76,1062,246,80
148,-17,106,-3,75,1060,232,79
145,-17,104,-3,73,1058,57,77
144,-16,101,-4,71,1055,246,74
143,-16,100,-4,71,1053,376,74
142,-17,97,-5,70,1050,392,72
141,-17,94,-7,68,1047,506,69
141,-18,92,-8,68,1045,750,68
139,-20,92,-7,68,1043,584,69
138,-19,91,-7,66,1041,443,68
136,-18,90,-7,66,1040,415,67
133,-16,90,-6,65,1039,282,67
130,-15,87,-6,62,1036,6,65
129,-15,84,-7,60,1032,178,61
128,-15,82,-8,60,1030,217,60
127,-14,81,-8,59,1028,110,59
128,-14,81,-9,59,1027,110,59
129,-16,79,-10,59,1025,-83,58
126,-16,78,-9,59,1023,-62,58
125,-16,77,-9,57,1022,220,57
125,-16,77,-9,56,1021,410,57
124,-16,78,-8,57,1021,423,58
122,-15,79,-7,57,1021,148,58
123,-15,77,-8,55,1019,199,56
123,-16,77,-9,56,1019,329,57
124,-16,77,-9,56,1018,338,56
124,-17,76,-10,56,1016,383,56
125,-18,74,-11,56,1015,632,55
125,-17,76,-9,57,1015,494,57
124,-16,76,-9,56,1015,301,57
124,-16,77,-9,57,1014,226,57
124,-16,77,-8,57,1015,162,58
122,-14,79,-7,57,1015,71,58
122,-15,77,-8,55,1012,393,56
123,-15,76,-9,56,1012,599,56
123,-16,76,-9,56,1011,633,56
123,-16,75,-10,55,1010,707,55
124,-17,74,-11,55,1008,979,54
123,-17,76,-10,57,1009,940,57
123,-16,76,-9,57,1008,915,56
123,-15,76,-9,56,1008,1013,56
122,-15,77,-8,57,1008,894,57
121,-14,78,-7,56,1009,553,58
122,-15,76,-8,54,1006,665,56
122,-15,76,-8,55,1006,829,56
122,-16,75,-9,55,1004,849,55
122,-16,75,-9,55,1004,934,55
124,-17,74,-11,55,1002,1196,54
123,-17,75,-9,57,1003,1068,56
123,-16,75,-9,56,1002,894,56
122,-16,75,-9,56,1002,870,56
122,-15,76,-8,57,1002,768,57
120,-14,78,-7,56,1002,467,57
121,-15,76,-8,54,1000,535,55
121,-15,76,-9,55,999,659,55
122,-15,76,-9,55,999,661,55
122,-16,75,-9,55,998,707,55
123,-17,73,-11,55,996,931,54
123,-17,74,-9,56,997,803,56
122,-16,75,-9,56,996,581,56
121,-16,75,-9,56,996,516,56
120,-15,76,-8,56,996,401,57
120,-14,77,-7,56,996,117,57
120,-15,76,-8,54,994,212,55
121,-15,75,-8,55,993,349,55
121,-16,75,-8,55,992,315,55
121,-16,74,-9,54,991,331,54
122,-17,73,-11,54,990,547,54
121,-16,74,-9,56,990,605,56
121,-16,75,-9,56,990,646,55
121,-16,74,-9,55,989,797,55
120,-15,75,-8,55,989,823,56
119,-14,77,-6,56,990,568,57
119,-15,75,-8,53,988,610,54
120,-15,75,-8,54,987,833,55
120,-16,75,-8,55,987,1075,55
120,-16,74,-9,54,986,1268,54
121,-17,73,-11,54,983,1538,53
121,-17,74,-10,56,984,1536,55
120,-16,74,-9,55,984,1431,55
120,-15,74,-9,55,983,1513,55
119,-15,74,-8,55,983,1516,56
118,-14,76,-6,55,984,1234,56
118,-14,74,-8,53,981,1234,54
119,-15,74,-8,54,981,1353,54
119,-15,74,-9,54,980,1323,54
119,-15,73,-9,54,979,1341,54
120,-17,71,-11,54,977,1572,53
120,-17,73,-9,56,978,1575,55
120,-16,73,-9,55,977,1402,55
119,-16,73,-9,55,977,1371,55
119,-15,74,-8,55,977,1325,55
118,-14,75,-6,55,977,1095,56
118,-14,74,-7,53,975,1134,54
118,-15,74,-8,54,975,1332,54
119,-15,73,-8,54,974,1354,54
119,-15,73,-9,53,973,1375,53
120,-16,71,-10,53,971,1623,52
120,-16,72,-10,55,972,1635,54
119,-16,73,-9,55,971,1464,55
118,-15,73,-8,54,971,1504,54
118,-15,73,-8,55,971,1495,55
117,-14,75,-6,55,971,1224,56
117,-14,74,-8,53,969,1180,54
117,-15,73,-8,53,968,1313,54
118,-15,73,-8,54,968,1268,54
118,-15,72,-9,53,967,1290,53
119,-17,71,-10,53,965,1541,52
119,-16,72,-9,55,965,1597,54
118,-15,73,-9,54,965,1435,54
118,-15,73,-8,54,965,1471,54
117,-15,73,-8,54,964,1442,54
116,-14,75,-7,54,965,1187,56
116,-14,74,-7,52,963,1187,53
116,-15,73,-8,53,962,1411,53
117,-15,73,-8,54,962,1430,53
117,-15,72,-9,53,961,1430,52
118,-17,70,-11,52,959,1663,52
118,-16,72,-10,55,960,1744,54
117,-16,72,-9,54,960,1596,54
117,-15,72,-9,54,959,1592,54
117,-15,72,-8,54,958,1476,54
115,-13,74,-6,54,959,1126,55
116,-14,73,-7,52,957,992,53
116,-15,72,-8,53,956,1101,53
116,-15,72,-8,53,956,1028,53
116,-15,72,-9,53,955,1004,52
117,-16,70,-10,52,953,1171,51
117,-16,71,-9,54,953,1219,53
117,-16,72,-9,54,953,989,53
116,-15,72,-9,53,953,905,53
116,-15,72,-8,53,953,798,54
115,-14,74,-6,54,953,588,55
115,-14,73,-7,52,951,627,53
115,-14,72,-8,52,950,872,53
115,-15,72,-8,53,950,913,53
115,-15,71,-9,52,949,929,52
117,-17,70,-10,52,947,1135,51
116,-17,71,-9,54,947,1226,52
116,-16,71,-8,54,947,1021,53
116,-15,71,-8,53,946,989,53
115,-15,71,-8,53,946,973,53
114,-14,73,-7,53,947,760,55
114,-14,72,-8,51,945,748,52
115,-14,71,-8,51,944,1015,52
115,-15,71,-8,52,943,975,52
115,-15,71,-9,51,943,991,52
116,-16,69,-10,51,941,1252,51
116,-16,70,-10,53,941,1412,52
115,-15,71,-8,53,941,1177,53
114,-15,71,-8,52,941,717,53
114,-15,71,-8,53,940,297,53
113,-14,73,-6,53,941,22,54
113,-14,72,-7,51,940,273,52
114,-14,71,-8,51,938,755,52
114,-14,71,-8,52,938,894,52
114,-15,71,-8,51,937,888,52
115,-16,69,-10,51,935,714,50
115,-16,70,-9,53,935,324,52
114,-16,71,-8,52,936,-155,52
114,-15,70,-8,52,935,-298,52
114,-15,71,-8,52,934,-358,52
113,-13,72,-6,53,935,-611,54
112,-13,71,-7,51,934,-782,52
113,-14,71,-8,51,933,-641,51
113,-15,71,-8,52,932,-658,51
113,-14,70,-9,51,931,-512,51
114,-15,68,-10,51,929,71,50
114,-16,69,-10,52,929,237,51
114,-15,70,-9,52,930,-123,52
113,-15,70,-8,52,929,-195,52
113,-15,70,-7,52,929,-196,52
112,-13,72,-6,52,929,-333,53
111,-13,71,-7,50,928,-393,52
112,-14,70,-8,51,926,-174,51
112,-14,70,-8,51,926,-189,51
113,-14,70,-8,51,925,-240,51
114,-16,68,-10,50,923,-102,50
114,-16,68,-10,52,923,25,51
113,-15,70,-8,52,924,-269,52
112,-15,69,-8,51,923,-383,52
112,-15,70,-8,52,923,-383,52
111,-13,71,-6,52,924,-553,53
111,-13,71,-6,50,922,-670,52
111,-13,70,-8,50,921,-864,51
112,-14,70,-8,51,920,-927,51
112,-14,69,-8,51,919,-464,51
113,-16,68,-10,50,918,275,49
113,-16,68,-9,52,918,764,51
112,-15,69,-8,52,918,751,51
112,-15,69,-8,51,918,830,51
112,-15,69,-8,51,917,927,51
110,-13,71,-6,52,918,820,53
110,-13,70,-6,50,916,738,51
111,-14,69,-8,50,915,1008,50
111,-14,69,-8,50,915,1075,50
111,-15,69,-8,50,914,1090,50
112,-15,67,-10,50,912,1213,49
113,-16,67,-10,52,912,1316,50
113,-14,70,-8,53,914,1066,52
115,-12,74,-7,54,917,1100,55
117,-11,77,-6,56,920,1151,57
117,-9,81,-3,58,923,1012,60
119,-9,84,-3,58,925,837,61
124,-11,86,-4,60,927,984,63
127,-12,90,-4,63,929,961,65
129,-12,92,-3,64,931,896,66
132,-13,93,-4,65,932,976,68
134,-14,94,-4,67,933,1156,69
133,-11,97,-3,68,935,989,72
133,-9,98,-2,68,936,1020,72
134,-10,99,-1,69,936,1125,73
135,-11,102,0,70,937,1009,75
134,-10,101,0,69,936,729,74
134,-11,100,-1,68,935,888,73
134,-11,100,-2,68,934,896,73
135,-12,99,-2,68,933,874,73
136,-15,97,-4,68,930,1002,71
136,-18,96,-4,69,929,1218,71
135,-17,97,-3,69,929,1045,72
134,-16,96,-3,68,928,982,72
132,-14,96,-3,67,927,979,71
131,-12,97,-1,67,927,825,72
130,-12,97,-1,66,926,613,71
130,-13,95,-2,65,924,868,69
129,-14,92,-3,65,921,998,67
128,-15,90,-4,64,919,1045,66
128,-16,88,-5,63,917,1152,65
127,-18,86,-6,63,914,1346,64
125,-17,85,-5,63,913,1114,64
123,-15,84,-4,61,911,1010,63
122,-15,83,-4,60,909,1013,62
119,-14,82,-4,59,907,894,61
117,-13,80,-4,56,905,690,59
116,-13,78,-5,54,902,901,57
115,-13,76,-6,55,900,939,56
113,-14,73,-7,53,897,950,54
111,-13,70,-8,51,893,1129,51
111,-14,68,-9,51,891,1385,50
109,-15,67,-8,50,890,1192,50
108,-14,66,-8,49,889,1101,49
108,-14,66,-7,49,888,1076,50
107,-13,68,-6,50,888,929,51
106,-12,68,-6,49,888,615,50
107,-13,67,-8,48,886,699,49
107,-14,66,-8,49,886,670,49
108,-14,66,-8,48,885,630,48
108,-15,65,-9,47,883,733,47
109,-16,64,-10,49,882,963,48
108,-15,66,-8,50,883,773,49
107,-14,66,-8,49,883,686,49
107,-14,66,-8,49,882,671,49
106,-14,67,-6,50,883,541,50
105,-12,67,-6,48,882,329,49
106,-13,66,-8,47,880,541,48
106,-13,66,-8,48,880,579,48
106,-14,66,-8,48,879,533,48
107,-14,65,-9,48,878,599,47
108,-15,64,-10,49,877,806,47
107,-15,65,-8,50,878,590,49
106,-14,66,-8,48,877,475,49
106,-14,66,-7,49,877,500,49
106,-13,67,-6,49,877,421,50
105,-12,68,-6,48,877,190,50
105,-13,66,-7,47,875,377,48
106,-13,65,-7,48,875,457,48
105,-13,65,-8,48,874,473,48
106,-14,64,-9,47,872,571,46
108,-15,63,-10,48,871,856,47
107,-14,65,-8,49,872,711,48
106,-14,65,-8,48,871,613,48
106,-14,65,-8,48,871,621,48
105,-13,67,-7,49,872,556,49
90,-23,87,-4,35,842,1040,30
85,-22,94,-1,33,838,913,28
84,-14,90,-3,33,841,828,29
89,-6,79,-6,37,851,844,36
99,6,61,-10,47,870,710,49
116,31,28,-18,60,904,456,70
139,55,-13,-31,77,942,610,94
164,77,-55,-42,98,983,674,121
190,99,-97,-54,118,1024,714,149
216,120,-141,-66,138,1064,881,175
243,140,-184,-78,159,1104,1206,202
268,161,-224,-87,180,1146,1077,231
293,177,-263,-96,200,1184,987,257
318,183,-296,-103,219,1217,1029,281
340,183,-322,-107,234,1243,955,301
355,186,-342,-110,245,1263,664,316
367,188,-358,-115,252,1276,825,325
374,184,-364,-116,258,1280,951,330
376,172,-361,-115,259,1277,926,330
374,162,-354,-113,256,1267,998,324
367,153,-341,-110,250,1252,1276,315
355,143,-320,-103,243,1235,1130,305
342,130,-297,-97,231,1211,978,290
324,113,-266,-89,217,1180,925,270
301,93,-228,-78,200,1144,793,247
276,72,-187,-66,180,1105,396,221
251,46,-144,-56,158,1059,349,191
225,18,-98,-43,138,1014,311,162
200,-5,-55,-32,118,971,278,134
174,-23,-15,-23,97,930,535,106
149,-43,23,-14,77,888,989,79
121,-59,58,-7,57,848,950,53
92,-80,67,-7,34,801,802,22
65,-97,68,-7,14,760,763,-4
46,-88,68,-6,2,744,691,-17
40,-69,70,-4,0,748,401,-17
49,-59,68,-6,4,762,520,-10
64,-47,68,-6,16,785,714,5
78,-35,68,-6,27,807,780,20
90,-27,67,-7,36,824,857,31
99,-20,66,-8,43,836,1104,40
101,-16,67,-7,46,842,1054,44
100,-15,67,-6,45,841,961,44
100,-15,67,-6,45,840,799,44
100,-14,68,-5,45,840,-3,45
98,-13,70,-4,45,841,-366,45
99,-14,68,-6,43,839,76,43
99,-15,67,-7,44,838,377,43
99,-15,67,-7,44,837,454,43
99,-15,66,-7,44,837,551,43
101,-16,65,-8,44,835,761,42
100,-16,67,-7,46,836,635,44
100,-15,67,-7,45,836,450,44
100,-15,67,-6,45,835,457,44
99,-15,68,-5,45,835,424,45
98,-13,69,-4,44,836,164,45
98,-14,67,-6,42,833,212,43
99,-15,67,-6,43,833,329,43
99,-15,67,-6,44,832,385,43
99,-15,66,-7,43,831,459,42
100,-16,64,-9,43,830,732,42
99,-16,66,-7,45,831,657,44
99,-15,67,-6,45,831,521,44
99,-15,67,-6,44,830,530,44
98,-15,67,-5,45,830,470,44
97,-13,69,-4,45,831,207,45
97,-14,67,-6,43,828,259,43
98,-14,66,-6,43,828,375,43
98,-14,66,-6,43,827,404,43
98,-15,66,-7,43,826,485,42
99,-16,64,-8,43,825,736,41
99,-16,66,-7,45,826,667,43
98,-15,66,-6,44,825,-44,43
98,-15,66,-6,44,825,-1169,44
97,-15,66,-5,44,825,-1834,44
96,-13,68,-4,45,826,-2277,45
97,-14,67,-6,43,823,-2302,43
97,-14,66,-6,43,822,-2271,43
98,-14,66,-6,43,822,-2374,43
97,-14,65,-7,43,821,-2342,42
99,-16,64,-8,43,820,-2027,42
101,-14,68,-6,46,823,-2046,45
101,-13,70,-5,46,824,-2199,46
101,-13,71,-5,47,825,-2191,47
102,-11,74,-4,48,827,-2209,49
102,-10,77,-2,49,829,-2409,51
104,-12,77,-3,48,829,-2372,50
105,-13,76,-4,49,828,-2251,50
105,-13,76,-4,49,827,-2255,50
106,-14,77,-4,49,827,-2242,50
108,-14,77,-5,51,828,-2043,51
108,-13,79,-3,53,830,-2075,53
108,-12,80,-3,52,830,-2183,54
109,-13,81,-3,53,830,-2099,54
110,-14,82,-2,54,831,-2071,56
109,-12,85,0,55,832,-2288,57
109,-9,85,-1,53,832,-2267,55
111,-10,85,-1,54,832,-2189,56
113,-12,86,-2,55,832,-2241,57
113,-13,86,-2,55,832,-2185,57
115,-13,86,-3,56,832,-1962,57
117,-11,91,-1,60,837,-2028,61
119,-9,96,0,61,841,-2230,65
122,-7,100,1,63,845,-2289,68
123,-5,104,2,65,847,-2356,70
124,-3,107,4,66,850,-2628,73
126,-2,110,4,65,852,-2650,73
129,0,114,5,69,856,-2523,76
133,0,118,6,71,859,-2001,79
136,2,122,6,73,863,-963,81
140,0,124,5,75,864,-130,82
143,0,128,7,79,868,138,86
144,2,133,9,81,872,126,90
147,5,138,10,83,876,286,93
149,7,143,12,85,881,325,96
151,10,149,14,87,885,116,100
154,9,150,14,87,887,-114,100
157,9,153,14,90,889,-230,102
158,9,155,14,91,890,24,104
160,10,156,14,92,892,196,105
162,9,156,13,93,892,469,105
164,8,159,14,96,894,462,108
164,8,160,15,95,894,256,109
164,8,160,15,95,894,218,109
165,9,163,16,97,896,120,111
165,11,166,18,98,898,-191,113
165,11,165,16,95,896,-181,110
165,10,163,16,96,895,73,110
164,8,161,15,95,892,121,108
163,7,159,14,94,889,172,107
164,3,155,12,93,885,374,105
162,3,154,12,93,884,394,105
160,2,152,13,92,882,206,104
158,3,150,13,90,879,206,102
156,1,148,12,90,877,118,101
153,2,148,13,89,875,-147,101
152,0,143,11,86,870,-203,97
151,-2,139,10,84,866,-19,94
148,-1,136,9,82,863,-16,92
146,-3,131,7,80,858,-16,89
145,-8,126,5,79,853,177,86
143,-11,123,5,79,850,227,85
140,-12,120,4,77,846,10,83
139,-16,116,3,75,842,12,81
136,-18,113,2,73,838,29,79
131,-16,111,4,72,835,-177,77
129,-14,107,3,68,831,-209,73
126,-14,104,2,66,827,-57,70
125,-15,101,0,65,824,-176,69
124,-16,99,0,63,821,-283,67
123,-18,95,-1,62,817,-253,64
122,-17,94,-1,63,817,-376,65
119,-16,92,-1,61,814,-591,64
117,-17,90,-1,60,812,-561,62
115,-15,89,-1,59,810,-558,61
112,-14,88,0,57,809,-756,61
111,-15,85,-1,54,805,-823,57
110,-15,84,-2,54,803,-635,56
108,-14,82,-2,53,801,-604,55
107,-15,79,-3,52,798,-537,53
107,-17,75,-5,50,795,-328,51
106,-16,75,-5,51,794,-277,51
105,-18,75,-4,51,792,-501,51
103,-17,73,-4,49,790,-571,50
102,-16,72,-4,48,789,-714,49
99,-14,73,-3,47,789,-1021,49
96,-13,68,-4,44,784,-1118,45
95,-14,66,-5,43,781,-958,43
93,-13,65,-5,42,779,-878,42
93,-12,64,-6,41,778,-885,41
94,-13,62,-7,41,776,-715,40
94,-14,62,-7,42,776,-565,40
92,-14,60,-6,41,774,-665,40
90,-14,59,-7,40,772,-556,39
90,-14,60,-6,40,772,-501,39
89,-13,61,-4,41,773,-790,40
89,-13,60,-5,38,771,-980,39
89,-14,60,-6,38,770,-814,38
89,-14,59,-6,39,769,-965,38
90,-14,59,-7,39,769,-1138,38
91,-15,57,-8,38,767,-1033,37
91,-15,58,-8,40,767,-868,38
89,-14,59,-7,40,768,-1074,39
89,-14,59,-6,40,767,-1138,39
89,-14,59,-6,40,767,-1151,39
88,-13,61,-4,40,768,-1203,40
88,-13,60,-5,38,767,-1189,38
88,-13,59,-6,38,765,-950,38
89,-14,59,-6,39,765,-858,38
89,-14,59,-7,39,764,-755,37
90,-15,57,-8,38,762,-567,37
90,-16,58,-7,40,763,-469,38
89,-15,58,-7,40,763,-683,38
89,-14,58,-6,39,762,-634,38
89,-14,59,-6,39,763,-569,39
88,-13,60,-4,40,763,-743,40
88,-13,60,-5,38,762,-893,39
88,-13,59,-6,38,760,-719,38
88,-14,59,-6,39,760,-713,38
88,-14,58,-6,38,759,-689,37
89,-15,57,-8,38,758,-523,36
89,-15,57,-8,39,757,-400,37
89,-14,58,-7,39,758,-597,38
89,-14,58,-7,39,758,-635,38
88,-14,58,-6,39,757,-639,38
87,-13,60,-4,40,758,-793,39
87,-13,60,-5,38,757,-920,38
88,-13,58,-6,37,756,-697,37
88,-14,59,-6,38,755,-733,37
88,-14,58,-7,38,754,-786,37
89,-15,56,-8,37,753,-664,36
89,-15,57,-8,39,753,-515,37
88,-14,58,-6,40,753,-700,38
88,-14,58,-6,39,753,-704,38
88,-14,58,-6,39,752,-668,38
87,-13,60,-4,40,753,-795,40
87,-13,59,-5,38,752,-937,38
87,-13,58,-6,37,751,-702,37
87,-13,58,-6,38,751,-654,37
87,-13,58,-7,37,750,-641,37
88,-15,56,-8,37,748,-562,36
88,-15,56,-8,39,748,-370,37
88,-14,57,-7,39,749,-491,38
88,-14,57,-7,38,748,-415,38
87,-14,58,-6,39,748,-296,38
87,-13,59,-5,40,749,-410,39
86,-12,59,-5,38,748,-645,38
87,-13,58,-6,37,746,-484,37
87,-13,58,-6,38,746,-489,37
87,-14,57,-6,38,745,-480,37
88,-15,56,-8,37,744,-207,36
88,-15,56,-8,39,743,83,36
87,-14,57,-6,39,744,-30,38
87,-14,57,-6,39,743,-107,37
87,-14,58,-6,39,743,-116,38
87,-13,59,-5,39,743,-340,39
86,-12,59,-5,37,743,-620,38
86,-13,58,-6,37,741,-439,36
87,-13,58,-6,38,741,-385,37
86,-14,57,-6,37,740,-377,37
87,-14,56,-8,37,739,-300,36
88,-15,56,-8,38,738,-213,36
87,-14,57,-7,39,739,-958,37
86,-14,56,-6,38,739,-1585,37
86,-13,57,-6,38,738,-1733,37
85,-13,58,-4,39,739,-1588,39
85,-12,58,-4,37,738,-1423,38
85,-13,57,-6,37,737,-1093,36
85,-13,57,-6,37,737,-1022,37
86,-13,57,-6,37,736,-1020,36
86,-14,56,-8,37,734,-901,35
87,-15,55,-8,38,734,-532,36
86,-14,56,-7,39,734,-429,37
86,-14,56,-6,38,734,-311,37
85,-14,56,-6,38,734,-204,37
85,-13,58,-5,38,735,-162,38
84,-12,58,-4,37,734,-185,37
85,-13,57,-5,36,732,98,36
85,-13,56,-6,37,732,213,36
85,-13,56,-6,37,731,204,36
86,-14,55,-8,36,730,336,35
86,-15,54,-8,38,729,585,35
85,-14,56,-6,39,730,298,37
85,-14,56,-6,38,730,94,37
85,-14,56,-6,38,729,33,37
84,-13,57,-5,38,730,-98,38
83,-12,58,-4,37,729,-327,38
84,-13,56,-6,36,728,-135,36
84,-13,56,-6,37,727,15,36
84,-13,56,-7,36,726,44,36
85,-14,55,-7,36,725,134,35
86,-15,54,-8,37,724,311,35
85,-14,55,-7,38,725,4,37
85,-14,56,-6,37,725,-127,36
84,-14,56,-6,37,725,-87,37
84,-13,57,-5,38,725,-159,37
83,-12,58,-4,37,725,-404,37
84,-13,56,-6,36,723,-253,35
84,-14,55,-6,37,722,-241,36
84,-13,55,-6,37,722,-357,35
84,-14,55,-8,36,721,-369,35
85,-15,54,-8,37,720,-81,35
85,-14,55,-6,37,721,-167,36
84,-14,55,-6,37,720,-170,36
84,-14,56,-6,37,720,-74,37
83,-13,56,-5,38,720,-201,38
82,-12,57,-4,37,720,-532,37
83,-13,55,-5,36,718,-468,35
83,-13,55,-6,37,718,-387,35
84,-13,55,-6,37,718,-311,35
84,-14,54,-7,36,716,-200,34
85,-15,53,-8,37,715,34,35
84,-14,55,-6,38,716,-37,37
84,-14,55,-6,37,716,143,36
84,-13,55,-6,37,715,283,36
83,-13,56,-5,37,716,75,37
82,-11,57,-4,36,716,-294,37
83,-12,55,-5,35,714,-226,35
83,-13,55,-6,36,714,-229,35
83,-13,55,-6,36,713,-293,35
83,-13,54,-7,36,712,-240,34
84,-15,53,-8,36,710,-25,34
84,-14,54,-7,38,711,-188,36
83,-14,54,-6,37,711,-242,36
83,-13,55,-6,37,711,-211,36
82,-13,56,-5,37,711,-333,37
81,-12,57,-4,36,711,-554,37
82,-12,55,-6,34,709,-270,35
82,-13,55,-6,36,709,-111,35
82,-13,54,-6,36,708,-158,35
83,-14,53,-7,35,707,-77,34
83,-15,52,-8,36,706,166,34
83,-14,54,-6,38,707,20,36
82,-13,54,-6,37,707,-54,36
82,-13,54,-6,36,706,-53,36
82,-13,55,-5,37,707,-96,36
81,-11,56,-4,36,707,-258,37
81,-12,54,-6,35,705,-66,35
81,-12,54,-6,35,705,136,35
82,-13,54,-6,35,704,196,35
82,-13,53,-7,35,703,180,34
83,-15,52,-8,36,702,372,33
82,-14,54,-6,37,703,282,35
82,-13,54,-6,36,703,275,35
82,-13,54,-6,36,702,379,35
81,-12,54,-5,37,702,339,36
80,-11,56,-4,36,702,84,36
81,-12,54,-5,34,701,206,35
81,-12,54,-6,35,700,311,35
81,-13,54,-6,35,700,248,34
82,-13,53,-7,35,698,252,34
83,-15,52,-8,35,697,412,33
82,-14,53,-7,36,698,153,35
82,-13,53,-6,36,698,-83,35
81,-13,54,-5,36,698,-122,35
81,-12,55,-5,36,698,-175,36
80,-11,56,-3,36,698,-408,36
81,-11,56,-5,35,698,-277,35
84,-10,60,-4,38,702,-115,38
86,-9,62,-4,39,704,99,40
88,-9,63,-4,40,705,377,41
92,-10,65,-5,42,707,715,43
95,-11,71,-2,47,712,710,48
97,-11,74,-1,48,714,620,50
99,-11,76,-1,49,716,566,52
101,-11,80,0,52,719,491,55
101,-10,83,1,53,721,195,56
102,-8,83,0,51,720,242,55
102,-7,83,0,52,721,323,56
104,-8,84,0,53,721,301,57
105,-10,84,0,53,721,327,56
106,-12,83,-2,54,720,564,56
106,-11,84,0,55,721,534,58
105,-10,84,0,54,720,380,58
105,-10,84,0,54,720,365,58
105,-13,84,0,55,719,362,58
104,-13,84,1,54,719,192,58
104,-14,82,0,52,717,319,56
104,-14,82,0,53,716,471,56
103,-13,81,0,52,714,491,54
102,-12,79,-1,51,712,491,53
103,-13,78,-2,51,711,680,52
102,-13,79,-1,52,712,442,54
100,-13,76,-1,51,709,192,52
99,-14,75,-2,50,707,279,52
98,-14,75,-1,49,706,298,52
96,-13,74,0,48,705,31,51
95,-14,71,-1,45,701,113,48
93,-13,69,-2,45,699,352,46
92,-13,68,-3,44,697,381,45
91,-14,65,-4,42,694,421,43
91,-15,62,-6,42,691,550,41
89,-13,62,-5,42,691,357,42
87,-12,61,-4,41,689,101,41
84,-13,58,-5,39,686,-23,39
82,-11,57,-4,38,684,-152,38
79,-9,57,-3,37,683,-484,37
78,-11,53,-5,33,679,-528,33
78,-12,52,-5,34,678,-403,33
78,-13,52,-6,34,677,-503,33
78,-13,51,-7,34,676,-614,32
80,-14,50,-8,33,675,-424,32
79,-13,51,-6,35,676,-400,34
79,-13,51,-6,35,676,-518,34
79,-13,51,-6,35,676,-494,34
78,-12,52,-5,35,676,-498,34
77,-11,53,-3,35,676,-693,35
77,-12,52,-4,33,674,-627,33
78,-12,51,-5,34,674,-478,33
78,-12,51,-6,34,673,-490,33
78,-12,51,-6,33,673,-434,33
79,-14,49,-8,33,671,-184,31
79,-13,50,-6,35,672,-163,33
78,-13,51,-6,34,672,-263,34
78,-13,51,-5,34,671,-270,34
78,-12,52,-5,35,671,-398,34
76,-11,53,-4,35,672,-497,35
77,-11,51,-5,33,670,-357,33
77,-12,51,-6,33,669,-277,33
78,-13,51,-6,34,669,-318,33
78,-13,50,-6,33,668,-245,32
79,-14,49,-8,33,667,-156,31
78,-14,50,-7,35,667,-278,33
77,-13,51,-6,34,667,-420,33
77,-13,51,-6,34,667,-415,33
77,-12,51,-5,34,667,-461,34
76,-11,52,-4,34,668,-711,34
76,-11,51,-5,32,666,-688,33
77,-12,51,-6,33,665,-553,33
77,-12,51,-6,33,665,-542,33
77,-12,50,-6,33,664,-511,32
78,-13,48,-8,33,662,-289,31
78,-14,50,-7,35,663,-160,33
75,-13,53,-5,33,661,-314,31
70,-15,60,-3,29,653,-371,26
65,-18,68,-1,25,646,-423,21
58,-18,76,1,21,640,-687,17
54,-18,80,1,16,633,-810,12
55,-12,76,-1,18,637,-832,14
61,-4,64,-4,23,647,-877,20
72,7,44,-10,31,665,-891,33
90,31,9,-21,46,698,-797,53
113,56,-30,-31,67,739,-857,81
137,79,-71,-42,86,780,-1100,108
163,101,-114,-52,106,821,-1078,136
189,122,-156,-63,126,863,-1049,163
214,145,-197,-73,147,905,-1249,192
239,165,-240,-84,164,944,-1223,217
266,179,-279,-95,184,981,-987,243
291,185,-312,-102,204,1014,-906,266
313,183,-338,-107,219,1039,-809,285
330,184,-361,-113,231,1057,-586,299
341,188,-374,-116,241,1072,-518,311
347,184,-378,-115,244,1077,-578,316
349,173,-375,-113,245,1073,-500,315
346,164,-366,-109,243,1065,-558,311
336,156,-350,-104,237,1052,-740,303
325,146,-332,-100,225,1032,-685,288
312,132,-310,-94,215,1008,-489,273
294,113,-279,-86,202,977,-535,253
273,92,-242,-76,184,939,-519,229
250,69,-203,-67,164,897,-267,202
224,44,-158,-55,145,855,-279,175
197,17,-111,-41,124,810,-548,147
171,-4,-68,-30,103,767,-626,119
145,-22,-28,-20,83,727,-725,92
118,-39,14,-8,64,688,-1046,66
90,-56,46,-4,40,645,-1172,36
62,-79,53,-4,18,598,-986,5
35,-95,54,-5,-1,558,-984,-20
18,-86,54,-5,-13,542,-1032,-34
14,-70,52,-6,-15,544,-932,-36
24,-60,53,-6,-6,561,-922,-24
37,-45,53,-5,3,584,-1146,-8
51,-33,53,-5,14,607,-1145,6
63,-24,54,-4,23,625,-1111,19
70,-15,55,-2,30,640,-1229,29
71,-12,54,-3,30,642,-1291,29
72,-13,54,-4,30,641,-1141,29
72,-13,53,-4,30,640,-1155,29
73,-14,53,-5,30,640,-1095,28
73,-15,51,-7,30,638,-905,27
73,-15,52,-6,32,638,-867,29
73,-14,53,-4,32,639,-1075,29
72,-14,53,-5,31,638,-1066,29
72,-14,53,-4,31,638,-1098,30
71,-12,55,-2,31,639,-1296,31
71,-12,54,-3,29,638,-1334,29
71,-13,53,-4,29,637,-1042,29
71,-14,53,-4,30,636,-925,29
71,-13,53,-4,30,636,-878,28
72,-15,51,-6,29,634,-742,27
72,-15,52,-6,31,634,-693,28
72,-14,53,-4,31,635,-935,30
72,-14,53,-4,31,634,-1061,29
72,-13,53,-4,31,634,-1171,30
70,-12,55,-2,32,635,-1349,31
70,-12,54,-3,29,634,-1379,29
71,-13,52,-4,29,632,-1147,28
71,-13,53,-4,30,632,-1086,28
71,-13,52,-5,30,632,-998,28
72,-14,51,-6,29,630,-816,27
72,-15,51,-6,31,630,-698,29
71,-14,52,-4,31,631,-871,29
71,-14,52,-5,30,630,-851,29
71,-14,53,-4,31,630,-832,29
70,-12,54,-3,31,631,-1028,31
70,-12,53,-3,29,630,-1233,29
71,-13,53,-4,29,629,-983,28
71,-13,53,-4,30,629,-846,29
71,-13,52,-4,30,628,-729,28
71,-14,51,-6,29,626,-549,27
72,-15,51,-6,31,626,-412,28
71,-14,52,-5,31,627,-472,29
71,-14,52,-5,30,626,-426,29
70,-13,52,-4,30,626,-517,29
70,-12,55,-2,31,628,-786,31
71,-11,57,-2,31,630,-893,32
72,-11,57,-3,32,629,-504,31
74,-11,57,-3,32,630,-356,32
75,-10,60,-3,33,632,-329,33
77,-11,60,-4,34,631,-243,33
79,-13,60,-4,37,632,-149,35
79,-13,62,-2,37,634,-290,36
79,-13,62,-2,37,633,-212,36
83,-13,68,-1,40,636,-366,40
84,-12,68,-2,39,636,-25,39
85,-10,69,-2,41,637,120,41
85,-10,71,0,42,639,-55,43
86,-12,72,0,43,639,34,44
86,-11,73,0,43,640,58,44
86,-10,76,1,44,642,-51,47
88,-7,80,2,45,645,-135,48
92,-6,83,2,46,648,102,50
95,-5,87,3,49,652,274,53
96,-4,89,3,50,654,417,55
99,-4,90,2,50,655,542,55
102,-3,94,3,54,659,682,58
104,0,100,6,57,664,644,63
107,1,105,7,59,667,692,65
109,3,109,9,61,672,645,68
111,4,114,11,64,676,518,72
113,4,117,11,65,678,369,74
117,5,120,11,66,681,583,75
120,7,124,12,69,685,594,78
123,8,129,13,71,689,628,81
127,10,132,13,72,692,795,83
130,8,135,13,76,695,1039,86
132,9,139,15,78,699,914,89
133,10,141,15,78,700,856,90
134,11,143,16,79,702,767,92
135,12,146,18,81,704,544,94
135,12,147,18,80,704,327,94
137,10,146,17,80,704,552,94
137,10,147,17,82,704,630,94
140,10,149,17,83,706,636,96
140,10,149,17,83,705,733,95
141,9,149,16,84,705,932,96
140,10,150,17,84,705,778,97
138,9,147,17,82,702,732,95
137,8,145,16,81,700,749,94
136,6,145,17,82,699,713,94
133,7,143,17,79,696,612,92
132,5,139,15,77,692,862,89
131,4,137,14,77,690,887,88
130,2,134,13,76,687,878,86
129,1,130,11,74,683,1036,83
128,-2,127,10,74,680,1360,82
125,-2,125,11,73,677,1296,81
122,-1,122,10,70,674,1266,78
120,-3,118,9,68,670,1241,76
118,-5,117,10,68,667,1151,76
115,-7,112,9,64,663,883,72
113,-10,107,7,61,657,1022,68
112,-14,103,5,61,654,1121,67
110,-16,99,4,59,649,1065,64
107,-18,94,2,56,644,1025,60
105,-16,91,1,56,641,1327,58
102,-14,90,2,55,640,1274,58
99,-14,88,2,53,637,1146,56
98,-15,86,2,52,634,1137,54
96,-15,85,2,51,633,986,54
93,-13,84,2,49,631,778,52
91,-13,79,1,46,627,1028,48
90,-15,77,0,46,624,1174,48
89,-14,75,0,44,623,1213,46
88,-15,72,-1,42,619,1302,43
87,-17,69,-3,42,616,1521,42
85,-14,70,0,43,617,1338,43
83,-13,68,-1,41,615,1264,42
82,-14,66,-1,40,613,1189,40
79,-13,65,0,40,611,861,40
77,-12,65,0,38,610,391,39
78,-15,62,-2,36,606,169,36
77,-16,60,-2,35,604,-271,35
76,-14,59,-3,34,603,-518,34
74,-13,56,-4,32,600,-568,32
73,-15,52,-6,32,597,-436,29
70,-14,52,-4,32,596,-616,30
68,-12,51,-4,30,594,-690,29
68,-12,51,-4,30,593,-756,29
66,-11,52,-3,30,594,-908,29
65,-10,52,-2,29,593,-1090,29
65,-12,48,-4,26,589,-801,25
64,-13,47,-4,27,588,-701,25
64,-13,46,-5,26,587,-749,24
65,-14,45,-6,26,586,-692,24
65,-15,45,-7,26,585,-510,24
65,-14,46,-5,28,586,-728,25
64,-13,46,-5,27,586,-864,25
64,-13,47,-5,27,585,-869,25
64,-13,47,-4,27,586,-959,26
63,-12,48,-3,26,586,-1178,26
63,-12,46,-4,25,585,-1044,24
64,-12,46,-4,26,584,-991,25
64,-13,46,-5,26,583,-1050,25
64,-13,46,-6,26,583,-1061,24
65,-15,44,-7,27,582,-935,23
65,-14,46,-5,28,582,-1190,26
64,-13,46,-5,27,582,-1256,25
64,-13,46,-5,27,582,-1242,25
63,-12,47,-4,28,582,-1330,26
62,-11,48,-2,26,582,-1555,26
63,-12,46,-4,25,580,-1367,24
63,-13,46,-4,26,580,-1215,24
63,-13,46,-5,26,580,-1165,24
64,-13,45,-6,25,579,-978,23
65,-14,44,-7,26,577,-647,23
64,-14,45,-5,27,578,-807,25
64,-13,46,-5,26,578,-932,25
64,-13,45,-4,27,578,-960,25
63,-12,46,-3,27,579,-1015,26
62,-11,48,-2,26,579,-1232,26
63,-12,46,-4,25,577,-1101,24
63,-12,46,-4,26,577,-1105,24
63,-13,46,-5,25,576,-1236,24
64,-13,45,-6,25,575,-1192,23
64,-14,44,-7,26,574,-955,23
64,-13,45,-5,27,575,-1108,25
64,-13,45,-5,26,575,-1233,24
63,-13,45,-5,26,575,-1237,25
63,-12,46,-4,27,575,-1261,25
62,-11,47,-3,26,575,-1461,26
62,-12,46,-4,25,574,-1272,24
63,-13,46,-4,26,574,-1118,24
63,-13,45,-5,26,573,-1138,24
63,-13,44,-5,25,572,-1146,23
64,-14,43,-7,25,570,-1051,22
64,-13,45,-5,27,571,-1480,25
63,-13,45,-5,26,571,-1733,24
63,-13,45,-5,26,571,-1765,25
63,-12,46,-4,27,571,-1911,26
61,-11,47,-3,26,572,-2212,26
62,-12,45,-5,25,570,-2113,24
62,-12,45,-5,25,569,-1962,24
62,-13,45,-4,26,569,-1936,24
63,-13,44,-5,25,568,-1876,23
64,-14,43,-6,25,566,-1692,22
63,-13,44,-5,27,568,-1831,24
62,-13,45,-5,26,567,-1975,24
62,-13,45,-5,26,567,-1989,24
62,-12,46,-4,26,568,-2026,25
61,-11,47,-2,26,569,-2231,26
61,-12,45,-4,25,567,-2151,24
62,-12,45,-4,25,566,-2119,24
62,-12,45,-4,25,566,-2209,24
62,-13,44,-5,25,565,-2219,23
63,-14,43,-7,25,563,-2074,22
63,-14,44,-5,27,564,-2229,24
62,-13,44,-4,26,564,-2480,24
62,-13,44,-4,25,564,-2586,24
62,-12,45,-4,26,564,-2611,25
60,-11,47,-2,26,565,-2782,26
61,-12,45,-4,24,563,-2712,24
61,-12,44,-4,25,562,-2480,23
61,-12,44,-5,26,562,-2395,24
62,-13,44,-5,25,561,-2304,23
63,-14,42,-7,25,559,-2021,22
62,-13,43,-5,27,561,-2057,24
62,-13,44,-5,26,561,-2255,24
61,-13,44,-5,26,560,-2451,24
61,-12,45,-4,26,561,-2588,25
60,-10,46,-2,26,561,-2875,25
60,-11,44,-4,24,559,-2821,23
61,-12,44,-4,25,559,-2659,23
61,-12,44,-5,25,558,-2634,23
61,-13,44,-5,24,558,-2592,23
62,-14,42,-7,25,556,-2393,22
62,-13,43,-5,26,557,-2454,24
62,-13,44,-4,26,557,-2521,24
61,-12,44,-4,26,556,-2413,24
61,-12,44,-4,26,557,-2399,24
60,-11,46,-2,26,558,-2634,25
60,-11,44,-4,24,556,-2555,23
60,-12,44,-4,25,555,-2422,23
61,-12,44,-4,25,555,-2485,23
61,-12,43,-5,25,554,-2485,22
62,-14,42,-6,24,553,-2323,22
62,-14,43,-5,26,554,-2482,24
61,-13,44,-5,25,553,-2683,24
61,-12,44,-5,25,553,-2651,24
60,-12,44,-4,26,553,-2601,25
59,-11,46,-2,26,554,-2722,26
59,-11,44,-3,24,552,-2632,23
60,-12,44,-4,25,552,-2471,23
60,-12,44,-4,25,551,-2502,23
61,-12,43,-5,24,551,-2514,22
61,-14,42,-7,24,549,-2327,22
62,-14,43,-5,26,550,-2368,24
61,-13,43,-5,25,550,-2482,23
61,-12,43,-4,25,550,-2398,24
62,-11,46,-3,27,553,-2407,26
63,-8,52,0,29,558,-2631,29
65,-7,52,-1,28,558,-2626,29
67,-8,54,-2,30,560,-2543,30
70,-8,58,-1,32,562,-2535,33
74,-10,61,-1,35,566,-2382,36
77,-11,63,-2,37,567,-2004,37
79,-11,66,0,40,570,-2025,40
81,-11,69,0,41,573,-2310,43
82,-11,71,0,42,574,-2365,44
82,-8,73,1,43,576,-2430,45
81,-6,75,3,43,577,-2660,47
83,-7,75,2,42,576,-2639,46
84,-9,75,1,43,576,-2426,46
84,-9,75,1,43,576,-2256,46
85,-10,74,1,43,575,-2158,45
86,-10,72,0,42,574,-2078,44
86,-11,73,0,44,574,-2155,46
85,-14,72,0,44,573,-2313,45
85,-14,72,0,44,572,-2287,45
84,-14,72,0,44,572,-2324,46
82,-12,74,2,44,573,-2580,47
81,-11,71,1,40,570,-2579,43
80,-11,70,0,40,568,-2419,42
80,-11,70,0,41,568,-2380,42
80,-11,69,0,40,566,-2212,42
80,-14,64,-2,38,562,-2008,39
79,-14,65,-1,40,562,-2060,40
77,-13,64,0,39,561,-2308,40
76,-15,62,-1,37,559,-2427,38
74,-14,61,0,37,557,-2483,37
72,-11,61,0,36,557,-2591,37
70,-11,58,-1,32,553,-2534,34
69,-13,55,-2,32,550,-2344,31
68,-13,53,-2,31,549,-2292,31
67,-12,52,-3,30,547,-2179,29
66,-13,49,-5,29,544,-1913,27
64,-13,47,-4,28,541,-1881,26
61,-11,46,-4,27,540,-2102,26
60,-11,44,-4,26,538,-2127,24
58,-12,42,-4,25,536,-2077,23
58,-11,44,-2,25,536,-2196,24
57,-11,42,-3,23,535,-2201,22
57,-11,42,-4,23,534,-2081,21
57,-11,42,-4,24,534,-2119,22
58,-12,41,-5,23,533,-2052,21
59,-13,40,-7,23,531,-1841,20
59,-13,41,-6,25,532,-1804,22
58,-12,41,-5,25,533,-1990,22
58,-12,41,-5,24,532,-1954,22
58,-12,42,-4,24,532,-1978,23
57,-11,43,-3,25,533,-2285,24
57,-11,43,-3,23,532,-2393,22
57,-11,42,-4,23,531,-2250,21
58,-12,42,-4,23,530,-2241,22
58,-12,41,-4,23,530,-2198,22
59,-13,39,-6,23,528,-2029,20
59,-13,40,-6,25,529,-1971,22
58,-12,41,-4,24,529,-2160,23
57,-12,41,-4,24,529,-2142,23
57,-12,41,-4,24,529,-2114,23
56,-10,43,-2,25,530,-2313,24
56,-10,42,-3,22,528,-2420,22
57,-11,42,-4,23,528,-2234,22
57,-11,41,-5,23,527,-2253,22
57,-12,41,-5,23,526,-2243,21
58,-13,39,-6,22,525,-2070,20
59,-13,40,-5,25,525,-2011,22
57,-12,41,-4,24,526,-2215,22
57,-12,41,-5,24,525,-2210,22
57,-11,41,-4,24,525,-2153,22
56,-10,42,-2,24,526,-2272,23
55,-10,42,-3,22,525,-2352,22
56,-11,41,-4,23,524,-2209,21
57,-11,41,-4,23,524,-2213,21
57,-12,41,-5,22,523,-2191,21
55,-13,42,-6,20,518,-2064,17
50,-16,51,-3,18,511,-2005,13
45,-19,59,0,14,504,-2209,9
39,-20,66,0,10,496,-2218,4
35,-18,70,1,8,493,-2219,2
36,-9,66,1,10,500,-2386,6
42,-1,53,-2,13,511,-2442,12
55,12,30,-9,23,532,-2260,25
74,38,-6,-19,39,568,-2240,48
97,62,-47,-31,58,607,-2188,74
123,83,-91,-44,77,647,-1958,100
150,104,-133,-54,100,689,-1788,129
174,127,-174,-64,120,731,-1932,157
200,148,-216,-75,140,772,-1884,185
226,168,-257,-85,160,813,-1761,212
250,183,-294,-93,180,851,-1877,239
275,186,-326,-100,196,881,-1920,260
297,184,-351,-106,212,904,-1671,277
312,187,-371,-110,224,924,-1661,292
322,190,-385,-114,230,936,-1658,301
328,182,-389,-115,233,937,-1541,303
330,170,-385,-112,236,933,-1439,303
325,162,-374,-108,232,925,-1620,299
316,154,-359,-104,224,909,-1605,288
304,143,-339,-98,215,890,-1576,276
289,130,-312,-90,204,866,-1748,261
270,111,-281,-82,188,833,-1892,239
249,89,-244,-73,170,795,-1766,214
224,67,-202,-62,151,753,-1840,187
198,41,-158,-50,130,709,-1883,159
173,12,-114,-39,109,663,-1784,128
148,-9,-71,-28,90,621,-1688,102
121,-25,-29,-16,70,582,-1916,76
94,-44,10,-7,49,541,-1934,48
66,-60,39,-3,27,499,-1956,20
37,-83,45,-2,5,454,-2151,-8
11,-94,46,-2,-15,417,-2311,-34
-3,-81,45,-3,-25,405,-2126,-46
-4,-66,45,-3,-24,411,-2112,-43
6,-56,44,-3,-16,429,-2061,-32
21,-43,43,-5,-5,451,-1804,-17
35,-32,43,-5,6,473,-1700,-2
45,-22,44,-3,15,492,-1945,10
52,-15,44,-3,20,503,-1999,17
53,-13,44,-3,21,505,-1964,19
52,-12,45,-2,22,506,-2119,20
52,-11,45,-1,20,506,-2286,19
52,-12,44,-3,19,504,-2093,18
52,-13,44,-2,20,504,-2022,18
53,-13,44,-3,20,503,-2029,18
53,-14,42,-4,19,502,-1935,17
54,-14,42,-5,21,502,-1806,18
53,-13,43,-3,22,503,-2051,19
53,-13,43,-3,21,502,-2079,19
53,-13,44,-3,21,502,-2058,19
52,-12,45,-1,22,503,-2218,20
51,-12,45,-1,20,502,-2373,19
52,-12,44,-3,20,501,-2140,18
52,-12,44,-3,20,500,-2046,18
52,-12,44,-3,20,500,-2007,18
53,-13,42,-4,20,499,-1870,17
53,-15,42,-5,21,499,-1692,18
52,-14,43,-3,21,499,-1840,19
52,-13,43,-3,21,499,-1860,18
52,-13,43,-3,21,499,-1893,18
52,-12,45,-1,22,500,-2052,20
51,-11,45,-1,20,499,-2240,19
52,-12,44,-3,19,498,-2085,18
52,-12,44,-3,20,498,-2084,18
52,-13,43,-3,20,497,-2140,18
52,-14,42,-4,19,496,-2072,16
53,-14,41,-5,21,496,-1886,17
52,-13,43,-3,22,497,-1969,19
52,-13,43,-3,21,496,-1878,19
52,-13,43,-3,20,496,-1751,19
51,-12,44,-1,21,497,-1863,19
50,-11,45,-1,20,496,-2146,19
51,-12,43,-3,19,494,-2020,18
52,-12,43,-3,20,494,-2002,18
52,-13,43,-3,20,493,-2007,17
52,-13,42,-4,19,493,-1907,16
53,-14,41,-5,20,492,-1715,17
52,-13,42,-3,21,493,-1787,19
52,-13,44,-3,21,494,-1795,19
54,-11,46,-2,22,496,-1880,21
53,-10,48,-1,23,497,-2053,22
53,-8,50,0,22,498,-2257,23
56,-9,51,-1,23,500,-2047,23
57,-9,52,-1,25,500,-1985,24
59,-11,53,-1,26,501,-1963,25
60,-12,52,-2,25,500,-1871,24
60,-13,51,-2,27,500,-1768,25
61,-12,54,-1,28,502,-1971,27
62,-11,57,0,29,504,-1943,28
62,-10,57,0,29,504,-1869,29
62,-10,59,1,30,505,-1957,30
62,-10,60,2,29,506,-2184,31
64,-11,60,0,29,505,-2018,30
64,-10,61,0,30,506,-1900,31
65,-8,62,0,30,507,-1863,31
67,-10,62,0,30,507,-1772,31
69,-12,62,0,32,507,-1633,32
69,-11,63,0,34,508,-1939,34
70,-10,66,1,34,510,-2047,35
72,-8,70,2,37,514,-2021,38
74,-5,76,5,39,519,-2048,42
76,-3,80,6,40,523,-2084,45
78,-3,81,5,40,524,-1793,44
80,-2,84,6,42,526,-1714,46
83,0,88,7,44,530,-1779,49
86,0,91,7,46,533,-1692,51
90,1,94,7,49,536,-1557,54
92,3,100,9,52,541,-1770,58
95,3,104,10,54,544,-1801,60
97,4,108,11,56,548,-1768,63
99,6,113,14,59,552,-1816,67
101,9,118,15,60,557,-1949,70
104,10,121,15,61,560,-1748,71
108,11,125,16,64,563,-1710,74
111,10,128,16,66,566,-1789,76
114,10,130,15,67,568,-1749,78
116,10,130,15,69,568,-1621,79
116,11,134,17,71,572,-1815,82
117,11,136,18,71,573,-1897,83
119,10,137,18,72,574,-1904,84
119,10,138,19,73,575,-1957,85
118,12,140,20,73,576,-2114,86
121,12,141,20,73,577,-1886,86
122,12,142,19,74,577,-1694,87
121,12,141,19,73,576,-1619,86
121,11,139,18,73,574,-1584,85
121,8,135,16,72,571,-1360,83
119,8,136,17,73,571,-1501,84
118,6,134,16,71,569,-1654,82
116,6,132,16,70,566,-1719,81
115,5,131,17,70,565,-1801,81
112,6,130,18,68,563,-2036,79
111,4,125,15,65,558,-1986,76
110,2,123,14,65,556,-1971,74
109,0,119,13,64,552,-1925,72
106,-1,115,11,61,548,-1754,69
104,-1,111,10,60,544,-1539,66
102,-3,109,10,60,542,-1711,66
100,-6,106,9,58,538,-1799,64
98,-8,101,9,56,534,-1745,61
95,-10,98,8,54,530,-1796,60
93,-13,96,9,52,527,-2038,58
90,-15,90,6,48,521,-1922,53
88,-15,87,5,47,517,-1857,50
85,-13,84,5,45,515,-1895,49
83,-13,80,3,43,511,-1818,46
83,-15,77,1,42,508,-1505,44
80,-15,76,2,43,506,-1530,44
78,-16,74,2,41,504,-1609,42
76,-14,73,2,40,503,-1540,42
74,-13,71,2,38,501,-1634,40
71,-13,70,3,37,499,-2007,39
70,-12,67,1,34,496,-1831,36
69,-14,64,0,34,493,-1691,35
67,-14,62,0,32,490,-1699,33
66,-13,60,0,31,489,-1693,31
66,-14,58,-2,30,486,-1514,29
64,-14,57,-1,31,485,-1644,30
62,-14,55,-1,29,483,-1809,29
61,-13,55,0,28,482,-1828,28
60,-15,54,0,28,481,-1778,28
57,-13,53,0,27,480,-1890,27
56,-13,51,0,24,477,-1806,24
55,-12,49,-1,24,475,-1728,23
53,-13,45,-2,22,472,-1667,21
52,-13,43,-2,21,470,-1598,19
52,-13,40,-4,20,467,-1473,17
50,-11,41,-3,21,468,-1577,18
50,-11,42,-3,20,467,-1696,18
48,-11,41,-3,19,466,-1751,18
47,-12,39,-3,19,464,-1801,17
45,-11,40,-1,18,464,-1950,17
45,-11,38,-2,16,462,-1824,15
46,-12,38,-3,17,462,-1769,15
46,-12,38,-3,17,461,-1874,15
47,-12,37,-4,17,461,-1792,14
48,-14,36,-5,17,459,-1582,13
47,-14,37,-4,19,460,-1731,15
47,-13,38,-4,18,460,-1903,15
47,-13,38,-3,17,460,-1895,15
46,-12,38,-2,18,460,-1932,16
45,-11,40,-1,18,461,-2171,17
46,-12,39,-2,16,459,-2110,15
46,-12,38,-3,17,459,-1989,15
46,-12,38,-3,17,459,-2013,15
47,-13,37,-4,17,458,-2009,14
47,-14,36,-5,17,456,-1798,13
47,-13,37,-4,19,458,-1860,15
46,-12,37,-3,18,457,-1959,15
46,-13,37,-3,18,457,-1903,15
46,-12,38,-3,18,457,-1936,16
45,-11,39,-1,18,458,-2124,17
45,-11,38,-3,16,456,-1972,15
45,-12,37,-3,17,456,-1838,14
46,-12,37,-3,17,456,-1806,14
46,-12,37,-4,17,455,-1690,14
47,-14,35,-5,17,454,-1447,13
47,-13,36,-4,19,455,-1516,15
46,-13,37,-4,18,454,-1719,15
46,-13,37,-3,17,454,-1802,15
46,-12,38,-3,18,454,-1861,16
44,-11,39,-1,18,456,-2079,16
44,-11,38,-2,16,453,-2015,15
45,-12,37,-3,17,453,-1985,15
46,-12,37,-3,17,453,-2046,14
45,-12,37,-4,17,452,-1962,14
47,-14,35,-6,17,451,-1812,13
46,-13,36,-4,18,452,-1848,15
45,-13,37,-3,17,452,-2024,15
46,-13,37,-3,17,451,-2033,15
46,-12,38,-3,18,452,-2037,16
44,-10,39,-2,18,453,-2219,16
44,-11,38,-3,15,451,-2159,14
45,-12,37,-3,17,450,-2010,14
45,-12,37,-3,17,450,-2004,14
46,-12,36,-4,17,449,-1969,14
47,-13,35,-6,16,448,-1821,13
46,-13,36,-4,18,449,-1934,15
45,-12,37,-4,18,449,-2157,15
45,-12,37,-3,17,449,-2150,15
45,-12,37,-3,17,449,-2189,15
44,-10,39,-1,18,449,-2396,16
44,-11,37,-2,16,448,-2318,14
45,-12,37,-3,17,447,-2195,14
45,-12,37,-3,17,447,-2292,14
45,-12,36,-3,16,446,-2336,14
46,-13,35,-5,17,445,-2128,13
46,-13,35,-4,18,446,-2102,14
46,-12,36,-3,18,446,-2191,15
45,-12,36,-3,17,446,-2160,15
45,-12,37,-3,17,446,-2233,15
44,-10,39,-1,18,447,-2471,16
44,-11,37,-2,15,445,-2449,14
44,-11,36,-3,16,445,-2289,14
45,-12,37,-3,17,444,-2266,14
45,-12,36,-4,16,444,-2177,14
46,-13,34,-5,16,442,-1946,12
46,-13,35,-4,18,443,-1951,15
44,-11,36,-3,16,442,-1990,14
44,-11,36,-3,16,441,-1852,14
45,-12,36,-4,16,441,-1877,13
46,-13,34,-5,15,439,-1781,12
46,-13,35,-4,18,440,-1687,14
45,-12,36,-3,17,440,-1786,15
45,-12,36,-3,17,440,-1807,15
45,-12,37,-3,17,440,-1871,15
43,-11,38,-1,18,441,-2116,16
43,-11,37,-2,16,440,-2063,14
44,-11,36,-3,16,439,-1826,14
44,-11,36,-3,16,439,-1881,14
44,-12,36,-4,16,438,-1825,14
45,-13,34,-5,16,437,-1639,13
45,-13,35,-4,17,437,-1606,14
45,-12,36,-3,17,438,-1768,15
44,-12,36,-3,17,438,-1736,15
44,-12,36,-2,17,438,-1753,15
43,-10,38,-1,18,439,-1899,16
43,-11,37,-2,15,437,-1916,14
43,-11,36,-3,16,436,-1777,14
44,-12,36,-3,17,436,-1826,14
44,-12,36,-3,16,436,-1796,13
45,-13,34,-5,15,434,-1647,12
45,-13,35,-4,18,434,-1664,14
44,-12,35,-4,17,435,-1948,14
44,-12,35,-3,16,434,-1932,14
44,-12,36,-3,16,434,-1838,15
43,-10,37,-1,17,436,-1950,16
42,-10,37,-2,15,435,-1998,14
43,-11,36,-3,16,433,-1914,14
43,-11,36,-3,16,433,-1956,14
43,-12,35,-3,16,432,-1891,13
45,-13,34,-5,16,432,-1714,12
45,-13,34,-4,18,432,-1689,14
44,-12,35,-3,17,432,-1890,14
44,-12,35,-3,17,432,-1863,14
44,-12,36,-3,16,432,-1845,15
43,-11,37,-1,17,433,-1999,16
42,-10,37,-2,15,432,-2117,14
43,-11,35,-3,15,431,-1997,13
43,-11,35,-3,16,431,-2001,13
44,-12,35,-3,15,430,-1989,13
45,-13,33,-5,15,428,-1825,12
44,-13,34,-5,17,429,-1738,14
44,-12,35,-3,17,429,-1913,14
43,-12,35,-3,17,429,-1853,14
43,-12,36,-3,17,429,-1755,14
42,-11,37,-1,18,430,-1916,16
42,-10,36,-2,15,429,-2093,14
42,-11,35,-3,15,428,-1969,13
43,-11,35,-3,15,428,-1906,13
43,-11,35,-3,15,427,-1893,13
44,-12,33,-5,15,426,-1802,12
44,-13,34,-5,17,426,-1724,13
43,-12,35,-3,17,427,-1924,14
43,-12,35,-3,16,426,-1953,14
43,-12,35,-3,17,426,-1997,14
42,-10,37,-1,18,428,-2127,16
42,-10,36,-1,15,426,-2158,14
42,-11,35,-3,15,425,-2003,13
43,-11,35,-3,16,425,-2038,13
42,-11,35,-3,15,424,-2018,13
43,-12,33,-5,15,423,-1835,12
44,-13,33,-4,17,423,-1757,14
43,-12,35,-3,17,424,-2030,14
43,-12,35,-3,16,424,-2104,14
42,-11,35,-3,17,424,-2072,15
41,-10,36,-1,17,425,-2163,16
41,-10,36,-1,15,424,-2195,14
42,-11,35,-2,15,423,-1912,14
42,-11,34,-3,16,422,-1971,13
43,-12,34,-3,15,422,-2056,13
44,-12,33,-5,15,420,-1844,12
44,-13,33,-4,17,421,-1627,13
43,-12,34,-3,17,422,-1828,14
42,-11,34,-3,16,421,-1776,14
42,-12,34,-3,16,421,-1808,14
42,-10,36,-1,17,422,-2045,16
41,-10,35,-2,15,421,-2214,14
42,-11,35,-3,15,420,-1954,13
42,-11,34,-3,16,420,-1964,13
42,-11,34,-3,15,419,-1896,13
43,-12,33,-5,15,418,-1752,12
43,-13,33,-4,17,418,-1702,13
43,-12,34,-3,17,419,-1912,14
43,-12,34,-3,16,418,-1943,14
42,-11,34,-3,16,419,-1886,14
41,-10,36,-2,17,420,-1993,15
40,-10,36,-2,15,418,-2129,14
42,-11,35,-2,15,417,-1955,13
42,-11,34,-3,16,417,-2020,14
42,-11,34,-3,15,417,-2065,13
43,-12,33,-4,15,415,-1956,12
43,-13,33,-4,16,416,-1799,13
42,-12,34,-3,17,417,-1984,14
43,-12,34,-3,16,416,-1970,14
42,-12,34,-3,16,416,-1872,14
41,-10,36,-2,17,416,-1971,15
40,-9,36,-1,15,416,-2180,14
41,-10,34,-3,15,415,-2047,13
42,-11,34,-3,15,415,-2118,13
42,-11,34,-3,15,414,-2196,13
43,-12,33,-5,15,413,-2100,12
43,-12,32,-5,16,413,-1978,13
42,-12,34,-3,16,413,-2238,14
42,-11,34,-3,16,413,-2221,14
42,-11,34,-3,16,413,-2154,14
41,-10,36,-1,17,414,-2274,15
40,-9,35,-1,15,413,-2373,14
41,-10,34,-3,14,412,-2040,13
41,-11,34,-3,15,412,-1916,13
41,-11,34,-3,15,411,-1905,13
41,-12,32,-5,14,410,-1804,12
43,-13,32,-5,16,410,-1620,12
42,-12,33,-3,16,411,-1783,14
41,-11,33,-3,16,410,-1787,14
41,-11,34,-3,16,410,-1752,14
40,-10,35,-1,17,411,-1844,15
40,-10,35,-1,15,410,-2015,14
40,-10,34,-3,14,409,-1837,13
41,-11,34,-3,15,409,-1849,13
41,-11,33,-3,15,409,-1933,13
42,-12,32,-5,14,408,-1894,12
43,-13,32,-5,15,407,-1761,12
42,-11,33,-3,16,408,-1949,14
42,-11,34,-3,16,409,-1995,14
44,-9,38,-2,17,412,-2033,16
46,-7,43,0,20,416,-2176,20
46,-5,45,0,20,418,-2367,21
49,-6,46,0,21,419,-2164,22
52,-8,49,0,24,423,-2117,25
56,-9,53,0,27,426,-2094,27
59,-9,54,0,28,427,-2032,28
62,-10,57,0,31,430,-1901,30
63,-10,60,1,33,433,-2089,34
63,-8,61,2,32,434,-2123,34
63,-6,63,2,33,435,-2099,35
63,-6,65,4,34,436,-2151,37
64,-6,67,4,33,437,-2307,37
65,-7,65,3,33,436,-2066,36
65,-8,65,3,34,436,-1944,36
66,-8,64,2,34,435,-1910,36
66,-9,64,1,33,434,-1803,35
67,-12,62,1,34,432,-1598,35
66,-13,62,1,35,432,-1776,36
65,-13,62,1,34,432,-1851,35
66,-13,62,2,34,432,-1861,36
64,-11,62,3,33,432,-2030,36
61,-8,62,4,31,430,-2359,34
61,-9,60,2,30,429,-2291,33
62,-9,60,1,31,428,-2480,33
61,-11,58,1,30,426,-2587,32
60,-12,54,0,29,423,-2358,29
60,-13,53,0,30,422,-2013,28
59,-13,53,0,30,421,-2088,29
57,-14,51,0,27,419,-2174,27
55,-12,50,0,26,417,-2366,26
53,-10,50,0,26,417,-2914,26
51,-10,48,0,24,414,-3337,24
50,-11,45,-1,21,411,-3158,22
49,-10,43,-1,21,410,-3007,21
48,-10,42,-1,20,408,-2950,20
46,-11,38,-3,18,404,-2857,17
44,-11,34,-4,17,401,-2697,14
42,-10,35,-2,18,401,-2853,16
40,-10,33,-3,16,399,-2830,14
39,-11,32,-3,15,397,-2741,13
39,-10,33,-2,16,398,-2790,14
38,-9,34,-1,15,398,-2971,14
39,-10,32,-2,13,396,-2827,12
39,-10,32,-3,15,396,-2852,12
39,-10,32,-3,14,396,-3118,12
40,-11,31,-4,14,395,-3309,11
41,-12,30,-5,14,394,-3252,11
40,-12,32,-3,16,395,-3484,13
40,-11,32,-3,15,395,-3564,13
40,-11,32,-3,15,394,-3491,13
39,-10,32,-2,15,395,-3464,14
38,-9,34,-1,14,396,-3403,14
39,-10,32,-2,13,394,-3042,12
39,-10,32,-3,14,394,-2921,12
39,-11,31,-3,14,393,-2941,12
39,-11,31,-4,14,392,-2915,12
40,-12,29,-5,14,391,-2907,11
39,-11,31,-3,16,393,-3185,13
39,-11,32,-3,15,392,-3250,13
39,-11,31,-3,15,392,-3079,13
39,-10,32,-2,15,393,-2989,14
38,-9,34,-1,14,393,-3164,14
38,-10,32,-2,13,392,-2979,12
38,-10,32,-2,14,391,-2880,12
38,-10,32,-3,14,391,-2902,12
39,-11,30,-4,14,390,-2873,11
40,-12,29,-5,14,389,-2694,11
40,-11,31,-3,16,390,-2843,12
39,-11,31,-3,15,390,-2947,12
39,-11,31,-3,15,390,-2960,12
39,-10,32,-2,15,390,-3109,13
38,-9,34,-1,14,391,-3364,13
38,-10,32,-3,13,389,-3011,12
38,-10,32,-3,14,389,-2774,12
38,-10,32,-3,13,387,-2807,11
34,-12,37,-2,9,380,-2831,6
30,-17,44,-2,6,372,-2593,1
24,-18,52,0,4,366,-2643,-1
18,-19,59,2,0,359,-2714,-6
17,-14,59,2,0,360,-2689,-6
20,-5,50,0,2,369,-2728,0
28,4,37,-2,9,385,-2976,9
43,25,6,-12,20,412,-2927,24
65,50,-33,-23,38,450,-2867,49
89,73,-74,-35,58,491,-2930,76
116,94,-118,-47,78,531,-2903,103
143,114,-161,-59,98,572,-2649,130
168,137,-202,-69,120,615,-2708,159
193,158,-244,-79,139,656,-2766,187
218,176,-284,-88,159,695,-2715,213
244,186,-319,-96,179,731,-2761,238
267,187,-346,-100,196,759,-3028,260
285,187,-370,-106,207,780,-2964,275
298,190,-387,-110,218,797,-2920,287
307,190,-397,-112,223,805,-2986,293
311,179,-397,-112,225,804,-2913,294
311,167,-392,-110,224,796,-2582,290
304,159,-378,-105,221,785,-2586,285
294,151,-360,-101,211,768,-2656,274
281,139,-338,-95,201,746,-2643,260
264,123,-311,-87,188,719,-2639,243
243,103,-274,-75,172,685,-2859,221
220,82,-236,-67,153,645,-2787,193
195,58,-193,-56,133,602,-2859,166
169,30,-148,-44,112,557,-2986,137
143,4,-103,-32,91,513,-2921,108
118,-15,-64,-23,72,471,-2779,80
92,-33,-22,-12,53,432,-3051,55
65,-50,16,-4,31,391,-3314,27
36,-69,33,-2,9,347,-3362,-1
8,-90,35,-1,-11,303,-3396,-30
-14,-89,37,0,-28,278,-3470,-48
-24,-72,36,-1,-36,274,-3253,-55
-19,-60,35,-2,-31,285,-3111,-49
-5,-48,35,-2,-20,307,-3045,-34
9,-35,34,-3,-9,330,-3000,-19
22,-28,32,-4,0,349,-2978,-7
32,-18,34,-3,9,366,-3136,5
35,-13,34,-2,12,374,-3076,10
35,-12,34,-2,12,374,-2792,10
35,-12,35,-1,12,374,-2882,10
34,-11,36,0,12,375,-3250,11
34,-11,35,-1,10,373,-3243,9
35,-12,35,-2,11,373,-3170,9
35,-12,34,-2,12,373,-3188,9
35,-12,34,-2,11,372,-3233,8
36,-13,32,-4,11,371,-3037,7
36,-13,34,-3,13,372,-3067,9
35,-12,34,-2,12,372,-3096,9
35,-12,34,-2,12,371,-2947,9
35,-12,34,-1,12,372,-2820,9
34,-10,36,0,13,373,-2970,11
34,-11,35,-1,11,371,-2890,9
34,-11,34,-2,11,370,-2747,9
34,-12,34,-2,11,370,-2790,9
35,-12,34,-2,11,370,-2777,9
36,-13,32,-4,11,368,-2632,7
36,-13,33,-3,13,369,-2803,9
36,-12,34,-2,12,369,-2885,9
35,-12,34,-2,12,369,-2784,10
35,-12,35,-1,13,369,-2752,10
33,-10,36,0,12,371,-2939,11
33,-11,35,-1,10,369,-3034,8
34,-12,34,-2,11,368,-3000,9
35,-12,34,-2,11,368,-2884,9
35,-12,33,-2,11,367,-2761,8
36,-13,32,-4,11,366,-2656,7
36,-13,33,-2,13,367,-2924,9
35,-12,34,-2,12,367,-3240,9
34,-12,34,-2,12,367,-3221,9
34,-11,34,-1,12,367,-3138,9
33,-10,36,0,12,368,-3179,11
33,-10,34,-1,10,366,-3045,9
34,-11,34,-2,11,365,-2870,9
34,-11,34,-2,11,366,-3061,8
34,-12,34,-2,11,365,-3312,8
35,-13,32,-4,11,364,-3253,7
36,-13,33,-3,13,365,-3116,9
36,-11,36,-1,13,367,-3069,11
37,-10,38,-1,14,369,-2964,12
37,-10,39,0,15,369,-2911,13
37,-7,42,1,16,372,-3051,15
39,-7,43,0,15,373,-3087,15
41,-9,44,0,17,373,-3121,16
42,-10,44,0,17,374,-3231,16
42,-11,44,0,17,373,-3185,16
44,-12,43,-1,17,372,-2877,15
45,-11,46,0,20,375,-2912,19
45,-9,48,1,21,377,-3203,20
45,-9,48,1,20,377,-3251,20
45,-9,49,1,21,377,-3270,20
46,-10,52,3,22,379,-3573,23
47,-10,51,2,21,379,-3447,22
47,-8,52,2,21,379,-3073,22
48,-7,53,2,22,380,-2907,22
50,-9,53,1,23,381,-2725,23
51,-11,53,0,23,380,-2474,23
52,-10,55,1,26,381,-2435,24
53,-8,59,2,27,385,-2645,27
56,-6,63,4,29,389,-2681,30
58,-4,68,6,31,394,-2775,34
59,-1,73,8,33,398,-3197,37
60,0,74,7,32,399,-3343,36
64,0,76,7,34,402,-3204,38
67,1,81,8,37,405,-3117,41
70,3,85,9,39,409,-2951,44
73,3,88,8,41,412,-2681,46
76,4,92,10,44,416,-2588,50
79,4,96,11,46,420,-2858,53
81,5,100,13,48,424,-2822,55
84,8,105,14,51,428,-2804,59
85,10,111,17,53,433,-2987,63
88,12,115,17,53,436,-2992,64
92,12,118,17,56,439,-2783,66
95,11,120,17,58,442,-2800,69
97,12,122,18,59,444,-2842,70
99,11,123,16,60,444,-2699,70
100,12,125,18,63,447,-2638,73
101,11,127,19,63,449,-2798,75
102,10,128,19,64,449,-2790,76
102,11,129,19,64,449,-2857,76
103,13,132,22,66,452,-3085,78
104,14,133,21,65,453,-3137,78
104,13,132,20,65,452,-2916,77
105,13,132,20,65,452,-2972,77
104,12,130,19,64,450,-3002,76
103,9,126,17,63,446,-2841,73
103,7,125,17,64,445,-2748,74
101,7,124,18,63,444,-2909,73
99,6,122,17,61,441,-2854,71
97,5,120,18,60,439,-2848,70
95,5,120,18,60,438,-3020,70
93,5,116,17,56,434,-3130,67
93,3,113,15,55,431,-2949,64
91,0,109,14,54,427,-2910,63
88,0,106,13,52,423,-2870,60
86,-1,101,11,50,418,-2709,56
85,-4,98,10,50,416,-2591,55
82,-6,95,10,49,412,-2734,54
80,-8,90,9,47,408,-2691,51
79,-12,87,8,45,404,-2697,50
75,-13,85,9,44,402,-2858,48
72,-14,80,7,40,397,-3023,44
70,-13,77,6,38,393,-2956,41
67,-11,74,5,36,391,-2937,39
65,-12,71,4,34,388,-2860,37
65,-14,68,2,33,384,-2659,35
63,-15,66,2,34,382,-2545,34
61,-14,65,3,33,381,-2726,34
59,-12,63,3,30,379,-2751,32
57,-13,60,3,29,376,-2761,30
54,-12,61,4,29,376,-2879,30
52,-11,58,4,26,373,-2949,27
52,-13,55,2,25,370,-2784,25
50,-12,54,2,24,369,-2865,24
49,-12,52,1,23,367,-2901,23
48,-13,48,0,21,364,-2662,20
47,-14,46,-1,22,362,-2655,20
45,-12,46,0,21,361,-3210,20
45,-13,45,0,20,360,-3451,19
43,-14,43,0,19,357,-3513,18
41,-12,43,1,19,357,-3594,18
39,-11,43,0,16,356,-3737,16
37,-11,39,0,15,352,-3534,13
36,-12,36,-1,14,350,-3519,11
34,-11,34,-1,12,348,-3492,10
34,-11,32,-3,11,346,-3310,8
34,-11,32,-3,13,346,-3058,9
34,-10,33,-1,13,346,-3184,10
32,-10,31,-2,11,344,-3196,9
30,-11,30,-2,10,342,-3174,8
29,-10,31,0,11,343,-3426,8
28,-10,31,-1,9,342,-3709,7
29,-11,29,-2,9,341,-3535,6
30,-11,29,-2,9,341,-3253,7
30,-11,29,-3,9,340,-3181,6
31,-12,28,-4,9,339,-3202,5
31,-13,28,-4,11,340,-3253,6
31,-12,29,-2,11,340,-3474,7
31,-12,29,-2,10,340,-3417,7
30,-12,29,-2,10,340,-3471,7
29,-10,30,0,10,340,-3787,8
29,-10,30,0,9,340,-3900,7
30,-11,30,-2,8,339,-3690,6
30,-11,29,-2,9,338,-3691,6
30,-11,29,-2,9,338,-3725,6
30,-12,28,-4,9,337,-3665,5
31,-13,28,-4,10,337,-3604,6
30,-12,29,-2,10,338,-3864,7
30,-11,29,-2,10,337,-3895,6
30,-11,29,-2,10,337,-3734,7
29,-11,30,-1,10,338,-3778,8
28,-10,31,-1,9,338,-3908,7
29,-11,29,-2,8,337,-3681,6
29,-11,29,-2,9,337,-3693,6
30,-11,29,-2,8,336,-3708,6
31,-12,27,-4,8,335,-3527,5
31,-13,27,-4,10,335,-3282,6
30,-12,29,-2,11,336,-3411,7
30,-12,28,-2,9,335,-3400,7
30,-12,29,-2,10,335,-3528,7
29,-11,30,0,11,336,-3730,8
28,-10,30,0,9,336,-3906,7
29,-11,29,-2,8,334,-3696,6
30,-11,29,-2,9,334,-3644,6
29,-11,29,-2,9,335,-3646,6
30,-12,27,-3,8,333,-3564,5
31,-13,27,-4,9,332,-3362,6
30,-12,28,-3,10,333,-3526,7
30,-11,29,-2,9,333,-3560,7
29,-11,29,-2,10,333,-3558,7
29,-10,30,-1,10,334,-3667,8
28,-9,30,0,9,334,-3843,8
29,-10,29,-2,8,332,-3706,6
29,-11,29,-2,9,333,-3697,6
29,-11,29,-2,9,332,-3637,6
30,-12,27,-3,8,331,-3513,5
30,-13,27,-4,10,331,-3409,6
30,-12,28,-2,11,332,-3606,7
29,-12,28,-2,9,331,-3414,7
29,-11,28,-2,9,331,-3102,6
29,-11,29,-1,10,332,-3072,8
28,-9,31,0,9,332,-3201,7
29,-10,29,-1,8,330,-3021,6
29,-11,29,-2,9,330,-2988,6
29,-11,28,-2,9,330,-3054,6
29,-12,27,-3,8,329,-3040,5
30,-13,26,-4,9,328,-2816,5
29,-12,28,-2,10,329,-3069,7
29,-11,28,-2,9,329,-3405,7
29,-11,29,-2,10,329,-3427,7
29,-10,29,-1,10,330,-3435,7
28,-9,30,0,9,330,-3786,8
28,-10,29,-2,8,328,-3659,6
29,-11,28,-2,9,328,-3568,6
29,-11,28,-2,9,328,-3567,6
30,-11,27,-3,8,327,-3504,5
31,-13,27,-4,9,326,-3308,5
30,-12,28,-2,10,327,-3484,6
29,-11,28,-2,10,327,-3539,6
29,-11,28,-2,10,327,-3497,7
28,-10,29,-1,10,328,-3629,8
27,-9,30,0,9,328,-3848,7
28,-10,28,-2,8,326,-3640,6
29,-11,28,-2,9,326,-3584,6
29,-11,28,-2,9,326,-3639,6
29,-12,27,-4,8,325,-3650,5
30,-13,26,-4,9,324,-3500,5
30,-12,27,-2,10,325,-3617,7
29,-11,27,-2,9,325,-3577,7
29,-11,28,-2,9,325,-3545,7
28,-10,29,-1,10,326,-3605,8
27,-9,30,0,9,326,-3747,8
28,-10,28,-1,8,324,-3595,6
28,-11,28,-2,9,324,-3556,6
28,-10,28,-2,9,324,-3547,6
29,-11,27,-3,8,323,-3459,5
30,-13,26,-4,9,322,-3270,5
29,-12,28,-2,10,323,-3419,7
29,-11,28,-2,10,323,-3459,7
29,-11,28,-2,9,323,-3233,7
28,-10,29,-1,10,324,-3010,7
27,-9,29,0,9,324,-3162,7
28,-10,28,-1,8,322,-2914,6
28,-10,28,-1,9,322,-2836,6
29,-11,28,-2,8,322,-2835,5
29,-11,26,-3,8,321,-2762,5
30,-13,26,-4,8,320,-2580,5
29,-12,27,-2,10,321,-2739,7
29,-12,27,-2,9,321,-2800,6
29,-11,27,-2,9,321,-2769,6
28,-10,28,-1,10,321,-3065,7
27,-9,29,0,9,322,-3561,8
28,-10,28,-1,8,320,-3479,6
28,-11,28,-2,9,320,-3297,6
28,-11,27,-2,8,320,-3334,5
28,-11,26,-3,8,319,-3286,5
30,-12,26,-4,9,318,-3026,5
29,-11,27,-3,10,319,-3158,7
28,-11,27,-3,9,319,-3228,6
29,-11,27,-2,9,319,-3200,7
28,-11,28,-1,10,319,-3214,8
27,-9,29,0,9,320,-3402,8
27,-10,28,-1,7,318,-3236,6
27,-10,27,-2,8,318,-3133,6
28,-10,27,-2,8,318,-3151,5
28,-11,27,-3,8,317,-3126,5
29,-12,25,-4,8,315,-3038,5
29,-11,27,-2,10,317,-3188,7
28,-11,27,-2,10,317,-3180,6
29,-11,27,-2,9,317,-3118,6
28,-10,28,-1,9,317,-3156,7
27,-9,29,0,9,318,-3221,8
27,-10,28,-1,7,316,-2903,6
28,-10,27,-2,8,316,-2543,6
28,-10,27,-2,8,316,-2436,6
28,-11,26,-3,8,315,-2512,5
29,-12,25,-4,8,313,-2599,4
29,-11,27,-2,10,315,-2830,6
29,-11,27,-2,9,315,-2900,6
28,-11,27,-2,9,315,-2885,6
27,-10,28,-1,9,315,-2716,7
29,-12,25,-4,8,312,-1860,4
29,-12,27,-3,9,313,-2050,6
28,-11,27,-2,9,313,-2433,6
28,-11,27,-2,9,313,-2546,6
27,-10,27,-1,9,313,-2626,7
26,-9,29,0,9,314,-2814,8
27,-9,27,-1,7,312,-2666,6
27,-10,27,-1,9,312,-2539,6
28,-10,26,-2,8,312,-2496,6
28,-11,26,-3,8,311,-2402,5
29,-12,25,-4,8,310,-2193,4
28,-12,26,-3,10,311,-2290,6
29,-10,29,-2,10,313,-2386,8
31,-8,33,-1,12,318,-2363,11
32,-6,36,0,13,320,-2441,13
33,-4,40,2,15,323,-2685,15
37,-6,42,1,15,325,-2557,16
41,-8,45,2,19,329,-2413,19
44,-8,48,2,21,331,-2428,21
46,-8,50,2,22,333,-2420,22
49,-10,51,0,24,334,-2244,24
50,-10,54,2,27,337,-2384,26
50,-6,55,3,26,338,-2552,27
50,-5,57,3,26,338,-2586,28
51,-6,58,4,28,340,-2728,30
51,-6,60,6,28,341,-2956,31
51,-6,59,4,25,339,-2814,29
52,-7,58,4,27,339,-2699,29
52,-7,58,3,27,339,-2685,29
52,-8,57,3,27,338,-2614,28
53,-12,54,1,26,335,-2453,26
53,-13,54,2,28,336,-2614,28
52,-13,55,2,28,336,-2739,28
51,-12,55,2,27,336,-2650,28
49,-10,54,3,26,335,-2655,27
48,-8,56,5,26,335,-2864,28
48,-9,54,3,24,333,-2762,26
48,-10,53,3,24,332,-2624,25
46,-11,50,2,22,329,-2675,23
46,-11,48,1,22,328,-2658,22
47,-13,46,0,21,325,-2474,20
45,-14,45,0,22,324,-2547,20
43,-13,44,0,20,323,-2666,20
41,-11,43,0,19,322,-2631,19
39,-11,41,1,19,320,-2705,18
37,-10,41,2,18,319,-2900,17
36,-10,38,1,14,316,-2782,14
35,-9,36,0,14,314,-2652,13
34,-10,34,0,13,312,-2696,12
32,-10,31,-1,11,309,-2654,9
31,-10,28,-3,10,306,-2441,7
29,-10,27,-2,11,305,-2502,7
27,-10,25,-2,9,303,-2714,6
27,-11,25,-2,8,303,-2692,6
26,-10,26,-2,8,303,-2721,6
25,-9,27,0,9,304,-2909,7
25,-9,26,-1,7,302,-2874,5
26,-10,25,-1,7,302,-2772,5
26,-10,25,-2,8,301,-2787,5
26,-11,25,-3,7,301,-2668,4
28,-12,23,-4,7,299,-2202,3
28,-12,24,-3,9,301,-2164,5
27,-11,25,-2,8,301,-2475,6
27,-10,25,-2,8,301,-2612,6
26,-10,26,-1,8,300,-2612,6
25,-9,27,0,9,302,-2736,7
25,-9,26,-1,7,300,-2650,5
26,-10,25,-2,7,300,-2511,5
26,-10,25,-2,7,299,-2518,5
26,-10,25,-2,7,299,-2456,5
27,-12,23,-4,7,298,-2252,3
27,-11,25,-3,9,299,-2273,5
27,-11,25,-2,9,299,-2440,5
26,-10,25,-2,8,299,-2417,5
26,-10,26,-1,9,299,-2430,6
25,-9,27,0,9,300,-2649,7
25,-9,26,-1,6,299,-2644,5
25,-10,25,-2,7,298,-2435,5
26,-10,25,-2,8,298,-2355,5
26,-10,24,-2,8,297,-2283,5
27,-12,23,-4,7,296,-2189,3
27,-11,24,-3,9,297,-2328,5
26,-10,25,-2,8,297,-2551,5
26,-10,25,-2,8,297,-2540,6
26,-10,25,-2,8,297,-2543,6
25,-8,27,0,9,298,-2711,8
25,-8,26,-1,7,297,-2654,5
25,-9,25,-2,7,296,-2467,5
23,-10,28,-1,6,292,-2486,2
18,-13,36,0,1,284,-2502,-2
14,-17,42,0,-2,275,-2355,-8
9,-19,50,2,-4,269,-2351,-12
4,-16,54,3,-6,266,-2565,-14
6,-8,48,1,-5,272,-2566,-11
12,0,36,-1,0,284,-2598,-3
23,15,16,-5,10,308,-2779,11
42,41,-21,-16,23,342,-2766,32
66,64,-63,-28,43,382,-2600,58
92,86,-105,-39,63,423,-2616,85
117,107,-148,-51,83,464,-2584,113
144,128,-192,-64,103,504,-2372,139
170,149,-233,-74,125,547,-2322,168
195,169,-274,-84,144,587,-2471,195
220,183,-312,-92,164,624,-2390,221
245,187,-343,-98,183,656,-2381,244
265,187,-366,-102,198,681,-2573,263
281,190,-386,-107,208,700,-2597,276
290,192,-400,-111,215,712,-2445,285
296,185,-404,-110,219,714,-2467,288
298,173,-400,-109,219,710,-2451,287
295,163,-391,-107,215,699,-2281,280
286,155,-375,-102,210,684,-2276,271
274,144,-355,-96,200,665,-2451,259
260,131,-330,-89,188,641,-2434,243
241,112,-297,-80,173,609,-2436,223
217,92,-257,-68,156,573,-2636,200
192,70,-217,-59,134,530,-2680,171
167,43,-173,-48,114,486,-2558,142
141,16,-127,-35,94,441,-2637,113
116,-5,-86,-24,74,399,-2637,86
91,-24,-46,-16,53,358,-2488,58
65,-43,-5,-6,34,318,-2485,32
36,-59,23,-2,12,276,-2696,4
7,-83,28,-1,-10,230,-2682,-26
-17,-93,28,-1,-29,194,-2673,-50
-33,-79,30,0,-38,185,-2818,-59
-35,-63,30,0,-40,190,-2807,-59
-24,-53,29,0,-31,207,-2554,-48
-9,-40,29,-1,-19,231,-2523,-32
3,-29,28,-1,-9,252,-2521,-18
15,-21,27,-2,-1,269,-2351,-7
23,-14,27,-2,6,282,-2260,1
23,-12,28,-1,7,284,-2450,3
22,-11,28,-1,6,284,-2441,3
22,-11,28,0,6,284,-2436,3
22,-10,30,0,7,285,-2577,4
22,-10,29,0,5,284,-2603,3
22,-11,28,-1,5,283,-2390,2
22,-11,28,-1,5,283,-2407,2
23,-11,28,-1,5,283,-2463,2
23,-12,27,-3,5,281,-2393,0
23,-12,27,-2,6,282,-2318,2
23,-12,28,-1,6,283,-2494,3
22,-11,28,-1,6,282,-2508,3
23,-11,28,-1,6,282,-2546,3
22,-10,30,0,7,283,-2734,4
21,-10,30,0,5,282,-2828,3
22,-11,28,-1,5,281,-2624,2
22,-11,28,-1,6,281,-2598,2
22,-11,28,-1,5,281,-2557,2
23,-12,26,-3,5,279,-2422,1
24,-13,27,-2,6,280,-2328,2
23,-12,28,-1,6,281,-2466,3
23,-12,28,-1,6,280,-2438,3
23,-11,28,-1,6,280,-2425,3
21,-10,30,0,7,282,-2531,4
21,-10,30,0,5,281,-2597,3
22,-11,28,-1,5,280,-2417,2
22,-11,28,-1,6,280,-2475,2
22,-11,27,-1,5,279,-2471,2
23,-12,26,-3,4,278,-2326,1
23,-13,27,-2,6,278,-2200,2
22,-12,28,-1,6,279,-2410,3
23,-11,28,-1,5,279,-2405,3
22,-11,28,-1,5,279,-2429,3
21,-10,30,0,7,280,-2630,4
21,-10,29,0,5,279,-2804,3
21,-11,28,0,5,278,-2704,2
22,-11,28,-1,6,278,-2696,2
22,-11,28,-1,5,277,-2650,2
23,-12,27,-2,5,276,-2504,1
24,-12,28,-2,7,278,-2386,2
25,-10,31,0,8,281,-2617,6
25,-9,32,0,8,281,-2624,6
25,-9,33,0,9,283,-2595,7
26,-7,37,2,10,286,-2708,10
27,-7,38,2,10,287,-2758,10
29,-9,38,1,11,287,-2503,10
30,-10,38,1,12,287,-2519,10
30,-10,38,0,11,286,-2554,10
32,-10,38,0,11,286,-2477,9
34,-10,41,0,15,289,-2375,12
33,-9,42,1,15,290,-2542,13
34,-9,42,1,14,290,-2510,13
34,-10,43,1,15,291,-2481,14
35,-10,46,3,17,293,-2601,16
34,-7,47,3,15,294,-2707,16
35,-6,47,3,15,294,-2509,15
37,-8,48,3,17,294,-2458,16
38,-9,48,3,17,295,-2424,17
40,-10,47,2,17,294,-2326,16
42,-10,50,2,20,296,-2158,19
43,-7,55,4,23,301,-2322,23
45,-5,59,5,24,305,-2312,25
48,-3,64,6,26,309,-2282,28
48,-1,67,8,28,313,-2386,31
50,0,70,9,28,315,-2504,32
53,1,73,9,29,318,-2280,34
57,2,78,10,32,322,-2243,37
60,4,82,11,34,325,-2254,39
63,5,84,10,36,329,-2155,41
66,3,87,10,39,331,-2038,44
69,5,92,13,42,336,-2261,48
71,7,97,14,43,340,-2284,51
74,9,101,16,46,345,-2302,54
76,12,107,18,49,350,-2440,58
78,14,112,19,49,353,-2569,60
82,12,113,19,51,355,-2344,61
84,12,116,19,54,358,-2341,63
85,13,117,19,54,359,-2388,64
87,13,119,18,55,361,-2331,65
90,12,119,18,57,362,-2193,66
91,11,122,20,59,364,-2390,69
91,11,123,20,58,364,-2428,69
91,11,124,21,58,365,-2386,70
92,13,127,22,60,368,-2387,73
92,14,129,23,60,369,-2435,73
93,14,127,22,59,367,-2189,71
92,13,125,21,59,366,-2171,70
90,12,122,20,58,363,-2258,69
91,10,120,19,57,361,-2125,67
91,7,117,17,57,358,-1912,66
88,8,117,18,57,357,-2121,66
86,6,115,18,55,355,-2215,64
85,5,113,18,54,352,-2297,63
83,5,111,18,53,351,-2521,63
80,5,109,18,51,349,-2834,61
80,1,105,15,48,344,-2700,57
77,0,101,14,47,341,-2708,54
75,1,98,14,45,337,-2733,52
73,-1,93,12,43,332,-2651,49
72,-6,89,10,43,329,-2459,47
69,-7,86,10,42,326,-2569,46
68,-10,82,9,40,322,-2555,43
66,-13,79,8,38,318,-2475,42
63,-14,76,8,37,315,-2524,40
58,-13,74,9,34,312,-2667,37
56,-11,70,7,31,308,-2496,34
54,-11,66,6,30,305,-2501,31
53,-12,64,5,28,302,-2541,30
52,-14,61,4,27,299,-2481,27
51,-15,58,2,27,296,-2307,26
49,-13,58,4,27,296,-2491,27
45,-12,55,3,24,293,-2567,24
44,-13,53,3,23,292,-2510,23
42,-11,53,4,23,291,-2552,23
40,-11,51,5,20,289,-2757,22
39,-12,48,2,18,285,-2548,18
38,-11,47,2,18,284,-2487,18
37,-10,45,2,16,282,-2522,16
36,-13,41,0,15,279,-2473,14
35,-14,39,0,14,277,-2314,12
34,-12,39,1,15,277,-2439,13
33,-14,38,0,14,275,-2465,12
31,-14,37,0,13,274,-2425,11
29,-12,37,1,13,273,-2300,11
26,-9,35,2,10,272,-2255,10
25,-11,31,0,7,267,-2026,5
24,-11,30,0,8,266,-1973,5
22,-9,28,0,6,264,-1951,3
22,-9,27,-1,5,263,-1818,2
23,-11,26,-2,6,262,-1657,2
22,-10,26,-1,7,263,-1819,3
19,-11,24,-1,5,260,-1881,1
19,-11,24,-1,4,259,-1842,1
18,-10,24,0,5,260,-2000,2
18,-10,26,0,4,260,-2613,2
18,-10,24,0,2,259,-2798,0
19,-11,24,-1,3,258,-2849,0
19,-11,23,-1,3,258,-2903,0
19,-12,23,-2,3,257,-2848,0
20,-13,21,-3,4,256,-2647,0
20,-12,23,-2,4,257,-2788,1
20,-12,23,-2,4,257,-2843,0
19,-12,23,-1,4,257,-2838,1
18,-11,24,0,5,258,-2891,1
17,-9,25,0,4,259,-3069,2
18,-10,24,-1,2,257,-2928,0
19,-11,23,-1,3,257,-2885,0
18,-11,23,-1,3,256,-2908,0
19,-11,22,-2,3,256,-2856,0
20,-12,21,-4,4,255,-2654,0
19,-12,23,-2,5,256,-2781,1
19,-11,23,-1,4,256,-2877,0
18,-11,23,-1,4,256,-2858,1
18,-10,24,0,5,256,-2885,2
17,-9,26,0,4,257,-3048,2
18,-10,24,-1,3,255,-2882,0
18,-11,23,-1,3,255,-2773,0
19,-11,23,-1,3,255,-2615,0
19,-11,22,-2,3,254,-2415,0
20,-12,21,-3,3,253,-2239,0
19,-12,23,-2,5,254,-2544,1
18,-11,23,-1,4,254,-2688,1
19,-11,23,-1,4,254,-2680,1
18,-11,24,0,5,255,-2807,1
17,-9,25,0,5,255,-3067,2
17,-10,24,0,2,253,-2944,0
18,-11,23,-1,3,253,-2845,0
18,-11,23,-1,3,253,-2883,0
19,-11,22,-2,3,252,-2870,0
20,-12,21,-4,3,251,-2639,0
19,-12,22,-2,4,253,-2711,1
19,-11,23,-1,4,253,-2765,1
19,-11,23,-1,4,252,-2696,1
18,-10,23,-1,4,253,-2681,2
17,-9,25,0,4,254,-2763,2
17,-10,23,-1,2,252,-2562,0
18,-10,23,-1,4,252,-2435,0
18,-10,23,-1,4,252,-2435,0
18,-11,22,-2,3,251,-2307,0
20,-12,21,-4,3,250,-2042,-1
19,-11,22,-2,5,251,-2135,1
18,-11,23,-2,4,251,-2242,1
18,-11,22,-1,3,251,-2192,1
17,-10,23,0,4,251,-2214,1
16,-9,24,0,4,252,-2421,2
17,-9,23,0,3,251,-2313,0
18,-10,23,-1,3,250,-2194,0
18,-10,22,-1,3,250,-2216,0
18,-11,22,-2,3,249,-2185,0
19,-12,21,-3,3,248,-2036,0
19,-11,22,-2,5,249,-2189,0
19,-11,22,-1,4,249,-2330,0
18,-11,22,-1,4,249,-2325,0
18,-11,23,-1,4,249,-2369,1
17,-9,25,0,4,250,-2581,2
17,-10,23,0,2,249,-2486,0
18,-10,23,-1,3,248,-2378,0
18,-10,23,-1,3,248,-2374,0
18,-11,22,-2,3,248,-2300,0
19,-12,20,-3,3,246,-2083,0
20,-12,22,-2,5,248,-2167,0
19,-11,22,-1,4,248,-2324,0
18,-11,22,-1,4,248,-2308,1
18,-10,23,0,4,248,-2332,1
17,-9,24,0,4,248,-2494,2
17,-10,23,0,3,247,-2364,0
18,-10,23,-1,4,247,-2233,0
17,-10,23,-1,3,247,-2264,0
18,-10,22,-2,3,246,-2245,0
19,-12,20,-3,3,245,-2052,-1
19,-12,22,-2,5,246,-2132,0
18,-11,22,-1,4,246,-2283,0
17,-10,22,-1,4,246,-2256,1
18,-10,23,-1,4,246,-2291,1
17,-9,24,0,5,248,-2492,2
17,-10,23,0,2,246,-2415,0
18,-10,22,-1,3,245,-2302,0
18,-10,22,-1,3,245,-2307,0
18,-11,22,-1,3,245,-2280,0
19,-12,20,-3,3,244,-2113,0
19,-11,22,-2,4,244,-2144,0
18,-11,22,-1,4,244,-2253,1
18,-11,22,-1,4,244,-2190,1
18,-10,22,-1,4,245,-2206,1
16,-8,24,0,4,246,-2488,2
17,-9,23,0,2,244,-2463,0
18,-10,23,0,3,244,-2316,0
18,-11,22,-1,3,244,-2301,0
18,-11,22,-2,3,243,-2124,0
19,-12,20,-3,3,242,-1523,0
18,-11,21,-2,5,243,-1237,0
18,-11,22,-1,4,244,-1240,1
17,-10,22,-1,4,243,-1154,1
17,-10,23,-1,3,243,-1136,1
16,-9,24,0,4,244,-1425,2
17,-9,23,0,2,243,-1843,0
17,-10,22,-1,3,243,-2058,0
17,-10,22,-1,3,242,-2229,0
18,-11,22,-2,3,242,-2264,0
18,-12,20,-3,3,240,-2071,0
18,-11,21,-2,5,241,-2063,0
18,-10,22,-2,4,242,-2194,1
18,-11,22,-1,4,242,-2163,1
18,-11,22,-1,4,242,-2170,1
16,-9,24,0,5,243,-2361,3
16,-9,23,0,2,242,-2346,0
17,-10,22,-1,3,241,-2207,0
17,-10,21,-1,3,241,-2196,0
17,-10,21,-1,3,240,-2136,0
18,-12,20,-3,3,239,-1982,0
18,-12,21,-2,5,240,-2034,0
18,-11,22,-1,5,240,-2131,1
18,-10,22,-1,4,240,-2052,1
17,-10,22,-1,4,240,-2048,1
16,-9,24,0,5,241,-2227,2
16,-9,23,0,2,240,-2221,0
17,-10,22,-1,3,239,-2057,0
17,-10,21,-1,3,239,-2178,0
17,-10,21,-2,3,239,-2171,0
18,-12,19,-3,2,237,-1940,-1
18,-12,20,-2,5,238,-2021,0
17,-11,21,-1,4,239,-2212,1
17,-11,22,-1,4,239,-2071,1
17,-10,22,-1,4,239,-2010,1
16,-9,24,0,5,240,-2176,2
16,-9,23,0,3,239,-2134,0
17,-10,21,-1,3,238,-1962,0
17,-10,21,-2,3,238,-1987,0
17,-10,21,-2,3,237,-1988,0
18,-11,19,-3,2,236,-1948,-1
19,-11,20,-2,4,237,-1974,0
18,-11,21,-1,4,237,-2033,1
17,-10,21,-1,3,237,-1970,0
17,-10,22,-1,4,237,-1950,1
16,-9,24,0,4,239,-2119,2
16,-9,23,0,2,237,-2129,0
17,-9,22,-1,3,237,-1959,0
17,-10,21,-1,3,236,-2015,0
17,-10,21,-1,3,236,-2097,0
18,-11,20,-3,2,234,-2012,-1
19,-11,21,-2,5,236,-1880,1
21,-8,26,0,6,241,-1942,4
22,-7,29,0,7,244,-1881,6
23,-6,32,1,8,246,-1901,8
25,-5,36,3,11,250,-2096,11
28,-6,39,3,12,252,-2136,13
32,-8,42,3,14,255,-1994,15
34,-8,44,3,16,257,-2056,16
37,-8,47,3,18,260,-2034,18
40,-10,47,2,19,260,-1883,18
40,-8,48,2,21,262,-1844,20
39,-5,51,4,21,263,-1996,22
41,-6,52,4,21,264,-1927,22
41,-7,53,5,22,265,-1910,24
41,-6,55,6,23,266,-2101,25
41,-6,54,5,21,265,-2139,23
42,-6,53,5,21,265,-1982,23
41,-7,53,5,22,265,-2105,23
42,-9,51,3,21,263,-2192,22
43,-13,48,1,21,260,-2066,20
43,-13,49,2,22,261,-2046,22
42,-12,50,3,23,262,-2267,23
40,-11,49,3,21,260,-2278,21
38,-9,48,3,20,259,-2256,21
37,-8,50,5,21,261,-2357,22
37,-8,49,5,19,260,-2404,21
36,-9,46,3,18,257,-2226,18
36,-10,44,2,18,255,-2277,17
35,-11,43,2,17,254,-2339,17
35,-13,39,0,15,250,-2227,14
34,-14,38,0,16,249,-2138,14
31,-11,38,1,15,249,-2320,13
30,-11,36,1,13,247,-2333,12
28,-11,34,1,12,245,-2318,11
27,-10,34,2,12,244,-2471,11
24,-8,33,1,9,242,-2535,9
24,-9,30,0,8,240,-2349,7
22,-10,28,0,7,237,-2371,5
20,-8,25,-1,5,234,-2376,3
20,-9,22,-2,4,232,-2278,0
18,-11,20,-2,4,229,-2224,0
17,-10,20,-2,3,229,-2397,0
16,-10,20,-2,3,229,-2364,0
16,-10,20,-1,3,229,-2344,0
16,-9,22,0,4,230,-2472,2
15,-8,22,0,2,230,-2572,1
16,-9,20,-1,2,228,-2320,0
16,-9,20,-1,3,229,-2275,0
16,-10,20,-1,2,228,-2276,0
17,-11,18,-3,2,227,-2179,-1
17,-11,19,-3,3,227,-2103,0
16,-10,20,-1,3,228,-2298,0
16,-10,20,-1,3,228,-2281,0
16,-10,20,-1,3,227,-2259,0
15,-9,22,0,4,229,-2360,2
15,-8,21,0,2,228,-2512,0
16,-9,20,-1,2,227,-2339,0
16,-9,20,-2,3,227,-2311,0
16,-10,20,-2,2,227,-2291,0
16,-10,19,-3,2,225,-2160,-1
17,-11,18,-3,3,225,-2066,0
16,-10,20,-2,4,226,-2259,0
16,-10,20,-1,3,226,-2297,0
16,-10,20,-1,3,226,-2342,0
15,-9,21,0,4,227,-2461,1
15,-8,21,0,2,227,-2550,1
16,-9,20,-1,2,226,-2335,0
16,-10,20,-1,3,225,-2327,0
16,-9,20,-2,2,225,-2335,0
16,-10,19,-3,2,224,-2220,-1
17,-11,18,-3,3,224,-2102,0
17,-10,19,-2,4,225,-2281,0
16,-10,20,-1,3,225,-2279,0
16,-9,20,-1,3,225,-2276,0
16,-8,22,0,4,226,-2473,2
15,-8,22,0,2,226,-2570,1
14,-9,21,-1,1,223,-2341,-1
10,-10,27,0,-1,216,-2287,-5
5,-14,35,1,-5,208,-2283,-10
1,-17,41,2,-10,200,-2240,-16
-3,-18,47,2,-11,194,-2166,-21
-4,-12,46,3,-11,197,-2379,-18
0,-4,37,0,-8,207,-2398,-12
8,5,20,-3,0,223,-2365,-2
23,30,-9,-11,13,255,-2347,18
44,56,-49,-21,30,294,-2350,42
70,77,-92,-34,48,334,-2044,68
96,99,-134,-45,70,375,-1928,96
122,120,-176,-56,89,417,-1755,123
148,141,-220,-68,109,457,-1227,149
175,161,-262,-80,131,498,-787,177
200,178,-300,-88,151,538,-983,204
225,187,-335,-96,169,572,-1178,229
287,168,-400,-106,212,634,-803,279
280,159,-388,-104,206,620,-701,270
270,149,-370,-100,198,602,-541,258
256,137,-347,-92,189,581,-795,245
239,120,-318,-84,175,553,-1062,226
219,100,-281,-74,159,518,-1183,204
194,80,-240,-62,141,479,-1331,179
168,57,-196,-51,119,436,-1511,151
143,28,-152,-40,97,389,-1351,120
117,3,-108,-28,77,346,-1360,92
91,-15,-67,-18,57,306,-1307,65
66,-34,-27,-9,37,265,-1154,37
39,-52,8,-3,17,223,-979,9
10,-72,22,-1,-4,180,-1175,-18
-17,-91,24,-1,-26,136,-1239,-47
-37,-87,24,-1,-40,115,-1285,-64
-46,-69,25,0,-44,116,-1441,-65
-40,-56,26,1,-40,129,-1712,-57
-26,-45,24,0,-30,151,-1559,-44
-11,-33,24,0,-18,174,-1511,-29
0,-24,24,0,-8,193,-1530,-16
10,-16,23,-1,-2,208,-1446,-7
14,-12,22,-2,1,213,-1249,-3
14,-12,23,0,2,214,-1421,-2
13,-11,24,0,1,214,-1458,-2
13,-11,23,0,1,214,-1463,-1
12,-10,25,0,2,215,-1557,0
11,-9,25,1,1,215,-1709,0
12,-10,24,0,0,214,-1441,-2
13,-11,23,0,0,213,-1282,-2
13,-11,23,0,0,213,-1300,-3
13,-11,22,-1,0,212,-1362,-3
14,-13,22,-2,1,212,-1202,-3
14,-12,23,0,2,213,-1211,-2
13,-12,23,0,1,213,-1185,-2
13,-11,23,0,1,212,-1201,-2
12,-10,24,0,2,213,-1333,-1
12,-9,25,1,1,214,-1507,-1
12,-10,24,0,0,212,-1223,-2
12,-10,24,0,1,212,-1126,-2
13,-11,23,0,1,212,-1164,-2
13,-11,22,-1,0,211,-1178,-3
14,-13,21,-2,0,210,-1006,-3
14,-12,23,0,2,211,-1214,-1
13,-11,23,0,1,211,-1460,-2
13,-11,23,0,1,212,-1455,-2
12,-11,24,0,1,212,-1418,-1
11,-9,25,1,1,213,-1612,0
12,-10,23,0,0,211,-1451,-2
12,-10,24,0,1,211,-1338,-2
12,-10,23,0,1,210,-1379,-2
13,-11,22,-1,0,210,-1466,-3
14,-12,21,-2,1,209,-1456,-3
13,-11,22,-1,2,210,-1631,-2
13,-11,23,0,1,210,-1610,-2
13,-11,23,0,1,210,-1419,-1
12,-10,24,0,2,211,-1482,-1
11,-9,25,1,1,211,-2032,-1
12,-10,23,0,0,209,-2181,-2
12,-10,23,0,0,209,-2222,-2
13,-10,23,0,0,209,-2026,-2
13,-11,23,-1,0,209,-1610,-3
15,-11,24,-2,2,210,-1223,-2
16,-10,27,0,4,213,-1283,0
16,-9,27,0,3,213,-1500,0
17,-8,30,0,5,216,-1417,2
18,-7,33,2,6,218,-1520,4
18,-7,35,3,7,220,-1936,6
20,-8,33,2,5,218,-2063,5
21,-9,33,1,7,219,-2174,4
21,-9,34,1,7,219,-2211,5
23,-9,36,1,8,220,-2070,6
25,-10,36,0,9,220,-1860,6
24,-8,37,2,11,222,-1936,8
24,-9,38,2,10,223,-1810,9
26,-10,39,2,11,224,-1969,10
26,-9,41,3,12,225,-2222,11
25,-5,44,5,12,227,-2431,12
26,-6,43,4,11,226,-2143,11
28,-8,44,4,13,227,-2095,12
29,-9,44,3,13,227,-1822,12
30,-9,44,3,13,227,-1469,12
33,-8,46,2,15,230,-1245,14
36,-6,52,5,19,236,-1259,19
38,-3,57,7,20,241,-1232,22
40,-2,60,7,22,244,-1147,24
40,-1,63,9,24,246,-1135,27
42,1,69,11,25,251,-1326,30
46,2,72,11,25,253,-1174,30
49,4,75,11,29,257,-1057,33
52,6,79,12,31,261,-992,36
55,5,82,12,32,264,-892,38
59,3,84,11,35,265,-683,40
61,6,90,14,38,271,-797,44
63,8,95,15,40,276,-947,47
66,10,99,17,42,280,-906,50
69,13,105,19,45,285,-918,54
70,14,109,21,47,289,-1178,57
74,13,111,20,47,291,-1065,57
75,13,112,20,49,292,-961,59
77,14,114,20,50,294,-988,60
79,14,116,20,51,296,-992,61
81,11,115,19,52,296,-810,61
82,11,117,20,54,298,-869,64
81,11,118,20,54,298,-982,64
82,13,120,21,55,300,-966,66
84,14,123,23,56,302,-1008,68
82,15,124,24,56,303,-1225,68
83,14,122,22,54,300,-1103,66
82,13,119,21,53,298,-1004,64
81,11,117,21,53,296,-1042,63
81,8,115,19,52,294,-1042,62
80,7,112,17,51,291,-846,59
79,6,111,18,52,290,-886,60
76,6,109,18,49,287,-988,58
75,5,106,18,48,285,-916,57
72,5,105,18,47,283,-883,56
70,4,103,18,46,281,-1056,55
68,1,98,16,43,277,-994,51
66,2,95,15,41,274,-878,48
64,0,91,14,39,269,-894,46
63,-3,87,12,38,265,-886,43
62,-7,82,9,36,260,-714,40
59,-9,79,9,36,258,-809,39
58,-12,76,9,35,255,-904,38
55,-14,72,8,32,250,-873,35
52,-14,69,8,31,247,-912,33
48,-11,68,9,29,245,-1114,32
45,-10,64,8,24,241,-1010,27
43,-11,60,7,24,238,-871,25
42,-12,59,6,23,236,-904,24
41,-13,56,5,21,233,-870,22
41,-14,53,3,21,230,-655,20
38,-13,52,4,21,230,-692,20
36,-13,49,4,18,227,-833,18
34,-12,48,4,17,226,-879,17
32,-11,47,4,17,224,-951,16
30,-11,46,5,16,223,-1176,16
29,-11,43,4,13,220,-1028,13
28,-10,42,3,13,219,-837,12
26,-11,39,2,12,216,-826,10
25,-12,37,1,10,214,-794,8
25,-13,34,0,9,211,-590,6
24,-14,34,0,10,211,-623,7
23,-14,33,1,9,209,-802,6
21,-12,32,0,8,208,-813,5
19,-11,31,1,7,207,-886,5
15,-9,30,2,5,206,-1122,4
14,-10,26,0,2,202,-1014,0
13,-9,24,0,2,201,-792,0
12,-8,23,0,1,199,-842,-1
12,-9,23,0,1,199,-878,-1
13,-10,21,-2,1,197,-649,-3
12,-11,20,-1,1,196,-692,-2
10,-11,19,-1,0,195,-937,-3
10,-11,19,0,0,195,-1124,-3
10,-10,19,0,0,195,-1234,-3
8,-9,21,1,0,196,-1460,-2
9,-9,20,0,-1,194,-1311,-4
9,-10,19,0,-1,194,-1010,-4
9,-10,19,-1,0,194,-1105,-4
10,-11,19,-1,0,193,-1099,-4
11,-12,17,-3,0,192,-806,-5
11,-11,18,-2,0,193,-728,-4
10,-11,19,-1,0,193,-847,-3
10,-11,19,-1,0,193,-796,-3
10,-11,19,0,0,193,-819,-3
9,-9,21,1,0,195,-1079,-1
9,-9,20,0,-1,193,-1138,-3
9,-10,19,0,-1,193,-950,-4
10,-10,19,-1,0,193,-906,-3
10,-11,18,-1,0,192,-920,-4
11,-12,17,-3,-1,191,-801,-5
11,-12,18,-2,0,192,-830,-4
10,-11,19,-1,0,192,-986,-3
10,-11,19,-1,0,192,-863,-3
10,-11,19,0,0,192,-815,-2
8,-9,21,1,0,193,-1010,-1
9,-9,20,0,-1,192,-1010,-3
9,-10,19,0,-1,192,-880,-4
9,-10,18,-1,0,191,-906,-4
10,-11,19,-1,-1,191,-912,-4
11,-12,17,-3,-1,190,-766,-5
11,-12,18,-2,0,190,-706,-4
10,-11,18,-1,0,191,-873,-3
9,-11,19,-1,0,191,-925,-3
10,-10,19,0,0,191,-1000,-2
8,-9,21,1,0,192,-1144,-1
8,-9,20,0,-1,191,-1168,-4
9,-10,19,0,0,190,-1059,-4
9,-10,18,-1,0,190,-1130,-4
9,-10,18,-1,0,190,-1195,-3
11,-12,17,-2,-1,188,-1075,-5
11,-11,18,-2,0,189,-1002,-4
10,-11,18,-1,0,190,-1092,-3
10,-11,18,-1,0,190,-1122,-3
9,-10,19,0,0,190,-1244,-3
8,-9,20,0,0,191,-1439,-2
8,-9,20,0,-1,190,-1333,-3
9,-10,19,0,0,189,-1186,-4
9,-10,19,0,0,189,-1399,-4
10,-11,18,-1,0,189,-1478,-4
10,-11,16,-2,-1,187,-1340,-5
10,-11,17,-2,0,188,-1300,-4
10,-11,18,-1,0,189,-1471,-3
9,-10,18,-1,0,188,-1509,-3
9,-10,19,0,0,188,-1524,-3
8,-9,21,1,0,190,-1675,-2
9,-9,20,0,-1,189,-1687,-3
10,-10,18,-1,-1,188,-1506,-4
10,-10,18,-1,0,188,-1526,-4
10,-11,18,-1,0,187,-1547,-4
10,-12,16,-2,-1,186,-1397,-5
10,-11,17,-2,0,187,-1355,-4
9,-11,18,-1,0,187,-1559,-3
9,-10,18,-1,0,187,-1579,-3
9,-10,18,0,0,187,-1557,-2
8,-9,20,1,0,189,-1690,-1
8,-9,19,0,-1,187,-1704,-3
9,-9,18,0,-1,187,-1497,-4
9,-10,18,-1,0,187,-1491,-4
9,-10,18,-1,0,186,-1476,-4
10,-12,16,-2,-1,185,-1336,-5
10,-11,17,-2,0,186,-1300,-3
10,-11,18,-1,0,187,-1512,-3
9,-10,18,-1,0,186,-1505,-3
9,-10,18,0,0,186,-1474,-3
9,-9,20,0,0,187,-1629,-1
8,-9,19,0,-1,186,-1697,-3
9,-10,19,0,0,186,-1515,-4
9,-10,18,0,0,186,-1490,-3
9,-10,18,-1,-1,185,-1472,-3
10,-11,16,-3,-1,184,-1332,-5
10,-11,17,-2,0,184,-1238,-4
9,-10,18,-1,0,185,-1402,-3
9,-10,18,0,0,185,-1331,-3
9,-10,18,0,0,185,-1250,-3
8,-9,20,0,0,187,-1373,-1
8,-9,19,0,-1,186,-1446,-2
9,-9,18,0,-1,185,-1240,-4
9,-10,18,-1,0,184,-1232,-4
9,-10,18,-1,0,184,-1158,-4
10,-11,16,-2,-1,183,-951,-5
10,-12,17,-2,0,183,-834,-4
10,-11,18,-1,0,184,-1040,-3
10,-10,18,-1,0,184,-1066,-3
9,-10,18,0,0,184,-1067,-3
8,-9,20,0,0,185,-1252,-1
8,-9,19,0,-1,184,-1396,-3
8,-10,18,0,-1,183,-1253,-4
9,-10,17,0,0,183,-1260,-4
9,-10,17,-1,0,183,-1129,-4
10,-11,16,-2,-1,181,-995,-5
10,-12,16,-2,0,182,-1002,-4
9,-10,17,-1,0,183,-1275,-3
9,-10,18,0,0,183,-1225,-3
9,-10,18,0,0,183,-1163,-3
8,-9,19,0,0,184,-1278,-2
8,-8,19,0,0,183,-1380,-3
8,-9,18,0,-1,182,-1243,-4
9,-10,18,0,0,182,-1288,-4
9,-10,17,-1,0,182,-1274,-4
10,-11,16,-2,-1,180,-957,-5
10,-11,16,-2,0,181,-631,-4
10,-10,18,-1,0,182,-781,-3
9,-10,17,-1,0,181,-1046,-3
9,-10,17,0,0,181,-1320,-3
8,-9,19,0,1,182,-1178,-1
7,-9,19,0,-1,182,-1431,-2
9,-9,18,0,-1,181,-1540,-4
9,-10,18,0,0,181,-1655,-4
9,-10,18,0,0,180,-1816,-4
10,-11,16,-2,-1,179,-1730,-5
10,-12,16,-2,0,179,-1405,-4
10,-10,17,-1,0,181,-1139,-3
9,-10,17,-1,0,180,-918,-3
9,-10,18,0,0,180,-912,-3
9,-9,19,0,0,181,-989,-2
8,-8,19,0,0,181,-1047,-2
9,-9,18,-1,-1,180,-830,-4
9,-10,17,-1,0,180,-824,-4
9,-10,17,0,0,179,-831,-4
10,-10,16,-2,-1,178,-700,-5
10,-11,16,-2,0,179,-527,-4
9,-10,17,-1,0,180,-726,-3
9,-10,18,-1,0,179,-746,-3
9,-10,18,0,0,179,-742,-3
8,-9,19,0,0,180,-904,-1
7,-8,19,0,0,179,-1066,-2
8,-9,18,0,-1,178,-826,-4
9,-9,18,0,0,178,-793,-3
9,-9,17,-1,0,178,-933,-4
10,-10,16,-2,-1,177,-1145,-5
10,-11,15,-2,0,177,-1178,-4
9,-10,17,-1,0,178,-1447,-3
9,-10,17,-1,0,178,-1541,-3
9,-9,17,0,0,178,-1620,-3
8,-9,19,0,1,179,-1794,-1
7,-8,19,0,0,179,-1955,-2
8,-9,18,0,-1,178,-1778,-4
9,-9,17,0,0,178,-1734,-4
9,-9,17,-1,0,177,-1598,-4
10,-10,16,-2,-1,177,-1421,-4
12,-10,19,-1,1,180,-1241,-2
14,-7,24,0,4,184,-1385,1
15,-6,26,0,4,186,-1386,2
17,-5,29,1,5,189,-1368,4
19,-5,34,3,8,193,-1481,8
23,-6,38,5,10,197,-1686,11
25,-7,39,4,11,198,-1517,11
28,-7,42,4,13,201,-1517,14
30,-8,44,4,15,203,-1476,15
31,-8,44,3,15,203,-1399,15
32,-6,45,3,17,204,-1241,16
32,-5,47,5,18,206,-1408,18
33,-6,48,5,18,207,-1474,19
34,-7,48,5,18,207,-1545,20
33,-6,50,6,19,208,-1651,20
32,-5,50,7,18,208,-1781,20
33,-6,49,5,16,206,-1529,18
33,-7,48,5,17,206,-1450,18
33,-11,46,4,17,204,-1393,18
34,-12,45,3,17,203,-1175,17
35,-13,44,2,18,203,-970,16
33,-11,45,3,18,203,-1207,17
31,-9,44,4,17,202,-1312,17
30,-9,44,4,16,202,-1275,17
30,-8,45,5,17,202,-1376,18
28,-8,44,5,15,201,-1726,16
28,-9,40,3,12,197,-1727,13
27,-10,40,3,13,197,-1726,13
26,-11,38,2,12,195,-1795,12
25,-13,35,1,10,191,-1779,9
25,-13,32,0,10,190,-1597,8
23,-10,33,2,11,190,-1712,8
21,-10,31,1,9,188,-1705,7
20,-11,29,1,7,185,-1609,5
18,-9,29,2,7,185,-1623,6
15,-7,29,3,5,184,-1824,5
15,-8,25,1,2,181,-1655,1
12,-8,22,0,2,178,-1620,0
11,-8,20,0,1,177,-1624,-1
10,-9,17,-1,0,173,-1557,-3
10,-11,15,-2,0,171,-1407,-5
9,-10,16,-1,0,172,-1569,-3
9,-10,16,-1,0,172,-1632,-3
8,-10,17,0,0,172,-1628,-3
7,-9,17,0,0,173,-1701,-2
7,-8,18,0,0,173,-1909,-2
7,-9,17,0,-2,171,-1810,-4
8,-9,16,-1,-1,171,-1802,-4
8,-9,16,-1,-1,171,-1816,-4
9,-10,15,-1,-1,171,-1774,-5
10,-11,14,-2,0,170,-1649,-4
9,-10,16,-1,0,171,-1839,-3
9,-10,16,-1,0,171,-1902,-3
9,-10,16,-1,0,171,-1877,-3
8,-8,17,0,0,171,-1964,-2
7,-7,18,0,0,172,-2174,-2
7,-8,16,0,-1,170,-2005,-4
8,-9,16,-1,0,170,-1953,-3
8,-9,16,-1,-1,170,-1967,-4
9,-10,15,-1,-1,169,-1852,-5
9,-11,14,-3,0,169,-1620,-5
8,-10,16,-1,0,170,-1765,-3
8,-9,16,-1,0,170,-1850,-3
8,-9,16,-1,0,170,-1813,-3
7,-9,17,0,0,171,-1791,-3
6,-7,18,1,0,171,-1963,-2
7,-8,16,0,-2,169,-1795,-4
8,-9,16,0,-1,170,-1754,-4
8,-9,16,-1,0,169,-1856,-4
8,-9,15,-2,-1,168,-1844,-5
9,-10,14,-3,0,167,-1634,-5
8,-10,16,-1,0,169,-1753,-3
8,-9,16,-1,0,169,-1823,-3
8,-9,16,-1,0,169,-1750,-3
8,-9,17,0,0,169,-1703,-2
7,-7,18,1,0,170,-1890,-2
4,-9,21,0,-4,164,-1767,-7
0,-12,28,2,-7,156,-1729,-12
-5,-16,35,3,-11,148,-1750,-17
-10,-17,41,4,-15,141,-1620,-23
-12,-16,43,3,-17,138,-1394,-26
-10,-7,37,2,-13,146,-1527,-20
-3,0,24,0,-8,159,-1637,-12
9,18,0,-8,2,184,-1605,3
28,45,-36,-17,19,221,-1623,27
51,70,-76,-27,38,263,-1760,54
77,90,-120,-39,56,302,-1274,80
103,112,-162,-51,77,344,-849,107
129,133,-205,-62,97,385,-775,135
155,155,-248,-74,117,426,-705,161
182,171,-290,-86,138,465,-489,187
208,184,-326,-93,158,503,-790,215
232,187,-356,-99,175,533,-1088,237
251,186,-380,-103,190,556,-1113,255
265,190,-398,-106,202,576,-1084,269
273,193,-408,-108,208,588,-1252,278
279,184,-411,-108,209,588,-1135,279
280,173,-407,-106,210,583,-1088,277
276,164,-397,-104,206,572,-1134,271
266,155,-381,-100,197,556,-1095,259
255,143,-362,-96,188,535,-888,246
240,128,-335,-88,178,511,-992,231
220,109,-302,-78,162,478,-1140,209
197,88,-263,-68,144,440,-1187,185
172,66,-220,-56,124,399,-1291,159
145,41,-173,-43,104,356,-1575,131
119,13,-129,-32,81,309,-1512,100
94,-7,-88,-21,62,268,-1412,73
68,-25,-47,-11,42,228,-1326,46
42,-43,-8,-3,21,187,-1302,18
15,-62,14,-2,0,143,-1139,-11
-13,-85,19,-1,-21,98,-1363,-40
-38,-92,19,0,-40,66,-1447,-62
-51,-77,20,0,-49,58,-1513,-71
-51,-62,20,0,-46,67,-1483,-67
-40,-49,22,2,-37,87,-1718,-53
-26,-36,20,0,-28,110,-1422,-39
-11,-27,20,0,-17,131,-1372,-25
-1,-18,20,0,-8,148,-1629,-14
5,-12,19,0,-3,158,-1629,-7
6,-12,18,-2,-3,158,-1338,-8
6,-12,19,0,-1,159,-1408,-6
5,-11,20,0,-2,159,-1643,-5
5,-11,19,0,-2,159,-1644,-6
5,-10,20,0,-2,160,-1678,-5
4,-9,21,1,-2,161,-1889,-4
5,-10,20,0,-4,159,-1782,-6
5,-10,20,0,-3,159,-1646,-6
5,-10,19,0,-3,159,-1658,-6
5,-11,19,0,-3,158,-1607,-6
7,-12,17,-2,-3,157,-1398,-8
6,-12,18,0,-1,158,-1468,-6
6,-11,19,0,-2,159,-1649,-6
5,-11,19,0,-2,159,-1680,-6
5,-10,20,0,-1,159,-1722,-5
4,-9,22,2,-1,160,-1905,-4
4,-10,20,0,-3,158,-1808,-6
4,-10,20,0,-2,158,-1688,-6
5,-10,19,0,-2,158,-1714,-6
5,-11,19,0,-3,157,-1635,-7
6,-12,17,-2,-3,156,-1406,-8
6,-11,19,0,-1,157,-1380,-6
5,-11,19,0,-2,158,-1433,-6
5,-11,20,0,-2,158,-1320,-6
5,-10,20,0,-1,158,-1282,-5
3,-9,21,2,-1,159,-1464,-4
4,-9,20,0,-3,157,-1389,-6
4,-10,20,0,-2,157,-1233,-6
5,-10,20,0,-2,157,-1243,-6
5,-11,19,0,-3,156,-1200,-7
6,-12,17,-2,-3,155,-1007,-8
6,-12,19,0,-1,156,-1047,-6
5,-11,19,0,-2,157,-1225,-6
5,-11,19,0,-2,156,-1218,-6
5,-10,19,0,-2,156,-1230,-5
4,-9,21,2,-2,158,-1443,-4
4,-9,20,0,-3,156,-1392,-6
5,-10,19,0,-2,156,-1212,-6
5,-10,20,0,-2,156,-1221,-6
6,-10,20,0,-2,157,-1217,-5
9,-10,21,-1,-1,158,-935,-5
9,-10,23,0,1,160,-814,-3
9,-8,25,1,1,162,-854,-1
11,-7,27,2,2,164,-664,0
12,-8,29,2,2,165,-570,0
12,-8,31,4,4,167,-884,3
12,-8,30,2,2,166,-1427,1
13,-9,30,1,2,166,-1765,1
14,-9,32,2,4,167,-1909,2
16,-8,33,2,5,169,-1889,3
17,-9,32,1,4,168,-1715,2
17,-9,33,2,7,169,-1795,4
18,-10,35,3,7,171,-1980,5
19,-10,36,3,8,172,-1955,6
19,-8,38,4,8,173,-1915,7
18,-5,40,6,9,176,-2041,9
19,-6,40,5,8,175,-2008,8
21,-8,40,4,9,175,-1906,8
21,-8,40,4,9,175,-1923,9
23,-7,43,4,10,177,-1881,10
27,-7,45,3,12,180,-1746,11
30,-5,51,5,16,185,-1838,16
32,-2,56,8,18,190,-1931,20
33,-1,58,8,19,192,-1876,21
35,0,61,9,20,195,-1892,23
36,3,67,12,23,201,-2072,27
39,5,71,12,23,204,-2028,29
43,6,74,12,26,207,-1867,31
46,7,78,13,28,211,-1873,34
49,5,81,13,30,214,-1875,36
52,5,83,12,32,216,-1767,37
55,7,88,15,36,221,-1761,42
58,9,93,17,37,226,-1901,45
61,12,98,18,39,231,-1855,48
63,13,102,19,42,235,-1815,51
65,13,107,22,44,239,-1988,55
67,14,109,21,44,240,-2019,55
69,14,110,21,45,242,-1885,55
71,15,112,21,47,244,-1899,57
72,14,113,21,47,245,-1920,58
75,11,112,19,48,244,-1781,58
75,11,113,20,50,245,-1754,60
75,12,115,22,51,247,-1919,61
76,13,118,22,52,249,-1926,63
77,13,119,23,52,250,-1926,63
76,15,120,24,52,251,-2062,64
74,15,118,23,50,248,-2065,62
69,6,104,18,45,235,-1855,54
67,5,102,17,44,232,-1854,52
65,4,99,17,43,230,-1855,51
63,2,98,18,42,228,-1985,50
60,2,94,17,38,224,-1981,46
57,2,90,15,36,220,-1823,43
57,0,86,14,35,216,-1865,41
55,-4,82,12,33,212,-1858,38
53,-7,76,10,31,207,-1702,35
52,-10,73,9,32,204,-1652,34
50,-13,70,9,30,201,-1854,33
46,-14,66,8,28,196,-1813,30
43,-13,64,8,26,194,-1757,28
39,-10,63,9,24,193,-1895,27
36,-9,59,9,20,189,-1940,24
36,-11,56,7,20,187,-1755,21
35,-12,54,6,19,184,-1744,20
33,-12,51,5,17,182,-1736,18
32,-12,48,3,15,179,-1629,15
30,-13,45,3,16,176,-1567,15
28,-13,45,4,15,176,-1747,15
26,-11,44,4,13,174,-1750,13
25,-12,41,4,12,172,-1775,12
22,-10,41,6,12,171,-1956,12
20,-9,40,5,9,169,-2031,9
19,-9,37,3,8,167,-1845,7
19,-11,35,2,8,164,-1812,6
17,-11,33,2,6,163,-1784,4
18,-13,30,0,5,160,-1625,2
17,-15,29,0,6,159,-1519,2
15,-13,28,1,5,158,-1748,2
14,-12,28,1,4,157,-1816,1
11,-10,26,1,2,155,-1804,0
8,-10,24,2,1,154,-1936,0
6,-9,22,2,-1,152,-2000,-2
6,-8,20,0,-2,150,-1805,-4
5,-8,20,0,-1,149,-1722,-4
5,-8,20,0,-2,149,-1676,-5
5,-10,17,-1,-3,146,-1591,-7
4,-11,15,-2,-2,144,-1536,-7
3,-11,15,0,-3,144,-1776,-7
3,-11,15,0,-3,144,-1838,-7
3,-10,16,0,-3,145,-1839,-7
2,-9,17,1,-2,146,-1986,-5
1,-9,17,0,-4,145,-2086,-6
2,-10,15,0,-4,144,-1940,-8
2,-10,16,0,-4,144,-1956,-8
3,-10,15,0,-4,144,-1954,-8
3,-12,13,-2,-5,142,-1823,-9
4,-12,14,-2,-3,143,-1728,-8
3,-11,15,0,-3,144,-1928,-7
3,-11,15,0,-3,144,-1923,-7
3,-10,15,0,-3,144,-1861,-7
2,-9,17,1,-2,145,-1944,-5
1,-9,17,1,-4,144,-2022,-6
2,-9,16,0,-5,143,-1816,-8
3,-10,15,0,-4,143,-1801,-8
3,-10,15,0,-4,143,-1795,-8
4,-11,14,-2,-4,142,-1672,-9
4,-12,14,-2,-3,142,-1555,-8
3,-11,15,-1,-2,143,-1778,-7
3,-10,15,0,-3,142,-1820,-7
3,-10,16,0,-3,143,-1819,-6
2,-9,17,1,-2,144,-1917,-6
1,-8,17,0,-4,143,-1998,-7
2,-9,16,0,-4,142,-1775,-7
2,-10,15,0,-4,142,-1753,-7
3,-10,15,0,-4,142,-1751,-8
3,-11,14,-2,-5,141,-1632,-9
4,-12,14,-2,-3,141,-1479,-8
3,-11,15,0,-2,142,-1584,-6
3,-10,15,0,-3,142,-1500,-7
3,-10,15,0,-3,142,-1418,-7
2,-9,17,0,-2,143,-1483,-5
1,-9,17,1,-4,142,-1608,-6
2,-10,15,0,-5,141,-1427,-7
2,-10,15,0,-4,141,-1497,-7
2,-10,15,0,-4,141,-1569,-8
3,-11,14,-1,-4,140,-1496,-9
4,-11,14,-2,-3,140,-1409,-8
3,-11,15,0,-2,141,-1707,-7
3,-11,15,0,-3,141,-1834,-7
3,-10,15,0,-3,141,-1841,-6
2,-10,16,0,-2,142,-1956,-5
1,-8,16,0,-4,142,-2075,-6
2,-9,15,0,-4,140,-1868,-7
2,-10,15,0,-4,141,-1863,-7
3,-10,15,0,-4,140,-1849,-7
4,-11,13,-1,-5,139,-1747,-9
4,-12,13,-2,-3,139,-1541,-8
3,-11,15,0,-2,140,-1655,-7
3,-10,15,0,-3,140,-1702,-7
3,-10,15,0,-3,140,-1726,-6
2,-9,17,0,-3,141,-1860,-5
1,-8,17,1,-4,141,-2039,-6
2,-9,15,0,-4,140,-1867,-7
2,-10,15,0,-4,139,-1853,-7
3,-10,15,0,-4,139,-1855,-8
3,-11,14,-1,-4,138,-1771,-8
4,-12,13,-2,-3,138,-1654,-8
3,-11,14,0,-2,139,-1859,-6
3,-11,14,0,-3,139,-1877,-7
2,-10,15,0,-3,139,-1862,-6
2,-9,16,0,-2,140,-1972,-5
1,-8,17,1,-4,140,-2126,-6
2,-9,15,0,-5,139,-1923,-7
2,-9,15,0,-4,139,-1904,-7
2,-10,15,0,-4,138,-1921,-7
3,-11,14,-2,-5,137,-1826,-8
4,-12,13,-2,-3,137,-1660,-8
3,-11,15,-1,-2,138,-1874,-6
3,-10,15,0,-3,138,-1965,-7
3,-10,15,0,-3,138,-1930,-7
2,-9,16,0,-2,139,-1989,-6
2,-8,16,1,-3,139,-2126,-6
2,-9,15,0,-4,138,-1962,-8
2,-9,15,0,-4,138,-1987,-7
2,-10,15,0,-4,137,-2008,-7
3,-10,14,-1,-5,136,-1955,-8
4,-11,13,-2,-4,136,-1804,-8
3,-10,14,-1,-2,138,-1958,-6
3,-10,14,-1,-3,137,-1999,-6
3,-10,14,0,-3,137,-2014,-6
2,-9,16,0,-2,138,-2114,-5
1,-8,16,1,-3,138,-2301,-5
2,-9,15,0,-5,137,-2119,-7
2,-9,15,0,-4,136,-2057,-7
3,-10,14,0,-4,136,-2068,-7
3,-10,13,-1,-4,135,-2020,-8
4,-11,13,-2,-3,135,-1860,-8
3,-10,14,-1,-3,136,-2042,-6
3,-10,14,0,-3,136,-2085,-6
3,-10,14,0,-3,136,-2080,-7
2,-9,16,0,-3,137,-2083,-6
1,-8,17,1,-3,137,-2060,-6
2,-9,15,0,-4,136,-1812,-7
2,-9,15,0,-3,136,-1766,-7
2,-9,15,0,-3,136,-1807,-7
3,-10,14,-1,-4,135,-1651,-8
4,-11,13,-2,-3,134,-1408,-8
3,-11,14,0,-2,136,-1665,-7
3,-10,14,0,-3,135,-1757,-7
3,-10,14,0,-3,136,-1744,-6
2,-9,15,0,-3,136,-1750,-5
2,-8,16,1,-3,137,-1873,-5
2,-9,15,0,-4,135,-1701,-7
3,-9,15,0,-3,135,-1620,-7
2,-9,14,0,-3,135,-1617,-7
3,-10,14,-1,-4,134,-1567,-8
4,-11,13,-2,-3,133,-1428,-8
3,-10,14,-1,-2,135,-1663,-6
3,-10,14,0,-2,135,-1737,-6
3,-10,14,0,-2,135,-1705,-6
3,-10,15,0,-2,135,-1784,-6
2,-8,16,1,-3,136,-2051,-5
2,-9,15,0,-5,134,-1939,-7
2,-9,14,0,-4,134,-1923,-7
2,-9,14,0,-4,134,-1955,-7
3,-10,13,-1,-4,133,-1910,-8
4,-11,12,-2,-4,132,-1726,-9
3,-11,14,-1,-2,134,-1922,-6
3,-10,14,0,-2,134,-2030,-6
3,-10,14,0,-2,134,-1949,-6
2,-9,15,0,-2,134,-1981,-5
1,-8,16,1,-3,135,-2188,-5
2,-8,15,0,-4,133,-2030,-7
2,-9,14,0,-4,133,-1927,-7
3,-9,14,0,-4,133,-1928,-7
3,-10,14,-1,-4,133,-1866,-8
4,-11,12,-2,-3,131,-1644,-8
3,-10,14,-1,-2,133,-1751,-7
3,-10,14,0,-3,133,-1828,-6
3,-10,14,0,-3,133,-1817,-6
2,-9,15,0,-2,133,-1907,-6
1,-8,16,1,-2,134,-2123,-5
2,-9,15,0,-4,133,-1982,-7
2,-9,14,0,-4,133,-1879,-7
3,-9,14,0,-3,132,-1903,-7
3,-10,14,-1,-4,132,-1898,-8
4,-11,12,-2,-3,131,-1689,-8
4,-10,14,-1,-2,132,-1858,-6
3,-9,14,0,-3,132,-1994,-6
3,-9,14,0,-3,132,-2057,-6
2,-9,15,0,-2,133,-2106,-6
1,-8,16,1,-3,133,-2241,-5
2,-8,14,0,-4,132,-2101,-7
2,-9,14,0,-3,132,-2039,-7
2,-9,14,0,-3,132,-2009,-7
4,-9,15,0,-3,133,-1916,-6
8,-9,17,-1,-1,136,-1723,-4
9,-7,21,0,2,140,-1816,-1
10,-6,24,1,2,142,-1865,0
12,-5,27,2,4,145,-1829,2
15,-6,32,3,7,149,-1919,6
17,-6,37,6,9,153,-2138,9
20,-6,38,5,8,154,-2072,9
23,-7,40,5,11,157,-2009,11
24,-8,41,4,12,158,-1977,12
25,-6,42,4,12,159,-1813,12
26,-6,42,3,13,159,-1540,12
27,-6,44,5,15,161,-1615,15
28,-7,46,5,15,162,-1748,16
28,-7,46,5,15,162,-1775,16
27,-6,46,6,16,162,-1861,16
26,-5,48,8,15,163,-2050,17
26,-6,46,6,13,161,-1950,15
27,-9,44,5,14,160,-1951,14
27,-11,43,5,14,159,-2032,14
28,-11,42,4,14,158,-1973,13
28,-13,40,2,14,157,-1764,13
26,-10,41,4,14,157,-1892,13
24,-9,40,4,13,156,-2005,12
24,-8,41,5,13,156,-1930,13
23,-8,41,5,13,156,-1873,13
21,-7,40,6,12,155,-2016,12
20,-9,37,4,9,152,-1886,9
21,-10,36,3,10,152,-1777,9
20,-11,33,3,9,148,-1914,7
19,-12,31,2,7,146,-2003,5
18,-12,28,0,6,144,-1839,3
16,-11,28,1,7,145,-1872,4
13,-11,27,1,5,142,-2042,2
12,-10,25,1,4,141,-2086,2
11,-9,25,2,3,140,-2139,1
8,-7,25,3,2,139,-2274,1
6,-8,20,1,-1,134,-2075,-2
5,-7,18,0,-1,132,-1941,-4
4,-8,17,0,-2,131,-1974,-5
3,-9,13,-1,-4,128,-1937,-7
3,-11,11,-2,-4,126,-1677,-8
3,-10,12,-1,-2,127,-1692,-6
2,-10,13,0,-3,127,-1813,-6
2,-9,13,0,-3,127,-1779,-6
2,-9,13,0,-2,128,-1795,-6
1,-8,15,1,-2,129,-2005,-5
1,-8,14,0,-4,127,-1986,-6
2,-9,13,0,-4,127,-1851,-7
2,-9,13,0,-4,127,-1827,-7
2,-9,13,0,-4,127,-1862,-8
3,-10,11,-2,-4,125,-1757,-9
3,-10,12,-1,-2,126,-1789,-7
2,-10,13,0,-3,127,-1951,-7
2,-9,13,0,-3,127,-1948,-6
2,-9,14,0,-3,127,-1919,-6
1,-8,15,1,-2,128,-2107,-5
1,-8,14,0,-4,127,-2008,-7
2,-9,13,0,-4,126,-1829,-7
2,-9,13,0,-4,126,-1771,-7
2,-9,12,-1,-4,126,-1781,-7
3,-11,11,-2,-4,124,-1651,-9
3,-10,12,-1,-2,126,-1704,-7
2,-10,12,0,-2,126,-1878,-6
2,-9,12,0,-3,126,-1894,-6
2,-9,13,0,-3,126,-1894,-6
1,-8,15,1,-2,127,-2057,-4
1,-8,14,0,-4,126,-1978,-6
1,-8,13,0,-4,126,-1828,-7
2,-9,13,0,-3,126,-1872,-7
2,-9,12,-1,-4,125,-1890,-8
3,-11,11,-2,-4,124,-1718,-9
3,-10,12,-1,-2,125,-1729,-7
2,-9,13,-1,-2,125,-1867,-7
2,-9,13,0,-3,125,-1750,-6
2,-9,13,0,-3,125,-1667,-6
0,-8,17,1,-4,124,-1792,-6
-5,-9,23,1,-9,116,-1753,-13
-9,-14,30,3,-13,108,-1630,-18
-14,-16,37,4,-16,101,-1657,-23
-18,-17,42,5,-20,95,-1624,-28
-17,-11,37,2,-20,98,-1451,-28
-12,-3,27,0,-13,109,-1465,-20
-3,8,10,-3,-5,128,-1649,-7
13,33,-23,-13,7,160,-1663,12
35,58,-63,-23,26,200,-1640,38
59,82,-103,-33,47,243,-1723,66
85,103,-146,-45,64,283,-1623,92
112,124,-189,-57,85,324,-1429,120
137,145,-232,-68,106,365,-1391,147
163,165,-274,-79,125,406,-1316,174
190,180,-314,-90,145,443,-1128,199
216,187,-347,-97,165,477,-1125,224
238,186,-373,-101,181,504,-1276,245
254,188,-394,-105,194,524,-1245,260
265,192,-409,-108,202,540,-1247,271
271,190,-413,-107,207,547,-1424,277
274,178,-412,-106,206,543,-1404,275
272,168,-405,-104,204,535,-1240,271
264,160,-391,-101,198,521,-1313,262
253,150,-372,-96,189,502,-1341,249
241,135,-351,-92,178,479,-1224,234
224,117,-321,-83,167,450,-1248,216
202,97,-283,-72,150,414,-1425,193
178,76,-243,-62,130,374,-1418,167
151,52,-198,-49,110,331,-1452,139
124,26,-151,-35,89,287,-1680,111
98,2,-108,-24,67,244,-1744,82
73,-17,-68,-15,47,203,-1625,54
48,-35,-27,-5,28,163,-1692,28
20,-52,6,0,6,121,-1712,0
-6,-75,14,-1,-16,75,-1575,-31
-33,-93,15,-1,-35,34,-1586,-58
-53,-85,17,0,-48,17,-1789,-72
-59,-67,17,0,-52,18,-1782,-73
-51,-56,17,0,-44,34,-1783,-64
-38,-42,19,2,-33,59,-1923,-47
-24,-30,18,1,-24,81,-1926,-34
-11,-22,17,0,-15,99,-1754,-22
-3,-13,17,0,-7,114,-1776,-12
0,-10,17,0,-6,117,-1746,-10
0,-12,15,-1,-6,116,-1568,-10
0,-11,16,0,-4,117,-1487,-9
0,-11,17,0,-4,117,-1636,-9
0,-11,17,0,-5,117,-1587,-9
0,-11,16,0,-5,117,-1535,-9
-1,-9,18,2,-4,118,-1685,-7
-1,-9,18,2,-6,118,-1735,-9
0,-10,17,0,-6,117,-1587,-9
0,-10,17,0,-5,117,-1623,-9
0,-10,17,0,-6,117,-1647,-9
1,-12,15,-1,-6,115,-1545,-11
1,-12,15,-1,-4,116,-1442,-9
0,-11,16,0,-4,117,-1583,-9
0,-10,16,0,-5,117,-1571,-8
0,-10,17,0,-4,117,-1596,-8
-1,-9,19,2,-4,118,-1760,-7
-1,-9,18,2,-6,117,-1812,-9
0,-10,17,0,-6,116,-1630,-9
0,-10,17,0,-5,116,-1639,-9
0,-10,16,0,-6,116,-1649,-10
0,-11,15,-1,-6,114,-1556,-11
0,-12,15,0,-4,115,-1499,-9
0,-11,16,0,-5,116,-1677,-9
0,-11,16,0,-5,116,-1668,-8
0,-11,17,0,-4,116,-1608,-8
0,-9,18,2,-4,117,-1681,-7
0,-9,18,2,-6,116,-1710,-8
0,-10,17,0,-6,115,-1538,-9
0,-10,16,0,-5,115,-1524,-9
0,-10,16,0,-5,115,-1521,-10
0,-11,15,-1,-6,114,-1406,-11
1,-12,15,-1,-4,114,-1373,-10
0,-11,16,0,-4,115,-1595,-9
0,-11,16,0,-5,115,-1621,-9
0,-10,16,1,-5,115,-1610,-8
0,-9,18,2,-4,116,-1733,-7
-1,-9,18,2,-6,115,-1797,-8
0,-10,16,0,-6,115,-1628,-9
0,-10,17,0,-5,115,-1682,-9
1,-9,19,0,-4,117,-1782,-7
3,-9,19,0,-4,117,-1695,-8
4,-10,19,0,-2,119,-1591,-6
5,-8,23,2,0,122,-1743,-3
5,-7,25,2,0,123,-1762,-2
7,-9,27,2,0,124,-1710,-1
6,-8,29,4,1,126,-1730,0
6,-7,28,3,0,125,-1854,-1
7,-8,28,2,0,125,-1724,-1
9,-7,30,3,2,128,-1740,0
10,-7,31,3,2,128,-1737,0
11,-8,29,1,1,127,-1610,0
13,-10,30,1,3,128,-1482,1
14,-10,33,3,5,131,-1603,3
13,-9,34,4,5,131,-1577,3
13,-6,35,4,5,133,-1557,4
13,-5,37,5,6,135,-1701,6
14,-6,39,6,6,135,-1859,6
15,-8,38,5,6,134,-1718,5
16,-7,39,4,7,136,-1743,6
19,-5,43,5,9,139,-1753,9
23,-5,46,5,10,143,-1646,11
26,-4,50,7,14,147,-1524,14
27,-2,54,8,16,151,-1700,17
28,-1,56,9,16,153,-1705,19
31,1,61,10,19,157,-1680,22
33,3,67,13,22,162,-1801,26
35,6,71,14,22,166,-1939,28
39,7,74,14,23,169,-1771,29
42,6,77,14,26,172,-1786,32
45,6,80,15,29,176,-1806,34
49,7,83,15,30,179,-1719,36
52,8,87,15,34,183,-1612,40
54,11,93,18,36,188,-1747,44
56,13,97,19,38,193,-1731,46
59,13,100,20,40,196,-1717,49
61,13,105,22,43,200,-1848,52
62,15,107,22,42,202,-1982,53
64,15,109,22,43,203,-1798,54
65,15,110,22,45,204,-1799,55
67,13,111,21,46,205,-1782,56
68,12,110,20,46,205,-1672,55
70,11,110,20,47,205,-1547,56
71,13,114,22,49,208,-1708,59
72,14,115,23,49,209,-1707,59
71,14,115,23,49,209,-1669,60
70,15,116,24,49,210,-1762,61
68,14,114,23,47,207,-1905,59
68,12,111,21,45,204,-1721,56
67,9,109,21,45,203,-1714,55
66,9,106,20,45,201,-1731,54
66,7,103,18,43,197,-1654,51
64,5,100,17,43,194,-1540,50
62,4,100,18,42,193,-1753,50
60,4,97,18,40,191,-1823,48
58,2,95,17,40,188,-1845,46
55,1,93,17,38,185,-1903,45
52,3,90,17,35,183,-2027,43
51,1,85,15,32,178,-1881,39
50,-2,81,14,32,175,-1981,37
48,-5,77,12,30,170,-1986,34
46,-8,72,10,28,166,-1850,31
46,-13,68,8,28,162,-1665,29
42,-14,65,9,27,159,-1800,28
39,-14,62,8,24,156,-1782,25
36,-12,59,9,22,153,-1727,23
33,-10,58,9,20,151,-1770,22
30,-10,56,9,18,149,-1887,20
30,-11,52,7,16,146,-1687,18
28,-12,49,6,15,143,-1667,16
27,-12,48,6,14,142,-1713,15
25,-12,44,4,12,138,-1759,12
25,-14,41,3,12,135,-1723,10
22,-12,41,4,12,135,-1907,10
20,-12,39,4,9,133,-1906,9
18,-12,37,4,9,131,-1890,8
16,-11,37,5,8,131,-1990,7
14,-8,37,5,7,130,-2122,6
13,-10,33,3,4,126,-1824,3
12,-11,31,3,4,124,-1833,2
11,-11,29,2,3,123,-1968,1
12,-14,27,1,2,120,-1909,0
11,-15,24,0,2,118,-1654,-1
9,-12,25,1,2,119,-1829,0
7,-11,24,1,0,117,-1893,-2
4,-11,21,1,-1,114,-1826,-4
2,-10,20,2,-1,113,-1901,-3
0,-8,20,2,-3,113,-2032,-5
0,-8,17,1,-5,111,-1828,-7
0,-8,17,1,-4,110,-1809,-8
0,-8,17,0,-4,110,-1819,-8
0,-10,13,0,-6,107,-1789,-10
0,-12,11,-2,-6,105,-1698,-11
-1,-11,12,0,-5,106,-1908,-10
-1,-11,13,0,-6,106,-1951,-10
-2,-10,13,0,-6,105,-1910,-10
-2,-10,14,1,-5,106,-2058,-9
-3,-9,15,1,-6,107,-2360,-9
-2,-10,13,0,-7,105,-2101,-11
-2,-10,13,0,-6,105,-1930,-10
-2,-10,12,0,-7,105,-1854,-10
-1,-11,11,-1,-7,104,-1817,-11
0,-12,11,-2,-6,104,-1758,-12
-1,-11,12,0,-5,105,-2012,-10
-1,-11,12,0,-6,104,-2372,-10
-1,-11,13,0,-6,105,-2928,-10
-2,-10,13,0,-5,105,-3133,-9
-3,-8,15,1,-6,106,-3288,-9
-2,-9,13,0,-7,105,-2941,-11
-2,-10,13,0,-6,105,-2688,-10
-2,-10,13,0,-6,105,-2600,-11
-1,-10,12,0,-7,104,-2479,-11
0,-12,10,-2,-6,103,-2059,-12
-1,-11,12,0,-5,104,-1953,-10
-1,-10,12,0,-5,104,-1981,-9
-2,-10,13,0,-5,105,-1925,-9
-2,-9,13,0,-5,105,-1963,-9
-3,-8,14,1,-6,105,-2142,-9
-3,-9,13,0,-7,104,-1941,-10
-2,-9,13,0,-6,104,-1880,-10
-2,-10,12,0,-6,103,-1838,-10
-2,-10,12,-1,-7,103,-1772,-11
0,-12,10,-2,-6,102,-1611,-12
0,-11,12,0,-5,103,-1742,-10
-1,-11,12,0,-6,104,-1820,-10
-2,-10,13,0,-6,104,-1774,-10
-2,-10,13,0,-5,104,-1860,-9
-3,-8,14,1,-6,105,-2103,-8
-2,-10,13,0,-7,103,-1913,-10
-2,-10,12,0,-6,103,-1786,-10
-2,-10,12,0,-6,103,-1742,-10
-1,-10,11,0,-7,102,-1712,-11
0,-12,10,-2,-6,101,-1590,-11
-1,-11,12,0,-5,103,-1741,-10
-2,-10,12,0,-6,103,-2001,-10
-2,-10,12,0,-6,103,-2330,-9
-2,-10,13,0,-5,103,-2703,-9
-2,-8,14,1,-6,104,-2814,-8
-2,-9,13,0,-7,103,-2301,-10
-2,-9,12,0,-6,102,-2048,-10
-2,-10,12,0,-6,102,-2034,-10
-2,-10,12,0,-7,102,-2005,-11
-1,-11,11,-2,-6,101,-1778,-11
-1,-11,12,0,-5,102,-1823,-9
-1,-10,12,0,-6,102,-1978,-10
-1,-10,12,0,-6,102,-2012,-10
-2,-10,13,0,-6,102,-2108,-9
-3,-8,14,2,-5,104,-2336,-8
-2,-9,13,0,-7,102,-2174,-10
-2,-10,12,0,-6,102,-2054,-10
-2,-10,12,0,-6,102,-2054,-10
-1,-10,12,-1,-6,101,-2024,-11
0,-12,10,-2,-6,100,-1821,-11
0,-11,12,0,-5,102,-1888,-10
-2,-10,12,0,-6,101,-1969,-10
-2,-10,12,0,-5,102,-1949,-9
-2,-10,13,0,-5,102,-2052,-9
0,-11,10,-2,-6,99,-1975,-11
-1,-10,12,-1,-5,101,-2105,-9
-2,-10,12,0,-6,101,-2120,-10
-2,-10,12,0,-5,101,-2048,-10
-2,-9,13,0,-5,101,-2115,-9
-3,-8,14,1,-5,102,-2307,-8
-2,-9,12,0,-7,101,-2180,-10
-2,-9,12,0,-6,101,-2109,-10
-2,-9,12,0,-6,100,-2160,-10
-2,-10,12,-1,-7,100,-2135,-11
0,-11,10,-2,-7,99,-1973,-11
-1,-10,12,0,-5,101,-2038,-9
-1,-10,12,0,-6,101,-2078,-9
-1,-10,12,0,-6,100,-2031,-9
-2,-9,13,0,-5,101,-2038,-9
-3,-8,14,2,-5,102,-2207,-8
-3,-9,13,0,-7,101,-2082,-10
-2,-9,12,0,-6,100,-1948,-10
-1,-10,12,0,-6,100,-1932,-10
-1,-10,12,0,-6,99,-1874,-10
-1,-11,10,-2,-6,98,-1698,-11
-1,-10,11,0,-5,99,-1812,-10
-1,-10,12,0,-6,100,-1921,-9
-1,-10,12,0,-5,100,-1870,-9
-2,-9,13,0,-5,100,-1867,-9
-3,-8,14,1,-5,101,-1999,-8
-2,-8,12,0,-7,100,-1889,-10
-2,-9,12,0,-6,99,-1838,-10
-2,-9,12,0,-6,99,-1966,-10
-2,-9,11,-1,-6,99,-2020,-10
0,-11,10,-2,-7,97,-1895,-11
0,-11,11,-1,-5,99,-1915,-9
-1,-10,11,0,-5,99,-1855,-9
-2,-9,12,0,-6,99,-1710,-9
-2,-9,12,0,-6,99,-1680,-8
-3,-8,14,2,-6,101,-1853,-8
-3,-8,12,0,-7,99,-1754,-10
-2,-9,12,0,-6,99,-1648,-10
-2,-9,12,0,-6,98,-1699,-10
-2,-9,11,0,-7,98,-1680,-10
0,-11,10,-2,-6,97,-1475,-11
-1,-10,11,-1,-4,98,-1532,-9
-1,-10,12,0,-5,98,-1696,-9
-1,-10,12,0,-5,99,-1692,-9
-2,-10,12,0,-5,99,-1711,-8
-3,-8,14,2,-5,100,-1903,-7
-2,-8,13,0,-7,98,-1841,-9
-2,-9,12,0,-6,98,-1721,-9
-2,-9,12,0,-6,98,-1698,-10
-2,-9,11,0,-7,97,-1659,-10
0,-11,10,-2,-7,96,-1527,-11
-1,-11,11,-1,-5,98,-1620,-9
-1,-10,11,0,-5,97,-1763,-9
-1,-10,11,0,-5,98,-1751,-10
-2,-9,12,0,-5,98,-1781,-9
-3,-8,14,1,-5,99,-1986,-8
-3,-8,12,0,-7,98,-1927,-9
-2,-9,12,0,-6,98,-1877,-9
-2,-9,12,0,-6,97,-1985,-9
-2,-10,11,0,-7,97,-1914,-10
0,-11,10,-2,-7,96,-1742,-11
-1,-10,11,-1,-4,97,-1785,-9
-1,-10,12,0,-5,97,-1870,-9
-1,-9,12,0,-6,97,-1797,-9
-2,-9,12,0,-5,97,-1760,-9
-3,-8,14,1,-5,99,-1894,-7
-3,-8,13,0,-7,98,-1815,-9
-2,-9,12,0,-6,97,-1681,-10
-2,-9,12,0,-6,97,-1743,-10
-1,-9,11,0,-7,97,-1930,-10
0,-10,10,-2,-7,95,-2116,-11
-1,-10,11,-1,-5,96,-2293,-10
-1,-9,11,0,-6,96,-2450,-9
-1,-9,12,0,-6,96,-2435,-9
-2,-9,12,0,-5,97,-2490,-9
-3,-7,14,1,-5,98,-2634,-7
-3,-8,13,0,-7,97,-2573,-9
-2,-9,12,0,-6,96,-2501,-10
-1,-9,12,0,-6,97,-2453,-9
0,-7,15,0,-4,100,-2207,-7
3,-7,17,0,-3,102,-1917,-6
4,-6,20,0,0,105,-1925,-3
6,-5,23,2,0,108,-2161,-1
9,-6,27,3,2,111,-2464,1
13,-7,31,4,5,115,-2666,5
13,-5,35,6,7,119,-2886,7
15,-5,38,6,7,121,-2888,8
18,-7,39,5,9,123,-2739,10
19,-7,40,5,10,123,-2724,10
19,-4,41,5,10,124,-2675,10
21,-6,40,4,10,124,-2423,10
23,-7,42,5,13,126,-2286,12
23,-7,43,6,13,127,-2147,13
23,-7,43,6,12,126,-1995,13
22,-6,43,6,13,127,-1910,14
21,-5,45,8,13,128,-2206,15
21,-6,43,7,11,126,-2365,13
22,-10,41,5,11,124,-2187,12
22,-11,41,5,12,124,-1992,12
22,-11,40,5,11,123,-1882,11
22,-11,38,3,10,121,-1716,9
21,-9,38,4,11,121,-1703,10
20,-9,38,5,11,122,-1852,10
19,-8,39,5,11,122,-1834,10
18,-9,37,4,9,120,-1854,9
15,-8,36,5,9,119,-2098,9
15,-8,35,4,7,118,-2262,7
15,-10,32,3,6,115,-2179,5
14,-12,30,3,5,113,-2280,4
13,-11,29,2,4,111,-2446,2
12,-10,25,0,2,109,-2536,0
11,-11,23,0,3,107,-2639,0
8,-11,23,1,2,106,-2825,0
6,-9,22,1,1,105,-2791,-1
5,-8,21,2,0,104,-2603,-1
2,-8,20,3,0,102,-2324,-2
0,-7,17,2,-3,99,-2117,-5
0,-7,15,0,-4,97,-1812,-7
-1,-8,12,0,-5,94,-1802,-9
-2,-9,10,0,-6,93,-1835,-10
-1,-10,9,-2,-7,92,-1865,-11
-1,-10,9,-1,-5,92,-1895,-10
-2,-9,11,0,-5,93,-1938,-9
-2,-9,10,0,-5,93,-1813,-9
-2,-9,11,0,-5,93,-1817,-9
-3,-8,12,1,-5,95,-1975,-8
-3,-8,12,1,-6,94,-2000,-9
-2,-8,11,0,-7,93,-1841,-10
-2,-9,11,0,-6,92,-1869,-10
-2,-9,10,0,-6,92,-1906,-10
-1,-10,9,-2,-7,91,-1817,-11
-1,-10,9,-1,-5,92,-1761,-10
-1,-9,10,0,-5,92,-1929,-9
-2,-9,10,0,-6,92,-1914,-9
-2,-9,11,0,-6,93,-1875,-9
-3,-7,12,1,-5,94,-1957,-7
-3,-7,12,1,-6,93,-1932,-9
-3,-8,11,0,-6,92,-1757,-10
-2,-8,11,0,-6,92,-1823,-10
-2,-9,11,0,-6,92,-1857,-10
-1,-10,9,-2,-6,91,-1670,-11
-1,-10,9,-2,-5,91,-1599,-10
-1,-9,11,0,-5,92,-1788,-9
-2,-9,10,0,-6,91,-1763,-9
-2,-9,10,0,-5,92,-1630,-9
-3,-7,12,1,-5,93,-1720,-7
-3,-7,12,0,-7,92,-1783,-9
-2,-8,11,0,-7,92,-1580,-10
-2,-9,11,0,-6,91,-1579,-10
-2,-9,10,0,-6,91,-1598,-10
-1,-10,9,-2,-7,90,-1484,-11
-1,-10,9,-1,-5,90,-1373,-10
-1,-9,10,0,-5,91,-1497,-9
-2,-9,10,0,-5,91,-1442,-9
-3,-9,11,0,-5,90,-1412,-9
-7,-9,18,2,-8,86,-1556,-12
-13,-12,25,4,-14,78,-1648,-18
-17,-15,31,4,-18,70,-1468,-24
-22,-17,38,5,-21,63,-1592,-29
-24,-13,38,4,-23,62,-1668,-30
-20,-6,29,0,-20,69,-1546,-26
-12,1,15,-2,-12,84,-1400,-17
1,22,-11,-9,0,112,-1603,1
22,48,-49,-19,16,151,-1661,25
46,71,-91,-30,36,191,-1659,52
71,94,-131,-40,56,234,-1672,81
96,117,-174,-51,75,275,-1594,107
123,138,-218,-63,95,316,-1311,134
148,159,-260,-74,115,357,-1274,161
174,176,-300,-85,135,396,-1379,187
201,186,-338,-94,154,431,-1223,211
225,186,-367,-100,173,460,-993,234
244,187,-389,-103,187,484,-1106,252
257,191,-407,-107,197,501,-1139,264
265,192,-416,-109,203,511,-1191,272
269,183,-416,-106,206,512,-1395,275
268,173,-410,-104,204,506,-1543,271
263,164,-400,-102,198,494,-1348,263
253,154,-382,-97,191,477,-1368,252
241,143,-362,-92,181,456,-1428,239
226,126,-336,-86,168,428,-1374,220
207,104,-301,-77,154,394,-1254,199
183,85,-261,-66,136,357,-1429,175
157,62,-218,-54,115,315,-1384,147
131,35,-173,-41,94,270,-1474,119
105,10,-126,-28,74,227,-1658,91
78,-8,-85,-17,53,187,-1839,63
52,-27,-45,-9,32,145,-1675,35
26,-45,-6,-1,12,105,-1677,8
-1,-64,12,0,-9,61,-1775,-21
-29,-88,13,0,-32,15,-1750,-51
-51,-92,13,-1,-47,-13,-1685,-72
-62,-74,15,0,-53,-15,-1863,-76
-60,-60,15,0,-51,-5,-1883,-71
-47,-48,15,1,-41,15,-1810,-57
-33,-34,16,2,-29,40,-1763,-40
-21,-24,16,2,-20,60,-1782,-27
-10,-16,15,0,-13,76,-1555,-18
-5,-10,14,0,-8,84,-1528,-12
-5,-10,14,0,-8,84,-1540,-12
-4,-11,13,0,-9,84,-1393,-13
-3,-12,13,0,-7,84,-1254,-13
-4,-11,14,0,-6,85,-1516,-11
-4,-11,14,0,-7,85,-1545,-11
-4,-11,15,1,-7,85,-1478,-11
-5,-9,16,2,-6,86,-1587,-10
-6,-9,16,2,-8,86,-1713,-11
-5,-9,14,0,-8,84,-1519,-12
-4,-10,14,0,-8,84,-1506,-12
-4,-10,14,0,-8,84,-1529,-12
-4,-11,13,0,-9,83,-1458,-13
-3,-12,12,-1,-7,83,-1321,-13
-4,-11,14,0,-7,84,-1504,-11
-4,-10,14,0,-7,84,-1532,-12
-4,-10,14,0,-7,84,-1510,-11
-5,-9,15,2,-6,85,-1622,-10
-6,-9,16,2,-7,85,-1803,-10
-5,-9,15,1,-8,84,-1642,-12
-4,-10,14,0,-7,84,-1638,-12
-4,-10,14,0,-8,83,-1644,-12
-4,-11,13,0,-9,83,-1534,-13
-3,-12,13,-1,-7,82,-1379,-13
-3,-11,14,0,-6,83,-1535,-11
-4,-10,14,0,-7,83,-1542,-11
-4,-10,14,0,-7,83,-1527,-11
-5,-9,16,2,-7,84,-1603,-10
-6,-9,16,2,-8,84,-1733,-10
-5,-10,14,1,-9,83,-1542,-12
-5,-10,14,0,-7,83,-1497,-12
-4,-10,14,0,-8,83,-1524,-12
-4,-11,13,0,-8,82,-1476,-13
-3,-12,12,-1,-7,82,-1289,-13
-4,-11,14,0,-6,83,-1417,-11
-4,-10,14,0,-7,83,-1454,-11
-4,-10,14,0,-7,83,-1428,-11
-4,-9,15,1,-6,84,-1529,-10
-6,-8,16,2,-7,84,-1690,-10
-5,-9,14,1,-8,83,-1503,-12
-4,-9,16,1,-6,85,-1545,-10
-2,-8,18,1,-6,86,-1595,-9
-1,-9,18,0,-6,86,-1532,-10
0,-9,19,0,-3,88,-1347,-8
1,-7,22,2,-2,91,-1471,-5
2,-8,23,2,-2,92,-1490,-4
3,-9,24,2,-1,93,-1439,-3
2,-8,26,4,0,94,-1507,-2
2,-7,27,4,-1,94,-1646,-2
4,-7,27,3,-1,95,-1448,-2
5,-7,29,4,0,97,-1396,-1
6,-7,29,3,0,97,-1412,-1
7,-8,28,3,0,96,-1377,-2
10,-11,28,2,2,97,-1237,0
9,-11,30,3,4,99,-1394,1
9,-7,32,4,3,100,-1449,1
9,-6,33,5,3,101,-1422,2
10,-7,35,5,4,103,-1487,4
10,-6,37,6,4,104,-1687,4
11,-7,36,5,3,103,-1567,3
13,-6,39,6,6,106,-1522,6
16,-4,43,6,8,110,-1516,8
20,-3,47,7,9,114,-1400,10
23,-3,49,7,12,117,-1207,12
23,-1,52,8,14,120,-1398,15
25,0,56,9,15,123,-1427,18
28,2,61,11,17,128,-1309,21
30,5,67,13,21,133,-1293,25
32,8,72,16,22,138,-1457,28
36,8,74,15,23,140,-1287,28
39,6,77,15,26,143,-1253,31
42,7,80,15,28,146,-1236,34
45,9,85,16,30,150,-1209,36
49,9,88,16,32,154,-1047,38
51,12,94,18,35,159,-1171,43
54,13,97,20,37,163,-1253,46
56,12,100,20,39,166,-1236,48
58,13,104,22,41,169,-1280,51
58,16,107,23,41,172,-1410,53
60,16,108,22,41,172,-1256,52
62,14,108,22,43,174,-1279,53
63,13,109,22,44,174,-1304,54
64,12,108,21,44,174,-1158,53
66,12,109,20,45,175,-896,54
67,13,113,22,47,178,-991,57
67,14,113,23,47,178,-1048,57
67,14,113,23,46,178,-1027,58
65,14,112,24,45,177,-1147,57
62,14,111,24,44,176,-1401,56
63,11,108,22,42,173,-1379,54
62,9,106,21,43,170,-1577,52
61,9,103,20,41,168,-1671,50
59,7,100,19,40,165,-1458,48
59,4,97,17,40,162,-1147,46
57,4,96,18,40,161,-1339,46
55,3,93,17,37,158,-1475,45
53,1,90,17,36,155,-1516,43
50,2,88,17,34,153,-1564,41
46,3,86,18,32,150,-1772,40
46,0,80,15,29,145,-1629,35
44,-3,76,14,29,141,-1660,33
41,-6,72,12,27,137,-1721,31
41,-10,68,10,25,133,-1684,28
40,-14,62,7,23,128,-1439,25
37,-15,60,8,23,126,-1332,24
33,-13,57,8,20,123,-1271,22
30,-10,55,8,18,121,-1184,20
27,-10,53,8,17,118,-1199,18
25,-10,53,9,16,117,-1391,18
24,-12,49,7,13,113,-1261,14
23,-12,47,7,12,112,-1198,13
21,-11,44,6,11,109,-1240,11
19,-12,41,5,9,106,-1188,8
19,-13,38,3,8,104,-1014,7
17,-11,38,5,9,104,-1153,7
15,-13,35,4,7,101,-1227,5
13,-11,34,4,6,99,-1172,4
11,-10,34,5,6,99,-1214,4
9,-8,33,6,4,98,-1415,4
8,-10,30,4,1,95,-1273,0
7,-10,28,3,1,93,-1164,0
7,-11,26,3,1,92,-1179,-1
6,-13,24,2,0,89,-1154,-2
6,-13,22,0,-1,87,-989,-4
4,-11,22,1,0,87,-1092,-3
1,-10,20,1,-2,85,-1186,-5
0,-11,17,1,-4,82,-1188,-7
-2,-9,17,1,-4,82,-1233,-8
-4,-7,17,3,-5,82,-1436,-8
-4,-7,16,1,-7,80,-1347,-10
-4,-8,15,1,-6,80,-1265,-10
-5,-9,13,0,-7,78,-1289,-11
-6,-10,10,0,-9,75,-1237,-13
-5,-11,9,-2,-9,74,-1043,-14
-5,-11,10,0,-7,75,-1168,-13
-6,-10,10,0,-8,75,-1301,-12
-6,-10,10,0,-8,75,-1258,-12
-6,-10,11,0,-8,76,-1271,-12
-7,-8,13,2,-8,77,-1450,-11
-7,-9,11,0,-10,75,-1340,-13
-6,-9,10,0,-9,75,-1240,-13
-6,-10,10,0,-9,75,-1273,-13
-6,-10,10,0,-9,74,-1249,-13
-5,-12,8,-2,-9,73,-1064,-14
-5,-11,10,0,-7,74,-1171,-12
-5,-10,10,0,-8,75,-1271,-12
-6,-10,10,0,-8,75,-1214,-12
-6,-9,11,0,-7,75,-1238,-11
-7,-8,13,2,-7,76,-1444,-10
-7,-8,11,0,-9,75,-1389,-13
-6,-9,11,0,-9,74,-1308,-13
-6,-10,11,0,-8,74,-1519,-13
-6,-10,10,0,-9,74,-1668,-13
-5,-11,8,-2,-9,73,-1552,-14
-5,-11,10,0,-7,74,-1678,-12
-5,-10,10,0,-8,74,-1795,-12
-6,-10,10,0,-8,74,-1749,-12
-6,-10,11,0,-7,75,-1786,-11
-7,-8,12,2,-8,76,-1981,-11
-7,-8,11,0,-10,74,-1890,-13
-6,-9,10,0,-9,74,-1708,-13
-6,-10,10,0,-9,74,-1546,-13
-6,-10,10,0,-9,73,-1375,-13
-5,-11,8,-2,-9,72,-1077,-14
-5,-11,10,0,-7,74,-1104,-12
-6,-10,10,0,-8,74,-1204,-12
-5,-10,10,0,-8,74,-1192,-12
-6,-10,11,0,-7,74,-1217,-11
-7,-8,13,2,-7,76,-1352,-10
-7,-8,11,0,-9,74,-1275,-12
-7,-9,11,0,-9,74,-1166,-12
-6,-9,11,0,-8,73,-1175,-13
-6,-10,10,0,-9,73,-1136,-13
-5,-11,8,-2,-9,72,-956,-14
-5,-11,9,0,-7,73,-1035,-12
-6,-10,10,0,-8,73,-1240,-12
-6,-10,10,0,-8,73,-1240,-12
-6,-10,11,0,-7,74,-1263,-12
-7,-8,12,2,-7,75,-1469,-10
-7,-9,11,1,-9,74,-1423,-12
-6,-9,11,0,-9,73,-1257,-13
-6,-9,10,0,-8,73,-1251,-12
-6,-10,10,0,-9,72,-1218,-13
-4,-11,8,-1,-9,71,-1051,-14
-5,-11,9,0,-7,72,-1098,-12
-6,-10,10,0,-7,73,-1209,-12
-6,-10,10,0,-8,73,-1169,-12
-6,-10,11,0,-8,73,-1175,-11
-7,-8,12,2,-7,74,-1343,-10
-7,-9,11,1,-9,73,-1256,-12
-6,-9,10,0,-9,73,-1075,-12
-6,-9,10,0,-8,73,-1106,-12
-6,-10,10,0,-9,72,-1131,-13
-5,-11,8,-1,-9,71,-1103,-14
-5,-11,9,-1,-7,72,-1239,-12
-5,-10,10,0,-7,72,-1445,-12
-6,-10,10,0,-8,72,-1442,-12
-6,-9,10,0,-8,72,-1479,-12
-7,-8,12,2,-7,74,-1626,-10
-7,-8,11,0,-9,72,-1480,-12
-6,-9,10,0,-9,72,-1304,-12
-6,-9,10,0,-8,72,-1440,-12
-6,-10,10,0,-9,71,-1482,-13
-5,-11,8,-2,-9,70,-1300,-14
-5,-11,9,-1,-7,71,-1250,-12
-6,-10,10,0,-7,72,-1394,-12
-6,-10,10,0,-7,72,-1380,-12
-6,-9,10,0,-7,72,-1350,-11
-7,-8,12,2,-7,74,-1492,-10
-7,-8,11,1,-9,72,-1455,-12
-7,-9,10,0,-9,72,-1234,-12
-6,-9,10,0,-8,71,-1211,-12
-6,-10,9,0,-9,71,-1212,-13
-5,-11,8,-2,-9,70,-1004,-14
-5,-11,9,-1,-7,71,-959,-12
-5,-10,10,0,-7,72,-1217,-12
-6,-9,10,0,-8,72,-1306,-12
-6,-10,10,0,-8,72,-1404,-11
-7,-8,12,1,-7,73,-1640,-10
-7,-8,11,1,-9,72,-1677,-12
-6,-9,10,0,-9,71,-1531,-12
-6,-9,10,0,-9,71,-1494,-12
-6,-9,10,0,-8,71,-1405,-12
-4,-11,8,-1,-9,70,-1187,-13
-5,-11,9,-1,-7,70,-1133,-12
-5,-10,10,0,-7,71,-1266,-11
-5,-9,10,0,-7,71,-1247,-12
-5,-9,10,0,-7,71,-1231,-11
-7,-8,12,1,-7,72,-1386,-10
-7,-8,11,1,-9,71,-1417,-11
-6,-9,10,0,-9,71,-1283,-12
-5,-9,10,0,-8,71,-1278,-12
-5,-9,10,0,-8,71,-1283,-12
-4,-10,8,-1,-9,69,-1217,-13
-4,-11,9,-1,-7,70,-1223,-12
-5,-10,9,0,-7,71,-1408,-11
-5,-9,10,0,-8,70,-1400,-12
-6,-9,10,0,-7,71,-1413,-11
-6,-8,12,1,-7,72,-1525,-10
-7,-8,11,1,-9,71,-1476,-12
-6,-9,10,0,-9,70,-1309,-12
-6,-9,10,0,-8,70,-1473,-12
-6,-9,10,0,-8,70,-1647,-12
-5,-10,8,-1,-8,69,-1427,-13
-5,-10,9,-1,-7,69,-1332,-12
-5,-10,10,0,-7,70,-1600,-11
-6,-10,10,0,-7,70,-1663,-11
-6,-9,10,0,-7,70,-1764,-11
-7,-8,12,1,-7,72,-1936,-10
-7,-8,11,1,-9,71,-2025,-11
-6,-9,10,0,-9,70,-1936,-12
-6,-9,10,0,-8,70,-2006,-12
-6,-9,10,0,-8,70,-2013,-12
-5,-10,8,-1,-8,68,-1868,-13
-4,-10,9,-1,-7,69,-1816,-12
-5,-10,10,0,-7,70,-2003,-11
-6,-9,10,0,-7,70,-1996,-11
-6,-9,10,0,-7,70,-1998,-11
-7,-8,12,2,-6,71,-2199,-10
-7,-8,11,1,-8,70,-2410,-11
-6,-9,10,0,-9,69,-2343,-12
-6,-9,10,0,-8,69,-2405,-12
-6,-9,10,0,-8,69,-2412,-12
-4,-10,8,-1,-9,68,-2320,-13
-4,-11,8,-1,-7,68,-2285,-12
-5,-10,9,0,-7,70,-2463,-11
-5,-9,9,0,-8,69,-2445,-11
-5,-9,10,0,-7,69,-2387,-11
-6,-8,11,1,-6,70,-2505,-10
-7,-8,11,1,-8,70,-2479,-11
-6,-8,10,0,-8,69,-2222,-12
-6,-9,10,0,-8,69,-2149,-12
-6,-9,9,0,-8,69,-2067,-12
-5,-10,8,-1,-9,67,-1892,-13
-4,-10,8,-1,-7,68,-1803,-12
-5,-9,10,0,-7,69,-1929,-11
-5,-9,9,0,-7,69,-1896,-11
-5,-9,10,0,-7,69,-1899,-11
-6,-8,11,1,-7,71,-1983,-10
-7,-7,11,1,-8,70,-2114,-11
-6,-8,10,0,-9,69,-1962,-12
-4,-8,12,0,-7,71,-1871,-10
-1,-6,16,1,-5,74,-1545,-7
0,-6,17,0,-4,75,-1205,-7
2,-6,19,0,-1,78,-1021,-5
4,-6,24,2,0,83,-1107,-1
8,-7,28,3,2,86,-970,1
10,-7,31,4,4,89,-924,3
11,-5,35,6,6,93,-1095,6
13,-5,37,6,6,95,-1189,7
15,-7,37,5,7,95,-1018,7
16,-4,39,6,8,97,-1036,9
16,-3,39,6,8,98,-1065,9
18,-6,39,4,9,98,-946,9
20,-7,40,4,11,98,-837,10
19,-6,41,6,11,99,-1017,11
19,-7,41,6,10,99,-985,11
19,-6,41,6,10,99,-981,11
18,-6,42,8,11,100,-1100,12
17,-8,41,7,9,98,-1143,11
18,-10,39,5,9,97,-921,9
19,-11,38,5,10,97,-939,9
18,-10,38,5,9,96,-1022,9
17,-9,36,4,7,94,-1037,7
17,-9,35,3,9,94,-988,7
16,-9,37,5,9,94,-1239,9
15,-8,35,4,8,94,-1262,8
8,-9,26,2,1,83,-1976,0
7,-10,23,1,0,81,-1929,-1
6,-12,20,0,0,79,-1860,-2
4,-10,21,1,0,79,-2036,-2
2,-8,19,2,-1,77,-2021,-3
1,-8,18,1,-2,76,-2013,-4
-1,-8,16,2,-3,74,-2119,-6
-4,-6,15,2,-5,72,-2231,-7
-4,-7,12,1,-7,69,-2066,-10
-6,-9,10,0,-8,66,-2061,-11
-6,-9,9,0,-8,66,-2027,-12
-5,-9,8,-1,-9,65,-1890,-13
-4,-11,7,-1,-7,65,-1734,-13
-5,-10,8,0,-7,66,-1891,-11
-5,-9,9,0,-7,66,-1891,-11
-6,-9,9,0,-7,66,-1867,-11
-6,-8,10,1,-7,67,-1954,-10
-7,-7,10,1,-8,67,-2058,-11
-6,-8,9,0,-8,66,-1868,-12
-6,-8,9,0,-7,66,-1867,-12
-6,-9,8,0,-8,66,-1861,-12
-5,-9,7,-1,-9,65,-1769,-13
-4,-10,7,-1,-7,65,-1681,-12
-5,-9,8,0,-6,66,-1879,-11
-5,-9,8,0,-7,66,-1891,-11
-5,-9,9,0,-8,65,-1884,-11
-6,-8,10,1,-7,66,-1985,-10
-7,-7,10,1,-8,67,-2136,-10
-6,-8,9,0,-9,66,-1993,-12
-6,-8,9,0,-8,65,-1983,-12
-6,-8,9,0,-8,65,-1905,-12
-5,-9,8,-1,-8,64,-1737,-12
-5,-10,7,-2,-7,64,-1572,-12
-5,-9,8,0,-7,65,-1739,-11
-5,-9,8,0,-7,65,-1780,-11
-5,-9,9,0,-7,66,-1797,-11
-6,-8,10,1,-7,66,-1883,-10
-7,-7,10,1,-8,66,-2020,-10
-6,-8,9,0,-9,65,-1855,-11
-6,-8,9,0,-8,65,-1856,-11
-6,-8,8,0,-8,65,-1888,-12
-5,-9,8,-1,-8,64,-1814,-12
-4,-11,7,-1,-7,64,-1674,-12
-5,-9,9,0,-6,65,-1780,-11
-6,-9,9,0,-7,65,-1704,-11
-8,-9,11,0,-8,62,-1658,-13
-14,-10,20,3,-12,55,-1734,-17
-19,-13,29,5,-17,48,-1896,-22
-24,-15,34,5,-22,40,-1730,-29
-28,-15,38,6,-24,36,-1694,-32
-26,-7,32,4,-23,41,-1688,-30
-19,0,19,0,-18,51,-1604,-23
-7,11,-1,-6,-7,72,-1470,-10
9,38,-35,-15,8,108,-1688,13
32,63,-76,-26,26,149,-1728,39
57,85,-118,-37,46,190,-1691,66
83,107,-159,-47,67,232,-1729,95
108,130,-201,-57,86,274,-1839,122
134,151,-245,-69,105,314,-1610,148
160,170,-286,-80,125,355,-1509,175
186,184,-324,-89,145,393,-1424,201
212,188,-358,-97,164,424,-1268,223
234,185,-384,-103,180,447,-1052,242
249,189,-403,-106,192,469,-1155,258
259,192,-416,-109,199,483,-1181,268
265,186,-419,-108,203,486,-1185,271
266,176,-415,-105,204,483,-1306,272
262,168,-405,-101,200,475,-1499,266
254,159,-391,-99,192,458,-1284,255
242,148,-372,-94,184,439,-1238,242
229,134,-348,-88,173,416,-1334,227
211,114,-317,-80,158,383,-1332,206
190,92,-281,-71,141,346,-1201,182
165,71,-238,-59,123,307,-1383,157
139,47,-193,-47,101,263,-1434,129
112,18,-147,-34,80,218,-1432,100
86,-2,-104,-22,60,177,-1536,73
59,-19,-62,-11,40,137,-1752,46
34,-38,-23,-2,18,95,-1597,17
6,-55,6,0,-2,54,-1537,-10
-21,-78,12,0,-24,7,-1595,-41
-47,-93,12,0,-44,-30,-1621,-68
-62,-82,11,-1,-54,-43,-1480,-80
-65,-65,12,0,-54,-37,-1481,-77
-55,-54,13,0,-47,-19,-1426,-66
-42,-40,13,1,-35,4,-1418,-50
-28,-28,13,1,-24,27,-1491,-34
-18,-18,15,3,-16,45,-1618,-22
-10,-11,13,1,-12,57,-1428,-16
-8,-9,13,0,-10,59,-1383,-14
-8,-10,12,0,-10,59,-1402,-14
-7,-10,12,0,-10,58,-1321,-15
-6,-12,10,-1,-10,58,-1122,-15
-7,-11,12,0,-8,59,-1318,-13
-7,-11,12,0,-9,59,-1412,-13
-8,-10,13,1,-9,59,-1364,-13
-9,-9,13,1,-9,60,-1404,-13
-9,-8,15,2,-9,60,-1592,-12
-8,-9,13,1,-10,59,-1442,-14
-8,-10,13,1,-10,59,-1386,-14
-8,-10,12,0,-10,58,-1414,-14
-7,-10,12,0,-10,58,-1369,-14
-6,-12,10,-1,-9,57,-1187,-15
-7,-11,12,0,-8,58,-1469,-13
-8,-10,12,0,-9,58,-1763,-13
-8,-10,12,0,-9,59,-1748,-13
-8,-10,13,1,-8,59,-1658,-12
-9,-9,15,3,-8,60,-1817,-12
-9,-9,13,1,-10,59,-1692,-14
-8,-10,13,0,-10,58,-1674,-13
-8,-10,13,0,-9,58,-1738,-14
-8,-10,12,0,-10,58,-1735,-15
-6,-11,10,-1,-9,57,-1552,-15
-7,-11,12,0,-8,58,-1676,-13
-7,-10,12,0,-9,58,-1710,-13
-7,-10,12,0,-9,58,-1734,-13
-7,-10,13,1,-8,58,-1832,-12
-9,-9,14,3,-9,59,-2007,-12
-9,-9,13,1,-10,58,-1828,-13
-8,-9,13,1,-9,58,-1725,-13
-8,-10,12,0,-9,58,-1754,-14
-7,-10,12,0,-10,57,-1755,-14
-6,-11,10,-1,-10,56,-1630,-15
-7,-11,12,0,-8,58,-1734,-13
-7,-10,12,0,-9,58,-1831,-13
-7,-10,12,0,-9,58,-1926,-13
-8,-10,13,1,-8,58,-2009,-12
-9,-9,14,3,-8,59,-2259,-11
-8,-9,14,1,-10,59,-2175,-13
-6,-8,16,1,-7,61,-2112,-11
-5,-7,17,2,-7,62,-2173,-10
-4,-8,17,1,-7,62,-2162,-11
-1,-8,18,0,-5,64,-1992,-10
0,-8,21,2,-3,66,-2108,-7
0,-9,23,2,-2,67,-2148,-5
0,-9,23,2,-3,68,-2074,-5
0,-8,23,3,-2,68,-2114,-4
0,-7,26,5,-2,71,-2245,-3
1,-6,27,4,-2,72,-2121,-3
2,-7,27,4,-1,72,-1997,-3
2,-7,27,4,0,72,-2006,-3
4,-8,27,3,0,72,-2000,-3
6,-11,27,1,0,72,-1834,-2
6,-9,29,3,2,75,-1803,0
6,-6,31,4,1,76,-1674,0
7,-6,32,5,2,77,-1530,0
8,-7,34,5,3,78,-1568,2
7,-6,36,7,3,80,-1942,3
9,-6,36,6,3,80,-2014,3
12,-5,40,6,5,84,-1855,5
15,-3,44,7,8,88,-1677,8
18,-2,48,8,9,92,-1515,11
20,-2,48,7,10,93,-1285,11
21,0,52,9,14,97,-1405,15
24,1,57,10,15,101,-1553,18
27,3,62,12,17,106,-1683,21
29,5,67,14,20,110,-1810,24
31,8,72,16,22,115,-2009,28
34,7,74,15,22,117,-1913,29
38,7,77,16,25,121,-1762,31
40,9,81,16,27,125,-1722,34
43,10,85,17,29,129,-1680,36
48,10,88,17,31,132,-1537,38
50,12,94,19,35,137,-1654,43
52,13,97,20,37,140,-1787,46
55,13,101,21,38,143,-1768,48
55,14,103,22,40,146,-1768,49
56,16,107,24,41,149,-1910,52
58,16,107,23,40,149,-1787,51
59,13,107,22,42,150,-1654,52
60,13,108,22,43,150,-1669,53
61,12,108,22,43,151,-1645,53
64,12,108,21,43,152,-1494,53
64,13,111,22,46,154,-1557,56
64,13,112,23,45,154,-1631,56
63,13,111,23,45,153,-1413,55
61,13,108,23,43,151,-1325,54
59,13,108,24,43,151,-1534,54
59,10,105,22,41,147,-1655,51
58,9,102,21,40,145,-1696,49
57,8,100,20,39,142,-1803,48
55,7,97,19,38,140,-1818,46
55,4,93,17,37,136,-1568,43
53,4,92,17,37,135,-1568,43
51,2,90,17,35,132,-1724,42
48,1,86,16,33,129,-1693,39
46,2,83,17,31,126,-1705,37
43,1,82,17,30,124,-1896,36
41,-2,77,15,26,119,-1874,32
39,-4,72,13,25,115,-1800,30
37,-7,68,11,24,111,-1846,27
37,-11,64,10,23,107,-1830,25
35,-15,58,7,20,102,-1657,21
32,-14,56,8,20,100,-1647,21
28,-11,55,8,18,98,-1739,19
26,-10,52,8,16,95,-1699,16
24,-11,50,8,14,93,-1763,15
21,-10,50,9,14,92,-2001,15
20,-11,47,7,11,89,-2035,12
19,-10,44,6,10,87,-1877,10
16,-10,41,6,8,84,-1836,8
15,-11,39,5,7,81,-1791,6
15,-12,36,3,6,79,-1671,4
13,-13,34,4,6,78,-1689,4
11,-12,33,4,5,76,-1920,3
10,-11,32,4,4,76,-1956,2
8,-9,31,4,3,74,-2035,1
5,-9,30,5,2,73,-2224,1
4,-9,27,4,0,70,-2067,-1
3,-10,26,3,0,69,-1741,-2
3,-13,24,3,0,67,-1717,-3
2,-13,22,2,-2,65,-1666,-5
2,-13,19,0,-3,63,-1515,-7
0,-11,19,0,-2,62,-1534,-6
-3,-11,16,1,-5,60,-1687,-8
-4,-10,15,1,-5,58,-1633,-9
-6,-9,14,1,-7,57,-1639,-10
-8,-6,15,3,-7,58,-1840,-10
-7,-6,14,2,-9,57,-1843,-11
-8,-7,13,1,-9,55,-1662,-12
-9,-9,10,0,-10,53,-1674,-14
-9,-10,9,0,-10,51,-1675,-15
-8,-11,7,-1,-11,50,-1515,-16
-8,-11,8,0,-9,52,-1469,-14
-9,-10,9,0,-9,52,-1593,-14
-9,-10,9,0,-9,52,-1580,-14
-9,-9,9,0,-9,52,-1684,-13
-10,-8,11,2,-9,53,-1861,-12
-10,-8,10,1,-11,52,-1831,-14
-9,-9,9,0,-10,51,-1692,-14
-10,-10,9,0,-10,51,-1782,-14
-9,-10,9,0,-10,51,-1742,-15
-8,-11,7,-1,-11,50,-1555,-16
-8,-11,8,-1,-8,51,-1535,-15
-8,-10,9,0,-9,51,-1742,-13
-9,-10,8,0,-9,51,-1721,-14
-9,-10,9,0,-9,52,-1689,-13
-10,-8,11,2,-9,53,-1770,-12
-10,-8,10,1,-11,52,-1756,-14
-9,-9,9,0,-11,51,-1677,-14
-9,-9,9,0,-10,51,-1717,-14
-9,-10,9,0,-10,51,-1770,-15
-8,-11,7,-1,-11,49,-1654,-16
-8,-11,8,-1,-9,50,-1590,-15
-9,-10,9,0,-9,51,-1772,-14
-9,-10,9,0,-9,51,-1796,-14
-9,-10,9,0,-9,51,-1784,-13
-10,-9,10,2,-9,52,-1945,-12
-10,-8,10,1,-11,52,-1946,-13
-9,-9,9,0,-10,51,-1763,-15
-9,-9,9,0,-10,51,-1767,-14
-9,-9,8,0,-11,50,-1757,-14
-8,-11,7,-1,-11,49,-1628,-16
-8,-11,7,-1,-9,50,-1555,-15
-9,-10,9,0,-9,51,-1655,-14
-9,-10,8,0,-9,51,-1643,-14
-9,-10,9,0,-9,51,-1647,-13
-10,-8,11,2,-8,52,-1807,-12
-10,-8,10,1,-10,51,-1793,-14
-9,-9,9,0,-11,50,-1574,-14
-9,-9,9,0,-10,50,-1682,-14
-9,-9,9,0,-10,50,-1719,-14
-8,-11,7,-1,-11,49,-1556,-16
-8,-11,8,-1,-9,49,-1450,-15
-9,-10,9,0,-9,50,-1563,-13
-9,-9,8,0,-9,50,-1533,-14
-9,-10,9,0,-9,50,-1568,-14
-10,-8,11,1,-9,52,-1773,-12
-10,-8,10,1,-11,51,-1861,-13
-9,-9,9,0,-11,50,-1723,-14
-9,-9,9,0,-9,50,-1753,-14
-9,-9,9,0,-10,50,-1727,-14
-8,-10,7,-1,-10,49,-1649,-15
-8,-11,7,-1,-9,49,-1606,-14
-8,-9,8,0,-9,50,-1775,-13
-9,-9,8,0,-9,50,-1741,-14
-9,-9,8,0,-9,50,-1711,-14
-10,-8,10,1,-9,51,-1858,-12
-10,-8,10,1,-10,51,-1883,-13
-9,-9,9,0,-10,50,-1679,-14
-9,-9,9,0,-9,50,-1746,-14
-9,-10,8,0,-10,50,-1781,-14
-8,-11,7,-1,-10,49,-1681,-15
-8,-11,7,-1,-9,49,-1612,-15
-8,-10,8,0,-9,50,-1807,-14
-9,-10,8,0,-9,50,-1763,-14
-9,-9,9,0,-9,50,-1653,-13
-9,-8,10,2,-8,52,-1699,-12
-10,-8,10,1,-10,50,-1794,-13
-10,-9,9,0,-11,49,-1639,-14
-9,-9,8,0,-10,49,-1655,-14
-9,-9,8,0,-10,49,-1656,-14
-8,-10,7,-1,-10,48,-1543,-15
-7,-11,7,-1,-9,49,-1476,-15
-8,-10,8,0,-9,50,-1660,-13
-9,-9,8,0,-9,49,-1648,-13
-9,-9,9,0,-9,49,-1645,-13
-10,-9,10,1,-8,51,-1756,-12
-10,-8,10,1,-10,50,-1833,-13
-9,-9,9,0,-10,49,-1657,-14
-9,-9,9,0,-10,49,-1648,-14
-9,-9,8,0,-10,49,-1639,-14
-8,-10,7,-1,-10,48,-1551,-15
-7,-11,7,-1,-9,48,-1466,-14
-8,-10,8,0,-8,49,-1664,-13
-9,-10,8,0,-9,49,-1651,-13
-8,-9,9,0,-9,49,-1619,-13
-9,-9,10,1,-8,51,-1725,-11
-10,-8,10,1,-9,50,-1818,-12
-9,-8,9,0,-10,49,-1625,-14
-9,-9,9,0,-10,49,-1648,-14
-9,-9,8,0,-10,49,-1670,-14
-8,-10,7,-1,-10,47,-1556,-15
-7,-10,7,-1,-9,47,-1428,-14
-8,-10,8,0,-9,49,-1612,-13
-8,-10,8,0,-9,48,-1635,-13
-8,-9,8,0,-9,49,-1632,-13
-9,-8,10,1,-8,50,-1720,-12
-10,-7,10,1,-10,50,-1816,-12
-9,-8,9,0,-10,49,-1636,-14
-9,-9,8,0,-9,49,-1618,-13
-8,-9,8,0,-9,48,-1635,-14
-8,-10,7,-1,-10,47,-1533,-15
-7,-11,7,-1,-9,47,-1384,-14
-8,-10,8,0,-8,49,-1572,-13
-8,-10,8,0,-9,49,-1626,-13
-8,-9,8,0,-9,48,-1642,-13
-9,-8,9,1,-8,49,-1717,-12
-10,-8,10,2,-9,49,-1848,-12
-9,-8,9,0,-10,48,-1668,-14
-9,-8,9,0,-10,48,-1651,-14
-8,-9,8,0,-10,48,-1640,-14
-8,-10,7,-1,-10,47,-1538,-15
-7,-11,7,-1,-9,47,-1414,-14
-8,-10,8,0,-8,48,-1579,-13
-8,-9,8,0,-9,48,-1585,-13
-8,-9,8,0,-9,48,-1548,-13
-9,-8,10,1,-8,49,-1640,-12
-10,-7,10,2,-9,49,-1846,-12
-10,-8,8,0,-10,48,-1711,-14
-9,-9,8,0,-10,48,-1728,-13
-8,-9,8,0,-10,48,-1745,-14
-8,-10,7,0,-10,47,-1676,-14
-7,-10,6,-1,-9,47,-1550,-14
-8,-10,8,0,-8,48,-1707,-13
-8,-9,8,0,-8,48,-1707,-13
-8,-9,8,0,-9,48,-1698,-13
-9,-8,9,1,-8,49,-1765,-12
-10,-7,10,2,-9,49,-1881,-12
-9,-8,9,0,-11,47,-1701,-13
-9,-8,9,0,-10,47,-1673,-13
-8,-9,9,0,-9,47,-1702,-14
-8,-10,7,-1,-10,47,-1646,-14
-7,-11,6,-1,-9,46,-1510,-14
-8,-9,8,0,-8,47,-1639,-13
-8,-9,8,0,-9,47,-1669,-13
-8,-9,8,0,-8,48,-1652,-13
-9,-9,9,1,-8,49,-1716,-12
-10,-7,10,2,-9,49,-1850,-12
-9,-8,8,0,-10,47,-1627,-14
-8,-9,8,0,-9,47,-1625,-14
-8,-9,8,0,-9,47,-1633,-13
-8,-10,7,0,-10,46,-1563,-14
-7,-11,6,-1,-9,46,-1404,-14
-8,-10,8,0,-8,47,-1582,-12
-8,-9,8,0,-9,47,-1686,-13
-8,-9,8,0,-9,47,-1668,-13
-9,-8,9,1,-8,48,-1684,-12
-10,-7,10,1,-9,48,-1818,-12
-9,-8,9,0,-10,47,-1642,-13
-9,-9,9,0,-9,47,-1639,-13
-8,-9,8,0,-9,47,-1662,-14
-8,-9,7,0,-10,46,-1552,-14
-7,-10,6,-1,-9,46,-1396,-14
-8,-9,7,0,-8,47,-1579,-13
-8,-9,8,0,-9,47,-1596,-13
-8,-9,8,0,-9,47,-1540,-13
-9,-8,9,1,-8,48,-1598,-12
-10,-7,10,2,-9,48,-1754,-11
-9,-8,9,0,-10,47,-1591,-13
-9,-8,8,0,-9,47,-1594,-13
-9,-9,8,0,-10,47,-1604,-13
-8,-9,7,0,-10,46,-1526,-14
-7,-10,6,-1,-9,45,-1388,-14
-7,-10,8,0,-7,47,-1564,-12
-8,-9,8,0,-9,47,-1692,-13
-8,-9,8,0,-9,47,-1754,-12
-8,-8,9,1,-8,48,-1843,-11
-10,-7,10,2,-9,48,-1987,-11
-9,-8,8,0,-11,46,-1800,-14
-8,-9,8,0,-10,46,-1758,-13
-8,-9,8,0,-9,46,-1788,-13
-8,-9,7,0,-10,45,-1737,-14
-7,-10,6,-1,-9,45,-1551,-14
-8,-9,8,0,-8,46,-1691,-13
-8,-9,8,0,-9,46,-1743,-12
-9,-9,8,0,-9,47,-1708,-12
-9,-9,9,1,-8,47,-1731,-11
-9,-7,10,2,-9,48,-1897,-11
-9,-8,9,0,-10,46,-1760,-13
-8,-8,8,0,-9,46,-1738,-13
-8,-8,8,0,-9,46,-1771,-13
-8,-9,7,0,-10,46,-1721,-13
-7,-10,6,-1,-9,45,-1562,-14
-7,-9,8,0,-8,46,-1691,-12
-8,-9,8,0,-8,46,-1722,-12
-8,-9,8,0,-8,46,-1689,-13
-8,-8,9,0,-8,47,-1744,-12
-9,-7,10,2,-8,48,-1923,-11
-9,-7,8,0,-10,46,-1784,-13
-8,-8,8,0,-9,46,-1713,-13
-8,-8,8,0,-9,46,-1731,-13
-8,-9,7,0,-10,45,-1691,-14
-7,-10,6,-1,-9,44,-1537,-14
-7,-9,7,0,-8,46,-1674,-12
-8,-9,8,0,-9,46,-1751,-13
-8,-9,8,0,-8,46,-1708,-12
-9,-8,9,0,-8,46,-1711,-11
-10,-7,10,2,-8,47,-1863,-11
-9,-7,8,0,-10,46,-1720,-13
-8,-8,8,0,-9,46,-1672,-13
-8,-8,8,0,-9,46,-1712,-13
-8,-9,7,0,-10,45,-1670,-14
-7,-10,6,-2,-10,44,-1525,-14
-7,-9,7,0,-8,46,-1669,-12
-8,-9,8,0,-9,45,-1763,-12
-8,-8,8,0,-9,46,-1724,-12
-8,-8,8,0,-8,46,-1763,-12
-10,-7,10,2,-8,47,-1946,-11
-9,-8,8,0,-10,46,-1803,-13
-8,-8,8,0,-10,46,-1731,-13
-8,-8,8,0,-9,46,-1779,-13
-8,-9,7,0,-9,45,-1750,-13
-7,-10,6,-2,-9,44,-1602,-14
-7,-10,7,0,-7,45,-1711,-12
-8,-9,7,0,-8,45,-1769,-12
-8,-9,8,0,-8,45,-1717,-12
-8,-8,8,0,-8,46,-1749,-12
-9,-7,10,2,-8,47,-1908,-11
-9,-8,8,1,-10,45,-1815,-13
-8,-8,8,0,-9,45,-1797,-13
-8,-8,7,0,-9,45,-1804,-13
-8,-9,7,0,-9,45,-1735,-13
-7,-10,6,-2,-9,43,-1550,-14
-7,-9,7,0,-7,45,-1626,-12
-8,-9,8,0,-8,45,-1693,-12
-8,-9,8,0,-8,45,-1657,-12
-8,-8,8,0,-8,46,-1684,-12
-9,-7,10,2,-8,47,-1848,-10
-8,-6,10,1,-9,47,-1730,-12
-4,-6,14,1,-6,51,-1683,-9
-3,-5,16,1,-5,53,-1938,-7
-1,-4,17,1,-4,55,-2122,-6
2,-6,19,1,-2,57,-2025,-4
5,-7,25,3,2,62,-2159,0
8,-7,28,4,3,65,-2277,2
9,-6,31,5,4,68,-2244,4
11,-5,34,6,7,71,-2287,7
11,-5,37,7,8,73,-2459,8
12,-4,37,7,6,74,-2326,7
13,-2,38,7,7,74,-2231,8
15,-4,39,6,8,75,-2255,9
16,-5,39,6,9,75,-2229,9
17,-7,37,4,9,74,-2059,8
17,-6,39,5,10,75,-2149,10
16,-5,39,6,9,76,-2282,10
16,-6,39,6,9,76,-2243,10
16,-8,38,6,10,74,-2233,10
15,-9,39,7,10,75,-2393,11
15,-9,37,6,8,74,-2288,9
16,-9,37,5,9,73,-2180,8
14,-9,36,5,8,72,-2216,7
13,-8,35,5,7,71,-2201,7
14,-9,33,3,6,69,-2069,5
14,-9,33,4,8,70,-2146,6
11,-9,31,4,6,68,-2225,5
10,-9,30,4,5,67,-2192,5
10,-9,30,4,5,67,-2231,5
7,-9,29,5,4,65,-2402,4
6,-9,26,4,1,62,-2308,0
5,-8,24,3,0,60,-2189,0
4,-9,23,3,0,59,-2230,-1
2,-10,20,1,-1,56,-2233,-3
2,-11,17,0,-2,54,-2088,-5
0,-9,17,1,-1,54,-2167,-5
0,-8,16,1,-3,53,-2277,-5
-2,-8,13,1,-4,50,-2274,-7
-5,-7,12,1,-5,48,-2296,-8
-7,-5,12,3,-7,48,-2397,-8
-9,-7,8,0,-10,44,-2275,-12
-8,-8,7,0,-9,43,-2141,-13
-8,-8,7,0,-9,43,-2167,-13
-8,-8,6,0,-9,43,-2137,-13
-7,-10,5,-2,-9,41,-1994,-14
-7,-9,6,0,-8,43,-2055,-12
-7,-8,7,0,-8,43,-2167,-12
-8,-8,7,0,-8,43,-2128,-12
-8,-8,7,0,-8,43,-2147,-12
-10,-6,9,2,-8,44,-2305,-10
-9,-7,8,1,-10,43,-2248,-12
-8,-7,7,0,-10,43,-2141,-13
-8,-8,7,0,-9,43,-2167,-13
-8,-8,7,0,-9,43,-2150,-13
-7,-9,5,-2,-10,41,-1997,-14
-7,-9,6,0,-8,42,-2055,-12
-8,-9,7,0,-8,43,-2173,-12
-8,-9,7,0,-8,43,-2116,-12
-8,-8,7,0,-8,43,-2123,-12
-9,-7,9,2,-7,44,-2320,-11
-9,-7,8,1,-9,43,-2322,-12
-7,-8,7,0,-8,42,-2250,-11
-7,-8,7,0,-8,42,-2221,-12
-8,-8,7,0,-8,43,-2234,-11
-9,-7,8,2,-7,44,-2380,-10
-9,-7,7,1,-10,42,-2334,-12
-8,-7,7,0,-9,42,-2219,-12
-8,-8,7,0,-8,42,-2262,-12
-8,-8,7,0,-9,42,-2250,-13
-7,-9,5,-1,-10,41,-2110,-14
-7,-9,6,0,-8,42,-2142,-12
-9,-9,9,0,-9,40,-2274,-13
-15,-10,16,1,-14,32,-2228,-19
-20,-14,24,4,-17,25,-2307,-23
-26,-14,33,7,-21,20,-2609,-27
-30,-14,37,7,-26,14,-2622,-32
-29,-8,32,5,-25,18,-2487,-31
-23,0,21,1,-19,28,-2538,-24
-13,11,2,-3,-11,47,-2525,-12
5,34,-33,-15,2,79,-2373,7
27,59,-73,-25,23,120,-2345,34
52,82,-114,-35,42,162,-2451,62
78,104,-156,-46,62,203,-2366,89
103,126,-198,-57,82,245,-2348,117
128,149,-239,-66,103,288,-2442,146
153,169,-281,-78,121,328,-2369,171
180,184,-321,-88,141,365,-2235,197
206,189,-354,-95,161,398,-2270,220
228,188,-381,-100,176,423,-2239,239
245,189,-403,-106,188,443,-2073,253
256,192,-417,-109,198,458,-2033,265
262,188,-421,-108,202,464,-2145,270
264,177,-419,-106,203,461,-2067,270
261,168,-410,-103,200,453,-1940,266
252,161,-394,-98,194,440,-2097,258
241,151,-376,-94,183,420,-2275,244
228,137,-353,-89,173,397,-2189,228
211,118,-323,-80,159,366,-2250,209
189,97,-286,-71,142,330,-2272,185
166,75,-247,-62,122,288,-2183,157
140,49,-202,-49,103,246,-2196,130
114,22,-155,-36,83,202,-2382,102
88,0,-112,-24,62,159,-2412,75
62,-17,-71,-14,42,120,-2447,48
35,-35,-29,-2,22,80,-2566,22
7,-51,2,1,0,38,-2563,-7
-20,-74,10,0,-23,-7,-2494,-38
-47,-91,11,1,-42,-47,-2570,-65
-64,-82,11,0,-55,-64,-2599,-79
-68,-66,10,-1,-58,-62,-2523,-80
-59,-56,10,0,-49,-45,-2508,-69
-46,-41,11,0,-38,-21,-2604,-53
-32,-29,11,0,-27,1,-2549,-38
-20,-20,11,1,-18,20,-2557,-25
-13,-11,13,3,-11,35,-2760,-15
-11,-8,12,2,-11,38,-2829,-14
-10,-9,11,1,-11,37,-2643,-15
-10,-9,11,1,-10,37,-2561,-15
-10,-9,11,0,-10,37,-2554,-15
-9,-11,9,0,-11,36,-2436,-16
-9,-11,10,0,-9,36,-2416,-15
-10,-10,11,0,-9,37,-2642,-14
-10,-10,11,0,-10,37,-2673,-14
-10,-10,11,0,-10,37,-2560,-14
-11,-8,12,2,-9,38,-2574,-13
-11,-8,12,2,-11,37,-2646,-14
-11,-9,11,1,-11,37,-2507,-15
-10,-9,11,1,-10,37,-2539,-15
-10,-9,11,0,-10,37,-2611,-15
-9,-10,10,0,-11,35,-2543,-16
-9,-11,10,0,-9,36,-2503,-15
-9,-10,11,0,-9,37,-2626,-14
-9,-10,11,0,-10,37,-2561,-14
-10,-10,11,1,-10,37,-2482,-14
-11,-9,12,2,-9,38,-2480,-13
-12,-8,12,2,-11,38,-2472,-14
-11,-9,11,1,-12,36,-2286,-15
-10,-9,11,1,-11,37,-2303,-14
-10,-10,10,0,-10,37,-2334,-15
-9,-11,9,0,-11,35,-2304,-16
-9,-11,9,0,-10,35,-2263,-15
-9,-10,11,0,-9,36,-2405,-14
-9,-10,10,0,-9,37,-2397,-14
-9,-10,11,1,-10,37,-2482,-13
-11,-9,12,2,-9,38,-2684,-12
-11,-8,12,2,-11,37,-2802,-13
-11,-9,11,1,-11,36,-2687,-15
-10,-9,11,1,-11,36,-2712,-14
-10,-9,10,0,-11,36,-2671,-15
-9,-10,9,0,-11,35,-2573,-16
-8,-11,9,0,-10,35,-2574,-15
-9,-10,10,0,-9,36,-2755,-14
-10,-10,10,1,-10,36,-2692,-14
-9,-9,11,1,-10,36,-2654,-13
-10,-8,13,2,-8,39,-2749,-12
-9,-6,15,3,-8,41,-2774,-11
-8,-7,15,2,-9,40,-2575,-11
-7,-7,16,2,-7,41,-2639,-11
-5,-6,18,2,-6,44,-2650,-9
-4,-7,18,1,-6,44,-2464,-9
-1,-9,19,1,-4,45,-2321,-8
-1,-8,21,2,-3,47,-2547,-5
-2,-8,21,2,-3,47,-2558,-6
-1,-8,22,3,-3,48,-2532,-5
0,-6,26,5,-1,51,-2613,-2
0,-5,27,5,-1,52,-2676,-2
0,-6,26,4,-2,51,-2522,-4
1,-7,26,4,-1,51,-2531,-3
3,-9,27,4,0,52,-2520,-2
4,-9,27,3,0,52,-2387,-2
5,-7,28,3,0,54,-2264,-1
5,-6,30,4,1,56,-2422,0
5,-8,31,5,2,57,-2447,1
6,-7,32,5,2,57,-2474,1
6,-5,35,7,3,60,-2594,3
8,-3,39,8,4,64,-2727,5
12,-2,42,7,6,67,-2581,7
15,-1,46,9,9,71,-2622,10
17,0,48,9,10,73,-2686,11
19,0,50,8,11,74,-2607,12
23,0,54,9,14,79,-2463,15
25,3,60,12,17,84,-2596,20
27,5,64,13,18,88,-2545,22
30,7,68,14,21,93,-2526,25
32,7,72,16,23,97,-2543,29
34,8,77,17,24,100,-2532,31
37,9,80,17,25,103,-2326,32
41,11,84,18,28,108,-2357,35
44,12,88,18,31,112,-2364,38
47,13,91,19,32,115,-2273,40
51,12,94,18,35,118,-2145,42
52,13,98,20,38,122,-2278,47
53,14,100,21,38,124,-2270,48
55,15,103,22,40,126,-2301,49
55,16,106,24,41,129,-2388,52
56,15,107,24,41,130,-2438,53
57,14,106,23,41,129,-2242,51
58,13,106,22,42,130,-2277,52
60,14,109,23,43,132,-2288,53
61,14,109,22,42,132,-2189,53
62,13,108,21,44,132,-2053,53
61,14,109,23,45,133,-2172,55
59,13,106,23,42,130,-2178,53
58,12,105,22,42,129,-2169,52
57,11,104,23,42,128,-2250,52
55,11,103,23,40,126,-2393,50
54,8,99,21,38,122,-2212,47
52,8,97,20,37,120,-2215,46
52,6,94,19,36,117,-2250,44
50,5,90,17,34,114,-2178,42
50,1,87,15,34,111,-1904,40
47,1,85,16,33,109,-1960,39
44,2,82,16,30,106,-1933,37
41,0,78,16,29,102,-1915,34
40,-2,76,15,28,100,-1981,34
36,-3,73,15,25,96,-2083,31
35,-6,67,12,23,91,-1909,27
34,-10,64,11,23,88,-1909,25
32,-13,59,9,21,83,-1937,22
29,-14,55,8,17,79,-1872,19
27,-12,52,7,16,76,-1728,17
24,-10,51,8,15,75,-1887,16
22,-11,48,8,13,72,-1932,14
20,-11,46,8,13,70,-1960,13
18,-11,45,8,12,69,-2017,12
16,-10,45,8,10,68,-2134,12
14,-9,40,6,7,64,-1953,8
13,-11,38,5,7,62,-1912,6
12,-10,36,5,6,60,-1932,5
10,-11,33,3,4,57,-1890,2
9,-13,29,2,4,54,-1794,1
7,-11,30,4,4,55,-1942,1
6,-9,29,4,2,53,-1940,0
4,-10,27,4,1,51,-1903,0
2,-10,26,4,0,51,-1963,-1
0,-8,26,5,0,50,-2109,-1
0,-11,23,3,-2,47,-1937,-4
0,-12,21,3,-2,45,-1904,-5
-1,-11,20,2,-3,44,-1918,-6
-2,-10,17,1,-5,42,-1860,-8
-4,-11,13,0,-6,38,-1720,-11
-6,-11,13,1,-6,38,-1876,-10
-7,-9,12,1,-7,37,-1900,-11
-8,-8,12,1,-8,36,-1884,-12
-9,-7,13,2,-7,37,-1920,-11
-10,-6,14,3,-8,37,-2083,-11
-12,-8,9,1,-11,33,-1981,-14
-12,-9,8,0,-11,32,-1957,-15
-12,-9,8,0,-11,31,-1947,-15
-11,-10,7,0,-12,31,-2019,-16
-10,-11,6,-1,-11,30,-2061,-16
-10,-10,7,0,-9,31,-2236,-14
-11,-10,7,0,-11,31,-2269,-15
-11,-9,7,0,-11,31,-2225,-15
-12,-9,8,1,-10,32,-2295,-14
-13,-8,9,2,-10,33,-2413,-13
-12,-9,8,0,-12,31,-2204,-16
-12,-9,8,0,-11,31,-2151,-15
-11,-9,8,0,-11,31,-2211,-15
-11,-9,7,0,-12,30,-2223,-16
-10,-11,5,-1,-11,30,-2091,-17
-10,-10,7,0,-10,31,-2218,-15
-11,-9,7,0,-11,31,-2222,-15
-11,-9,7,0,-11,31,-2187,-15
-11,-9,8,1,-10,32,-2232,-14
-12,-7,10,2,-10,33,-2383,-13
-12,-8,8,0,-12,31,-2230,-15
-11,-9,7,0,-11,31,-2164,-15
-11,-9,7,0,-10,31,-2180,-15
-11,-10,7,0,-11,30,-2133,-16
-10,-11,5,-1,-11,29,-1967,-16
-10,-10,7,0,-9,31,-2107,-14
-11,-9,7,0,-11,31,-2167,-14
-11,-9,7,0,-11,31,-2110,-14
-11,-9,8,1,-10,32,-2167,-13
-12,-8,9,2,-11,33,-2341,-13
-12,-8,8,0,-12,31,-2175,-15
-11,-9,7,0,-11,31,-2134,-15
-11,-9,7,0,-11,31,-2158,-15
-11,-9,7,0,-11,30,-2123,-15
-10,-11,5,-1,-11,29,-1990,-16
-10,-10,7,0,-10,31,-2098,-14
-11,-10,7,0,-11,31,-2123,-14
-11,-9,7,0,-10,31,-2099,-14
-11,-9,8,1,-10,32,-2150,-13
-12,-8,9,2,-10,33,-2312,-13
-12,-8,7,1,-12,31,-2180,-15
-12,-9,7,0,-11,31,-2102,-15
-11,-9,7,0,-11,31,-2165,-15
-11,-9,6,0,-12,30,-2145,-16
-10,-10,5,-1,-11,29,-2002,-16
-10,-10,7,0,-9,31,-2149,-14
-11,-9,7,0,-10,31,-2195,-15
-11,-9,7,0,-10,31,-2155,-14
-11,-9,8,1,-10,32,-2169,-13
-13,-7,9,2,-10,32,-2328,-13
-12,-8,8,1,-12,30,-2214,-15
-11,-9,7,0,-11,31,-2172,-15
-11,-9,7,0,-11,30,-2218,-15
-11,-9,6,0,-12,30,-2197,-16
-10,-10,5,-1,-11,29,-2072,-16
-10,-10,6,0,-9,30,-2197,-15
-10,-10,7,0,-10,31,-2227,-14
-11,-9,7,0,-10,31,-2226,-14
-11,-8,7,1,-10,31,-2322,-14
-13,-7,9,2,-10,32,-2470,-13
-12,-8,7,0,-12,30,-2302,-15
-11,-8,7,0,-11,30,-2215,-15
-11,-9,7,0,-11,31,-2291,-15
-11,-9,7,0,-11,30,-2249,-15
-10,-10,5,-1,-11,29,-2057,-16
-10,-10,6,0,-9,30,-2117,-14
-11,-9,7,0,-10,30,-2132,-14
-11,-9,7,0,-10,30,-2101,-14
-11,-9,8,1,-10,31,-2141,-14
-12,-7,9,2,-10,32,-2271,-13
-12,-8,8,1,-12,30,-2178,-15
-11,-9,7,1,-11,30,-2122,-15
-11,-9,7,0,-10,30,-2161,-15
-10,-9,7,0,-11,30,-2124,-15
-10,-11,5,-1,-11,28,-1964,-16
-10,-10,6,0,-9,30,-2047,-15
-11,-9,7,0,-10,30,-2135,-14
-11,-9,7,0,-10,30,-2097,-14
-11,-9,8,0,-10,31,-2109,-13
-12,-7,9,2,-10,32,-2268,-12
-12,-8,8,0,-12,30,-2198,-15
-12,-8,7,0,-11,30,-2167,-14
-11,-9,7,0,-10,30,-2183,-14
-10,-9,7,0,-11,29,-2114,-15
-10,-10,5,-1,-11,28,-1935,-16
-10,-10,6,0,-9,30,-1989,-14
-11,-9,7,0,-10,30,-2062,-14
-11,-9,7,0,-10,30,-2078,-14
-11,-8,7,1,-9,30,-2106,-13
-12,-7,9,2,-9,31,-2260,-12
-12,-8,8,0,-12,30,-2129,-14
-12,-8,7,0,-11,30,-1993,-14
-11,-8,7,0,-11,30,-2073,-15
-10,-9,6,0,-11,30,-2072,-15
-9,-10,5,-1,-11,28,-1918,-16
-9,-10,6,0,-9,29,-2014,-14
-11,-9,7,0,-10,30,-2121,-14
-11,-9,7,0,-10,30,-2063,-14
-11,-8,7,0,-10,30,-2111,-13
-11,-7,9,2,-10,31,-2296,-12
-11,-8,8,1,-12,30,-2214,-14
-11,-8,7,0,-11,30,-2124,-14
-11,-9,7,0,-10,30,-2165,-14
-10,-9,6,0,-11,29,-2177,-15
-10,-10,5,-1,-11,27,-2081,-16
-10,-10,6,0,-9,29,-2141,-14
-10,-9,7,0,-9,30,-2163,-14
-11,-9,7,0,-10,29,-2111,-14
-11,-8,7,0,-9,30,-2182,-13
-10,-6,11,2,-8,33,-2325,-11
-8,-5,14,2,-8,36,-2244,-10
-6,-5,15,2,-6,38,-2104,-9
-4,-4,18,2,-5,40,-2160,-7
0,-5,21,3,-3,43,-2118,-5
4,-8,23,2,0,46,-1957,-2
6,-8,27,3,3,50,-2055,0
7,-6,30,4,4,53,-2146,2
9,-6,33,5,5,55,-2064,5
10,-7,35,6,6,57,-2123,6
9,-3,38,8,7,60,-2301,8
10,-2,38,7,5,60,-2256,7
12,-5,38,6,7,60,-2138,7
13,-6,38,6,8,61,-2077,8
13,-6,38,6,7,61,-2072,7
14,-7,37,4,7,59,-2009,6
14,-7,38,5,9,60,-2086,8
13,-7,37,6,8,60,-2199,8
13,-9,36,6,8,59,-2173,7
13,-10,36,6,8,59,-2188,8
12,-9,38,7,8,60,-2306,9
11,-9,36,6,6,58,-2239,7
11,-8,34,5,5,56,-2160,5
10,-7,34,5,5,56,-2201,5
10,-8,34,5,5,56,-2160,5
11,-9,31,3,4,53,-1966,3
9,-10,29,3,5,52,-1961,3
8,-10,29,4,4,51,-2142,2
7,-10,28,4,3,50,-2151,2
5,-11,26,3,2,48,-2173,1
3,-9,26,5,2,48,-2328,1
1,-7,24,4,-1,46,-2255,-1
1,-9,22,3,-2,44,-2088,-3
0,-10,19,2,-2,41,-2153,-4
-1,-9,17,2,-3,40,-2171,-6
-1,-9,15,0,-5,37,-2013,-8
-2,-10,14,0,-4,36,-2038,-8
-6,-9,11,1,-6,34,-2194,-9
-8,-7,10,1,-7,33,-2209,-10
-9,-7,9,0,-8,31,-2203,-12
-12,-7,8,1,-9,30,-2293,-12
-12,-7,7,1,-11,28,-2244,-14
-11,-8,6,0,-11,28,-2069,-15
-11,-8,6,0,-11,28,-2026,-15
-11,-8,6,0,-11,28,-2081,-15
-10,-9,4,-1,-11,27,-1978,-16
-10,-9,5,0,-9,28,-2063,-14
-11,-9,6,0,-9,28,-2201,-14
-11,-9,6,0,-10,28,-2119,-14
-11,-9,6,0,-10,28,-2105,-13
-12,-7,8,2,-9,30,-2187,-12
-12,-7,7,1,-11,29,-2182,-13
-11,-8,6,0,-11,28,-2049,-14
-11,-8,6,0,-11,28,-2089,-14
-10,-8,6,0,-11,27,-2081,-15
-10,-10,4,-1,-11,26,-1986,-16
-9,-10,5,-1,-9,27,-1958,-14
-10,-9,6,0,-10,28,-2057,-13
-10,-9,5,0,-10,28,-1971,-14
-11,-8,6,0,-9,28,-1993,-13
-12,-7,8,2,-9,30,-2183,-12
-12,-7,7,1,-11,28,-2083,-14
-11,-8,6,0,-11,28,-1904,-14
-10,-8,6,0,-10,28,-2049,-14
-11,-8,6,0,-11,28,-2118,-15
-10,-10,4,-1,-11,26,-2066,-16
-9,-10,4,-1,-10,27,-2100,-14
-10,-9,5,0,-9,28,-2250,-13
-10,-9,6,0,-10,27,-2176,-13
-11,-8,6,0,-10,28,-2147,-13
-12,-7,8,2,-9,29,-2265,-12
-12,-7,7,1,-11,28,-2265,-13
-11,-8,6,0,-11,27,-2111,-14
-10,-8,6,0,-10,28,-2124,-14
-10,-8,6,0,-10,28,-2129,-14
-10,-9,4,-1,-11,26,-1986,-16
-12,-10,7,0,-11,23,-1910,-17
-18,-11,16,1,-16,16,-2006,-21
-23,-14,24,4,-20,9,-2035,-26
-28,-16,31,5,-23,3,-2083,-31
-33,-14,37,8,-25,0,-2244,-33
-32,-6,31,6,-26,5,-2242,-31
-25,0,18,1,-21,16,-2024,-25
-13,14,-3,-4,-10,37,-2041,-11
5,40,-39,-15,4,73,-2001,11
29,64,-81,-27,23,112,-1934,35
55,85,-124,-38,44,154,-1939,64
80,108,-165,-48,65,196,-2006,93
105,130,-207,-59,84,238,-1980,120
130,151,-249,-70,105,279,-1927,147
155,172,-288,-79,125,321,-1924,176
181,186,-327,-88,143,358,-1955,200
207,190,-361,-96,162,389,-1668,222
228,188,-385,-101,178,413,-1502,241
244,190,-405,-105,189,433,-1421,255
254,193,-420,-110,195,444,-1310,263
261,185,-424,-110,201,448,-1276,268
262,175,-418,-106,202,446,-1420,268
258,166,-409,-103,198,436,-1395,263
249,157,-394,-99,191,421,-1435,253
236,148,-372,-92,182,403,-1638,242
222,134,-348,-86,169,379,-1691,225
204,115,-317,-78,154,346,-1517,203
183,94,-280,-68,137,309,-1559,179
158,72,-239,-58,118,268,-1602,153
133,45,-195,-48,96,223,-1549,123
108,16,-150,-35,77,179,-1525,95
81,-3,-106,-22,57,138,-1698,68
55,-21,-65,-12,37,98,-1659,41
28,-39,-24,-2,16,57,-1724,14
0,-55,5,2,-4,17,-1868,-12
-28,-77,11,2,-28,-29,-1889,-44
-54,-91,10,1,-48,-67,-1743,-70
-69,-79,10,1,-57,-78,-1792,-81
-71,-63,10,1,-58,-73,-1790,-80
-60,-53,9,0,-50,-56,-1706,-69
-45,-40,8,0,-37,-32,-1814,-53
-32,-28,10,0,-26,-9,-2131,-37
-21,-19,10,0,-18,8,-2115,-25
-14,-11,10,0,-12,21,-1995,-17
-13,-9,12,2,-11,24,-1881,-14
-14,-8,12,2,-12,24,-1882,-15
-13,-9,10,1,-13,22,-1726,-16
-12,-10,10,1,-12,23,-1718,-16
-12,-10,10,0,-12,23,-1682,-16
-12,-11,8,0,-13,22,-1590,-18
-11,-11,8,0,-11,22,-1531,-17
-12,-10,10,1,-11,23,-1736,-16
-12,-10,10,1,-11,23,-1757,-16
-13,-10,10,1,-11,23,-1773,-16
-13,-9,11,2,-11,24,-1875,-14
-14,-8,12,2,-12,24,-1870,-15
-13,-9,10,1,-13,22,-1690,-16
-13,-9,10,1,-12,23,-1778,-16
-13,-9,10,1,-12,22,-1823,-16
-12,-10,8,0,-13,21,-1783,-17
-11,-11,8,0,-11,21,-1734,-17
-12,-10,10,0,-11,23,-1860,-15
-13,-10,10,1,-11,23,-1851,-16
-12,-10,10,1,-11,23,-1953,-15
-13,-9,12,2,-10,24,-2149,-14
-15,-8,12,3,-12,24,-2234,-15
-13,-9,10,1,-13,23,-2066,-16
-13,-9,10,1,-12,23,-2097,-16
-13,-9,10,0,-12,23,-2058,-16
-12,-10,8,0,-13,22,-1789,-17
-11,-11,8,0,-11,21,-1542,-16
-12,-10,10,0,-10,23,-1675,-15
-12,-10,10,1,-11,23,-1654,-15
-12,-10,10,1,-11,23,-1523,-15
-13,-9,11,2,-10,23,-1571,-14
-14,-8,11,3,-12,24,-1806,-15
-13,-9,10,1,-13,22,-1733,-16
-13,-9,10,1,-12,22,-1754,-16
-13,-9,10,1,-12,22,-1803,-16
-12,-10,9,0,-12,21,-1744,-17
-11,-11,8,0,-11,21,-1616,-16
-12,-10,9,0,-10,22,-1718,-15
-12,-10,10,1,-11,22,-1742,-15
-12,-9,11,1,-10,24,-1802,-15
-11,-7,15,3,-8,27,-1934,-12
-11,-6,16,3,-9,28,-2047,-11
-10,-7,15,2,-9,28,-1874,-12
-8,-6,18,3,-7,31,-1778,-11
-7,-6,19,3,-7,32,-1756,-10
-5,-9,19,2,-6,32,-1713,-9
-3,-10,18,1,-5,31,-1640,-9
-4,-9,20,2,-4,32,-1818,-7
-3,-9,21,3,-4,34,-1830,-7
-2,-7,24,4,-3,36,-1820,-5
-2,-6,25,5,-2,38,-1875,-4
-2,-6,26,6,-3,38,-1987,-3
-1,-7,25,4,-3,38,-1807,-4
0,-9,26,4,-1,39,-1822,-4
0,-7,27,4,-1,40,-1978,-3
1,-5,28,4,-1,40,-2015,-3
3,-8,28,3,0,41,-1881,-2
4,-8,30,5,2,43,-1947,0
4,-8,31,5,1,43,-1971,0
5,-7,33,5,2,46,-1971,1
7,-4,38,8,4,51,-2022,5
9,-1,44,10,6,55,-2087,8
12,-1,46,9,7,58,-1876,9
14,0,48,10,8,60,-1990,10
16,0,51,10,10,62,-2048,12
19,1,54,10,11,66,-1992,14
23,2,58,10,15,70,-1823,17
26,4,64,13,18,76,-1942,22
28,6,68,14,20,80,-1946,24
31,6,71,15,22,83,-1912,26
33,7,76,17,24,87,-1928,30
34,10,81,19,25,92,-2107,33
38,11,84,19,27,95,-1946,34
41,13,88,19,29,99,-1852,37
44,14,92,20,32,103,-1868,40
48,13,94,19,33,105,-1849,41
51,12,96,19,36,107,-1714,43
51,13,99,21,38,111,-1860,46
53,14,102,22,39,113,-1827,48
54,15,104,23,40,115,-1757,49
55,14,106,23,41,117,-1839,51
54,15,107,24,41,117,-2075,52
55,14,106,23,40,116,-1921,50
58,14,109,23,42,119,-1849,52
59,15,109,23,42,120,-1839,52
59,14,108,22,41,119,-1807,52
59,13,106,21,42,117,-1683,51
57,12,105,22,42,116,-1847,51
56,11,104,22,40,115,-1817,50
55,9,102,22,40,113,-1823,49
53,10,101,22,39,111,-1992,49
44,0,82,14,31,94,-1339,35
41,2,80,16,30,92,-1441,35
39,0,77,15,27,88,-1569,32
37,-3,74,14,26,85,-1586,30
34,-4,70,14,24,81,-1660,29
32,-6,67,14,22,78,-1926,26
31,-10,62,11,20,73,-1858,22
28,-13,58,10,19,69,-1825,20
26,-13,54,9,16,65,-1886,17
23,-10,51,8,14,63,-1833,15
22,-12,47,6,13,59,-1641,12
20,-11,46,7,13,59,-1794,13
18,-12,44,7,11,56,-1858,11
16,-12,42,7,10,54,-1820,9
14,-11,42,7,9,54,-1847,9
11,-9,40,8,7,51,-1985,8
10,-10,36,6,4,48,-1854,4
9,-10,35,6,4,47,-1844,4
7,-11,32,5,3,44,-1883,1
6,-12,30,4,1,42,-1834,0
6,-12,27,2,1,40,-1695,-1
4,-10,28,4,1,40,-1811,0
2,-11,25,4,0,38,-1800,-2
0,-10,24,3,-1,36,-1771,-3
0,-10,24,4,-1,36,-1787,-3
-2,-10,23,5,-2,35,-1910,-3
-3,-11,20,3,-5,32,-1730,-7
-3,-11,19,3,-4,31,-1578,-7
-5,-9,17,2,-6,29,-1573,-9
-7,-10,13,1,-8,25,-1568,-12
-7,-11,11,0,-9,23,-1454,-14
-9,-9,11,0,-8,23,-1568,-13
-11,-8,10,0,-10,23,-1607,-14
-11,-8,11,1,-10,23,-1532,-13
-12,-8,11,1,-9,23,-1600,-13
-14,-7,9,2,-11,21,-1796,-14
-14,-9,7,1,-13,19,-1662,-17
-14,-9,7,0,-12,18,-1622,-17
-14,-9,6,0,-13,18,-1652,-17
-13,-10,6,0,-13,18,-1572,-18
-12,-11,4,-1,-13,17,-1552,-18
-13,-10,6,0,-11,18,-1808,-16
-13,-10,6,0,-12,18,-1890,-16
-13,-9,6,0,-12,18,-1841,-16
-14,-9,7,1,-11,19,-1878,-15
-15,-8,8,3,-12,20,-2056,-14
-15,-9,7,1,-13,18,-1883,-17
-14,-9,7,0,-13,18,-1769,-17
-14,-9,6,0,-12,18,-1766,-17
-13,-10,6,0,-13,17,-1735,-17
-13,-11,4,-1,-13,16,-1603,-18
-13,-10,6,0,-11,18,-1778,-16
-13,-10,6,0,-12,18,-1874,-16
-13,-10,6,0,-12,18,-1635,-16
-14,-9,7,1,-11,19,-1070,-15
-15,-8,9,2,-11,20,-881,-15
-15,-8,7,1,-13,18,-746,-17
-14,-9,6,0,-12,18,-725,-17
-14,-9,6,0,-12,18,-708,-17
-14,-9,6,0,-12,17,-634,-17
-13,-11,4,-1,-13,17,-571,-18
-13,-10,5,0,-11,18,-932,-16
-13,-10,6,0,-11,18,-1128,-16
-13,-10,6,0,-11,18,-1135,-16
-14,-9,7,1,-11,19,-1178,-15
-15,-8,8,2,-11,20,-1335,-14
-15,-8,7,1,-13,18,-1187,-16
-14,-9,7,0,-13,18,-1129,-16
-14,-9,6,0,-12,18,-1191,-17
-13,-9,6,0,-13,18,-1184,-17
-12,-11,4,-1,-13,16,-1034,-18
-12,-10,5,0,-11,18,-1151,-16
-13,-10,6,0,-11,18,-1243,-16
-13,-10,6,0,-11,18,-1197,-16
-14,-9,7,0,-11,19,-1192,-15
-14,-7,8,2,-11,20,-1353,-15
-14,-8,7,1,-13,18,-1251,-16
-14,-9,6,0,-12,18,-1095,-17
-13,-9,6,0,-12,18,-918,-16
-13,-9,6,0,-13,17,-781,-17
-12,-11,4,-1,-13,16,-591,-18
-12,-10,6,0,-11,18,-645,-16
-13,-10,6,0,-11,18,-760,-16
-13,-9,6,0,-11,18,-734,-15
-13,-9,7,0,-11,18,-755,-15
-15,-8,8,2,-11,20,-928,-14
-15,-8,7,1,-13,18,-853,-16
-13,-9,6,0,-12,18,-737,-16
-13,-9,6,0,-12,18,-757,-16
-13,-9,6,0,-12,17,-744,-17
-12,-10,4,-1,-12,16,-585,-18
-12,-10,5,0,-10,18,-653,-16
-13,-9,6,0,-11,18,-776,-15
-13,-9,6,0,-11,18,-746,-16
-13,-9,7,0,-11,18,-754,-15
-15,-8,8,2,-11,20,-920,-14
-14,-8,7,1,-13,18,-872,-16
-13,-9,6,0,-12,18,-765,-16
-13,-9,6,0,-12,18,-791,-16
-13,-9,6,0,-12,17,-764,-17
-12,-10,4,-1,-13,16,-582,-18
-12,-10,5,0,-11,17,-624,-16
-12,-10,6,0,-11,18,-777,-16
-13,-9,6,0,-11,18,-772,-16
-13,-9,6,1,-11,18,-827,-15
-14,-8,8,2,-11,19,-1013,-14
-14,-8,7,1,-13,18,-990,-16
-13,-9,6,0,-12,18,-899,-16
-13,-9,6,0,-12,18,-922,-16
-13,-9,6,0,-12,17,-904,-16
-12,-10,4,-1,-12,16,-757,-17
-12,-10,5,0,-10,17,-760,-16
-13,-10,6,0,-11,17,-826,-15
-13,-9,6,0,-11,18,-776,-15
-12,-9,6,0,-11,18,-771,-15
-14,-8,8,2,-11,19,-933,-14
-14,-8,7,1,-13,18,-887,-16
-13,-8,6,0,-12,17,-757,-16
-13,-9,6,0,-12,18,-791,-16
-13,-9,6,0,-12,17,-816,-16
-12,-10,4,-1,-12,16,-763,-17
-12,-10,5,0,-10,17,-836,-16
-13,-9,6,0,-11,17,-933,-15
-13,-9,6,0,-11,17,-843,-15
-13,-9,6,0,-11,18,-818,-15
-14,-8,8,2,-10,19,-1008,-13
-14,-7,7,1,-12,18,-1021,-15
-13,-8,6,1,-12,17,-904,-16
-13,-9,6,0,-12,17,-958,-16
-13,-9,6,0,-12,17,-1002,-16
-12,-10,4,-1,-13,16,-890,-17
-12,-10,5,0,-10,17,-831,-16
-13,-9,6,0,-11,17,-909,-15
-13,-9,6,0,-11,17,-868,-15
-13,-9,6,0,-11,18,-883,-15
-14,-8,8,2,-10,19,-1055,-14
-14,-8,7,1,-12,18,-1050,-16
-13,-9,6,0,-12,17,-909,-16
-13,-9,6,0,-12,17,-934,-16
-13,-9,5,0,-12,16,-930,-16
-12,-10,4,-1,-12,15,-798,-17
-12,-10,5,0,-10,17,-799,-16
-12,-9,6,0,-11,17,-923,-15
-12,-9,6,0,-11,17,-891,-15
-12,-8,8,1,-10,19,-910,-14
-10,-5,13,3,-8,24,-1027,-10
-9,-4,15,3,-8,26,-992,-10
-7,-4,16,2,-7,27,-846,-9
-4,-4,19,3,-4,30,-856,-7
0,-6,23,3,-2,34,-845,-4
3,-8,25,3,0,36,-697,-2
5,-7,28,4,2,39,-695,0
7,-7,32,5,4,43,-842,3
9,-8,33,5,5,45,-782,4
9,-6,35,6,5,46,-793,5
8,-2,38,8,6,49,-960,7
9,-3,38,8,5,48,-1008,6
11,-5,38,7,6,49,-853,7
11,-6,38,6,6,49,-879,7
11,-6,37,6,6,48,-870,6
12,-7,36,5,6,47,-716,5
13,-7,36,5,8,48,-687,6
12,-9,36,5,7,47,-808,7
11,-11,35,5,7,46,-761,6
11,-11,35,6,7,46,-779,6
10,-9,37,7,7,47,-922,8
8,-7,35,7,4,45,-1019,5
8,-7,33,5,3,44,-1025,4
8,-8,33,5,4,44,-1109,4
8,-8,33,5,4,43,-1116,3
8,-10,28,3,2,40,-1003,0
7,-11,28,3,3,39,-984,1
6,-10,28,4,3,39,-1138,1
4,-11,26,3,1,37,-1109,0
3,-11,24,4,1,35,-1112,-1
0,-8,24,5,0,35,-1257,0
0,-8,22,4,-2,33,-1268,-3
-2,-10,19,2,-3,29,-1120,-6
-3,-10,18,2,-3,28,-1137,-6
-4,-8,16,1,-5,27,-1142,-8
-5,-9,13,0,-7,24,-1022,-10
-6,-10,11,0,-6,22,-974,-11
-9,-8,10,1,-8,21,-1120,-12
-11,-7,9,1,-9,20,-1082,-13
-13,-8,6,0,-10,18,-1045,-14
-14,-8,7,1,-10,18,-1187,-13
-14,-7,7,1,-12,17,-1200,-15
-13,-8,5,0,-12,16,-949,-16
-13,-8,5,0,-12,16,-943,-16
-13,-8,5,0,-12,16,-979,-16
-12,-10,4,-1,-12,15,-950,-17
-12,-10,4,-1,-11,15,-932,-16
-12,-9,5,0,-11,16,-1144,-15
-12,-9,5,0,-11,16,-1148,-15
-12,-9,5,0,-11,16,-1102,-15
-13,-7,7,1,-10,18,-1167,-14
-14,-7,7,1,-12,17,-1191,-15
-13,-8,5,0,-12,16,-1015,-16
-13,-8,5,0,-11,16,-1051,-16
-13,-9,5,0,-11,16,-1041,-16
-12,-9,4,-1,-12,15,-923,-17
-11,-10,4,-1,-11,15,-874,-16
-12,-9,5,0,-10,16,-1057,-15
-13,-9,5,0,-11,16,-1050,-15
-13,-8,5,0,-11,16,-1022,-14
-14,-7,7,2,-10,17,-1128,-13
-14,-7,7,1,-12,17,-1187,-15
-13,-7,5,0,-12,16,-1009,-15
-13,-8,5,0,-12,16,-1022,-16
-13,-9,5,0,-12,16,-1032,-16
-12,-9,3,-1,-13,15,-919,-17
-11,-10,4,-1,-11,15,-842,-16
-11,-9,5,0,-10,16,-984,-15
-13,-9,5,0,-11,16,-960,-15
-13,-9,5,0,-11,16,-980,-15
-13,-7,7,1,-10,17,-1120,-13
-14,-7,7,1,-12,17,-1162,-14
-13,-8,6,0,-12,16,-935,-15
-13,-8,6,0,-11,16,-917,-15
-13,-8,5,0,-12,16,-885,-16
-13,-9,5,-1,-14,13,-833,-18
-18,-11,12,0,-15,6,-818,-22
-23,-14,21,3,-18,0,-983,-26
-28,-16,28,5,-23,-6,-856,-31
-33,-16,35,6,-26,-12,-651,-35
-34,-9,33,6,-26,-8,-645,-32
-30,0,23,4,-23,1,-695,-27
-20,9,4,-1,-16,17,-519,-17
-3,32,-28,-11,-1,49,-510,2
18,57,-68,-22,15,89,-472,27
44,79,-111,-35,35,129,-452,53
71,100,-154,-46,57,171,-538,81
96,122,-195,-56,78,213,-546,110
121,144,-237,-66,97,254,-387,137
146,165,-278,-77,117,296,-317,165
171,182,-316,-85,138,335,-548,193
197,190,-351,-93,156,369,-788,216
220,188,-379,-99,172,395,-627,234
237,189,-400,-104,185,416,-631,250
249,193,-417,-108,193,431,-618,261
257,189,-424,-110,197,436,-523,265
261,177,-422,-108,200,434,-450,266
258,168,-414,-104,198,428,-673,264
250,160,-400,-100,192,415,-730,255
239,150,-381,-95,183,397,-750,243
225,138,-357,-88,173,376,-852,229
208,122,-328,-79,159,347,-894,210
187,100,-292,-71,141,309,-685,185
164,79,-252,-61,123,270,-722,160
138,54,-208,-50,102,227,-776,132
113,25,-164,-38,81,181,-711,102
88,1,-121,-27,62,138,-601,73
61,-16,-79,-15,43,99,-815,48
35,-34,-38,-5,22,59,-841,21
8,-51,-2,0,0,17,-860,-6
-21,-71,10,2,-21,-26,-978,-35
-49,-89,11,3,-43,-68,-1143,-63
-68,-84,10,1,-57,-88,-1015,-81
-74,-67,10,1,-60,-87,-1038,-82
-67,-56,10,1,-54,-73,-1093,-74
-52,-44,8,0,-44,-50,-1043,-60
-37,-33,8,0,-31,-27,-885,-44
-26,-23,9,1,-21,-7,-1031,-30
-17,-13,9,1,-15,7,-1040,-20
-15,-10,9,1,-13,11,-1055,-17
-15,-9,10,2,-12,13,-1172,-16
-16,-9,11,3,-13,13,-1311,-16
-15,-9,9,1,-14,12,-1197,-18
-15,-9,9,1,-13,12,-1231,-18
-15,-10,10,1,-13,11,-1263,-17
-14,-10,9,0,-14,11,-1219,-18
-13,-11,8,0,-13,10,-1052,-18
-14,-11,9,0,-12,11,-1201,-17
-15,-10,9,1,-12,12,-1217,-17
-15,-10,9,1,-12,12,-1187,-17
-15,-9,11,2,-12,13,-1281,-16
-16,-8,11,3,-13,13,-1455,-16
-15,-9,10,2,-14,12,-1276,-18
-14,-10,9,1,-13,12,-1274,-18
-14,-9,9,1,-13,11,-1316,-18
-14,-10,8,0,-13,10,-1220,-19
-13,-11,7,0,-12,10,-1061,-18
-14,-11,9,1,-11,12,-1170,-17
-14,-10,9,1,-12,11,-1150,-17
-14,-10,9,1,-12,12,-1204,-17
-15,-10,10,2,-11,12,-1320,-16
-16,-8,11,3,-12,13,-1480,-16
-15,-9,9,1,-14,11,-1293,-18
-15,-10,9,1,-13,11,-1273,-17
-15,-10,9,1,-13,11,-1302,-18
-14,-10,8,0,-13,10,-1242,-18
-13,-11,7,0,-13,10,-1113,-18
-14,-10,9,0,-12,11,-1277,-16
-14,-10,9,0,-12,11,-1333,-17
-14,-10,9,1,-12,11,-1301,-17
-15,-9,10,2,-11,12,-1336,-15
-16,-8,11,3,-12,13,-1466,-15
-15,-9,9,1,-13,11,-1279,-17
-15,-9,9,1,-13,11,-1259,-17
-15,-10,9,1,-13,11,-1264,-18
-14,-10,8,0,-13,10,-1114,-18
-13,-11,8,0,-13,10,-965,-18
-14,-11,9,1,-12,11,-1103,-17
-14,-10,9,1,-12,12,-1120,-17
-12,-8,12,1,-11,15,-1070,-15
-12,-7,14,3,-10,16,-1088,-13
-13,-6,16,4,-10,17,-1251,-12
-10,-6,17,3,-10,19,-1190,-12
-8,-6,18,3,-8,20,-1215,-11
-7,-8,19,3,-7,21,-1258,-10
-5,-9,19,2,-7,21,-1195,-10
-5,-10,18,1,-6,21,-984,-10
-5,-9,20,3,-4,23,-1074,-8
-3,-8,23,4,-4,25,-1068,-7
-3,-7,24,4,-4,26,-939,-6
-3,-7,25,5,-3,27,-940,-5
-4,-6,26,6,-3,28,-1002,-4
-1,-9,26,4,-3,28,-816,-5
-1,-8,27,5,-2,28,-773,-4
0,-6,28,5,-2,30,-808,-4
0,-6,28,4,-2,30,-794,-4
2,-9,28,3,0,31,-644,-3
2,-8,29,5,0,32,-773,-1
3,-8,31,6,1,33,-806,0
5,-6,35,7,3,37,-795,1
7,-3,40,8,5,42,-839,5
9,0,46,11,7,47,-1012,9
12,0,47,10,6,48,-849,9
13,0,49,10,8,50,-742,10
16,1,53,10,10,54,-783,12
20,2,57,11,12,58,-763,15
23,3,60,11,15,62,-641,18
25,6,66,14,19,67,-777,22
28,6,69,15,20,71,-755,25
31,6,73,16,22,74,-678,27
33,8,78,17,25,79,-734,31
35,12,83,20,27,84,-908,34
38,12,86,19,27,87,-771,35
42,14,90,20,30,91,-711,38
44,13,94,20,32,94,-750,40
48,13,96,21,34,96,-762,42
50,12,97,20,35,98,-567,43
51,14,100,22,38,102,-510,46
52,15,102,23,38,104,-443,48
53,14,103,23,39,105,-397,49
54,13,105,23,40,106,-479,50
53,14,107,25,40,107,-623,51
55,15,108,23,39,107,-458,50
57,15,109,24,42,109,-434,51
57,14,109,24,42,109,-526,51
57,14,107,23,40,108,-522,50
56,12,104,21,39,105,-358,48
55,12,103,22,40,104,-468,49
54,9,102,22,39,102,-489,48
52,9,100,21,38,101,-326,47
51,8,98,21,37,99,-321,46
47,9,98,22,36,98,-539,45
47,7,94,20,33,94,-422,42
45,6,91,19,33,91,-369,40
44,3,88,18,32,88,-422,38
43,1,83,16,29,84,-413,35
41,1,79,15,28,81,-277,32
38,0,77,15,28,79,-419,32
36,-2,74,14,25,75,-508,30
34,-4,70,13,24,71,-477,27
32,-6,67,13,22,68,-644,25
29,-9,65,13,21,66,-948,25
27,-12,59,11,17,60,-712,20
25,-13,55,10,16,56,-601,17
22,-11,52,9,14,54,-635,15
19,-10,49,8,12,51,-573,13
19,-12,45,6,10,47,-376,10
17,-12,44,7,11,46,-494,10
15,-13,42,7,9,44,-616,9
13,-12,41,7,8,43,-577,8
11,-10,39,7,7,41,-587,7
8,-9,38,8,5,40,-776,6
7,-9,35,7,3,37,-665,3
6,-10,33,6,2,34,-602,1
4,-11,30,5,1,32,-769,0
3,-11,29,4,0,30,-613,-1
3,-11,26,3,0,28,-316,-3
1,-11,25,3,0,28,-449,-3
0,-11,23,3,-1,26,-597,-4
-1,-10,23,3,-2,25,-627,-5
-2,-11,22,3,-2,24,-763,-5
-4,-11,21,5,-3,23,-1066,-5
-5,-10,19,3,-6,21,-897,-9
-6,-9,17,3,-7,19,-781,-10
-8,-10,14,2,-8,16,-907,-12
-10,-10,12,1,-10,14,-916,-14
-10,-10,9,0,-11,12,-729,-16
-12,-8,10,0,-10,12,-716,-15
-12,-8,10,1,-10,12,-595,-14
-12,-8,10,1,-11,13,-606,-15
-14,-9,8,1,-12,10,-802,-16
-16,-8,8,2,-13,9,-974,-16
-16,-8,7,1,-15,8,-635,-18
-15,-9,6,0,-13,8,-402,-18
-16,-10,6,0,-13,8,-468,-18
-15,-10,5,0,-14,8,-514,-19
-14,-11,4,-1,-14,6,-427,-20
-14,-10,5,0,-12,8,-602,-18
-15,-10,6,0,-13,8,-845,-18
-15,-10,6,0,-13,8,-1003,-17
-15,-9,6,1,-13,8,-1034,-17
-16,-8,8,2,-13,9,-1129,-16
-16,-8,6,1,-14,8,-1029,-18
-16,-9,6,1,-14,8,-911,-18
-15,-9,6,0,-13,8,-938,-18
-15,-9,5,0,-14,7,-962,-19
-14,-11,4,-1,-14,6,-915,-19
-14,-11,5,0,-12,8,-1048,-18
-15,-10,6,0,-12,8,-1152,-17
-15,-10,6,0,-12,8,-1112,-17
-15,-9,6,1,-12,9,-1132,-17
-16,-8,8,2,-12,10,-1294,-16
-16,-8,7,1,-14,8,-1170,-18
-15,-9,6,0,-14,8,-1032,-18
-15,-9,6,0,-13,8,-1137,-18
-15,-9,5,0,-14,7,-1108,-18
-14,-11,4,-1,-13,6,-960,-19
-14,-11,5,0,-12,7,-996,-18
-15,-10,6,0,-12,8,-1066,-17
-15,-10,6,0,-12,8,-1129,-17
-15,-9,6,1,-12,8,-1001,-17
-16,-8,8,2,-12,10,-994,-16
-16,-8,7,1,-14,9,-970,-17
-16,-9,6,0,-13,8,-916,-18
-15,-10,6,0,-13,8,-991,-17
-15,-10,5,0,-14,7,-1010,-18
-14,-11,4,-1,-14,6,-850,-19
-14,-10,5,0,-12,8,-870,-18
-14,-10,5,0,-12,8,-924,-17
-15,-10,6,0,-12,8,-859,-17
-15,-9,6,1,-12,8,-789,-16
-16,-8,8,2,-12,10,-883,-15
-16,-8,6,1,-13,8,-823,-17
-15,-9,6,1,-13,8,-762,-17
-15,-9,6,0,-13,8,-824,-18
-15,-9,6,0,-13,8,-817,-18
-14,-11,4,-1,-14,6,-668,-19
-14,-10,5,0,-12,7,-904,-17
-15,-10,5,0,-13,8,-985,-17
-15,-9,5,0,-12,8,-706,-17
-15,-9,6,1,-12,8,-748,-16
-16,-8,8,2,-12,10,-1032,-15
-16,-8,7,1,-14,8,-1021,-17
-15,-9,6,1,-13,8,-903,-18
-15,-9,6,0,-13,8,-823,-17
-15,-9,6,0,-13,8,-610,-18
-14,-10,4,-1,-13,6,-456,-19
-14,-10,5,0,-12,7,-466,-17
-14,-10,5,0,-12,8,-370,-17
-15,-9,6,0,-12,8,-267,-17
-15,-9,6,1,-12,8,-306,-16
-16,-8,7,2,-12,9,-509,-15
-16,-8,6,1,-14,8,-538,-17
-15,-9,6,0,-13,8,-416,-18
-14,-9,6,0,-13,8,-428,-17
-15,-9,5,0,-13,7,-424,-18
-14,-11,4,-1,-13,6,-283,-19
-14,-10,5,0,-12,7,-245,-18
-14,-10,6,0,-12,8,-341,-17
-15,-9,6,0,-12,8,-268,-17
-15,-9,6,0,-12,8,-264,-16
-16,-8,7,2,-12,9,-445,-15
-16,-8,7,1,-14,8,-430,-17
-15,-9,6,0,-13,8,-250,-17
-14,-9,6,0,-13,8,-281,-17
-14,-9,6,0,-13,7,-270,-17
-14,-10,4,-1,-13,6,-92,-19
-14,-10,5,0,-11,7,-77,-17
-15,-9,6,0,-12,8,-324,-16
-15,-9,6,0,-12,8,-408,-17
-15,-9,6,0,-12,8,-407,-16
-16,-8,7,2,-11,9,-543,-15
-16,-8,7,1,-14,8,-534,-17
-15,-8,6,0,-13,8,-371,-17
-15,-9,6,0,-13,8,-406,-17
-15,-9,5,0,-13,7,-432,-17
-13,-10,4,-1,-14,6,-297,-18
-13,-10,4,0,-12,7,-277,-17
-14,-10,5,0,-12,8,-450,-17
-15,-9,5,0,-12,7,-464,-17
-15,-9,6,0,-12,8,-484,-16
-16,-8,7,2,-11,9,-654,-15
-16,-8,7,2,-13,8,-666,-17
-15,-9,6,1,-13,8,-414,-17
-15,-9,6,0,-13,8,-394,-17
-15,-9,5,0,-13,7,-397,-18
-14,-10,4,0,-13,6,-244,-19
-13,-10,4,0,-11,7,-208,-17
-14,-9,5,0,-12,7,-360,-16
-14,-9,5,0,-12,8,-336,-16
-14,-9,6,1,-12,8,-317,-16
-15,-8,7,2,-11,9,-499,-15
-15,-8,7,2,-13,8,-537,-16
-15,-8,6,1,-13,8,-400,-17
-15,-9,6,0,-12,7,-452,-17
-15,-9,5,0,-13,7,-486,-17
-13,-10,4,0,-13,6,-376,-18
-12,-9,6,0,-10,9,-357,-16
-10,-7,11,1,-8,14,-521,-12
-8,-5,14,2,-8,16,-506,-11
-7,-5,17,3,-6,19,-477,-9
-5,-4,21,5,-4,23,-568,-5
-2,-5,25,5,-3,26,-561,-3
0,-6,27,5,-1,28,-284,-2
3,-6,29,6,0,31,-259,0
0,-32768,23,1376,-19631,5,-7,32
5,2,33,-331,1,7,-8,31
4,2,33,-237,1,8,-6,33
5,5,35,-204,3,7,-4,35
7,5,37,-347,4,8,-5,37
9,-6,37,7,6,39,-428,6
9,-5,39,9,7,41,-547,7
8,-5,38,8,5,40,-582,6
9,-6,37,7,4,39,-485,5
9,-6,37,6,5,38,-613,5
9,-9,35,6,5,37,-662,4
10,-12,33,4,4,35,-547,3
11,-12,33,4,6,36,-466,4
10,-11,34,5,6,36,-574,5
8,-9,33,5,4,34,-484,3
7,-8,33,6,4,34,-465,3
6,-7,34,8,5,36,-673,5
5,-7,34,7,2,35,-769,3
4,-9,29,5,1,31,-585,0
3,-10,28,4,1,30,-597,0
3,-10,27,4,0,29,-612,0
3,-12,23,2,-1,25,-514,-3
2,-13,22,2,0,24,-510,-3
0,-10,22,3,-1,24,-729,-3
-1,-10,20,3,-2,22,-709,-5
-3,-11,18,3,-4,20,-613,-6
-5,-9,18,4,-4,20,-650,-6
-7,-7,17,4,-6,19,-704,-8
-8,-8,14,2,-8,16,-586,-10
-10,-8,11,1,-9,13,-939,-12
-11,-8,9,1,-10,11,-1177,-14
-12,-9,6,0,-12,8,-1126,-16
-13,-10,4,0,-12,6,-933,-17
-14,-9,5,0,-12,7,-981,-16
-14,-9,5,0,-12,7,-839,-16
-14,-9,5,0,-12,7,-785,-16
-15,-8,7,2,-11,8,-920,-14
-16,-7,7,2,-13,8,-1078,-15
-15,-8,5,0,-13,7,-1073,-17
-15,-9,5,0,-12,7,-1168,-17
-14,-9,5,0,-13,6,-1183,-17
-14,-10,3,-1,-13,5,-1135,-18
-13,-10,3,-1,-12,6,-1101,-17
-14,-9,5,0,-11,7,-1231,-16
-14,-9,5,0,-12,7,-1143,-16
-14,-9,5,0,-12,7,-1112,-16
-15,-8,6,1,-12,8,-1148,-15
-16,-7,6,2,-13,7,-1154,-16
-15,-8,5,0,-13,6,-827,-17
-15,-8,5,0,-12,7,-676,-17
-14,-9,5,0,-13,7,-670,-17
-14,-10,4,0,-13,6,-752,-18
-13,-10,4,-1,-11,6,-918,-17
-14,-9,5,0,-11,6,-1147,-16
-14,-9,4,0,-12,6,-995,-16
-14,-9,5,0,-12,7,-1031,-16
-15,-8,6,2,-11,8,-1269,-15
-16,-7,6,2,-13,8,-1260,-15
-15,-8,5,0,-13,7,-960,-17
-15,-8,5,0,-12,7,-1042,-16
-15,-8,5,0,-13,7,-1211,-16
-14,-9,3,-1,-13,6,-1139,-18
-13,-10,3,-1,-12,5,-1032,-17
-14,-9,5,0,-11,6,-1254,-16
-14,-9,5,0,-12,7,-1267,-16
-14,-8,5,0,-12,7,-1037,-16
-15,-8,6,2,-11,8,-914,-15
-15,-7,7,2,-13,8,-932,-15
-17,-8,8,1,-15,4,-729,-18
-22,-11,15,2,-19,-3,-729,-24
-27,-14,22,4,-22,-10,-773,-29
-31,-17,28,4,-27,-19,-695,-35
-34,-17,33,5,-28,-23,-560,-38
-34,-9,29,4,-26,-17,-702,-34
-29,0,17,1,-22,-6,-655,-27
-18,12,-2,-3,-13,14,-591,-14
0,38,-36,-12,2,50,-692,8
21,64,-76,-22,20,90,-993,34
47,85,-119,-35,39,130,-871,59
73,107,-162,-46,60,172,-788,87
99,128,-205,-58,80,213,-499,114
125,149,-248,-70,100,254,-252,141
152,167,-290,-81,121,294,-151,168
177,183,-327,-89,141,333,-355,196
202,188,-360,-96,159,366,-348,219
224,187,-384,-100,175,391,-333,238
239,190,-404,-103,188,412,-410,254
249,194,-418,-106,194,426,-526,263
255,188,-423,-108,197,429,-296,266
258,176,-420,-106,199,426,-277,266
255,166,-411,-103,196,417,-299,260
247,157,-397,-100,188,401,-220,250
236,146,-379,-96,180,382,-124,237
221,134,-354,-88,170,359,-424,224
203,115,-322,-79,155,329,-626,204
181,94,-284,-69,138,292,-722,180
156,73,-242,-57,118,252,-740,154
129,49,-197,-44,97,209,-821,126
104,21,-153,-33,75,163,-589,95
79,-1,-110,-22,56,120,-613,67
53,-19,-70,-13,36,81,-648,40
27,-38,-30,-4,15,39,-621,12
1,-56,0,0,-5,-2,-649,-15
-28,-79,8,0,-26,-47,-980,-44
-55,-92,9,1,-47,-85,-1005,-70
-71,-82,9,1,-59,-99,-990,-82
-75,-64,10,2,-59,-93,-1078,-80
-67,-52,11,3,-52,-75,-1206,-70
-52,-39,10,2,-42,-52,-1062,-56
-37,-29,9,1,-30,-30,-1082,-41
-25,-20,9,1,-21,-12,-1248,-29
-17,-13,8,0,-16,0,-1258,-21
-15,-12,7,0,-14,1,-1076,-20
-16,-10,9,1,-13,3,-1233,-18
-16,-10,9,1,-13,2,-1261,-18
-16,-10,9,1,-13,3,-1276,-18
-17,-9,10,2,-13,3,-1356,-17
-18,-8,10,3,-14,4,-1483,-17
-17,-9,9,1,-16,2,-1277,-19
-17,-10,9,1,-14,3,-1212,-18
-17,-10,9,1,-14,2,-1251,-19
-16,-10,8,0,-15,1,-1176,-19
-15,-12,7,0,-14,1,-1036,-20
-16,-11,9,1,-13,3,-1190,-18
-16,-10,9,1,-14,3,-1217,-18
-16,-10,9,1,-14,2,-1199,-18
-17,-10,10,2,-13,4,-1271,-17
-18,-9,11,3,-13,4,-1421,-17
-17,-9,9,1,-15,3,-1272,-19
-17,-10,9,1,-14,2,-1319,-18
-16,-10,8,1,-14,2,-1422,-19
-16,-11,8,0,-14,2,-1367,-19
-15,-11,7,0,-14,1,-1159,-19
-15,-11,9,1,-13,2,-1113,-17
-15,-10,9,1,-14,2,-1056,-18
-16,-10,9,1,-13,3,-1042,-18
-17,-9,10,2,-13,3,-1088,-17
-17,-8,11,3,-13,4,-1218,-17
-17,-9,9,2,-14,2,-998,-18
-16,-9,9,1,-14,2,-925,-18
-16,-10,9,1,-13,2,-943,-19
-16,-10,8,0,-14,2,-946,-19
-15,-12,7,0,-13,1,-848,-20
-15,-11,8,0,-12,2,-991,-18
-16,-10,9,1,-13,2,-1041,-18
-16,-10,9,1,-13,3,-1032,-17
-16,-9,10,2,-13,3,-1045,-17
-17,-8,11,3,-13,4,-1294,-16
-17,-9,9,2,-14,2,-1258,-18
-16,-9,9,1,-14,2,-1151,-18
-16,-9,9,1,-14,2,-1135,-19
-15,-10,9,0,-14,3,-1116,-18
-13,-10,11,0,-11,4,-947,-17
-13,-9,12,1,-10,7,-1059,-15
-13,-8,14,2,-10,8,-1014,-14
-11,-7,17,3,-9,11,-886,-12
-10,-6,19,4,-7,12,-877,-10
-10,-6,21,5,-7,14,-1011,-9
-9,-8,20,4,-8,13,-870,-10
-8,-9,20,3,-8,13,-827,-10
-7,-8,20,3,-7,14,-879,-10
-5,-8,22,4,-6,16,-967,-8
-3,-9,22,2,-5,16,-908,-9
-4,-8,23,4,-4,17,-1023,-7
-4,-9,24,4,-4,18,-985,-6
-2,-10,25,4,-2,19,-897,-5
-2,-7,27,5,-2,21,-939,-4
-3,-4,30,8,-2,23,-1177,-2
-2,-5,29,6,-3,22,-979,-4
0,-7,30,6,-1,23,-914,-3
0,-7,30,6,-1,23,-926,-3
1,-7,31,5,-1,25,-948,-2
5,-7,34,5,1,28,-886,0
8,-4,40,8,5,34,-992,4
10,-2,44,9,7,38,-932,7
11,-1,47,10,7,41,-871,9
12,0,50,11,9,44,-893,11
14,3,56,14,11,49,-1047,14
17,4,59,13,12,52,-908,16
21,5,63,14,14,56,-842,19
24,7,67,14,17,60,-880,21
27,6,70,15,19,62,-870,23
31,5,71,14,21,65,-758,25
33,7,78,16,25,70,-789,30
36,10,82,18,26,75,-774,32
38,12,87,19,28,79,-655,36
41,14,91,21,31,84,-633,39
43,14,96,23,32,88,-811,42
46,14,97,23,32,89,-765,42
47,14,99,22,34,91,-797,44
49,15,101,22,36,94,-838,45
50,15,102,22,36,94,-830,46
53,11,102,21,38,95,-694,46
53,11,103,22,40,96,-814,49
53,12,104,23,39,97,-860,49
55,13,107,23,40,99,-777,50
55,15,109,25,41,101,-830,52
54,16,110,26,41,102,-1131,53
54,15,108,24,39,100,-1016,50
52,13,105,23,39,97,-831,48
52,11,103,22,38,95,-993,47
52,9,101,21,37,93,-1095,46
51,7,97,19,36,90,-966,43
50,6,96,20,37,89,-1092,44
47,7,94,20,35,87,-1227,42
46,5,92,20,34,85,-1326,41
44,5,90,19,32,83,-1339,39
42,4,89,20,31,81,-1427,39
40,2,84,18,28,76,-1223,34
37,2,80,17,26,73,-1056,32
35,0,76,16,25,69,-1010,30
34,-3,72,14,23,65,-1022,27
33,-6,66,11,21,60,-1120,23
30,-9,64,11,22,58,-1326,23
29,-12,61,11,20,55,-1400,22
26,-14,57,10,18,50,-1382,19
23,-13,54,10,16,47,-1438,17
19,-9,53,11,13,47,-1638,16
16,-9,49,9,10,42,-1580,12
15,-11,47,8,9,40,-1574,10
14,-12,44,8,8,38,-1580,8
13,-13,41,6,6,35,-1397,6
12,-13,38,5,5,33,-1176,4
9,-12,37,5,6,31,-1245,4
7,-12,35,6,4,29,-1369,3
6,-11,34,6,3,28,-1388,2
4,-11,32,6,2,26,-1448,0
1,-10,32,7,1,25,-1685,0
0,-10,29,5,-1,23,-1587,-2
0,-9,27,5,-1,21,-1427,-3
-1,-11,25,4,-3,19,-1440,-5
-2,-11,23,3,-4,17,-1466,-6
-2,-12,20,1,-4,15,-1336,-8
-2,-14,20,2,-3,14,-1433,-7
-4,-13,19,2,-5,13,-1485,-8
-6,-11,18,2,-6,12,-1462,-9
-8,-10,17,3,-7,11,-1483,-10
-12,-9,15,4,-9,9,-1735,-11
-13,-9,12,2,-11,6,-1654,-14
-14,-8,11,2,-12,5,-1355,-15
-15,-8,10,1,-12,4,-1343,-16
-14,-8,10,0,-12,3,-1531,-16
-14,-10,7,0,-13,2,-1360,-18
-15,-11,6,0,-12,0,-1148,-18
-16,-10,6,0,-13,0,-1127,-18
-17,-10,6,0,-13,0,-1277,-18
-16,-10,6,1,-13,0,-1444,-18
-18,-8,8,3,-13,1,-1645,-17
-17,-8,7,1,-15,0,-1543,-19
-17,-9,6,0,-15,0,-1428,-19
-17,-10,6,0,-14,0,-1454,-19
-16,-10,5,0,-14,0,-1407,-19
-16,-11,4,-1,-14,-1,-1212,-20
-15,-11,5,0,-13,0,-1338,-19
-16,-10,6,0,-13,0,-1463,-18
-17,-10,6,0,-14,0,-1465,-18
-17,-10,6,0,-13,0,-1558,-18
-18,-8,8,2,-13,1,-1661,-17
-17,-9,6,1,-15,0,-1567,-19
-17,-9,6,0,-15,0,-1460,-19
-17,-9,6,0,-14,0,-1524,-19
-17,-10,6,0,-14,0,-1539,-19
-16,-11,4,-1,-15,-1,-1264,-20
-15,-11,5,0,-13,0,-1167,-19
-16,-10,5,0,-13,0,-1253,-18
-16,-10,6,0,-13,0,-1265,-18
-16,-10,6,1,-13,0,-1277,-17
-17,-8,8,2,-13,1,-1431,-16
-17,-8,7,1,-15,0,-1332,-18
-17,-9,6,1,-14,0,-1225,-19
-17,-9,6,0,-14,0,-1273,-19
-16,-9,5,0,-15,0,-1258,-19
-15,-11,4,-1,-15,-1,-1159,-20
-15,-11,5,0,-12,0,-1413,-19
-16,-10,6,0,-13,0,-1552,-18
-16,-10,6,0,-13,0,-1333,-18
-17,-9,6,1,-13,0,-1275,-17
-17,-8,8,2,-13,1,-1518,-16
-17,-8,7,1,-14,0,-1581,-18
-16,-9,6,1,-14,0,-1669,-18
-16,-10,6,1,-14,0,-1758,-19
-16,-10,5,0,-15,0,-1756,-19
-15,-11,4,-1,-15,-1,-1625,-20
-15,-11,4,0,-13,0,-1685,-18
-16,-10,5,0,-13,0,-1806,-18
-16,-10,6,0,-14,0,-1765,-18
-16,-10,6,1,-13,0,-1756,-18
-17,-8,7,2,-13,1,-1840,-16
-18,-8,6,1,-15,0,-1826,-18
-17,-9,5,0,-14,0,-1756,-19
-17,-9,5,0,-14,0,-1809,-18
-16,-10,5,0,-14,0,-1790,-19
-15,-11,4,-1,-15,-1,-1682,-20
-15,-11,5,0,-13,0,-1606,-18
-16,-10,5,0,-13,0,-1622,-18
-16,-10,5,0,-13,0,-1666,-18
-16,-10,6,1,-13,0,-1658,-18
-17,-8,7,2,-13,1,-1708,-16
-18,-8,7,1,-15,0,-1464,-18
-17,-9,6,0,-14,0,-933,-18
-16,-9,6,0,-14,0,-816,-18
-16,-9,5,0,-14,0,-758,-19
-15,-10,4,-1,-15,-1,-617,-20
-15,-11,5,0,-12,0,-623,-18
-16,-10,5,0,-13,0,-736,-17
-16,-10,5,0,-13,0,-685,-17
-16,-9,6,0,-13,0,-706,-17
-17,-8,7,2,-12,1,-868,-16
-17,-8,6,1,-15,0,-866,-18
-17,-9,5,0,-14,0,-682,-19
-16,-9,5,0,-14,0,-762,-18
-16,-9,5,0,-14,0,-812,-19
-15,-10,4,0,-14,-1,-700,-20
-15,-11,5,0,-13,0,-710,-18
-16,-10,5,0,-12,0,-857,-18
-16,-10,5,0,-13,0,-842,-18
-16,-9,5,0,-13,0,-867,-18
-17,-8,7,2,-13,1,-974,-16
-18,-8,7,2,-14,0,-929,-17
-17,-9,5,1,-14,0,-770,-18
-16,-9,5,1,-14,0,-772,-18
-16,-9,5,0,-14,0,-736,-19
-15,-11,4,-1,-15,-1,-621,-20
-15,-11,4,0,-13,0,-629,-18
-16,-9,5,0,-13,0,-780,-17
-16,-9,5,0,-13,0,-752,-18
-16,-9,5,1,-13,0,-763,-17
-17,-8,7,2,-12,2,-928,-16
-17,-8,7,2,-14,1,-1011,-17
-16,-9,5,0,-14,0,-871,-18
-16,-9,5,0,-14,0,-916,-18
-16,-9,5,0,-14,0,-843,-18
-15,-10,4,-1,-14,-1,-707,-20
-15,-11,4,0,-13,0,-714,-18
-16,-10,5,0,-13,0,-870,-17
-16,-9,5,0,-13,0,-852,-17
-16,-10,5,0,-13,0,-851,-17
-17,-8,7,2,-12,1,-1019,-16
-17,-8,7,2,-14,0,-1107,-17
-16,-8,6,1,-14,0,-1027,-18
-16,-9,6,0,-13,0,-1094,-18
-16,-9,5,0,-13,0,-1108,-18
-15,-10,4,-1,-14,-1,-968,-19
-15,-11,4,0,-12,0,-912,-18
-15,-9,5,0,-12,0,-1051,-17
-16,-9,5,0,-13,0,-1009,-17
-16,-9,6,1,-13,0,-990,-17
-17,-8,7,2,-13,1,-1138,-16
-17,-8,6,1,-14,1,-1203,-17
-17,-9,6,0,-14,0,-1050,-18
-16,-9,6,0,-13,0,-1069,-18
-16,-9,5,0,-14,0,-1074,-18
-15,-10,4,0,-14,-1,-977,-19
-14,-11,4,0,-12,0,-867,-18
-15,-10,5,0,-12,0,-1038,-17
-15,-10,5,0,-13,0,-1036,-17
-16,-9,5,0,-13,0,-1108,-17
-16,-8,7,2,-12,1,-1287,-15
-17,-8,6,1,-14,1,-1329,-17
-16,-9,5,0,-15,0,-1145,-18
-16,-9,5,0,-14,0,-1163,-18
-16,-9,5,0,-13,0,-1192,-18
-15,-10,3,0,-14,-1,-1095,-19
-14,-10,4,0,-13,0,-1034,-18
-15,-9,5,0,-12,0,-1180,-17
-15,-9,5,0,-13,0,-1137,-17
-16,-9,5,1,-12,0,-1061,-17
-16,-8,7,2,-12,1,-1176,-15
-16,-8,7,2,-13,1,-1320,-16
-16,-9,6,1,-14,0,-1201,-17
-16,-9,5,0,-13,0,-1220,-17
-15,-9,5,0,-14,0,-1227,-18
-15,-10,4,0,-14,-1,-1123,-19
-14,-11,4,0,-12,0,-1067,-18
-15,-10,5,0,-12,0,-1235,-17
-15,-9,5,0,-13,0,-1237,-17
-15,-9,5,0,-13,0,-1250,-17
-16,-8,7,2,-12,1,-1338,-15
-17,-8,6,2,-13,1,-1400,-16
-16,-8,5,1,-13,0,-1281,-17
-16,-9,5,0,-13,0,-1324,-17
-15,-9,5,0,-13,0,-1284,-18
-15,-10,3,0,-14,-1,-1062,-19
-14,-10,4,0,-12,-1,-949,-18
-15,-9,5,0,-12,0,-1194,-16
-15,-9,5,0,-13,0,-1175,-17
-15,-9,5,1,-12,0,-1181,-16
-16,-8,7,2,-12,1,-1279,-15
-17,-8,7,2,-13,1,-1358,-16
-16,-8,5,0,-14,0,-1261,-18
-16,-9,5,0,-13,0,-1316,-17
-16,-9,5,0,-13,0,-1327,-18
-14,-10,4,0,-14,-1,-1231,-19
-14,-10,4,0,-12,0,-1140,-18
-15,-9,5,0,-12,0,-1256,-16
-15,-9,5,0,-13,0,-1255,-17
-15,-9,5,0,-13,0,-1261,-17
-16,-8,7,2,-12,1,-1370,-15
-16,-7,7,2,-13,1,-1452,-16
-16,-8,5,1,-14,0,-1232,-17
-16,-9,5,0,-13,0,-1208,-17
-15,-9,5,0,-13,0,-1222,-18
-15,-10,4,0,-14,-1,-1145,-18
-14,-10,4,0,-12,0,-1057,-18
-15,-9,5,0,-11,0,-1204,-16
-15,-9,5,0,-12,0,-1156,-17
-15,-9,5,1,-12,0,-1135,-17
-16,-8,6,2,-12,1,-1240,-15
-17,-7,7,2,-13,1,-1359,-16
-16,-8,5,0,-14,0,-1202,-17
-15,-8,5,0,-13,0,-1191,-17
-15,-9,5,0,-13,0,-1209,-17
-15,-10,4,0,-14,-1,-1106,-18
-14,-10,4,0,-12,-1,-1013,-18
-14,-9,5,0,-12,0,-1201,-16
-15,-9,5,0,-12,0,-1180,-17
-14,-9,5,1,-12,0,-1148,-16
-15,-8,7,2,-12,1,-1201,-15
-16,-7,7,2,-13,1,-1319,-16
-15,-8,5,0,-14,0,-1192,-17
-15,-8,5,1,-13,0,-1190,-17
-15,-9,5,0,-13,0,-1204,-17
-15,-9,4,0,-14,0,-1136,-18
-14,-10,3,0,-12,-1,-989,-18
-15,-10,5,0,-11,0,-1065,-16
-15,-9,5,0,-12,0,-1116,-16
-15,-9,5,0,-12,0,-1156,-16
-16,-8,6,2,-11,1,-1108,-15
-17,-7,7,2,-13,1,-1168,-16
-16,-8,5,0,-14,0,-970,-17
-15,-9,5,0,-12,0,-967,-17
-15,-9,5,0,-13,0,-1030,-17
-14,-9,4,0,-14,-1,-1016,-18
-14,-10,3,-1,-12,-1,-942,-18
-15,-9,5,0,-12,0,-1114,-16
-15,-9,5,0,-12,0,-1139,-16
-15,-9,5,0,-12,0,-1118,-16
-16,-8,6,1,-12,0,-1223,-15
-16,-7,6,2,-13,1,-1319,-15
-16,-8,5,1,-14,0,-1154,-17
-16,-8,5,0,-12,0,-1234,-17
-15,-9,5,0,-12,0,-1304,-17
-15,-9,4,0,-14,0,-1075,-18
-14,-10,3,-1,-13,-1,-1054,-18
-14,-9,5,0,-11,0,-1342,-16
-15,-9,5,0,-12,0,-1235,-16
-15,-9,5,0,-12,0,-1099,-16
-15,-8,6,1,-12,1,-1104,-15
-16,-7,7,2,-12,1,-1212,-15
-16,-8,5,1,-13,0,-1043,-17
-15,-8,5,0,-12,0,-1025,-16
-15,-9,5,0,-13,0,-1042,-17
-14,-9,4,0,-13,-1,-981,-18
-13,-10,3,-1,-12,-1,-852,-18
-14,-10,5,0,-11,0,-1015,-16
-14,-9,5,0,-12,0,-1044,-16
-14,-9,5,0,-12,0,-1059,-16
-15,-8,6,1,-11,0,-1141,-15
-16,-7,7,2,-12,1,-1267,-15
-15,-8,5,1,-14,0,-1102,-17
-15,-9,5,0,-13,0,-1078,-17
-15,-9,5,0,-12,0,-1116,-17
-14,-9,4,0,-13,0,-1055,-17
-13,-10,3,-1,-12,-1,-921,-18
-14,-9,5,0,-11,0,-1095,-16
-14,-9,5,0,-12,0,-1119,-16
-14,-9,4,0,-11,0,-1101,-16
-15,-8,6,1,-11,0,-1135,-15
-16,-7,7,2,-12,1,-1267,-15
-15,-8,5,1,-13,0,-1110,-17
-15,-8,5,0,-13,0,-1085,-17
-13,-8,7,1,-11,2,-1083,-15
-10,-6,10,1,-10,5,-986,-13
-8,-6,11,0,-8,7,-873,-12
-7,-5,15,2,-5,10,-1063,-9
-4,-5,18,3,-4,13,-1083,-6
-1,-7,23,4,-1,18,-1045,-2
0,-6,27,6,0,21,-1092,0
1,-4,30,8,1,25,-1222,1
4,-6,31,6,2,26,-1065,2
6,-6,32,6,3,27,-1034,3
6,-4,33,6,3,28,-1076,3
7,-4,34,5,3,28,-1037,3
10,-6,34,5,5,29,-898,4
10,-6,36,6,7,31,-1023,6
9,-6,36,6,6,31,-1028,6
9,-6,36,7,6,31,-1020,7
9,-5,37,8,7,32,-1097,7
8,-4,38,9,6,32,-1235,8
8,-8,35,7,4,29,-1077,5
9,-10,34,6,5,28,-1071,4
9,-10,33,6,5,28,-1098,4
9,-10,32,5,5,27,-1034,4
8,-10,30,4,4,26,-902,2
7,-8,31,5,5,26,-1064,3
7,-8,32,5,4,26,-1078,3
6,-8,31,5,4,26,-1009,3
4,-9,29,6,3,24,-1056,2
2,-8,30,7,2,24,-1224,2
2,-9,27,5,0,21,-1037,0
1,-10,24,4,0,19,-962,-2
1,-10,22,3,-1,17,-989,-3
0,-9,21,3,-2,15,-965,-4
0,-11,18,1,-2,13,-844,-6
-3,-11,17,2,-2,12,-993,-6
-4,-9,16,2,-4,11,-1060,-7
-6,-8,15,2,-5,10,-1056,-8
-8,-7,14,3,-6,9,-1085,-8
-11,-6,12,3,-8,7,-1214,-10
-13,-6,9,2,-11,4,-1065,-13
-14,-8,3,0,-12,0,-990,-16
-15,-8,4,0,-12,0,-979,-16
-15,-8,5,1,-11,0,-1039,-15
-16,-6,6,2,-12,1,-1237,-15
-16,-7,4,1,-14,0,-1120,-17
-15,-8,4,0,-13,0,-1053,-17
-15,-8,4,0,-12,0,-1084,-17
-15,-8,3,0,-13,-1,-1058,-17
-14,-10,2,-1,-13,-2,-884,-17
-14,-9,4,0,-11,0,-997,-16
-14,-9,4,0,-11,0,-1092,-16
-14,-8,4,0,-12,0,-1063,-16
-15,-8,5,1,-11,0,-1077,-15
-16,-7,6,2,-12,1,-1234,-15
-15,-7,5,1,-13,0,-1100,-17
-15,-8,4,0,-12,0,-1058,-17
-15,-8,4,0,-12,0,-1071,-17
-14,-9,3,0,-13,-1,-1029,-17
-13,-10,2,-1,-13,-2,-877,-18
-14,-9,3,0,-11,0,-995,-16
-14,-8,4,0,-12,0,-1054,-16
-14,-8,4,0,-12,0,-1014,-16
-14,-8,5,1,-11,0,-1043,-15
-16,-6,6,2,-11,1,-1197,-14
-15,-7,5,1,-13,0,-1029,-16
-15,-8,4,0,-12,0,-962,-16
-14,-8,4,0,-12,0,-1030,-16
-14,-8,3,0,-13,-1,-1005,-17
-13,-9,2,-1,-12,-2,-832,-18
-13,-9,3,0,-11,0,-919,-16
-14,-9,4,0,-12,0,-968,-16
-14,-8,4,0,-11,0,-941,-15
-17,-8,7,1,-13,-2,-1020,-17
-23,-9,16,4,-17,-9,-1205,-21
-27,-13,22,5,-22,-18,-1109,-28
-32,-15,29,6,-26,-25,-1062,-34
-36,-15,34,7,-28,-29,-1099,-37
-35,-8,28,4,-27,-25,-1083,-34
-28,-1,15,0,-23,-15,-932,-29
-17,11,-3,-4,-11,6,-1027,-14
0,37,-38,-14,2,41,-1057,7
22,62,-78,-25,20,81,-938,33
48,85,-120,-35,41,123,-899,61
72,108,-160,-44,61,166,-1001,90
98,129,-205,-57,79,206,-856,115
124,150,-247,-68,100,247,-741,142
150,170,-289,-79,120,287,-736,169
176,184,-327,-89,140,326,-675,195
203,187,-362,-97,158,357,-519,217
224,186,-386,-101,176,383,-621,238
240,189,-406,-105,187,403,-736,253
250,193,-420,-108,195,417,-645,263
256,188,-423,-108,199,422,-582,267
257,178,-419,-104,200,420,-684,268
254,168,-411,-102,195,410,-626,261
246,159,-397,-98,189,394,-576,251
234,149,-377,-94,180,375,-631,238
221,135,-354,-88,168,351,-633,223
205,114,-325,-81,154,319,-503,202
182,94,-286,-70,139,284,-583,180
157,73,-244,-59,119,244,-697,153
131,48,-200,-47,98,200,-721,125
104,20,-153,-33,77,156,-806,97
77,0,-109,-20,57,115,-1029,70
52,-18,-70,-12,35,74,-983,41
26,-37,-29,-2,15,33,-863,14
0,-54,0,1,-5,-7,-823,-14
-28,-77,8,0,-28,-54,-838,-45
-54,-93,6,0,-48,-94,-752,-72
-71,-82,7,0,-57,-107,-907,-82
-75,-64,8,1,-59,-102,-1162,-82
-65,-54,8,1,-51,-84,-1244,-71
-52,-40,9,1,-40,-60,-1252,-55
-39,-27,10,3,-29,-36,-1341,-39
-27,-19,9,2,-22,-19,-1238,-29
-18,-11,9,1,-15,-7,-1030,-20
-16,-10,8,1,-14,-4,-854,-18
-16,-10,8,0,-14,-4,-782,-19
-15,-11,6,0,-15,-6,-630,-20
-15,-11,7,0,-13,-4,-819,-18
-16,-10,8,1,-13,-4,-1110,-18
-16,-10,8,1,-13,-4,-1186,-18
-16,-10,8,2,-13,-3,-1208,-17
-18,-8,10,3,-13,-2,-1245,-16
-17,-8,9,2,-14,-3,-1035,-18
-17,-9,8,1,-14,-4,-882,-18
-16,-9,8,1,-14,-4,-809,-18
-16,-10,8,1,-14,-4,-817,-19
-15,-11,6,0,-14,-5,-737,-20
-15,-10,7,0,-12,-4,-816,-18
-16,-10,8,1,-13,-4,-919,-17
-16,-10,8,1,-13,-4,-864,-17
-16,-10,9,2,-13,-3,-868,-17
-17,-9,10,3,-12,-2,-983,-16
-17,-9,9,2,-15,-3,-864,-18
-17,-9,8,1,-14,-4,-731,-18
-16,-10,8,1,-14,-4,-781,-18
-16,-10,8,1,-14,-4,-792,-19
-15,-11,6,0,-14,-5,-644,-19
-15,-11,7,0,-12,-4,-674,-18
-16,-10,8,1,-13,-4,-788,-18
-16,-10,8,1,-13,-4,-774,-18
-16,-9,8,1,-13,-4,-806,-17
-17,-8,10,3,-12,-2,-965,-16
-17,-9,9,2,-14,-3,-923,-18
-17,-9,8,1,-14,-4,-837,-18
-16,-9,8,1,-14,-4,-889,-18
-16,-9,7,1,-14,-4,-928,-19
-15,-10,6,0,-14,-6,-826,-20
-15,-11,6,0,-12,-4,-867,-18
-15,-10,8,1,-13,-4,-970,-17
-16,-10,8,1,-13,-4,-887,-17
-16,-9,8,1,-13,-3,-875,-17
-17,-8,10,3,-12,-2,-986,-16
-17,-8,9,2,-14,-3,-926,-18
-16,-8,9,2,-13,-3,-834,-17
-14,-8,12,2,-11,0,-896,-15
-13,-8,12,2,-11,0,-929,-15
-12,-8,11,1,-11,0,-724,-16
-10,-7,15,2,-8,2,-699,-13
-9,-7,17,3,-8,4,-818,-11
-8,-8,18,3,-7,5,-779,-10
-7,-8,18,4,-6,6,-799,-9
-9,-7,20,5,-6,7,-920,-8
-8,-7,21,5,-7,7,-904,-9
-6,-7,22,5,-6,9,-804,-8
-5,-7,23,5,-4,10,-853,-7
-5,-7,22,4,-5,10,-852,-8
-3,-9,22,2,-5,10,-693,-8
-1,-10,23,3,-2,11,-703,-5
-2,-8,25,5,-2,13,-864,-4
-2,-5,27,6,-2,14,-831,-4
-1,-6,28,5,-1,15,-849,-3
0,-6,31,7,0,17,-987,0
0,-6,30,7,-1,17,-980,-2
0,-6,31,6,0,18,-848,-1
3,-5,35,7,1,22,-895,1
6,-3,39,8,3,27,-881,3
10,-2,42,7,5,29,-758,5
12,-1,45,9,8,32,-741,8
13,0,49,10,9,36,-836,10
15,1,53,11,11,40,-780,13
18,4,58,13,13,44,-784,17
20,7,64,15,16,50,-945,21
22,9,67,16,16,53,-946,22
26,7,69,16,18,55,-766,23
29,7,73,16,21,59,-742,27
32,8,77,17,23,63,-673,29
36,9,80,17,25,67,-516,31
39,11,85,18,29,72,-484,35
41,14,90,20,31,77,-658,39
44,13,93,21,32,79,-693,41
46,13,97,22,35,83,-710,43
46,15,100,24,36,85,-859,46
48,17,102,24,35,87,-873,46
50,16,102,23,36,88,-714,46
51,14,103,23,38,89,-746,47
52,13,103,22,38,89,-770,48
54,12,102,21,38,89,-655,47
56,13,105,22,41,92,-617,50
56,14,108,23,42,93,-773,51
56,14,107,24,41,93,-733,51
55,14,107,24,41,93,-750,51
52,14,106,25,40,91,-901,50
51,13,103,24,38,89,-913,48
51,10,100,22,37,87,-744,46
50,10,98,22,36,85,-751,45
48,8,96,20,35,82,-753,43
47,7,92,18,33,78,-671,40
47,5,90,18,34,77,-615,40
45,5,89,18,33,75,-742,39
43,2,86,18,31,72,-713,38
40,2,82,17,29,69,-728,35
36,4,81,18,28,67,-854,34
34,2,77,17,25,63,-890,31
34,-1,73,15,23,59,-721,28
31,-4,68,14,22,55,-768,25
30,-7,64,12,20,51,-805,23
29,-12,59,10,18,46,-708,20
27,-14,55,9,18,43,-654,18
23,-13,53,9,16,40,-809,16
20,-10,51,9,14,38,-798,14
17,-9,48,9,12,35,-769,13
15,-9,47,10,11,34,-862,12
13,-10,45,9,8,31,-930,10
12,-11,41,7,7,28,-784,7
11,-11,40,7,7,27,-818,6
8,-10,37,6,4,24,-826,4
8,-13,33,4,3,21,-745,1
7,-12,32,4,3,20,-678,1
4,-11,31,5,2,19,-836,0
2,-11,29,5,0,17,-833,0
1,-10,28,5,0,16,-809,-1
0,-8,28,7,0,16,-900,-1
-2,-9,25,5,-2,13,-968,-3
-3,-10,22,4,-4,10,-816,-6
-3,-10,22,4,-4,10,-841,-6
-4,-12,20,3,-5,8,-845,-7
-5,-13,16,1,-6,4,-722,-10
-5,-12,15,1,-6,4,-627,-10
-8,-10,15,2,-7,3,-820,-10
-11,-10,12,1,-9,0,-810,-13
-12,-10,11,2,-9,0,-782,-13
-14,-7,11,3,-10,0,-893,-13
-16,-6,11,3,-12,-1,-963,-15
-15,-7,9,2,-12,-2,-807,-16
-15,-7,9,2,-12,-2,-830,-16
-17,-9,6,1,-14,-5,-828,-18
-17,-10,4,0,-16,-7,-737,-20
-16,-11,3,0,-14,-7,-642,-19
-17,-10,5,0,-13,-6,-727,-18
-17,-10,5,0,-14,-6,-746,-18
-17,-9,5,0,-14,-6,-715,-18
-18,-8,6,2,-13,-5,-762,-17
-19,-8,7,2,-14,-5,-813,-18
-18,-8,5,1,-15,-6,-566,-19
-17,-9,5,1,-14,-6,-522,-18
-17,-9,5,1,-14,-6,-481,-19
-16,-10,3,0,-15,-8,-449,-20
-16,-11,3,-1,-14,-7,-495,-20
-17,-10,5,0,-13,-6,-694,-18
-17,-9,5,0,-13,-6,-629,-18
-18,-9,5,1,-13,-6,-602,-18
-18,-8,6,2,-13,-5,-769,-17
-18,-7,6,2,-14,-5,-941,-17
-17,-8,5,1,-15,-6,-826,-19
-17,-9,5,1,-14,-6,-846,-18
-17,-9,5,0,-14,-6,-837,-19
-16,-10,4,0,-14,-7,-687,-20
-16,-11,3,0,-13,-7,-561,-19
-16,-10,4,0,-13,-6,-750,-18
-17,-9,5,0,-14,-6,-771,-18
-17,-9,5,0,-14,-6,-686,-18
-17,-9,6,2,-13,-5,-671,-16
-18,-8,6,3,-14,-4,-807,-17
-17,-9,5,1,-15,-6,-690,-18
-17,-9,5,1,-14,-6,-678,-18
-17,-9,5,0,-14,-6,-665,-18
-16,-10,3,0,-15,-7,-588,-19
-15,-11,3,0,-13,-7,-484,-19
-17,-10,4,0,-13,-6,-635,-18
-17,-9,5,0,-14,-6,-603,-18
-17,-9,5,0,-13,-6,-609,-18
-18,-8,6,2,-13,-5,-701,-16
-18,-7,6,2,-14,-4,-815,-17
-17,-9,5,1,-15,-6,-640,-18
-17,-9,5,1,-14,-6,-615,-18
-17,-9,5,1,-14,-6,-600,-18
-16,-10,4,0,-15,-7,-515,-19
-15,-10,3,-1,-14,-7,-354,-19
-16,-10,4,0,-13,-6,-517,-18
-16,-10,4,0,-14,-6,-533,-18
-17,-9,5,0,-13,-6,-531,-18
-17,-8,6,1,-13,-5,-597,-16
-18,-8,6,2,-14,-4,-630,-17
-17,-8,5,1,-15,-6,-292,-18
-17,-8,5,1,-14,-6,-233,-18
-17,-9,4,0,-14,-6,-230,-18
-16,-10,3,0,-14,-7,-215,-19
-15,-11,3,-1,-14,-7,-202,-19
-16,-10,4,0,-13,-6,-314,-18
-16,-9,4,0,-13,-6,-262,-18
-16,-9,4,0,-13,-6,-254,-18
-17,-8,5,2,-13,-5,-242,-16
-18,-7,6,2,-13,-5,-301,-17
-17,-8,5,0,-15,-6,-238,-18
-16,-9,5,1,-14,-6,-366,-18
-16,-9,4,0,-14,-6,-532,-18
-16,-9,4,0,-15,-7,-525,-19
-15,-10,3,-1,-14,-8,-415,-19
-16,-9,4,0,-13,-6,-623,-17
-16,-9,4,0,-13,-6,-688,-18
-16,-9,5,0,-13,-6,-644,-17
-17,-8,6,1,-12,-5,-745,-17
-18,-7,6,2,-14,-5,-928,-17
-17,-8,5,1,-15,-6,-779,-18
-17,-9,5,1,-14,-6,-733,-18
-17,-9,4,0,-14,-6,-753,-18
-16,-9,4,0,-14,-7,-681,-19
-15,-10,3,-1,-13,-7,-480,-19
-16,-9,4,0,-12,-6,-530,-17
-16,-9,5,0,-13,-6,-609,-17
-16,-9,5,1,-13,-6,-598,-17
-17,-8,6,1,-13,-5,-649,-16
-18,-7,7,2,-13,-4,-783,-16
-17,-8,5,1,-15,-6,-625,-18
-16,-8,5,0,-14,-6,-619,-18
-16,-8,5,0,-14,-6,-660,-18
-16,-9,4,0,-14,-7,-666,-19
-15,-10,3,-1,-13,-8,-494,-19
-16,-9,5,0,-12,-6,-608,-17
-16,-9,5,0,-13,-6,-630,-17
-16,-9,5,1,-13,-6,-587,-17
-16,-8,6,2,-12,-5,-678,-16
-18,-7,7,3,-13,-4,-851,-16
-17,-8,5,1,-14,-6,-680,-18
-17,-8,5,1,-14,-6,-673,-17
-17,-9,5,0,-13,-6,-749,-18
-16,-9,4,0,-14,-7,-706,-19
-15,-10,3,-1,-13,-7,-552,-19
-15,-9,4,0,-12,-6,-668,-17
-16,-9,5,0,-13,-6,-678,-17
-16,-9,5,0,-13,-5,-596,-17
-16,-8,5,1,-13,-5,-674,-16
-18,-7,6,2,-13,-5,-813,-16
-17,-8,5,1,-14,-6,-533,-18
-16,-8,5,1,-13,-5,-403,-18
-16,-9,5,1,-13,-6,-395,-18
-15,-9,4,0,-14,-7,-363,-18
-15,-10,2,-1,-14,-8,-203,-19
-16,-9,4,0,-12,-6,-345,-17
-16,-9,4,0,-13,-6,-514,-17
-16,-9,4,0,-13,-6,-746,-17
-16,-8,5,1,-12,-5,-915,-16
-17,-7,7,2,-12,-4,-1024,-15
-17,-7,5,1,-14,-5,-866,-17
-17,-8,5,1,-13,-6,-835,-17
-16,-8,5,1,-13,-6,-847,-18
-16,-9,4,0,-14,-6,-791,-18
-15,-10,2,-1,-13,-8,-648,-19
-15,-10,4,0,-12,-6,-608,-17
-16,-9,4,0,-13,-6,-449,-17
-16,-9,4,0,-13,-6,-390,-17
-16,-8,5,1,-12,-5,-476,-16
-18,-7,6,3,-13,-4,-801,-16
-17,-7,5,1,-14,-5,-817,-18
-16,-8,5,0,-13,-6,-778,-18
-16,-8,4,0,-13,-6,-710,-18
-15,-9,4,0,-13,-6,-683,-18
-15,-10,2,-1,-14,-7,-553,-19
-15,-9,4,0,-12,-6,-689,-17
-16,-9,4,0,-13,-6,-636,-17
-16,-9,4,1,-12,-5,-512,-17
-16,-8,5,1,-12,-5,-530,-16
-17,-7,7,3,-13,-4,-690,-15
-16,-7,5,1,-14,-5,-560,-17
-16,-8,5,1,-13,-5,-484,-17
-15,-8,5,0,-13,-5,-454,-17
-16,-9,4,0,-14,-6,-257,-18
-15,-10,3,-1,-13,-7,19,-19
-15,-10,4,0,-12,-6,-192,-17
-15,-9,4,0,-13,-6,-266,-17
-16,-9,4,0,-13,-6,-214,-17
-16,-8,5,1,-12,-5,-536,-16
-17,-7,7,2,-12,-4,-806,-15
-16,-8,5,1,-14,-6,-688,-17
-16,-8,5,0,-14,-6,-682,-17
-16,-8,5,1,-13,-6,-722,-17
-16,-9,4,0,-13,-6,-700,-18
-15,-10,2,-1,-13,-7,-547,-19
-15,-9,4,0,-12,-6,-698,-17
-15,-9,4,0,-12,-6,-760,-17
-15,-9,4,0,-12,-5,-707,-17
-15,-8,5,1,-12,-5,-806,-16
-16,-7,7,3,-12,-4,-1041,-15
-16,-7,5,1,-14,-6,-941,-17
-15,-7,5,1,-13,-5,-864,-16
-13,-6,9,1,-11,-2,-894,-14
-10,-5,12,1,-10,1,-900,-12
-8,-6,12,1,-9,2,-762,-12
-6,-5,17,2,-5,6,-859,-8
-3,-6,20,3,-3,9,-926,-5
0,-7,25,4,0,13,-908,-2
1,-6,27,6,0,16,-959,0
2,-4,32,8,2,20,-1122,2
4,-6,32,7,2,21,-995,2
5,-6,33,7,3,22,-909,2
5,-3,34,7,3,23,-894,3
7,-4,35,6,3,23,-861,3
9,-7,34,5,5,23,-732,4
9,-7,36,6,6,24,-858,6
9,-6,36,7,5,25,-950,6
8,-5,36,7,6,25,-932,6
8,-5,36,8,6,25,-965,6
7,-6,36,8,5,25,-1108,6
8,-9,34,7,4,22,-981,5
8,-10,33,6,5,22,-843,4
8,-10,33,6,5,22,-851,4
7,-9,32,5,3,21,-838,3
7,-9,29,4,2,19,-704,1
6,-8,30,5,4,20,-810,3
6,-8,31,5,4,20,-916,3
4,-8,29,5,3,18,-886,1
3,-9,28,5,2,16,-901,0
1,-7,29,7,1,18,-1043,1
0,-9,25,5,-1,14,-950,-1
0,-11,23,4,-1,12,-893,-3
-1,-9,21,3,-2,10,-921,-4
-2,-8,20,3,-3,9,-924,-5
-3,-11,16,0,-5,5,-800,-8
-4,-11,15,1,-3,5,-899,-7
-6,-8,15,2,-6,4,-1017,-8
-7,-8,14,2,-6,3,-998,-9
-10,-8,11,2,-8,1,-1019,-11
-13,-6,11,4,-9,0,-1161,-11
-14,-5,8,2,-12,-2,-1058,-14
-15,-7,5,1,-13,-5,-954,-16
-16,-8,4,0,-13,-6,-992,-17
-16,-9,3,0,-13,-7,-1003,-18
-15,-10,2,-1,-14,-8,-884,-19
-15,-9,3,0,-12,-6,-946,-17
-15,-8,4,0,-12,-6,-1041,-16
-16,-8,4,0,-12,-6,-1013,-16
-16,-9,4,1,-12,-5,-1033,-16
-17,-7,6,2,-12,-4,-1186,-15
-17,-7,5,1,-14,-6,-1107,-17
-16,-8,4,1,-13,-6,-1009,-17
-16,-8,4,0,-13,-6,-1047,-17
-16,-8,3,0,-13,-6,-1027,-17
-15,-9,1,-1,-14,-8,-886,-18
-14,-9,3,0,-11,-6,-947,-17
-15,-8,4,0,-12,-6,-1029,-16
-15,-8,4,0,-12,-5,-970,-16
-16,-8,4,1,-12,-5,-999,-16
-17,-7,6,2,-12,-5,-1156,-15
-17,-7,4,1,-14,-5,-1082,-16
-16,-8,4,0,-13,-6,-963,-17
-16,-8,3,0,-13,-6,-1001,-17
-16,-8,3,0,-13,-6,-1006,-17
-14,-9,2,-1,-14,-7,-860,-18
-14,-9,3,0,-11,-6,-902,-17
-15,-8,4,0,-12,-6,-1006,-16
-15,-8,4,0,-12,-6,-969,-16
-15,-8,4,0,-12,-6,-946,-16
-16,-7,5,2,-12,-5,-1087,-15
-16,-7,4,1,-14,-6,-1045,-17
-16,-8,4,0,-13,-6,-944,-17
-16,-8,4,0,-12,-6,-980,-17
-16,-8,3,0,-13,-6,-973,-17
-15,-9,2,-1,-14,-8,-827,-18
-14,-10,3,0,-12,-7,-878,-16
-15,-9,3,0,-12,-6,-1012,-16
-16,-8,4,0,-13,-7,-966,-17
-21,-10,11,2,-16,-13,-963,-21
-27,-12,21,6,-20,-19,-1149,-25
-32,-14,27,6,-25,-28,-1145,-31
-36,-15,33,7,-29,-35,-1010,-37
-37,-11,31,6,-29,-33,-971,-36
-33,-2,21,3,-25,-24,-924,-31
-23,5,4,-2,-18,-10,-768,-22
-8,27,-25,-10,-3,21,-778,-2
13,53,-63,-20,13,60,-865,23
37,76,-105,-31,32,101,-853,50
62,98,-147,-42,53,143,-875,77
87,121,-188,-51,73,186,-990,106
113,143,-231,-63,91,226,-858,132
139,163,-274,-75,112,267,-642,159
165,179,-313,-85,132,306,-687,185
190,189,-349,-93,151,341,-709,210
215,187,-379,-101,168,367,-594,229
234,187,-400,-104,183,389,-585,247
246,192,-416,-107,192,407,-671,259
253,191,-424,-109,197,415,-612,265
257,181,-423,-107,199,414,-629,267
254,172,-414,-102,198,409,-796,265
248,163,-402,-99,191,395,-759,256
237,153,-385,-96,182,377,-570,243
225,141,-364,-90,173,356,-618,229
209,124,-336,-83,159,327,-646,211
190,102,-302,-75,142,291,-551,187
166,80,-261,-64,126,253,-593,163
140,58,-217,-51,105,211,-727,136
113,30,-171,-39,84,166,-685,107
87,5,-127,-27,64,123,-835,78
61,-11,-84,-14,44,84,-1089,53
34,-29,-44,-4,22,43,-1112,24
8,-47,-8,0,1,1,-965,-3
-19,-67,7,1,-20,-42,-1021,-33
-47,-89,7,1,-42,-86,-1053,-63
-68,-88,6,0,-57,-111,-966,-82
-76,-71,6,0,-60,-111,-1032,-84
-71,-58,8,1,-56,-98,-1174,-76
-58,-45,8,1,-46,-75,-1113,-61
-44,-32,8,1,-34,-51,-1055,-46
-32,-22,9,3,-23,-31,-1111,-32
-22,-13,9,2,-18,-16,-1084,-23
-18,-9,8,1,-15,-10,-976,-19
-18,-10,8,1,-14,-9,-967,-19
-18,-10,7,1,-15,-10,-912,-19
-17,-11,6,0,-15,-11,-741,-20
-16,-11,7,0,-13,-10,-735,-19
-17,-10,8,1,-13,-9,-945,-18
-17,-10,8,1,-13,-9,-1039,-18
-17,-10,8,2,-13,-9,-1095,-18
-18,-8,10,3,-13,-8,-1231,-17
-18,-8,9,2,-15,-9,-1253,-18
-18,-9,8,1,-15,-9,-1116,-19
-18,-9,8,1,-14,-9,-1158,-19
-17,-9,7,1,-15,-10,-1177,-19
-16,-11,6,0,-15,-11,-1067,-20
-16,-11,6,0,-13,-10,-1028,-19
-17,-10,8,1,-13,-9,-1141,-18
-17,-10,8,1,-14,-10,-1105,-18
-17,-9,8,1,-13,-9,-1123,-18
-18,-8,9,3,-13,-8,-1239,-16
-18,-8,9,2,-14,-9,-1264,-18
-17,-9,8,1,-15,-10,-1116,-19
-17,-9,8,1,-15,-9,-1161,-19
-17,-9,7,1,-14,-10,-1157,-19
-16,-11,6,0,-15,-11,-1021,-20
-16,-11,6,0,-13,-10,-984,-19
-17,-10,7,1,-13,-9,-1139,-18
-17,-10,7,1,-13,-9,-1108,-18
-17,-10,8,1,-13,-9,-1120,-18
-18,-9,9,3,-13,-8,-1231,-16
-16,-11,6,0,-13,-10,-587,-19
-17,-10,7,1,-13,-9,-753,-18
-17,-10,7,1,-14,-10,-708,-18
-17,-10,7,1,-13,-9,-686,-18
-18,-8,9,3,-12,-8,-805,-16
-18,-8,9,3,-14,-8,-853,-17
-16,-8,10,2,-13,-6,-684,-17
-15,-7,12,2,-11,-5,-716,-15
-14,-7,12,2,-12,-5,-710,-16
-12,-7,13,1,-11,-4,-613,-15
-10,-7,15,1,-8,-1,-510,-13
-9,-8,17,3,-7,0,-618,-10
-8,-8,18,3,-7,0,-540,-10
-9,-8,18,4,-7,1,-474,-10
-10,-7,20,5,-6,2,-586,-9
-8,-5,22,6,-7,4,-687,-8
-6,-6,22,4,-6,4,-537,-8
-6,-6,23,4,-5,5,-557,-8
-6,-7,23,4,-5,5,-575,-8
-3,-10,22,3,-5,5,-467,-8
-2,-10,23,3,-3,6,-379,-6
-2,-6,26,5,-2,9,-557,-4
-2,-5,27,5,-2,9,-565,-4
-1,-7,28,6,-1,11,-563,-3
-1,-7,30,7,0,12,-648,-2
-1,-5,31,7,-1,13,-713,-1
1,-5,33,7,0,15,-522,0
4,-3,38,8,2,19,-524,2
7,-1,42,9,5,24,-540,5
10,-1,44,8,6,26,-452,6
12,-1,45,8,8,28,-368,8
13,1,51,11,10,33,-524,12
16,3,55,12,12,37,-497,15
19,5,60,13,14,42,-486,18
21,8,65,16,17,47,-543,21
23,9,69,17,18,50,-595,23
27,7,71,16,19,52,-380,25
30,8,75,17,22,56,-426,28
33,10,79,18,24,60,-563,30
36,11,82,17,26,64,-451,32
40,12,87,18,29,68,-296,36
42,13,91,20,32,73,-421,40
44,13,94,21,33,76,-411,42
46,14,98,22,35,78,-369,43
47,16,101,24,36,81,-487,46
47,17,103,25,36,83,-620,47
50,15,102,23,36,83,-440,46
51,13,102,23,38,84,-479,48
51,13,103,22,38,84,-493,48
54,13,104,22,38,85,-353,48
56,13,105,22,40,86,-241,50
55,15,107,24,41,88,-428,51
54,15,106,24,40,88,-442,51
52,14,104,23,39,86,-434,50
51,14,104,24,39,85,-516,49
50,12,102,24,38,83,-602,48
49,11,99,22,36,80,-430,45
48,9,97,21,35,78,-443,44
46,8,94,20,34,75,-460,42
46,6,91,18,32,72,-417,39
45,4,88,17,32,69,-219,38
43,3,86,18,32,68,-265,38
40,1,83,17,29,65,-172,36
37,3,80,17,28,62,-203,33
34,2,78,17,26,59,-375,32
33,0,75,17,24,56,-541,30
31,-3,70,14,21,51,-384,26
29,-6,65,13,20,47,-367,23
28,-10,61,11,19,44,-405,21
26,-13,56,9,17,38,-345,18
24,-15,52,7,16,34,-205,15
20,-12,51,9,14,33,-391,15
17,-9,49,9,12,31,-421,13
15,-10,46,9,10,29,-417,11
14,-10,45,9,10,28,-461,11
11,-10,43,9,7,25,-579,8
10,-11,40,7,5,23,-431,6
8,-10,38,6,5,20,-412,5
7,-11,35,6,3,17,-412,2
6,-11,33,5,2,16,-293,1
5,-12,30,4,2,13,-24,0
3,-12,29,5,2,12,-89,0
1,-11,28,5,0,11,-24,-1
0,-9,27,5,0,10,4,-2
-1,-9,26,5,-1,9,-73,-3
-4,-9,24,6,-3,7,-214,-4
-5,-9,21,4,-5,5,-48,-7
-5,-11,21,3,-5,3,-66,-7
-6,-12,18,3,-5,1,-107,-9
-7,-11,16,2,-7,0,-36,-11
-7,-11,14,1,-7,-2,123,-12
-10,-10,13,2,-8,-3,-27,-12
-12,-10,11,1,-10,-5,-22,-14
-13,-9,10,1,-10,-6,9,-14
-16,-7,10,2,-11,-6,-59,-15
-17,-6,10,3,-12,-6,-213,-15
-16,-7,9,2,-13,-7,-39,-16
-17,-7,7,1,-13,-9,-30,-17
-18,-9,4,1,-15,-11,-57,-19
-17,-10,3,0,-16,-12,-33,-20
-17,-11,3,-1,-15,-13,122,-20
-17,-10,4,0,-13,-11,-38,-19
-17,-9,4,0,-14,-12,-89,-19
-17,-10,5,0,-14,-11,-75,-18
-18,-9,6,2,-14,-10,-122,-18
-19,-7,6,2,-14,-9,-271,-18
-18,-9,5,1,-15,-11,-106,-19
-18,-9,5,1,-14,-11,-74,-19
-18,-9,4,0,-14,-11,-88,-19
-18,-10,4,0,-15,-12,-45,-20
-16,-11,3,-1,-14,-13,98,-20
-17,-10,4,0,-13,-12,-54,-19
-17,-9,4,0,-14,-12,-98,-19
-18,-9,5,1,-14,-11,-70,-18
-18,-8,5,1,-13,-10,-117,-18
-19,-7,6,2,-14,-10,-270,-17
-18,-8,5,1,-15,-11,-108,-19
-18,-8,5,0,-14,-11,-48,-19
-18,-9,4,0,-14,-11,-77,-19
-18,-10,4,0,-15,-12,-42,-20
-17,-10,3,-1,-14,-13,100,-20
-17,-10,4,0,-13,-11,-91,-18
-17,-9,4,0,-13,-11,-163,-18
-17,-9,5,1,-14,-11,-152,-18
-18,-8,5,1,-13,-10,-225,-17
-19,-7,6,2,-14,-10,-470,-17
-18,-8,5,1,-15,-11,-414,-19
-18,-9,5,1,-15,-11,-406,-19
-18,-9,5,1,-14,-11,-422,-19
-17,-9,4,0,-15,-12,-362,-20
-16,-11,2,-1,-15,-13,-212,-20
-16,-10,4,0,-12,-11,-347,-18
-17,-9,4,0,-13,-11,-375,-18
-17,-9,4,0,-14,-11,-329,-18
-18,-8,5,1,-13,-10,-373,-17
-19,-7,6,3,-14,-9,-526,-17
-18,-8,5,1,-15,-11,-326,-19
-18,-9,4,1,-15,-11,-213,-19
-18,-9,4,0,-14,-11,-257,-19
-17,-9,4,0,-15,-12,-276,-19
-16,-10,2,-1,-14,-13,-159,-20
-17,-10,4,0,-13,-11,-307,-18
-17,-9,4,0,-14,-11,-368,-18
-17,-9,4,0,-13,-11,-336,-18
-17,-9,5,1,-13,-10,-372,-17
-18,-7,6,3,-13,-9,-530,-17
-18,-8,5,1,-15,-11,-389,-19
-18,-8,4,0,-15,-11,-325,-19
-18,-9,4,0,-14,-11,-351,-19
-17,-9,4,0,-15,-11,-332,-19
-16,-10,3,-1,-14,-12,-174,-20
-16,-10,4,0,-13,-11,-277,-18
-17,-9,4,0,-13,-11,-378,-18
-17,-9,5,1,-13,-11,-380,-18
-18,-9,5,1,-13,-10,-428,-18
-18,-8,6,3,-13,-9,-552,-17
-18,-8,5,1,-14,-11,-342,-19
-18,-9,4,1,-14,-11,-236,-18
-18,-9,4,0,-14,-11,-255,-19
-17,-9,4,0,-15,-11,-225,-19
-16,-10,2,-1,-14,-12,-72,-20
-16,-10,4,0,-13,-10,-186,-18
-17,-9,4,0,-14,-11,-246,-18
-17,-9,5,0,-14,-11,-214,-18
-17,-9,5,1,-13,-10,-262,-17
-18,-7,6,2,-13,-9,-430,-17
-18,-8,5,1,-15,-11,-321,-18
-17,-8,4,0,-14,-11,-267,-18
-17,-8,5,0,-14,-11,-289,-18
-17,-9,4,0,-14,-11,-251,-19
-16,-10,2,-1,-14,-12,-79,-20
-16,-10,3,0,-13,-11,-186,-18
-17,-9,4,0,-13,-11,-295,-17
-17,-9,4,0,-13,-10,-295,-17
-17,-9,5,1,-13,-10,-351,-17
-18,-7,6,2,-13,-9,-505,-16
-18,-8,5,1,-15,-10,-362,-18
-17,-9,5,0,-14,-11,-288,-18
-17,-9,4,0,-14,-11,-350,-18
-17,-9,4,0,-14,-11,-315,-19
-15,-11,2,-1,-14,-12,-145,-20
-16,-10,4,0,-12,-11,-234,-18
-17,-9,4,0,-13,-11,-314,-18
-17,-9,4,1,-13,-11,-270,-17
-17,-9,5,1,-13,-10,-299,-17
-18,-7,6,3,-13,-9,-438,-16
-18,-7,5,1,-15,-11,-307,-18
-17,-8,4,0,-14,-11,-209,-18
-17,-9,4,0,-14,-11,-251,-18
-17,-9,4,0,-14,-11,-279,-19
-16,-11,2,-1,-14,-12,-198,-20
-16,-10,3,0,-13,-11,-250,-18
-16,-9,4,0,-13,-10,-298,-17
-17,-9,4,0,-13,-10,-247,-18
-17,-9,5,1,-13,-10,-237,-17
-18,-7,6,2,-12,-9,-379,-16
-18,-8,5,1,-15,-10,-278,-18
-17,-8,4,0,-14,-10,-166,-18
-17,-9,5,0,-14,-10,-197,-18
-16,-9,4,0,-14,-11,-198,-18
-15,-10,2,-1,-14,-12,-36,-19
-16,-10,3,0,-12,-11,-86,-18
-16,-9,4,0,-13,-10,-174,-17
-16,-9,4,0,-13,-10,-140,-17
-17,-8,5,1,-13,-10,-157,-17
-18,-7,6,3,-12,-9,-325,-16
-18,-7,5,1,-14,-10,-238,-18
-17,-8,5,1,-14,-10,-120,-18
-17,-9,4,0,-13,-11,-198,-18
-17,-9,4,0,-14,-11,-240,-18
-16,-10,2,-1,-14,-12,-132,-19
-16,-10,4,0,-12,-11,-226,-18
-16,-9,4,0,-13,-10,-308,-17
-16,-9,4,0,-13,-10,-259,-17
-17,-9,4,1,-13,-10,-297,-17
-18,-7,6,2,-12,-9,-414,-16
-18,-8,5,1,-15,-10,-210,-17
-17,-8,4,1,-14,-10,-108,-18
-17,-8,4,1,-13,-10,-276,-18
-16,-8,4,0,-14,-11,-305,-18
-16,-10,2,-1,-14,-12,-163,-19
-16,-10,3,0,-12,-11,-211,-17
-16,-9,4,0,-13,-11,-329,-17
-16,-9,4,0,-13,-10,-253,-17
-16,-9,5,1,-13,-10,-177,-17
-18,-7,6,2,-12,-8,-425,-16
-18,-7,5,1,-15,-10,-427,-17
-17,-8,5,1,-14,-10,-320,-18
-17,-8,4,1,-13,-10,-367,-17
-17,-8,4,0,-13,-10,-376,-18
-16,-10,2,-1,-14,-12,-232,-19
-15,-10,3,0,-12,-11,-276,-17
-16,-9,4,0,-12,-10,-394,-17
-16,-9,4,0,-13,-10,-357,-17
-17,-8,5,1,-12,-10,-365,-17
-17,-7,6,3,-12,-9,-508,-15
-17,-7,5,2,-14,-9,-471,-17
-17,-8,4,1,-14,-10,-416,-18
-16,-8,4,1,-13,-10,-470,-17
-16,-8,3,0,-14,-11,-392,-18
-15,-9,2,0,-14,-12,-230,-19
-15,-10,3,0,-12,-11,-267,-17
-16,-9,4,0,-12,-10,-388,-17
-16,-9,4,0,-13,-10,-340,-17
-16,-9,4,0,-13,-10,-332,-17
-18,-7,6,2,-12,-8,-490,-15
-17,-7,6,2,-14,-9,-481,-17
-15,-6,7,1,-12,-7,-358,-16
-12,-5,11,2,-10,-3,-395,-13
-10,-5,13,2,-9,-2,-380,-12
-7,-5,14,1,-8,0,-227,-11
-5,-6,17,2,-4,3,-246,-7
-1,-7,23,4,-1,8,-376,-3
0,-7,26,5,0,10,-350,-1
1,-6,29,6,1,13,-415,0
3,-5,33,8,3,17,-619,3
4,-5,33,7,2,17,-620,2
4,-3,33,7,2,18,-485,2
5,-3,34,7,3,19,-499,3
7,-5,35,6,4,19,-479,4
8,-7,34,5,4,19,-341,4
9,-7,35,5,6,20,-329,5
8,-6,36,7,5,20,-481,6
8,-6,36,7,5,20,-493,5
8,-7,35,7,6,20,-508,5
7,-8,35,8,6,20,-617,6
7,-9,34,7,3,18,-590,5
7,-10,33,6,4,18,-445,4
7,-9,33,6,4,17,-486,3
5,-8,31,5,3,16,-521,2
5,-9,29,4,2,14,-403,0
6,-9,30,5,4,15,-398,2
4,-8,30,5,3,15,-542,2
2,-9,27,5,1,12,-496,0
2,-9,27,5,1,12,-469,0
0,-9,27,6,1,12,-605,0
-1,-9,24,5,-1,9,-630,-2
-1,-10,22,3,-3,6,-483,-4
-3,-8,20,4,-3,5,-474,-5
-4,-9,18,3,-4,3,-435,-7
-4,-11,14,0,-6,0,-290,-9
-5,-10,13,1,-4,0,-302,-9
-8,-8,13,2,-6,0,-489,-9
-9,-8,12,2,-7,-2,-457,-11
-12,-8,9,2,-9,-4,-444,-12
-14,-6,9,3,-9,-4,-565,-12
-16,-6,7,2,-13,-7,-598,-15
-17,-8,4,0,-14,-10,-460,-17
-16,-8,4,0,-13,-10,-509,-17
-16,-8,3,0,-13,-11,-530,-17
-15,-9,1,-1,-14,-12,-392,-19
-15,-9,2,0,-12,-11,-312,-17
-16,-9,4,0,-12,-10,-437,-17
-16,-9,3,0,-12,-10,-439,-17
-17,-8,4,0,-12,-10,-426,-16
-18,-7,5,2,-12,-9,-539,-15
-17,-7,5,2,-13,-9,-589,-16
-16,-8,4,1,-13,-10,-451,-17
-16,-8,3,0,-13,-10,-479,-17
-16,-8,3,0,-14,-10,-482,-18
-15,-9,2,-1,-14,-12,-370,-19
-15,-10,2,0,-12,-11,-334,-18
-15,-9,3,0,-12,-10,-487,-17
-15,-9,3,0,-13,-10,-454,-17
-16,-9,3,1,-13,-10,-446,-16
-17,-7,5,2,-12,-9,-571,-15
-17,-7,5,2,-13,-10,-611,-16
-17,-8,3,0,-14,-11,-449,-17
-16,-8,3,0,-13,-10,-481,-17
-16,-8,3,0,-13,-10,-486,-17
-15,-9,2,0,-14,-12,-373,-18
-15,-10,2,0,-12,-11,-325,-17
-15,-9,3,0,-12,-10,-497,-16
-16,-8,3,0,-13,-10,-465,-17
-16,-8,3,0,-13,-10,-448,-16
-17,-7,4,2,-12,-9,-576,-15
-17,-7,5,2,-14,-10,-620,-17
-16,-8,4,1,-14,-10,-468,-17
-16,-8,3,0,-13,-10,-499,-17
-16,-8,3,0,-13,-10,-497,-17
-15,-9,2,0,-13,-12,-369,-18
-15,-10,2,0,-12,-11,-313,-17
-16,-9,3,0,-12,-11,-500,-16
-19,-9,7,1,-15,-15,-477,-20
-25,-12,15,3,-19,-22,-468,-25
-30,-13,24,6,-22,-28,-597,-28
-36,-14,31,8,-27,-36,-683,-34
-38,-13,33,7,-30,-39,-518,-38
-36,-5,26,5,-27,-32,-512,-34
-29,2,13,1,-22,-20,-512,-26
-16,17,-11,-7,-12,1,-412,-13
3,42,-48,-17,5,39,-308,11
27,67,-89,-27,25,80,-444,38
52,89,-131,-38,44,122,-382,65
78,111,-173,-49,64,163,-261,93
102,134,-214,-58,85,206,-285,122
127,156,-256,-69,104,247,-299,149
154,174,-298,-81,123,286,-74,174
180,187,-336,-90,143,323,-48,200
205,189,-367,-97,162,354,-55,222
226,187,-392,-103,176,376,69,239
241,189,-412,-107,189,396,209,254
250,192,-423,-108,196,409,48,263
255,185,-425,-108,198,411,79,266
256,174,-420,-105,199,407,112,265
251,166,-408,-100,195,398,33,260
240,159,-392,-96,186,381,-73,249
230,146,-373,-92,176,360,68,234
215,131,-348,-85,165,336,10,219
197,111,-315,-77,150,303,-181,197
175,89,-278,-68,131,264,-286,172
151,67,-237,-57,113,223,-270,145
124,41,-190,-43,93,180,-471,118
98,14,-144,-31,72,135,-476,89
71,-5,-102,-20,52,94,-472,62
45,-22,-61,-9,32,56,-560,35
18,-40,-20,0,10,15,-685,8
-8,-58,3,1,-11,-28,-546,-22
-36,-82,7,1,-34,-74,-620,-52
-61,-91,7,1,-52,-108,-702,-75
-75,-77,7,0,-62,-117,-660,-85
-74,-63,6,0,-59,-109,-578,-82
-63,-52,8,1,-49,-89,-724,-68
-49,-37,8,1,-39,-65,-682,-52
-36,-27,8,1,-28,-44,-650,-38
-26,-17,9,2,-19,-25,-701,-25
-21,-9,9,3,-15,-14,-782,-19
-19,-9,8,2,-15,-14,-595,-19
-18,-9,8,2,-14,-14,-571,-19
-18,-10,7,1,-14,-14,-593,-19
-18,-11,6,0,-15,-15,-553,-20
-17,-11,6,0,-14,-15,-487,-20
-17,-10,7,1,-13,-14,-615,-18
-18,-10,7,1,-14,-14,-607,-19
-18,-10,7,2,-14,-14,-598,-19
-18,-9,8,3,-14,-13,-646,-18
-19,-8,9,3,-15,-13,-748,-17
-18,-9,8,2,-15,-14,-539,-19
-18,-10,7,1,-15,-13,-570,-19
-18,-10,7,1,-15,-14,-595,-19
-17,-10,6,0,-15,-15,-514,-20
-16,-11,6,0,-14,-15,-406,-20
-17,-10,7,1,-13,-13,-578,-18
-18,-9,7,1,-14,-14,-577,-18
-18,-9,7,2,-14,-13,-553,-18
-18,-9,8,3,-13,-12,-628,-17
-19,-8,9,3,-14,-12,-782,-17
-18,-9,8,2,-15,-14,-651,-19
-18,-9,8,1,-14,-13,-649,-19
-18,-9,8,1,-14,-14,-654,-19
-17,-10,6,0,-15,-15,-627,-20
-16,-12,6,0,-14,-15,-350,-20
-17,-10,7,1,-13,-13,-457,-18
-18,-10,7,1,-14,-14,-597,-18
-18,-10,7,1,-13,-14,-621,-18
-18,-9,8,2,-13,-12,-695,-17
-19,-8,9,3,-14,-12,-833,-17
-19,-9,8,2,-15,-14,-678,-19
-18,-9,7,1,-14,-14,-644,-19
-18,-9,7,1,-14,-14,-586,-19
-17,-10,6,0,-15,-14,-312,-20
-16,-11,5,0,-14,-15,-96,-20
-17,-10,7,1,-13,-14,-232,-18
-18,-10,7,1,-14,-14,-189,-18
-18,-9,7,1,-14,-14,-127,-18
-18,-9,8,2,-13,-13,-200,-17
-18,-7,11,4,-13,-10,-332,-16
-16,-7,12,3,-13,-9,-169,-16
-15,-7,12,2,-12,-9,-161,-16
-13,-7,13,2,-11,-8,-163,-15
-11,-6,15,2,-10,-6,-149,-14
-10,-8,15,1,-9,-5,-59,-14
-9,-9,17,3,-6,-3,-181,-11
-9,-9,18,3,-8,-3,-205,-10
-9,-8,18,4,-7,-3,-181,-10
-8,-7,20,5,-6,0,-225,-8
-8,-5,24,6,-5,1,-356,-7
-7,-6,23,5,-6,1,-195,-8
-6,-7,22,5,-5,0,-201,-8
-5,-8,23,5,-4,2,-301,-7
-3,-9,23,4,-4,2,-286,-7
-2,-8,24,3,-3,2,-86,-7
-3,-6,26,5,-2,5,-173,-4
-2,-7,27,5,-2,6,-193,-4
-1,-7,28,6,-1,6,-156,-3
-1,-6,30,7,-1,8,-214,-1
0,-4,33,9,0,11,-354,0
2,-4,35,8,0,13,-190,0
5,-2,40,9,3,18,-153,4
8,-1,44,9,5,22,-136,6
10,-1,45,9,6,23,-77,7
13,0,47,8,8,25,53,8
15,1,53,11,11,31,-112,13
17,4,58,13,13,35,-103,16
20,6,62,14,15,40,2,19
22,7,67,16,18,45,-33,23
24,8,71,17,19,48,-203,25
28,8,73,17,20,51,-48,26
31,9,78,18,23,55,3,29
34,11,82,18,25,59,-7,32
38,12,86,19,27,63,-10,34
42,12,89,19,30,66,56,36
44,12,93,21,33,70,-116,41
46,13,96,22,34,73,-143,43
46,14,98,22,35,75,-111,44
47,16,101,23,37,78,-157,46
47,17,103,25,37,81,-303,48
50,14,103,23,36,80,-182,47
50,14,103,23,37,80,-161,47
51,14,104,23,38,81,-183,48
54,14,105,23,39,83,-149,49
55,13,105,22,39,83,-25,49
55,14,106,23,41,84,-206,51
53,14,105,23,40,83,-287,50
51,13,102,23,38,80,-245,48
50,12,102,23,38,80,-271,49
48,11,101,24,37,79,-468,47
47,10,98,22,35,75,-333,44
47,8,95,21,34,72,-261,42
45,8,93,20,33,70,-278,41
44,6,90,19,31,67,-255,39
44,3,86,17,30,64,-110,36
42,1,84,17,31,62,-246,37
39,2,81,17,28,59,-296,34
35,2,78,16,26,56,-233,31
34,0,75,16,25,53,-264,30
31,-1,73,16,23,50,-436,29
28,-4,67,14,20,45,-287,24
27,-8,63,12,19,41,-249,22
26,-11,59,11,18,38,-319,19
24,-13,54,9,15,33,-287,16
22,-14,50,7,14,29,-123,13
18,-10,49,8,13,28,-277,13
16,-10,47,8,10,25,-389,11
14,-10,45,8,9,23,-400,10
12,-11,43,8,8,21,-454,8
10,-10,42,9,7,20,-639,8
8,-9,39,7,4,17,-536,5
6,-10,36,7,3,14,-453,3
5,-11,34,6,2,13,-453,1
4,-10,32,6,1,11,-439,0
3,-13,28,3,0,8,-291,-2
1,-12,27,4,1,7,-426,-2
0,-10,27,5,0,6,-524,-2
-1,-9,25,5,-1,5,-502,-3
-2,-10,24,5,-2,3,-535,-4
-5,-8,24,6,-3,3,-690,-5
-5,-9,21,4,-6,0,-498,-7
-6,-12,19,3,-6,-1,-311,-8
-7,-11,17,3,-7,-3,-329,-10
-8,-11,16,2,-8,-4,-326,-11
-9,-10,13,0,-9,-7,-187,-14
-12,-10,11,1,-9,-8,-328,-14
-13,-10,9,1,-11,-9,-457,-15
-15,-8,9,2,-12,-10,-444,-16
-16,-7,9,2,-11,-10,-468,-15
-17,-6,11,3,-12,-9,-612,-15
-17,-7,8,2,-14,-12,-491,-17
-18,-8,5,1,-15,-15,-453,-19
-18,-9,4,1,-15,-15,-561,-19
-18,-10,4,0,-15,-16,-556,-20
-17,-11,2,0,-16,-17,-311,-21
-18,-10,4,0,-14,-15,-382,-19
-18,-10,4,1,-15,-15,-556,-18
-18,-9,4,0,-14,-15,-589,-19
-18,-9,5,1,-14,-14,-582,-18
-19,-8,6,3,-14,-14,-769,-17
-19,-8,5,1,-16,-15,-701,-19
-19,-9,4,1,-15,-15,-588,-19
-19,-9,4,1,-15,-15,-575,-20
-18,-9,4,1,-14,-15,-659,-18
-19,-8,6,3,-14,-13,-825,-17
-19,-8,5,2,-16,-15,-730,-19
-19,-8,4,1,-15,-15,-644,-19
-18,-9,4,1,-15,-15,-699,-19
-18,-10,4,0,-15,-15,-643,-20
-17,-11,2,0,-15,-16,-441,-21
-17,-10,3,0,-13,-15,-492,-19
-18,-9,4,0,-14,-15,-618,-18
-18,-9,4,0,-14,-15,-628,-19
-19,-9,4,1,-14,-15,-634,-18
-19,-8,6,3,-14,-14,-805,-17
-19,-8,5,1,-15,-15,-717,-19
-19,-8,4,1,-15,-15,-625,-19
-19,-9,4,0,-15,-15,-636,-19
-18,-9,4,0,-15,-16,-625,-20
-17,-10,2,0,-15,-17,-494,-21
-17,-10,3,0,-13,-15,-620,-19
-18,-9,3,0,-14,-15,-732,-19
-18,-9,4,0,-14,-15,-634,-18
-18,-9,4,1,-14,-14,-577,-18
-19,-8,6,2,-14,-13,-645,-17
-19,-8,5,2,-16,-14,-552,-19
-19,-8,4,1,-15,-15,-460,-19
-18,-9,4,1,-15,-15,-529,-19
-18,-9,4,0,-15,-15,-515,-20
-17,-11,2,0,-15,-17,-363,-21
-17,-10,3,0,-13,-15,-397,-19
-18,-9,4,0,-14,-15,-497,-19
-18,-9,4,0,-14,-15,-477,-18
-18,-9,4,1,-13,-14,-496,-18
-19,-7,6,3,-13,-13,-624,-17
-19,-8,5,2,-15,-15,-551,-19
-18,-8,4,1,-15,-15,-423,-19
-18,-9,4,0,-14,-15,-465,-19
-18,-9,4,0,-15,-15,-522,-19
-17,-10,2,-1,-15,-16,-423,-20
-17,-10,4,0,-13,-15,-436,-19
-17,-9,4,0,-13,-15,-523,-18
-18,-9,4,0,-14,-15,-517,-18
-19,-9,4,1,-14,-15,-531,-18
-19,-7,6,2,-13,-13,-720,-16
-19,-8,5,1,-15,-14,-721,-18
-18,-8,4,1,-15,-15,-647,-19
-18,-9,4,0,-14,-15,-723,-19
-18,-9,4,0,-15,-15,-737,-19
-17,-10,2,0,-15,-16,-576,-20
-17,-10,3,0,-13,-15,-531,-18
-17,-9,4,0,-14,-15,-600,-18
-18,-9,4,0,-14,-15,-525,-18
-18,-9,4,1,-14,-14,-534,-18
-19,-7,6,3,-13,-13,-674,-17
-18,-8,5,2,-15,-14,-554,-18
-18,-9,4,1,-15,-15,-374,-19
-18,-9,4,1,-14,-14,-525,-19
-18,-9,4,0,-14,-15,-665,-19
-17,-10,2,0,-15,-16,-581,-20
-17,-10,3,0,-13,-15,-586,-19
-17,-9,4,0,-13,-15,-716,-18
-17,-9,4,0,-14,-15,-650,-18
-17,-9,4,1,-14,-14,-618,-18
-18,-7,6,3,-13,-13,-839,-16
-19,-7,5,2,-15,-14,-803,-18
-18,-8,4,1,-14,-14,-617,-19
-18,-8,4,0,-14,-15,-638,-19
-18,-9,4,0,-15,-15,-663,-19
-17,-10,2,0,-15,-16,-546,-20
-16,-10,3,0,-12,-15,-597,-18
-17,-9,4,0,-13,-14,-755,-18
-17,-9,4,0,-14,-14,-689,-17
-18,-9,4,1,-13,-14,-683,-17
-18,-7,6,3,-13,-13,-786,-16
-18,-8,5,2,-15,-13,-781,-18
-18,-8,4,1,-15,-14,-690,-19
-17,-8,4,1,-14,-14,-720,-18
-17,-9,4,1,-14,-14,-706,-18
-16,-10,2,-1,-15,-16,-603,-20
-16,-10,3,0,-13,-15,-580,-19
-17,-9,4,0,-13,-14,-692,-18
-17,-9,4,0,-14,-14,-654,-18
-17,-8,4,1,-13,-14,-658,-17
-18,-7,6,2,-13,-13,-808,-16
-19,-7,5,2,-15,-14,-837,-18
-18,-8,4,1,-15,-15,-686,-18
-18,-8,4,0,-14,-15,-719,-19
-17,-9,4,0,-14,-14,-713,-19
-16,-10,2,0,-15,-15,-547,-20
-16,-10,3,0,-13,-15,-543,-19
-17,-9,4,0,-13,-14,-683,-18
-17,-9,3,0,-14,-14,-624,-18
-17,-9,4,1,-13,-14,-622,-17
-18,-7,6,2,-13,-13,-754,-16
-19,-7,5,2,-14,-13,-810,-17
-18,-8,4,1,-14,-14,-627,-18
-17,-9,4,1,-14,-14,-670,-18
-17,-9,4,0,-14,-14,-697,-18
-16,-10,2,0,-15,-15,-550,-20
-16,-10,3,0,-13,-15,-522,-18
-17,-9,4,0,-13,-14,-717,-17
-17,-9,4,0,-13,-14,-714,-17
-17,-9,4,1,-13,-14,-708,-17
-18,-8,6,2,-12,-12,-824,-16
-18,-7,5,2,-14,-13,-846,-17
-17,-8,4,1,-14,-14,-691,-18
-17,-8,4,0,-14,-14,-706,-18
-17,-9,4,0,-14,-14,-691,-18
-17,-9,2,0,-14,-15,-585,-19
-16,-10,2,0,-13,-15,-546,-19
-16,-9,3,0,-13,-14,-714,-18
-17,-9,4,0,-13,-14,-667,-18
-17,-9,4,1,-13,-13,-661,-17
-18,-8,5,2,-13,-12,-797,-16
-18,-7,5,2,-14,-13,-852,-17
-17,-8,4,1,-15,-14,-701,-18
-17,-8,4,1,-14,-14,-745,-18
-17,-8,4,0,-14,-15,-778,-18
-16,-10,2,0,-15,-16,-673,-19
-16,-11,2,0,-12,-15,-637,-18
-16,-9,3,0,-12,-14,-777,-17
-17,-9,4,0,-13,-14,-738,-17
-17,-9,4,0,-13,-14,-730,-17
-18,-8,6,2,-12,-13,-832,-16
-19,-7,5,2,-14,-13,-855,-17
-18,-8,4,1,-14,-14,-654,-18
-17,-8,4,1,-14,-14,-652,-18
-17,-8,4,0,-14,-14,-669,-18
-16,-9,2,0,-15,-15,-593,-19
-15,-10,2,0,-13,-15,-542,-18
-16,-9,3,0,-12,-14,-696,-17
-17,-9,4,0,-13,-14,-631,-17
-17,-8,4,1,-13,-14,-597,-17
-17,-7,5,2,-12,-13,-713,-16
-17,-6,7,2,-13,-12,-790,-16
-14,-6,9,2,-12,-9,-640,-14
-12,-5,12,2,-10,-6,-639,-12
-10,-4,14,3,-8,-4,-640,-11
-7,-5,16,2,-7,-2,-561,-10
-3,-8,19,2,-3,1,-519,-6
0,-7,25,4,0,5,-676,-2
0,-6,27,5,0,8,-652,-1
2,-6,29,6,2,11,-629,1
3,-6,33,7,3,14,-729,3
3,-4,34,8,2,15,-791,4
4,-2,34,7,2,15,-628,3
6,-4,35,7,4,16,-650,4
7,-5,36,7,4,16,-643,4
7,-7,34,5,4,16,-535,3
8,-7,34,5,5,15,-433,4
8,-6,35,6,5,17,-595,5
7,-6,35,7,4,16,-595,5
7,-9,34,6,5,15,-599,4
6,-9,34,7,6,16,-684,5
6,-9,34,8,4,15,-774,5
6,-10,33,6,3,14,-623,3
5,-8,32,6,3,13,-661,2
4,-7,31,6,3,12,-647,2
5,-8,29,5,1,11,-490,0
5,-9,29,4,2,10,-398,1
3,-9,28,5,2,10,-593,0
2,-10,26,5,1,8,-583,0
1,-10,26,5,0,7,-546,0
0,-10,25,5,0,6,-619,-1
-2,-9,23,5,-2,4,-758,-2
-3,-8,21,4,-4,2,-612,-5
-4,-8,20,4,-4,1,-620,-6
-6,-9,16,3,-5,-1,-630,-8
-6,-11,14,1,-6,-3,-531,-9
-7,-10,12,1,-6,-4,-476,-10
-9,-9,12,2,-6,-4,-590,-10
-11,-9,10,2,-9,-8,-527,-12
-14,-7,8,2,-10,-9,-487,-14
-15,-6,8,2,-10,-9,-569,-14
-18,-6,5,2,-13,-12,-702,-16
-18,-7,3,1,-15,-14,-568,-18
-17,-7,3,1,-14,-14,-615,-17
-17,-8,3,0,-14,-14,-689,-18
-16,-9,2,0,-14,-15,-638,-19
-15,-10,2,-1,-13,-15,-531,-19
-16,-9,3,0,-12,-14,-681,-17
-17,-9,3,0,-13,-14,-666,-17
-17,-8,3,0,-13,-14,-669,-17
-18,-7,4,1,-12,-13,-728,-16
-19,-7,5,2,-13,-13,-965,-16
-18,-8,3,1,-14,-14,-852,-17
-17,-8,3,0,-13,-14,-849,-17
-17,-8,3,0,-14,-14,-863,-18
-16,-9,2,0,-14,-15,-789,-19
-15,-10,1,-1,-13,-15,-571,-18
-16,-9,3,0,-12,-14,-732,-17
-16,-9,3,0,-13,-14,-759,-17
-17,-9,3,0,-13,-14,-745,-17
-17,-8,5,1,-12,-13,-868,-16
-18,-7,5,2,-13,-13,-1031,-16
-18,-7,3,1,-14,-14,-827,-18
-17,-8,3,0,-14,-14,-734,-18
-17,-8,3,0,-13,-14,-742,-18
-16,-9,2,0,-14,-15,-684,-18
-15,-10,1,-1,-13,-15,-549,-19
-16,-9,3,0,-12,-14,-727,-16
-16,-9,3,0,-13,-14,-729,-17
-16,-9,3,0,-13,-14,-693,-17
-17,-8,4,1,-12,-13,-742,-16
-18,-7,5,2,-13,-13,-873,-16
-17,-8,4,1,-14,-14,-744,-17
-17,-8,3,1,-13,-14,-708,-17
-17,-8,3,0,-13,-14,-766,-17
-16,-8,2,0,-14,-15,-739,-18
-15,-10,1,-1,-13,-15,-602,-18
-18,-9,4,0,-13,-15,-733,-18
-23,-10,11,2,-18,-23,-675,-23
-27,-14,19,4,-21,-30,-653,-28
-34,-15,28,7,-25,-36,-760,-32
-39,-14,34,9,-29,-42,-892,-36
-38,-9,29,6,-30,-39,-698,-36
-33,-1,18,3,-25,-29,-656,-30
-23,9,0,-1,-16,-11,-709,-18
-5,33,-32,-12,-2,20,-702,0
17,57,-73,-24,16,59,-568,25
42,80,-114,-34,37,101,-656,54
67,102,-156,-44,56,143,-605,82
92,124,-198,-55,76,185,-571,109
118,146,-240,-65,97,227,-541,138
142,167,-281,-75,116,268,-596,165
168,183,-321,-86,134,306,-407,189
195,189,-355,-94,154,339,-359,213
218,188,-382,-99,171,365,-341,233
235,189,-404,-104,183,385,-276,248
247,191,-421,-109,192,400,-178,258
253,189,-425,-109,198,407,-354,265
256,178,-423,-106,198,405,-368,266
253,168,-415,-103,197,398,-363,261
245,161,-400,-98,191,385,-455,253
233,152,-381,-92,181,367,-599,241
221,139,-359,-88,169,343,-418,225
204,120,-330,-80,156,314,-408,206
183,99,-293,-71,140,278,-482,183
159,77,-254,-61,120,237,-447,156
135,52,-211,-50,100,193,-320,128
108,25,-164,-36,81,150,-487,100
82,1,-120,-24,59,107,-525,72
56,-16,-78,-14,39,67,-536,45
29,-34,-37,-2,19,28,-626,19
1,-50,-1,3,-1,-11,-803,-8
-26,-72,7,2,-25,-59,-665,-40
-53,-91,7,1,-46,-100,-615,-67
-72,-84,7,1,-59,-119,-682,-83
-78,-67,7,0,-62,-118,-653,-85
-69,-57,6,0,-55,-103,-498,-76
-55,-43,7,0,-43,-78,-602,-59
-42,-31,7,1,-33,-55,-611,-44
-30,-22,7,1,-23,-36,-557,-31
-21,-12,8,2,-16,-21,-593,-21
-20,-8,9,3,-14,-16,-739,-18
-19,-9,8,1,-16,-17,-590,-20
-19,-10,7,1,-15,-17,-538,-19
-19,-10,7,1,-15,-17,-542,-20
-19,-10,7,1,-15,-18,-495,-20
-18,-11,5,0,-15,-19,-355,-21
-18,-10,7,1,-13,-17,-477,-19
-18,-10,7,1,-14,-17,-557,-19
-19,-10,7,1,-14,-17,-572,-19
-19,-9,8,2,-14,-17,-633,-18
-20,-8,9,4,-14,-16,-775,-17
-19,-9,7,2,-16,-17,-671,-19
-18,-9,7,1,-15,-17,-579,-19
-18,-9,7,1,-15,-17,-599,-20
-18,-10,7,1,-15,-17,-552,-20
-17,-11,5,0,-15,-18,-404,-21
-18,-11,6,1,-13,-17,-508,-19
-18,-10,7,1,-14,-17,-554,-19
-18,-10,7,1,-14,-17,-515,-19
-19,-9,8,2,-13,-16,-552,-18
-20,-8,9,3,-14,-16,-696,-17
-19,-9,8,2,-16,-17,-570,-19
-19,-9,7,1,-15,-17,-511,-19
-19,-9,7,1,-15,-17,-556,-19
-18,-10,7,1,-15,-18,-542,-20
-17,-11,5,0,-15,-19,-412,-21
-18,-10,6,1,-13,-17,-583,-19
-18,-10,7,1,-14,-17,-679,-18
-18,-10,7,1,-14,-17,-594,-18
-18,-9,8,2,-13,-16,-548,-18
-19,-8,9,3,-14,-15,-682,-17
-19,-9,8,2,-16,-17,-559,-19
-18,-9,7,1,-15,-17,-492,-19
-18,-9,7,1,-15,-17,-536,-19
-18,-9,7,0,-15,-18,-512,-20
-17,-11,5,0,-15,-19,-350,-21
-17,-11,6,0,-13,-17,-475,-18
-18,-10,7,1,-14,-17,-558,-18
-18,-9,7,1,-14,-17,-613,-18
-18,-9,8,2,-14,-16,-740,-18
-18,-7,12,4,-12,-12,-903,-15
-17,-6,12,3,-13,-13,-779,-16
-16,-7,12,2,-12,-12,-674,-16
-13,-6,14,3,-11,-9,-711,-14
-12,-6,15,2,-10,-8,-664,-13
-9,-9,15,1,-9,-8,-403,-13
-9,-9,17,2,-7,-6,-484,-10
-9,-9,17,3,-8,-6,-491,-11
-9,-8,18,3,-8,-6,-393,-10
-8,-7,21,4,-6,-2,-403,-8
-8,-5,24,6,-5,0,-560,-6
-8,-6,22,5,-7,-2,-448,-8
-6,-7,23,5,-6,-1,-365,-8
-5,-8,24,4,-4,0,-395,-6
-4,-8,24,4,-4,0,-359,-6
-3,-7,24,4,-4,0,-212,-7
-2,-7,26,5,-1,2,-314,-4
-1,-7,28,5,-1,3,-371,-3
-1,-7,28,6,-1,4,-348,-3
0,-6,30,6,0,5,-411,-1
0,-3,35,9,1,10,-585,1
3,-2,38,8,1,13,-480,2
6,-1,43,9,4,18,-377,5
8,0,45,10,6,20,-411,7
10,0,47,10,7,22,-422,8
14,0,49,10,8,25,-399,10
16,3,55,12,13,30,-474,15
19,5,60,13,14,35,-525,18
21,7,65,14,16,39,-506,20
24,7,68,16,18,43,-534,23
26,8,73,18,21,47,-658,27
29,9,76,18,21,50,-553,28
32,11,80,18,23,54,-463,31
35,12,84,19,26,58,-459,34
38,14,88,20,28,62,-429,36
43,12,90,19,30,64,-285,37
45,12,94,20,34,69,-345,41
46,14,97,22,34,71,-414,43
47,15,99,23,35,74,-427,45
48,16,101,23,37,76,-510,46
48,15,104,25,37,78,-636,49
49,14,103,24,36,77,-494,47
50,14,103,23,37,77,-362,47
52,14,105,24,39,79,-372,49
53,14,106,24,39,80,-376,49
54,13,104,22,39,79,-251,48
54,13,105,23,41,80,-325,50
52,13,103,23,39,78,-429,49
51,12,102,22,38,76,-407,47
50,10,100,22,38,75,-423,47
47,11,100,23,36,74,-572,46
46,9,97,22,34,70,-527,43
45,8,94,21,33,68,-413,41
44,6,91,20,32,66,-443,40
42,6,88,19,31,63,-442,38
42,2,83,16,29,58,-298,35
40,0,81,16,29,56,-334,34
36,2,79,16,27,54,-421,32
34,1,75,16,24,50,-432,30
33,-2,72,15,24,48,-450,29
29,-3,70,16,22,45,-571,27
26,-5,65,14,19,40,-511,23
26,-10,61,11,18,36,-417,20
24,-12,56,10,16,32,-463,18
21,-13,52,9,14,28,-450,15
20,-12,48,7,12,24,-303,11
17,-11,47,8,12,23,-364,11
14,-10,45,8,10,20,-480,10
12,-11,43,8,8,19,-431,8
11,-12,41,8,7,16,-409,7
8,-10,41,9,7,16,-503,8
6,-9,38,8,3,13,-483,4
5,-11,34,6,2,10,-374,2
4,-10,33,6,2,9,-354,1
2,-11,31,5,1,7,-330,0
2,-13,26,3,0,3,-212,-3
0,-11,26,4,0,3,-244,-2
-1,-10,26,4,-1,2,-404,-3
-2,-11,24,4,-2,0,-378,-5
-4,-11,22,4,-3,0,-360,-6
-6,-8,23,5,-3,0,-525,-5
-7,-10,20,4,-6,-3,-533,-8
-7,-11,18,3,-7,-5,-404,-9
-8,-11,17,3,-7,-6,-431,-10
-10,-9,15,2,-8,-8,-421,-12
-12,-11,10,0,-10,-12,-294,-15
-12,-11,9,1,-10,-13,-292,-15
-14,-9,9,1,-11,-14,-406,-16
-16,-8,8,2,-12,-14,-372,-16
-17,-7,8,1,-12,-14,-365,-16
-18,-6,10,3,-12,-13,-474,-15
-19,-7,7,2,-15,-16,-438,-18
-19,-9,4,1,-15,-18,-286,-20
-19,-9,4,1,-15,-18,-309,-20
-19,-9,4,0,-16,-18,-302,-20
-18,-11,2,-1,-16,-20,-172,-21
-18,-11,3,0,-14,-19,-198,-20
-18,-10,4,0,-14,-18,-329,-19
-19,-10,4,1,-15,-18,-265,-19
-19,-10,4,1,-14,-18,-260,-18
-20,-8,6,2,-13,-16,-401,-17
-20,-7,5,2,-15,-17,-398,-19
-19,-8,4,1,-16,-19,-240,-20
-19,-9,4,0,-15,-19,-253,-20
-19,-9,4,0,-15,-19,-230,-20
-18,-10,2,0,-16,-20,-68,-21
-18,-10,2,0,-14,-19,-25,-20
-18,-10,3,0,-14,-18,-221,-19
-18,-9,4,0,-15,-18,-249,-19
-19,-10,4,1,-14,-18,-330,-19
-20,-9,6,2,-14,-16,-540,-17
-20,-8,5,2,-16,-17,-600,-19
-19,-9,4,1,-16,-18,-480,-19
-19,-9,4,0,-15,-18,-474,-19
-19,-9,4,0,-15,-18,-430,-20
-18,-10,2,0,-16,-20,-294,-21
-18,-11,3,0,-14,-19,-283,-20
-18,-10,4,0,-14,-18,-422,-19
-18,-10,4,0,-14,-18,-381,-19
-19,-9,4,1,-14,-18,-369,-18
-20,-8,6,2,-14,-17,-460,-17
-20,-8,5,2,-15,-17,-447,-18
-19,-8,4,1,-15,-18,-275,-19
-19,-9,4,0,-15,-18,-318,-19
-19,-9,4,0,-15,-18,-350,-19
-17,-10,2,0,-15,-20,-273,-21
-18,-11,3,0,-13,-19,-257,-19
-18,-10,4,0,-14,-18,-400,-19
-18,-10,4,1,-14,-18,-391,-19
-19,-9,4,1,-14,-18,-390,-18
-19,-8,5,2,-13,-17,-507,-17
-20,-8,5,2,-15,-17,-581,-18
-19,-8,4,1,-16,-18,-448,-19
-19,-9,4,0,-15,-18,-452,-19
-18,-9,4,0,-15,-18,-393,-20
-18,-10,2,-1,-16,-20,-267,-21
-17,-10,2,0,-14,-19,-186,-20
-18,-10,3,0,-14,-18,-361,-19
-18,-10,4,0,-14,-18,-381,-19
-18,-9,4,1,-14,-18,-368,-18
-19,-7,6,2,-13,-16,-478,-17
-20,-7,5,2,-15,-17,-497,-18
-19,-8,4,1,-15,-18,-293,-19
-19,-8,4,0,-15,-18,-281,-19
-18,-9,4,0,-15,-18,-280,-19
-18,-10,2,-1,-16,-19,-205,-20
-17,-11,3,0,-14,-19,-190,-19
-18,-10,4,0,-14,-18,-393,-18
-18,-9,3,0,-14,-18,-411,-19
-18,-9,4,0,-14,-18,-427,-18
-19,-8,5,2,-13,-16,-532,-17
-19,-8,5,2,-15,-17,-610,-18
-18,-9,4,1,-15,-18,-456,-19
-18,-9,4,0,-15,-18,-473,-19
-18,-9,3,0,-15,-18,-479,-19
-17,-10,2,0,-15,-19,-389,-20
-17,-10,2,0,-14,-19,-357,-19
-18,-9,4,0,-13,-18,-540,-18
-18,-9,4,0,-14,-18,-531,-18
-18,-9,4,1,-14,-18,-475,-18
-19,-8,5,2,-13,-16,-536,-17
-20,-7,5,2,-15,-16,-600,-18
-19,-8,4,1,-15,-17,-414,-19
-19,-9,4,1,-14,-18,-403,-19
-18,-9,4,0,-14,-18,-406,-19
-18,-10,2,0,-15,-19,-322,-20
-17,-10,2,0,-14,-18,-257,-19
-18,-9,4,0,-13,-17,-430,-18
-18,-9,4,0,-14,-18,-413,-18
-18,-9,4,1,-14,-17,-413,-18
-19,-8,5,2,-13,-16,-568,-17
-20,-7,5,2,-15,-16,-677,-17
-19,-8,4,1,-15,-17,-499,-19
-19,-8,4,1,-14,-17,-500,-18
-18,-9,3,0,-14,-17,-519,-19
-17,-10,2,0,-15,-19,-471,-20
-17,-10,2,0,-13,-18,-445,-19
-17,-9,3,0,-13,-17,-652,-18
-18,-9,3,0,-14,-17,-645,-18
-18,-9,4,1,-14,-17,-643,-18
-19,-8,5,2,-13,-16,-728,-17
-19,-7,5,3,-15,-17,-764,-17
-19,-8,4,1,-16,-18,-585,-19
-18,-9,4,1,-15,-17,-592,-19
-18,-9,3,0,-15,-18,-573,-19
-18,-9,2,0,-15,-18,-520,-20
-17,-10,2,0,-14,-18,-438,-19
-17,-10,3,0,-13,-17,-568,-18
-18,-9,4,0,-14,-17,-580,-18
-18,-9,4,1,-13,-17,-555,-17
-18,-8,5,2,-13,-16,-614,-17
-19,-7,5,3,-14,-16,-702,-17
-19,-8,4,1,-15,-17,-572,-19
-18,-8,4,0,-14,-17,-573,-19
-18,-9,4,0,-14,-18,-555,-19
-17,-9,3,0,-15,-19,-449,-19
-16,-10,2,0,-14,-18,-345,-19
-17,-9,3,0,-13,-17,-527,-18
-17,-9,4,0,-14,-17,-567,-18
-18,-9,4,0,-14,-17,-543,-18
-19,-8,5,2,-13,-16,-600,-17
-19,-7,6,2,-14,-16,-685,-17
-18,-8,4,1,-15,-17,-488,-19
-18,-8,4,0,-14,-17,-445,-18
-17,-9,4,0,-14,-17,-464,-18
-17,-9,2,0,-15,-18,-421,-19
-16,-10,2,0,-14,-19,-304,-19
-17,-9,4,0,-13,-17,-462,-17
-17,-9,4,0,-13,-17,-465,-17
-18,-9,4,1,-13,-17,-460,-17
-18,-8,5,2,-13,-16,-570,-16
-19,-7,5,3,-14,-16,-705,-17
-18,-8,4,1,-15,-17,-558,-18
-17,-9,3,0,-14,-17,-513,-18
-18,-9,4,0,-13,-17,-467,-18
-18,-8,5,1,-13,-16,-518,-17
-19,-7,6,2,-14,-16,-603,-17
-18,-8,4,1,-15,-17,-403,-18
-18,-8,4,1,-14,-17,-403,-18
-18,-8,4,0,-14,-17,-437,-18
-17,-9,3,0,-14,-18,-431,-19
-16,-10,2,0,-13,-18,-360,-19
-17,-9,3,0,-12,-17,-527,-18
-17,-9,3,0,-13,-17,-518,-18
-17,-9,4,1,-13,-16,-523,-17
-18,-8,5,2,-13,-16,-609,-16
-19,-7,5,2,-14,-16,-704,-17
-18,-8,4,1,-15,-17,-550,-18
-18,-8,4,1,-14,-17,-547,-18
-17,-8,4,0,-14,-17,-593,-18
-17,-9,3,0,-15,-18,-560,-19
-16,-10,2,-1,-14,-18,-416,-19
-16,-9,3,0,-12,-17,-561,-17
-17,-9,4,0,-13,-17,-550,-17
-17,-9,4,1,-13,-16,-519,-17
-17,-8,5,2,-12,-15,-641,-16
-16,-5,9,3,-12,-12,-743,-14
-13,-5,12,2,-11,-9,-533,-13
-11,-4,13,2,-9,-8,-560,-12
-9,-4,16,3,-7,-4,-585,-10
-6,-5,18,3,-6,-2,-528,-8
-1,-8,21,3,-2,0,-451,-5
0,-7,25,5,0,4,-632,-2
1,-6,28,5,1,7,-656,0
3,-7,30,6,2,9,-632,2
4,-5,33,7,3,11,-694,3
3,-2,36,9,3,14,-854,4
4,-3,35,7,2,13,-739,3
6,-5,35,7,4,13,-779,4
6,-5,35,7,4,14,-815,4
7,-6,34,6,4,13,-715,3
8,-7,34,5,4,12,-542,3
7,-6,35,6,5,13,-630,5
7,-7,34,6,4,13,-590,4
7,-10,33,6,4,11,-544,4
7,-10,33,7,5,12,-567,5
6,-9,34,7,4,13,-676,5
5,-8,32,6,2,11,-516,3
3,-7,31,6,2,10,-525,2
3,-7,31,6,2,10,-573,1
4,-8,30,5,1,9,-516,1
4,-9,27,3,1,6,-387,0
2,-10,26,4,2,6,-521,0
2,-9,26,4,1,5,-558,0
0,-10,24,4,0,3,-577,-1
-1,-10,22,4,-1,1,-648,-2
-3,-8,23,6,-2,2,-807,-3
-4,-8,20,4,-4,0,-604,-6
-6,-9,18,3,-5,-3,-579,-7
-7,-9,16,2,-6,-5,-679,-9
-8,-8,14,2,-7,-6,-680,-10
-8,-9,11,0,-7,-8,-520,-11
-10,-9,10,1,-7,-9,-611,-11
-13,-8,8,1,-10,-12,-628,-14
-15,-7,7,1,-11,-12,-565,-14
-16,-7,5,2,-12,-15,-611,-15
-19,-6,5,2,-13,-15,-754,-16
-18,-7,3,1,-15,-16,-551,-18
-17,-8,3,0,-14,-17,-348,-18
-17,-8,3,0,-14,-17,-290,-18
-17,-8,2,0,-14,-17,-260,-18
-16,-10,1,-1,-14,-18,-153,-19
-16,-9,2,0,-12,-17,-220,-17
-17,-9,2,0,-13,-17,-265,-17
-17,-9,3,0,-13,-16,-303,-17
-17,-8,4,1,-13,-16,-370,-16
-18,-7,5,3,-13,-15,-538,-16
-18,-7,3,1,-15,-17,-380,-18
-18,-8,3,0,-14,-17,-295,-18
-17,-8,3,0,-14,-17,-333,-18
-17,-8,2,0,-15,-18,-268,-19
-16,-10,1,-1,-14,-18,-55,-19
-16,-9,3,0,-12,-17,-172,-17
-17,-8,3,0,-13,-17,-235,-17
-17,-8,3,0,-13,-16,-186,-17
-17,-8,4,1,-12,-16,-192,-16
-18,-6,5,2,-13,-15,-354,-16
-18,-7,4,1,-14,-16,-227,-18
-17,-8,3,1,-14,-16,-194,-18
-17,-8,3,0,-14,-16,-233,-18
-17,-8,2,0,-14,-17,-201,-18
-16,-10,1,-1,-14,-18,-12,-19
-17,-9,2,0,-12,-17,-114,-17
-17,-8,3,0,-13,-17,-161,-17
-17,-8,3,0,-13,-16,-91,-17
-17,-8,4,1,-13,-16,-114,-16
-18,-7,5,3,-13,-15,-276,-15
-18,-7,3,1,-15,-16,-162,-18
-18,-7,3,0,-14,-17,-112,-18
-17,-8,3,0,-13,-16,-193,-17
-17,-8,2,0,-14,-17,-148,-18
-16,-10,1,-1,-14,-19,39,-19
-20,-10,8,0,-16,-22,-46,-21
-26,-12,16,3,-20,-31,-103,-27
-31,-15,23,5,-24,-37,-93,-31
-37,-16,31,7,-27,-44,-130,-36
-40,-11,34,9,-29,-43,-280,-35
-36,-3,24,4,-28,-36,-115,-33
-28,4,9,0,-21,-22,-36,-24
-14,23,-17,-7,-9,4,-117,-7
6,49,-56,-19,7,41,-92,15
32,71,-100,-31,27,81,122,41
57,93,-140,-40,49,124,102,71
82,115,-182,-51,68,166,-10,98
108,137,-224,-62,88,207,-13,126
133,159,-266,-72,109,249,40,154
158,178,-305,-80,129,290,-69,181
184,189,-343,-91,146,324,84,205
209,188,-373,-97,164,353,228,226
228,188,-396,-102,178,376,241,243
242,192,-414,-106,188,393,246,255
251,191,-426,-110,194,402,412,262
256,182,-425,-108,199,404,352,266
255,172,-419,-104,198,399,270,263
249,163,-408,-101,193,387,309,257
239,154,-390,-96,185,371,264,246
225,144,-367,-89,175,352,68,233
210,128,-342,-83,160,324,197,214
191,107,-308,-74,146,289,304,192
168,86,-269,-64,128,251,185,167
143,63,-227,-53,107,209,129,139
118,35,-183,-43,86,163,262,110
92,9,-136,-29,68,120,145,83
65,-9,-95,-18,47,80,-14,55
39,-27,-54,-7,27,40,-6,29
12,-45,-14,0,6,0,-14,2
-16,-62,7,3,-15,-42,-205,-26
-44,-85,8,1,-39,-88,-166,-58
-66,-89,7,1,-56,-117,-79,-79
-78,-73,7,1,-62,-122,-121,-85
-74,-60,7,1,-59,-112,-80,-80
-61,-50,5,0,-49,-92,80,-67
-46,-36,6,1,-36,-67,40,-50
-34,-25,7,1,-27,-46,-50,-36
-24,-16,7,1,-19,-29,-21,-25
-20,-10,7,2,-15,-20,-24,-20
-20,-8,9,3,-14,-18,-134,-18
-20,-8,8,2,-16,-20,-62,-19
-19,-9,7,2,-15,-20,41,-20
-19,-10,7,1,-15,-20,2,-20
-19,-10,6,1,-15,-20,12,-20
-18,-11,5,0,-16,-22,177,-21
-18,-11,6,0,-14,-20,160,-19
-19,-10,6,1,-15,-20,74,-19
-19,-10,7,1,-15,-20,80,-19
-19,-9,7,2,-14,-19,62,-19
-20,-8,9,3,-14,-18,-105,-17
-20,-8,8,2,-16,-19,-15,-19
-20,-9,7,1,-15,-19,131,-19
-19,-9,7,1,-15,-20,94,-19
-19,-9,7,1,-15,-20,72,-20
-18,-11,5,0,-16,-21,233,-21
-18,-11,6,0,-13,-20,212,-19
-19,-10,7,1,-14,-20,128,-19
-19,-10,7,1,-15,-20,185,-19
-19,-9,7,1,-14,-20,188,-19
-20,-8,9,3,-14,-18,18,-17
-20,-8,8,2,-16,-19,27,-19
-19,-9,7,1,-16,-19,168,-19
-19,-9,7,1,-15,-20,127,-19
-18,-9,7,1,-15,-20,99,-19
-17,-11,5,0,-16,-21,233,-21
-18,-10,6,1,-13,-20,182,-19
-18,-10,7,1,-14,-19,14,-19
-18,-10,7,1,-14,-19,44,-19
-18,-10,7,2,-14,-19,17,-18
-20,-8,9,4,-13,-18,-115,-17
-20,-8,8,3,-15,-19,-48,-19
-19,-9,7,2,-15,-19,136,-19
-19,-9,7,2,-15,-20,168,-19
-19,-9,7,1,-15,-20,176,-20
-17,-11,5,0,-16,-21,308,-21
-17,-11,6,0,-13,-20,232,-19
-18,-10,7,1,-14,-19,43,-18
-18,-10,7,1,-14,-19,88,-19
-17,-8,9,2,-13,-17,101,-17
-17,-6,13,4,-12,-14,-81,-14
-17,-6,12,3,-13,-14,-109,-16
-15,-6,13,3,-12,-13,20,-15
-13,-5,15,3,-10,-11,40,-14
-12,-7,16,3,-10,-10,52,-13
-10,-9,16,1,-9,-10,146,-13
-9,-9,16,2,-7,-9,169,-11
-10,-9,17,3,-8,-9,61,-11
-9,-7,20,4,-7,-7,99,-9
-7,-6,22,5,-5,-4,86,-7
-9,-5,23,7,-5,-3,-102,-6
-8,-6,23,6,-7,-4,-134,-8
-6,-8,23,5,-5,-3,34,-7
-5,-9,24,5,-4,-2,7,-6
-5,-6,25,5,-4,-1,-1,-6
-3,-7,25,4,-4,-1,144,-7
-2,-8,26,4,-1,0,154,-4
-1,-8,28,5,-1,1,-12,-3
-1,-7,28,6,-1,1,-58,-3
0,-6,32,7,0,5,-41,0
1,-3,38,9,2,10,-161,3
4,0,42,10,3,14,-181,5
7,0,44,10,5,17,-69,6
8,0,46,10,6,19,-91,8
11,1,49,11,8,22,-86,9
15,2,52,10,9,25,26,11
18,3,57,11,13,30,11,15
20,6,63,14,16,35,-115,19
22,7,67,15,17,39,-61,22
25,6,70,16,19,42,-49,24
27,9,75,18,22,47,-175,29
30,11,79,19,22,51,-205,30
33,11,83,19,25,54,-38,32
36,13,87,20,27,59,-39,35
39,14,90,21,29,62,-26,37
43,12,92,19,30,64,98,38
46,12,95,20,34,67,100,42
46,14,98,22,35,70,-63,44
47,15,100,23,36,72,-24,45
48,15,101,23,37,73,18,47
49,14,104,25,38,75,-102,49
49,14,103,24,36,75,-144,48
51,14,104,24,37,76,0,48
53,15,107,24,39,78,-63,50
53,15,106,24,39,78,-113,49
54,13,105,22,38,77,17,48
53,13,103,22,39,75,65,48
50,13,102,23,38,74,-105,48
50,11,100,22,37,73,-106,47
49,10,99,22,36,71,-63,46
46,10,98,23,36,70,-178,45
44,9,95,22,33,67,-258,42
44,7,92,20,32,64,-115,40
42,6,89,19,31,62,-116,39
41,4,86,18,30,59,-99,37
40,0,81,16,28,54,36,33
38,0,79,15,27,52,94,32
34,1,77,16,25,49,-89,31
32,0,73,15,24,46,-104,28
30,-3,69,14,22,42,-147,26
27,-4,66,15,21,39,-193,25
25,-8,62,14,18,36,-252,22
25,-11,58,11,16,31,-124,19
22,-13,54,10,15,27,-106,16
19,-11,51,9,13,24,-107,13
17,-10,47,7,10,20,3,10
15,-11,44,7,10,18,91,9
13,-11,43,8,9,17,-83,9
11,-12,41,7,7,14,-162,7
10,-12,40,7,7,13,-274,6
7,-9,39,8,6,13,-405,5
4,-9,36,8,2,9,-459,2
4,-10,33,6,1,7,-236,1
2,-10,32,6,1,5,-251,0
1,-12,29,5,0,3,-240,-1
0,-11,26,3,-2,0,-146,-4
0,-11,25,3,-1,0,-90,-4
-2,-10,24,4,-2,0,-248,-4
-4,-11,22,4,-3,-2,-159,-5
-6,-10,21,4,-4,-4,-84,-6
-7,-10,21,5,-4,-4,-202,-6
-8,-11,19,4,-6,-6,-286,-8
-9,-11,17,3,-8,-9,-149,-10
-9,-10,16,3,-8,-9,-162,-11
-12,-9,13,2,-9,-12,-133,-14
-13,-11,9,0,-11,-15,-6,-16
-14,-11,8,0,-11,-16,92,-16
-16,-8,8,1,-12,-17,-74,-16
-17,-7,8,1,-13,-17,-95,-16
-17,-7,8,2,-12,-16,-132,-17
-19,-7,8,3,-13,-17,-249,-16
-21,-7,6,2,-16,-19,-297,-18
-20,-8,4,1,-16,-21,-55,-20
-20,-9,4,1,-15,-21,-92,-20
-19,-9,4,0,-16,-21,-137,-20
-18,-10,2,0,-16,-22,-72,-21
-18,-11,2,0,-15,-22,-231,-20
-19,-10,4,0,-14,-20,-641,-19
-19,-10,4,1,-15,-21,-635,-19
-19,-9,4,1,-15,-20,-585,-19
-20,-8,5,2,-14,-19,-660,-18
-21,-8,5,2,-15,-19,-732,-19
-20,-9,4,1,-16,-21,-612,-20
-19,-9,4,1,-15,-20,-734,-20
-19,-9,4,0,-16,-21,-794,-20
-19,-10,3,0,-16,-22,-671,-21
-18,-11,2,0,-15,-22,-531,-20
-19,-10,3,0,-14,-20,-698,-19
-19,-10,3,0,-15,-21,-701,-19
-19,-9,4,1,-15,-21,-745,-19
-20,-8,5,2,-14,-19,-843,-18
-21,-7,5,2,-15,-19,-922,-18
-20,-8,4,1,-16,-20,-713,-20
-20,-9,4,1,-15,-20,-711,-20
-19,-9,4,1,-15,-20,-710,-20
-19,-10,3,0,-16,-22,-573,-21
-18,-11,2,0,-15,-22,-500,-20
-19,-10,4,0,-14,-20,-638,-18
-19,-9,4,0,-15,-21,-570,-19
-19,-9,4,1,-14,-20,-607,-19
-20,-8,5,2,-14,-19,-750,-18
-21,-8,5,2,-15,-19,-905,-18
-20,-9,4,1,-16,-20,-758,-20
-19,-9,4,1,-15,-20,-782,-20
-19,-9,3,0,-15,-21,-812,-20
-19,-10,3,0,-16,-21,-731,-21
-18,-11,2,0,-14,-22,-623,-21
-19,-10,3,0,-14,-20,-768,-19
-19,-9,3,0,-14,-20,-768,-19
-19,-9,3,1,-14,-20,-741,-19
-19,-8,5,2,-14,-19,-782,-18
-21,-7,5,2,-15,-19,-894,-18
-20,-8,4,1,-16,-20,-764,-19
-19,-9,4,0,-15,-21,-732,-19
-19,-9,4,0,-15,-20,-693,-20
-19,-9,3,0,-16,-21,-660,-20
-18,-11,2,0,-15,-21,-534,-20
-18,-10,4,0,-14,-20,-698,-19
-19,-9,4,1,-14,-20,-676,-19
-18,-9,4,1,-14,-20,-638,-19
-19,-8,5,1,-14,-19,-706,-18
-20,-7,5,2,-15,-19,-824,-18
-20,-8,4,1,-16,-20,-655,-20
-19,-9,4,1,-15,-20,-631,-19
-19,-9,4,0,-15,-20,-646,-19
-18,-9,3,0,-16,-21,-597,-20
-18,-11,2,-1,-15,-21,-485,-20
-18,-10,3,0,-13,-20,-658,-19
-18,-9,4,0,-14,-20,-682,-18
-19,-9,4,1,-14,-20,-654,-18
-19,-9,5,1,-13,-19,-720,-18
-20,-7,5,3,-14,-19,-803,-17
-19,-8,4,1,-16,-20,-609,-19
-19,-8,4,1,-15,-20,-595,-20
-18,-9,4,0,-15,-20,-597,-19
-18,-9,3,0,-15,-21,-516,-20
-18,-10,2,0,-14,-21,-382,-20
-18,-10,4,0,-13,-20,-520,-18
-18,-9,4,0,-15,-20,-509,-19
-19,-9,4,1,-14,-20,-452,-18
-19,-8,5,1,-13,-19,-504,-17
-20,-7,6,2,-14,-18,-654,-17
-19,-8,4,1,-16,-20,-520,-19
-19,-8,4,1,-15,-19,-516,-19
-19,-8,4,0,-15,-20,-531,-20
-18,-9,3,0,-15,-21,-474,-20
-17,-11,2,0,-15,-22,-356,-20
-18,-10,3,0,-13,-20,-542,-18
-18,-9,4,0,-14,-20,-572,-18
-18,-9,4,0,-14,-20,-508,-18
-19,-8,4,1,-14,-19,-553,-17
-20,-7,5,3,-14,-18,-694,-17
-19,-8,4,1,-16,-20,-751,-19
-18,-8,4,0,-15,-20,-876,-19
-18,-9,3,0,-15,-20,-707,-19
-18,-10,3,0,-15,-20,-537,-20
-17,-10,2,0,-14,-21,-395,-20
-18,-10,3,0,-13,-20,-533,-18
-18,-9,3,0,-14,-20,-520,-19
-19,-9,4,0,-14,-20,-498,-18
-19,-9,5,1,-14,-19,-544,-18
-19,-7,6,3,-14,-18,-667,-17
-19,-8,4,1,-16,-20,-498,-19
-18,-8,4,1,-15,-20,-469,-19
-18,-9,3,0,-15,-20,-514,-19
-18,-9,3,0,-15,-20,-475,-19
-17,-10,2,0,-14,-21,-407,-20
-18,-9,3,0,-13,-20,-676,-18
-18,-9,3,0,-14,-20,-742,-18
-18,-9,4,0,-14,-19,-728,-18
-19,-8,4,1,-13,-19,-701,-17
-20,-7,5,2,-14,-18,-652,-17
-19,-8,4,1,-16,-20,-396,-19
-19,-8,4,1,-14,-20,-339,-19
-19,-8,4,0,-14,-20,-375,-19
-18,-9,3,0,-15,-20,-352,-20
-17,-10,1,-1,-15,-21,-201,-20
-17,-9,3,0,-13,-20,-357,-18
-18,-9,3,0,-14,-19,-399,-18
-18,-9,4,1,-14,-19,-355,-18
-19,-9,4,1,-13,-19,-405,-18
-20,-7,6,3,-13,-18,-593,-17
-19,-8,4,1,-15,-19,-467,-19
-19,-8,4,0,-15,-19,-426,-19
-18,-9,4,0,-14,-19,-496,-19
-18,-9,3,0,-15,-20,-453,-19
-17,-10,1,-1,-14,-21,-274,-20
-17,-9,3,0,-13,-19,-471,-18
-18,-9,3,0,-14,-19,-561,-18
-18,-9,4,1,-14,-19,-509,-18
-18,-9,4,1,-13,-18,-533,-17
-20,-7,6,3,-14,-18,-634,-17
-19,-8,4,1,-15,-19,-463,-18
-18,-8,4,1,-15,-19,-412,-19
-18,-8,3,1,-14,-19,-514,-19
-18,-9,3,0,-15,-20,-549,-19
-17,-10,1,-1,-14,-21,-394,-20
-17,-9,3,0,-13,-19,-507,-18
-18,-9,3,0,-14,-19,-560,-18
-18,-9,3,0,-14,-20,-439,-18
-18,-8,4,1,-14,-19,-412,-17
-19,-7,5,2,-14,-18,-552,-17
-19,-8,4,1,-15,-19,-440,-18
-18,-8,4,1,-14,-19,-410,-18
-18,-8,4,0,-14,-19,-462,-18
-18,-9,3,0,-14,-19,-446,-19
-17,-10,2,-1,-14,-20,-330,-19
-17,-10,3,0,-12,-19,-422,-18
-18,-9,3,0,-13,-19,-430,-18
-17,-8,4,0,-13,-19,-390,-18
-18,-8,4,1,-13,-18,-388,-17
-19,-7,6,2,-13,-17,-513,-17
-19,-8,4,1,-15,-19,-393,-18
-18,-8,4,1,-14,-19,-363,-18
-18,-8,3,0,-14,-19,-420,-19
-18,-9,3,0,-14,-19,-405,-19
-17,-10,1,-1,-14,-21,-283,-20
-17,-9,3,0,-12,-19,-404,-18
-18,-9,3,0,-13,-19,-508,-18
-18,-8,4,0,-13,-19,-442,-17
-17,-7,6,1,-12,-16,-445,-15
-15,-4,12,4,-10,-11,-608,-12
-13,-4,13,3,-10,-10,-622,-12
-11,-4,15,3,-8,-7,-627,-11
-8,-4,18,4,-6,-5,-649,-8
-4,-6,21,4,-3,-1,-624,-6
0,-8,23,3,-2,0,-445,-4
0,-7,26,5,0,3,-482,-1
2,-7,29,5,1,6,-514,1
3,-7,31,6,3,8,-460,2
3,-4,33,7,3,10,-465,3
2,-2,35,9,3,12,-608,4
4,-4,35,8,3,11,-506,4
6,-5,35,7,3,12,-410,4
6,-5,35,7,4,12,-599,4
6,-6,35,6,4,11,-576,3
8,-7,33,5,4,10,-361,2
7,-7,34,6,5,11,-441,4
7,-10,33,6,4,10,-523,4
6,-11,32,6,4,9,-557,4
6,-10,33,6,4,10,-975,4
5,-8,34,8,4,10,-1363,5
3,-7,31,6,1,8,-1337,1
3,-7,31,6,1,8,-1268,1
3,-7,31,6,2,8,-916,1
3,-8,30,5,1,6,-545,0
2,-10,25,3,0,2,-331,-2
1,-10,25,4,1,3,-445,-1
1,-10,25,4,0,2,-547,-1
0,-11,22,4,-1,0,-498,-3
-2,-10,21,4,-2,-1,-545,-3
-5,-7,22,5,-3,0,-736,-3
-5,-8,19,4,-5,-3,-621,-6
-6,-9,16,3,-6,-6,-502,-8
-8,-9,15,2,-6,-7,-529,-9
-9,-8,13,2,-8,-9,-520,-10
-9,-9,10,0,-9,-11,-391,-13
-12,-9,8,1,-8,-13,-477,-14
-15,-7,7,1,-11,-14,-581,-15
-16,-7,6,1,-12,-16,-550,-16
-18,-8,4,1,-13,-18,-564,-17
-19,-7,5,2,-13,-18,-718,-16
-19,-7,4,1,-15,-18,-616,-18
-18,-8,3,1,-14,-19,-500,-18
-18,-8,3,0,-14,-19,-542,-18
-17,-9,2,0,-14,-19,-533,-18
-17,-10,1,-1,-15,-21,-376,-19
-16,-9,2,0,-13,-19,-433,-18
-17,-8,3,0,-13,-19,-561,-18
-17,-8,3,0,-13,-19,-518,-17
-18,-8,3,1,-13,-18,-507,-17
-19,-7,5,3,-13,-17,-682,-16
-18,-7,3,1,-15,-18,-663,-18
-18,-8,3,0,-14,-19,-623,-18
-18,-8,3,0,-14,-19,-691,-18
-18,-8,2,0,-15,-19,-784,-18
-17,-9,1,-1,-15,-20,-934,-19
-17,-9,2,0,-12,-19,-1081,-18
-17,-8,3,0,-13,-19,-1172,-17
-17,-8,3,0,-14,-19,-1109,-17
-17,-8,3,1,-13,-19,-1041,-17
-19,-7,5,2,-13,-17,-1181,-16
-18,-7,4,1,-14,-18,-1161,-17
-18,-8,3,0,-14,-18,-1055,-18
-17,-8,3,0,-14,-19,-1094,-18
-17,-8,2,0,-14,-19,-1096,-18
-17,-9,1,-1,-15,-21,-943,-20
-16,-9,2,0,-13,-20,-968,-18
-17,-8,3,0,-13,-19,-1081,-17
-18,-8,2,0,-13,-19,-1064,-18
-17,-8,3,1,-13,-18,-1061,-17
-18,-6,5,2,-12,-17,-1157,-16
-18,-7,4,1,-14,-18,-1099,-18
-18,-8,3,1,-14,-19,-1038,-18
-18,-8,3,1,-13,-18,-1113,-18
-17,-8,2,0,-14,-19,-1300,-18
-19,-10,3,0,-16,-23,-1278,-22
-24,-12,12,1,-19,-30,-1317,-26
-29,-15,20,4,-23,-37,-1371,-30
-35,-16,28,6,-27,-44,-1285,-35
-39,-15,32,7,-30,-47,-1228,-37
-39,-6,29,7,-28,-41,-1336,-34
-32,1,16,3,-24,-30,-1294,-28
-21,14,-5,-3,-14,-9,-1193,-15
-2,40,-40,-13,1,25,-1199,6
20,64,-82,-24,19,65,-1189,32
47,84,-126,-38,39,105,-1057,58
199,190,-362,-94,158,342,-1016,218
221,188,-388,-100,173,366,-889,237
237,190,-408,-104,185,386,-878,251
247,194,-422,-108,192,399,-796,261
253,186,-428,-110,196,401,-717,263
256,175,-423,-107,198,399,-763,264
252,167,-413,-103,195,390,-881,259
243,158,-398,-98,187,375,-824,249
231,148,-378,-93,179,357,-847,237
216,135,-352,-85,168,334,-1008,223
197,116,-321,-77,151,302,-1021,201
176,95,-284,-68,134,264,-942,176
152,73,-243,-57,115,224,-1025,150
126,47,-199,-46,94,180,-1085,121
101,18,-155,-35,73,133,-1026,91
76,-4,-111,-23,55,93,-1052,65
49,-21,-70,-12,34,54,-1206,39
22,-39,-29,-2,14,13,-1191,11
-4,-55,0,1,-6,-28,-1223,-16
-34,-77,8,3,-28,-73,-1411,-45
-60,-90,8,2,-50,-111,-1425,-72
-75,-79,8,1,-61,-124,-1273,-85
-78,-63,8,1,-61,-119,-1292,-83
-68,-53,7,1,-53,-101,-1306,-72
-53,-40,5,0,-43,-79,-1188,-58
-38,-29,6,0,-30,-56,-1112,-42
-28,-20,7,1,-21,-37,-1214,-29
-21,-12,7,1,-16,-24,-1167,-21
-19,-10,7,1,-15,-21,-1174,-19
-20,-8,9,3,-14,-20,-1273,-18
-21,-8,8,3,-16,-21,-1290,-19
-20,-9,7,2,-16,-22,-1213,-20
-20,-10,7,1,-15,-22,-1262,-20
-20,-10,7,1,-15,-22,-1256,-20
-19,-11,5,0,-16,-23,-1192,-21
-18,-11,6,0,-14,-23,-1244,-20
-19,-10,7,1,-14,-22,-1402,-19
-19,-10,7,2,-15,-22,-1363,-19
-19,-9,7,2,-14,-21,-1331,-19
-20,-8,8,3,-14,-20,-1359,-18
-21,-8,8,2,-16,-21,-1398,-19
-19,-9,7,2,-16,-21,-1279,-20
-20,-9,7,1,-15,-22,-1341,-20
-19,-9,7,1,-15,-22,-1352,-20
-18,-11,6,0,-16,-23,-1232,-21
-18,-11,6,0,-14,-22,-1244,-20
-19,-10,7,1,-14,-21,-1448,-19
-19,-10,6,1,-15,-22,-1431,-19
-19,-9,7,2,-14,-21,-1410,-19
-20,-8,8,4,-14,-20,-1428,-18
-20,-8,8,3,-16,-21,-1442,-19
-20,-9,7,1,-16,-21,-1319,-20
-20,-9,7,1,-15,-21,-1337,-20
-19,-9,6,1,-15,-22,-1334,-20
-18,-10,5,0,-16,-22,-1250,-21
-18,-11,5,0,-14,-22,-1256,-20
-19,-10,7,1,-14,-21,-1393,-19
-19,-10,7,1,-14,-22,-1303,-19
-19,-9,7,1,-14,-21,-1161,-19
-20,-8,8,3,-13,-20,-1220,-17
-20,-8,8,3,-15,-20,-1323,-18
-20,-9,7,2,-16,-21,-1223,-19
-19,-9,7,1,-15,-21,-1269,-19
-19,-9,7,1,-15,-22,-1247,-20
-18,-10,5,0,-16,-23,-1163,-21
-18,-11,5,0,-14,-22,-1176,-20
-19,-10,6,1,-14,-21,-1327,-18
-18,-9,8,1,-14,-20,-1318,-18
-17,-7,11,2,-12,-18,-1303,-16
-17,-6,12,4,-11,-16,-1364,-14
-17,-5,13,4,-12,-15,-1405,-15
-14,-5,15,4,-12,-13,-1270,-14
-13,-6,16,4,-10,-12,-1304,-13
-11,-7,17,4,-9,-11,-1307,-12
-10,-9,16,2,-9,-12,-1213,-13
-9,-10,15,2,-8,-12,-1137,-12
-9,-8,18,3,-7,-10,-1293,-10
-8,-7,21,4,-6,-7,-1296,-9
-8,-7,22,5,-6,-6,-1253,-8
-8,-6,23,6,-5,-5,-1319,-7
-7,-6,24,6,-6,-4,-1333,-7
-5,-8,23,5,-5,-5,-1148,-7
-5,-7,24,5,-4,-3,-1170,-6
-5,-5,26,5,-4,-2,-1183,-6
-3,-7,26,4,-4,-2,-1132,-6
-1,-9,26,4,-1,-1,-1087,-5
-2,-8,28,5,-1,0,-1280,-3
0,-6,30,6,-1,1,-1315,-2
1,-4,35,7,0,5,-1356,0
3,-1,40,10,3,10,-1425,4
5,0,44,11,4,15,-1486,6
7,0,45,10,5,16,-1363,7
10,0,48,11,7,18,-1385,9
12,2,52,11,9,23,-1399,11
15,3,56,11,11,26,-1382,13
19,4,59,12,14,30,-1297,16
22,7,65,15,17,35,-1454,21
24,6,68,15,18,38,-1479,23
27,7,72,16,20,42,-1477,26
29,10,77,18,23,48,-1495,30
31,12,82,20,24,52,-1504,32
34,13,85,20,25,55,-1343,33
38,15,89,20,28,59,-1360,36
40,14,92,21,30,62,-1353,38
44,13,94,20,32,64,-1289,40
45,13,95,20,34,66,-1250,41
47,15,99,22,36,70,-1385,45
47,15,101,23,36,71,-1354,46
49,14,102,23,38,72,-1338,47
49,14,103,24,38,74,-1395,49
49,14,105,25,37,74,-1465,49
51,15,106,24,38,76,-1297,49
52,15,106,24,39,76,-1303,49
52,15,106,24,39,76,-1311,49
53,14,104,22,37,74,-1247,47
52,12,101,21,38,72,-1157,46
51,11,101,22,38,71,-1302,47
49,9,99,21,37,69,-1318,46
47,9,97,21,36,68,-1319,45
45,8,96,22,35,66,-1372,44
43,9,94,22,33,64,-1459,42
42,7,90,20,31,61,-1315,39
41,6,87,19,30,58,-1332,38
39,3,84,18,29,55,-1347,35
37,2,80,16,26,51,-1251,32
35,2,76,15,26,47,-1138,30
33,0,74,16,25,45,-1211,29
31,-3,71,14,22,42,-1186,27
28,-5,67,13,20,38,-1165,24
26,-7,64,13,20,35,-1215,23
24,-9,61,13,18,32,-1291,21
22,-12,55,10,15,26,-1141,17
19,-12,52,9,14,23,-1160,14
17,-10,49,9,11,21,-1187,13
14,-10,45,8,9,17,-1130,9
14,-11,43,6,8,15,-1040,8
12,-12,42,7,9,14,-1190,8
10,-12,40,7,6,11,-1169,6
9,-11,38,7,5,10,-1158,5
5,-10,37,7,4,9,-1236,4
3,-9,35,8,2,7,-1349,2
2,-9,33,6,0,4,-1195,0
1,-11,30,5,0,2,-1213,0
0,-11,28,4,0,0,-1294,-3
-1,-11,26,4,-2,-1,-1328,-4
-1,-11,23,3,-2,-3,-1297,-5
-3,-11,23,4,-2,-4,-1434,-5
-5,-10,21,3,-4,-6,-1430,-6
-6,-10,20,4,-5,-6,-1422,-7
-7,-12,19,4,-5,-7,-1479,-7
-10,-10,18,5,-7,-8,-1584,-8
-10,-10,16,3,-9,-11,-1413,-11
-12,-9,15,3,-9,-12,-1367,-12
-14,-10,11,2,-11,-15,-1380,-15
-15,-10,9,1,-12,-17,-1368,-17
-15,-9,7,0,-13,-19,-1318,-18
-17,-8,7,1,-12,-19,-1471,-16
-17,-8,8,1,-12,-19,-1463,-16
-18,-8,7,1,-12,-19,-1405,-17
-20,-8,5,2,-14,-21,-1435,-18
-21,-8,6,3,-15,-21,-1595,-18
-20,-8,4,1,-16,-22,-1488,-20
-20,-9,4,1,-16,-23,-1491,-20
-19,-10,4,1,-16,-23,-1511,-20
-19,-10,3,0,-16,-23,-1459,-21
-18,-11,2,0,-16,-24,-1362,-21
-19,-10,3,0,-14,-22,-1511,-19
-19,-9,3,0,-15,-23,-1524,-19
-20,-9,3,0,-15,-22,-1487,-20
-20,-9,4,1,-14,-21,-1538,-19
-21,-7,6,3,-15,-21,-1655,-18
-20,-8,4,1,-16,-22,-1502,-20
-20,-9,4,1,-16,-23,-1519,-20
-20,-9,4,0,-16,-23,-1524,-20
-20,-9,3,0,-16,-23,-1457,-21
-18,-11,1,0,-15,-24,-1310,-21
-19,-10,3,0,-14,-23,-1416,-19
-19,-9,3,0,-15,-23,-1423,-19
-19,-9,3,0,-15,-22,-1414,-19
-20,-9,4,2,-14,-22,-1476,-18
-21,-7,6,3,-15,-21,-1585,-18
-20,-8,4,1,-16,-22,-1466,-20
-20,-9,4,1,-15,-22,-1471,-20
-20,-9,4,1,-15,-23,-1498,-20
-19,-9,3,0,-16,-23,-1448,-21
-18,-11,1,0,-16,-24,-1329,-21
-18,-10,3,0,-14,-22,-1439,-19
-19,-10,4,1,-15,-22,-1455,-19
-19,-9,4,1,-15,-22,-1442,-19
-20,-8,5,1,-14,-22,-1489,-18
-21,-7,6,3,-15,-21,-1605,-18
-21,-8,4,1,-16,-22,-1480,-20
-20,-9,4,1,-15,-22,-1442,-20
-19,-9,4,0,-15,-22,-1449,-20
-19,-9,3,0,-16,-23,-1392,-20
-18,-10,2,0,-15,-24,-1282,-21
-19,-10,3,0,-13,-22,-1415,-19
-19,-9,4,0,-14,-22,-1440,-19
-19,-9,4,0,-14,-22,-1386,-19
-20,-9,4,1,-14,-22,-1412,-18
-20,-8,6,3,-14,-21,-1563,-17
-20,-8,4,1,-16,-22,-1438,-20
-20,-9,4,1,-16,-22,-1422,-20
-19,-9,4,0,-15,-22,-1510,-20
-19,-9,3,0,-15,-23,-1500,-20
-18,-10,1,-1,-15,-24,-1369,-21
-18,-10,3,0,-14,-22,-1471,-19
-19,-9,3,1,-15,-22,-1487,-19
-19,-9,4,1,-14,-22,-1402,-19
-20,-8,4,1,-14,-22,-1397,-18
-21,-7,5,3,-14,-20,-1551,-17
-20,-8,4,1,-16,-22,-1452,-20
-20,-8,4,1,-15,-22,-1470,-20
-19,-9,4,0,-15,-22,-1535,-19
-19,-9,3,0,-16,-23,-1479,-20
-18,-10,1,-1,-15,-24,-1336,-21
-18,-10,3,0,-13,-22,-1445,-19
-19,-9,3,0,-14,-22,-1507,-18
-19,-9,3,0,-15,-22,-1547,-19
-19,-9,4,1,-14,-21,-1580,-18
-20,-7,6,3,-14,-20,-1715,-18
-20,-8,4,1,-16,-21,-1609,-19
-19,-8,4,0,-15,-22,-1579,-19
-19,-9,4,0,-15,-22,-1623,-19
-19,-9,3,0,-16,-22,-1587,-20
-18,-11,1,-1,-15,-23,-1481,-21
-18,-10,3,0,-14,-22,-1584,-19
-19,-9,3,0,-15,-22,-1595,-19
-19,-9,4,1,-14,-22,-1560,-18
-19,-9,4,1,-14,-21,-1523,-18
-20,-7,6,3,-14,-20,-1597,-17
-20,-8,4,1,-16,-21,-1504,-19
-19,-8,4,1,-15,-22,-1536,-19
-19,-8,4,1,-15,-22,-1544,-19
-19,-9,3,0,-15,-22,-1461,-20
-18,-11,1,-1,-15,-23,-1326,-21
-18,-10,3,0,-13,-22,-1443,-19
-18,-9,3,0,-14,-21,-1594,-19
-19,-9,3,1,-14,-21,-1598,-19
-19,-9,4,1,-14,-21,-1615,-18
-20,-7,6,3,-14,-20,-1731,-17
-20,-7,4,1,-16,-21,-1528,-19
-19,-8,4,0,-15,-22,-1437,-19
-19,-9,3,0,-15,-22,-1549,-20
-19,-9,3,0,-15,-22,-1558,-20
-18,-10,2,0,-15,-23,-1442,-21
-18,-10,3,0,-13,-22,-1530,-19
-18,-9,3,0,-14,-21,-1589,-19
-19,-9,3,0,-14,-22,-1542,-19
-19,-8,4,1,-13,-21,-1569,-18
-20,-7,6,3,-14,-20,-1698,-17
-20,-7,4,1,-16,-21,-1625,-18
-19,-8,4,1,-15,-21,-1593,-19
-19,-9,4,1,-15,-21,-1599,-19
-18,-8,5,1,-14,-20,-1509,-18
-14,-8,7,0,-12,-18,-1377,-17
-12,-7,11,1,-9,-14,-1508,-13
-12,-5,13,3,-9,-11,-1597,-11
-10,-5,17,4,-7,-8,-1593,-9
-6,-6,21,5,-4,-4,-1592,-6
-4,-5,26,7,-1,0,-1673,-2
-2,-5,27,6,-2,0,-1596,-3
0,-6,29,6,0,3,-1525,0
2,-7,31,6,1,5,-1549,0
3,-5,32,6,1,5,-1485,0
4,-4,32,5,1,6,-1361,0
5,-5,33,6,4,8,-1489,3
5,-6,35,7,4,9,-1569,4
5,-5,35,7,4,9,-1519,4
5,-5,35,7,4,10,-1561,4
4,-4,37,9,4,11,-1699,5
4,-5,36,8,2,9,-1597,3
5,-8,34,7,3,8,-1422,3
6,-10,32,6,3,7,-1417,2
6,-11,32,5,3,7,-1402,2
7,-12,30,4,2,5,-1311,1
5,-10,30,5,3,5,-1389,1
3,-8,31,6,2,5,-1491,1
2,-8,31,6,2,5,-1490,1
2,-8,31,7,2,5,-1528,1
0,-7,30,7,1,4,-1615,1
0,-8,27,6,-1,1,-1483,-1
0,-9,26,5,0,0,-1408,-2
-1,-10,24,4,-1,-1,-1504,-3
-2,-11,21,3,-3,-3,-1529,-5
-3,-11,18,1,-4,-6,-1431,-7
-4,-10,18,2,-4,-6,-1466,-7
-6,-10,16,3,-5,-8,-1475,-8
-8,-10,15,3,-6,-9,-1396,-9
-10,-8,14,3,-7,-10,-1398,-10
-12,-7,14,4,-8,-10,-1512,-10
-14,-7,11,3,-11,-14,-1450,-13
-15,-7,8,2,-12,-17,-1351,-16
-17,-7,6,1,-13,-18,-1375,-17
-18,-8,3,0,-14,-21,-1420,-19
-17,-10,1,0,-15,-23,-1357,-21
-17,-10,2,0,-13,-22,-1375,-19
-18,-9,2,0,-13,-21,-1440,-18
-18,-8,2,0,-14,-21,-1403,-19
-18,-8,3,1,-14,-21,-1430,-18
-20,-7,5,2,-13,-20,-1579,-17
-19,-7,4,1,-15,-21,-1623,-18
-19,-8,3,0,-15,-21,-1487,-19
-18,-8,3,1,-15,-21,-1448,-19
-19,-9,2,0,-15,-22,-1438,-19
-18,-10,1,-1,-15,-23,-1318,-21
-17,-10,2,0,-13,-22,-1345,-19
-18,-9,2,0,-14,-21,-1443,-18
-18,-9,3,0,-14,-21,-1402,-18
-18,-9,3,1,-14,-21,-1424,-18
-19,-7,5,2,-13,-19,-1551,-17
-19,-7,4,1,-15,-20,-1482,-18
-19,-8,3,0,-15,-21,-1371,-19
-18,-8,3,1,-15,-21,-1434,-19
-18,-8,2,0,-15,-22,-1432,-19
-17,-9,1,-1,-15,-23,-1332,-20
-17,-10,2,0,-13,-22,-1339,-19
-18,-9,3,0,-13,-21,-1425,-18
-18,-9,3,0,-14,-21,-1304,-18
-19,-9,3,0,-14,-21,-1289,-18
-20,-7,5,2,-13,-19,-1412,-17
-19,-7,4,2,-15,-20,-1386,-18
-18,-8,3,1,-15,-21,-1284,-19
-18,-8,3,0,-14,-21,-1308,-19
-18,-8,3,0,-15,-21,-1282,-19
-17,-10,1,-1,-15,-23,-1124,-20
-17,-10,1,0,-13,-22,-1087,-19
-18,-9,2,0,-14,-21,-1208,-18
-18,-8,2,0,-14,-21,-1196,-18
-18,-8,3,1,-14,-21,-1187,-18
-20,-7,6,2,-14,-21,-1327,-18
-26,-9,12,3,-20,-29,-1364,-24
-30,-13,19,4,-24,-37,-1228,-30
-34,-15,25,6,-27,-44,-1206,-35
-39,-16,32,7,-30,-50,-1173,-39
-39,-11,28,4,-30,-49,-1063,-39
-34,-3,18,2,-25,-38,-1054,-32
-25,7,2,-1,-17,-20,-1174,-20
-9,31,-29,-10,-4,11,-1094,-1
12,56,-69,-21,13,50,-1008,24
36,80,-109,-30,33,92,-1155,52
61,102,-152,-42,52,133,-1196,79
88,123,-195,-54,72,174,-1047,106
114,144,-238,-65,93,216,-1029,133
140,164,-280,-76,113,257,-990,159
166,180,-320,-88,132,294,-866,185
192,187,-355,-95,154,329,-801,210
215,187,-381,-99,170,356,-874,231
232,189,-402,-103,182,377,-840,247
243,193,-419,-107,191,394,-838,258
249,191,-424,-106,196,402,-938,265
252,181,-422,-105,196,399,-953,264
251,170,-415,-103,194,391,-835,260
245,161,-403,-100,189,378,-872,252
234,151,-384,-95,180,360,-903,240
222,137,-363,-90,169,337,-826,224
205,120,-334,-82,157,308,-821,206
183,100,-296,-72,141,273,-974,185
160,79,-256,-61,121,234,-965,158
134,55,-212,-49,101,191,-996,131
106,29,-165,-35,81,147,-1162,103
80,4,-121,-24,58,104,-1242,73
55,-14,-82,-14,38,63,-1114,46
30,-32,-41,-4,19,23,-1159,18
2,-49,-6,0,-1,-17,-1167,-9
-24,-72,4,0,-25,-64,-1121,-40
-51,-92,5,0,-44,-106,-1141,-68
-72,-86,7,1,-58,-125,-1285,-83
-79,-68,7,1,-62,-124,-1250,-85
-72,-57,8,2,-56,-110,-1227,-77
-59,-43,9,3,-45,-86,-1301,-60
-46,-30,8,3,-35,-63,-1307,-46
-33,-21,7,2,-26,-45,-1126,-34
-23,-13,7,2,-18,-29,-1124,-24
-20,-10,7,2,-16,-24,-1128,-21
-20,-11,5,0,-16,-25,-1061,-22
-19,-11,5,0,-15,-25,-1041,-21
-19,-10,7,1,-15,-24,-1182,-20
-20,-10,7,1,-16,-24,-1135,-20
-20,-10,7,2,-15,-24,-1129,-20
-21,-9,9,3,-15,-23,-1247,-19
-21,-8,9,3,-16,-23,-1281,-20
-21,-9,7,2,-17,-24,-1138,-21
-20,-10,7,2,-16,-24,-1162,-20
-20,-10,7,1,-16,-24,-1175,-21
-20,-11,5,0,-17,-25,-1112,-22
-19,-11,5,0,-15,-25,-1108,-21
-19,-10,6,1,-15,-24,-1286,-20
-20,-10,7,1,-15,-24,-1276,-20
-20,-10,7,2,-15,-24,-1281,-19
-20,-9,8,3,-15,-22,-1353,-18
-21,-8,8,3,-16,-23,-1386,-19
-20,-9,7,2,-17,-24,-1255,-20
-20,-9,7,1,-16,-24,-1290,-21
-20,-10,6,1,-16,-24,-1284,-21
-19,-10,5,0,-17,-25,-1192,-22
-19,-11,5,0,-15,-25,-1123,-21
-19,-11,7,1,-14,-24,-1248,-19
-19,-10,7,1,-15,-24,-1207,-20
-19,-10,7,1,-15,-24,-1227,-20
-20,-9,8,3,-15,-23,-1330,-18
-21,-8,8,3,-16,-23,-1395,-19
-21,-9,7,2,-17,-24,-1273,-21
-20,-9,7,2,-16,-24,-1314,-20
-20,-10,7,2,-16,-24,-1345,-21
-19,-10,5,0,-16,-25,-1271,-22
-18,-11,5,0,-15,-25,-1187,-21
-19,-11,6,1,-14,-24,-1282,-20
-20,-10,6,1,-15,-24,-1240,-20
-20,-10,7,2,-15,-24,-1246,-20
-20,-9,8,3,-14,-23,-1345,-18
-21,-8,8,3,-16,-23,-1426,-19
-20,-9,7,2,-16,-24,-1243,-20
-19,-9,7,2,-15,-23,-1230,-20
-18,-8,10,2,-14,-20,-1227,-18
-16,-8,10,1,-14,-20,-1134,-18
-15,-9,10,1,-13,-20,-1069,-17
-14,-8,13,3,-10,-16,-1250,-14
-14,-7,15,3,-10,-15,-1262,-13
-12,-8,16,3,-9,-13,-1250,-12
-12,-8,18,5,-8,-12,-1319,-11
-13,-7,19,5,-9,-11,-1414,-11
-12,-8,18,4,-10,-12,-1285,-12
-10,-7,20,4,-7,-10,-1310,-10
-9,-7,21,4,-7,-9,-1275,-9
-8,-7,20,3,-8,-10,-1183,-11
-6,-9,20,3,-6,-10,-1156,-10
-5,-10,23,4,-4,-7,-1281,-7
-5,-9,24,5,-4,-6,-1230,-6
-6,-6,25,6,-4,-4,-1196,-6
-6,-5,27,7,-3,-2,-1260,-4
-5,-6,29,8,-3,-1,-1328,-4
-4,-7,28,6,-4,-3,-1182,-5
-2,-7,29,6,-2,-1,-1204,-4
0,-5,33,7,0,1,-1215,-1
2,-4,36,7,0,5,-1147,0
6,-3,40,7,3,9,-1046,3
8,-1,44,9,6,13,-1199,7
9,0,46,10,6,15,-1239,8
11,1,51,11,8,19,-1266,10
13,4,56,14,11,24,-1336,14
15,6,61,15,13,29,-1390,17
19,7,64,15,13,32,-1248,18
22,7,67,16,16,35,-1264,21
25,6,70,16,18,38,-1274,23
28,7,74,16,20,42,-1213,25
32,8,77,17,24,46,-1116,28
34,11,83,19,27,52,-1245,32
37,13,88,20,28,56,-1237,35
40,13,91,21,30,59,-1232,38
42,13,96,23,33,63,-1292,42
43,15,99,24,33,66,-1393,43
45,15,99,23,33,66,-1260,42
46,15,101,23,34,68,-1255,44
47,14,101,23,35,69,-1272,45
49,12,101,22,35,69,-1237,45
51,11,101,21,36,69,-1100,45
51,13,105,23,39,73,-1199,49
52,14,106,24,39,74,-1166,49
52,14,106,24,39,74,-1143,49
51,15,107,25,39,75,-1192,50
48,15,105,25,37,73,-1338,48
48,13,102,23,35,70,-1227,46
48,10,100,22,36,68,-1244,45
47,9,98,22,34,66,-1259,43
46,7,95,20,33,63,-1248,41
46,6,91,19,32,60,-1131,39
43,5,91,20,33,59,-1247,40
41,5,88,19,30,57,-1250,38
40,3,85,18,29,54,-1241,36
37,2,83,18,28,51,-1298,35
33,4,81,19,25,49,-1392,32
31,2,75,17,22,44,-1230,28
31,-1,72,15,22,41,-1216,27
29,-4,68,14,20,37,-1267,24
27,-7,63,12,18,32,-1227,20
27,-12,58,10,17,28,-1094,18
24,-13,56,10,17,26,-1259,18
20,-14,53,9,14,22,-1266,15
17,-11,50,10,12,19,-1252,13
14,-9,48,10,11,18,-1308,12
11,-8,47,11,9,16,-1410,11
10,-10,44,9,6,12,-1283,7
9,-12,41,8,6,10,-1295,5
8,-12,39,7,5,8,-1311,4
6,-11,36,6,3,6,-1236,2
5,-13,32,4,2,2,-1118,0
4,-12,33,6,2,3,-1273,0
1,-11,31,6,0,1,-1310,0
0,-12,28,5,0,-1,-1292,-2
-1,-10,28,6,-1,-1,-1313,-2
-4,-8,28,7,-2,-2,-1441,-3
-5,-10,24,5,-5,-5,-1308,-6
-6,-11,22,4,-5,-7,-1255,-7
-7,-10,20,4,-6,-8,-1277,-8
-6,-12,18,3,-7,-11,-1275,-10
-7,-14,15,1,-7,-14,-1157,-12
-9,-12,16,2,-6,-13,-1297,-11
-10,-10,15,3,-9,-14,-1333,-12
-13,-10,12,2,-11,-17,-1316,-14
-15,-10,10,3,-11,-18,-1347,-15
-18,-7,11,4,-12,-18,-1470,-15
-18,-7,9,3,-15,-21,-1347,-17
-18,-7,8,2,-14,-21,-1334,-17
-18,-7,8,2,-14,-21,-1372,-18
-21,-10,4,1,-15,-24,-1333,-19
-22,-8,6,3,-15,-23,-1434,-19
-21,-9,4,1,-17,-24,-1320,-20
-21,-9,4,1,-16,-25,-1305,-21
-20,-9,4,0,-16,-25,-1369,-21
-20,-10,3,0,-17,-25,-1341,-22
-19,-11,2,-1,-16,-26,-1194,-22
-20,-10,3,0,-15,-25,-1299,-20
-20,-10,4,0,-15,-25,-1314,-20
-20,-9,4,1,-15,-24,-1290,-20
-20,-9,5,1,-15,-24,-1369,-20
-21,-8,6,3,-15,-23,-1506,-19
-21,-9,5,1,-16,-24,-1344,-20
-21,-9,4,1,-16,-24,-1297,-21
-20,-10,4,0,-16,-25,-1344,-21
-20,-10,3,0,-16,-25,-1308,-21
-19,-11,2,0,-16,-26,-1173,-22
-19,-10,3,0,-15,-25,-1288,-20
-20,-9,3,1,-15,-25,-1321,-20
-20,-9,4,1,-16,-24,-1283,-20
-20,-9,4,1,-15,-24,-1240,-19
-21,-8,6,3,-15,-23,-1317,-18
-21,-9,4,1,-17,-24,-1165,-21
-21,-9,4,1,-16,-24,-1096,-21
-20,-9,4,1,-16,-25,-1128,-20
-20,-10,3,0,-16,-25,-1105,-21
-19,-11,2,0,-16,-26,-944,-22
-19,-10,3,0,-14,-25,-1013,-20
-19,-10,3,0,-15,-25,-1047,-20
-20,-9,4,1,-15,-24,-992,-19
-20,-9,4,1,-15,-24,-991,-19
-21,-8,6,3,-15,-23,-1104,-18
-21,-8,4,1,-17,-24,-970,-21
-20,-9,4,1,-16,-24,-930,-20
-20,-9,4,1,-16,-24,-977,-20
-20,-9,3,0,-16,-25,-968,-21
-19,-10,2,0,-16,-26,-864,-22
-19,-10,3,0,-14,-25,-964,-20
-19,-10,3,0,-15,-24,-1018,-20
-20,-10,3,0,-15,-24,-980,-20
-20,-9,4,1,-15,-24,-1013,-19
-21,-8,6,3,-15,-23,-1128,-18
-21,-8,4,1,-17,-24,-992,-20
-20,-9,4,1,-16,-24,-933,-21
-20,-9,4,1,-16,-24,-988,-20
-19,-10,3,0,-16,-25,-1007,-21
-19,-11,1,0,-16,-25,-893,-22
-19,-10,3,0,-14,-24,-987,-19
-19,-10,3,0,-15,-24,-1059,-19
-20,-9,4,1,-15,-24,-1015,-20
-20,-9,4,1,-14,-24,-1053,-19
-21,-8,6,3,-14,-22,-1230,-18
-21,-8,4,2,-17,-24,-1130,-20
-20,-9,4,1,-16,-24,-1081,-20
-20,-9,4,0,-16,-24,-1121,-20
-20,-9,3,0,-16,-24,-1108,-21
-19,-11,2,0,-16,-26,-1001,-22
-18,-10,3,0,-14,-24,-1089,-20
-19,-10,3,1,-15,-24,-1157,-19
-20,-10,4,1,-15,-24,-1122,-19
-20,-9,4,1,-15,-24,-1153,-19
-21,-8,5,2,-15,-22,-1293,-18
-20,-8,4,1,-17,-23,-1213,-20
-20,-9,4,1,-16,-24,-1143,-20
-20,-9,3,1,-16,-24,-1200,-20
-19,-9,3,0,-16,-24,-1163,-21
-19,-11,2,0,-16,-25,-1041,-21
-19,-10,3,0,-14,-24,-1077,-20
-19,-9,3,0,-15,-24,-1126,-20
-20,-9,3,1,-15,-24,-1104,-19
-19,-9,4,1,-15,-23,-1157,-19
-20,-8,5,3,-14,-22,-1309,-17
-20,-8,5,1,-16,-23,-1218,-19
-20,-9,4,1,-16,-24,-1128,-20
-20,-9,4,0,-15,-24,-1138,-20
-19,-9,3,0,-16,-24,-1063,-20
-18,-11,2,-1,-16,-25,-886,-21
-18,-10,3,0,-14,-24,-948,-19
-19,-9,3,0,-14,-24,-987,-19
-19,-9,3,1,-15,-24,-939,-19
-20,-9,4,1,-15,-23,-954,-19
-21,-8,6,3,-15,-22,-1092,-18
-21,-8,4,2,-16,-23,-1021,-19
-20,-8,4,1,-16,-23,-945,-20
-19,-9,3,1,-15,-24,-1019,-20
-19,-9,3,0,-16,-24,-1091,-20
-18,-10,1,0,-16,-25,-1006,-21
-18,-11,3,0,-13,-24,-1041,-19
-19,-10,3,0,-15,-24,-1035,-19
-19,-9,3,1,-15,-23,-904,-19
-19,-9,4,1,-14,-23,-908,-18
-20,-8,5,3,-14,-22,-1048,-17
-20,-8,5,2,-16,-23,-989,-19
-19,-8,4,1,-16,-24,-900,-19
-19,-8,4,1,-15,-23,-1006,-20
-19,-9,3,0,-15,-24,-1121,-20
-18,-10,1,-1,-16,-25,-1107,-21
-18,-10,3,0,-14,-24,-1148,-20
-19,-9,4,0,-14,-23,-1183,-19
-19,-9,4,0,-14,-23,-1116,-19
-19,-9,4,1,-14,-23,-1122,-19
-20,-8,5,2,-14,-22,-1209,-17
-20,-8,4,2,-16,-23,-1072,-19
-20,-8,3,1,-16,-23,-891,-19
-19,-9,4,1,-15,-23,-871,-19
-19,-9,3,0,-15,-24,-904,-20
-18,-10,2,0,-16,-25,-903,-21
-18,-10,2,0,-14,-23,-998,-19
-18,-10,3,0,-14,-23,-1080,-19
-19,-9,3,0,-15,-23,-935,-19
-19,-9,4,1,-14,-23,-871,-18
-20,-7,5,3,-14,-22,-974,-17
-20,-8,4,2,-15,-23,-977,-19
-19,-9,4,1,-15,-23,-883,-20
-19,-9,4,1,-15,-23,-924,-19
-19,-9,4,0,-15,-23,-899,-20
-18,-10,2,0,-16,-25,-744,-21
-18,-10,3,0,-14,-24,-825,-20
-18,-9,3,0,-14,-23,-957,-19
-19,-9,3,0,-14,-23,-955,-19
-19,-9,4,1,-14,-23,-1045,-18
-20,-8,5,3,-14,-21,-1169,-17
-20,-8,4,2,-16,-22,-1169,-19
-19,-8,4,1,-15,-23,-1095,-19
-19,-9,4,1,-14,-23,-1132,-19
-19,-8,4,0,-15,-23,-1091,-19
-18,-10,2,0,-15,-24,-1003,-21
-18,-10,2,0,-13,-23,-969,-19
-18,-9,3,1,-14,-23,-1045,-18
-18,-9,3,1,-14,-23,-990,-19
-19,-9,4,1,-14,-23,-993,-18
-20,-8,5,2,-14,-22,-1081,-17
-20,-7,5,2,-16,-22,-1038,-18
-19,-8,4,1,-15,-23,-926,-19
-19,-8,3,0,-15,-23,-979,-19
-19,-9,3,0,-15,-23,-993,-19
-18,-10,2,0,-15,-24,-948,-21
-18,-10,2,0,-13,-24,-1007,-19
-18,-9,3,0,-13,-23,-1064,-18
-18,-9,3,0,-14,-23,-1006,-18
-19,-9,3,1,-14,-23,-977,-18
-19,-7,5,2,-13,-21,-998,-17
-19,-7,4,2,-16,-22,-977,-18
-19,-8,4,1,-16,-23,-858,-19
-19,-8,3,1,-15,-22,-882,-19
-19,-8,3,0,-15,-23,-854,-19
-18,-10,2,0,-16,-24,-716,-20
-17,-10,2,0,-14,-23,-678,-19
-18,-9,3,0,-13,-22,-787,-18
-18,-9,3,0,-14,-23,-765,-19
-18,-9,3,1,-14,-22,-780,-18
-19,-8,5,2,-13,-21,-884,-17
-20,-7,5,2,-15,-22,-897,-18
-19,-8,4,1,-15,-22,-797,-19
-19,-8,4,1,-15,-22,-827,-19
-19,-8,4,0,-15,-23,-808,-19
-18,-9,2,0,-16,-24,-719,-20
-17,-10,2,0,-13,-23,-706,-19
-18,-9,3,0,-13,-22,-818,-18
-18,-9,3,0,-14,-22,-783,-18
-18,-8,5,1,-13,-21,-757,-17
-16,-5,10,4,-10,-16,-854,-13
-15,-3,13,4,-10,-13,-886,-12
-12,-4,14,3,-10,-12,-705,-12
-9,-4,17,4,-7,-9,-684,-9
-5,-6,20,4,-5,-5,-672,-7
-1,-8,22,3,-3,-3,-616,-5
0,-8,25,4,0,-1,-606,-3
2,-7,29,5,1,2,-777,0
3,-8,31,5,1,4,-785,1
3,-5,32,6,2,6,-776,2
3,-2,35,9,3,8,-883,4
3,-3,35,9,2,8,-947,3
5,-5,35,7,3,8,-819,3
5,-5,35,7,4,8,-830,4
6,-6,35,7,4,8,-815,3
6,-7,33,5,3,7,-721,2
7,-7,33,5,4,7,-700,3
6,-9,33,6,4,7,-846,3
6,-10,32,6,3,6,-811,3
6,-10,32,6,4,5,-794,3
5,-9,34,8,4,7,-892,4
3,-7,33,7,2,6,-917,2
2,-7,31,6,0,4,-761,0
3,-7,30,6,1,4,-789,1
3,-8,30,6,1,3,-804,0
2,-9,26,4,0,0,-711,-2
1,-11,25,3,0,0,-647,-2
1,-10,25,4,0,0,-794,-1
0,-11,23,4,-1,-2,-811,-3
-2,-11,22,4,-2,-3,-827,-4
-4,-9,21,5,-3,-4,-917,-4
-6,-7,20,5,-5,-6,-953,-6
-7,-9,16,3,-7,-10,-793,-9
-8,-9,15,3,-7,-10,-842,-9
-10,-7,13,2,-8,-12,-827,-11
-10,-8,11,1,-9,-14,-737,-13
-12,-10,7,0,-9,-17,-623,-14
-15,-7,7,1,-11,-18,-807,-15
-16,-7,5,1,-12,-19,-820,-16
-18,-8,3,0,-13,-22,-754,-18
-19,-7,4,2,-13,-21,-814,-17
-20,-7,4,2,-15,-21,-871,-18
-19,-8,3,1,-16,-22,-751,-19
-19,-8,3,0,-15,-22,-739,-19
-18,-8,2,0,-15,-22,-737,-19
-18,-9,1,0,-16,-23,-658,-20
-17,-10,1,0,-14,-23,-560,-19
-18,-9,3,0,-13,-22,-701,-18
-18,-9,2,0,-14,-22,-712,-18
-18,-8,3,1,-14,-22,-691,-18
-19,-8,4,2,-13,-21,-764,-17
-19,-7,4,2,-14,-21,-844,-17
-19,-8,3,0,-15,-22,-745,-19
-18,-8,3,0,-15,-22,-776,-19
-18,-8,2,0,-15,-22,-764,-19
-18,-9,1,0,-15,-23,-716,-20
-17,-10,1,-1,-14,-23,-677,-19
-17,-9,2,0,-13,-22,-872,-18
-18,-8,2,0,-14,-22,-880,-18
-18,-8,2,1,-14,-22,-807,-17
-19,-8,4,2,-13,-21,-852,-17
-19,-7,4,2,-14,-21,-904,-18
-18,-8,3,1,-15,-22,-712,-19
-18,-8,3,0,-14,-22,-799,-18
-18,-9,2,0,-14,-22,-817,-18
-18,-9,1,0,-15,-23,-770,-19
-17,-10,1,0,-14,-23,-719,-19
-18,-9,3,0,-13,-22,-865,-17
-18,-8,3,0,-14,-22,-812,-18
-18,-8,3,0,-14,-22,-791,-18
-19,-7,4,1,-14,-21,-883,-17
-19,-6,4,2,-15,-21,-933,-17
-19,-7,3,0,-15,-22,-759,-19
-18,-8,3,0,-15,-22,-762,-18
-18,-8,2,0,-15,-22,-763,-19
-19,-9,3,0,-16,-25,-712,-21
-23,-12,10,0,-19,-32,-633,-26
-29,-15,18,4,-22,-38,-768,-29
-34,-16,26,6,-26,-45,-759,-34
-39,-16,32,7,-29,-50,-784,-38
-40,-9,30,7,-29,-46,-829,-35
-35,0,20,4,-25,-36,-916,-29
-25,10,0,-2,-18,-19,-764,-19
-8,34,-32,-11,-3,12,-708,0
14,58,-72,-22,14,52,-678,25
40,80,-115,-34,34,92,-621,52
66,101,-159,-47,54,133,-503,79
92,123,-199,-56,76,176,-602,108
117,145,-241,-66,96,218,-562,136
142,166,-283,-77,116,260,-454,163
167,183,-321,-86,135,299,-385,190
192,190,-354,-92,154,333,-485,214
216,188,-382,-99,169,357,-314,232
233,190,-404,-103,182,378,-296,247
244,193,-419,-107,191,394,-422,259
251,189,-426,-109,195,399,-401,263
256,177,-425,-108,197,396,-342,263
253,168,-416,-104,196,390,-506,261
245,160,-402,-100,189,376,-524,252
233,150,-383,-95,180,358,-529,240
219,138,-359,-88,170,336,-594,226
202,121,-329,-79,156,307,-707,207
181,100,-293,-70,138,270,-602,182
157,78,-253,-60,119,230,-687,156
132,53,-209,-48,99,187,-742,128
106,25,-164,-37,77,141,-702,98
81,0,-122,-26,58,98,-587,70
55,-16,-80,-14,39,59,-749,45
28,-35,-39,-4,18,19,-801,17
1,-51,-4,1,-2,-21,-815,-10
-27,-73,7,2,-24,-66,-917,-39
-55,-89,8,3,-46,-107,-1034,-67
-73,-83,7,2,-61,-126,-912,-84
-79,-66,8,2,-63,-124,-908,-85
-72,-56,7,1,-56,-110,-895,-76
-57,-43,6,1,-46,-87,-852,-61
-42,-32,5,0,-34,-64,-714,-47
-31,-22,7,1,-23,-44,-830,-32
-22,-13,7,1,-17,-29,-801,-23
-20,-10,7,1,-16,-25,-790,-20
-20,-9,7,2,-15,-24,-850,-19
-21,-8,9,3,-15,-24,-1017,-19
-21,-9,7,2,-17,-25,-914,-20
-20,-10,7,2,-16,-25,-977,-20
-20,-10,7,1,-16,-25,-1037,-21
-20,-10,6,1,-16,-26,-997,-21
-19,-11,4,0,-16,-26,-881,-21
-19,-10,6,1,-14,-25,-999,-20
-20,-10,6,1,-15,-25,-1000,-20
-20,-10,7,2,-15,-25,-962,-20
-20,-10,7,2,-15,-24,-950,-19
-21,-8,9,4,-15,-23,-1076,-18
-20,-9,7,2,-17,-25,-1037,-20
-20,-9,7,1,-16,-25,-1048,-20
-20,-9,6,1,-16,-25,-1063,-21
-20,-10,6,0,-16,-25,-1025,-21
-19,-11,5,0,-16,-26,-916,-21
-19,-10,6,1,-14,-25,-1050,-19
-19,-10,6,1,-15,-25,-1071,-20
-19,-10,7,1,-15,-25,-1069,-20
-20,-9,7,2,-15,-24,-1098,-19
-21,-8,8,3,-16,-24,-1185,-18
-21,-8,7,2,-17,-25,-1053,-20
-20,-9,7,1,-16,-25,-1055,-20
-20,-10,6,1,-16,-24,-1094,-20
-19,-10,6,1,-17,-25,-1068,-20
-18,-11,4,0,-16,-26,-915,-21
-19,-10,6,1,-14,-25,-1064,-20
-19,-9,6,1,-15,-25,-1110,-20
-20,-10,6,1,-15,-24,-1094,-19
-20,-9,7,2,-15,-24,-1115,-19
-21,-7,9,4,-15,-23,-1223,-18
-21,-8,7,2,-16,-25,-1091,-20
-20,-9,6,1,-16,-25,-1066,-20
-20,-9,6,1,-16,-25,-1046,-20
-20,-10,5,0,-16,-26,-1013,-21
-18,-11,4,0,-16,-26,-898,-21
-19,-10,6,0,-14,-25,-1024,-19
-19,-9,7,1,-15,-24,-1045,-19
-18,-8,10,2,-13,-21,-1015,-17
-17,-7,12,3,-12,-19,-1017,-16
-18,-5,14,5,-12,-18,-1076,-15
-16,-5,15,4,-12,-17,-910,-15
-14,-5,16,4,-10,-15,-865,-13
-12,-7,17,3,-9,-14,-891,-13
-11,-9,16,2,-10,-14,-873,-12
-10,-10,15,1,-9,-15,-741,-13
-10,-9,17,3,-8,-14,-869,-11
-9,-7,20,4,-7,-11,-928,-9
-8,-7,21,5,-6,-9,-873,-8
-8,-6,22,5,-6,-9,-888,-8
-9,-6,24,7,-5,-7,-998,-6
-7,-8,24,5,-6,-7,-893,-7
-6,-7,24,5,-5,-7,-872,-7
-5,-5,25,5,-4,-5,-915,-6
-5,-6,26,5,-4,-5,-905,-6
-2,-9,25,4,-3,-5,-759,-6
-2,-9,27,5,-1,-3,-872,-4
-1,-7,29,6,-2,-2,-891,-3
0,-5,33,7,0,1,-812,0
2,-3,38,9,2,6,-815,3
4,0,43,11,4,11,-911,6
6,0,45,10,4,13,-804,6
8,0,47,10,5,15,-747,8
11,1,51,12,7,18,-587,10
14,3,55,12,10,22,-95,13
18,4,58,12,12,25,159,15
20,6,63,14,16,31,15,19
23,6,67,15,17,35,-61,22
25,6,70,16,19,38,-4,24
28,8,75,18,22,43,4,28
30,11,81,21,24,49,-151,32
33,13,84,20,24,51,-49,33
36,14,88,21,27,55,7,35
40,13,91,21,29,58,-75,38
43,13,94,21,31,61,-51,39
45,12,94,20,31,62,153,40
46,14,98,22,35,66,128,44
46,15,100,23,35,68,1,45
48,14,101,23,36,69,13,46
49,14,102,24,37,70,9,47
48,15,104,25,38,71,-163,48
50,15,105,25,37,72,-94,48
51,15,106,25,38,73,0,49
52,15,106,24,39,73,-37,49
52,14,105,24,38,72,-16,48
51,12,101,21,36,69,106,45
49,12,101,22,38,68,8,46
49,10,99,22,36,67,-82,46
47,9,97,21,35,65,11,44
46,8,95,21,35,63,268,43
43,9,95,22,33,62,200,42
42,7,91,21,30,59,236,39
41,6,88,20,30,56,329,37
40,3,85,18,29,53,353,36
38,1,82,17,27,49,433,33
36,1,77,15,24,45,601,29
33,0,74,15,25,43,520,29
32,-2,71,15,23,40,323,27
29,-4,68,14,21,36,311,25
27,-6,64,13,19,32,309,22
24,-9,62,14,18,30,211,22
22,-11,57,11,14,25,332,17
20,-13,52,10,13,21,462,14
17,-11,50,9,12,19,444,12
14,-9,47,9,9,15,451,10
13,-11,42,6,7,11,572,7
13,-12,42,7,9,11,501,7
10,-13,40,7,6,9,376,6
8,-12,39,7,5,8,390,5
6,-10,36,7,4,6,400,3
3,-10,36,8,3,4,266,3
2,-9,33,7,0,2,313,0
1,-10,31,6,0,0,432,-1
0,-11,28,5,-1,-2,393,-3
-1,-10,27,5,-2,-3,397,-4
-1,-10,24,3,-3,-6,510,-6
-3,-11,23,3,-2,-7,465,-6
-5,-11,21,3,-4,-8,300,-7
-6,-10,20,4,-5,-9,328,-8
-6,-12,19,4,-5,-10,324,-8
-9,-11,19,5,-6,-11,157,-8
-10,-10,17,4,-9,-13,192,-11
-12,-9,15,3,-9,-14,336,-12
-14,-9,11,2,-10,-17,321,-14
-15,-10,9,1,-12,-20,331,-16
-16,-10,6,0,-14,-22,483,-19
-17,-8,7,1,-12,-22,502,-18
-18,-8,7,2,-13,-21,394,-17
-18,-8,7,2,-13,-22,438,-17
-19,-8,6,1,-14,-23,481,-19
-21,-8,6,3,-14,-24,304,-19
-22,-8,5,2,-16,-25,253,-20
-20,-9,3,1,-17,-26,369,-21
-20,-9,4,1,-16,-26,357,-21
-21,-9,3,0,-16,-26,371,-21
-20,-10,2,0,-17,-27,499,-22
-19,-11,3,0,-15,-26,462,-21
-20,-9,3,0,-15,-25,294,-20
-20,-9,3,0,-15,-25,281,-20
-20,-9,4,1,-15,-25,283,-20
-21,-8,5,2,-15,-24,179,-19
-22,-8,5,2,-17,-25,218,-20
-21,-9,4,1,-16,-25,364,-21
-20,-9,3,0,-16,-26,323,-21
-20,-9,3,0,-16,-26,294,-21
-19,-10,2,0,-16,-27,408,-22
-19,-10,2,0,-14,-26,359,-20
-20,-10,3,0,-15,-25,173,-19
-20,-9,3,1,-16,-25,193,-20
-20,-9,4,1,-15,-25,185,-19
-21,-8,5,3,-14,-23,46,-18
-21,-8,4,2,-16,-24,59,-20
-21,-9,4,1,-16,-25,189,-20
-20,-9,3,1,-16,-25,148,-20
-20,-9,3,0,-16,-25,163,-20
-19,-10,2,0,-17,-27,276,-22
-19,-10,2,0,-15,-26,264,-20
-20,-10,3,0,-15,-25,115,-20
-20,-10,3,0,-15,-25,182,-20
-20,-10,4,1,-15,-25,221,-19
-21,-8,5,2,-14,-24,90,-18
-21,-8,5,2,-17,-24,83,-20
-20,-9,4,1,-17,-25,195,-20
-20,-9,3,1,-16,-25,169,-20
-20,-9,3,0,-16,-25,247,-20
-19,-10,2,0,-16,-27,392,-22
-19,-10,2,0,-14,-26,384,-21
-19,-9,3,1,-15,-25,200,-20
-20,-10,3,1,-15,-25,201,-20
-20,-10,3,1,-15,-25,216,-20
-20,-8,5,2,-14,-24,96,-18
-20,-8,5,2,-16,-24,58,-20
-20,-9,4,1,-16,-25,218,-20
-20,-9,4,1,-16,-25,218,-20
-20,-9,4,0,-16,-25,239,-20
-19,-10,2,0,-17,-27,345,-22
-19,-10,2,0,-14,-26,376,-20
-19,-10,3,0,-14,-25,254,-19
-20,-10,3,0,-15,-25,290,-19
-20,-9,4,1,-14,-24,276,-19
-20,-8,5,3,-14,-23,142,-18
-21,-8,5,2,-16,-24,27,-19
-20,-9,4,1,-16,-25,119,-20
-20,-9,4,1,-16,-25,44,-20
-19,-9,3,1,-16,-25,53,-20
-18,-10,2,0,-16,-26,89,-21
-18,-10,2,0,-14,-26,86,-20
-19,-10,3,1,-15,-25,-32,-19
-19,-9,3,1,-15,-25,14,-19
-19,-9,4,0,-15,-25,-11,-19
-20,-8,5,2,-14,-23,-173,-18
-21,-8,4,2,-16,-24,-199,-19
-20,-9,3,1,-16,-25,4,-20
-19,-9,4,1,-15,-25,13,-20
-20,-9,3,0,-15,-25,25,-20
-18,-10,2,0,-16,-26,139,-21
-18,-10,2,0,-14,-26,170,-20
-19,-9,3,0,-14,-25,69,-19
-19,-9,3,1,-15,-24,160,-19
-19,-9,3,1,-15,-24,176,-19
-20,-8,5,2,-14,-23,75,-18
-20,-8,5,2,-16,-24,37,-19
-19,-8,3,1,-16,-25,216,-20
-19,-9,4,1,-15,-24,205,-19
-19,-9,4,1,-15,-24,210,-20
-19,-9,2,0,-16,-26,288,-21
-18,-10,2,0,-14,-25,341,-20
-19,-10,3,0,-14,-24,189,-19
-19,-9,3,0,-15,-24,191,-19
-19,-9,3,1,-14,-24,188,-19
-20,-8,5,2,-14,-23,85,-18
-21,-7,5,2,-16,-23,40,-19
-19,-8,4,1,-17,-24,171,-20
-19,-9,3,1,-15,-24,125,-19
-19,-9,3,1,-15,-24,126,-20
-18,-10,2,0,-16,-26,219,-21
-18,-10,2,0,-14,-26,281,-20
-18,-10,3,1,-14,-24,117,-19
-19,-9,3,0,-14,-24,135,-19
-19,-9,3,1,-14,-24,132,-18
-20,-8,5,2,-14,-23,-33,-17
-20,-7,5,2,-15,-23,-164,-18
-20,-8,4,1,-16,-24,-8,-19
-19,-9,3,0,-15,-24,-38,-19
-19,-9,3,1,-15,-24,-41,-19
-19,-8,5,2,-14,-23,-112,-18
-21,-7,5,2,-15,-23,-188,-18
-20,-8,4,1,-16,-24,-28,-20
-19,-9,3,1,-15,-24,-49,-19
-19,-9,3,0,-15,-24,-59,-20
-19,-10,2,0,-16,-25,19,-21
-18,-11,2,0,-14,-25,104,-20
-17,-9,5,1,-13,-22,-88,-17
-15,-7,9,2,-11,-18,-135,-14
-13,-5,12,3,-10,-15,-151,-13
-13,-4,15,4,-8,-12,-246,-10
-10,-3,19,6,-7,-9,-311,-8
-6,-5,21,5,-5,-6,-42,-6
-3,-6,24,5,-2,-3,2,-4
-1,-6,26,5,-1,-1,-50,-3
1,-7,28,5,0,0,-11,-1
3,-9,29,4,1,1,83,0
3,-6,32,6,3,4,-55,2
3,-4,33,6,2,5,-37,2
4,-5,34,7,3,6,-21,3
4,-5,36,8,4,8,-88,5
4,-4,37,9,3,8,-178,5
4,-5,35,7,2,7,1,3
5,-6,35,7,3,7,-8,3
5,-6,34,7,3,6,-45,3
6,-10,32,6,2,4,19,1
6,-12,31,4,3,3,122,1
6,-11,32,5,4,4,-12,2
5,-10,32,6,3,4,100,2
3,-9,31,6,2,3,171,1
1,-7,32,7,2,3,66,2
1,-6,32,8,1,3,-70,2
1,-7,30,6,0,2,92,0
0,-9,27,5,0,0,96,-1
0,-10,26,5,0,-1,146,-2
0,-10,24,3,-1,-3,237,-3
-1,-12,20,2,-2,-5,374,-5
-2,-11,21,3,-1,-5,170,-5
-4,-10,20,3,-3,-7,143,-6
-5,-9,18,3,-4,-8,141,-7
-8,-9,17,4,-5,-10,31,-8
-10,-8,17,4,-7,-11,-151,-9
-11,-8,14,3,-9,-13,70,-11
-11,-8,12,3,-9,-15,42,-12
-13,-9,9,2,-11,-18,-49,-15
-15,-8,6,0,-14,-21,-15,-17
-16,-9,4,0,-13,-23,91,-19
-18,-9,3,0,-13,-24,-76,-18
-19,-9,3,0,-14,-24,-89,-19
-19,-9,3,1,-14,-24,-66,-18
-19,-8,4,1,-14,-23,-127,-17
-20,-7,5,3,-14,-22,-247,-17
-20,-8,3,1,-15,-24,-73,-19
-19,-8,3,1,-15,-24,-57,-19
-19,-8,3,0,-15,-24,-83,-19
-19,-9,2,0,-15,-25,-49,-20
-18,-10,1,-1,-15,-25,80,-20
-18,-9,2,0,-13,-24,-65,-18
-18,-9,3,0,-14,-24,-87,-18
-18,-9,3,1,-14,-24,-57,-18
-19,-8,4,2,-14,-23,-86,-18
-20,-7,5,2,-14,-22,-231,-17
-19,-8,3,1,-16,-24,-114,-19
-19,-8,3,0,-15,-24,-111,-19
-19,-9,2,0,-14,-24,-139,-19
-18,-9,2,0,-15,-24,-84,-20
-17,-10,0,-1,-14,-25,53,-20
-18,-9,2,0,-13,-23,-100,-18
-18,-9,3,0,-14,-24,-116,-19
-19,-8,3,1,-14,-23,-96,-18
-19,-8,4,2,-14,-23,-166,-17
-20,-7,5,3,-14,-22,-300,-17
-19,-8,3,1,-16,-23,-102,-19
-19,-8,3,1,-14,-23,-95,-19
-19,-8,2,0,-15,-23,-132,-19
-18,-9,2,0,-15,-24,-100,-20
-17,-10,1,-1,-14,-25,63,-20
-18,-9,2,0,-13,-23,-66,-18
-18,-9,2,0,-14,-23,-73,-19
-18,-8,2,1,-14,-23,-37,-18
-19,-8,3,2,-13,-23,-91,-17
-20,-7,4,3,-14,-22,-233,-17
-19,-7,3,1,-16,-23,-84,-19
-21,-8,5,1,-16,-26,-40,-21
-26,-11,13,2,-20,-34,-68,-26
-30,-15,19,4,-25,-42,-31,-32
-35,-18,25,4,-28,-49,105,-37
-39,-16,32,7,-29,-52,-17,-39
-39,-8,27,5,-29,-47,-34,-36
-33,0,16,2,-24,-36,-4,-29
-23,12,-3,-2,-14,-15,-34,-16
-6,39,-36,-10,0,19,-157,6
17,63,-78,-23,16,58,6,29
43,84,-121,-35,37,99,98,56
68,106,-164,-46,57,140,101,84
95,127,-207,-58,77,181,158,111
121,148,-250,-70,98,222,336,138
147,168,-290,-79,119,264,263,167
172,183,-328,-88,138,302,256,193
197,188,-361,-95,157,335,322,216
218,188,-385,-99,173,360,309,236
233,191,-405,-102,185,381,174,252
244,194,-421,-107,191,394,317,260
251,188,-425,-108,195,398,368,264
254,176,-422,-106,197,395,384,263
251,167,-414,-103,193,386,449,257
243,157,-401,-101,186,370,563,247
231,147,-380,-94,179,352,407,237
217,135,-356,-87,167,329,343,222
200,116,-325,-79,153,299,346,202
177,96,-287,-68,136,263,281,178
152,75,-244,-56,116,223,141,153
126,50,-201,-46,94,178,267,123
101,21,-155,-33,74,133,293,94
75,-1,-113,-22,54,91,201,65
50,-19,-73,-13,34,51,167,38
24,-39,-33,-5,13,9,219,10
-3,-55,-1,0,-6,-30,58,-15
-32,-77,6,1,-29,-76,-31,-46
-58,-92,7,1,-49,-114,-52,-72
-76,-81,8,2,-60,-128,-85,-83
-80,-63,10,4,-62,-122,-234,-82
-70,-53,8,3,-56,-107,-115,-74
-55,-40,7,2,-43,-83,-55,-58
-42,-29,7,2,-33,-61,-68,-44
-30,-21,6,1,-24,-43,-114,-32
-21,-14,5,0,-18,-32,-52,-24
-20,-11,6,1,-14,-27,-48,-20
-20,-10,7,1,-15,-26,58,-20
-20,-10,7,1,-15,-26,194,-20
-20,-9,7,2,-15,-26,184,-19
-21,-8,9,4,-15,-25,31,-19
-21,-9,8,2,-17,-26,121,-21
-20,-9,7,2,-16,-26,160,-21
-20,-10,7,2,-16,-26,21,-21
-20,-10,7,1,-16,-27,-30,-21
-19,-11,5,0,-16,-28,195,-22
-19,-11,6,1,-14,-27,80,-20
-20,-10,7,1,-15,-26,1,-20
-20,-10,7,2,-15,-26,103,-20
-21,-10,7,2,-15,-26,103,-20
-22,-8,8,3,-15,-25,-54,-19
-21,-9,7,2,-17,-26,62,-21
-21,-10,7,2,-16,-26,144,-21
-20,-10,7,1,-16,-26,98,-21
-20,-10,6,1,-16,-27,134,-21
-18,-11,5,0,-16,-28,275,-22
-19,-11,6,1,-14,-26,204,-20
-20,-11,7,2,-15,-26,138,-20
-20,-10,7,2,-15,-26,178,-20
-20,-9,7,2,-15,-26,138,-19
-21,-8,9,3,-15,-24,-50,-18
-21,-9,8,2,-16,-26,37,-20
-20,-9,7,2,-16,-26,144,-21
-20,-9,7,1,-16,-26,129,-21
-20,-10,7,1,-16,-26,150,-21
-19,-11,5,0,-16,-28,284,-22
-19,-11,6,0,-15,-26,199,-20
-20,-10,6,1,-15,-26,119,-20
-20,-10,7,2,-15,-26,166,-20
-20,-9,7,2,-15,-25,157,-19
-21,-8,9,4,-15,-24,-44,-18
-21,-8,8,2,-17,-25,0,-20
-20,-9,7,2,-16,-26,124,-20
-20,-9,7,1,-16,-26,129,-21
-20,-10,6,1,-16,-26,158,-21
-18,-11,5,0,-16,-27,306,-21
-17,-9,9,1,-12,-23,237,-18
-17,-8,11,2,-13,-22,90,-17
-16,-8,12,3,-13,-21,68,-16
-15,-6,15,4,-11,-18,88,-14
-15,-5,18,5,-10,-15,-27,-12
-13,-7,18,4,-11,-15,56,-12
-12,-8,17,4,-10,-15,177,-12
-12,-8,17,4,-9,-15,140,-13
-11,-8,18,4,-9,-15,168,-12
-8,-8,19,2,-8,-14,308,-12
-8,-8,21,4,-6,-11,260,-10
-8,-7,21,5,-6,-11,154,-9
-7,-8,22,5,-6,-10,164,-8
-6,-9,24,5,-4,-9,150,-7
-7,-6,26,7,-4,-6,10,-5
-7,-4,27,6,-6,-6,49,-6
-5,-6,27,6,-4,-6,152,-6
-3,-7,28,6,-3,-5,132,-5
-3,-7,27,5,-3,-5,163,-6
-1,-8,28,4,-3,-5,307,-5
1,-6,33,6,1,0,255,0
3,-4,38,8,3,5,139,2
5,-2,42,10,4,9,168,5
7,0,45,11,6,12,166,7
7,1,50,13,7,15,6,10
10,3,52,13,7,18,29,10
14,4,56,13,10,22,117,13
17,6,61,14,13,27,81,16
20,7,65,15,14,30,94,18
24,5,66,13,16,32,245,20
26,5,70,15,20,37,175,24
29,8,75,17,22,42,78,27
31,10,80,18,24,46,127,30
34,12,85,20,26,51,112,34
36,15,91,23,29,56,-1,37
38,14,93,22,29,58,45,38
42,13,95,22,31,60,168,40
43,14,97,22,32,62,116,42
45,15,99,23,33,65,120,43
47,14,99,21,34,65,258,43
49,12,100,22,37,67,241,45
49,12,101,23,37,67,109,46
49,13,103,23,37,68,151,47
51,14,105,24,38,71,235,49
50,15,108,26,39,73,163,50
50,16,107,25,37,72,232,49
50,15,105,24,37,71,341,48
49,13,102,23,37,69,271,46
49,12,101,22,36,67,282,45
49,9,97,20,35,64,415,43
47,8,96,20,35,63,383,43
45,7,95,21,34,61,281,42
43,7,92,21,32,58,374,40
42,6,90,20,31,56,286,39
39,7,90,21,30,56,84,39
37,4,86,20,27,52,115,35
36,2,82,18,26,48,240,32
33,2,78,17,24,45,147,30
32,0,74,16,23,41,129,28
32,-4,69,13,21,36,277,24
29,-6,66,12,21,33,332,23
26,-8,63,12,19,30,259,22
24,-11,59,11,17,26,361,19
22,-13,56,11,15,22,360,17
18,-12,54,12,14,20,272,16
15,-9,51,11,10,18,300,13
13,-9,47,10,8,14,469,9
12,-10,45,9,8,12,459,8
10,-11,42,8,6,9,434,6
10,-13,38,5,4,5,556,3
9,-13,37,6,5,5,560,4
5,-11,35,6,3,3,402,2
4,-12,33,6,2,1,387,1
2,-10,32,6,1,0,370,0
0,-10,32,7,0,0,286,0
-2,-10,29,6,-2,-3,284,-2
-2,-10,27,5,-2,-5,423,-4
-3,-9,25,5,-3,-6,383,-5
-4,-11,23,4,-5,-8,396,-7
-5,-12,19,2,-6,-11,521,-9
-5,-12,19,2,-5,-12,535,-9
-7,-13,18,3,-6,-12,314,-9
-9,-13,17,3,-7,-14,187,-10
-10,-11,16,3,-8,-15,175,-10
-13,-9,16,5,-8,-15,157,-11
-16,-9,12,4,-11,-18,180,-14
-16,-10,10,2,-13,-21,340,-17
-17,-8,9,2,-14,-23,315,-18
-18,-8,8,2,-14,-23,330,-18
-17,-9,7,0,-14,-24,458,-19
-17,-9,6,0,-13,-24,493,-19
-20,-10,5,1,-15,-26,343,-19
-20,-10,4,1,-16,-27,371,-20
-20,-10,4,1,-15,-27,394,-20
-21,-9,5,2,-15,-26,281,-19
-22,-8,5,2,-17,-26,227,-20
-21,-9,4,1,-17,-27,381,-21
-21,-9,4,1,-16,-27,369,-21
-20,-9,3,0,-17,-27,366,-21
-20,-10,2,0,-17,-28,464,-22
-19,-11,2,0,-15,-28,508,-21
-20,-10,3,1,-15,-27,355,-20
-20,-10,3,1,-16,-27,420,-20
-20,-10,3,1,-16,-27,433,-20
-21,-8,5,2,-15,-26,289,-19
-22,-8,5,2,-17,-26,108,-20
-21,-9,4,1,-17,-27,223,-21
-21,-9,4,1,-16,-27,296,-21
-21,-10,4,1,-16,-27,368,-21
-20,-10,2,0,-17,-28,442,-22
-19,-11,2,0,-15,-27,470,-21
-20,-10,4,1,-15,-26,334,-20
-20,-10,4,1,-15,-27,381,-20
-20,-10,4,1,-15,-26,420,-20
-21,-9,5,2,-15,-25,336,-19
-22,-8,4,2,-16,-26,294,-20
-21,-9,3,1,-17,-27,478,-21
-20,-9,3,1,-16,-26,462,-21
-20,-9,3,1,-16,-27,461,-21
-20,-10,2,0,-17,-28,542,-22
-19,-11,2,0,-16,-28,597,-21
-20,-10,3,1,-15,-26,353,-20
-20,-9,3,1,-16,-26,287,-20
-20,-9,4,1,-15,-26,347,-20
-21,-8,5,2,-15,-25,313,-19
-22,-8,5,2,-16,-25,270,-20
-21,-9,4,1,-17,-26,423,-21
-20,-9,4,1,-16,-26,410,-21
-20,-9,3,1,-16,-26,412,-21
-19,-10,2,0,-17,-28,508,-22
-19,-11,2,0,-15,-27,573,-21
-20,-10,3,0,-14,-26,436,-20
-20,-9,3,1,-16,-26,496,-20
-20,-9,3,1,-15,-26,501,-20
-21,-8,5,2,-15,-25,397,-18
-21,-8,5,2,-16,-25,336,-19
-21,-9,4,1,-16,-27,587,-20
-20,-9,4,1,-16,-26,577,-20
-20,-9,3,1,-16,-26,434,-20
-19,-10,2,0,-17,-27,452,-22
-18,-11,2,0,-15,-27,532,-21
-20,-10,3,1,-15,-26,353,-20
-20,-9,3,1,-15,-26,330,-20
-20,-9,4,1,-15,-26,351,-19
-21,-8,5,2,-15,-25,271,-19
-21,-7,5,2,-16,-25,162,-19
-20,-9,4,1,-17,-26,332,-20
-20,-9,4,1,-16,-26,337,-20
-20,-9,4,1,-16,-26,337,-20
-19,-10,2,0,-17,-27,457,-21
-19,-10,2,0,-15,-27,644,-21
-20,-9,3,0,-14,-26,510,-20
-20,-9,3,0,-15,-26,487,-20
-20,-9,4,1,-15,-26,435,-19
-21,-8,5,2,-15,-25,314,-18
-21,-7,5,3,-16,-24,115,-19
-21,-8,4,1,-17,-26,258,-20
-20,-9,4,0,-16,-26,288,-20
-20,-9,3,0,-16,-26,294,-20
-19,-10,2,0,-17,-27,406,-21
-18,-11,2,0,-15,-27,572,-21
-19,-10,3,0,-14,-26,451,-19
-19,-9,3,0,-15,-26,453,-20
-20,-9,3,1,-15,-25,398,-20
-20,-8,5,2,-14,-25,266,-18
-21,-8,5,3,-16,-25,131,-19
-20,-8,4,1,-17,-26,317,-20
-20,-9,4,1,-16,-25,326,-20
-20,-9,3,0,-16,-26,352,-20
-19,-9,2,0,-16,-27,509,-21
-18,-11,2,0,-15,-27,719,-21
-19,-10,3,0,-14,-26,603,-19
-19,-9,3,1,-15,-26,619,-20
-20,-9,3,1,-15,-25,686,-19
-20,-8,5,2,-14,-24,641,-18
-21,-7,5,3,-15,-24,521,-18
-20,-8,4,1,-16,-26,688,-20
-20,-9,4,1,-15,-26,719,-20
-19,-9,4,1,-15,-26,643,-20
-19,-9,2,0,-17,-27,630,-21
-18,-10,2,0,-15,-27,721,-21
-18,-10,4,0,-14,-25,541,-19
-19,-9,3,0,-15,-26,581,-19
-20,-9,4,1,-15,-26,625,-19
-20,-8,5,2,-14,-24,524,-18
-21,-7,5,3,-15,-24,399,-18
-20,-8,4,1,-16,-25,436,-20
-20,-9,3,1,-15,-25,255,-20
-19,-9,3,1,-15,-26,214,-20
-19,-9,3,0,-16,-26,431,-21
-18,-11,1,0,-15,-27,621,-21
-19,-9,3,0,-14,-26,382,-19
-20,-9,3,1,-15,-25,317,-19
-20,-9,3,1,-15,-25,314,-19
-20,-9,4,2,-14,-24,270,-18
-21,-7,5,3,-15,-24,136,-18
-20,-8,4,1,-16,-25,288,-19
-20,-8,3,1,-15,-25,341,-19
-20,-9,3,1,-15,-25,290,-20
-19,-9,3,0,-16,-26,321,-21
-18,-10,2,0,-15,-26,478,-21
-19,-10,3,0,-14,-25,356,-19
-19,-9,3,0,-15,-25,363,-19
-19,-9,4,1,-14,-25,362,-19
-20,-8,4,2,-14,-24,358,-18
-21,-7,5,3,-15,-24,181,-18
-20,-8,4,1,-16,-25,302,-20
-19,-9,4,1,-15,-25,353,-19
-19,-9,3,1,-15,-25,297,-20
-19,-9,3,0,-15,-26,275,-20
-18,-10,2,0,-15,-26,448,-20
-19,-10,3,0,-14,-25,323,-19
-19,-9,3,0,-15,-25,282,-19
-19,-9,3,1,-15,-25,281,-19
-19,-9,4,2,-14,-24,223,-18
-20,-7,5,3,-15,-24,86,-18
-20,-8,4,1,-16,-25,268,-20
-19,-9,4,1,-16,-25,289,-19
-19,-9,3,0,-16,-25,274,-20
-19,-9,3,0,-16,-26,345,-20
-18,-11,1,0,-15,-26,531,-20
-18,-10,3,0,-14,-25,387,-19
-19,-9,3,0,-15,-25,164,-19
-19,-9,3,1,-14,-25,2,-19
-19,-8,4,1,-14,-24,3,-18
-21,-7,6,3,-15,-23,-64,-17
-20,-8,4,1,-16,-24,109,-19
-20,-8,4,1,-15,-25,169,-19
-19,-9,3,1,-15,-25,173,-19
-19,-9,2,0,-16,-25,155,-20
-18,-11,1,0,-15,-26,343,-20
-18,-10,3,0,-14,-25,245,-19
-19,-9,3,0,-14,-24,199,-19
-19,-9,3,0,-14,-24,131,-19
-19,-8,4,2,-14,-24,59,-18
-20,-7,6,3,-14,-23,-74,-17
-19,-8,4,1,-16,-25,37,-19
-19,-8,3,1,-15,-25,36,-19
-19,-8,3,0,-15,-25,-6,-20
-19,-9,3,0,-16,-25,19,-20
-18,-10,1,0,-15,-26,148,-21
-18,-9,3,0,-14,-25,24,-18
-18,-9,3,0,-15,-24,-15,-19
-19,-9,3,1,-14,-24,-1,-19
-19,-8,4,1,-14,-24,-54,-18
-21,-7,5,3,-14,-23,-164,-17
-20,-8,4,1,-16,-24,110,-19
-19,-8,4,1,-15,-24,266,-19
-19,-8,4,1,-15,-24,168,-19
-19,-9,3,0,-15,-25,56,-20
-18,-10,2,0,-15,-26,175,-20
-18,-9,3,0,-13,-25,56,-18
-19,-9,3,1,-14,-24,-15,-18
-18,-9,3,1,-14,-24,21,-18
-19,-8,4,1,-14,-24,-48,-18
-20,-7,5,3,-14,-22,-226,-17
-19,-8,4,1,-16,-24,-77,-19
-19,-8,4,1,-15,-24,41,-19
-19,-8,3,0,-15,-24,-11,-19
-18,-9,3,0,-15,-25,70,-19
-17,-10,2,0,-15,-26,279,-20
-18,-10,3,0,-13,-24,144,-18
-19,-9,3,0,-14,-24,75,-18
-19,-9,3,1,-14,-24,114,-18
-19,-8,4,1,-14,-23,111,-17
-20,-7,5,3,-14,-22,-8,-16
-20,-7,4,1,-16,-24,176,-18
-19,-8,3,1,-15,-24,260,-19
-19,-8,3,0,-15,-24,268,-19
-18,-9,3,0,-15,-24,400,-19
-17,-10,0,-1,-15,-26,563,-20
-17,-10,2,0,-13,-24,446,-18
-18,-9,3,0,-14,-24,369,-18
-19,-9,3,0,-14,-24,403,-18
-18,-8,4,1,-13,-23,362,-17
-20,-7,5,2,-14,-22,196,-16
-20,-7,4,1,-16,-24,329,-18
-19,-8,3,1,-14,-24,425,-18
-19,-8,3,1,-14,-24,409,-19
-18,-9,3,0,-15,-24,433,-19
-17,-10,1,0,-15,-25,547,-20
-18,-10,2,0,-13,-24,326,-18
-18,-9,3,0,-14,-24,95,-18
-18,-9,3,1,-14,-24,102,-18
-18,-8,3,1,-14,-23,134,-18
-20,-7,5,3,-13,-22,-79,-16
-19,-8,4,1,-15,-23,0,-18
-19,-8,3,1,-15,-24,70,-18
-19,-8,3,0,-15,-24,-28,-18
-18,-9,3,0,-15,-24,43,-19
-16,-10,2,0,-14,-25,372,-20
-15,-8,6,1,-11,-20,255,-15
-13,-5,10,2,-10,-16,152,-13
-12,-5,12,3,-9,-14,125,-11
-10,-4,16,4,-7,-11,33,-9
-8,-4,21,6,-4,-6,-205,-5
-4,-5,23,5,-3,-4,-103,-4
-2,-6,25,5,-1,-2,56,-3
0,-6,28,6,0,0,71,0
2,-7,30,5,1,2,143,0
4,-7,29,4,1,2,338,0
4,-4,32,6,3,4,346,2
4,-4,33,7,3,5,280,3
5,-5,35,7,4,7,296,4
6,-5,35,7,4,7,192,5
4,-4,36,9,4,8,84,6
5,-5,35,8,3,7,173,4
6,-5,35,7,3,7,83,4
6,-7,34,6,3,6,-96,3
6,-10,32,5,3,4,-125,2
7,-12,31,4,3,3,-38,1
7,-12,32,5,5,4,-106,3
5,-10,31,6,3,3,52,3
3,-8,31,6,2,3,294,1
3,-8,31,7,2,3,218,2
2,-6,32,8,2,4,-81,3
1,-7,29,6,0,1,-199,0
0,-8,26,5,-1,-1,-179,-1
0,-9,26,5,0,-1,-173,-1
0,-11,24,4,-1,-3,-150,-2
0,-13,19,2,-3,-6,266,-6
-2,-11,19,3,-2,-6,355,-5
-4,-9,19,3,-4,-7,256,-6
-6,-10,17,3,-5,-10,266,-7
-7,-10,15,3,-5,-11,263,-8
-10,-7,16,5,-6,-10,119,-8
-11,-6,13,3,-9,-13,173,-10
-13,-8,10,2,-10,-16,284,-13
-15,-7,7,2,-11,-19,286,-15
-16,-6,6,1,-13,-20,319,-16
-16,-9,2,0,-14,-24,458,-19
-17,-9,2,0,-13,-24,394,-19
-18,-9,2,0,-14,-24,277,-18
-18,-9,2,0,-14,-24,281,-18
-18,-9,3,1,-14,-23,258,-17
-19,-7,4,2,-13,-22,105,-16
-19,-7,3,1,-15,-23,168,-18
-18,-8,3,1,-15,-23,268,-18
-18,-8,2,0,-14,-24,179,-19
-18,-8,2,0,-14,-24,-56,-19
-17,-10,0,-1,-15,-25,-131,-20
-19,-7,3,1,-16,-23,-912,-18
-19,-8,3,0,-15,-24,-651,-18
-18,-8,3,0,-14,-23,-518,-18
-18,-8,2,0,-14,-24,-621,-19
-17,-10,1,-1,-15,-25,-318,-20
-17,-10,2,0,-13,-24,-305,-18
-18,-9,2,0,-13,-23,-416,-18
-18,-9,3,1,-14,-23,-398,-17
-18,-8,3,1,-14,-23,-479,-17
-19,-7,4,2,-13,-22,-581,-16
-19,-7,3,2,-15,-23,-479,-18
-18,-8,3,1,-15,-23,-264,-18
-18,-8,3,1,-14,-23,-147,-18
-18,-8,2,0,-14,-24,-217,-19
-17,-9,0,-1,-15,-25,-238,-20
-17,-10,1,0,-12,-24,-372,-18
-18,-9,2,0,-13,-23,-525,-17
-18,-8,2,0,-14,-23,-469,-18
-18,-8,2,0,-13,-23,-454,-17
-19,-7,4,2,-13,-22,-570,-16
-20,-7,4,1,-15,-23,-587,-18
-23,-8,9,2,-18,-29,-513,-23
-28,-12,17,4,-22,-37,-682,-28
-32,-15,24,5,-25,-44,-919,-33
-37,-17,29,5,-30,-52,-891,-39
-38,-13,29,5,-29,-52,-889,-38
-35,-4,22,4,-26,-42,-969,-32
-27,4,7,0,-20,-28,-930,-23
-14,25,-19,-7,-7,0,-896,-6
5,52,-56,-16,9,39,-978,19
30,74,-99,-28,27,79,-941,44
56,96,-142,-40,47,120,-798,71
82,117,-185,-51,68,161,-808,99
108,139,-227,-63,88,203,-813,126
134,159,-271,-75,107,243,-729,152
161,176,-310,-85,129,283,-721,180
186,188,-345,-92,149,320,-797,206
209,188,-374,-98,166,348,-727,227
228,188,-397,-102,180,370,-707,244
240,193,-413,-104,190,389,-803,258
248,194,-423,-107,194,398,-748,263
254,182,-424,-106,197,397,-627,264
253,172,-419,-104,196,391,-664,262
247,163,-407,-101,190,379,-634,254
238,153,-391,-98,182,361,-570,242
226,141,-369,-92,174,341,-599,230
210,126,-342,-83,161,315,-726,213
189,106,-306,-74,145,281,-692,191
166,85,-267,-63,127,243,-754,166
139,63,-222,-50,107,202,-877,139
113,36,-177,-39,85,157,-905,109
88,9,-133,-28,64,112,-811,80
62,-10,-93,-17,45,71,-863,52
37,-28,-52,-7,24,31,-901,25
11,-46,-15,-1,3,-10,-828,-2
-16,-66,3,0,-17,-53,-825,-30
-45,-88,6,1,-39,-98,-968,-59
-68,-89,7,1,-56,-125,-938,-79
-79,-72,7,1,-62,-128,-930,-85
-76,-58,9,3,-58,-116,-1047,-77
-63,-46,8,3,-49,-95,-1050,-65
-48,-33,7,2,-38,-72,-893,-50
-35,-24,7,1,-27,-51,-920,-36
-25,-15,7,1,-20,-35,-911,-26
-20,-11,5,0,-17,-28,-797,-22
-19,-11,5,0,-15,-27,-766,-20
-20,-10,6,1,-14,-26,-902,-19
-20,-10,7,1,-15,-26,-922,-20
-20,-10,7,2,-15,-26,-987,-19
-21,-9,8,3,-14,-24,-1004,-18
-21,-8,8,3,-16,-25,-978,-19
-20,-9,6,1,-16,-26,-877,-20
-20,-9,7,1,-16,-26,-862,-20
-20,-9,6,1,-16,-26,-904,-20
-20,-10,5,0,-17,-28,-860,-21
-19,-11,5,0,-15,-27,-841,-20
-20,-10,6,1,-15,-26,-967,-19
-20,-9,6,1,-15,-26,-937,-20
-20,-9,7,2,-15,-26,-946,-19
-21,-8,8,3,-14,-25,-996,-18
-21,-8,8,3,-16,-25,-900,-19
-21,-8,6,2,-16,-26,-777,-20
-20,-9,6,1,-15,-26,-917,-20
-20,-9,7,1,-16,-26,-945,-20
-19,-10,5,0,-17,-28,-838,-22
-19,-11,5,0,-15,-27,-767,-21
-19,-10,6,1,-14,-26,-944,-19
-19,-9,6,1,-15,-27,-1015,-19
-20,-9,7,1,-15,-26,-1057,-19
-20,-9,8,3,-14,-25,-1166,-18
-21,-8,8,3,-16,-25,-1202,-19
-20,-9,7,2,-16,-26,-1070,-20
-20,-9,7,2,-15,-26,-1101,-19
-19,-9,7,1,-15,-26,-1116,-20
-19,-10,5,0,-16,-27,-1162,-21
-18,-11,5,0,-15,-27,-1316,-20
-19,-10,6,1,-14,-26,-1492,-19
-19,-10,6,1,-15,-25,-1464,-19
-19,-10,6,2,-15,-26,-1475,-19
-21,-8,8,3,-14,-24,-1592,-18
-21,-7,8,3,-16,-24,-1628,-18
-20,-9,7,2,-16,-26,-1482,-20
-19,-9,7,1,-15,-26,-1518,-20
-19,-10,7,1,-15,-26,-1526,-20
-18,-9,7,0,-15,-25,-1404,-19
-16,-9,9,1,-13,-23,-1380,-17
-16,-8,11,2,-12,-21,-1543,-16
-15,-7,13,3,-11,-19,-1535,-14
-14,-6,15,3,-10,-17,-1511,-13
-14,-6,17,5,-9,-15,-1547,-11
-13,-7,18,5,-9,-14,-1578,-10
-12,-8,17,4,-10,-15,-1458,-12
-11,-8,17,4,-9,-15,-1477,-11
-10,-7,19,4,-8,-13,-1490,-10
-8,-8,20,3,-7,-12,-1431,-10
-7,-8,20,3,-6,-12,-1350,-9
-7,-7,21,4,-5,-10,-1441,-8
-6,-9,22,4,-5,-9,-1373,-7
-6,-9,23,5,-4,-9,-1334,-6
-6,-5,26,7,-3,-6,-1461,-5
-6,-4,27,7,-4,-5,-1594,-4
-4,-6,27,6,-4,-5,-1542,-5
-3,-7,27,6,-3,-4,-1568,-4
-2,-7,28,6,-2,-4,-1576,-4
0,-6,30,5,-1,-2,-1510,-3
3,-5,34,6,1,1,-1453,0
5,-3,40,9,4,7,-1554,4
7,-1,43,9,5,11,-1470,6
8,0,46,10,7,13,-1431,8
10,1,50,12,9,17,-1489,12
12,5,55,14,10,22,-1599,14
15,5,58,14,11,25,-1491,15
19,7,63,14,14,29,-1505,18
22,7,66,15,16,32,-1498,21
25,6,68,14,17,34,-1447,22
29,6,71,15,21,38,-1403,25
31,9,77,17,24,44,-1526,29
33,11,82,19,25,48,-1493,32
36,13,87,20,28,53,-1498,35
38,14,91,22,30,57,-1547,39
40,15,95,23,31,60,-1594,41
43,14,96,22,32,62,-1463,41
44,15,98,23,33,64,-1499,43
46,16,100,23,35,66,-1516,44
48,14,99,22,35,66,-1454,44
50,12,100,21,37,67,-1383,46
50,12,102,23,38,68,-1504,47
51,13,104,23,38,70,-1471,48
52,14,106,24,39,72,-1446,49
51,16,107,26,40,73,-1529,51
50,16,108,26,39,73,-1599,50
50,15,104,24,37,70,-1444,48
49,13,102,23,37,68,-1486,46
49,11,100,22,36,67,-1532,45
48,9,96,21,34,63,-1504,43
47,7,93,19,34,61,-1460,41
45,7,93,20,34,60,-1643,42
43,6,91,20,32,58,-1561,40
41,6,89,19,31,55,-1497,39
39,5,87,20,31,54,-1540,38
37,4,84,20,28,51,-1628,36
35,3,80,18,25,47,-1519,32
33,2,76,16,24,43,-1570,29
31,0,73,15,23,39,-1583,28
30,-4,68,13,20,35,-1461,24
29,-7,62,11,20,30,-1359,21
26,-10,60,11,20,29,-1501,21
24,-12,57,10,17,25,-1492,19
21,-14,53,10,15,21,-1532,16
17,-11,51,10,13,19,-1658,14
14,-8,50,11,10,17,-1697,12
12,-9,46,9,7,13,-1525,9
11,-10,44,9,7,11,-1550,8
10,-12,41,8,6,8,-1595,6
9,-12,38,6,5,6,-1495,4
7,-12,35,5,4,3,-1325,2
5,-12,34,6,4,2,-1479,2
3,-11,33,6,2,1,-1507,1
1,-10,31,6,1,0,-1489,0
0,-11,29,6,0,-2,-1558,0
-2,-9,29,7,-1,-2,-1604,-1
-3,-8,26,6,-3,-4,-1446,-4
-4,-9,24,5,-3,-6,-1466,-5
-5,-11,22,4,-4,-9,-1506,-6
-6,-10,20,3,-6,-11,-1487,-8
-5,-13,17,1,-6,-13,-1460,-9
-7,-13,17,2,-5,-14,-1586,-9
-8,-12,16,3,-7,-15,-1520,-10
-10,-10,15,3,-8,-15,-1512,-11
-13,-9,13,3,-9,-17,-1556,-12
-16,-8,12,4,-11,-19,-1625,-14
-17,-8,9,2,-13,-21,-1493,-17
-18,-7,8,2,-13,-22,-1501,-17
-18,-7,8,1,-13,-23,-1402,-18
-18,-7,7,1,-14,-23,-798,-18
-18,-10,4,0,-14,-26,-404,-20
-20,-10,3,0,-14,-27,-511,-20
-20,-10,3,1,-15,-27,-534,-20
-20,-10,3,1,-15,-27,-524,-20
-20,-9,4,2,-15,-26,-589,-19
-21,-8,5,3,-16,-25,-703,-19
-21,-9,4,1,-17,-27,-486,-21
-21,-9,4,1,-16,-27,-431,-21
-20,-9,4,1,-16,-26,-521,-21
-20,-10,3,0,-16,-27,-564,-21
-19,-11,1,0,-16,-28,-525,-22
-19,-10,3,0,-14,-26,-699,-20
-20,-10,3,1,-15,-26,-726,-20
-20,-10,4,1,-15,-27,-713,-20
-20,-9,4,1,-15,-26,-753,-19
-21,-8,5,3,-15,-25,-872,-18
-21,-8,4,1,-17,-27,-724,-20
-21,-9,4,1,-16,-27,-682,-20
-20,-9,4,1,-16,-27,-718,-20
-20,-10,3,0,-16,-27,-696,-21
-19,-11,1,-1,-16,-28,-586,-21
-19,-10,3,0,-14,-26,-666,-19
-20,-9,3,1,-15,-26,-624,-19
-20,-9,3,1,-15,-27,-574,-20
-20,-9,4,2,-15,-26,-621,-19
-21,-7,5,3,-15,-25,-747,-18
-21,-8,4,1,-17,-26,-642,-20
-20,-8,4,1,-16,-26,-658,-20
-20,-9,3,1,-15,-26,-705,-20
-20,-9,3,0,-16,-27,-646,-21
-19,-11,1,-1,-16,-28,-472,-21
-19,-10,3,0,-14,-26,-645,-19
-19,-9,3,0,-15,-26,-722,-19
-20,-9,3,1,-15,-26,-838,-19
-20,-8,4,1,-15,-26,-1088,-19
-21,-7,5,3,-15,-25,-1250,-18
-21,-8,4,1,-17,-26,-934,-20
-20,-9,4,1,-16,-26,-703,-20
-20,-9,3,1,-15,-26,-621,-20
-19,-9,3,0,-16,-27,-541,-21
-18,-11,1,-1,-16,-28,-406,-21
-19,-10,2,0,-14,-27,-520,-19
-19,-9,3,0,-15,-26,-589,-19
-19,-9,3,0,-15,-26,-611,-19
-19,-9,4,1,-14,-26,-666,-19
-21,-7,5,3,-14,-24,-760,-18
-21,-8,4,2,-16,-26,-584,-20
-20,-8,4,1,-16,-26,-546,-20
-20,-8,4,0,-15,-26,-524,-20
-20,-9,3,0,-15,-27,-445,-20
-18,-10,1,-1,-16,-28,-357,-21
-18,-10,3,0,-14,-26,-514,-19
-19,-9,3,0,-15,-26,-542,-19
-19,-9,3,0,-15,-26,-479,-19
-20,-9,4,1,-14,-25,-540,-18
-21,-8,5,3,-15,-25,-708,-18
-20,-8,4,1,-16,-26,-634,-20
-20,-9,4,1,-16,-26,-619,-20
-20,-9,3,0,-15,-26,-669,-20
-19,-9,3,0,-16,-26,-624,-21
-18,-11,1,-1,-16,-27,-442,-22
-18,-10,3,0,-14,-26,-503,-19
-19,-9,3,0,-15,-26,-562,-19
-19,-9,3,0,-15,-26,-547,-19
-20,-9,4,1,-14,-25,-622,-18
-21,-7,5,3,-14,-24,-781,-18
-20,-8,4,2,-16,-25,-673,-20
-20,-8,3,1,-15,-26,-543,-20
-20,-9,3,1,-15,-26,-549,-19
-19,-9,3,0,-16,-26,-582,-20
-18,-11,1,0,-15,-27,-536,-21
-18,-10,2,0,-14,-26,-659,-20
-19,-9,3,0,-15,-26,-672,-19
-19,-9,3,0,-15,-26,-593,-19
-20,-9,4,1,-14,-25,-560,-18
-21,-7,5,3,-14,-24,-676,-18
-20,-7,4,2,-16,-25,-595,-19
-20,-8,4,1,-15,-26,-516,-19
-20,-9,3,1,-15,-26,-548,-20
-19,-9,3,0,-16,-26,-542,-20
-18,-10,1,0,-16,-27,-443,-21
-19,-10,3,0,-14,-26,-535,-19
-19,-9,3,1,-14,-25,-603,-19
-19,-9,3,1,-14,-25,-558,-19
-19,-9,4,1,-14,-25,-547,-18
-20,-7,5,3,-14,-24,-664,-17
-20,-8,4,1,-16,-25,-572,-19
-20,-8,4,1,-15,-25,-550,-19
-19,-8,3,1,-15,-26,-643,-20
-19,-9,3,0,-15,-26,-611,-20
-18,-10,1,0,-16,-27,-425,-21
-18,-10,2,0,-14,-26,-480,-19
-19,-9,3,0,-14,-25,-550,-19
-19,-9,3,1,-14,-25,-528,-19
-19,-9,3,1,-14,-25,-557,-18
-20,-7,5,3,-13,-23,-691,-17
-20,-8,4,2,-15,-25,-610,-19
-20,-8,3,1,-16,-25,-518,-19
-19,-8,3,1,-15,-25,-543,-19
-19,-9,2,0,-15,-26,-535,-20
-18,-10,1,-1,-16,-27,-410,-21
-18,-10,3,0,-14,-26,-475,-19
-19,-9,3,0,-14,-25,-559,-19
-19,-9,3,0,-14,-25,-527,-19
-19,-9,3,1,-14,-25,-538,-18
-20,-7,5,3,-13,-24,-730,-17
-20,-8,4,2,-16,-25,-703,-19
-19,-8,4,1,-15,-25,-627,-19
-19,-8,3,1,-15,-25,-661,-19
-19,-8,3,0,-15,-26,-591,-20
-17,-10,1,-1,-16,-27,-483,-21
-18,-10,2,0,-13,-25,-514,-19
-19,-9,3,0,-14,-25,-570,-18
-19,-9,3,1,-14,-25,-493,-18
-19,-9,4,1,-14,-24,-528,-18
-20,-7,5,3,-14,-23,-749,-17
-20,-7,4,1,-16,-24,-654,-19
-19,-8,3,1,-15,-25,-528,-19
-19,-8,3,1,-15,-25,-566,-19
-19,-8,3,0,-15,-25,-549,-19
-18,-10,1,0,-15,-26,-429,-20
-18,-10,2,0,-13,-25,-478,-19
-19,-9,3,0,-14,-25,-574,-19
-19,-8,3,0,-14,-25,-583,-18
-19,-9,4,1,-14,-24,-611,-18
-20,-8,5,3,-13,-23,-682,-17
-19,-7,4,2,-15,-24,-573,-19
-19,-8,3,0,-16,-25,-394,-19
-19,-8,3,0,-15,-25,-466,-19
-19,-9,3,0,-15,-25,-585,-19
-18,-9,1,0,-15,-26,-562,-20
-17,-10,2,0,-13,-25,-667,-19
-18,-9,3,0,-14,-24,-784,-18
-18,-9,3,1,-14,-24,-760,-18
-19,-8,4,1,-14,-24,-778,-18
-20,-7,5,2,-13,-23,-900,-17
-20,-7,4,2,-15,-24,-849,-18
-19,-8,3,1,-15,-25,-707,-19
-19,-8,3,0,-15,-25,-661,-19
-18,-9,3,0,-15,-25,-612,-19
-17,-10,1,0,-15,-26,-464,-20
-17,-10,2,0,-14,-25,-464,-19
-18,-9,3,0,-14,-24,-605,-18
-18,-8,3,0,-14,-25,-582,-18
-18,-8,3,1,-14,-24,-583,-18
-19,-7,5,3,-13,-23,-711,-17
-20,-7,5,2,-15,-24,-687,-18
-19,-8,3,1,-15,-24,-549,-19
-19,-8,3,1,-14,-24,-629,-19
-18,-8,3,0,-14,-25,-679,-19
-17,-10,1,-1,-15,-26,-563,-21
-17,-10,2,0,-13,-25,-556,-19
-17,-9,3,0,-13,-24,-578,-18
-18,-9,3,1,-14,-24,-408,-18
-18,-8,3,1,-13,-24,-490,-18
-19,-7,5,3,-13,-23,-685,-17
-19,-7,5,2,-15,-23,-657,-18
-19,-8,4,1,-15,-24,-544,-19
-19,-8,4,1,-14,-24,-601,-18
-18,-8,3,1,-15,-24,-629,-19
-18,-10,1,0,-15,-26,-518,-20
-18,-10,2,0,-13,-25,-522,-19
-18,-8,3,0,-13,-24,-745,-18
-18,-9,3,0,-14,-24,-780,-18
-19,-8,3,1,-14,-24,-782,-18
-19,-7,5,3,-13,-22,-837,-16
-19,-7,4,2,-15,-23,-758,-18
-19,-8,3,1,-15,-24,-594,-19
-18,-8,3,1,-14,-24,-616,-19
-18,-8,3,0,-14,-24,-633,-18
-17,-9,1,0,-15,-25,-513,-20
-17,-10,2,0,-13,-25,-476,-19
-18,-9,3,0,-13,-24,-588,-18
-18,-9,3,0,-14,-24,-595,-18
-18,-8,4,1,-13,-24,-602,-18
-19,-7,5,3,-13,-22,-667,-16
-19,-7,5,2,-14,-23,-679,-17
-19,-8,3,1,-15,-24,-649,-18
-18,-8,3,0,-14,-24,-791,-18
-18,-8,3,0,-14,-24,-847,-18
-17,-10,1,0,-15,-26,-745,-20
-17,-9,3,0,-13,-24,-738,-18
-15,-7,7,1,-11,-20,-864,-15
-13,-6,11,2,-9,-16,-822,-13
-12,-4,13,3,-8,-14,-806,-11
-11,-2,17,6,-6,-10,-856,-7
-8,-4,20,6,-5,-7,-812,-6
-3,-6,23,5,-3,-4,-733,-4
-1,-6,25,5,-1,-2,-801,-2
1,-6,28,5,0,0,-739,0
3,-8,29,4,0,0,-609,0
4,-7,30,5,3,2,-523,1
4,-4,33,7,3,5,-596,3
4,-4,33,7,3,6,-587,3
6,-5,34,7,5,6,-654,4
5,-4,36,9,5,8,-834,6
5,-3,36,9,4,8,-936,5
5,-5,35,7,3,7,-812,4
6,-5,34,7,4,6,-845,4
6,-7,33,6,4,6,-843,3
7,-11,31,4,3,4,-674,2
7,-11,31,4,4,3,-568,3
7,-11,31,5,4,4,-755,4
5,-10,31,6,3,3,-774,2
3,-8,30,6,2,3,-792,2
2,-6,32,7,3,4,-912,3
1,-6,31,7,1,3,-938,2
1,-7,28,6,0,0,-806,0
1,-9,26,5,0,-1,-862,0
0,-9,25,5,0,-1,-874,-1
0,-11,22,3,-2,-5,-780,-4
0,-12,20,2,-1,-6,-741,-4
-2,-10,20,3,-2,-6,-867,-4
-4,-8,19,4,-3,-7,-835,-5
-6,-10,17,3,-5,-10,-767,-7
-8,-9,16,4,-5,-10,-716,-7
-10,-7,15,4,-8,-11,-706,-9
-10,-7,12,2,-9,-14,-548,-11
-12,-8,10,2,-9,-16,-566,-13
-14,-7,7,1,-11,-19,-572,-15
-15,-7,5,0,-13,-21,-494,-17
-16,-9,2,0,-12,-24,-466,-18
-17,-9,2,0,-13,-24,-654,-17
-18,-8,2,0,-14,-24,-644,-18
-18,-8,2,0,-13,-24,-688,-18
-19,-7,4,2,-13,-22,-852,-16
-19,-6,4,2,-14,-23,-852,-17
-18,-7,3,0,-15,-24,-697,-18
-18,-8,3,1,-14,-24,-796,-18
-18,-8,2,0,-14,-24,-809,-18
-17,-9,1,0,-15,-25,-726,-19
-17,-10,1,0,-14,-25,-689,-19
-18,-8,2,0,-13,-24,-838,-17
-18,-8,2,0,-14,-24,-807,-17
-18,-9,2,0,-13,-24,-788,-17
-19,-7,4,1,-13,-23,-780,-17
-19,-7,4,2,-14,-23,-770,-17
-18,-7,2,1,-15,-23,-610,-18
-18,-8,3,1,-14,-23,-647,-18
-18,-8,2,0,-14,-24,-650,-18
-17,-8,1,0,-15,-25,-587,-19
-16,-10,0,0,-13,-25,-560,-19
-17,-9,2,0,-12,-23,-801,-17
-17,-9,2,0,-14,-23,-833,-17
-18,-8,2,0,-13,-23,-820,-17
-18,-7,4,2,-12,-22,-898,-16
-19,-6,4,2,-14,-22,-953,-17
-18,-7,2,1,-15,-23,-710,-18
-18,-8,2,0,-14,-24,-676,-18
-18,-8,2,0,-14,-24,-678,-18
-17,-9,1,0,-15,-25,-611,-19
-16,-10,1,-1,-14,-25,-559,-19
-17,-8,2,0,-13,-23,-788,-17
-17,-8,2,0,-14,-23,-801,-17
-17,-8,2,0,-14,-23,-761,-17
-18,-7,3,1,-13,-23,-788,-16
-19,-6,4,2,-14,-22,-908,-17
-19,-7,3,0,-15,-24,-790,-19
-23,-8,9,2,-18,-30,-814,-23
-28,-12,16,3,-22,-38,-796,-28
-32,-15,22,4,-26,-46,-799,-34
-37,-17,29,5,-29,-52,-818,-38
-39,-12,30,6,-29,-51,-1039,-37
-35,-3,21,3,-26,-42,-991,-32
-27,5,6,0,-19,-27,-1015,-22
-13,27,-20,-6,-6,2,-1016,-4
6,53,-58,-17,9,40,-939,20
32,75,-102,-29,27,80,-880,45
58,96,-145,-41,49,121,-1003,73
83,118,-187,-52,69,163,-1058,100
110,140,-230,-64,89,204,-946,127
136,159,-273,-76,110,244,-789,154
162,177,-312,-84,131,285,-857,182
187,188,-348,-93,149,321,-861,207
211,188,-376,-98,167,349,-783,228
229,189,-397,-102,180,372,-732,245
241,194,-414,-104,189,390,-784,258
249,193,-425,-108,194,397,-654,263
254,182,-424,-107,197,397,-707,265
254,172,-419,-105,196,391,-751,262
248,163,-407,-102,190,378,-718,253
238,153,-391,-98,183,360,-654,242
225,141,-368,-91,174,340,-819,230
209,125,-341,-83,161,314,-840,212
189,105,-305,-73,145,279,-835,190
165,85,-264,-62,127,242,-920,166
138,62,-221,-50,105,200,-1025,138
113,34,-176,-39,84,153,-931,107
88,8,-131,-27,64,109,-1015,79
62,-10,-91,-17,43,69,-1143,52
37,-29,-51,-8,23,28,-1055,24
11,-48,-14,-1,3,-12,-968,-3
-17,-67,4,1,-17,-54,-1132,-30
-46,-88,6,1,-40,-99,-1175,-60
-68,-88,7,1,-56,-125,-1194,-79
-78,-70,8,2,-61,-127,-1254,-83
-76,-57,9,3,-58,-115,-1338,-77
-62,-46,7,2,-49,-95,-1179,-65
-47,-33,7,2,-37,-71,-1163,-49
-34,-24,7,1,-27,-51,-1166,-36
-24,-15,6,0,-19,-35,-1117,-26
-19,-12,4,0,-15,-29,-1008,-21
-19,-11,6,1,-14,-27,-1043,-19
-19,-10,6,1,-15,-27,-1101,-20
-19,-10,6,1,-15,-26,-1104,-19
-20,-9,7,2,-14,-25,-1086,-18
-21,-7,8,4,-15,-25,-1215,-18
-20,-8,7,2,-17,-27,-1122,-20
-20,-9,7,2,-15,-26,-1086,-20
-20,-9,7,2,-15,-27,-1072,-20
-20,-9,7,2,-15,-26,-1121,-18
-21,-8,9,3,-15,-25,-1188,-18
-20,-9,7,2,-16,-27,-996,-20
-20,-9,7,1,-15,-26,-985,-19
-19,-9,6,1,-15,-26,-1055,-20
-19,-10,6,0,-16,-27,-1025,-20
-18,-11,5,0,-15,-27,-904,-21
-19,-10,6,1,-14,-26,-1002,-19
-19,-10,6,1,-15,-26,-1008,-19
-19,-9,6,1,-15,-26,-1128,-19
-20,-9,7,2,-14,-26,-1274,-18
-21,-8,9,3,-15,-25,-1281,-18
-20,-8,7,2,-17,-26,-1069,-19
-20,-9,7,2,-16,-26,-993,-19
-19,-9,6,1,-15,-26,-964,-20
-19,-10,5,1,-15,-27,-975,-20
-18,-11,5,0,-15,-27,-878,-21
-19,-10,6,1,-14,-26,-988,-19
-19,-10,6,1,-14,-26,-1048,-19
-19,-9,6,1,-14,-26,-1043,-19
