Lead 1,Lead 2,Lead 3,Lead 4,Lead 5,Lead 6,Lead 7,Lead 8
7166,2894,6484,5468,8151,6973,16264,5984
6961,2899,6354,5375,7998,6837,15920,5831
6904,2904,6281,5312,7904,6757,15739,5770
6852,2902,6210,5250,7813,6680,15561,5711
6800,2898,6141,5190,7723,6605,15385,5653
6745,2893,6073,5132,7635,6530,15210,5595
6688,2888,6005,5074,7547,6456,15038,5538
6631,2884,5938,5017,7461,6383,14865,5481
6575,2883,5871,4960,7375,6309,14694,5424
6522,2883,5802,4901,7287,6235,14523,5366
11826,11824,11825,13619,-32645,23,2,5713
6461,2889,5734,4844,7201,6161,14355,5310
6402,2893,5668,4787,7115,6088,14187,5253
6352,2894,5601,4731,7032,6017,14022,5198
6299,2894,5538,4677,6951,5948,13860,5144
6192,2886,5416,4574,6794,5814,13539,5037
6139,2883,5358,4526,6718,5750,13382,4986
6086,2880,5299,4477,6643,5686,13227,4935
6027,2880,5240,4427,6566,5620,13070,4882
5969,2883,5180,4376,6488,5554,12914,4827
5916,2887,5121,4325,6412,5488,12763,4773
5865,2889,5062,4274,6336,5424,12611,4718
5813,2890,5003,4224,6261,5360,12461,4663
5761,2892,4946,4177,6190,5301,12315,4615
5711,2888,4892,4132,6121,5244,12175,4569
5657,2885,4840,4089,6052,5186,12034,4522
5602,2883,4789,4046,5985,5130,11896,4476
5549,2881,4739,4002,5918,5073,11757,4429
5504,2878,4686,3958,5850,5016,11619,4383
5453,2881,4632,3914,5782,4958,11482,4335
5399,2887,4579,3868,5714,4900,11345,4285
5356,2891,4527,3825,5648,4844,11211,4239
5314,2891,4476,3783,5583,4789,11077,4191
5269,2888,4426,3742,5520,4736,10946,4146
5221,2888,4378,3702,5458,4684,10818,4104
5168,2888,4331,3662,5399,4634,10692,4061
5121,2882,4284,3623,5339,4584,10566,4019
5075,2878,4238,3585,5279,4533,10441,3977
5026,2877,4191,3545,5218,4481,10315,3933
4975,2881,4143,3505,5157,4428,10189,3889
4700,2879,3864,3274,4808,4126,9475,3638
4653,2876,3822,3240,4755,4081,9362,3602
4610,2872,3780,3205,4702,4034,9251,3565
4569,2872,3739,3171,4649,3988,9140,3527
4532,2873,3698,3137,4597,3943,9029,3489
4495,2875,3655,3101,4543,3896,8918,3449
4453,2884,3615,3068,4492,3851,8810,3412
4421,2886,3575,3035,4442,3808,8704,3377
4394,2883,3537,3004,4394,3766,8600,3345
4367,2879,3501,2975,4348,3728,8499,3314
4333,2876,3466,2947,4303,3689,8399,3283
4298,2875,3432,2919,4260,3652,8302,3253
4268,2871,3396,2891,4215,3614,8205,3221
4239,2870,3361,2863,4171,3576,8108,3189
4206,2876,3327,2835,4126,3538,8012,3158
4179,2881,3293,2807,4082,3501,7916,3128
4161,2880,3260,2780,4039,3463,7822,3097
4141,2881,3228,2755,3998,3429,7732,3068
4121,2883,3199,2732,3960,3397,7647,3042
4101,2882,3173,2711,3924,3368,7564,3019
4085,2876,3146,2690,3889,3338,7479,2994
4071,2869,3120,2670,3854,3310,7398,2971
4055,2867,3095,2651,3820,3284,7320,2949
4036,2867,3068,2629,3785,3255,7240,2925
4017,2869,3039,2606,3747,3223,7158,2897
3992,2872,3009,2581,3708,3191,7074,2867
3969,2876,2979,2556,3669,3159,6991,2838
3948,2878,2949,2531,3631,3128,6909,2811
3924,2877,2920,2508,3594,3097,6830,2785
3901,2875,2894,2487,3561,3070,6756,2762
3875,2873,2870,2468,3529,3044,6684,2739
3847,2870,2845,2447,3496,3018,6608,2715
3825,2864,2819,2426,3461,2989,6531,2688
3807,2859,2791,2403,3426,2959,6453,2661
3779,2863,2762,2379,3390,2929,6377,2634
3748,2871,2735,2357,3355,2900,6304,2608
3722,2874,2709,2334,3320,2872,6234,2582
3695,2875,2682,2310,3284,2841,6161,2554
3671,2872,2654,2287,3249,2812,6090,2528
3647,2870,2629,2267,3217,2787,6020,2506
3620,2869,2606,2248,3187,2762,5953,2485
3595,2865,2583,2229,3157,2737,5888,2465
3568,2863,2560,2210,3126,2712,5823,2442
3540,2862,2534,2188,3094,2684,5756,2417
3514,2863,2506,2163,3059,2655,5687,2390
3480,2866,2476,2138,3023,2624,5616,2363
3454,2868,2449,2115,2990,2595,5548,2339
3432,2869,2423,2093,2958,2568,5481,2314
3400,2869,2397,2128,2924,2540,5412,2288
3371,2866,2373,2131,2893,2513,5347,2264
3343,2865,2352,2138,2865,2490,5286,2245
3316,2862,2330,2144,2837,2466,5225,2226
3287,2857,2306,2148,2807,2441,5164,2203
3257,2856,2281,2150,2776,2416,5103,2178
3225,2857,2254,2150,2744,2388,5040,2153
3190,2861,2228,2150,2711,2359,4977,2125
3154,2865,2201,2148,2678,2331,4914,2097
3120,2868,2175,2147,2645,2303,4853,2071
3085,2868,2149,2147,2614,2276,4793,2166
3045,2864,2122,2147,2583,2250,4732,2164
3003,2860,2097,2147,2552,2222,4671,2164
2963,2856,2074,2148,2522,2197,4612,2165
2926,2851,2132,2147,2492,2172,4556,2167
2884,2850,2129,2143,2459,2143,4494,2165
2833,2855,2123,2136,2424,2112,4430,2159
2787,2859,2116,2128,2389,2080,4369,2154
2739,2861,2109,2121,2353,2133,4309,2147
2686,2865,2102,2113,2318,2126,4251,2138
2634,2865,2096,2107,2285,2121,4194,2130
2584,2864,2093,2103,2254,2117,4138,2123
2535,2861,2088,2098,2222,2112,4081,2116
2477,2858,2082,2091,2189,2105,4023,2109
2420,2853,2074,2083,2155,2097,3962,2100
2365,2852,2065,2073,2120,2088,3902,2091
2309,2852,2053,2061,2084,2077,3840,2078
2246,2854,2038,2046,2131,2062,3773,2059
2175,2857,2021,2028,2113,2045,3704,2040
2102,2859,2004,2011,2096,2028,3640,2023
2028,2860,1988,1995,2080,2012,3580,2008
2135,2859,1972,1977,2063,1994,3521,1991
2080,2853,1954,1958,2044,1976,3460,1974
2026,2849,1937,1941,2028,1960,3402,1959
1971,2847,1919,1924,2011,1945,3344,1943
1926,2845,1904,1908,1996,1931,3288,1928
1878,2845,1886,1890,1978,1913,3230,1910
1827,2846,1866,1869,1957,1893,3168,1888
1774,2851,1847,1848,1938,1874,3108,1867
1730,2855,1834,1833,1924,1860,3054,1850
1693,2857,1823,1821,1912,1849,3002,1836
1664,2855,1814,1811,1904,1841,2955,1826
1646,2851,1810,1807,1899,1837,2914,1820
1637,2848,1809,1807,1899,1838,2877,1818
1629,2843,1807,1805,1897,1837,2841,1815
1614,2841,1802,1800,1892,1832,2803,1807
1594,2841,1794,1790,1883,1824,2762,1796
1572,2843,1784,1780,1874,1817,2722,1786
1549,2846,1775,1771,1866,1809,2682,1777
1519,2851,1768,1762,1857,1800,2639,1767
1494,2852,1762,1755,1850,1794,2598,1759
1474,2849,1755,1748,1843,1788,2559,1752
1463,2842,1750,1743,1839,1784,2523,1748
1453,2835,1746,1739,1835,1781,2488,1745
1434,2833,1744,1736,1831,1777,2452,1740
1416,2832,1739,1731,1826,1773,2415,1731
1403,2834,1735,1726,1822,1769,2379,1725
1397,2836,1732,1723,1819,1766,2347,1721
1389,2839,1728,1718,1814,1762,2314,1715
1379,2841,1723,1713,1810,1757,2280,1710
1365,2842,1719,1709,1806,1753,2247,1706
1353,2839,1716,1705,1802,1750,2217,1702
1341,2832,1711,1699,1798,1746,2187,1697
1319,2826,1705,1694,1792,1741,2155,1689
1295,2821,1698,1686,1785,1735,2122,1680
1275,2820,1692,1679,1779,1728,2089,1672
1266,2820,1687,1672,1773,1723,2246,1666
1247,2824,1679,1664,1765,1715,2238,1656
1224,2826,1670,1654,1756,1706,2226,1647
1201,2828,1660,1645,1747,1698,2213,1637
1178,2828,1654,1637,1739,1690,2203,1628
1150,2825,1646,1628,1729,1680,2193,1617
1116,2821,1636,1618,1719,1671,2184,1604
1081,2816,1626,1608,1711,1663,2176,1592
1041,2813,1615,1596,1699,1653,2166,1578
1001,2814,1603,1584,1689,1643,2155,1566
967,2815,1591,1571,1677,1632,2144,1553
930,2816,1576,1556,1662,1619,2131,1538
891,2816,1560,1540,1647,1605,2117,1522
854,2817,1547,1525,1633,1592,2103,1507
819,2817,1537,1514,1623,1583,2094,1495
791,2813,1528,1504,1613,1575,2088,1486
763,2807,1519,1495,1604,1567,2081,1476
732,2804,1512,1487,1597,1561,2074,1467
705,2803,1504,1480,1590,1556,2067,1459
668,2804,1493,1468,1579,1545,2055,1445
638,2802,1480,1456,1566,1532,2040,1431
607,2800,1464,1440,1551,1518,2024,1416
574,2801,1450,1426,1537,1505,2009,1402
538,2802,1438,1413,1524,1492,1997,1389
496,2803,1427,1400,1510,1478,1985,1373
455,2801,1417,1388,1498,1467,1974,1358
420,2794,1405,1377,1487,1457,1964,1346
372,2790,1391,1364,1474,1445,1953,1333
320,2789,1378,1350,1461,1434,1941,1318
265,2791,1362,1334,1446,1419,1925,1300
209,2795,1344,1316,1427,1401,1905,1280
158,2799,1326,1297,1408,1381,1882,1260
116,2796,1307,1277,1389,1361,1857,1240
72,2795,1287,1258,1370,1342,1832,1221
18,2796,1269,1240,1351,1323,1812,1202
-38,2793,1252,1223,1333,1304,1795,1185
-96,2787,1233,1205,1315,1286,1780,1166
-150,2781,1217,1188,1299,1271,1769,1152
-206,2779,1201,1171,1282,1255,1755,1137
-266,2780,1181,1152,1263,1237,1739,1118
-327,2782,1159,1131,1243,1216,1717,1097
-397,2784,1134,1105,1217,1189,1689,1070
-484,2786,1104,1074,1186,1157,1654,1038
-614,2787,1059,1029,1139,1109,1603,990
-837,2786,983,954,1063,1031,1524,914
-1203,2784,861,832,942,909,1405,795
-1738,2781,685,655,766,733,1233,620
-2420,2774,460,429,540,508,1015,395
-3177,2767,209,177,288,259,769,145
-3914,2767,-36,-68,43,16,529,-98
-4578,2768,-259,-292,-179,-204,310,-320
-5147,2769,-430,-462,-350,-376,141,-490
-5430,2769,-549,-580,-468,-493,23,-607
-5649,2771,-646,-677,-565,-589,-73,-704
-5809,2773,-724,-753,-641,-663,-151,-780
-5983,2771,-806,-834,-721,-743,-233,-860
-7237,2740,-1392,-1419,-1304,-1307,-794,-1441
-7270,2743,-1432,-1459,-1346,-1344,-829,-1484
-7221,2745,-1443,-1471,-1359,-1353,-837,-1499
-7144,2745,-1442,-1471,-1360,-1349,-832,-1500
-7040,2746,-1431,-1460,-1350,-1333,-815,-1488
-6917,2741,-1415,-1443,-1335,-1313,-791,-1473
-6782,2734,-1396,-1424,-1316,-1287,-763,-1457
-6631,2727,-1371,-1401,-1292,-1254,-726,-1434
-6494,2727,-1346,-1378,-1269,-1220,-691,-1413
-6369,2735,-1323,-1357,-1248,-1189,-657,-1394
-6218,2738,-1294,-1329,-1221,-1150,-616,-1369
-6060,2741,-1264,-1299,-1191,-1107,-574,-1341
-5874,2745,-1221,-1256,-1149,-1050,-522,-1304
-5705,2748,-1181,-1216,-1109,-993,-470,-1270
-5537,2747,-1143,-1178,-1071,-936,-416,-1239
-5344,2738,-1102,-1135,-1027,-869,-349,-1201
-5156,2732,-1059,-1091,-982,-799,-281,-1160
-4978,2730,-1017,-1048,-939,-736,-223,-1121
-4807,2731,-977,-1007,-897,-682,-175,-1081
-4653,2732,-944,-974,-864,-640,-136,-1048
-4503,2733,-910,-941,-833,-600,-95,-1017
-4385,2735,-882,-916,-810,-566,-55,-996
-4351,2735,-884,-921,-815,-554,-37,-1004
-4359,2732,-901,-940,-832,-552,-32,-1027
-4386,2727,-925,-963,-854,-555,-31,-1055
-4424,2721,-956,-992,-878,-562,-34,-1085
-4451,2715,-985,-1020,-902,-571,-38,-1109
-4467,2708,-1011,-1045,-925,-589,-57,-1129
-4470,2703,-1031,-1061,-948,-623,-95,-1148
-4463,2703,-1045,-1074,-973,-676,-155,-1165
-4446,2705,-1055,-1089,-999,-746,-236,-1178
-4423,2704,-1067,-1107,-1029,-833,-338,-1191
-4402,2705,-1081,-1126,-1057,-930,-452,-1201
-4376,2705,-1093,-1142,-1080,-1025,-562,-1207
-4347,2702,-1105,-1154,-1100,-1110,-662,-1213
-4319,2698,-1120,-1165,-1114,-1180,-751,-1218
-4290,2690,-1138,-1176,-1126,-1235,-825,-1222
-4265,2683,-1158,-1190,-1138,-1276,-880,-1231
-4244,2680,-1175,-1204,-1148,-1302,-914,-1241
-4224,2679,-1191,-1217,-1158,-1315,-932,-1253
-4207,2682,-1204,-1229,-1165,-1318,-937,-1264
-4194,2687,-1219,-1243,-1174,-1317,-937,-1277
-4183,2689,-1236,-1258,-1185,-1315,-934,-1292
-4170,2690,-1248,-1270,-1193,-1308,-926,-1304
-4158,2689,-1256,-1279,-1199,-1300,-918,-1315
-4153,2691,-1258,-1285,-1201,-1290,-909,-1325
-4147,2693,-1257,-1283,-1199,-1276,-898,-1335
-4140,2698,-1254,-1279,-1194,-1261,-886,-1342
-4135,2708,-1253,-1273,-1189,-1247,-878,-1350
-4132,2715,-1254,-1273,-1189,-1238,-874,-1362
-4120,2719,-1262,-1280,-1193,-1232,-868,-1375
-4098,2714,-1277,-1294,-1203,-1230,-861,-1389
-4072,2703,-1293,-1310,-1215,-1233,-859,-1405
-4046,2684,-1306,-1322,-1226,-1236,-863,-1423
-4019,2660,-1315,-1328,-1233,-1237,-864,-1434
-3984,2637,-1323,-1335,-1239,-1238,-863,-1437
-3934,2607,-1337,-1344,-1245,-1237,-855,-1435
-3873,2570,-1355,-1354,-1249,-1236,-847,-1430
-3803,2535,-1380,-1364,-1251,-1232,-840,-1421
-3735,2505,-1409,-1385,-1260,-1237,-841,-1415
-3674,2481,-1436,-1412,-1278,-1253,-852,-1418
-3633,2459,-1463,-1448,-1310,-1290,-885,-1440
-3608,2444,-1496,-1496,-1353,-1336,-926,-1469
-3592,2433,-1536,-1557,-1402,-1385,-964,-1496
-3593,2436,-1576,-1628,-1456,-1433,-999,-1520
-3619,2453,-1602,-1689,-1505,-1479,-1036,-1548
-3655,2475,-1616,-1730,-1547,-1523,-1079,-1579
-3691,2499,-1627,-1767,-1587,-1569,-1124,-1611
-3705,2513,-1647,-1806,-1627,-1613,-1164,-1633
-3712,2523,-1661,-1832,-1656,-1647,-1199,-1652
-3724,2536,-1666,-1840,-1671,-1673,-1231,-1671
-3724,2543,-1674,-1842,-1681,-1693,-1257,-1683
-3718,2548,-1683,-1842,-1686,-1707,-1275,-1693
-3713,2552,-1691,-1841,-1690,-1719,-1292,-1705
-3712,2555,-1695,-1838,-1691,-1729,-1305,-1716
-3717,2564,-1693,-1826,-1685,-1731,-1314,-1725
-3724,2576,-1686,-1810,-1675,-1729,-1320,-1731
-3727,2582,-1679,-1798,-1669,-1730,-1329,-1738
-3722,2583,-1677,-1793,-1668,-1736,-1341,-1747
-3714,2589,-1678,-1788,-1668,-1741,-1353,-1756
-3702,2595,-1682,-1785,-1667,-1744,-1362,-1762
-3679,2598,-1685,-1781,-1665,-1745,-1370,-1767
-3659,2602,-1684,-1773,-1660,-1746,-1376,-1772
-3642,2605,-1682,-1767,-1657,-1748,-1383,-1777
-3628,2606,-1681,-1764,-1656,-1751,-1393,-1783
-3613,2607,-1679,-1761,-1656,-1755,-1404,-1789
-3596,2607,-1680,-1761,-1659,-1762,-1417,-1796
-3581,2608,-1683,-1764,-1662,-1768,-1428,-1803
-3563,2612,-1687,-1767,-1666,-1772,-1434,-1808
-3543,2620,-1690,-1770,-1669,-1775,-1437,-1813
-3523,2626,-1694,-1776,-1673,-1781,-1442,-1820
-3503,2631,-1698,-1781,-1679,-1788,-1451,-1826
-3479,2635,-1703,-1787,-1684,-1791,-1456,-1829
-3456,2636,-1708,-1791,-1688,-1795,-1459,-1832
-3433,2633,-1712,-1796,-1693,-1799,-1466,-1839
-3411,2627,-1716,-1801,-1698,-1804,-1476,-1845
-3391,2623,-1718,-1804,-1702,-1807,-1483,-1851
-3374,2622,-1721,-1808,-1706,-1809,-1486,-1856
-3353,2621,-1725,-1814,-1711,-1810,-1489,-1862
-3332,2622,-1730,-1819,-1716,-1812,-1494,-1869
-3309,2623,-1734,-1823,-1721,-1815,-1500,-1877
-3289,2625,-1739,-1828,-1726,-1817,-1507,-1885
-3269,2626,-1745,-1834,-1732,-1821,-1515,-1893
-3248,2625,-1750,-1838,-1738,-1825,-1524,-1901
-3232,2621,-1753,-1842,-1743,-1828,-1531,-1908
-3215,2616,-1756,-1845,-1747,-1828,-1536,-1914
-3196,2609,-1759,-1848,-1751,-1829,-1540,-1920
-3177,2602,-1763,-1852,-1755,-1831,-1544,-1927
-3161,2600,-1767,-1856,-1759,-1832,-1549,-1935
-3148,2602,-1772,-1863,-1766,-1834,-1557,-1944
-3133,2604,-1779,-1869,-1773,-1838,-1564,-1953
-3118,2605,-1786,-1877,-1781,-1843,-1571,-1965
-3099,2603,-1793,-1885,-1788,-1845,-1577,-1974
-3081,2601,-1798,-1890,-1793,-1846,-1581,-1982
-3067,2600,-1801,-1893,-1796,-1845,-1584,-1991
-3053,2598,-1805,-1896,-1800,-1843,-1587,-1997
-3040,2594,-1810,-1901,-1804,-1844,-1588,-1999
-3026,2590,-1814,-1905,-1808,-1843,-1586,-2002
-3010,2587,-1819,-1909,-1812,-1843,-1585,-2007
-2994,2588,-1825,-1914,-1816,-1844,-1585,-2016
-2981,2591,-1831,-1921,-1823,-1847,-1591,-2029
-2967,2594,-1837,-1927,-1828,-1849,-1594,-2037
-2953,2596,-1845,-1935,-1835,-1853,-1599,-2045
-2940,2595,-1851,-1941,-1841,-1857,-1602,-2053
-2929,2593,-1856,-1945,-1845,-1860,-1604,-2060
-2919,2592,-1860,-1949,-1848,-1861,-1604,-2064
-2908,2589,-1863,-1952,-1851,-1862,-1607,-2069
-2898,2586,-1866,-1955,-1854,-1866,-1615,-2074
-2885,2582,-1872,-1961,-1859,-1871,-1624,-2081
-2871,2582,-1879,-1968,-1866,-1877,-1636,-2089
-2855,2585,-1886,-1974,-1872,-1885,-1648,-2097
-2839,2587,-1894,-1980,-1878,-1891,-1654,-2105
-2828,2590,-1899,-1987,-1883,-1895,-1656,-2113
-2814,2589,-1903,-1992,-1887,-1897,-1654,-2122
-2801,2586,-1907,-1995,-1889,-1896,-1648,-2128
-2788,2582,-1909,-1997,-1890,-1892,-1644,-2130
-2775,2581,-1910,-1999,-1890,-1887,-1642,-2133
-2762,2579,-1913,-2002,-1891,-1886,-1641,-2137
-2748,2577,-1916,-2006,-1894,-1888,-1643,-2144
-2733,2579,-1921,-2010,-1898,-1892,-1646,-2151
-2718,2582,-1926,-2015,-1902,-1896,-1650,-2156
-2703,2587,-1930,-2020,-1906,-1901,-1656,-2162
-2685,2589,-1934,-2024,-1910,-1907,-1663,-2168
-2665,2588,-1937,-2027,-1913,-1913,-1669,-2172
-2649,2588,-1939,-2027,-1913,-1916,-1674,-2174
-2633,2588,-1941,-2028,-1912,-1916,-1677,-2176
-2614,2585,-1942,-2029,-1910,-1916,-1680,-2178
-2593,2580,-1943,-2029,-1908,-1915,-1683,-2180
-2571,2578,-1944,-2030,-1906,-1914,-1688,-2183
-2553,2580,-1946,-2031,-1905,-1914,-1689,-2187
-2533,2584,-1950,-2033,-1904,-1914,-1693,-2188
-2510,2586,-1953,-2035,-1902,-1914,-1700,-2190
-2490,2590,-1954,-2036,-1901,-1913,-1702,-2190
-2468,2591,-1953,-2034,-1898,-1912,-1701,-2190
-2445,2589,-1952,-2032,-1897,-1915,-1700,-2189
-2423,2585,-1952,-2030,-1894,-1919,-1701,-2189
-2397,2578,-1953,-2028,-1891,-1922,-1703,-2189
-2374,2574,-1952,-2026,-1888,-1926,-1708,-2188
-2352,2573,-1952,-2024,-1885,-1927,-1713,-2187
-2327,2573,-1953,-2024,-1883,-1928,-1718,-2188
-2302,2574,-1954,-2024,-1882,-1928,-1722,-2189
-2277,2576,-1955,-2023,-1880,-1928,-1722,-2188
-2255,2577,-1955,-2022,-1878,-1927,-1720,-2187
-2234,2578,-1955,-2021,-1876,-1925,-1719,-2189
-2212,2575,-1954,-2018,-1872,-1922,-1716,-2186
-2191,2572,-1951,-2015,-1868,-1917,-1708,-2184
-2171,2568,-1948,-2011,-1863,-1911,-1700,-2184
-2151,2565,-1946,-2007,-1857,-1905,-1695,-2183
-2131,2563,-1944,-2004,-1853,-1900,-1691,-2183
-2111,2566,-1943,-2002,-1850,-1895,-1686,-2182
-2092,2572,-1942,-2000,-1846,-1891,-1681,-2181
-2013,2578,-1942,-1999,-1843,-1889,-1677,-2181
-2015,2579,-1942,-1998,-1842,-1888,-1673,-2182
-2016,2578,-1942,-1996,-1840,-1886,-1666,-2182
-2019,2575,-1941,-1995,-1836,-1883,-1659,-2180
-2024,2572,-1939,-1991,-1832,-1880,-1653,-2177
-2026,2566,-1937,-1988,-1829,-1878,-1651,-2175
-2030,2563,-1934,-1984,-1826,-1875,-1647,-2172
-2034,2563,-1932,-1982,-1823,-1874,-1642,-2170
-2038,2565,-1932,-1981,-1822,-1873,-1641,-2171
-2040,2567,-1931,-1981,-1821,-1873,-1640,-2171
-2039,2568,-1933,-1981,-1821,-1873,-1636,-2172
-2042,2571,-1933,-1980,-1820,-1873,-1631,-2172
-2045,2572,-1933,-1979,-1819,-1872,-1625,-2170
-2049,2571,-1930,-1976,-1817,-1871,-1620,-2168
-2050,2568,-1928,-1973,-1814,-1869,-1615,-2166
-2051,2562,-1927,-1971,-1812,-1867,-1611,-2164
-2056,2561,-1924,-1969,-1809,-1865,-1607,-2159
-2060,2563,-1922,-1966,-1807,-1864,-1601,-2155
-2060,2563,-1922,-1966,-1807,-1865,-1598,-2155
-2059,2565,-1924,-1967,-1808,-1868,-1593,-2155
-2060,2568,-1925,-1968,-1810,-1871,-1591,-2155
-2060,2570,-1925,-1968,-1810,-1874,-1587,-2155
-2060,2571,-1924,-1967,-1810,-1876,-1582,-2153
-2059,2565,-1923,-1967,-1810,-1877,-1576,-2152
-2057,2559,-1922,-1966,-1810,-1879,-1571,-2150
-2059,2555,-1921,-1966,-1810,-1881,-1566,-2147
-2059,2550,-1920,-1965,-1810,-1883,-1560,-2144
-2060,2550,-1918,-1966,-1811,-1884,-1553,-2142
-2061,2551,-1919,-1968,-1813,-1887,-1547,-2140
-2061,2553,-1921,-1970,-1815,-1890,-1541,-2140
-2062,2557,-1921,-1973,-1817,-1890,-1533,-2138
-2062,2557,-1922,-1976,-1820,-1892,-1525,-2137
-2061,2555,-1924,-1979,-1823,-1894,-1519,-2137
-2062,2552,-1923,-1981,-1824,-1895,-1511,-2135
-2065,2550,-1921,-1981,-1825,-1895,-1504,-2131
-2068,2546,-1918,-1981,-1824,-1895,-1496,-2127
-2068,2541,-1918,-1982,-1826,-1896,-1489,-2123
-2073,2543,-1917,-1984,-1827,-1897,-1482,-2119
-2076,2545,-1916,-1986,-1829,-1899,-1476,-2117
-2078,2547,-1918,-1990,-1833,-1904,-1471,-2115
-2079,2551,-1919,-1994,-1837,-1909,-1466,-2113
-2077,2549,-1921,-1999,-1841,-1913,-1462,-2112
-2076,2547,-1921,-2001,-1843,-1915,-1454,-2108
-2080,2548,-1920,-2002,-1844,-1916,-1446,-2104
-2081,2544,-1918,-2003,-1844,-1916,-1439,-2100
-2079,2536,-1916,-2003,-1844,-1915,-1431,-2094
-2080,2530,-1914,-2004,-1845,-1916,-1426,-2091
-2081,2528,-1913,-2005,-1847,-1916,-1419,-2089
-2085,2529,-1914,-2008,-1849,-1917,-1410,-2089
-2087,2530,-1915,-2012,-1853,-1917,-1400,-2087
-2088,2531,-1916,-2015,-1856,-1917,-1389,-2086
-2089,2534,-1916,-2016,-1857,-1915,-1377,-2083
-2092,2536,-1914,-2017,-1858,-1913,-1365,-2080
-2096,2534,-1912,-2017,-1858,-1910,-1354,-2075
-2098,2530,-1909,-2016,-1857,-1907,-1343,-2070
-2101,2526,-1906,-2015,-1856,-1904,-1331,-2064
-2103,2522,-1904,-2013,-1855,-1903,-1320,-2060
-2100,2517,-1902,-2013,-1856,-1903,-1314,-2059
-2099,2516,-1902,-2014,-1858,-1905,-1309,-2057
-2101,2519,-1902,-2015,-1860,-1908,-1302,-2055
-2102,2521,-1901,-2017,-1862,-1911,-1294,-2051
-2104,2524,-1900,-2017,-1863,-1913,-1284,-2048
-2105,2525,-1899,-2016,-1863,-1914,-1275,-2043
-2105,2523,-1896,-2015,-1862,-1913,-1264,-2037
-2108,2521,-1892,-2012,-1860,-1913,-1253,-2030
-2108,2515,-1889,-2010,-1859,-1911,-1243,-2024
-2107,2511,-1886,-2008,-1858,-1911,-1235,-2020
-2108,2510,-1883,-2006,-1857,-1912,-1227,-2017
-2108,2510,-1882,-2006,-1858,-1915,-1221,-2014
-2106,2511,-1881,-2007,-1860,-1917,-1214,-2013
-2106,2512,-1880,-2007,-1861,-1919,-1207,-2011
-2107,2515,-1879,-2008,-1863,-1922,-1199,-2010
-2105,2514,-1878,-2008,-1864,-1926,-1191,-2007
-2106,2513,-1875,-2006,-1863,-1926,-1183,-2002
-2109,2512,-1870,-2003,-1860,-1926,-1174,-1995
-2112,2511,-1865,-1998,-1858,-1925,-1163,-1989
-2116,2510,-1860,-1995,-1855,-1926,-1156,-1983
-2115,2508,-1858,-1993,-1855,-1929,-1150,-1977
-2114,2509,-1856,-1994,-1856,-1932,-1142,-1970
-2113,2512,-1854,-1993,-1856,-1932,-1129,-1961
-2113,2514,-1853,-1993,-1856,-1932,-1115,-1954
-2112,2515,-1851,-1993,-1857,-1936,-1104,-1948
-2109,2512,-1850,-1992,-1857,-1939,-1093,-1941
-2107,2509,-1847,-1991,-1856,-1938,-1079,-1933
-2107,2505,-1842,-1988,-1853,-1935,-1063,-1924
-2109,2503,-1837,-1984,-1850,-1932,-1047,-1912
-2110,2502,-1832,-1980,-1847,-1932,-1034,-1902
-2108,2497,-1829,-1979,-1846,-1934,-1026,-1897
-2103,2494,-1827,-1980,-1847,-1935,-1019,-1893
-2102,2498,-1824,-1979,-1846,-1935,-1008,-1887
-2105,2506,-1821,-1976,-1845,-1933,-995,-1880
-2106,2512,-1818,-1975,-1844,-1935,-986,-1873
-2104,2510,-1815,-1974,-1844,-1937,-977,-1866
-2100,2504,-1812,-1973,-1843,-1937,-968,-1859
-2098,2498,-1807,-1970,-1841,-1936,-956,-1851
-2099,2497,-1801,-1965,-1837,-1932,-939,-1840
-2102,2498,-1796,-1961,-1833,-1929,-924,-1829
-2099,2495,-1792,-1958,-1832,-1930,-912,-1820
-2093,2492,-1791,-1958,-1832,-1932,-904,-1813
-2090,2494,-1789,-1957,-1831,-1932,-892,-1806
-2088,2497,-1786,-1956,-1831,-1931,-879,-1797
-2088,2501,-1784,-1954,-1830,-1932,-868,-1788
-2085,2501,-1781,-1953,-1830,-1935,-861,-1779
-2081,2496,-1779,-1951,-1829,-1938,-856,-1770
-2075,2489,-1775,-1949,-1827,-1939,-846,-1760
-2073,2486,-1769,-1944,-1824,-1936,-833,-1749
-2073,2484,-1763,-1940,-1820,-1933,-819,-1738
-2074,2484,-1759,-1937,-1819,-1935,-811,-1731
-2070,2483,-1757,-1936,-1819,-1939,-805,-1723
-2064,2484,-1756,-1936,-1819,-1941,-798,-1717
-2062,2486,-1754,-1936,-1820,-1943,-788,-1709
-2060,2489,-1751,-1934,-1819,-1942,-774,-1702
-2061,2492,-1747,-1932,-1816,-1942,-763,-1695
-2061,2491,-1742,-1929,-1814,-1943,-755,-1686
-2060,2487,-1739,-1927,-1813,-1945,-747,-1678
-2059,2484,-1734,-1924,-1811,-1945,-734,-1668
-2059,2482,-1728,-1921,-1807,-1943,-720,-1659
-2062,2484,-1723,-1918,-1805,-1943,-707,-1651
-2060,2486,-1720,-1917,-1804,-1944,-699,-1644
-2055,2487,-1719,-1917,-1805,-1949,-692,-1636
-2050,2487,-1719,-1918,-1807,-1955,-684,-1630
-2048,2486,-1718,-1920,-1809,-1959,-673,-1624
-2046,2486,-1716,-1920,-1809,-1960,-658,-1614
-2045,2485,-1712,-1918,-1807,-1959,-641,-1602
-2047,2484,-1707,-1914,-1803,-1955,-623,-1591
-2047,2481,-1704,-1912,-1801,-1954,-607,-1580
-2045,2476,-1702,-1910,-1799,-1957,-596,-1573
-2042,2471,-1700,-1910,-1800,-1960,-585,-1568
-2042,2473,-1698,-1910,-1801,-1962,-574,-1563
-2042,2475,-1698,-1910,-1801,-1963,-563,-1557
-2044,2481,-1696,-1909,-1802,-1965,-553,-1549
-2046,2487,-1696,-1909,-1802,-1969,-545,-1541
-2045,2486,-1696,-1909,-1804,-1973,-538,-1534
-2042,2481,-1695,-1909,-1804,-1975,-528,-1528
-2038,2474,-1694,-1908,-1803,-1975,-514,-1520
-2035,2468,-1691,-1905,-1800,-1972,-497,-1509
-2038,2468,-1687,-1901,-1797,-1969,-481,-1497
-2038,2469,-1685,-1898,-1796,-1969,-467,-1487
-2032,2466,-1686,-1899,-1796,-1972,-458,-1481
-2028,2466,-1687,-1900,-1798,-1977,-450,-1477
-2027,2468,-1688,-1900,-1800,-1980,-442,-1471
-2027,2473,-1687,-1900,-1800,-1982,-432,-1465
-2030,2475,-1685,-1898,-1799,-1983,-421,-1457
-2031,2475,-1684,-1896,-1798,-1985,-411,-1448
-2027,2470,-1682,-1894,-1797,-1989,-404,-1438
-2023,2462,-1681,-1893,-1797,-1991,-395,-1431
-2020,2457,-1679,-1891,-1796,-1991,-383,-1423
-2017,2454,-1678,-1890,-1795,-1992,-370,-1415
-2017,2456,-1678,-1889,-1796,-1993,-357,-1408
-2016,2461,-1678,-1889,-1795,-1994,-346,-1401
-2012,2460,-1679,-1889,-1797,-1997,-337,-1396
-2009,2459,-1680,-1890,-1798,-1999,-328,-1391
-2008,2459,-1679,-1888,-1798,-1998,-316,-1385
-2007,2457,-1675,-1884,-1796,-1995,-300,-1377
-2005,2454,-1672,-1881,-1792,-1990,-284,-1366
-2003,2449,-1668,-1878,-1789,-1988,-273,-1357
-2000,2443,-1666,-1877,-1788,-1988,-262,-1350
-1996,2438,-1664,-1875,-1787,-1986,-250,-1342
-1995,2439,-1662,-1874,-1786,-1984,-236,-1336
-1996,2445,-1660,-1872,-1785,-1982,-222,-1329
-1997,2450,-1658,-1871,-1785,-1982,-210,-1320
-1991,2448,-1658,-1871,-1786,-1985,-202,-1313
-1983,2443,-1658,-1871,-1787,-1987,-196,-1309
-1980,2439,-1655,-1869,-1785,-1985,-187,-1301
-1980,2437,-1651,-1865,-1782,-1982,-175,-1292
-1979,2433,-1646,-1861,-1779,-1979,-164,-1283
-1980,2432,-1642,-1857,-1776,-1978,-155,-1275
-1976,2428,-1640,-1855,-1775,-1979,-149,-1267
-1972,2426,-1640,-1855,-1775,-1980,-143,-1261
-1966,2427,-1639,-1854,-1775,-1979,-134,-1254
-1961,2427,-1639,-1853,-1774,-1979,-125,-1248
-1958,2429,-1638,-1851,-1774,-1979,-117,-1241
-1956,2428,-1637,-1850,-1774,-1981,-112,-1235
-1952,2424,-1635,-1849,-1773,-1982,-111,-1228
-1949,2420,-1631,-1845,-1770,-1980,-106,-1220
-1945,2416,-1627,-1840,-1766,-1976,-95,-1209
-1941,2411,-1624,-1836,-1763,-1974,-86,-1200
-1939,2410,-1622,-1834,-1762,-1974,-83,-1194
-1934,2409,-1621,-1833,-1761,-1977,-81,-1190
-1928,2410,-1622,-1833,-1762,-1980,-78,-1186
-1923,2412,-1621,-1833,-1763,-1982,-70,-1180
-1921,2416,-1621,-1831,-1762,-1983,-62,-1173
-1921,2419,-1618,-1828,-1760,-1984,-57,-1166
-1918,2417,-1616,-1826,-1759,-1987,-56,-1160
-1914,2411,-1614,-1824,-1757,-1990,-54,-1152
-1911,2406,-1612,-1821,-1756,-1992,-50,-1144
-1909,2404,-1609,-1819,-1754,-1994,-44,-1136
-1907,2404,-1607,-1816,-1752,-1995,-38,-1129
-1904,2406,-1607,-1815,-1752,-1999,-34,-1122
-1900,2408,-1607,-1815,-1753,-2005,-33,-1117
-1895,2410,-1608,-1816,-1754,-2011,-35,-1116
-1891,2410,-1609,-1817,-1756,-2016,-37,-1114
-1890,2411,-1608,-1816,-1755,-2017,-32,-1109
-1889,2410,-1605,-1813,-1753,-2016,-23,-1103
-1889,2408,-1602,-1809,-1750,-2015,-12,-1095
-1888,2405,-1599,-1806,-1746,-2014,0,-1086
-1884,2400,-1597,-1803,-1744,-2013,11,-1079
-1880,2397,-1596,-1802,-1742,-2011,23,-1075
-1877,2397,-1595,-1801,-1742,-2010,34,-1071
-1877,2400,-1594,-1799,-1741,-2009,43,-1066
-1876,2404,-1594,-1799,-1740,-2010,48,-1063
-1873,2406,-1594,-1799,-1741,-2012,50,-1060
-1870,2404,-1594,-1798,-1741,-2013,56,-1058
-1869,2402,-1591,-1795,-1738,-2012,65,-1054
-1869,2401,-1587,-1790,-1735,-2008,81,-1047
-1867,2398,-1584,-1786,-1731,-2003,96,-1039
-1865,2395,-1580,-1783,-1728,-2000,107,-1033
-1862,2391,-1578,-1781,-1726,-1996,117,-1028
-1859,2389,-1578,-1780,-1725,-1994,125,-1024
-1856,2391,-1577,-1779,-1724,-1992,133,-1019
-1855,2394,-1575,-1778,-1723,-1990,142,-1014
-1854,2397,-1574,-1777,-1722,-1988,152,-1012
-1849,2392,-1572,-1776,-1722,-1986,160,-1010
-1847,2389,-1569,-1773,-1719,-1982,170,-1006
-1847,2386,-1564,-1769,-1715,-1977,181,-1001
-1849,2383,-1560,-1764,-1711,-1971,193,-995
-1851,2383,-1554,-1759,-1706,-1965,204,-988
-1853,2386,-1549,-1754,-1701,-1959,215,-982
-1852,2390,-1547,-1752,-1699,-1954,226,-976
-1849,2391,-1547,-1752,-1698,-1951,236,-970
-1840,2389,-1548,-1753,-1698,-1949,243,-966
-1834,2388,-1548,-1753,-1698,-1946,250,-964
-1830,2384,-1548,-1753,-1698,-1944,255,-961
-1828,2380,-1546,-1750,-1696,-1940,262,-957
-1827,2376,-1543,-1747,-1693,-1937,270,-951
-1826,2372,-1540,-1744,-1689,-1932,277,-944
-1823,2368,-1536,-1739,-1685,-1927,285,-938
-1822,2367,-1533,-1736,-1682,-1923,292,-932
-1820,2368,-1533,-1736,-1681,-1922,296,-929
-1817,2372,-1535,-1737,-1681,-1921,300,-926
-1812,2372,-1536,-1737,-1681,-1920,304,-923
-1809,2372,-1537,-1737,-1682,-1921,306,-920
-1808,2372,-1537,-1736,-1681,-1920,309,-916
-1803,2370,-1538,-1736,-1680,-1919,314,-911
-1801,2366,-1537,-1734,-1677,-1916,321,-905
-1797,2362,-1536,-1732,-1674,-1912,328,-898
-1792,2358,-1535,-1730,-1672,-1909,333,-892
-1786,2354,-1536,-1730,-1671,-1909,338,-886
-1781,2352,-1539,-1731,-1672,-1911,340,-884
-1778,2353,-1541,-1733,-1674,-1914,341,-884
-1775,2352,-1544,-1735,-1675,-1915,343,-882
-1772,2352,-1546,-1735,-1676,-1915,345,-879
-1771,2352,-1546,-1735,-1676,-1915,349,-876
-1771,2347,-1545,-1733,-1673,-1913,355,-871
-1770,2342,-1543,-1730,-1671,-1910,361,-866
-1768,2337,-1541,-1727,-1668,-1907,369,-862
-1767,2333,-1538,-1725,-1665,-1904,376,-857
-1766,2332,-1537,-1723,-1662,-1901,383,-851
-1765,2334,-1535,-1722,-1662,-1899,388,-849
-1765,2338,-1535,-1721,-1661,-1899,393,-847
-1765,2342,-1534,-1720,-1660,-1898,397,-844
-1766,2347,-1533,-1720,-1659,-1897,401,-840
-1768,2349,-1530,-1718,-1658,-1895,404,-837
-1771,2349,-1527,-1714,-1655,-1892,409,-832
-1773,2345,-1523,-1710,-1652,-1888,415,-828
-1773,2338,-1520,-1708,-1650,-1885,420,-826
-1772,2332,-1519,-1707,-1649,-1883,424,-823
-1771,2329,-1519,-1708,-1649,-1882,429,-821
-1771,2330,-1519,-1709,-1650,-1881,434,-820
-1771,2335,-1518,-1709,-1650,-1880,440,-818
-1770,2337,-1518,-1708,-1650,-1878,445,-816
-1769,2339,-1517,-1708,-1649,-1876,452,-815
-1770,2341,-1516,-1707,-1648,-1873,458,-812
-1770,2340,-1513,-1704,-1644,-1869,464,-809
-1769,2335,-1510,-1701,-1641,-1864,470,-805
-1769,2331,-1507,-1697,-1638,-1859,479,-801
-1768,2328,-1504,-1695,-1635,-1854,489,-796
-1766,2326,-1502,-1693,-1633,-1850,498,-792
-1764,2326,-1502,-1692,-1631,-1847,505,-789
-1760,2328,-1502,-1692,-1631,-1845,511,-787
-1758,2330,-1502,-1693,-1631,-1844,513,-785
-1756,2331,-1502,-1693,-1631,-1843,515,-783
-1753,2329,-1501,-1692,-1630,-1842,517,-781
-1753,2327,-1498,-1690,-1628,-1839,520,-778
-1753,2323,-1495,-1686,-1625,-1835,525,-773
-1754,2321,-1492,-1683,-1622,-1831,532,-771
-1755,2319,-1489,-1680,-1618,-1826,543,-764
-1754,2319,-1486,-1677,-1615,-1820,553,-759
-1752,2320,-1485,-1676,-1613,-1815,561,-757
-1749,2321,-1486,-1677,-1613,-1812,567,-754
-1747,2322,-1486,-1677,-1612,-1810,570,-752
-1746,2325,-1486,-1676,-1611,-1808,573,-750
-1745,2325,-1484,-1675,-1610,-1807,576,-750
-1745,2322,-1481,-1672,-1607,-1803,580,-747
-1747,2323,-1476,-1667,-1602,-1797,586,-743
-1752,2325,-1469,-1659,-1595,-1789,596,-736
-1757,2327,-1459,-1647,-1585,-1779,607,-728
-1762,2333,-1446,-1631,-1572,-1767,615,-722
-1771,2344,-1433,-1614,-1559,-1754,624,-719
-1782,2359,-1421,-1599,-1547,-1742,632,-716
-1788,2370,-1412,-1588,-1536,-1731,639,-711
-1780,2371,-1412,-1584,-1529,-1721,647,-702
-1766,2360,-1413,-1581,-1525,-1712,655,-695
-1754,2345,-1410,-1573,-1518,-1705,660,-691
-1739,2325,-1406,-1561,-1510,-1694,668,-682
-1719,2304,-1402,-1546,-1496,-1679,682,-667
-1689,2279,-1401,-1533,-1484,-1664,699,-650
-1652,2252,-1404,-1521,-1470,-1647,716,-633
-1600,2224,-1415,-1518,-1457,-1627,740,-608
-1548,2204,-1435,-1531,-1451,-1609,766,-579
-1504,2191,-1455,-1551,-1452,-1599,787,-555
-1466,2166,-1483,-1585,-1474,-1614,782,-551
-1441,2133,-1519,-1634,-1515,-1651,752,-569
-1428,2105,-1560,-1696,-1565,-1694,719,-589
-1423,2086,-1598,-1759,-1616,-1735,693,-606
-1440,2087,-1619,-1807,-1658,-1768,670,-622
-1478,2097,-1628,-1845,-1699,-1806,639,-649
-1523,2120,-1632,-1880,-1741,-1846,607,-674
-1554,2139,-1636,-1911,-1775,-1875,584,-692
-1567,2146,-1646,-1936,-1801,-1896,567,-703
-1576,2150,-1649,-1938,-1807,-1902,559,-710
-1584,2156,-1644,-1922,-1798,-1897,559,-714
-1590,2160,-1636,-1902,-1784,-1888,561,-714
-1591,2159,-1627,-1883,-1769,-1877,564,-710
-1595,2160,-1615,-1862,-1752,-1862,571,-705
-1602,2163,-1598,-1836,-1731,-1845,582,-700
-1619,2173,-1576,-1806,-1708,-1826,594,-697
-1640,2189,-1552,-1775,-1683,-1806,604,-695
-1651,2200,-1532,-1748,-1662,-1787,612,-692
-1655,2211,-1515,-1723,-1641,-1770,623,-684
-1653,2220,-1498,-1699,-1622,-1753,635,-675
-1652,2229,-1482,-1677,-1604,-1738,646,-669
-1657,2238,-1465,-1656,-1587,-1724,656,-662
-1665,2245,-1448,-1636,-1570,-1709,666,-654
-1671,2249,-1434,-1622,-1558,-1699,673,-647
-1673,2250,-1425,-1612,-1549,-1691,678,-643
-1673,2250,-1418,-1605,-1543,-1685,682,-637
-1673,2252,-1413,-1601,-1538,-1681,682,-632
-1672,2258,-1410,-1598,-1535,-1678,682,-629
-1670,2264,-1407,-1596,-1533,-1677,681,-626
-1669,2269,-1407,-1596,-1532,-1677,681,-625
-1666,2273,-1406,-1595,-1532,-1677,679,-624
-1665,2274,-1403,-1592,-1530,-1676,678,-622
-1665,2273,-1400,-1589,-1527,-1675,677,-619
-1657,2268,-1382,-1571,-1510,-1661,682,-600
-1653,2270,-1382,-1571,-1511,-1661,682,-600
-1652,2271,-1381,-1571,-1511,-1661,684,-598
-1651,2274,-1379,-1568,-1509,-1658,689,-595
-1650,2271,-1376,-1565,-1506,-1654,693,-592
-1647,2264,-1372,-1562,-1503,-1650,695,-590
-1647,2260,-1368,-1558,-1499,-1645,699,-588
-1647,2257,-1364,-1554,-1496,-1641,704,-585
-1647,2258,-1360,-1551,-1493,-1638,707,-583
-1645,2259,-1359,-1550,-1491,-1635,710,-581
-1643,2262,-1357,-1549,-1490,-1633,714,-579
-1641,2267,-1355,-1547,-1488,-1630,718,-576
-1637,2267,-1355,-1547,-1489,-1630,716,-577
-1633,2264,-1355,-1548,-1489,-1630,713,-578
-1631,2260,-1351,-1545,-1487,-1629,711,-578
-1629,2256,-1347,-1542,-1484,-1626,711,-575
-1625,2250,-1343,-1539,-1482,-1624,710,-571
-1623,2244,-1339,-1535,-1479,-1622,710,-567
-1620,2240,-1336,-1534,-1478,-1622,708,-565
-1617,2240,-1335,-1533,-1478,-1622,705,-565
-1615,2242,-1334,-1533,-1478,-1621,704,-565
-1614,2246,-1333,-1532,-1477,-1619,702,-566
-1613,2249,-1332,-1530,-1476,-1619,701,-566
-1610,2248,-1331,-1529,-1475,-1618,701,-567
-1606,2244,-1328,-1527,-1473,-1616,701,-565
-1607,2242,-1324,-1523,-1470,-1613,701,-563
-1606,2238,-1320,-1519,-1466,-1609,703,-560
-1603,2232,-1316,-1516,-1464,-1608,704,-557
-1600,2228,-1314,-1514,-1462,-1606,704,-555
-1598,2228,-1313,-1512,-1461,-1604,707,-554
-1596,2231,-1312,-1511,-1460,-1602,710,-555
-1594,2234,-1311,-1510,-1458,-1600,712,-556
-1593,2235,-1310,-1509,-1458,-1599,713,-559
-1590,2234,-1309,-1508,-1457,-1598,713,-562
-1589,2232,-1305,-1505,-1454,-1595,713,-562
-1589,2230,-1301,-1501,-1450,-1591,715,-559
-1589,2226,-1297,-1497,-1447,-1589,718,-556
-1586,2221,-1294,-1494,-1443,-1586,722,-552
-1584,2218,-1291,-1492,-1441,-1583,725,-549
-1583,2219,-1289,-1490,-1440,-1581,727,-549
-1582,2222,-1287,-1489,-1438,-1579,731,-548
-1581,2226,-1286,-1487,-1437,-1577,735,-547
-1579,2227,-1284,-1486,-1436,-1576,736,-547
-1578,2226,-1282,-1484,-1434,-1576,736,-549
-1578,2224,-1279,-1481,-1432,-1574,735,-550
-1578,2221,-1275,-1477,-1429,-1571,734,-549
-1578,2217,-1271,-1473,-1425,-1570,734,-547
-1575,2212,-1267,-1469,-1422,-1567,737,-544
-1572,2209,-1265,-1466,-1419,-1563,744,-541
-1570,2209,-1263,-1464,-1416,-1559,750,-540
-1571,2214,-1260,-1461,-1413,-1554,757,-539
-1570,2219,-1258,-1458,-1410,-1551,759,-539
-1568,2220,-1257,-1457,-1409,-1551,757,-541
-1568,2222,-1254,-1454,-1406,-1551,755,-543
-1567,2219,-1251,-1450,-1403,-1549,755,-541
-1564,2215,-1246,-1445,-1399,-1545,758,-538
-1563,2212,-1242,-1440,-1395,-1542,763,-533
-1563,2207,-1240,-1436,-1391,-1540,765,-529
-1559,2202,-1237,-1433,-1389,-1537,765,-529
-1554,2201,-1236,-1431,-1387,-1536,764,-529
-1550,2203,-1236,-1430,-1386,-1535,764,-529
-1547,2206,-1235,-1428,-1384,-1534,763,-529
-1543,2208,-1234,-1426,-1383,-1534,761,-529
-1539,2206,-1233,-1423,-1381,-1534,758,-528
-1537,2204,-1231,-1420,-1378,-1534,755,-527
-1535,2199,-1227,-1415,-1375,-1531,754,-524
-1534,2195,-1223,-1410,-1370,-1528,756,-521
-1533,2192,-1219,-1405,-1366,-1524,756,-517
-1531,2190,-1217,-1401,-1363,-1523,755,-514
-1526,2190,-1216,-1399,-1362,-1523,751,-515
-1522,2191,-1217,-1398,-1361,-1525,749,-518
-1519,2193,-1216,-1396,-1360,-1524,750,-518
-1517,2196,-1216,-1394,-1358,-1523,752,-517
-1516,2198,-1213,-1390,-1355,-1520,755,-516
-1516,2198,-1210,-1386,-1351,-1518,755,-512
-1514,2194,-1207,-1382,-1348,-1516,754,-510
-1511,2188,-1204,-1379,-1346,-1514,755,-508
-1508,2184,-1201,-1374,-1342,-1512,757,-505
-1507,2182,-1198,-1371,-1339,-1509,760,-502
-1507,2184,-1196,-1368,-1337,-1509,760,-501
-1504,2187,-1196,-1368,-1338,-1511,758,-501
-1500,2188,-1196,-1368,-1338,-1513,756,-501
-1497,2189,-1195,-1367,-1339,-1515,755,-502
-1496,2190,-1194,-1366,-1338,-1514,754,-503
-1496,2191,-1191,-1363,-1335,-1511,755,-502
-1495,2187,-1188,-1360,-1332,-1509,755,-499
-1493,2182,-1185,-1357,-1330,-1508,755,-495
-1491,2178,-1183,-1354,-1327,-1506,757,-493
-1489,2176,-1180,-1352,-1325,-1504,762,-491
-1488,2177,-1180,-1351,-1325,-1503,764,-491
-1487,2179,-1179,-1351,-1326,-1504,762,-492
-1485,2181,-1180,-1352,-1327,-1505,760,-492
-1483,2184,-1180,-1353,-1328,-1506,759,-492
-1480,2185,-1179,-1353,-1328,-1506,760,-492
-1478,2182,-1178,-1353,-1326,-1504,763,-490
-1478,2179,-1176,-1351,-1325,-1502,766,-488
-1477,2175,-1174,-1349,-1323,-1501,768,-487
-1475,2170,-1172,-1349,-1322,-1500,768,-483
-1472,2166,-1172,-1349,-1323,-1501,766,-481
-1470,2166,-1173,-1351,-1324,-1502,764,-481
-1468,2167,-1175,-1355,-1326,-1505,762,-482
-1468,2171,-1176,-1357,-1328,-1507,761,-484
-1468,2175,-1177,-1360,-1331,-1509,760,-486
-1468,2176,-1178,-1361,-1332,-1509,760,-485
-1469,2177,-1177,-1362,-1331,-1508,761,-482
-1470,2176,-1176,-1362,-1330,-1507,761,-479
-1467,2170,-1176,-1363,-1329,-1507,760,-474
-1462,2163,-1177,-1364,-1330,-1507,760,-470
-1460,2158,-1177,-1366,-1331,-1508,758,-469
-1457,2157,-1179,-1370,-1334,-1511,755,-471
-1455,2159,-1182,-1374,-1336,-1513,754,-473
-1454,2163,-1184,-1376,-1339,-1515,752,-474
-1452,2164,-1187,-1380,-1341,-1517,750,-474
-1450,2163,-1189,-1383,-1343,-1517,750,-475
-1448,2160,-1189,-1384,-1343,-1517,751,-475
-1445,2155,-1188,-1383,-1342,-1515,751,-475
-1444,2151,-1186,-1383,-1340,-1514,751,-474
-1444,2147,-1185,-1383,-1339,-1513,750,-473
-1444,2145,-1184,-1383,-1339,-1513,749,-472
-1444,2146,-1186,-1385,-1340,-1515,747,-471
-1442,2147,-1187,-1387,-1342,-1517,744,-470
-1439,2149,-1189,-1389,-1344,-1519,739,-471
-1436,2150,-1190,-1391,-1346,-1522,734,-474
-1435,2149,-1191,-1392,-1347,-1522,733,-475
-1434,2148,-1190,-1392,-1345,-1521,734,-474
-1433,2144,-1188,-1390,-1343,-1519,736,-472
-1434,2141,-1186,-1388,-1341,-1517,737,-470
-1433,2136,-1184,-1387,-1340,-1516,737,-469
-1431,2132,-1183,-1386,-1339,-1515,735,-468
-1429,2133,-1183,-1386,-1339,-1515,734,-467
-1428,2136,-1183,-1387,-1339,-1516,730,-467
-1426,2136,-1184,-1387,-1341,-1518,725,-467
-1424,2138,-1184,-1388,-1342,-1519,721,-468
-1424,2139,-1183,-1388,-1341,-1518,722,-468
-1424,2137,-1182,-1386,-1340,-1517,726,-468
-1423,2134,-1179,-1383,-1337,-1515,730,-467
-1423,2130,-1176,-1380,-1334,-1511,732,-465
-1423,2127,-1174,-1378,-1331,-1507,735,-463
-1422,2125,-1172,-1376,-1329,-1505,737,-460
-1421,2126,-1171,-1375,-1328,-1505,736,-458
-1419,2127,-1171,-1375,-1329,-1506,734,-458
-1417,2129,-1172,-1376,-1329,-1508,731,-459
-1415,2131,-1172,-1376,-1330,-1508,727,-459
-1414,2131,-1171,-1375,-1329,-1508,726,-459
-1412,2128,-1169,-1373,-1328,-1506,726,-458
-1411,2124,-1167,-1370,-1325,-1504,726,-458
-1411,2121,-1164,-1367,-1323,-1501,724,-458
-1411,2117,-1161,-1364,-1320,-1499,723,-457
-1411,2116,-1158,-1361,-1317,-1497,725,-454
-1411,2117,-1157,-1360,-1316,-1496,726,-454
-1409,2119,-1158,-1361,-1316,-1496,725,-455
-1406,2120,-1159,-1361,-1317,-1497,724,-455
-1403,2122,-1159,-1361,-1317,-1498,721,-457
-1400,2121,-1159,-1360,-1317,-1498,719,-458
-1400,2119,-1156,-1358,-1315,-1497,718,-456
-1400,2116,-1153,-1355,-1312,-1494,719,-454
-1400,2114,-1150,-1352,-1309,-1491,720,-451
-1398,2110,-1148,-1350,-1306,-1490,718,-451
-1395,2106,-1147,-1348,-1306,-1491,715,-450
-1395,2109,-1146,-1348,-1306,-1492,712,-449
-1393,2111,-1146,-1348,-1306,-1494,709,-449
-1389,2111,-1147,-1349,-1307,-1496,705,-449
-1386,2112,-1147,-1349,-1307,-1498,701,-449
-1386,2114,-1147,-1348,-1307,-1498,700,-449
-1385,2112,-1145,-1346,-1305,-1496,699,-449
-1383,2109,-1143,-1344,-1303,-1493,698,-449
-1383,2105,-1140,-1340,-1299,-1490,700,-449
-1386,2104,-1136,-1336,-1295,-1486,701,-448
-1385,2103,-1134,-1334,-1293,-1485,699,-447
-1383,2103,-1133,-1334,-1293,-1486,695,-447
-1381,2106,-1133,-1334,-1294,-1487,690,-448
-1378,2108,-1134,-1335,-1294,-1489,688,-449
-1376,2110,-1134,-1335,-1294,-1489,689,-449
-1373,2109,-1133,-1335,-1293,-1489,687,-448
-1372,2107,-1132,-1333,-1292,-1488,685,-447
-1371,2103,-1130,-1331,-1290,-1486,684,-446
-1371,2100,-1127,-1327,-1286,-1481,686,-445
-1371,2097,-1124,-1324,-1283,-1478,688,-443
-1370,2095,-1122,-1323,-1281,-1477,689,-443
-1368,2095,-1121,-1322,-1280,-1476,691,-442
-1365,2096,-1121,-1322,-1280,-1476,691,-445
-1364,2100,-1122,-1322,-1280,-1475,692,-446
-1363,2103,-1122,-1321,-1279,-1473,696,-445
-1363,2105,-1121,-1320,-1276,-1470,700,-444
-1363,2105,-1119,-1318,-1274,-1468,702,-442
-1362,2101,-1117,-1315,-1271,-1465,703,-440
-1360,2097,-1114,-1312,-1268,-1463,704,-437
-1361,2095,-1111,-1310,-1265,-1460,705,-434
-1360,2093,-1109,-1308,-1264,-1459,704,-432
-1357,2093,-1109,-1308,-1264,-1460,701,-433
-1355,2094,-1110,-1309,-1265,-1461,696,-435
-1352,2097,-1111,-1310,-1265,-1461,693,-435
-1351,2100,-1111,-1310,-1265,-1461,692,-436
-1350,2101,-1110,-1309,-1265,-1460,692,-437
-1349,2100,-1109,-1307,-1263,-1458,691,-437
-1348,2096,-1107,-1305,-1260,-1456,689,-435
-1347,2092,-1104,-1302,-1258,-1454,688,-434
-1347,2089,-1102,-1299,-1256,-1452,686,-433
-1347,2088,-1100,-1298,-1254,-1451,684,-430
-1346,2088,-1099,-1297,-1254,-1451,684,-427
-1343,2090,-1100,-1298,-1254,-1452,682,-428
-1340,2093,-1101,-1299,-1255,-1453,680,-429
-1335,2093,-1102,-1300,-1256,-1454,677,-430
-1332,2091,-1103,-1300,-1256,-1454,673,-432
-1332,2090,-1101,-1298,-1254,-1453,672,-432
-1332,2087,-1098,-1295,-1251,-1450,672,-431
-1330,2082,-1096,-1293,-1249,-1447,672,-430
-1329,2078,-1093,-1290,-1247,-1445,670,-430
-1330,2077,-1091,-1288,-1245,-1443,669,-428
-1330,2079,-1091,-1288,-1245,-1443,668,-427
-1328,2082,-1091,-1288,-1245,-1443,665,-425
-1323,2081,-1092,-1289,-1246,-1444,662,-423
-1318,2080,-1093,-1290,-1247,-1445,660,-424
-1316,2079,-1093,-1290,-1247,-1446,657,-427
-1318,2081,-1091,-1288,-1245,-1443,658,-427
-1318,2079,-1088,-1285,-1243,-1441,658,-427
-1316,2074,-1086,-1283,-1240,-1439,657,-426
-1315,2070,-1084,-1281,-1238,-1436,656,-424
-1314,2068,-1082,-1279,-1236,-1434,655,-422
-1312,2067,-1081,-1279,-1235,-1432,653,-421
-1310,2068,-1082,-1279,-1236,-1432,650,-422
-1307,2069,-1083,-1280,-1237,-1433,647,-424
-1303,2070,-1085,-1282,-1239,-1435,642,-427
-1302,2070,-1084,-1281,-1239,-1435,637,-429
-1301,2069,-1082,-1279,-1238,-1435,636,-428
-1302,2068,-1080,-1277,-1235,-1432,638,-424
-1303,2065,-1077,-1274,-1232,-1429,640,-420
-1301,2060,-1075,-1272,-1230,-1428,639,-419
-1298,2056,-1074,-1271,-1230,-1428,637,-421
-1296,2056,-1074,-1271,-1230,-1428,632,-423
-1296,2058,-1075,-1271,-1231,-1429,628,-424
-1294,2061,-1075,-1272,-1231,-1430,625,-424
-1294,2065,-1076,-1272,-1232,-1431,623,-426
-1293,2066,-1076,-1272,-1232,-1433,621,-428
-1293,2064,-1075,-1270,-1231,-1432,621,-428
-1292,2061,-1073,-1268,-1229,-1431,621,-427
-1292,2056,-1070,-1266,-1227,-1429,622,-425
-1290,2052,-1067,-1262,-1224,-1426,623,-424
-1289,2050,-1066,-1261,-1223,-1425,624,-422
-1289,2050,-1065,-1260,-1222,-1425,623,-423
-1289,2054,-1066,-1260,-1223,-1426,622,-424
-1288,2057,-1067,-1261,-1223,-1427,621,-425
-1286,2059,-1068,-1261,-1224,-1428,620,-426
-1284,2059,-1067,-1261,-1224,-1429,618,-427
-1284,2058,-1066,-1259,-1223,-1429,617,-427
-1285,2054,-1063,-1257,-1221,-1427,617,-427
-1284,2050,-1061,-1254,-1218,-1426,618,-425
-1284,2046,-1059,-1252,-1216,-1424,618,-424
-1282,2042,-1057,-1250,-1215,-1423,617,-423
-1281,2042,-1057,-1249,-1215,-1423,616,-424
-1281,2046,-1057,-1249,-1215,-1423,615,-425
-1282,2051,-1057,-1249,-1215,-1424,614,-426
-1281,2054,-1057,-1249,-1215,-1424,609,-428
-1279,2054,-1057,-1249,-1215,-1425,606,-429
-1279,2052,-1056,-1248,-1214,-1424,606,-429
-1278,2048,-1055,-1245,-1213,-1423,607,-427
-1277,2042,-1053,-1243,-1211,-1422,609,-427
-1277,2038,-1050,-1241,-1209,-1419,611,-425
-1276,2035,-1048,-1239,-1207,-1416,611,-423
-1274,2034,-1048,-1238,-1206,-1415,610,-423
-1273,2038,-1048,-1238,-1207,-1415,608,-424
-1271,2040,-1049,-1238,-1207,-1415,606,-425
-1270,2043,-1050,-1239,-1207,-1415,605,-426
-1271,2045,-1049,-1238,-1206,-1414,602,-428
-1271,2044,-1047,-1236,-1205,-1413,599,-429
-1270,2039,-1046,-1234,-1203,-1411,596,-428
-1268,2033,-1044,-1232,-1201,-1408,594,-426
-1267,2029,-1042,-1229,-1199,-1407,592,-424
-1266,2027,-1040,-1227,-1198,-1405,591,-422
-1266,2029,-1039,-1226,-1197,-1404,589,-422
-1265,2032,-1040,-1227,-1198,-1405,587,-423
-1263,2034,-1041,-1228,-1198,-1406,585,-424
-1260,2035,-1041,-1228,-1199,-1408,579,-426
-1258,2035,-1041,-1228,-1199,-1409,572,-427
-1258,2033,-1040,-1226,-1199,-1409,565,-427
-1257,2030,-1038,-1224,-1197,-1409,560,-424
-1257,2025,-1036,-1221,-1195,-1407,560,-422
-1256,2021,-1033,-1219,-1193,-1405,560,-421
-1254,2017,-1032,-1217,-1191,-1403,562,-419
-1253,2018,-1031,-1216,-1190,-1402,561,-419
-1254,2022,-1031,-1216,-1190,-1401,559,-420
-1254,2027,-1031,-1216,-1190,-1402,557,-422
-1253,2029,-1032,-1216,-1191,-1404,551,-426
-1250,2029,-1032,-1217,-1192,-1406,546,-427
-1248,2027,-1031,-1216,-1191,-1406,542,-426
-1248,2023,-1029,-1214,-1189,-1405,540,-424
-1247,2019,-1027,-1211,-1187,-1403,540,-422
-1246,2015,-1024,-1208,-1184,-1400,541,-421
-1247,2015,-1021,-1205,-1181,-1398,541,-419
-1246,2015,-1021,-1204,-1181,-1398,539,-418
-1246,2019,-1021,-1204,-1181,-1399,535,-419
-1244,2021,-1021,-1205,-1181,-1401,530,-421
-1240,2022,-1021,-1206,-1182,-1403,523,-423
-1239,2024,-1020,-1206,-1183,-1404,518,-423
-1239,2023,-1018,-1204,-1181,-1404,515,-422
-1239,2022,-1014,-1200,-1179,-1402,513,-422
-1238,2017,-1011,-1198,-1176,-1401,512,-421
-1237,2012,-1009,-1196,-1174,-1399,511,-420
-1234,2007,-1009,-1195,-1173,-1398,511,-421
-1231,2005,-1008,-1194,-1172,-1398,510,-421
-1230,2008,-1009,-1195,-1173,-1398,506,-421
-1230,2012,-1008,-1195,-1173,-1399,501,-424
-1230,2017,-1007,-1194,-1172,-1398,496,-428
-1228,2019,-1006,-1193,-1171,-1397,495,-428
-1225,2016,-1005,-1191,-1170,-1396,497,-426
-1222,2010,-1002,-1189,-1167,-1394,500,-426
-1220,2006,-998,-1184,-1163,-1390,505,-424
-1220,2004,-995,-1181,-1159,-1386,510,-421
-1220,2004,-994,-1180,-1157,-1382,516,-417
-1218,2004,-994,-1180,-1156,-1381,516,-417
-1215,2005,-995,-1180,-1157,-1381,512,-420
-1214,2007,-996,-1181,-1157,-1381,511,-422
-1211,2009,-998,-1182,-1157,-1380,511,-421
-1205,2009,-999,-1183,-1158,-1380,510,-421
-1200,2007,-999,-1182,-1156,-1379,510,-418
-1197,2003,-998,-1181,-1154,-1377,511,-416
-1192,1997,-997,-1179,-1152,-1374,513,-413
-1189,1993,-996,-1177,-1150,-1371,516,-411
-1189,1989,-995,-1176,-1148,-1370,516,-410
-1188,1988,-996,-1177,-1149,-1370,514,-411
-1185,1987,-999,-1178,-1151,-1371,510,-414
-1182,1987,-1000,-1180,-1153,-1373,506,-418
-1179,1984,-1001,-1180,-1154,-1374,504,-421
-1179,1984,-1001,-1179,-1154,-1373,504,-421
-1178,1983,-1000,-1178,-1152,-1371,504,-419
-1177,1977,-998,-1177,-1151,-1371,502,-418
-1176,1974,-996,-1175,-1149,-1370,500,-418
-1177,1971,-993,-1173,-1147,-1369,498,-420
-1178,1969,-990,-1170,-1145,-1367,498,-421
-1180,1973,-989,-1170,-1145,-1366,497,-422
-1182,1978,-988,-1169,-1145,-1368,493,-423
-1186,1984,-987,-1168,-1144,-1368,489,-424
-1187,1988,-986,-1167,-1144,-1369,487,-424
-1188,1988,-985,-1167,-1144,-1369,487,-424
-1190,1985,-984,-1166,-1144,-1368,486,-424
-1191,1980,-983,-1165,-1144,-1368,484,-427
-1190,1974,-983,-1165,-1144,-1368,482,-427
-1191,1971,-981,-1164,-1143,-1368,479,-427
-1195,1972,-978,-1162,-1142,-1367,477,-427
-1196,1974,-977,-1162,-1141,-1368,476,-428
-1195,1976,-978,-1162,-1142,-1370,473,-429
-1195,1979,-979,-1163,-1143,-1371,468,-430
-1195,1981,-979,-1163,-1144,-1372,461,-433
-1192,1981,-980,-1164,-1145,-1374,452,-437
-1191,1979,-979,-1163,-1145,-1375,449,-436
-1191,1975,-976,-1160,-1143,-1373,450,-434
-1191,1972,-973,-1158,-1140,-1370,454,-432
-1191,1968,-971,-1155,-1138,-1368,460,-430
-1190,1965,-969,-1153,-1136,-1366,462,-430
-1188,1966,-969,-1153,-1136,-1366,462,-430
-1188,1968,-969,-1153,-1135,-1366,462,-430
-1188,1972,-968,-1152,-1135,-1365,460,-430
-1187,1974,-969,-1152,-1135,-1364,456,-432
-1186,1975,-968,-1152,-1135,-1365,452,-433
-1186,1974,-967,-1151,-1134,-1364,448,-434
-1186,1971,-965,-1149,-1132,-1363,447,-433
-1186,1968,-962,-1146,-1129,-1361,446,-432
-1187,1965,-959,-1142,-1127,-1359,445,-430
-1186,1961,-958,-1141,-1125,-1358,442,-429
-1183,1960,-958,-1141,-1125,-1357,441,-428
-1182,1961,-958,-1141,-1126,-1359,438,-431
-1183,1965,-959,-1142,-1127,-1360,435,-432
-1184,1969,-958,-1141,-1127,-1361,432,-434
-1184,1973,-957,-1140,-1126,-1360,430,-434
-1186,1977,-953,-1135,-1122,-1358,427,-434
-1191,1980,-943,-1124,-1112,-1350,429,-433
-1199,1985,-930,-1106,-1099,-1340,432,-429
-1208,1992,-915,-1088,-1085,-1328,437,-423
-1219,2002,-901,-1072,-1072,-1319,440,-419
-1224,2009,-894,-1062,-1063,-1310,445,-414
-1216,2007,-894,-1059,-1058,-1303,450,-407
-1202,2000,-896,-1057,-1054,-1298,453,-404
-1190,1990,-896,-1052,-1051,-1295,453,-404
-1176,1976,-895,-1044,-1046,-1292,452,-402
-1155,1956,-893,-1031,-1035,-1282,456,-394
-1125,1930,-893,-1019,-1023,-1270,465,-381
-1091,1903,-894,-1005,-1009,-1255,480,-364
-1042,1872,-904,-1000,-995,-1236,501,-340
-990,1846,-923,-1015,-991,-1222,522,-316
-946,1827,-945,-1038,-995,-1216,536,-300
-908,1801,-974,-1074,-1019,-1235,524,-301
-883,1769,-1013,-1127,-1065,-1279,484,-324
-870,1746,-1057,-1193,-1120,-1329,441,-349
-865,1731,-1096,-1256,-1173,-1373,409,-367
-882,1734,-1117,-1304,-1216,-1410,385,-386
-920,1743,-1126,-1342,-1259,-1451,355,-416
-967,1765,-1129,-1376,-1299,-1488,325,-444
-1000,1783,-1132,-1404,-1329,-1514,305,-462
-1016,1786,-1141,-1427,-1351,-1532,290,-472
-1027,1791,-1143,-1426,-1354,-1537,280,-478
-1032,1794,-1139,-1411,-1345,-1533,274,-483
-1035,1798,-1133,-1392,-1334,-1526,274,-485
-1037,1802,-1126,-1374,-1320,-1517,274,-487
-1042,1809,-1114,-1352,-1303,-1504,278,-487
-1052,1818,-1097,-1326,-1282,-1487,286,-484
-1073,1832,-1075,-1296,-1258,-1469,292,-484
-1094,1844,-1051,-1264,-1233,-1450,299,-481
-1105,1848,-1030,-1235,-1211,-1433,306,-476
-1109,1853,-1011,-1207,-1188,-1415,316,-470
-1110,1861,-994,-1182,-1168,-1398,327,-463
-1114,1873,-978,-1162,-1152,-1385,336,-457
-1122,1886,-962,-1142,-1135,-1371,343,-455
-1131,1900,-947,-1124,-1120,-1358,349,-452
-1135,1908,-937,-1112,-1111,-1350,352,-449
-1138,1911,-930,-1105,-1104,-1345,355,-446
-1140,1913,-924,-1099,-1098,-1340,356,-443
-1141,1912,-919,-1094,-1093,-1336,357,-441
-1142,1912,-915,-1091,-1088,-1332,359,-439
-1140,1912,-912,-1089,-1086,-1329,359,-440
-1141,1915,-910,-1086,-1084,-1328,356,-439
-1141,1920,-910,-1085,-1083,-1327,356,-435
-1141,1924,-909,-1085,-1082,-1327,353,-432
-1138,1927,-910,-1084,-1082,-1327,352,-433
-1138,1928,-908,-1082,-1081,-1325,353,-434
-1140,1929,-906,-1079,-1078,-1322,355,-436
-1139,1926,-903,-1076,-1075,-1319,359,-435
-1139,1923,-900,-1072,-1071,-1314,361,-434
-1140,1921,-896,-1068,-1068,-1312,360,-435
-1140,1919,-895,-1066,-1066,-1310,358,-435
-1137,1918,-895,-1067,-1066,-1311,354,-436
-1137,1920,-895,-1067,-1067,-1312,348,-437
-1135,1922,-895,-1066,-1067,-1313,343,-438
-1135,1926,-895,-1066,-1067,-1313,341,-438
-1136,1929,-894,-1065,-1067,-1312,343,-438
-1136,1927,-893,-1064,-1066,-1310,346,-437
-1135,1925,-891,-1061,-1063,-1307,349,-437
-1134,1920,-889,-1059,-1060,-1304,350,-438
-1135,1917,-885,-1056,-1056,-1299,353,-435
-1133,1912,-885,-1055,-1056,-1299,351,-436
-1132,1912,-884,-1054,-1055,-1299,348,-438
-1131,1914,-884,-1054,-1055,-1299,344,-439
-1130,1917,-884,-1054,-1055,-1299,342,-440
-1128,1918,-885,-1055,-1056,-1299,339,-441
-1128,1921,-885,-1054,-1055,-1299,336,-442
-1128,1920,-884,-1053,-1054,-1298,333,-442
-1126,1914,-882,-1051,-1052,-1297,330,-440
-1125,1910,-880,-1048,-1050,-1296,328,-439
-1124,1907,-878,-1045,-1047,-1294,327,-438
-1123,1903,-877,-1044,-1046,-1294,325,-438
-1123,1904,-876,-1043,-1046,-1294,322,-438
-1123,1907,-876,-1043,-1047,-1295,318,-438
-1122,1911,-876,-1043,-1046,-1295,317,-436
-1121,1913,-877,-1043,-1047,-1297,312,-437
-1119,1915,-878,-1044,-1047,-1298,306,-439
-1117,1913,-877,-1042,-1046,-1297,304,-438
-1118,1910,-875,-1039,-1043,-1294,302,-439
-1120,1908,-872,-1036,-1040,-1290,305,-437
-1120,1904,-870,-1033,-1036,-1285,311,-435
-1117,1899,-868,-1030,-1034,-1282,315,-435
-1116,1898,-869,-1030,-1034,-1279,318,-436
-1116,1901,-869,-1029,-1033,-1278,318,-438
-1114,1903,-870,-1030,-1033,-1277,316,-439
-1112,1905,-870,-1030,-1033,-1278,313,-441
-1113,1908,-869,-1029,-1032,-1277,310,-441
-1114,1908,-868,-1027,-1030,-1275,308,-440
-1114,1905,-865,-1024,-1027,-1272,306,-438
-1113,1899,-863,-1021,-1024,-1269,306,-437
-1111,1893,-860,-1018,-1021,-1266,306,-436
-1109,1890,-858,-1016,-1019,-1263,306,-436
-1111,1891,-857,-1015,-1017,-1261,306,-436
-1111,1894,-857,-1014,-1017,-1260,305,-438
-1110,1898,-856,-1014,-1016,-1258,305,-438
-1106,1898,-856,-1014,-1016,-1258,302,-441
-1107,1900,-855,-1012,-1015,-1256,301,-442
-1107,1899,-853,-1010,-1012,-1253,302,-441
-1108,1896,-850,-1007,-1009,-1249,302,-439
-1107,1892,-847,-1004,-1006,-1245,302,-438
-1106,1887,-845,-1000,-1003,-1241,302,-438
-1105,1884,-842,-997,-999,-1237,303,-437
-1104,1882,-841,-995,-998,-1235,302,-438
-1103,1883,-841,-994,-997,-1234,300,-441
-1102,1887,-841,-993,-996,-1232,298,-444
-1102,1890,-841,-992,-995,-1230,296,-445
-1101,1890,-840,-990,-993,-1227,296,-447
-1100,1888,-838,-987,-991,-1223,296,-449
-1104,1889,-834,-982,-986,-1217,297,-448
-1106,1890,-830,-976,-981,-1212,297,-447
-1105,1886,-828,-973,-978,-1210,295,-445
-1102,1881,-826,-970,-976,-1208,293,-445
-1100,1881,-825,-968,-974,-1206,292,-445
-1096,1881,-825,-967,-974,-1206,286,-448
-1092,1880,-826,-967,-975,-1208,278,-452
-1091,1882,-826,-966,-975,-1209,273,-453
-1091,1884,-824,-963,-973,-1206,273,-451
-1092,1885,-822,-959,-970,-1203,275,-450
-1093,1883,-818,-954,-965,-1199,278,-449
-1092,1878,-815,-950,-961,-1195,279,-447
-1090,1873,-812,-946,-958,-1192,277,-447
-1088,1869,-809,-943,-956,-1190,274,-449
-1087,1869,-807,-940,-954,-1188,269,-450
-1088,1875,-804,-937,-952,-1187,265,-450
-1088,1878,-803,-936,-950,-1187,258,-451
-1086,1880,-803,-935,-950,-1187,254,-452
-1083,1880,-802,-933,-948,-1186,256,-452
-1081,1878,-799,-930,-946,-1182,259,-453
-1082,1876,-797,-926,-943,-1179,261,-454
-1085,1875,-793,-922,-939,-1175,263,-453
-1082,1870,-790,-918,-936,-1174,262,-452
-1079,1866,-788,-916,-934,-1172,259,-452
-1078,1867,-787,-914,-932,-1171,256,-452
-1080,1872,-786,-913,-931,-1170,253,-454
-1080,1875,-786,-913,-932,-1171,248,-455
-1079,1878,-786,-912,-932,-1173,242,-455
-1076,1877,-786,-912,-933,-1174,235,-454
-1072,1873,-786,-912,-933,-1175,229,-455
-1070,1863,-779,-906,-930,-1176,203,-454
-1067,1864,-781,-908,-933,-1178,198,-458
-1068,1870,-781,-909,-933,-1178,192,-462
-1068,1873,-782,-910,-934,-1180,188,-462
-1068,1871,-781,-910,-935,-1181,183,-460
-1066,1866,-781,-911,-935,-1181,180,-460
-1063,1859,-780,-911,-935,-1180,179,-459
-1066,1859,-778,-910,-933,-1177,181,-457
-1068,1858,-778,-911,-933,-1176,180,-457
-1067,1858,-779,-914,-935,-1178,174,-460
-1064,1857,-781,-917,-938,-1181,167,-464
-1061,1858,-784,-922,-942,-1183,162,-466
-1061,1861,-786,-926,-945,-1184,160,-469
-1061,1864,-788,-928,-946,-1185,159,-470
-1062,1863,-789,-930,-948,-1186,156,-471
-1064,1860,-789,-932,-949,-1187,152,-472
-1064,1855,-788,-933,-949,-1186,148,-472
-1061,1848,-789,-935,-950,-1185,147,-472
-1062,1846,-789,-936,-950,-1184,145,-473
-1065,1848,-789,-938,-951,-1185,139,-473
-1063,1849,-791,-943,-954,-1189,132,-476
-1059,1848,-795,-948,-959,-1192,128,-482
-1057,1848,-797,-952,-962,-1194,128,-487
-1058,1850,-798,-954,-964,-1194,129,-491
-1061,1851,-797,-955,-964,-1193,130,-491
-1063,1850,-797,-955,-962,-1191,130,-490
-1064,1847,-795,-954,-961,-1190,130,-488
-1063,1843,-794,-955,-961,-1188,129,-486
-1063,1840,-794,-955,-961,-1186,130,-486
-1065,1842,-794,-956,-961,-1185,130,-485
-1064,1844,-795,-958,-962,-1187,125,-488
-1061,1844,-798,-961,-965,-1189,118,-493
-1060,1845,-800,-964,-968,-1191,111,-496
-1061,1847,-800,-965,-969,-1192,106,-498
-1065,1848,-799,-965,-969,-1191,102,-499
-1065,1846,-796,-963,-968,-1192,100,-497
-1062,1838,-795,-963,-967,-1191,97,-498
-1061,1832,-794,-962,-966,-1190,95,-500
-1063,1830,-793,-961,-966,-1188,93,-502
-1065,1833,-792,-960,-965,-1187,91,-504
-1066,1838,-792,-960,-966,-1188,86,-504
-1064,1839,-793,-962,-967,-1190,81,-505
-1059,1838,-796,-965,-970,-1192,76,-507
-1056,1838,-796,-966,-971,-1193,72,-509
-1056,1837,-796,-965,-971,-1193,70,-511
-1058,1834,-793,-963,-969,-1192,69,-510
-1057,1828,-791,-962,-968,-1190,68,-507
-1056,1824,-789,-960,-966,-1187,69,-506
-1056,1821,-788,-958,-963,-1183,71,-507
-1059,1824,-786,-956,-961,-1179,74,-507
-1061,1829,-785,-955,-960,-1178,73,-507
-1059,1830,-786,-956,-961,-1180,67,-511
-1055,1830,-788,-958,-963,-1182,62,-515
-1054,1831,-788,-958,-964,-1183,60,-517
-1054,1830,-787,-957,-963,-1181,60,-518
-1055,1828,-784,-955,-961,-1179,60,-516
-1055,1824,-782,-952,-959,-1178,58,-515
-1055,1819,-780,-951,-958,-1178,54,-516
-1053,1814,-779,-950,-957,-1177,49,-518
-1053,1815,-778,-948,-956,-1176,47,-518
-1055,1820,-778,-948,-956,-1176,46,-518
-1055,1824,-779,-949,-957,-1179,38,-518
-1052,1826,-779,-950,-959,-1181,29,-520
-1050,1827,-780,-950,-959,-1181,26,-522
-1049,1825,-780,-949,-958,-1179,30,-522
-1050,1823,-777,-946,-956,-1176,35,-521
-1052,1820,-775,-944,-953,-1173,37,-519
-1050,1815,-773,-941,-951,-1172,35,-519
-1047,1810,-772,-940,-950,-1170,33,-519
-1047,1810,-771,-938,-949,-1168,32,-518
-1049,1815,-771,-938,-948,-1167,28,-518
-1047,1818,-771,-938,-949,-1169,21,-520
-1045,1818,-772,-939,-950,-1171,14,-522
-1044,1818,-773,-939,-951,-1172,10,-523
-1043,1816,-772,-938,-950,-1169,12,-524
-1041,1812,-770,-935,-948,-1166,16,-523
-1040,1809,-767,-932,-944,-1162,17,-521
-1040,1805,-765,-930,-942,-1160,15,-520
-1037,1800,-764,-929,-941,-1158,12,-521
-1037,1801,-763,-928,-940,-1156,10,-521
-1039,1806,-763,-927,-940,-1156,9,-522
-1040,1810,-763,-928,-941,-1158,4,-524
-1035,1809,-765,-929,-943,-1161,-2,-528
-1032,1808,-765,-929,-943,-1161,-5,-530
-1031,1806,-764,-928,-942,-1158,-4,-529
-1033,1804,-761,-924,-939,-1154,0,-526
-1035,1802,-758,-921,-935,-1151,2,-522
-1033,1797,-757,-920,-934,-1150,0,-522
-1030,1790,-756,-919,-933,-1148,-1,-523
-1030,1790,-755,-918,-932,-1146,0,-524
-1031,1794,-755,-918,-932,-1144,0,-525
-1031,1797,-755,-918,-932,-1146,-2,-526
-1029,1799,-756,-919,-933,-1148,-8,-527
-1028,1800,-757,-920,-934,-1149,-13,-529
-1028,1799,-755,-919,-933,-1148,-15,-530
-1029,1796,-753,-916,-931,-1145,-15,-530
-1031,1793,-750,-914,-929,-1144,-16,-528
-1029,1788,-748,-912,-928,-1144,-19,-529
-1027,1783,-747,-911,-927,-1143,-23,-530
-1024,1781,-747,-911,-927,-1144,-26,-530
-1025,1785,-747,-911,-928,-1143,-25,-530
-1026,1790,-747,-911,-928,-1144,-26,-529
-1023,1790,-749,-913,-929,-1147,-33,-531
-1020,1787,-750,-914,-931,-1148,-38,-533
-1016,1784,-750,-913,-930,-1146,-39,-533
-1015,1781,-748,-911,-927,-1143,-37,-532
-1020,1782,-744,-908,-924,-1139,-36,-532
-1022,1779,-741,-905,-922,-1137,-39,-533
-1019,1774,-741,-904,-921,-1137,-41,-535
-1014,1769,-741,-905,-922,-1137,-42,-536
-1013,1771,-741,-905,-922,-1136,-43,-539
-1014,1775,-741,-905,-922,-1134,-43,-542
-1014,1778,-742,-906,-922,-1135,-42,-542
-1011,1778,-743,-906,-923,-1136,-44,-541
-1010,1777,-742,-906,-923,-1135,-46,-540
-1009,1773,-740,-905,-921,-1133,-48,-541
-1011,1771,-737,-901,-919,-1129,-48,-540
-1011,1766,-735,-899,-917,-1126,-49,-539
-1009,1761,-734,-898,-916,-1125,-55,-540
-1009,1761,-733,-897,-915,-1124,-60,-541
-1008,1762,-733,-898,-917,-1124,-64,-543
-1005,1763,-735,-899,-918,-1125,-64,-543
-1003,1765,-736,-900,-919,-1126,-64,-544
-1004,1768,-736,-901,-920,-1128,-65,-547
-1004,1768,-735,-900,-920,-1128,-67,-549
-1003,1765,-733,-898,-918,-1126,-68,-549
-1002,1761,-730,-896,-916,-1124,-71,-547
-1002,1757,-728,-894,-914,-1123,-75,-544
-1004,1755,-727,-893,-913,-1124,-78,-543
-1002,1754,-727,-894,-914,-1125,-83,-546
-1000,1755,-727,-895,-915,-1128,-88,-550
-998,1758,-728,-895,-916,-1129,-91,-551
-998,1762,-729,-896,-916,-1130,-91,-550
-997,1764,-730,-897,-917,-1131,-91,-550
-995,1762,-729,-896,-917,-1130,-91,-551
-994,1759,-727,-895,-915,-1128,-91,-549
-993,1755,-726,-892,-912,-1126,-91,-546
-994,1752,-724,-891,-911,-1125,-94,-545
-992,1748,-723,-890,-910,-1125,-99,-546
-991,1746,-723,-890,-911,-1127,-105,-544
-990,1748,-724,-891,-912,-1130,-113,-544
-989,1752,-726,-892,-913,-1132,-118,-545
-985,1753,-728,-893,-915,-1133,-122,-547
-985,1755,-728,-894,-916,-1134,-124,-548
-984,1754,-727,-893,-915,-1133,-124,-549
-984,1752,-726,-890,-913,-1130,-124,-547
-983,1747,-724,-888,-910,-1127,-125,-546
-983,1742,-723,-887,-909,-1126,-128,-547
-983,1739,-722,-885,-908,-1125,-131,-546
-983,1739,-722,-885,-908,-1124,-135,-546
-982,1741,-722,-885,-909,-1124,-139,-546
-981,1743,-723,-886,-910,-1124,-142,-548
-978,1745,-725,-887,-911,-1124,-144,-550
-976,1745,-726,-887,-911,-1122,-145,-552
-976,1743,-725,-886,-910,-1120,-146,-554
-975,1739,-724,-884,-909,-1117,-148,-554
-973,1733,-723,-882,-907,-1114,-149,-554
-975,1730,-721,-880,-905,-1111,-147,-553
-976,1728,-719,-878,-903,-1107,-145,-555
-973,1725,-719,-878,-902,-1105,-144,-556
-972,1727,-719,-878,-903,-1104,-145,-559
-972,1730,-720,-878,-904,-1104,-147,-562
-971,1733,-721,-880,-905,-1104,-149,-564
-971,1737,-721,-879,-904,-1102,-149,-563
-972,1739,-719,-877,-903,-1099,-148,-560
-974,1736,-717,-875,-901,-1097,-150,-559
-974,1732,-715,-874,-900,-1095,-152,-559
-971,1725,-714,-873,-899,-1094,-154,-559
-967,1720,-714,-872,-898,-1094,-156,-559
-966,1719,-713,-871,-898,-1094,-156,-559
-967,1722,-714,-872,-899,-1095,-158,-561
-963,1722,-715,-874,-900,-1098,-162,-566
-960,1724,-717,-876,-902,-1100,-166,-569
-959,1726,-717,-876,-903,-1102,-167,-568
-962,1728,-715,-875,-901,-1099,-166,-565
-962,1727,-714,-873,-899,-1097,-168,-564
-963,1724,-712,-872,-897,-1096,-171,-562
-961,1717,-710,-870,-896,-1095,-176,-562
-958,1711,-709,-869,-895,-1095,-180,-563
-956,1710,-709,-869,-894,-1094,-180,-562
-958,1714,-709,-869,-895,-1094,-182,-564
-958,1718,-709,-869,-896,-1097,-187,-567
-953,1719,-711,-872,-898,-1100,-193,-569
-951,1718,-712,-873,-899,-1100,-196,-570
-951,1718,-711,-871,-897,-1097,-196,-569
-951,1716,-709,-869,-895,-1095,-199,-568
-952,1713,-707,-867,-893,-1094,-201,-566
-952,1708,-705,-865,-892,-1093,-204,-565
-951,1704,-705,-864,-892,-1092,-206,-568
-951,1705,-704,-863,-890,-1090,-207,-568
-950,1707,-704,-863,-890,-1088,-206,-568
-946,1707,-706,-864,-891,-1088,-210,-570
-941,1706,-708,-866,-892,-1089,-215,-571
-937,1705,-709,-866,-893,-1089,-217,-572
-937,1704,-708,-865,-892,-1087,-218,-573
-940,1704,-707,-863,-891,-1084,-217,-574
-941,1703,-704,-860,-888,-1081,-217,-574
-942,1700,-701,-857,-885,-1079,-220,-573
-940,1694,-700,-856,-884,-1077,-223,-573
-939,1694,-700,-856,-884,-1076,-225,-574
-940,1696,-700,-856,-885,-1075,-226,-575
-938,1698,-701,-857,-886,-1076,-230,-578
-935,1700,-703,-859,-888,-1078,-235,-580
-933,1699,-704,-859,-888,-1078,-238,-581
-931,1696,-703,-859,-888,-1077,-237,-581
-930,1693,-702,-857,-886,-1073,-236,-583
-932,1692,-699,-854,-883,-1069,-234,-583
-934,1689,-696,-852,-881,-1066,-235,-582
-932,1683,-695,-850,-880,-1066,-237,-582
-929,1681,-695,-850,-880,-1065,-238,-582
-930,1684,-695,-851,-881,-1064,-237,-585
-931,1687,-695,-851,-881,-1064,-238,-588
-932,1693,-694,-851,-881,-1063,-240,-592
-932,1695,-693,-850,-881,-1064,-243,-592
-931,1693,-692,-850,-880,-1063,-246,-592
-931,1690,-690,-848,-878,-1061,-246,-592
-932,1687,-687,-845,-875,-1056,-242,-589
-934,1686,-683,-842,-872,-1052,-238,-589
-933,1684,-681,-839,-869,-1049,-237,-587
-931,1680,-682,-839,-869,-1049,-241,-587
-926,1678,-684,-841,-871,-1051,-245,-589
-922,1679,-685,-843,-873,-1051,-247,-593
-920,1681,-685,-843,-873,-1049,-245,-594
-924,1687,-684,-841,-871,-1047,-244,-594
-924,1687,-682,-840,-870,-1046,-246,-595
-920,1682,-681,-838,-868,-1044,-250,-594
-917,1678,-678,-834,-864,-1039,-250,-591
-917,1676,-674,-831,-861,-1036,-249,-589
-919,1676,-672,-829,-860,-1033,-248,-588
-918,1677,-673,-830,-860,-1034,-251,-587
-914,1675,-674,-831,-861,-1036,-258,-590
-909,1673,-676,-832,-862,-1036,-263,-593
-904,1673,-678,-832,-863,-1036,-265,-594
-902,1675,-680,-834,-863,-1035,-266,-594
-900,1676,-681,-835,-863,-1035,-269,-593
-895,1672,-681,-834,-862,-1034,-273,-592
-889,1665,-680,-833,-860,-1032,-275,-591
-883,1658,-681,-832,-859,-1029,-276,-590
-880,1652,-682,-831,-858,-1027,-278,-591
-881,1652,-682,-831,-858,-1026,-283,-592
-878,1651,-685,-833,-859,-1029,-290,-595
-873,1649,-688,-835,-862,-1032,-297,-597
-871,1647,-690,-837,-865,-1035,-302,-600
-871,1647,-690,-837,-866,-1035,-305,-602
-873,1649,-688,-835,-864,-1033,-307,-602
-876,1650,-686,-833,-861,-1031,-306,-597
-875,1646,-684,-832,-860,-1029,-307,-595
-873,1641,-683,-831,-860,-1028,-309,-595
-873,1638,-682,-831,-860,-1028,-312,-596
-876,1641,-680,-829,-859,-1027,-311,-595
-879,1646,-679,-829,-859,-1026,-313,-596
-879,1648,-679,-830,-860,-1027,-317,-598
-879,1651,-679,-830,-859,-1027,-320,-603
-881,1654,-678,-829,-859,-1026,-321,-605
-886,1655,-677,-827,-858,-1024,-320,-608
-890,1653,-675,-826,-857,-1023,-323,-609
-890,1647,-674,-826,-858,-1024,-328,-610
-887,1638,-674,-827,-859,-1025,-333,-613
-889,1636,-672,-826,-859,-1025,-335,-615
-892,1638,-671,-825,-859,-1024,-336,-618
-893,1642,-671,-826,-859,-1023,-338,-620
-894,1646,-672,-827,-860,-1026,-344,-622
-891,1646,-673,-828,-862,-1027,-349,-624
-892,1649,-673,-829,-863,-1027,-353,-625
-891,1648,-672,-827,-861,-1025,-353,-625
-890,1645,-671,-826,-860,-1023,-353,-624
-890,1640,-669,-824,-858,-1021,-354,-623
-892,1636,-666,-821,-856,-1019,-357,-624
-891,1633,-665,-820,-855,-1017,-358,-623
-890,1632,-664,-819,-854,-1016,-359,-623
-890,1634,-664,-819,-854,-1015,-360,-624
-888,1637,-665,-820,-855,-1017,-364,-626
-886,1638,-666,-821,-857,-1018,-368,-627
-883,1637,-667,-822,-858,-1019,-371,-627
-880,1635,-667,-822,-858,-1017,-372,-628
-883,1635,-664,-819,-855,-1013,-371,-626
-884,1631,-661,-816,-852,-1011,-374,-626
-885,1626,-659,-814,-851,-1011,-380,-627
-882,1622,-658,-813,-850,-1010,-383,-628
-879,1619,-658,-813,-851,-1010,-384,-630
-879,1621,-659,-813,-851,-1010,-384,-632
-882,1626,-658,-813,-851,-1009,-383,-634
-882,1630,-659,-814,-851,-1009,-385,-636
-880,1632,-659,-814,-852,-1010,-390,-638
-878,1631,-657,-813,-851,-1009,-393,-638
-880,1632,-652,-807,-846,-1004,-391,-637
-888,1636,-640,-793,-835,-994,-386,-634
-898,1640,-627,-777,-822,-983,-381,-630
-907,1647,-613,-760,-809,-974,-378,-627
-917,1657,-602,-746,-799,-966,-379,-629
-919,1663,-597,-739,-792,-959,-379,-627
-912,1664,-597,-738,-788,-952,-373,-621
-905,1662,-597,-734,-782,-945,-367,-617
-896,1655,-596,-729,-780,-943,-368,-616
-876,1632,-596,-722,-776,-942,-375,-617
-849,1606,-596,-712,-769,-935,-376,-614
-817,1576,-598,-702,-760,-925,-369,-603
-781,1547,-600,-691,-746,-911,-352,-585
-734,1519,-612,-690,-736,-895,-329,-558
-688,1498,-631,-708,-735,-884,-307,-531
-643,1479,-653,-732,-742,-881,-294,-514
-603,1449,-684,-770,-769,-903,-304,-521
-579,1416,-724,-826,-816,-945,-334,-545
-569,1394,-767,-891,-871,-992,-369,-571
-570,1383,-801,-950,-921,-1035,-403,-593
-594,1388,-818,-994,-963,-1072,-436,-616
-634,1398,-827,-1032,-1007,-1114,-474,-646
-681,1422,-830,-1065,-1045,-1150,-506,-671
-709,1437,-835,-1093,-1074,-1175,-526,-686
-724,1443,-844,-1112,-1093,-1191,-539,-694
-737,1452,-844,-1105,-1091,-1191,-546,-699
-740,1455,-839,-1088,-1081,-1186,-549,-703
-738,1455,-834,-1071,-1069,-1178,-550,-705
-740,1458,-826,-1052,-1056,-1168,-547,-705
-748,1468,-812,-1028,-1036,-1151,-541,-701
-764,1481,-793,-1000,-1013,-1133,-535,-698
-783,1491,-770,-969,-989,-1115,-532,-695
-797,1497,-749,-939,-966,-1098,-529,-694
-803,1499,-730,-911,-945,-1080,-521,-691
-811,1510,-710,-882,-921,-1060,-508,-684
-820,1526,-692,-856,-899,-1041,-496,-678
-826,1539,-675,-835,-882,-1026,-490,-674
-827,1546,-661,-817,-868,-1016,-486,-670
-832,1554,-649,-803,-857,-1006,-484,-667
-835,1558,-642,-794,-850,-1000,-485,-668
-840,1561,-635,-786,-843,-993,-481,-666
-845,1564,-629,-780,-837,-986,-477,-661
-847,1565,-625,-776,-832,-982,-475,-657
-846,1563,-622,-774,-829,-978,-474,-655
-844,1563,-621,-772,-827,-975,-472,-654
-845,1569,-620,-771,-826,-972,-469,-655
-848,1576,-618,-770,-825,-969,-470,-656
-851,1582,-617,-769,-823,-968,-473,-658
-852,1585,-617,-769,-824,-969,-480,-661
-849,1582,-617,-768,-824,-968,-483,-661
-849,1580,-615,-765,-821,-965,-482,-660
-852,1577,-612,-762,-818,-961,-477,-658
-853,1574,-608,-758,-815,-956,-473,-656
-853,1571,-606,-756,-812,-953,-472,-656
-851,1568,-606,-755,-812,-952,-474,-656
-850,1571,-606,-755,-812,-951,-476,-656
-849,1573,-607,-756,-813,-951,-480,-657
-850,1577,-607,-756,-814,-952,-485,-659
-850,1581,-606,-756,-813,-952,-490,-661
-849,1581,-606,-755,-813,-951,-492,-660
-845,1575,-605,-754,-812,-951,-494,-660
-842,1568,-603,-753,-811,-949,-493,-661
-843,1565,-600,-750,-808,-946,-491,-661
-847,1565,-597,-747,-805,-942,-491,-660
-850,1566,-596,-745,-804,-940,-493,-657
-848,1568,-596,-746,-804,-941,-496,-658
-846,1569,-597,-747,-806,-944,-501,-661
-842,1569,-598,-748,-807,-945,-504,-663
-840,1570,-599,-748,-807,-945,-506,-664
-841,1571,-597,-747,-806,-942,-504,-664
-842,1569,-595,-745,-804,-940,-504,-662
-842,1564,-593,-742,-802,-939,-506,-661
-839,1558,-592,-741,-801,-938,-509,-662
-838,1553,-591,-739,-800,-937,-511,-662
-840,1554,-591,-738,-799,-936,-512,-662
-842,1559,-590,-736,-798,-935,-514,-664
-842,1563,-590,-736,-799,-936,-519,-665
-839,1564,-592,-738,-800,-937,-523,-666
-835,1564,-593,-738,-801,-938,-528,-668
-834,1562,-593,-738,-801,-938,-531,-668
-836,1561,-591,-735,-798,-935,-532,-667
-835,1557,-588,-733,-796,-932,-534,-664
-835,1552,-586,-730,-794,-931,-537,-662
-835,1549,-584,-728,-792,-930,-541,-662
-834,1549,-584,-727,-792,-929,-543,-664
-833,1550,-584,-726,-792,-929,-543,-665
-833,1553,-584,-726,-791,-928,-542,-665
-833,1557,-584,-725,-790,-926,-543,-666
-833,1561,-584,-725,-790,-925,-546,-667
-833,1560,-583,-724,-789,-925,-550,-667
-829,1555,-582,-722,-788,-923,-551,-667
-828,1550,-580,-720,-786,-920,-551,-666
-828,1545,-578,-717,-784,-918,-552,-665
-830,1543,-576,-715,-782,-916,-554,-664
-830,1542,-574,-713,-781,-915,-558,-665
-828,1543,-575,-713,-782,-916,-564,-668
-825,1545,-576,-713,-782,-917,-568,-669
-824,1548,-576,-713,-783,-917,-573,-670
-825,1553,-576,-712,-782,-916,-575,-671
-827,1553,-575,-710,-780,-915,-576,-670
-825,1550,-573,-708,-779,-913,-577,-668
-824,1545,-571,-705,-776,-910,-577,-666
-824,1542,-568,-701,-773,-907,-577,-664
-825,1539,-565,-697,-770,-903,-576,-662
-823,1537,-564,-695,-768,-901,-577,-662
-820,1536,-565,-695,-769,-902,-582,-665
-819,1539,-566,-695,-769,-903,-587,-668
-819,1543,-566,-695,-769,-903,-589,-671
-817,1544,-566,-694,-768,-902,-590,-673
-817,1544,-565,-692,-767,-901,-592,-674
-817,1542,-562,-689,-765,-900,-597,-673
-815,1536,-560,-685,-762,-897,-600,-671
-814,1532,-557,-681,-759,-893,-599,-667
-814,1530,-554,-677,-755,-889,-595,-665
-813,1529,-553,-675,-753,-887,-594,-668
-811,1529,-553,-675,-753,-888,-597,-671
-810,1532,-553,-673,-753,-887,-600,-673
-812,1537,-552,-672,-752,-886,-603,-675
-812,1542,-551,-670,-750,-884,-604,-674
-810,1541,-550,-667,-749,-884,-606,-674
-808,1536,-548,-664,-746,-882,-606,-672
-806,1531,-545,-660,-743,-878,-605,-670
-807,1528,-542,-656,-739,-873,-601,-668
-808,1527,-539,-651,-735,-869,-599,-667
-804,1524,-538,-649,-734,-869,-601,-668
-801,1524,-538,-648,-733,-868,-603,-669
-800,1528,-538,-647,-733,-868,-607,-670
-799,1531,-538,-646,-733,-868,-612,-671
-797,1531,-538,-645,-733,-869,-617,-672
-794,1529,-538,-644,-732,-869,-623,-674
-794,1527,-536,-641,-729,-867,-624,-674
-793,1524,-533,-637,-726,-863,-621,-671
-794,1521,-530,-633,-723,-861,-618,-670
-794,1518,-527,-630,-720,-858,-618,-670
-793,1517,-525,-627,-718,-855,-618,-670
-794,1520,-525,-627,-718,-854,-619,-672
-790,1521,-526,-627,-719,-855,-622,-674
-788,1523,-527,-627,-720,-856,-625,-676
-788,1526,-527,-627,-720,-856,-626,-675
-788,1527,-526,-626,-719,-856,-627,-675
-784,1522,-525,-625,-719,-855,-629,-675
-785,1517,-523,-622,-717,-853,-631,-675
-789,1516,-520,-619,-714,-850,-632,-673
-790,1514,-518,-617,-712,-848,-634,-671
-789,1514,-517,-617,-712,-848,-636,-672
-789,1517,-518,-618,-713,-849,-638,-674
-786,1518,-520,-619,-715,-851,-640,-677
-784,1518,-521,-621,-718,-853,-643,-680
-782,1519,-522,-623,-719,-854,-646,-682
-783,1520,-522,-624,-719,-854,-649,-683
-784,1519,-522,-624,-719,-853,-652,-682
-784,1514,-521,-624,-719,-852,-652,-680
-785,1511,-519,-623,-718,-851,-651,-679
-785,1507,-518,-623,-718,-849,-650,-678
-784,1506,-519,-625,-719,-850,-651,-679
-783,1507,-521,-628,-721,-851,-655,-683
-782,1510,-524,-632,-723,-853,-659,-685
-780,1512,-527,-636,-727,-856,-663,-687
-779,1514,-530,-640,-730,-858,-666,-689
-781,1515,-531,-642,-732,-858,-668,-689
-781,1512,-531,-645,-733,-859,-671,-689
-781,1507,-531,-646,-733,-859,-672,-688
-783,1503,-531,-647,-734,-858,-672,-688
-784,1500,-531,-649,-735,-859,-673,-689
-784,1499,-532,-652,-736,-859,-673,-690
-785,1501,-535,-655,-738,-860,-675,-691
-787,1506,-537,-659,-741,-862,-676,-693
-785,1508,-540,-663,-745,-864,-681,-698
-781,1506,-544,-668,-749,-866,-686,-702
-780,1504,-545,-671,-750,-867,-689,-702
-780,1501,-545,-672,-750,-867,-693,-703
-782,1498,-544,-672,-750,-865,-694,-700
-786,1498,-542,-672,-748,-863,-692,-693
-785,1493,-542,-672,-748,-862,-691,-690
-786,1491,-542,-673,-749,-861,-692,-691
-787,1494,-544,-675,-750,-862,-694,-693
-786,1496,-546,-677,-752,-862,-693,-695
-784,1497,-548,-680,-754,-863,-692,-698
-782,1497,-551,-683,-757,-865,-695,-703
-783,1498,-551,-683,-758,-865,-695,-706
-783,1496,-550,-682,-756,-863,-694,-707
-784,1493,-548,-681,-755,-861,-694,-704
-786,1491,-546,-680,-753,-858,-695,-701
-787,1488,-546,-679,-753,-857,-696,-699
-783,1484,-546,-680,-753,-858,-698,-699
-781,1481,-548,-682,-756,-860,-703,-703
-781,1483,-550,-684,-758,-861,-706,-706
-779,1486,-551,-685,-759,-862,-709,-708
-780,1489,-552,-685,-760,-863,-712,-709
-782,1491,-551,-685,-760,-863,-714,-711
-782,1488,-550,-684,-760,-862,-715,-711
-782,1484,-549,-682,-758,-861,-716,-710
-781,1479,-547,-680,-756,-859,-718,-709
-781,1475,-545,-679,-755,-858,-721,-708
-782,1476,-545,-678,-755,-858,-722,-708
-782,1477,-546,-679,-755,-858,-725,-709
-780,1478,-548,-681,-757,-860,-728,-709
-779,1481,-549,-682,-759,-862,-731,-711
-779,1484,-549,-683,-760,-863,-735,-713
-780,1485,-549,-682,-759,-863,-740,-713
-779,1483,-547,-680,-757,-861,-743,-713
-778,1477,-545,-679,-756,-860,-745,-714
-778,1473,-544,-677,-755,-859,-745,-714
-777,1469,-542,-676,-754,-858,-742,-713
-778,1469,-542,-675,-754,-858,-741,-713
-779,1472,-542,-675,-754,-858,-740,-714
-778,1476,-542,-676,-753,-857,-741,-714
-777,1480,-543,-676,-753,-857,-743,-714
-775,1481,-545,-677,-754,-857,-746,-715
-776,1481,-544,-676,-754,-857,-749,-718
-776,1479,-543,-674,-753,-856,-751,-717
-777,1478,-541,-672,-751,-854,-751,-715
-778,1474,-539,-670,-749,-852,-750,-712
-778,1470,-538,-669,-748,-852,-749,-711
-776,1467,-538,-668,-748,-852,-749,-710
-772,1467,-538,-668,-747,-849,-747,-707
-772,1472,-539,-668,-746,-848,-746,-707
-770,1473,-540,-669,-748,-848,-748,-708
-770,1475,-541,-670,-748,-849,-751,-710
-769,1474,-541,-669,-748,-848,-754,-712
-767,1472,-540,-668,-746,-847,-758,-710
-766,1468,-538,-666,-745,-846,-761,-709
-766,1464,-537,-664,-743,-844,-762,-707
-764,1459,-535,-662,-742,-842,-763,-706
-764,1457,-534,-661,-741,-841,-766,-707
-762,1465,-536,-660,-739,-836,-767,-711
-763,1463,-533,-657,-737,-832,-763,-708
-761,1457,-533,-656,-736,-831,-763,-708
-760,1453,-532,-655,-735,-829,-763,-707
-760,1452,-532,-654,-734,-828,-762,-707
-758,1453,-532,-655,-735,-828,-763,-707
-758,1456,-533,-655,-735,-828,-764,-709
-756,1458,-535,-657,-736,-829,-768,-713
-754,1458,-536,-658,-738,-831,-773,-716
-752,1456,-536,-658,-738,-830,-774,-717
-754,1456,-535,-657,-736,-829,-772,-716
-754,1452,-532,-654,-734,-826,-769,-713
-755,1449,-530,-652,-731,-823,-768,-712
-755,1448,-528,-650,-729,-821,-767,-711
-753,1445,-528,-650,-729,-820,-768,-711
-755,1448,-528,-650,-729,-820,-770,-711
-756,1452,-528,-650,-730,-822,-773,-712
-753,1453,-529,-652,-731,-823,-776,-715
-749,1452,-531,-655,-734,-825,-778,-718
-750,1453,-531,-655,-733,-824,-776,-718
-750,1451,-530,-653,-732,-821,-778,-717
-751,1446,-528,-652,-730,-819,-781,-717
-751,1442,-526,-650,-728,-817,-786,-716
-750,1439,-525,-648,-727,-816,-788,-715
-751,1440,-524,-647,-725,-814,-786,-713
-753,1443,-523,-647,-725,-813,-785,-714
-751,1444,-525,-649,-727,-815,-786,-717
-748,1445,-527,-651,-729,-816,-787,-720
-744,1444,-529,-652,-730,-817,-788,-721
-742,1444,-529,-652,-730,-815,-787,-719
-745,1443,-528,-650,-728,-813,-785,-718
-745,1439,-525,-648,-725,-810,-784,-716
-743,1432,-524,-646,-724,-809,-786,-717
-744,1429,-523,-645,-722,-807,-788,-719
-746,1429,-521,-643,-721,-805,-787,-719
-746,1432,-521,-643,-720,-804,-788,-718
-745,1436,-522,-644,-721,-805,-789,-717
-744,1438,-524,-645,-723,-805,-791,-717
-742,1439,-524,-646,-724,-805,-793,-718
-740,1438,-525,-645,-724,-805,-792,-717
-744,1438,-523,-643,-722,-803,-792,-715
-745,1435,-522,-642,-720,-801,-794,-712
-745,1430,-520,-640,-719,-799,-796,-712
-744,1425,-518,-638,-718,-797,-796,-712
-743,1423,-518,-638,-717,-797,-798,-712
-743,1424,-519,-638,-718,-797,-802,-714
-741,1426,-521,-640,-719,-798,-807,-717
-741,1430,-522,-641,-720,-798,-808,-721
-741,1432,-523,-641,-721,-799,-808,-723
-741,1433,-523,-641,-721,-798,-806,-724
-742,1432,-522,-640,-719,-796,-804,-722
-742,1428,-519,-638,-717,-793,-802,-721
-743,1425,-517,-636,-715,-790,-804,-719
-745,1422,-515,-633,-714,-790,-805,-716
-743,1421,-516,-634,-714,-790,-807,-715
-741,1421,-517,-635,-715,-791,-808,-716
-739,1423,-518,-636,-716,-792,-809,-718
-738,1425,-519,-637,-718,-793,-812,-721
-735,1425,-520,-639,-720,-795,-816,-723
-736,1425,-520,-639,-720,-795,-820,-724
-735,1422,-519,-637,-718,-793,-822,-721
-737,1420,-516,-635,-716,-791,-823,-720
-738,1418,-514,-632,-714,-790,-826,-719
-737,1414,-512,-631,-712,-789,-829,-718
-738,1415,-512,-630,-712,-788,-833,-718
-736,1415,-513,-631,-713,-789,-836,-720
-734,1416,-515,-632,-714,-790,-838,-721
-734,1419,-516,-634,-716,-792,-839,-723
-734,1422,-517,-634,-716,-792,-840,-725
-734,1423,-516,-634,-716,-791,-841,-723
-734,1420,-515,-633,-715,-790,-842,-722
-733,1415,-514,-632,-714,-790,-845,-723
-730,1409,-513,-631,-713,-788,-846,-721
-729,1405,-512,-630,-712,-787,-847,-720
-734,1409,-510,-627,-710,-785,-848,-718
-735,1412,-510,-627,-709,-785,-851,-719
-731,1413,-512,-629,-711,-786,-854,-719
-727,1414,-514,-631,-713,-788,-858,-720
-727,1417,-516,-632,-715,-789,-862,-721
-729,1419,-515,-631,-715,-790,-866,-721
-729,1418,-514,-630,-714,-790,-871,-721
-729,1412,-513,-629,-713,-789,-873,-721
-727,1406,-512,-628,-712,-788,-873,-721
-727,1402,-511,-626,-711,-787,-874,-718
-726,1401,-510,-625,-710,-787,-878,-719
-725,1402,-511,-626,-711,-788,-883,-719
-724,1404,-512,-627,-713,-789,-889,-719
-722,1406,-514,-629,-715,-792,-892,-720
-721,1408,-515,-629,-716,-792,-892,-722
-723,1411,-514,-628,-715,-790,-888,-723
-722,1408,-513,-626,-713,-787,-884,-722
-724,1407,-511,-624,-710,-782,-880,-719
-723,1403,-509,-621,-707,-778,-876,-719
-723,1398,-508,-620,-705,-776,-875,-719
-723,1398,-507,-619,-704,-775,-874,-720
-723,1399,-508,-619,-705,-776,-876,-722
-720,1400,-509,-621,-707,-778,-881,-724
-720,1404,-510,-622,-708,-779,-883,-722
-721,1409,-510,-622,-708,-780,-884,-720
-720,1408,-511,-623,-709,-781,-886,-719
-719,1404,-510,-622,-708,-781,-887,-718
-719,1400,-508,-620,-706,-777,-886,-716
-719,1396,-506,-618,-704,-775,-884,-714
-718,1392,-505,-616,-702,-773,-884,-715
-715,1388,-505,-616,-703,-774,-887,-716
-715,1389,-506,-617,-703,-774,-889,-718
-716,1394,-506,-617,-704,-773,-890,-721
-718,1399,-507,-618,-704,-774,-891,-723
-719,1402,-507,-618,-705,-774,-891,-723
-716,1399,-508,-619,-706,-774,-894,-726
-716,1397,-506,-617,-704,-772,-895,-727
-716,1394,-504,-615,-701,-768,-893,-724
-714,1390,-503,-613,-699,-766,-892,-721
-717,1388,-500,-611,-698,-765,-893,-719
-718,1389,-499,-610,-696,-764,-895,-719
-716,1389,-500,-610,-697,-763,-897,-718
-714,1390,-501,-611,-698,-763,-897,-717
-711,1392,-503,-612,-699,-764,-900,-718
-709,1393,-504,-614,-701,-766,-905,-719
-707,1391,-505,-614,-702,-767,-909,-721
-704,1387,-504,-613,-701,-765,-911,-720
-707,1384,-503,-611,-699,-764,-913,-719
-708,1381,-500,-610,-698,-763,-916,-720
-707,1376,-499,-608,-697,-762,-918,-721
-705,1374,-498,-607,-696,-759,-916,-720
-705,1376,-497,-606,-694,-757,-912,-720
-707,1380,-499,-607,-695,-758,-912,-722
-707,1383,-500,-608,-697,-759,-917,-725
-704,1384,-501,-610,-699,-762,-926,-730
-703,1384,-501,-610,-700,-762,-931,-731
-704,1384,-499,-608,-698,-760,-930,-728
-705,1380,-497,-606,-696,-759,-928,-726
-705,1374,-496,-605,-695,-757,-926,-724
-705,1371,-494,-602,-692,-754,-923,-724
-706,1371,-492,-601,-691,-751,-921,-724
-706,1373,-492,-601,-690,-749,-918,-723
-706,1375,-493,-601,-691,-749,-921,-725
-705,1377,-493,-602,-692,-751,-926,-727
-704,1380,-493,-602,-692,-750,-929,-726
-705,1383,-492,-602,-692,-750,-931,-726
-708,1384,-490,-600,-690,-750,-929,-725
-712,1382,-487,-597,-687,-747,-926,-723
-713,1379,-483,-593,-684,-742,-921,-719
-711,1374,-481,-591,-681,-738,-918,-718
-711,1374,-481,-590,-680,-736,-916,-718
-711,1375,-481,-589,-679,-734,-914,-717
-707,1376,-483,-590,-680,-734,-917,-717
-703,1377,-484,-591,-681,-735,-922,-720
-705,1382,-484,-591,-682,-735,-924,-723
-705,1382,-484,-592,-683,-737,-928,-726
-701,1379,-482,-591,-682,-737,-931,-724
-698,1373,-480,-588,-679,-734,-931,-720
-697,1369,-477,-585,-677,-733,-934,-721
-700,1369,-474,-582,-674,-730,-933,-718
-701,1370,-474,-583,-674,-730,-934,-716
-697,1367,-476,-584,-676,-731,-939,-719
-695,1368,-477,-585,-677,-733,-944,-721
-690,1369,-479,-585,-678,-733,-946,-721
-685,1370,-482,-587,-679,-733,-948,-721
-683,1371,-483,-589,-679,-734,-949,-718
-678,1367,-483,-589,-678,-732,-951,-716
-675,1362,-483,-587,-677,-730,-951,-715
-670,1356,-483,-585,-675,-727,-948,-713
-667,1350,-482,-585,-674,-726,-947,-712
-667,1348,-483,-585,-674,-727,-949,-712
-664,1346,-485,-587,-675,-728,-954,-713
-661,1346,-488,-589,-677,-730,-958,-716
-660,1347,-491,-591,-679,-732,-961,-718
-660,1348,-491,-592,-681,-733,-965,-719
-659,1346,-492,-592,-682,-734,-969,-720
-657,1342,-491,-591,-681,-734,-970,-720
-658,1340,-489,-589,-679,-732,-968,-720
-662,1338,-487,-588,-677,-729,-964,-719
-666,1338,-484,-586,-675,-726,-962,-718
-668,1338,-483,-585,-674,-725,-965,-720
-668,1339,-484,-586,-676,-726,-972,-722
-671,1346,-483,-586,-677,-727,-977,-722
-675,1353,-482,-586,-677,-729,-980,-725
-678,1358,-482,-585,-677,-730,-980,-728
-682,1358,-481,-586,-678,-731,-980,-731
-682,1353,-481,-586,-679,-731,-978,-732
-683,1347,-480,-585,-678,-729,-975,-729
-689,1346,-478,-584,-678,-728,-976,-728
-691,1343,-476,-583,-676,-727,-977,-727
-692,1341,-475,-582,-676,-727,-980,-728
-692,1342,-476,-584,-677,-728,-983,-729
-695,1348,-476,-584,-677,-727,-985,-731
-697,1354,-476,-585,-679,-730,-987,-734
-696,1355,-477,-586,-680,-731,-989,-736
-697,1356,-477,-585,-680,-729,-989,-735
-697,1354,-476,-583,-678,-726,-987,-733
-697,1349,-474,-581,-676,-723,-985,-732
-697,1345,-472,-580,-674,-721,-985,-732
-694,1340,-470,-578,-673,-720,-989,-731
-692,1338,-470,-578,-672,-719,-992,-730
-688,1337,-471,-579,-674,-720,-997,-732
-688,1338,-472,-579,-675,-721,-997,-733
-689,1342,-473,-581,-676,-722,-999,-735
-690,1345,-474,-582,-677,-724,-1001,-738
-689,1345,-474,-582,-678,-724,-1004,-740
-690,1344,-473,-581,-677,-723,-1005,-741
-692,1341,-470,-578,-674,-720,-1004,-739
-697,1340,-468,-575,-672,-717,-1003,-736
-693,1334,-466,-574,-670,-716,-1003,-731
-690,1331,-465,-573,-670,-715,-1004,-731
-691,1332,-465,-573,-670,-716,-1007,-732
-690,1334,-466,-573,-671,-716,-1009,-734
-690,1338,-468,-574,-672,-717,-1011,-736
-691,1342,-468,-574,-672,-717,-1013,-737
-690,1343,-467,-573,-670,-715,-1013,-738
-694,1346,-462,-568,-666,-711,-1010,-737
-701,1349,-453,-556,-656,-702,-1005,-735
-708,1353,-440,-540,-643,-691,-999,-731
-716,1359,-428,-524,-630,-681,-997,-729
-730,1370,-415,-509,-619,-672,-996,-729
-738,1379,-408,-499,-611,-665,-994,-726
-731,1381,-409,-498,-606,-658,-987,-718
-719,1376,-412,-498,-605,-656,-984,-713
-707,1366,-412,-496,-604,-656,-986,-712
-690,1347,-414,-491,-603,-657,-988,-713
-668,1324,-415,-485,-600,-653,-983,-708
-642,1297,-418,-478,-593,-646,-975,-699
-606,1265,-421,-470,-585,-638,-966,-688
-552,1225,-434,-469,-579,-627,-952,-671
-500,1197,-453,-484,-579,-618,-936,-651
-457,1180,-472,-503,-583,-614,-925,-633
-425,1159,-496,-533,-604,-631,-933,-634
-405,1134,-529,-581,-645,-671,-965,-655
-394,1114,-569,-644,-697,-716,-1001,-680
-390,1100,-609,-709,-750,-759,-1033,-702
-416,1111,-628,-755,-790,-793,-1060,-721
-460,1127,-635,-790,-827,-827,-1090,-746
-511,1154,-636,-818,-860,-858,-1117,-768
-540,1168,-640,-844,-886,-881,-1136,-781
-551,1170,-650,-864,-905,-897,-1152,-790
-563,1177,-650,-861,-905,-899,-1157,-796
-572,1185,-646,-845,-895,-893,-1157,-798
-575,1189,-641,-829,-884,-886,-1154,-798
-574,1191,-635,-813,-873,-878,-1151,-797
-580,1198,-625,-793,-857,-865,-1145,-794
-594,1211,-607,-766,-835,-846,-1134,-790
-618,1226,-583,-734,-809,-824,-1122,-787
-640,1239,-560,-703,-784,-805,-1113,-783
-649,1241,-542,-677,-764,-789,-1107,-778
-651,1243,-526,-653,-744,-772,-1100,-773
-651,1251,-510,-629,-725,-756,-1091,-768
-656,1262,-496,-609,-709,-743,-1083,-764
-662,1274,-482,-590,-694,-731,-1075,-759
-668,1283,-469,-574,-682,-721,-1070,-757
-673,1289,-460,-564,-674,-714,-1068,-756
-677,1292,-455,-558,-669,-710,-1066,-756
-681,1293,-449,-551,-663,-704,-1062,-755
-685,1297,-443,-546,-657,-697,-1058,-752
-686,1297,-439,-542,-652,-692,-1054,-747
-684,1297,-437,-540,-650,-690,-1054,-744
-685,1301,-436,-539,-648,-688,-1054,-743
-684,1305,-435,-538,-647,-686,-1053,-744
-682,1307,-436,-538,-647,-686,-1054,-746
-684,1312,-435,-538,-647,-686,-1056,-746
-682,1312,-435,-537,-647,-686,-1058,-747
-684,1312,-433,-535,-645,-685,-1059,-748
-688,1312,-430,-532,-642,-680,-1056,-746
-689,1309,-428,-529,-639,-677,-1056,-746
-692,1308,-425,-526,-637,-676,-1058,-744
-689,1304,-424,-524,-636,-675,-1059,-741
-686,1302,-425,-525,-637,-676,-1062,-741
-685,1305,-426,-526,-638,-676,-1062,-743
-686,1310,-426,-526,-638,-676,-1063,-745
-688,1314,-426,-526,-639,-676,-1064,-747
-687,1314,-426,-526,-638,-676,-1066,-747
-685,1311,-426,-526,-639,-675,-1066,-746
-684,1306,-424,-523,-636,-672,-1064,-746
-684,1303,-421,-520,-633,-669,-1064,-745
-686,1302,-418,-517,-630,-666,-1062,-743
-688,1301,-417,-516,-629,-665,-1062,-742
-688,1303,-417,-516,-629,-666,-1062,-742
-684,1302,-418,-517,-630,-666,-1063,-743
-684,1306,-419,-518,-631,-667,-1066,-744
-686,1311,-419,-518,-632,-668,-1070,-746
-685,1311,-419,-518,-632,-671,-1075,-747
-684,1307,-418,-517,-632,-671,-1076,-745
-682,1301,-417,-515,-630,-670,-1075,-744
-682,1297,-414,-513,-628,-667,-1072,-741
-682,1294,-412,-510,-626,-665,-1069,-739
-685,1296,-410,-508,-624,-663,-1070,-739
-684,1298,-410,-507,-623,-661,-1071,-741
-684,1298,-410,-508,-623,-662,-1074,-742
-683,1300,-412,-509,-625,-664,-1078,-743
-683,1304,-412,-509,-625,-663,-1080,-744
-685,1307,-411,-508,-624,-662,-1079,-745
-684,1306,-410,-506,-623,-661,-1080,-745
-679,1298,-409,-504,-621,-659,-1080,-745
-679,1293,-408,-502,-620,-658,-1080,-745
-680,1290,-406,-500,-618,-655,-1080,-745
-681,1289,-404,-497,-617,-653,-1079,-744
-682,1290,-404,-497,-617,-654,-1082,-744
-682,1293,-404,-497,-617,-655,-1085,-743
-682,1298,-405,-497,-617,-654,-1086,-744
-680,1301,-405,-497,-618,-655,-1088,-745
-678,1302,-405,-497,-617,-654,-1089,-745
-678,1300,-404,-496,-616,-653,-1090,-744
-677,1295,-401,-493,-614,-651,-1092,-741
-675,1289,-399,-491,-612,-649,-1093,-740
-675,1285,-397,-489,-610,-648,-1094,-740
-676,1284,-396,-487,-609,-647,-1094,-740
-676,1286,-395,-485,-608,-646,-1095,-740
-677,1291,-395,-485,-609,-647,-1100,-743
-674,1292,-396,-486,-610,-649,-1103,-744
-670,1290,-397,-487,-611,-650,-1107,-745
-668,1289,-398,-486,-612,-651,-1111,-746
-666,1287,-396,-484,-610,-649,-1110,-745
-665,1282,-394,-482,-608,-645,-1107,-741
-667,1279,-392,-478,-604,-642,-1104,-737
-669,1278,-389,-474,-601,-637,-1101,-736
-671,1279,-387,-471,-598,-634,-1097,-735
-671,1281,-387,-470,-598,-634,-1098,-736
-668,1281,-388,-471,-599,-635,-1100,-737
-667,1284,-388,-471,-599,-635,-1102,-739
-667,1287,-388,-470,-599,-635,-1103,-740
-665,1287,-387,-469,-598,-634,-1104,-741
-664,1285,-385,-467,-596,-633,-1104,-740
-664,1281,-383,-463,-593,-631,-1105,-738
-664,1277,-380,-459,-590,-628,-1105,-736
-661,1272,-378,-457,-588,-627,-1107,-735
-661,1270,-377,-455,-587,-626,-1107,-735
-663,1273,-376,-453,-586,-625,-1108,-736
-663,1277,-376,-452,-585,-625,-1110,-738
-662,1280,-377,-452,-586,-625,-1112,-739
-660,1282,-377,-451,-585,-625,-1114,-741
-658,1283,-377,-450,-584,-624,-1114,-741
-660,1283,-374,-446,-581,-622,-1113,-740
-659,1277,-372,-443,-579,-620,-1115,-739
-657,1272,-369,-439,-576,-617,-1113,-736
-655,1268,-367,-435,-572,-613,-1108,-734
-656,1267,-365,-432,-570,-611,-1108,-734
-656,1269,-364,-430,-569,-611,-1111,-735
-654,1271,-365,-430,-569,-611,-1115,-736
-648,1270,-366,-431,-570,-613,-1119,-737
-648,1274,-366,-430,-570,-613,-1120,-740
-650,1276,-365,-428,-569,-613,-1119,-742
-651,1274,-362,-425,-566,-609,-1114,-739
-653,1273,-359,-420,-562,-604,-1108,-734
-654,1272,-355,-416,-558,-600,-1104,-731
-654,1270,-353,-414,-555,-598,-1103,-730
-651,1267,-352,-412,-555,-597,-1105,-729
-651,1268,-352,-411,-555,-597,-1109,-728
-651,1272,-351,-410,-555,-598,-1112,-728
-649,1275,-352,-411,-556,-599,-1114,-732
-646,1274,-353,-412,-558,-601,-1118,-735
-645,1274,-353,-411,-557,-600,-1118,-737
-645,1272,-352,-410,-557,-599,-1117,-738
-645,1268,-350,-408,-555,-598,-1118,-739
-645,1264,-348,-406,-553,-595,-1118,-739
-648,1265,-345,-404,-550,-592,-1117,-735
-650,1266,-344,-402,-549,-591,-1115,-733
-649,1266,-344,-402,-550,-592,-1117,-733
-648,1268,-346,-405,-552,-594,-1120,-736
-649,1273,-347,-406,-554,-596,-1122,-738
-649,1275,-348,-408,-555,-597,-1123,-739
-646,1272,-350,-410,-557,-598,-1125,-741
-644,1268,-350,-410,-557,-598,-1127,-743
-644,1264,-349,-410,-557,-597,-1128,-741
-644,1260,-348,-410,-556,-597,-1129,-741
-646,1258,-347,-410,-556,-595,-1129,-740
-647,1258,-347,-410,-556,-595,-1130,-739
-646,1258,-349,-413,-559,-597,-1132,-741
-646,1261,-351,-416,-561,-599,-1136,-743
-646,1266,-353,-420,-564,-600,-1138,-744
-646,1269,-356,-424,-567,-603,-1141,-744
-647,1270,-358,-427,-569,-605,-1143,-745
-649,1270,-358,-429,-570,-605,-1144,-744
-650,1265,-358,-430,-570,-604,-1144,-744
-650,1262,-358,-431,-570,-602,-1143,-743
-652,1258,-357,-431,-569,-600,-1143,-742
-651,1256,-358,-434,-570,-600,-1143,-741
-648,1254,-361,-437,-573,-602,-1145,-744
-646,1254,-364,-442,-576,-604,-1148,-747
-646,1258,-367,-445,-578,-606,-1150,-750
-647,1261,-370,-449,-582,-608,-1151,-752
-648,1262,-372,-452,-584,-610,-1152,-752
-649,1261,-372,-453,-584,-609,-1152,-750
-651,1259,-371,-453,-583,-608,-1152,-747
-652,1255,-370,-453,-583,-607,-1151,-745
-652,1250,-371,-454,-584,-607,-1152,-745
-652,1249,-371,-455,-585,-607,-1154,-746
-653,1250,-372,-457,-586,-609,-1157,-747
-654,1253,-374,-459,-588,-611,-1159,-749
-654,1255,-376,-462,-591,-613,-1163,-751
-654,1258,-377,-464,-592,-614,-1164,-752
-655,1259,-379,-466,-594,-614,-1166,-754
-654,1256,-379,-466,-594,-614,-1168,-754
-656,1254,-377,-465,-593,-613,-1168,-753
-659,1252,-375,-464,-591,-612,-1167,-752
-658,1247,-374,-463,-590,-611,-1168,-752
-658,1244,-374,-463,-591,-610,-1169,-754
-657,1245,-375,-464,-592,-611,-1171,-755
-656,1246,-377,-466,-594,-614,-1174,-756
-657,1251,-378,-468,-595,-615,-1176,-757
-659,1256,-378,-468,-596,-615,-1178,-758
-659,1258,-379,-468,-597,-616,-1180,-759
-657,1255,-378,-468,-597,-616,-1181,-760
-656,1249,-377,-467,-596,-615,-1183,-759
-657,1245,-376,-465,-594,-612,-1182,-758
-658,1242,-374,-463,-593,-611,-1182,-757
-659,1241,-373,-463,-592,-611,-1183,-756
-659,1241,-374,-463,-593,-611,-1185,-757
-655,1241,-375,-464,-594,-612,-1188,-758
-654,1245,-376,-465,-595,-613,-1189,-759
-654,1247,-378,-466,-597,-614,-1192,-761
-654,1247,-378,-467,-597,-615,-1195,-763
-655,1248,-376,-465,-595,-613,-1198,-761
-656,1246,-374,-463,-594,-612,-1198,-759
-657,1241,-372,-461,-592,-611,-1197,-757
-657,1236,-371,-459,-591,-609,-1196,-757
-656,1234,-370,-458,-590,-608,-1195,-758
-656,1235,-371,-458,-590,-607,-1194,-758
-655,1237,-372,-459,-591,-608,-1196,-759
-654,1240,-373,-460,-592,-610,-1199,-762
-654,1243,-374,-461,-593,-610,-1203,-762
-653,1245,-375,-461,-593,-611,-1205,-762
-653,1243,-374,-460,-593,-611,-1208,-762
-654,1240,-372,-458,-592,-610,-1209,-762
-654,1236,-370,-456,-590,-609,-1209,-760
-654,1233,-368,-454,-587,-606,-1207,-757
-655,1234,-367,-452,-585,-604,-1204,-755
-654,1234,-368,-453,-586,-605,-1206,-756
-652,1235,-369,-454,-587,-605,-1209,-757
-651,1238,-371,-455,-588,-606,-1209,-758
-651,1241,-371,-455,-588,-605,-1209,-758
-651,1243,-371,-455,-587,-605,-1209,-758
-651,1242,-370,-454,-587,-604,-1211,-758
-651,1238,-368,-452,-585,-602,-1211,-757
-652,1235,-366,-449,-583,-599,-1210,-755
-654,1232,-365,-447,-581,-598,-1209,-754
-653,1230,-365,-447,-580,-597,-1210,-753
-652,1231,-365,-446,-580,-596,-1212,-753
-650,1233,-366,-447,-581,-597,-1213,-754
-647,1234,-368,-449,-582,-598,-1214,-756
-644,1235,-370,-450,-584,-600,-1217,-758
-643,1235,-371,-451,-585,-601,-1220,-759
-644,1235,-370,-449,-584,-599,-1221,-759
-645,1234,-369,-446,-582,-596,-1220,-757
-645,1230,-366,-444,-579,-593,-1219,-755
-645,1226,-364,-442,-577,-592,-1219,-754
-647,1225,-363,-441,-576,-591,-1219,-753
-646,1226,-363,-440,-576,-590,-1218,-752
-645,1229,-365,-441,-577,-591,-1219,-752
-644,1231,-366,-443,-579,-593,-1221,-756
-642,1233,-367,-444,-581,-595,-1224,-760
-643,1235,-368,-444,-582,-596,-1225,-761
-643,1233,-368,-444,-581,-596,-1226,-761
-644,1230,-366,-442,-579,-593,-1225,-760
-645,1227,-364,-440,-576,-590,-1224,-758
-644,1223,-362,-438,-575,-589,-1223,-755
-642,1219,-362,-437,-574,-588,-1222,-753
-641,1219,-362,-437,-574,-588,-1223,-754
-641,1222,-363,-438,-575,-589,-1225,-756
-641,1226,-364,-439,-576,-590,-1225,-756
-642,1230,-365,-440,-576,-590,-1226,-757
-643,1232,-365,-441,-577,-590,-1228,-758
-642,1229,-365,-440,-576,-590,-1229,-758
-641,1226,-364,-438,-575,-588,-1229,-756
-643,1223,-362,-436,-573,-586,-1229,-755
-642,1219,-361,-434,-572,-585,-1230,-754
-642,1216,-360,-434,-572,-584,-1231,-754
-643,1217,-361,-434,-572,-584,-1230,-753
-643,1220,-362,-435,-573,-585,-1230,-754
-642,1222,-364,-436,-574,-586,-1233,-755
-641,1224,-365,-437,-576,-588,-1236,-757
-639,1224,-366,-437,-576,-588,-1239,-759
-639,1222,-365,-437,-575,-588,-1242,-758
-637,1218,-364,-435,-575,-587,-1243,-757
-636,1213,-363,-433,-573,-586,-1242,-756
-638,1210,-361,-431,-571,-584,-1241,-755
-639,1210,-359,-430,-570,-583,-1242,-755
-639,1212,-359,-430,-570,-583,-1243,-755
-639,1215,-361,-431,-571,-584,-1246,-756
-639,1218,-362,-432,-573,-585,-1248,-757
-639,1222,-364,-433,-574,-587,-1250,-757
-638,1224,-365,-434,-575,-587,-1251,-757
-636,1220,-364,-433,-574,-586,-1251,-757
-636,1216,-362,-431,-573,-584,-1251,-757
-638,1213,-360,-429,-570,-582,-1251,-756
-640,1211,-358,-427,-569,-580,-1252,-755
-642,1210,-357,-425,-567,-579,-1252,-753
-643,1212,-357,-425,-567,-578,-1254,-753
-643,1214,-358,-426,-569,-579,-1256,-755
-639,1214,-361,-428,-571,-581,-1260,-759
-636,1216,-363,-430,-573,-583,-1262,-762
-635,1216,-363,-430,-574,-584,-1263,-762
-636,1216,-362,-430,-573,-584,-1263,-761
-635,1212,-361,-428,-572,-582,-1264,-758
-636,1209,-360,-426,-570,-581,-1265,-755
-637,1207,-358,-424,-568,-580,-1267,-754
-637,1205,-357,-423,-568,-578,-1270,-753
-639,1207,-357,-423,-568,-579,-1272,-754
-640,1210,-357,-423,-569,-579,-1275,-757
-639,1212,-358,-425,-570,-581,-1277,-759
-639,1216,-360,-425,-571,-581,-1277,-760
-638,1218,-360,-426,-571,-581,-1277,-760
-637,1215,-360,-425,-571,-581,-1277,-759
-636,1210,-359,-424,-571,-580,-1278,-758
-637,1206,-358,-422,-569,-579,-1278,-756
-638,1203,-356,-420,-567,-578,-1278,-754
-639,1202,-355,-419,-566,-576,-1278,-751
-632,1206,-360,-423,-572,-583,-1292,-762
-633,1203,-359,-422,-571,-582,-1293,-761
-634,1200,-357,-419,-568,-580,-1292,-758
-636,1199,-354,-417,-567,-577,-1291,-755
-638,1198,-353,-416,-565,-576,-1290,-753
-637,1199,-353,-416,-565,-575,-1291,-753
-636,1202,-355,-417,-566,-577,-1294,-755
-633,1203,-357,-418,-568,-579,-1300,-757
-630,1204,-358,-420,-570,-581,-1304,-759
-630,1205,-358,-421,-571,-583,-1306,-761
-631,1206,-357,-420,-571,-583,-1307,-761
-632,1203,-356,-418,-569,-581,-1306,-761
-632,1199,-354,-416,-568,-580,-1307,-761
-632,1195,-352,-414,-566,-578,-1306,-759
-633,1194,-352,-413,-565,-577,-1304,-757
-631,1192,-353,-414,-566,-578,-1305,-757
-628,1193,-354,-415,-568,-581,-1308,-759
-629,1197,-355,-416,-569,-582,-1310,-761
-630,1202,-355,-417,-570,-582,-1311,-762
-630,1204,-355,-417,-570,-583,-1313,-762
-631,1204,-354,-416,-569,-584,-1315,-761
-631,1200,-352,-414,-568,-582,-1315,-760
-630,1195,-351,-413,-567,-581,-1317,-760
-629,1190,-350,-412,-565,-580,-1318,-760
-630,1188,-349,-410,-564,-578,-1316,-758
-630,1189,-349,-410,-563,-578,-1317,-758
-628,1190,-351,-412,-564,-578,-1318,-759
-627,1194,-352,-413,-565,-579,-1318,-760
-628,1198,-352,-413,-566,-579,-1318,-761
-627,1200,-353,-414,-567,-579,-1319,-763
-626,1198,-353,-413,-566,-579,-1320,-763
-626,1195,-351,-412,-564,-577,-1318,-761
-628,1192,-349,-410,-562,-575,-1318,-759
-630,1190,-347,-408,-561,-574,-1320,-757
-633,1189,-346,-406,-560,-574,-1322,-756
-632,1189,-346,-407,-561,-575,-1324,-756
-628,1189,-348,-408,-563,-577,-1327,-758
-627,1192,-349,-409,-564,-579,-1329,-759
-628,1196,-351,-411,-565,-580,-1331,-762
-626,1196,-352,-411,-566,-581,-1333,-764
-626,1196,-351,-411,-565,-580,-1334,-764
-626,1193,-349,-410,-564,-579,-1335,-765
-626,1188,-348,-408,-563,-578,-1334,-764
-626,1184,-347,-406,-561,-576,-1332,-763
-626,1181,-347,-405,-560,-574,-1330,-762
-625,1181,-347,-405,-560,-574,-1330,-762
-625,1185,-348,-406,-561,-574,-1331,-763
-625,1188,-348,-407,-562,-575,-1332,-764
-624,1191,-349,-408,-562,-576,-1333,-765
-624,1192,-350,-408,-563,-575,-1334,-765
-624,1190,-350,-408,-562,-575,-1335,-766
-625,1187,-348,-406,-561,-573,-1333,-764
-627,1185,-345,-403,-558,-570,-1331,-762
-628,1182,-343,-401,-556,-567,-1331,-761
-627,1178,-342,-400,-555,-566,-1331,-760
-625,1179,-343,-400,-555,-567,-1333,-760
-624,1180,-344,-401,-557,-569,-1335,-761
-622,1181,-346,-403,-559,-571,-1338,-764
-622,1183,-348,-405,-561,-573,-1341,-766
-623,1185,-347,-405,-561,-574,-1342,-767
-625,1185,-346,-404,-560,-572,-1342,-768
-626,1182,-344,-401,-558,-570,-1340,-768
-625,1178,-342,-399,-556,-568,-1341,-769
-624,1173,-341,-398,-555,-567,-1343,-769
-624,1171,-339,-397,-554,-566,-1344,-770
-626,1175,-338,-396,-554,-565,-1343,-770
-628,1179,-338,-397,-554,-565,-1341,-771
-629,1183,-338,-397,-554,-565,-1339,-770
-629,1186,-338,-398,-555,-565,-1336,-769
-629,1189,-338,-396,-554,-563,-1335,-768
-629,1189,-336,-395,-551,-561,-1332,-764
-627,1184,-336,-394,-549,-558,-1331,-762
-623,1177,-335,-392,-548,-557,-1330,-760
-623,1173,-333,-390,-546,-554,-1331,-759
-623,1171,-332,-389,-545,-554,-1332,-760
-622,1170,-332,-389,-545,-555,-1336,-760
-621,1172,-333,-390,-547,-557,-1340,-762
-621,1177,-334,-391,-549,-558,-1343,-764
-621,1181,-334,-391,-548,-559,-1343,-764
-620,1183,-333,-390,-548,-558,-1343,-764
-618,1182,-332,-388,-547,-558,-1344,-763
-617,1180,-330,-387,-545,-555,-1342,-761
-616,1175,-330,-386,-543,-553,-1340,-759
-615,1170,-329,-384,-541,-550,-1339,-757
-614,1167,-328,-382,-540,-549,-1338,-758
-611,1166,-328,-382,-539,-548,-1336,-758
-610,1169,-330,-384,-541,-549,-1336,-759
-607,1173,-333,-387,-542,-550,-1337,-759
-602,1175,-336,-389,-544,-550,-1338,-758
-597,1175,-338,-390,-544,-550,-1338,-757
-593,1172,-339,-389,-543,-549,-1337,-754
-591,1167,-338,-389,-542,-548,-1337,-753
-590,1160,-338,-388,-542,-547,-1339,-752
-589,1153,-338,-387,-541,-546,-1340,-751
-587,1149,-339,-387,-540,-545,-1341,-752
-585,1146,-342,-389,-542,-547,-1343,-755
-584,1146,-344,-390,-544,-549,-1347,-760
-584,1149,-345,-392,-545,-550,-1349,-762
-586,1153,-346,-393,-546,-551,-1350,-763
-588,1156,-346,-394,-547,-551,-1348,-763
-588,1156,-345,-394,-547,-551,-1346,-763
-589,1152,-344,-393,-547,-550,-1346,-763
-592,1150,-342,-391,-546,-549,-1346,-761
-597,1150,-339,-389,-543,-547,-1345,-760
-602,1151,-337,-387,-542,-545,-1345,-758
-607,1155,-335,-385,-541,-545,-1345,-759
-610,1158,-334,-385,-542,-546,-1347,-760
-612,1159,-336,-387,-544,-549,-1350,-764
-611,1159,-339,-390,-547,-552,-1355,-769
-611,1160,-341,-393,-550,-554,-1359,-773
-614,1160,-341,-393,-550,-555,-1360,-774
-620,1162,-338,-391,-548,-552,-1359,-773
-624,1160,-335,-389,-546,-550,-1357,-772
-624,1158,-334,-387,-544,-548,-1357,-770
-625,1156,-333,-386,-543,-547,-1357,-769
-626,1156,-334,-387,-544,-548,-1358,-769
-625,1159,-335,-389,-546,-550,-1360,-771
-624,1160,-337,-390,-548,-552,-1362,-773
-623,1161,-339,-392,-549,-553,-1365,-775
-622,1163,-339,-392,-550,-553,-1367,-775
-622,1160,-339,-392,-549,-553,-1368,-775
-621,1156,-337,-390,-547,-551,-1367,-775
-621,1152,-336,-388,-546,-549,-1366,-773
-620,1147,-336,-388,-545,-548,-1365,-772
-617,1142,-335,-388,-546,-548,-1366,-773
-618,1144,-335,-387,-545,-548,-1366,-775
-621,1148,-335,-388,-545,-548,-1366,-775
-624,1155,-335,-387,-545,-548,-1365,-774
-625,1160,-336,-388,-545,-548,-1367,-774
-625,1162,-337,-388,-546,-549,-1368,-775
-624,1159,-337,-388,-546,-549,-1370,-776
-622,1154,-335,-386,-544,-547,-1369,-774
-622,1150,-334,-384,-543,-545,-1368,-773
-622,1146,-332,-383,-541,-543,-1367,-771
-622,1143,-331,-382,-540,-542,-1366,-769
-622,1145,-331,-382,-540,-542,-1367,-768
-622,1149,-331,-382,-540,-542,-1367,-768
-624,1156,-331,-381,-539,-541,-1367,-767
-627,1164,-329,-378,-536,-537,-1367,-768
-631,1171,-322,-367,-527,-531,-1366,-768
-639,1178,-311,-352,-515,-521,-1362,-767
-651,1187,-296,-333,-500,-509,-1355,-762
-665,1196,-282,-314,-486,-497,-1349,-759
-669,1196,-274,-304,-476,-488,-1341,-754
-660,1189,-275,-301,-472,-483,-1336,-748
-651,1180,-278,-303,-472,-482,-1334,-745
-639,1168,-281,-302,-473,-483,-1335,-744
-623,1153,-282,-298,-472,-484,-1335,-744
-603,1137,-286,-297,-473,-485,-1336,-742
-571,1111,-295,-300,-475,-486,-1335,-738
-528,1075,-306,-301,-475,-485,-1331,-731
-475,1034,-318,-301,-471,-478,-1321,-717
-420,996,-335,-309,-470,-471,-1310,-701
-372,963,-352,-324,-476,-472,-1306,-691
-344,938,-367,-345,-493,-489,-1319,-698
-333,923,-387,-376,-522,-519,-1347,-717
-329,917,-415,-422,-560,-552,-1374,-735
-337,924,-450,-485,-606,-587,-1395,-750
-372,950,-474,-540,-648,-619,-1415,-765
-419,980,-484,-579,-683,-648,-1438,-785
-462,1005,-488,-605,-710,-672,-1456,-802
-487,1014,-496,-629,-733,-691,-1471,-811
-504,1019,-497,-640,-744,-700,-1480,-816
-522,1023,-492,-634,-744,-702,-1487,-820
-531,1022,-489,-624,-738,-701,-1491,-822
-531,1022,-487,-611,-729,-695,-1488,-822
-534,1026,-484,-600,-721,-690,-1486,-822
-541,1037,-479,-586,-712,-682,-1483,-822
-553,1050,-468,-567,-697,-671,-1478,-821
-572,1067,-451,-542,-677,-656,-1471,-820
-590,1079,-433,-518,-658,-641,-1465,-820
-600,1081,-419,-498,-643,-629,-1461,-819
-605,1081,-405,-477,-627,-616,-1452,-814
-605,1080,-393,-457,-610,-601,-1442,-807
-602,1080,-382,-438,-594,-587,-1431,-799
-599,1083,-371,-420,-579,-574,-1421,-792
-601,1090,-361,-406,-568,-565,-1413,-789
-602,1097,-353,-395,-560,-559,-1409,-789
-605,1105,-346,-387,-553,-554,-1406,-788
-609,1111,-342,-383,-549,-550,-1406,-786
-612,1116,-338,-379,-546,-547,-1406,-783
-616,1118,-332,-374,-541,-543,-1404,-779
-617,1117,-327,-368,-536,-538,-1400,-773
-618,1117,-324,-364,-532,-533,-1395,-769
-619,1117,-322,-362,-529,-530,-1391,-768
-618,1119,-321,-360,-526,-528,-1389,-768
-617,1122,-321,-360,-526,-527,-1389,-770
-619,1128,-320,-360,-525,-527,-1389,-773
-620,1133,-320,-360,-525,-526,-1389,-774
-620,1136,-320,-360,-525,-526,-1390,-775
-620,1136,-319,-358,-524,-524,-1390,-773
-620,1133,-317,-356,-521,-522,-1390,-771
-622,1130,-314,-353,-519,-520,-1390,-768
-623,1127,-313,-351,-518,-519,-1390,-766
-623,1124,-313,-350,-517,-518,-1389,-765
-621,1125,-312,-349,-517,-517,-1390,-765
-619,1127,-313,-350,-518,-518,-1391,-767
-618,1131,-313,-350,-518,-518,-1393,-769
-619,1136,-313,-351,-518,-518,-1394,-772
-620,1136,-313,-351,-519,-518,-1395,-773
-619,1135,-314,-350,-518,-517,-1394,-772
-618,1131,-313,-348,-516,-515,-1393,-771
-619,1128,-311,-346,-514,-514,-1391,-768
-619,1124,-309,-344,-512,-511,-1388,-765
-619,1121,-307,-342,-511,-510,-1388,-765
-619,1120,-307,-342,-511,-511,-1389,-766
-620,1123,-308,-342,-512,-511,-1391,-768
-620,1127,-310,-344,-513,-513,-1392,-769
-619,1128,-312,-345,-515,-514,-1394,-771
-618,1129,-312,-345,-515,-514,-1395,-772
-619,1128,-312,-345,-514,-512,-1395,-772
-618,1124,-309,-343,-512,-510,-1394,-771
-619,1121,-307,-341,-510,-508,-1393,-769
-619,1118,-304,-338,-508,-506,-1393,-767
-619,1115,-304,-337,-507,-505,-1393,-765
-619,1116,-304,-337,-506,-505,-1394,-765
-618,1117,-306,-337,-508,-506,-1397,-766
-618,1121,-307,-339,-510,-509,-1401,-768
-617,1124,-308,-339,-510,-509,-1404,-769
-617,1126,-308,-339,-510,-509,-1405,-771
-617,1125,-307,-338,-509,-508,-1405,-772
-615,1120,-306,-335,-507,-505,-1404,-771
-615,1115,-304,-333,-505,-503,-1404,-770
-616,1113,-302,-330,-502,-501,-1403,-768
-615,1112,-300,-329,-500,-499,-1401,-766
-615,1112,-299,-328,-499,-498,-1400,-765
-617,1116,-299,-327,-499,-498,-1397,-765
-614,1117,-300,-328,-500,-499,-1397,-765
-612,1118,-302,-330,-502,-500,-1399,-768
-610,1118,-305,-332,-503,-501,-1403,-770
-611,1118,-305,-330,-502,-501,-1405,-769
-613,1117,-302,-328,-500,-499,-1408,-768
-613,1113,-299,-324,-497,-497,-1407,-766
-614,1110,-296,-322,-494,-494,-1404,-763
-615,1109,-294,-320,-493,-492,-1401,-761
-614,1109,-295,-320,-492,-492,-1399,-759
-615,1113,-296,-319,-492,-492,-1399,-759
-614,1116,-297,-319,-492,-493,-1400,-761
-612,1117,-299,-320,-494,-495,-1404,-763
-610,1116,-300,-320,-494,-496,-1409,-764
-608,1114,-300,-319,-494,-496,-1411,-763
-609,1111,-297,-316,-491,-493,-1409,-761
-609,1106,-294,-313,-489,-491,-1407,-761
-609,1102,-291,-310,-486,-489,-1406,-760
-608,1099,-290,-308,-485,-487,-1406,-760
-609,1101,-290,-307,-484,-486,-1406,-760
-610,1105,-289,-306,-483,-485,-1406,-758
-609,1110,-291,-306,-483,-484,-1406,-759
-607,1113,-292,-306,-483,-485,-1408,-760
-606,1114,-293,-306,-484,-485,-1410,-761
-603,1110,-292,-304,-483,-485,-1411,-760
-603,1107,-289,-302,-481,-482,-1410,-759
-602,1102,-288,-299,-479,-479,-1408,-757
-603,1098,-285,-295,-476,-477,-1407,-755
-603,1095,-282,-292,-473,-474,-1406,-754
-603,1096,-281,-290,-471,-473,-1405,-753
-602,1100,-281,-289,-471,-473,-1407,-755
-601,1102,-282,-289,-472,-474,-1408,-757
-600,1105,-282,-288,-472,-474,-1410,-760
-597,1105,-282,-288,-473,-475,-1411,-761
-595,1104,-282,-286,-471,-474,-1411,-760
-594,1101,-280,-283,-468,-472,-1411,-757
-594,1097,-278,-281,-467,-470,-1412,-754
-594,1094,-275,-277,-464,-468,-1413,-750
-594,1091,-273,-275,-462,-466,-1414,-748
-592,1091,-272,-273,-461,-465,-1413,-748
-592,1094,-272,-272,-460,-465,-1411,-749
-593,1098,-272,-272,-460,-464,-1410,-751
-591,1101,-272,-271,-460,-464,-1410,-752
-589,1101,-272,-270,-459,-463,-1410,-754
-588,1100,-271,-268,-457,-461,-1408,-755
-588,1096,-270,-266,-454,-458,-1405,-752
-589,1094,-268,-263,-451,-455,-1402,-749
-590,1091,-265,-260,-449,-453,-1401,-747
-589,1088,-263,-257,-447,-451,-1401,-745
-587,1086,-263,-258,-447,-452,-1402,-747
-585,1088,-264,-259,-449,-454,-1405,-750
-584,1092,-265,-260,-449,-454,-1408,-751
-584,1096,-265,-260,-450,-456,-1410,-751
-585,1099,-266,-260,-451,-456,-1412,-751
-585,1099,-266,-259,-451,-456,-1413,-750
-586,1097,-264,-257,-449,-455,-1413,-749
-586,1093,-263,-256,-448,-453,-1411,-747
-585,1089,-262,-255,-447,-452,-1409,-745
-584,1085,-260,-254,-446,-451,-1409,-744
-586,1086,-260,-255,-447,-451,-1411,-744
-587,1089,-261,-256,-449,-454,-1414,-745
-586,1092,-263,-259,-451,-456,-1417,-748
-586,1095,-264,-261,-452,-456,-1419,-749
-587,1099,-266,-262,-453,-456,-1419,-748
-587,1098,-266,-263,-452,-455,-1420,-747
-586,1094,-265,-262,-452,-454,-1422,-749
-585,1089,-263,-262,-452,-454,-1423,-751
-587,1086,-261,-262,-451,-453,-1422,-750
-589,1085,-261,-263,-452,-453,-1420,-750
-589,1086,-263,-265,-453,-453,-1417,-748
-589,1088,-266,-268,-455,-454,-1417,-749
-588,1091,-268,-271,-458,-456,-1419,-752
-588,1094,-271,-275,-460,-458,-1421,-753
-589,1097,-273,-278,-462,-459,-1424,-753
-589,1096,-274,-280,-463,-459,-1426,-752
-589,1092,-274,-281,-463,-459,-1428,-752
-589,1087,-273,-282,-464,-459,-1429,-751
-590,1083,-272,-282,-463,-458,-1428,-750
-592,1082,-273,-283,-464,-458,-1427,-749
-592,1082,-275,-286,-466,-458,-1426,-750
-593,1084,-277,-289,-468,-459,-1427,-752
-594,1088,-281,-293,-470,-461,-1429,-756
-593,1090,-284,-297,-473,-463,-1431,-759
-594,1094,-285,-299,-475,-464,-1433,-759
-597,1094,-285,-301,-476,-465,-1435,-759
-596,1089,-285,-301,-476,-465,-1437,-758
-597,1085,-285,-301,-476,-464,-1438,-756
-598,1081,-284,-302,-476,-465,-1438,-754
-599,1078,-284,-302,-477,-465,-1439,-754
-599,1077,-285,-303,-478,-466,-1441,-757
-600,1079,-287,-305,-479,-467,-1442,-760
-602,1083,-288,-307,-481,-468,-1442,-761
-603,1088,-289,-309,-482,-468,-1443,-762
-605,1092,-290,-310,-482,-467,-1443,-763
-606,1093,-290,-311,-482,-467,-1442,-763
-604,1088,-289,-310,-482,-465,-1438,-762
-605,1083,-288,-309,-481,-464,-1436,-761
-608,1081,-286,-308,-480,-462,-1434,-761
-610,1080,-284,-306,-478,-460,-1431,-760
-611,1081,-284,-306,-478,-459,-1430,-760
-610,1083,-286,-307,-478,-459,-1430,-760
-607,1084,-288,-310,-480,-460,-1433,-761
-605,1085,-291,-312,-482,-462,-1436,-763
-604,1086,-291,-313,-484,-464,-1440,-766
-606,1087,-290,-313,-484,-464,-1441,-767
-608,1086,-288,-312,-483,-463,-1440,-765
-610,1082,-286,-310,-482,-462,-1440,-765
-608,1077,-285,-309,-480,-460,-1440,-765
-607,1072,-284,-307,-479,-458,-1440,-764
-606,1072,-285,-307,-479,-458,-1441,-764
-607,1074,-285,-308,-479,-459,-1443,-763
-607,1076,-286,-309,-480,-461,-1444,-764
-606,1080,-288,-310,-483,-462,-1445,-765
-607,1084,-289,-311,-483,-463,-1446,-765
-607,1084,-290,-311,-483,-464,-1447,-765
-606,1080,-288,-310,-481,-462,-1446,-764
-607,1076,-286,-308,-479,-459,-1443,-761
-606,1071,-284,-306,-477,-457,-1440,-759
-606,1068,-283,-305,-476,-456,-1439,-758
-605,1069,-284,-305,-476,-456,-1440,-758
-606,1072,-284,-306,-477,-456,-1442,-760
-606,1076,-286,-307,-478,-458,-1446,-764
-604,1079,-288,-308,-479,-459,-1449,-765
-603,1080,-289,-309,-480,-459,-1451,-765
-602,1080,-288,-308,-479,-459,-1450,-763
-602,1076,-286,-307,-478,-457,-1449,-763
-605,1074,-284,-304,-475,-455,-1447,-762
-603,1069,-284,-303,-474,-453,-1445,-761
-603,1066,-283,-302,-472,-451,-1442,-760
-603,1065,-283,-302,-472,-451,-1441,-759
-603,1067,-283,-302,-473,-451,-1442,-761
-604,1071,-283,-303,-474,-452,-1444,-763
-603,1075,-284,-304,-475,-453,-1446,-764
-603,1077,-286,-305,-476,-453,-1447,-765
-603,1077,-285,-304,-475,-452,-1447,-764
-603,1074,-284,-302,-473,-451,-1446,-762
-602,1069,-282,-300,-471,-449,-1445,-760
-602,1064,-281,-298,-470,-448,-1446,-759
-604,1062,-279,-297,-469,-447,-1448,-759
-605,1064,-279,-297,-469,-446,-1449,-759
-605,1066,-280,-297,-469,-447,-1449,-760
-605,1069,-282,-299,-470,-447,-1450,-760
-605,1071,-283,-299,-471,-448,-1451,-760
-607,1074,-283,-300,-472,-448,-1451,-760
-605,1072,-282,-299,-471,-447,-1448,-760
-602,1068,-281,-298,-470,-445,-1444,-759
-603,1065,-279,-296,-467,-442,-1441,-756
-605,1064,-277,-294,-465,-439,-1438,-755
-607,1063,-275,-292,-463,-436,-1434,-753
-606,1062,-276,-291,-462,-435,-1434,-753
-603,1061,-277,-293,-463,-437,-1436,-755
-602,1065,-279,-295,-466,-439,-1440,-758
-601,1068,-281,-296,-468,-441,-1443,-760
-601,1070,-282,-298,-469,-444,-1446,-762
-602,1070,-282,-298,-469,-444,-1447,-762
-601,1067,-281,-296,-468,-443,-1447,-761
-602,1063,-280,-295,-466,-441,-1446,-759
-601,1058,-279,-294,-465,-441,-1446,-758
-600,1054,-278,-293,-464,-440,-1447,-758
-598,1052,-278,-293,-464,-440,-1447,-756
-599,1054,-279,-294,-465,-440,-1448,-755
-600,1059,-280,-295,-465,-441,-1450,-754
-600,1063,-280,-296,-466,-441,-1451,-756
-601,1065,-282,-297,-467,-442,-1452,-758
-599,1063,-281,-297,-467,-442,-1452,-758
-599,1060,-280,-295,-466,-441,-1451,-757
-600,1057,-278,-293,-464,-440,-1450,-757
-601,1053,-278,-292,-463,-439,-1449,-757
-600,1049,-277,-291,-462,-437,-1445,-753
-600,1049,-277,-291,-462,-437,-1441,-750
-601,1052,-278,-292,-463,-437,-1442,-751
-601,1056,-279,-293,-464,-437,-1442,-752
-600,1059,-281,-294,-465,-439,-1444,-753
-602,1062,-282,-295,-466,-439,-1445,-753
-603,1062,-282,-294,-466,-439,-1445,-753
-601,1058,-281,-294,-465,-439,-1447,-754
-602,1054,-278,-292,-463,-437,-1446,-754
-603,1051,-277,-290,-461,-436,-1444,-752
-603,1048,-276,-289,-460,-435,-1444,-750
-603,1048,-276,-289,-461,-436,-1445,-751
-604,1050,-277,-290,-463,-437,-1447,-752
-604,1055,-279,-292,-464,-438,-1448,-754
-603,1058,-280,-293,-465,-439,-1450,-755
-604,1060,-281,-294,-466,-440,-1451,-755
-603,1059,-281,-294,-466,-440,-1452,-755
-603,1054,-280,-293,-465,-439,-1453,-754
-604,1051,-279,-291,-464,-438,-1453,-753
-604,1047,-278,-289,-463,-437,-1452,-752
-603,1044,-277,-289,-462,-436,-1452,-751
-603,1044,-277,-289,-462,-436,-1452,-751
-603,1045,-278,-290,-463,-437,-1453,-752
-602,1050,-279,-291,-464,-438,-1455,-753
-603,1054,-281,-292,-466,-439,-1457,-754
-605,1058,-281,-292,-466,-439,-1458,-753
-605,1059,-280,-292,-466,-439,-1458,-752
-604,1056,-279,-291,-464,-437,-1457,-750
-603,1051,-278,-290,-463,-436,-1456,-749
-604,1048,-277,-288,-462,-436,-1457,-749
-604,1045,-276,-288,-462,-436,-1459,-748
-603,1044,-277,-288,-462,-436,-1461,-748
-602,1045,-279,-289,-464,-438,-1465,-750
-601,1047,-281,-291,-466,-440,-1466,-750
-601,1051,-282,-293,-467,-441,-1466,-750
-601,1053,-283,-293,-468,-441,-1466,-750
-601,1052,-283,-293,-468,-439,-1464,-751
-601,1049,-281,-292,-466,-437,-1461,-750
-602,1045,-279,-290,-463,-435,-1458,-749
-601,1041,-277,-287,-461,-431,-1454,-747
-604,1041,-275,-285,-459,-429,-1452,-746
-605,1042,-276,-286,-459,-429,-1451,-748
-605,1045,-277,-287,-460,-430,-1450,-747
-606,1051,-279,-288,-462,-432,-1452,-748
-603,1051,-280,-290,-464,-434,-1455,-749
-602,1053,-281,-290,-464,-434,-1456,-748
-604,1053,-281,-290,-464,-433,-1457,-744
-602,1049,-279,-288,-462,-432,-1456,-743
-602,1044,-277,-287,-461,-430,-1454,-742
-605,1042,-275,-285,-459,-427,-1450,-742
-604,1040,-274,-285,-458,-426,-1447,-743
-602,1039,-275,-285,-457,-424,-1446,-745
-602,1041,-275,-285,-457,-423,-1447,-747
-603,1044,-276,-285,-458,-423,-1449,-751
-603,1048,-277,-286,-459,-425,-1452,-752
-604,1051,-277,-287,-460,-427,-1454,-752
-605,1052,-277,-287,-460,-426,-1452,-750
-605,1050,-275,-286,-459,-425,-1448,-746
-604,1045,-274,-284,-458,-424,-1447,-744
-605,1041,-272,-282,-456,-423,-1445,-743
-605,1038,-271,-281,-455,-422,-1445,-742
-606,1039,-271,-282,-455,-422,-1447,-742
-606,1040,-273,-282,-456,-422,-1449,-743
-601,1039,-274,-283,-457,-424,-1451,-744
-600,1042,-275,-285,-458,-425,-1451,-745
-601,1045,-276,-286,-459,-425,-1451,-747
-603,1045,-275,-285,-459,-424,-1450,-748
-605,1043,-274,-284,-457,-423,-1448,-748
-606,1041,-272,-281,-455,-420,-1445,-746
-606,1038,-270,-278,-452,-417,-1442,-743
-605,1034,-269,-278,-452,-416,-1441,-741
-604,1032,-269,-279,-452,-417,-1441,-741
-605,1035,-269,-279,-453,-418,-1442,-742
-605,1039,-270,-280,-454,-420,-1443,-743
-605,1043,-272,-281,-455,-421,-1446,-744
-604,1045,-273,-282,-457,-422,-1451,-747
-601,1042,-273,-283,-457,-423,-1453,-747
-603,1039,-271,-281,-455,-421,-1452,-743
-604,1037,-269,-279,-453,-419,-1448,-740
-602,1031,-267,-277,-452,-417,-1444,-738
-603,1028,-266,-275,-451,-416,-1441,-737
-601,1028,-266,-275,-450,-415,-1439,-737
-602,1030,-267,-276,-451,-415,-1440,-738
-604,1033,-267,-276,-451,-416,-1440,-737
-602,1033,-266,-276,-450,-415,-1441,-733
-600,1034,-268,-277,-451,-417,-1443,-733
-599,1033,-268,-277,-451,-417,-1446,-731
-598,1030,-267,-277,-450,-417,-1448,-729
-599,1026,-264,-274,-448,-415,-1446,-728
-599,1023,-263,-272,-446,-412,-1442,-726
-599,1020,-262,-270,-445,-410,-1438,-724
-601,1021,-263,-269,-445,-408,-1435,-724
-602,1024,-263,-269,-445,-408,-1432,-725
-601,1027,-264,-270,-446,-408,-1430,-726
-600,1030,-265,-272,-447,-409,-1429,-727
-599,1032,-266,-273,-448,-409,-1429,-727
-599,1032,-266,-273,-447,-408,-1428,-725
-600,1030,-263,-271,-445,-406,-1427,-722
-602,1029,-260,-268,-442,-403,-1425,-718
-605,1027,-258,-266,-440,-401,-1424,-714
-603,1024,-258,-265,-440,-400,-1424,-712
-605,1024,-257,-264,-440,-400,-1426,-712
-605,1027,-257,-264,-440,-400,-1428,-713
-606,1030,-257,-265,-442,-402,-1431,-714
-606,1033,-258,-266,-442,-403,-1430,-714
-605,1035,-259,-267,-443,-404,-1429,-715
-605,1034,-259,-267,-443,-403,-1427,-714
-604,1032,-259,-266,-441,-400,-1422,-709
-605,1029,-258,-265,-440,-398,-1418,-706
-603,1024,-256,-263,-438,-395,-1416,-704
-603,1021,-254,-261,-436,-393,-1416,-703
-603,1021,-252,-260,-435,-393,-1415,-701
-602,1023,-252,-259,-435,-392,-1414,-700
-601,1026,-253,-260,-435,-392,-1415,-700
-600,1030,-254,-260,-436,-392,-1416,-701
-599,1034,-254,-259,-435,-391,-1416,-700
-584,1014,-253,-255,-428,-379,-1405,-681
-582,1017,-254,-255,-428,-379,-1405,-681
-578,1019,-257,-257,-429,-378,-1404,-679
-573,1020,-260,-260,-430,-379,-1405,-678
-570,1022,-263,-262,-432,-380,-1406,-679
-568,1020,-265,-263,-433,-381,-1409,-678
-567,1014,-266,-263,-434,-382,-1410,-677
-566,1008,-266,-263,-434,-382,-1410,-676
-566,1001,-266,-263,-434,-383,-1411,-675
-565,994,-267,-262,-434,-383,-1411,-673
-565,993,-267,-262,-434,-383,-1413,-672
-564,995,-268,-264,-435,-384,-1415,-672
-564,999,-270,-265,-437,-386,-1416,-672
-564,1003,-271,-266,-438,-386,-1415,-670
-567,1007,-271,-266,-438,-387,-1414,-671
-569,1009,-270,-265,-438,-386,-1414,-671
-573,1009,-268,-264,-437,-385,-1413,-671
-577,1007,-266,-262,-436,-384,-1411,-669
-583,1005,-263,-260,-434,-383,-1412,-667
-588,1005,-260,-257,-432,-381,-1412,-665
-591,1005,-260,-257,-433,-382,-1415,-666
-592,1007,-261,-259,-434,-384,-1417,-667
-594,1010,-262,-262,-437,-386,-1419,-669
-593,1012,-264,-266,-440,-389,-1420,-671
-594,1015,-265,-266,-441,-389,-1419,-673
-596,1016,-265,-265,-441,-390,-1420,-673
-597,1013,-265,-265,-441,-390,-1421,-673
-599,1011,-265,-264,-441,-389,-1420,-671
-600,1007,-264,-262,-439,-388,-1420,-669
-601,1004,-263,-261,-438,-387,-1420,-667
-600,1002,-263,-262,-438,-387,-1421,-666
-600,1004,-264,-262,-439,-387,-1422,-665
-598,1006,-266,-264,-440,-388,-1424,-667
-598,1009,-267,-265,-442,-390,-1425,-668
-600,1012,-268,-266,-442,-390,-1425,-669
-602,1013,-268,-265,-442,-389,-1425,-668
-603,1011,-267,-264,-441,-387,-1424,-665
-602,1007,-266,-262,-439,-386,-1423,-662
-603,1003,-264,-261,-438,-384,-1421,-660
-605,1002,-263,-259,-436,-383,-1420,-660
-604,1002,-263,-258,-436,-382,-1419,-659
-604,1003,-264,-259,-437,-383,-1420,-661
-604,1006,-265,-261,-438,-384,-1420,-662
-603,1008,-266,-261,-439,-385,-1422,-663
-602,1009,-268,-262,-440,-386,-1424,-663
-600,1008,-268,-262,-440,-387,-1426,-662
-599,1005,-267,-260,-438,-385,-1425,-660
-600,1001,-266,-259,-437,-384,-1426,-659
-601,997,-265,-257,-436,-383,-1426,-657
-600,994,-264,-256,-435,-382,-1426,-655
-603,995,-262,-254,-433,-380,-1424,-654
-606,1001,-260,-251,-431,-377,-1423,-654
-608,1008,-256,-245,-426,-374,-1422,-654
-614,1017,-248,-233,-417,-367,-1418,-651
-624,1029,-239,-219,-407,-359,-1414,-650
-638,1040,-226,-202,-394,-350,-1411,-648
-645,1042,-217,-188,-383,-340,-1409,-643
-639,1036,-214,-182,-376,-333,-1404,-635
-632,1027,-215,-181,-373,-329,-1400,-630
-621,1010,-218,-181,-374,-330,-1400,-630
-602,989,-220,-178,-374,-330,-1396,-628
-583,972,-220,-173,-372,-329,-1390,-624
-557,954,-227,-174,-372,-328,-1385,-620
-519,928,-239,-177,-373,-326,-1377,-612
-472,900,-251,-177,-369,-317,-1363,-595
-418,869,-265,-179,-363,-306,-1345,-572
-363,835,-282,-186,-361,-300,-1330,-554
-329,808,-295,-199,-370,-307,-1331,-552
-317,789,-306,-218,-390,-329,-1352,-566
-314,782,-321,-248,-416,-354,-1374,-581
-318,787,-345,-291,-447,-378,-1391,-592
-350,814,-368,-344,-484,-405,-1408,-607
-395,848,-384,-391,-522,-435,-1430,-626
-437,879,-393,-426,-553,-461,-1451,-645
-465,896,-403,-456,-582,-486,-1470,-659
-480,902,-414,-478,-603,-503,-1482,-665
-498,906,-412,-479,-609,-509,-1489,-670
-516,908,-404,-473,-610,-513,-1493,-675
-524,903,-402,-465,-607,-512,-1496,-677
-526,901,-400,-455,-600,-508,-1495,-676
-531,904,-396,-444,-593,-504,-1495,-676
-542,914,-390,-429,-582,-496,-1494,-677
-559,928,-381,-411,-567,-486,-1491,-678
-572,939,-370,-393,-554,-477,-1488,-679
-580,943,-362,-379,-545,-471,-1486,-679
-587,947,-351,-365,-534,-462,-1482,-677
-594,949,-340,-349,-521,-451,-1475,-673
-594,947,-331,-333,-506,-438,-1466,-666
-592,943,-320,-314,-490,-422,-1455,-657
-587,940,-310,-297,-474,-408,-1444,-648
-584,940,-301,-284,-464,-399,-1438,-645
-585,945,-294,-275,-457,-393,-1435,-645
-585,952,-287,-268,-451,-389,-1432,-646
-587,959,-282,-262,-448,-386,-1430,-645
-590,965,-279,-259,-446,-385,-1430,-646
-593,969,-276,-255,-443,-382,-1430,-644
-595,970,-272,-251,-439,-379,-1430,-642
-596,971,-269,-247,-434,-376,-1428,-638
-598,973,-266,-243,-431,-373,-1426,-634
-597,971,-263,-241,-428,-370,-1426,-631
-596,971,-262,-239,-426,-368,-1424,-626
-596,973,-262,-239,-426,-368,-1425,-624
-596,977,-263,-240,-427,-370,-1425,-625
-596,981,-264,-241,-427,-370,-1424,-626
-596,984,-264,-240,-427,-371,-1424,-626
-597,985,-264,-239,-427,-370,-1424,-627
-598,985,-262,-236,-424,-367,-1422,-625
-600,982,-260,-233,-421,-364,-1418,-621
-599,978,-259,-232,-420,-362,-1416,-619
-598,974,-258,-230,-419,-360,-1416,-618
-598,974,-257,-229,-418,-359,-1416,-618
-599,976,-257,-229,-418,-359,-1418,-619
-599,980,-258,-230,-419,-360,-1422,-620
-597,983,-259,-231,-421,-361,-1426,-621
-596,985,-260,-231,-421,-362,-1427,-621
-596,985,-260,-230,-421,-361,-1426,-621
-596,983,-259,-229,-419,-359,-1421,-618
-596,979,-257,-226,-417,-355,-1414,-614
-597,975,-255,-223,-414,-352,-1412,-613
-598,972,-253,-221,-412,-349,-1408,-612
-599,973,-252,-220,-411,-347,-1405,-610
-600,976,-252,-219,-411,-346,-1403,-609
-600,979,-253,-220,-412,-347,-1403,-611
-598,980,-255,-222,-413,-348,-1404,-613
-596,982,-256,-222,-414,-348,-1404,-612
-596,982,-256,-222,-414,-348,-1403,-612
-596,980,-254,-220,-412,-346,-1402,-611
-598,978,-252,-218,-410,-343,-1401,-610
-597,973,-251,-216,-408,-341,-1402,-609
-598,970,-250,-215,-407,-340,-1403,-608
-598,971,-249,-214,-406,-339,-1404,-607
-598,973,-250,-214,-406,-340,-1406,-607
-595,974,-252,-215,-408,-342,-1410,-608
-591,974,-254,-217,-410,-344,-1412,-609
-591,977,-256,-219,-411,-345,-1412,-609
-590,978,-256,-218,-411,-346,-1411,-608
-591,975,-255,-217,-410,-345,-1411,-606
-591,971,-253,-215,-409,-345,-1412,-605
-590,966,-252,-214,-409,-345,-1413,-604
-588,962,-252,-213,-408,-345,-1416,-602
-590,963,-251,-212,-407,-344,-1419,-601
-589,965,-251,-212,-407,-345,-1423,-603
-587,967,-253,-213,-408,-347,-1426,-606
-585,969,-254,-215,-409,-347,-1428,-607
-586,973,-255,-215,-410,-348,-1429,-607
-588,976,-254,-214,-408,-346,-1427,-605
-589,974,-253,-211,-406,-344,-1424,-602
-588,969,-252,-209,-405,-342,-1419,-598
-588,964,-250,-207,-402,-339,-1416,-595
-588,961,-248,-205,-400,-337,-1414,-594
-586,960,-248,-204,-399,-335,-1414,-593
-584,961,-249,-204,-400,-334,-1414,-593
-582,962,-250,-205,-400,-335,-1415,-594
-581,965,-251,-206,-401,-335,-1416,-596
-582,969,-252,-206,-401,-336,-1417,-597
-581,967,-252,-205,-402,-337,-1419,-598
-580,964,-251,-204,-401,-335,-1421,-597
-579,961,-249,-202,-398,-333,-1421,-596
-579,957,-246,-199,-396,-331,-1421,-594
-579,953,-244,-196,-394,-329,-1420,-592
-579,951,-244,-194,-393,-327,-1417,-591
-579,953,-244,-194,-393,-326,-1414,-590
-578,957,-245,-194,-393,-326,-1412,-591
-578,961,-245,-194,-393,-325,-1411,-593
-577,963,-245,-193,-392,-324,-1409,-593
-576,963,-245,-192,-391,-322,-1407,-593
-574,959,-244,-190,-390,-320,-1409,-593
-573,954,-242,-186,-387,-318,-1408,-593
-575,952,-239,-183,-385,-315,-1406,-590
-577,952,-237,-180,-382,-313,-1404,-588
-577,951,-236,-179,-381,-311,-1401,-587
-575,951,-236,-178,-380,-311,-1398,-585
-574,955,-236,-177,-380,-311,-1397,-584
-573,957,-237,-177,-381,-310,-1397,-586
-570,957,-238,-177,-380,-310,-1397,-587
-567,956,-238,-176,-380,-309,-1396,-586
-566,954,-236,-173,-377,-306,-1393,-584
-566,950,-234,-170,-374,-305,-1393,-584
-565,945,-232,-167,-372,-303,-1394,-583
-566,943,-229,-165,-370,-301,-1395,-582
-565,942,-228,-162,-369,-300,-1395,-580
-564,943,-229,-162,-369,-300,-1397,-580
-563,945,-230,-162,-370,-302,-1398,-580
-561,947,-231,-162,-370,-303,-1399,-581
-560,950,-231,-162,-370,-304,-1399,-582
-562,952,-230,-161,-370,-303,-1400,-582
-562,951,-229,-158,-367,-300,-1398,-581
-561,946,-227,-155,-365,-298,-1396,-578
-561,943,-225,-153,-363,-296,-1393,-576
-561,939,-223,-151,-362,-295,-1393,-575
-561,938,-223,-151,-362,-295,-1393,-574
-561,940,-223,-151,-363,-295,-1395,-575
-560,944,-225,-152,-364,-297,-1397,-576
-559,948,-226,-153,-365,-298,-1399,-576
-559,951,-226,-154,-366,-299,-1399,-576
-559,950,-226,-154,-366,-298,-1400,-576
-559,948,-225,-152,-364,-296,-1399,-575
-560,945,-223,-150,-362,-294,-1400,-573
-559,942,-221,-149,-361,-292,-1400,-572
-560,939,-220,-149,-360,-291,-1400,-571
-563,941,-219,-148,-361,-291,-1399,-572
-563,943,-220,-150,-362,-292,-1400,-574
-562,946,-222,-153,-364,-294,-1402,-575
-561,949,-224,-155,-367,-296,-1404,-576
-562,952,-226,-158,-369,-298,-1405,-576
-561,952,-227,-159,-369,-298,-1404,-577
-561,949,-226,-159,-369,-297,-1404,-576
-563,946,-225,-159,-369,-297,-1404,-576
-566,943,-224,-158,-369,-296,-1404,-577
-567,941,-223,-159,-368,-295,-1403,-576
-567,941,-223,-160,-369,-294,-1403,-575
-566,942,-225,-163,-370,-295,-1404,-575
-566,945,-228,-167,-373,-297,-1406,-576
-566,948,-230,-170,-375,-299,-1408,-577
-567,950,-232,-174,-378,-301,-1411,-578
-569,951,-233,-176,-379,-301,-1412,-579
-569,949,-232,-177,-379,-301,-1412,-578
-571,945,-232,-177,-379,-300,-1410,-578
-572,942,-232,-178,-379,-299,-1408,-578
-574,939,-231,-179,-379,-299,-1408,-579
-575,939,-232,-181,-381,-300,-1409,-580
-575,942,-234,-184,-383,-301,-1410,-581
-575,944,-237,-188,-386,-304,-1413,-581
-575,947,-239,-191,-389,-307,-1417,-582
-577,951,-240,-193,-390,-308,-1419,-582
-578,952,-241,-195,-391,-308,-1420,-584
-579,949,-240,-196,-392,-308,-1420,-584
-580,945,-239,-195,-390,-306,-1418,-583
-580,941,-239,-194,-389,-305,-1416,-582
-584,940,-239,-194,-389,-304,-1416,-581
-588,942,-238,-195,-389,-304,-1416,-581
-588,944,-239,-196,-390,-304,-1416,-582
-587,946,-241,-198,-392,-306,-1419,-584
-587,949,-243,-201,-394,-308,-1420,-586
-589,952,-244,-202,-396,-309,-1420,-586
-591,953,-244,-202,-396,-309,-1418,-586
-589,950,-244,-203,-396,-309,-1418,-586
-589,946,-243,-202,-395,-308,-1419,-585
-591,943,-241,-200,-393,-307,-1418,-583
-594,942,-239,-198,-392,-305,-1416,-580
-594,941,-238,-198,-392,-304,-1417,-579
-592,941,-239,-199,-392,-305,-1419,-580
-591,944,-241,-200,-394,-307,-1421,-582
-591,947,-243,-202,-396,-310,-1428,-587
-591,950,-244,-204,-398,-312,-1433,-591
-590,949,-244,-205,-399,-312,-1435,-591
-589,946,-244,-204,-398,-311,-1434,-589
-589,942,-242,-203,-397,-310,-1432,-587
-590,938,-241,-201,-395,-308,-1430,-584
-591,937,-239,-199,-393,-306,-1428,-581
-592,937,-239,-199,-393,-306,-1429,-582
-593,939,-239,-199,-393,-306,-1429,-584
-592,941,-241,-200,-394,-307,-1428,-583
-590,943,-242,-200,-395,-307,-1427,-582
-589,945,-243,-202,-396,-309,-1428,-584
-589,945,-243,-202,-397,-309,-1428,-585
-590,943,-242,-201,-395,-307,-1428,-584
-592,941,-240,-199,-393,-305,-1427,-582
-592,938,-239,-197,-391,-303,-1427,-580
-590,934,-238,-196,-389,-301,-1427,-578
-591,933,-238,-195,-389,-301,-1426,-578
-590,933,-239,-197,-391,-303,-1426,-579
-588,936,-241,-198,-392,-304,-1428,-581
-588,939,-242,-199,-394,-305,-1430,-583
-588,942,-243,-200,-394,-306,-1431,-584
-588,942,-242,-200,-394,-305,-1433,-584
-588,939,-241,-199,-393,-304,-1432,-581
-588,935,-239,-197,-391,-302,-1431,-580
-587,930,-238,-195,-389,-300,-1430,-579
-585,926,-237,-194,-388,-299,-1429,-579
-583,923,-237,-194,-388,-299,-1430,-579
-583,924,-238,-194,-388,-299,-1430,-580
-583,927,-239,-195,-390,-300,-1432,-582
-584,932,-240,-197,-391,-301,-1432,-582
-587,938,-241,-197,-392,-301,-1432,-582
-588,940,-241,-197,-392,-301,-1431,-581
-588,937,-240,-196,-390,-299,-1429,-578
-586,932,-239,-194,-389,-297,-1428,-576
-584,926,-238,-192,-387,-295,-1427,-575
-585,923,-236,-191,-386,-293,-1426,-574
-585,922,-236,-191,-386,-292,-1426,-575
-585,924,-237,-191,-386,-292,-1427,-577
-583,927,-238,-192,-387,-292,-1429,-578
-584,931,-239,-193,-388,-293,-1431,-578
-585,935,-240,-193,-389,-294,-1433,-581
-585,936,-240,-193,-389,-294,-1432,-581
-583,930,-240,-193,-388,-293,-1429,-579
-582,925,-239,-191,-387,-291,-1427,-578
-580,920,-237,-190,-385,-289,-1426,-579
-579,916,-236,-188,-384,-287,-1425,-579
-581,917,-235,-188,-383,-285,-1422,-576
-581,919,-236,-188,-384,-285,-1421,-575
-579,920,-238,-189,-385,-287,-1425,-575
-577,922,-239,-191,-387,-288,-1427,-576
-576,924,-241,-193,-388,-289,-1428,-576
-576,924,-241,-193,-389,-290,-1429,-578
-577,922,-240,-193,-388,-289,-1428,-578
-578,920,-238,-191,-386,-287,-1428,-576
-577,916,-237,-189,-385,-286,-1428,-576
-578,913,-236,-188,-383,-285,-1428,-575
-579,912,-235,-188,-383,-284,-1430,-575
-579,913,-235,-188,-384,-286,-1432,-577
-578,917,-237,-190,-385,-287,-1433,-579
-576,919,-239,-191,-387,-288,-1435,-582
-577,922,-240,-192,-388,-290,-1437,-585
-579,925,-240,-193,-388,-291,-1439,-584
-578,923,-239,-192,-388,-290,-1437,-582
-576,918,-238,-191,-387,-289,-1435,-578
-577,915,-236,-190,-386,-287,-1430,-574
-579,912,-235,-188,-384,-286,-1427,-572
-578,909,-235,-187,-383,-285,-1427,-571
-579,911,-236,-188,-384,-285,-1426,-572
-580,915,-237,-190,-386,-287,-1428,-574
-580,918,-238,-191,-386,-288,-1430,-576
-578,920,-239,-192,-387,-289,-1432,-578
-579,920,-239,-192,-388,-289,-1433,-579
-580,919,-238,-191,-387,-288,-1434,-578
-580,915,-237,-189,-386,-287,-1435,-577
-581,912,-236,-188,-384,-285,-1435,-576
-581,908,-234,-187,-383,-284,-1433,-575
-582,907,-234,-187,-383,-284,-1432,-574
-584,911,-234,-187,-383,-284,-1432,-574
-582,912,-235,-188,-385,-286,-1433,-574
-582,917,-237,-190,-386,-287,-1437,-575
-584,922,-238,-191,-387,-288,-1440,-576
-582,921,-238,-191,-387,-289,-1442,-576
-580,918,-238,-191,-387,-289,-1443,-574
-581,914,-237,-190,-386,-288,-1443,-573
-582,911,-236,-189,-385,-286,-1442,-572
-583,907,-235,-188,-384,-285,-1442,-572
-581,905,-235,-188,-385,-285,-1441,-572
-579,905,-236,-189,-385,-286,-1441,-572
-580,910,-238,-191,-387,-288,-1442,-574
-582,914,-239,-192,-388,-289,-1444,-577
-582,917,-239,-192,-389,-289,-1446,-579
-582,917,-239,-192,-389,-289,-1446,-579
-581,914,-239,-192,-389,-288,-1448,-579
-582,911,-237,-190,-388,-287,-1449,-580
-581,905,-236,-189,-386,-286,-1449,-580
-580,902,-235,-188,-385,-285,-1447,-579
-580,901,-235,-187,-385,-284,-1446,-578
-581,903,-236,-187,-385,-284,-1447,-578
-581,907,-237,-189,-386,-285,-1447,-578
-582,911,-237,-190,-386,-285,-1447,-578
-581,913,-239,-191,-388,-287,-1450,-579
-578,911,-240,-192,-389,-289,-1453,-579
-578,909,-239,-191,-389,-288,-1454,-579
-581,907,-238,-190,-388,-288,-1455,-577
-581,903,-236,-188,-387,-287,-1455,-576
-580,899,-235,-188,-386,-287,-1456,-577
-579,898,-235,-188,-386,-286,-1456,-576
-579,899,-235,-188,-386,-287,-1457,-578
-579,901,-237,-189,-387,-288,-1458,-579
-578,905,-238,-190,-388,-288,-1459,-579
-576,906,-240,-191,-389,-288,-1457,-578
-576,907,-240,-191,-389,-287,-1454,-578
-578,906,-238,-190,-387,-285,-1450,-578
-579,903,-236,-189,-386,-283,-1448,-575
-580,900,-235,-187,-384,-281,-1445,-573
-581,897,-234,-185,-382,-280,-1444,-571
-581,896,-234,-186,-382,-280,-1444,-572
-581,898,-235,-187,-384,-280,-1445,-575
-579,900,-236,-188,-385,-282,-1448,-577
-579,903,-237,-189,-387,-283,-1450,-577
-580,908,-237,-190,-387,-283,-1450,-576
-579,908,-238,-190,-387,-283,-1450,-575
-579,905,-237,-189,-386,-282,-1449,-574
-578,901,-236,-188,-384,-280,-1448,-573
-579,897,-235,-186,-383,-279,-1447,-573
-580,894,-234,-185,-382,-278,-1446,-572
-582,894,-233,-185,-382,-277,-1445,-572
-581,897,-234,-185,-382,-277,-1444,-573
-580,899,-235,-187,-383,-279,-1445,-576
-580,902,-236,-188,-384,-280,-1446,-578
-578,904,-236,-189,-385,-280,-1447,-580
-578,906,-236,-189,-385,-280,-1447,-580
-579,905,-235,-188,-384,-279,-1446,-579
-580,902,-233,-186,-382,-277,-1445,-577
-582,899,-231,-184,-381,-276,-1444,-575
-584,897,-230,-183,-379,-275,-1443,-572
-584,896,-230,-181,-378,-274,-1442,-570
-581,895,-232,-182,-381,-276,-1446,-571
-579,896,-234,-185,-383,-279,-1450,-573
-579,899,-236,-186,-385,-282,-1453,-575
-579,902,-237,-187,-385,-284,-1455,-574
-578,902,-236,-188,-385,-283,-1455,-573
-578,900,-235,-187,-385,-282,-1453,-572
-579,898,-233,-184,-383,-280,-1450,-571
-580,894,-231,-182,-380,-277,-1447,-570
-579,888,-231,-181,-379,-276,-1446,-571
-577,884,-231,-181,-380,-277,-1447,-572
-577,885,-232,-182,-381,-278,-1448,-573
-578,890,-233,-183,-382,-279,-1450,-574
-580,896,-234,-183,-382,-280,-1451,-576
-579,898,-235,-184,-383,-282,-1454,-578
-580,899,-236,-184,-384,-282,-1456,-578
-580,897,-235,-183,-382,-281,-1456,-576
-580,892,-233,-181,-380,-280,-1456,-574
-580,890,-231,-180,-379,-279,-1456,-572
-582,889,-228,-177,-377,-277,-1455,-570
-582,888,-227,-176,-376,-276,-1454,-568
-581,889,-227,-176,-376,-277,-1454,-568
-580,891,-229,-178,-378,-279,-1455,-568
-578,893,-231,-180,-380,-281,-1457,-570
-575,894,-233,-181,-382,-283,-1459,-571
-573,893,-234,-181,-382,-284,-1460,-572
-574,892,-233,-180,-381,-283,-1460,-571
-575,890,-230,-178,-379,-281,-1459,-569
-577,887,-228,-176,-377,-279,-1458,-568
-575,883,-226,-173,-375,-277,-1458,-567
-571,881,-225,-172,-373,-275,-1458,-565
-570,883,-224,-171,-372,-274,-1457,-564
-568,887,-226,-172,-372,-275,-1458,-565
-565,891,-229,-174,-374,-275,-1457,-566
-564,893,-231,-176,-376,-277,-1457,-567
-563,891,-232,-176,-377,-278,-1457,-569
-562,889,-232,-175,-375,-276,-1455,-568
-560,886,-231,-175,-374,-274,-1451,-564
-557,883,-230,-174,-372,-271,-1448,-560
-554,881,-229,-173,-370,-269,-1445,-556
-550,879,-231,-173,-370,-268,-1444,-554
-545,877,-234,-175,-372,-270,-1445,-552
-541,877,-237,-178,-374,-273,-1448,-552
-540,878,-240,-181,-378,-277,-1452,-554
-538,876,-243,-183,-380,-278,-1454,-557
-536,873,-245,-184,-381,-279,-1455,-559
-536,870,-246,-184,-381,-279,-1455,-560
-536,865,-245,-182,-379,-277,-1454,-560
-536,860,-243,-181,-377,-275,-1453,-561
-536,856,-242,-180,-376,-274,-1452,-563
-536,855,-242,-180,-376,-274,-1452,-565
-536,856,-242,-181,-377,-274,-1453,-565
-537,859,-243,-182,-378,-274,-1453,-563
-538,863,-243,-183,-379,-275,-1452,-562
-540,866,-244,-185,-381,-277,-1452,-564
-543,869,-244,-185,-381,-278,-1449,-564
-548,870,-242,-183,-380,-277,-1446,-564
-555,871,-238,-179,-377,-273,-1445,-564
-563,872,-234,-176,-374,-271,-1444,-561
-566,869,-233,-175,-374,-272,-1445,-561
-562,863,-235,-178,-378,-275,-1448,-563
-558,859,-238,-182,-381,-278,-1451,-565
-560,863,-240,-184,-383,-281,-1453,-569
-563,868,-241,-185,-386,-283,-1456,-572
-563,870,-242,-187,-387,-284,-1456,-573
-564,872,-242,-187,-387,-285,-1456,-574
-566,871,-241,-186,-386,-283,-1455,-574
-566,867,-239,-184,-385,-281,-1453,-573
-566,862,-238,-183,-383,-279,-1452,-572
-567,859,-237,-181,-382,-278,-1451,-570
-567,857,-237,-181,-381,-278,-1452,-569
-565,857,-238,-182,-383,-280,-1455,-571
-564,859,-240,-184,-385,-282,-1458,-573
-564,863,-240,-185,-386,-283,-1460,-573
-565,866,-241,-186,-387,-284,-1461,-573
-565,868,-241,-186,-387,-284,-1461,-573
-563,864,-241,-186,-386,-283,-1460,-572
-563,860,-239,-184,-385,-282,-1459,-571
-563,855,-237,-182,-383,-280,-1459,-570
-565,853,-236,-181,-382,-279,-1459,-571
-565,851,-236,-181,-382,-279,-1461,-571
-565,852,-237,-181,-382,-280,-1463,-573
-566,857,-237,-182,-383,-280,-1462,-574
-565,860,-239,-183,-384,-281,-1462,-576
-565,863,-240,-183,-385,-282,-1462,-576
-565,863,-241,-183,-385,-282,-1461,-576
-564,861,-240,-182,-384,-282,-1461,-576
-566,858,-238,-180,-383,-280,-1459,-573
-568,856,-235,-176,-379,-276,-1457,-569
-570,856,-230,-171,-375,-273,-1455,-567
-576,862,-223,-162,-368,-266,-1451,-566
-584,872,-213,-148,-356,-257,-1447,-564
-593,886,-202,-133,-345,-248,-1443,-563
-604,901,-191,-119,-334,-241,-1441,-563
-608,908,-185,-110,-327,-235,-1440,-563
-603,906,-185,-107,-322,-229,-1435,-557
-594,896,-187,-107,-320,-225,-1429,-550
-582,878,-188,-105,-319,-224,-1426,-547
-567,856,-186,-98,-316,-221,-1423,-544
-547,832,-186,-91,-311,-218,-1420,-540
-517,807,-192,-89,-309,-215,-1415,-533
-477,778,-201,-88,-307,-211,-1408,-523
-422,744,-215,-87,-302,-203,-1395,-508
-364,714,-233,-92,-298,-194,-1379,-489
-312,688,-252,-107,-301,-191,-1368,-475
-276,664,-270,-130,-316,-203,-1373,-474
-258,639,-292,-162,-345,-231,-1396,-489
-251,621,-319,-206,-380,-263,-1422,-507
-251,611,-353,-264,-423,-297,-1445,-523
-274,620,-379,-319,-465,-328,-1465,-538
-312,639,-392,-357,-499,-357,-1487,-558
-364,672,-395,-385,-530,-386,-1512,-581
-400,698,-403,-414,-560,-412,-1534,-599
-416,710,-410,-436,-581,-431,-1550,-610
-435,721,-410,-440,-589,-441,-1561,-621
-449,726,-408,-433,-588,-443,-1566,-626
-452,725,-404,-420,-579,-437,-1562,-623
-453,723,-400,-406,-569,-430,-1556,-618
-461,725,-392,-390,-557,-421,-1552,-616
-473,732,-382,-372,-542,-409,-1546,-615
-491,745,-365,-347,-522,-393,-1539,-612
-511,760,-347,-322,-503,-378,-1530,-610
-524,770,-335,-306,-491,-369,-1525,-610
-529,778,-325,-290,-479,-360,-1521,-610
-531,786,-315,-273,-465,-348,-1514,-607
-544,797,-248,-183,-393,-290,-1478,-580
-546,802,-244,-181,-391,-289,-1478,-579
-547,808,-243,-179,-389,-287,-1476,-578
-546,816,-242,-178,-387,-285,-1473,-577
-545,822,-241,-177,-385,-283,-1470,-577
-547,827,-239,-175,-383,-280,-1468,-576
-549,828,-237,-172,-380,-277,-1465,-575
-550,826,-234,-169,-377,-274,-1464,-573
-551,823,-231,-166,-374,-273,-1462,-571
-552,820,-229,-163,-372,-271,-1460,-570
-552,819,-228,-162,-372,-269,-1460,-571
-552,820,-228,-162,-371,-269,-1461,-573
-550,822,-229,-162,-372,-270,-1462,-574
-548,823,-231,-163,-374,-271,-1465,-576
-548,826,-232,-163,-374,-272,-1467,-578
-550,829,-231,-163,-374,-271,-1467,-577
-551,830,-230,-161,-372,-268,-1465,-574
-551,827,-229,-159,-369,-266,-1464,-570
-548,820,-228,-158,-369,-265,-1465,-568
-544,813,-227,-157,-368,-265,-1466,-567
-543,809,-227,-156,-367,-265,-1467,-568
-544,811,-226,-155,-367,-265,-1468,-569
-545,815,-227,-156,-368,-266,-1468,-570
-544,818,-228,-157,-369,-267,-1469,-572
-542,820,-230,-158,-370,-267,-1470,-574
-541,820,-230,-158,-371,-267,-1471,-573
-538,816,-230,-158,-371,-267,-1471,-572
-539,814,-229,-157,-369,-265,-1470,-570
-539,810,-227,-154,-367,-263,-1468,-567
-539,806,-225,-153,-366,-262,-1467,-565
-539,803,-225,-152,-366,-262,-1466,-567
-539,804,-226,-153,-366,-262,-1465,-568
-537,806,-227,-153,-367,-262,-1464,-570
-537,810,-228,-155,-367,-263,-1465,-572
-536,813,-229,-155,-368,-264,-1466,-573
-535,812,-230,-155,-368,-263,-1467,-572
-533,808,-229,-153,-367,-262,-1466,-571
-533,804,-227,-152,-365,-260,-1465,-570
-534,801,-225,-150,-363,-258,-1463,-569
-534,798,-224,-148,-362,-257,-1463,-569
-532,795,-225,-148,-362,-257,-1464,-571
-530,795,-226,-149,-363,-258,-1466,-573
-529,799,-228,-150,-364,-260,-1468,-576
-530,803,-228,-151,-365,-262,-1470,-578
-531,806,-229,-152,-367,-263,-1473,-578
-530,806,-230,-152,-367,-264,-1474,-577
-529,804,-229,-151,-366,-263,-1473,-573
-528,800,-228,-149,-364,-262,-1473,-572
-528,795,-226,-147,-363,-261,-1472,-570
-529,793,-224,-146,-361,-259,-1471,-568
-530,792,-223,-144,-360,-259,-1471,-567
-528,792,-224,-145,-361,-260,-1473,-568
-525,792,-226,-146,-363,-261,-1474,-570
-523,795,-227,-147,-363,-262,-1474,-570
-523,798,-228,-147,-364,-263,-1475,-572
-524,800,-227,-147,-364,-263,-1477,-573
-525,799,-226,-145,-363,-262,-1476,-571
-522,793,-225,-144,-361,-261,-1475,-570
-520,786,-224,-141,-359,-259,-1474,-568
-519,783,-222,-139,-357,-257,-1472,-567
-519,782,-221,-138,-356,-255,-1473,-568
-518,782,-221,-137,-356,-255,-1476,-570
-517,785,-222,-137,-356,-256,-1480,-570
-516,787,-224,-138,-357,-257,-1480,-571
-514,789,-224,-138,-357,-257,-1479,-573
-512,788,-224,-137,-357,-257,-1478,-574
-513,786,-223,-135,-357,-255,-1475,-573
-513,783,-221,-133,-355,-253,-1471,-572
-513,780,-219,-130,-351,-250,-1468,-568
-513,778,-217,-127,-349,-248,-1467,-566
-513,777,-216,-125,-347,-247,-1467,-564
-511,776,-216,-125,-348,-248,-1470,-565
-508,776,-217,-126,-349,-250,-1475,-567
-506,778,-218,-125,-349,-251,-1479,-570
-505,780,-218,-126,-350,-251,-1478,-572
-505,780,-218,-124,-349,-249,-1473,-572
-505,779,-216,-121,-346,-246,-1468,-571
-506,777,-213,-117,-342,-242,-1465,-569
-505,773,-211,-114,-339,-239,-1461,-568
-503,769,-209,-111,-337,-237,-1459,-565
-501,767,-208,-110,-335,-235,-1458,-563
-499,767,-208,-109,-335,-236,-1457,-562
-498,769,-209,-108,-335,-237,-1457,-563
-495,770,-210,-108,-336,-238,-1458,-566
-494,773,-210,-107,-336,-237,-1459,-566
-492,772,-210,-106,-335,-237,-1460,-566
-490,770,-209,-104,-334,-236,-1462,-567
-490,768,-206,-101,-331,-234,-1461,-565
-493,766,-204,-97,-328,-232,-1460,-564
-495,764,-201,-94,-326,-230,-1458,-562
-494,763,-200,-91,-324,-228,-1457,-561
-490,762,-200,-91,-323,-227,-1456,-560
-487,762,-201,-91,-324,-227,-1456,-561
-485,764,-203,-92,-324,-228,-1458,-563
-481,765,-204,-93,-326,-230,-1461,-565
-479,765,-205,-93,-327,-231,-1463,-566
-478,763,-204,-92,-325,-230,-1462,-564
-480,761,-202,-90,-324,-229,-1463,-562
-481,758,-200,-88,-322,-228,-1464,-560
-481,755,-198,-86,-321,-226,-1465,-558
-481,754,-197,-85,-320,-226,-1465,-558
-480,754,-197,-85,-320,-226,-1466,-560
-479,755,-199,-86,-322,-227,-1466,-562
-479,758,-200,-87,-323,-228,-1465,-563
-479,762,-202,-88,-325,-229,-1465,-564
-478,763,-203,-90,-325,-230,-1465,-565
-476,760,-202,-89,-325,-228,-1464,-563
-478,758,-201,-88,-324,-227,-1463,-562
-481,756,-199,-87,-323,-227,-1464,-561
-480,751,-199,-88,-324,-227,-1465,-561
-477,748,-200,-90,-325,-229,-1468,-563
-477,748,-201,-92,-327,-230,-1469,-564
-478,752,-203,-95,-329,-231,-1470,-565
-478,755,-205,-98,-332,-234,-1473,-567
-477,758,-207,-102,-334,-236,-1475,-568
-477,759,-210,-105,-336,-239,-1475,-567
-478,758,-210,-107,-338,-239,-1476,-569
-477,753,-210,-109,-339,-240,-1476,-569
-479,749,-210,-110,-339,-239,-1477,-568
-481,747,-210,-110,-339,-239,-1477,-567
-483,746,-210,-112,-340,-239,-1477,-566
-482,747,-212,-115,-342,-241,-1477,-566
-481,748,-215,-120,-345,-243,-1478,-568
-480,751,-218,-124,-349,-247,-1481,-571
-480,753,-221,-129,-353,-250,-1483,-575
-480,754,-223,-132,-356,-252,-1484,-576
-480,752,-224,-134,-357,-252,-1484,-576
-482,750,-224,-135,-357,-251,-1484,-575
-484,747,-223,-135,-356,-250,-1485,-573
-486,744,-223,-136,-356,-251,-1486,-571
-489,744,-223,-138,-358,-252,-1487,-572
-489,744,-225,-141,-360,-253,-1488,-574
-487,746,-228,-144,-363,-255,-1486,-574
-486,748,-230,-148,-365,-257,-1487,-576
-487,751,-233,-151,-367,-259,-1489,-579
-488,753,-234,-153,-369,-260,-1491,-580
-487,750,-234,-154,-370,-260,-1490,-578
-487,746,-234,-154,-370,-260,-1490,-579
-487,741,-234,-154,-369,-260,-1492,-580
-491,739,-232,-153,-369,-259,-1492,-579
-493,739,-231,-153,-369,-259,-1491,-578
-492,739,-232,-155,-370,-260,-1492,-579
-492,742,-234,-157,-371,-261,-1492,-580
-492,746,-236,-159,-373,-262,-1492,-581
-491,749,-238,-161,-374,-262,-1494,-583
-488,748,-239,-162,-375,-263,-1494,-586
-489,747,-238,-161,-374,-262,-1492,-584
-489,743,-238,-161,-374,-261,-1492,-582
-490,738,-236,-159,-373,-260,-1491,-582
-493,737,-234,-158,-371,-259,-1490,-581
-493,735,-233,-157,-371,-258,-1491,-580
-492,735,-234,-158,-372,-259,-1493,-581
-490,736,-236,-160,-375,-261,-1496,-583
-490,740,-238,-162,-376,-263,-1498,-585
-489,742,-239,-164,-378,-265,-1500,-587
-489,742,-241,-165,-379,-267,-1502,-588
-489,739,-240,-165,-379,-266,-1502,-588
-490,737,-239,-163,-378,-265,-1501,-587
-491,735,-238,-162,-376,-263,-1500,-586
-492,732,-236,-160,-375,-262,-1498,-584
-493,731,-235,-160,-375,-261,-1498,-583
-492,731,-235,-160,-375,-262,-1499,-583
-490,733,-237,-162,-376,-263,-1501,-586
-490,736,-238,-163,-377,-264,-1502,-587
-491,740,-239,-164,-379,-265,-1504,-589
-490,741,-239,-165,-380,-266,-1504,-590
-489,739,-239,-165,-379,-265,-1504,-590
-489,735,-238,-163,-377,-263,-1502,-589
-490,731,-236,-161,-375,-261,-1499,-586
-490,729,-234,-160,-373,-259,-1497,-583
-491,727,-234,-159,-373,-259,-1497,-581
-491,728,-234,-159,-373,-258,-1498,-581
-489,729,-236,-161,-374,-260,-1500,-583
-488,731,-237,-162,-376,-262,-1500,-586
-486,733,-239,-163,-377,-264,-1501,-587
-488,735,-239,-163,-378,-264,-1503,-588
-489,735,-238,-162,-377,-263,-1503,-588
-488,732,-237,-161,-375,-262,-1504,-586
-487,727,-235,-159,-374,-261,-1504,-584
-487,723,-234,-158,-372,-260,-1503,-583
-487,721,-234,-157,-372,-260,-1503,-583
-487,722,-234,-158,-372,-260,-1504,-582
-487,724,-235,-159,-373,-261,-1505,-582
-485,728,-237,-160,-373,-262,-1506,-583
-484,730,-238,-161,-375,-263,-1508,-585
-484,731,-238,-161,-375,-264,-1510,-587
-484,730,-237,-160,-374,-263,-1510,-586
-484,726,-236,-159,-373,-262,-1510,-585
-484,722,-235,-157,-372,-261,-1509,-584
-482,718,-234,-156,-371,-260,-1508,-583
-483,717,-233,-155,-370,-258,-1506,-581
-483,718,-233,-154,-369,-258,-1506,-580
-483,722,-234,-155,-370,-258,-1506,-581
-483,725,-236,-156,-371,-258,-1506,-582
-482,728,-236,-157,-371,-257,-1504,-582
-483,731,-236,-157,-370,-257,-1502,-582
-481,728,-236,-156,-370,-256,-1502,-582
-478,722,-235,-155,-369,-255,-1503,-584
-477,717,-234,-154,-368,-254,-1503,-585
-477,713,-233,-152,-366,-253,-1502,-583
-478,712,-233,-151,-366,-252,-1502,-581
-478,713,-233,-152,-366,-252,-1504,-579
-477,715,-234,-154,-368,-254,-1504,-578
-477,719,-236,-155,-369,-256,-1504,-578
-474,721,-237,-156,-371,-257,-1505,-580
-474,721,-237,-157,-371,-257,-1505,-582
-475,720,-236,-155,-369,-254,-1501,-581
-476,716,-234,-153,-367,-251,-1498,-580
-477,713,-233,-152,-365,-250,-1497,-579
-477,711,-232,-151,-364,-249,-1496,-579
-476,708,-231,-150,-363,-248,-1497,-581
-476,709,-231,-151,-364,-249,-1497,-582
-476,713,-232,-152,-365,-250,-1498,-583
-474,715,-234,-154,-367,-251,-1498,-584
-475,717,-236,-155,-368,-253,-1500,-584
-474,718,-237,-156,-368,-253,-1500,-584
-475,718,-235,-155,-368,-252,-1498,-582
-476,715,-234,-153,-366,-251,-1497,-580
-476,712,-233,-151,-364,-249,-1496,-577
-476,708,-231,-150,-363,-248,-1494,-576
-476,705,-230,-150,-363,-247,-1494,-576
-476,706,-231,-150,-363,-248,-1495,-576
-474,708,-233,-152,-365,-250,-1497,-578
-474,711,-234,-154,-367,-251,-1500,-581
-474,714,-235,-155,-368,-253,-1502,-582
-474,716,-236,-156,-369,-254,-1503,-583
-474,716,-235,-155,-368,-254,-1503,-583
-474,712,-235,-155,-367,-253,-1504,-581
-476,708,-233,-153,-366,-251,-1504,-580
-477,706,-232,-152,-364,-250,-1502,-578
-476,704,-231,-151,-364,-250,-1501,-577
-474,704,-232,-151,-365,-250,-1501,-577
-474,706,-233,-153,-366,-252,-1504,-580
-474,709,-235,-155,-368,-254,-1507,-583
-473,712,-236,-156,-369,-255,-1509,-585
-473,713,-237,-157,-370,-256,-1510,-585
-473,711,-236,-156,-369,-256,-1510,-583
-474,709,-235,-155,-368,-255,-1509,-581
-474,706,-233,-153,-367,-253,-1508,-578
-477,705,-232,-152,-365,-252,-1508,-578
-477,703,-231,-152,-365,-252,-1508,-578
-478,705,-232,-152,-365,-251,-1507,-578
-479,709,-233,-154,-366,-252,-1508,-579
-477,710,-235,-156,-368,-254,-1509,-580
-474,711,-237,-158,-371,-256,-1511,-581
-471,709,-239,-159,-372,-257,-1514,-583
-471,707,-238,-158,-372,-258,-1516,-583
-472,704,-237,-157,-371,-256,-1516,-583
-475,703,-235,-155,-369,-254,-1513,-581
-475,699,-233,-154,-368,-253,-1513,-582
-475,697,-233,-153,-367,-252,-1511,-582
-476,698,-233,-153,-367,-252,-1512,-584
-476,700,-235,-155,-369,-254,-1514,-585
-475,703,-236,-157,-370,-255,-1516,-586
-472,703,-238,-159,-372,-257,-1518,-586
-471,704,-239,-159,-373,-258,-1518,-584
-473,705,-238,-158,-372,-257,-1516,-582
-474,702,-236,-157,-371,-254,-1513,-580
-473,698,-234,-155,-369,-252,-1510,-578
-473,695,-233,-153,-367,-250,-1508,-576
-474,693,-232,-152,-366,-248,-1506,-576
-473,692,-233,-152,-367,-248,-1506,-577
-473,695,-234,-153,-368,-249,-1506,-578
-473,700,-236,-155,-369,-250,-1507,-581
-474,705,-238,-156,-370,-251,-1509,-583
-475,708,-238,-157,-371,-252,-1510,-584
-475,706,-237,-157,-370,-252,-1511,-583
-474,702,-236,-155,-369,-251,-1512,-583
-474,696,-235,-154,-368,-250,-1512,-582
-474,692,-233,-153,-367,-249,-1512,-581
-476,692,-233,-153,-366,-249,-1512,-580
-476,694,-233,-153,-366,-249,-1513,-579
-475,697,-235,-155,-368,-251,-1515,-581
-474,700,-237,-156,-370,-253,-1519,-584
-472,701,-238,-158,-372,-255,-1521,-585
-471,702,-239,-158,-372,-255,-1521,-584
-471,700,-238,-158,-372,-254,-1521,-584
-472,697,-237,-157,-371,-253,-1521,-585
-474,694,-235,-155,-369,-251,-1519,-585
-475,692,-233,-153,-367,-249,-1517,-583
-475,689,-232,-152,-366,-248,-1514,-582
-473,690,-232,-153,-366,-248,-1511,-582
-473,693,-234,-154,-368,-249,-1510,-582
-472,695,-236,-156,-369,-251,-1512,-584
-473,699,-236,-156,-370,-252,-1513,-584
-474,703,-236,-156,-370,-252,-1513,-584
-473,700,-236,-157,-370,-252,-1513,-582
-472,696,-236,-156,-369,-251,-1513,-582
-473,692,-234,-154,-368,-250,-1513,-581
-473,688,-233,-153,-367,-249,-1513,-580
-473,687,-232,-152,-366,-249,-1514,-579
-474,689,-232,-152,-367,-250,-1515,-580
-475,692,-233,-153,-368,-251,-1518,-581
-472,693,-235,-155,-370,-253,-1519,-583
-470,694,-237,-157,-372,-254,-1521,-584
-470,696,-238,-158,-373,-255,-1522,-586
-469,693,-238,-157,-372,-255,-1521,-586
-470,690,-236,-156,-371,-253,-1518,-585
-471,687,-234,-154,-368,-251,-1516,-583
-471,683,-233,-152,-367,-249,-1514,-582
-470,681,-232,-151,-366,-247,-1513,-581
-470,682,-232,-151,-366,-247,-1514,-582
-470,686,-233,-152,-366,-248,-1515,-583
-470,690,-233,-153,-368,-249,-1516,-585
-471,695,-233,-153,-369,-250,-1517,-587
-474,700,-233,-153,-368,-250,-1517,-587
-476,700,-231,-151,-367,-249,-1517,-587
-478,698,-228,-149,-364,-246,-1517,-586
-479,696,-226,-146,-362,-244,-1517,-583
-477,691,-225,-145,-362,-244,-1517,-581
-473,686,-226,-146,-362,-244,-1520,-582
-470,684,-227,-146,-363,-245,-1522,-583
-469,686,-228,-148,-364,-246,-1523,-582
-468,689,-229,-149,-365,-248,-1524,-582
-468,692,-230,-150,-367,-250,-1525,-583
-468,695,-230,-151,-367,-249,-1521,-582
-465,693,-229,-149,-366,-247,-1517,-581
-463,688,-227,-146,-362,-243,-1513,-581
-465,687,-223,-142,-359,-239,-1510,-580
-468,688,-220,-139,-355,-236,-1507,-576
-467,687,-221,-139,-355,-235,-1509,-574
-464,685,-222,-141,-356,-236,-1511,-575
-462,686,-224,-142,-357,-237,-1512,-576
-460,688,-225,-144,-359,-238,-1512,-578
-455,688,-229,-146,-361,-240,-1512,-578
-452,689,-231,-148,-361,-240,-1511,-577
-451,691,-230,-147,-360,-237,-1508,-574
-448,687,-230,-146,-358,-235,-1506,-570
-444,681,-231,-145,-357,-234,-1505,-568
-440,674,-231,-145,-356,-234,-1506,-568
-438,669,-232,-146,-357,-234,-1507,-569
-436,666,-234,-148,-359,-236,-1510,-570
-434,666,-238,-150,-361,-238,-1512,-573
-437,670,-239,-152,-363,-240,-1514,-575
-438,674,-241,-153,-365,-242,-1515,-576
-438,675,-242,-154,-366,-243,-1516,-576
-437,672,-242,-154,-366,-243,-1517,-577
-436,667,-241,-153,-365,-242,-1517,-576
-435,662,-240,-152,-364,-241,-1516,-574
-436,658,-238,-151,-363,-240,-1514,-573
-439,658,-237,-151,-363,-239,-1513,-572
-442,662,-236,-151,-363,-239,-1512,-573
-445,667,-236,-152,-364,-240,-1513,-575
-449,673,-236,-152,-365,-241,-1516,-577
-454,680,-235,-152,-365,-242,-1519,-579
-458,683,-235,-152,-365,-243,-1519,-580
-460,679,-235,-152,-365,-243,-1518,-581
-461,674,-235,-152,-366,-243,-1518,-581
-462,669,-234,-152,-366,-242,-1517,-582
-466,668,-233,-152,-365,-242,-1517,-582
-470,668,-231,-151,-364,-241,-1517,-581
-470,668,-231,-151,-365,-242,-1519,-582
-470,671,-233,-153,-367,-244,-1521,-584
-471,675,-234,-155,-369,-245,-1523,-586
-472,679,-235,-156,-370,-247,-1525,-588
-473,683,-236,-157,-370,-247,-1527,-589
-473,680,-236,-157,-371,-247,-1528,-589
-472,677,-235,-156,-370,-247,-1528,-589
-470,671,-234,-155,-369,-246,-1528,-588
-471,667,-233,-153,-367,-245,-1528,-587
-471,665,-232,-153,-367,-245,-1529,-586
-472,666,-232,-153,-367,-246,-1530,-587
-474,670,-233,-153,-368,-246,-1531,-590
-472,673,-234,-155,-369,-247,-1534,-592
-470,674,-236,-156,-371,-249,-1535,-592
-469,675,-237,-157,-372,-249,-1534,-592
-470,676,-236,-156,-371,-248,-1531,-589
-470,672,-235,-155,-370,-247,-1529,-587
-471,668,-234,-154,-368,-246,-1529,-586
-472,665,-232,-152,-366,-243,-1526,-583
-474,664,-230,-150,-364,-241,-1523,-579
-473,664,-231,-150,-365,-241,-1523,-579
-473,667,-232,-151,-366,-242,-1526,-583
-472,670,-233,-153,-367,-244,-1529,-586
-470,671,-235,-154,-369,-246,-1533,-590
-472,674,-235,-154,-369,-247,-1536,-591
-475,677,-232,-151,-367,-245,-1534,-589
-483,683,-225,-143,-360,-239,-1529,-585
-490,688,-215,-130,-349,-230,-1521,-579
-497,693,-203,-113,-336,-219,-1514,-574
-507,701,-190,-97,-322,-208,-1508,-571
-518,711,-179,-83,-312,-199,-1504,-569
-520,716,-176,-76,-305,-192,-1498,-567
-510,715,-179,-77,-303,-188,-1494,-563
-498,707,-182,-78,-303,-188,-1493,-561
-486,695,-183,-75,-303,-188,-1494,-561
-470,674,-183,-69,-300,-187,-1494,-559
-446,649,-185,-63,-296,-183,-1488,-553
-411,618,-191,-59,-291,-177,-1479,-542
-367,581,-198,-54,-285,-169,-1468,-529
-309,542,-212,-53,-276,-156,-1450,-510
-256,514,-230,-66,-276,-149,-1434,-491
-210,490,-250,-86,-284,-151,-1427,-481
-176,463,-275,-118,-310,-175,-1444,-491
-160,441,-305,-162,-349,-213,-1475,-514
-154,428,-342,-221,-397,-253,-1506,-536
-161,423,-376,-283,-445,-292,-1532,-554
-194,438,-393,-326,-481,-322,-1554,-570
-239,459,-399,-357,-513,-352,-1579,-591
-289,487,-400,-383,-542,-379,-1601,-609
-319,503,-404,-408,-567,-400,-1617,-620
-336,511,-410,-425,-584,-415,-1628,-630
-354,520,-411,-422,-586,-420,-1634,-637
-363,529,-408,-410,-579,-416,-1635,-639
-364,533,-405,-396,-570,-410,-1633,-640
-367,538,-400,-383,-560,-403,-1630,-638
-375,546,-392,-365,-545,-391,-1623,-634
-390,555,-377,-342,-526,-376,-1616,-630
-411,568,-357,-314,-504,-359,-1608,-628
-429,577,-338,-289,-485,-343,-1599,-625
-440,583,-323,-269,-469,-330,-1592,-623
-445,589,-311,-249,-452,-317,-1584,-618
-445,596,-299,-229,-437,-304,-1576,-614
-443,603,-287,-211,-422,-291,-1568,-609
-446,613,-275,-194,-409,-280,-1561,-606
-451,621,-264,-179,-397,-271,-1554,-603
-457,627,-252,-165,-386,-262,-1549,-601
-461,628,-244,-156,-379,-256,-1547,-599
-464,628,-238,-150,-373,-252,-1544,-596
-468,632,-233,-146,-369,-248,-1540,-592
-471,635,-229,-142,-364,-243,-1537,-588
-471,640,-227,-139,-361,-241,-1535,-585
-472,646,-227,-139,-361,-241,-1534,-584
-471,651,-228,-140,-361,-241,-1536,-585
-471,656,-228,-140,-361,-241,-1536,-586
-470,657,-228,-139,-360,-240,-1536,-587
-472,657,-226,-137,-358,-239,-1535,-585
-475,656,-223,-134,-356,-236,-1534,-584
-476,653,-221,-132,-354,-234,-1533,-583
-477,650,-219,-130,-352,-232,-1533,-581
-477,648,-219,-128,-351,-231,-1532,-580
-477,650,-218,-127,-351,-231,-1532,-581
-478,653,-218,-128,-352,-232,-1532,-582
-477,655,-219,-129,-352,-233,-1533,-583
-475,657,-221,-130,-354,-234,-1535,-585
-473,658,-222,-131,-355,-235,-1536,-585
-472,656,-223,-131,-354,-234,-1536,-584
-474,656,-221,-128,-352,-232,-1533,-582
-476,654,-218,-126,-350,-229,-1532,-580
-478,652,-216,-123,-347,-228,-1530,-577
-478,650,-214,-121,-346,-226,-1529,-575
-480,651,-213,-121,-345,-225,-1529,-575
-479,654,-214,-121,-345,-226,-1529,-575
-477,657,-216,-123,-347,-227,-1531,-576
-476,658,-217,-124,-349,-229,-1533,-578
-475,660,-218,-125,-349,-230,-1533,-579
-475,659,-217,-124,-348,-229,-1532,-579
-476,656,-216,-122,-347,-227,-1531,-580
-476,654,-215,-120,-345,-226,-1529,-578
-479,652,-212,-118,-343,-223,-1528,-576
-478,648,-211,-117,-342,-222,-1530,-575
-476,648,-211,-116,-342,-223,-1534,-574
-476,651,-213,-118,-344,-226,-1539,-575
-475,654,-215,-120,-346,-229,-1543,-576
-474,657,-217,-122,-347,-231,-1545,-577
-474,659,-218,-122,-348,-232,-1545,-578
-475,658,-217,-120,-347,-231,-1543,-578
-476,655,-215,-118,-345,-227,-1538,-575
-476,651,-213,-115,-342,-224,-1533,-571
-474,646,-211,-113,-340,-222,-1531,-569
-474,643,-210,-112,-339,-221,-1531,-569
-473,642,-211,-112,-339,-221,-1532,-571
-474,646,-211,-112,-339,-220,-1531,-573
-474,651,-212,-113,-340,-221,-1533,-576
-472,652,-214,-114,-341,-222,-1535,-577
-473,654,-214,-115,-341,-223,-1537,-578
-474,654,-213,-113,-341,-223,-1538,-578
-475,652,-211,-111,-339,-222,-1539,-577
-476,650,-208,-108,-336,-219,-1538,-575
-477,647,-206,-106,-334,-218,-1536,-572
-474,643,-206,-105,-333,-218,-1536,-571
-473,641,-206,-105,-334,-218,-1536,-570
-474,645,-206,-105,-335,-220,-1540,-572
-474,650,-207,-106,-336,-221,-1543,-576
-473,652,-209,-107,-337,-222,-1545,-578
-473,655,-209,-106,-337,-222,-1546,-579
-473,654,-208,-105,-335,-220,-1544,-578
-472,651,-206,-102,-333,-217,-1539,-576
-472,647,-204,-99,-330,-214,-1534,-572
-473,643,-202,-97,-328,-211,-1531,-570
-472,640,-201,-95,-326,-209,-1528,-568
-471,638,-200,-94,-325,-209,-1528,-568
-471,642,-200,-93,-325,-208,-1527,-567
-470,645,-201,-93,-325,-209,-1530,-568
-469,649,-202,-94,-326,-211,-1533,-569
-470,652,-203,-93,-326,-211,-1535,-571
-468,650,-201,-92,-325,-210,-1535,-570
-466,645,-200,-89,-323,-208,-1533,-567
-465,640,-198,-86,-321,-206,-1531,-565
-466,638,-196,-83,-319,-205,-1529,-564
-465,635,-195,-81,-317,-203,-1527,-564
-465,635,-194,-79,-316,-202,-1526,-563
-465,639,-194,-79,-315,-202,-1527,-563
-464,643,-195,-79,-316,-203,-1529,-564
-462,644,-196,-79,-317,-204,-1531,-565
-461,645,-196,-78,-316,-204,-1532,-567
-460,644,-194,-76,-314,-202,-1530,-566
-461,641,-192,-72,-311,-199,-1525,-564
-461,639,-189,-68,-307,-195,-1520,-561
-461,636,-186,-63,-303,-191,-1515,-559
-461,633,-184,-61,-301,-187,-1511,-558
-460,633,-183,-59,-299,-185,-1510,-558
-457,635,-184,-59,-299,-186,-1512,-560
-455,637,-185,-59,-300,-188,-1514,-563
-456,642,-185,-59,-300,-187,-1515,-564
-453,632,-177,-45,-289,-178,-1511,-556
-453,633,-176,-44,-288,-178,-1511,-557
-451,635,-177,-44,-290,-179,-1513,-559
-448,636,-178,-46,-292,-182,-1517,-561
-447,638,-180,-47,-293,-184,-1519,-561
-447,641,-180,-47,-293,-184,-1519,-560
-449,642,-178,-45,-291,-181,-1517,-557
-451,641,-176,-42,-289,-178,-1513,-553
-451,636,-174,-40,-287,-176,-1510,-552
-449,630,-173,-39,-286,-175,-1509,-553
-448,628,-172,-38,-285,-174,-1509,-553
-449,629,-172,-39,-285,-175,-1513,-554
-449,632,-173,-41,-287,-177,-1516,-555
-449,636,-175,-43,-290,-180,-1519,-556
-448,639,-177,-45,-292,-181,-1518,-557
-448,639,-178,-47,-293,-182,-1517,-557
-446,637,-178,-48,-294,-181,-1516,-558
-447,635,-177,-48,-293,-180,-1515,-557
-449,633,-175,-47,-291,-179,-1514,-556
-450,630,-174,-47,-291,-178,-1513,-555
-452,628,-175,-48,-291,-178,-1512,-554
-452,629,-176,-51,-293,-179,-1512,-555
-452,631,-179,-55,-297,-183,-1515,-557
-450,634,-183,-60,-301,-186,-1517,-559
-450,637,-185,-64,-304,-189,-1520,-561
-451,639,-187,-68,-307,-191,-1521,-561
-452,639,-188,-70,-308,-192,-1522,-561
-453,637,-188,-72,-309,-192,-1521,-559
-455,634,-188,-73,-309,-191,-1519,-558
-456,630,-188,-74,-309,-190,-1519,-558
-457,628,-188,-76,-310,-191,-1518,-558
-459,628,-190,-80,-312,-192,-1520,-560
-459,631,-193,-84,-315,-194,-1521,-561
-460,635,-196,-88,-318,-197,-1524,-563
-461,639,-198,-92,-322,-200,-1526,-565
-462,641,-201,-95,-324,-202,-1527,-566
-463,640,-201,-98,-326,-202,-1527,-566
-463,636,-202,-99,-326,-203,-1528,-566
-464,631,-202,-100,-326,-203,-1529,-565
-466,629,-201,-100,-327,-202,-1530,-563
-468,628,-201,-101,-327,-203,-1530,-562
-467,626,-202,-104,-329,-204,-1530,-563
-468,629,-205,-107,-331,-206,-1529,-565
-468,632,-206,-110,-334,-207,-1530,-568
-466,633,-209,-112,-336,-209,-1533,-570
-470,638,-210,-114,-337,-209,-1534,-572
-473,639,-209,-114,-337,-209,-1533,-571
-474,636,-209,-114,-336,-209,-1532,-570
-472,632,-208,-114,-336,-208,-1531,-569
-474,630,-207,-113,-335,-207,-1530,-569
-475,628,-206,-113,-335,-207,-1532,-570
-474,627,-207,-114,-336,-207,-1534,-572
-474,630,-209,-116,-337,-209,-1536,-572
-474,632,-210,-118,-339,-211,-1540,-573
-472,634,-213,-120,-342,-214,-1543,-575
-471,636,-214,-121,-344,-215,-1544,-575
-473,636,-213,-121,-343,-215,-1544,-574
-474,633,-212,-120,-342,-215,-1546,-574
-474,628,-211,-119,-341,-214,-1545,-573
-474,623,-210,-118,-340,-213,-1543,-570
-474,621,-209,-117,-340,-212,-1540,-569
-475,622,-209,-118,-340,-212,-1538,-570
-475,625,-210,-119,-341,-212,-1538,-571
-474,627,-212,-121,-342,-213,-1539,-571
-473,630,-213,-122,-344,-215,-1540,-571
-473,632,-214,-123,-345,-216,-1541,-573
-474,632,-214,-123,-345,-215,-1543,-573
-475,630,-213,-121,-344,-214,-1543,-573
-476,625,-211,-120,-342,-212,-1542,-573
-477,622,-209,-118,-340,-210,-1540,-572
-476,619,-208,-117,-340,-210,-1538,-570
-477,620,-208,-117,-340,-210,-1537,-568
-478,623,-209,-118,-341,-211,-1537,-568
-477,626,-210,-120,-342,-213,-1540,-570
-476,628,-212,-122,-344,-216,-1543,-572
-476,630,-213,-122,-344,-216,-1543,-572
-475,630,-212,-121,-343,-214,-1541,-571
-476,627,-211,-120,-342,-213,-1540,-570
-477,624,-209,-118,-341,-212,-1542,-570
-477,620,-207,-117,-339,-211,-1541,-571
-478,619,-206,-116,-338,-210,-1538,-570
-479,619,-206,-115,-338,-209,-1536,-570
-477,620,-207,-116,-340,-210,-1536,-571
-477,625,-209,-117,-339,-211,-1535,-571
-479,630,-209,-118,-340,-211,-1537,-572
-478,632,-211,-119,-342,-213,-1541,-573
-477,629,-210,-118,-342,-213,-1543,-572
-476,626,-209,-117,-340,-212,-1543,-571
-476,621,-208,-116,-339,-211,-1542,-572
-478,618,-207,-114,-337,-209,-1539,-571
-477,615,-206,-113,-336,-208,-1536,-569
-478,616,-205,-112,-335,-207,-1535,-569
-481,622,-205,-113,-335,-206,-1535,-570
-481,626,-206,-113,-336,-207,-1534,-570
-478,628,-207,-114,-336,-207,-1535,-570
-477,630,-208,-115,-337,-208,-1535,-571
-477,629,-209,-115,-337,-207,-1535,-572
-477,626,-207,-113,-335,-206,-1534,-571
-476,621,-205,-111,-334,-205,-1534,-569
-474,615,-205,-110,-333,-204,-1535,-568
-474,612,-204,-109,-332,-204,-1535,-567
-474,613,-204,-109,-332,-203,-1534,-567
-472,614,-206,-110,-333,-205,-1535,-569
-471,617,-207,-111,-334,-205,-1535,-569
-472,622,-208,-112,-335,-206,-1536,-570
-472,624,-209,-113,-335,-206,-1535,-570
-472,624,-209,-112,-335,-205,-1534,-569
-473,622,-207,-111,-333,-204,-1533,-568
-474,619,-205,-108,-331,-202,-1532,-566
-473,615,-204,-107,-329,-200,-1530,-563
-472,612,-204,-106,-329,-200,-1529,-562
-472,611,-204,-107,-330,-200,-1528,-562
-470,613,-205,-108,-330,-201,-1528,-563
-470,616,-207,-110,-332,-203,-1529,-565
-470,619,-208,-111,-333,-204,-1531,-567
-471,622,-209,-112,-334,-204,-1531,-568
-471,622,-208,-110,-333,-203,-1530,-566
-472,621,-206,-109,-331,-201,-1529,-564
-473,617,-204,-107,-329,-199,-1527,-561
-474,613,-203,-106,-327,-197,-1524,-560
-472,609,-203,-105,-326,-196,-1524,-561
-470,608,-203,-106,-327,-197,-1526,-563
-469,610,-205,-108,-329,-199,-1530,-565
-468,613,-207,-110,-331,-201,-1533,-568
-467,616,-209,-111,-333,-203,-1534,-569
-469,619,-209,-111,-333,-204,-1535,-571
-470,619,-208,-111,-333,-203,-1535,-569
-471,618,-207,-109,-331,-202,-1532,-562
-472,615,-205,-107,-329,-199,-1529,-559
-473,611,-204,-106,-328,-197,-1527,-558
-472,607,-203,-105,-327,-196,-1524,-557
-471,608,-203,-105,-326,-195,-1521,-557
-472,612,-204,-105,-327,-195,-1520,-559
-471,615,-205,-107,-328,-196,-1520,-561
-471,617,-207,-109,-330,-197,-1522,-563
-470,619,-208,-110,-331,-199,-1525,-564
-470,618,-209,-111,-332,-200,-1528,-565
-472,616,-207,-110,-330,-199,-1528,-564
-473,613,-206,-108,-329,-198,-1527,-561
-472,608,-205,-107,-328,-196,-1525,-559
-472,606,-204,-106,-327,-196,-1524,-558
-472,606,-204,-107,-327,-196,-1524,-558
-470,607,-206,-108,-329,-199,-1526,-560
-471,610,-207,-110,-331,-200,-1528,-562
-471,614,-209,-111,-333,-202,-1529,-563
-473,617,-209,-112,-334,-203,-1530,-563
-474,618,-209,-112,-333,-203,-1531,-562
-474,616,-208,-111,-332,-202,-1531,-562
-474,612,-207,-110,-331,-201,-1530,-561
-473,607,-206,-108,-330,-200,-1530,-559
-472,604,-206,-108,-330,-200,-1530,-559
-473,606,-206,-108,-330,-200,-1531,-559
-474,608,-206,-110,-331,-202,-1534,-559
-475,612,-208,-111,-332,-204,-1535,-560
-475,615,-209,-112,-334,-204,-1536,-561
-472,616,-210,-113,-335,-205,-1535,-563
-470,613,-211,-113,-335,-205,-1535,-564
-471,611,-210,-113,-334,-204,-1535,-565
-473,609,-208,-111,-332,-201,-1532,-563
-473,607,-207,-109,-330,-199,-1531,-561
-473,605,-206,-108,-330,-199,-1531,-560
-476,606,-205,-108,-330,-199,-1531,-561
-476,608,-207,-109,-331,-200,-1533,-562
-475,610,-209,-111,-333,-202,-1535,-561
-474,612,-210,-113,-335,-204,-1537,-562
-473,614,-211,-114,-336,-205,-1539,-563
-472,613,-211,-114,-336,-205,-1540,-563
-473,610,-210,-113,-335,-204,-1539,-563
-472,606,-209,-112,-334,-202,-1535,-561
-473,602,-208,-110,-332,-200,-1532,-560
-474,600,-207,-109,-331,-199,-1530,-559
-474,600,-207,-109,-331,-198,-1529,-559
-473,603,-208,-110,-332,-200,-1531,-560
-474,606,-209,-111,-332,-201,-1533,-560
-475,610,-210,-112,-333,-202,-1533,-560
-475,613,-211,-113,-334,-203,-1533,-561
-474,613,-211,-113,-335,-203,-1533,-561
-475,609,-210,-112,-334,-202,-1532,-560
-475,604,-209,-111,-332,-201,-1530,-559
-475,601,-208,-110,-332,-199,-1529,-557
-475,599,-207,-109,-330,-198,-1529,-556
-474,597,-207,-109,-331,-199,-1531,-556
-474,599,-208,-111,-332,-201,-1533,-558
-474,603,-210,-112,-334,-202,-1534,-559
-473,606,-211,-114,-335,-204,-1535,-561
-471,606,-213,-115,-337,-205,-1539,-562
-469,604,-213,-115,-337,-206,-1542,-564
-469,601,-212,-114,-336,-205,-1541,-565
-471,599,-210,-112,-334,-203,-1538,-563
-473,597,-208,-110,-332,-201,-1536,-562
-476,597,-206,-108,-330,-199,-1534,-561
-477,598,-206,-108,-330,-198,-1533,-561
-476,599,-207,-109,-331,-199,-1534,-562
-476,603,-209,-111,-333,-201,-1535,-563
-476,607,-210,-112,-334,-202,-1535,-563
-474,608,-211,-113,-335,-204,-1535,-563
-472,606,-211,-113,-335,-204,-1534,-562
-472,603,-211,-113,-335,-203,-1532,-559
-473,600,-209,-111,-333,-201,-1530,-557
-474,596,-208,-109,-332,-199,-1529,-556
-475,594,-207,-108,-330,-198,-1528,-555
-473,592,-207,-108,-330,-198,-1527,-555
-472,593,-208,-109,-331,-198,-1529,-556
-472,596,-210,-111,-332,-200,-1532,-559
-471,598,-211,-112,-334,-201,-1533,-562
-471,602,-211,-113,-335,-202,-1534,-562
-472,602,-211,-112,-334,-201,-1534,-562
-473,600,-210,-111,-334,-201,-1535,-560
-473,596,-209,-110,-333,-200,-1534,-559
-473,594,-207,-108,-331,-198,-1532,-557
-473,591,-206,-107,-330,-197,-1530,-556
-474,590,-206,-107,-329,-197,-1531,-558
-474,594,-207,-108,-330,-198,-1532,-561
-474,598,-208,-109,-331,-200,-1535,-561
-472,599,-210,-110,-333,-202,-1538,-561
-471,602,-210,-111,-334,-203,-1540,-562
-472,603,-209,-110,-334,-203,-1539,-561
-473,600,-208,-109,-333,-202,-1537,-559
-472,596,-206,-107,-331,-200,-1534,-558
-474,594,-203,-105,-329,-198,-1532,-557
-475,592,-201,-103,-327,-196,-1529,-555
-477,593,-200,-101,-325,-194,-1527,-554
-475,594,-201,-102,-326,-194,-1528,-554
-471,596,-203,-104,-328,-196,-1529,-556
-470,598,-205,-106,-330,-198,-1533,-558
-469,599,-206,-107,-331,-200,-1536,-559
-469,599,-206,-107,-330,-200,-1537,-557
-470,597,-204,-105,-328,-198,-1535,-555
-471,596,-201,-102,-325,-195,-1531,-552
-468,592,-199,-99,-323,-193,-1529,-550
-468,590,-197,-97,-321,-191,-1527,-548
-467,590,-197,-97,-321,-191,-1526,-548
-466,593,-198,-99,-322,-192,-1526,-548
-464,595,-200,-101,-323,-192,-1526,-549
-462,596,-202,-102,-325,-194,-1528,-550
-459,596,-204,-104,-326,-195,-1528,-552
-455,593,-206,-105,-327,-195,-1529,-552
-452,589,-207,-105,-326,-194,-1530,-550
-450,588,-206,-104,-324,-192,-1531,-548
-445,583,-206,-103,-323,-191,-1530,-545
-442,579,-207,-103,-321,-190,-1527,-543
-441,577,-208,-104,-322,-189,-1524,-542
-440,578,-211,-106,-324,-191,-1523,-544
-436,576,-215,-109,-328,-194,-1525,-548
-433,575,-219,-112,-330,-197,-1529,-551
-434,577,-221,-115,-332,-199,-1533,-553
-436,577,-220,-113,-332,-199,-1533,-551
-435,573,-219,-112,-331,-198,-1532,-550
-436,569,-218,-111,-329,-196,-1529,-548
-437,567,-216,-109,-328,-194,-1528,-546
-438,565,-215,-109,-327,-194,-1527,-545
-438,564,-215,-110,-328,-195,-1526,-546
-439,566,-216,-111,-329,-196,-1525,-547
-442,574,-216,-112,-330,-196,-1524,-549
-445,579,-217,-113,-331,-197,-1525,-551
-450,585,-216,-112,-331,-197,-1525,-552
-454,587,-214,-111,-330,-196,-1525,-552
-456,584,-213,-109,-329,-196,-1525,-550
-459,580,-211,-108,-329,-196,-1526,-549
-461,575,-211,-109,-330,-197,-1529,-551
-462,571,-212,-110,-331,-199,-1530,-552
-463,572,-212,-112,-333,-200,-1532,-554
-465,576,-213,-113,-334,-202,-1535,-555
-466,580,-214,-114,-336,-204,-1536,-556
-467,585,-215,-116,-337,-206,-1538,-557
-469,587,-216,-117,-338,-207,-1539,-558
-468,586,-217,-117,-339,-208,-1540,-560
-468,582,-216,-116,-339,-208,-1540,-561
-468,578,-214,-114,-337,-206,-1539,-558
-469,574,-213,-113,-335,-204,-1538,-556
-471,573,-212,-112,-334,-203,-1537,-556
-471,573,-212,-112,-334,-203,-1536,-557
-470,573,-212,-112,-335,-204,-1537,-558
-470,576,-214,-114,-337,-206,-1539,-560
-470,580,-216,-116,-338,-208,-1541,-563
-471,583,-217,-117,-340,-208,-1542,-566
-472,584,-215,-116,-339,-208,-1541,-565
-475,584,-214,-114,-336,-206,-1540,-562
-475,580,-212,-113,-335,-204,-1538,-560
-473,575,-211,-111,-334,-203,-1536,-557
-472,571,-211,-111,-333,-203,-1535,-555
-473,572,-211,-110,-332,-202,-1534,-554
-472,573,-212,-111,-334,-203,-1535,-555
-471,575,-214,-112,-335,-204,-1536,-557
-469,577,-215,-114,-337,-207,-1539,-560
-469,578,-217,-116,-339,-209,-1542,-561
-470,580,-216,-115,-339,-209,-1541,-560
-472,579,-215,-113,-337,-208,-1541,-558
-476,580,-210,-109,-334,-205,-1538,-555
-479,583,-205,-102,-327,-199,-1534,-551
-488,590,-196,-90,-317,-190,-1528,-546
-495,597,-185,-75,-305,-180,-1521,-544
-504,609,-175,-61,-294,-170,-1514,-543
-514,623,-165,-48,-284,-163,-1511,-545
-517,629,-161,-41,-277,-157,-1509,-546
-510,629,-162,-40,-274,-152,-1503,-541
-498,619,-164,-39,-271,-148,-1500,-536
-486,602,-163,-35,-269,-147,-1501,-533
-470,579,-163,-29,-266,-146,-1503,-530
-447,555,-164,-20,-260,-141,-1497,-522
-417,527,-168,-15,-255,-134,-1485,-511
-377,498,-175,-9,-248,-127,-1471,-500
-321,463,-189,-9,-242,-117,-1455,-482
-267,438,-209,-24,-242,-110,-1439,-465
-220,417,-230,-45,-249,-109,-1429,-452
-181,387,-257,-78,-274,-130,-1441,-456
-159,355,-290,-126,-316,-170,-1472,-477
-151,330,-329,-187,-366,-214,-1506,-501
-152,315,-365,-249,-415,-254,-1535,-521
-177,323,-383,-293,-453,-286,-1558,-538
-219,341,-391,-327,-489,-320,-1585,-563
-270,373,-394,-357,-522,-351,-1612,-587
-306,400,-398,-383,-550,-375,-1633,-602
-324,411,-408,-406,-571,-394,-1646,-611
-338,420,-411,-407,-575,-399,-1652,-618
-349,429,-407,-393,-566,-395,-1653,-621
-352,429,-402,-377,-555,-388,-1650,-619
-354,428,-395,-360,-542,-378,-1642,-614
-360,431,-385,-340,-525,-364,-1632,-609
-376,443,-368,-314,-504,-345,-1622,-603
-398,459,-347,-285,-481,-327,-1612,-600
-417,473,-327,-258,-461,-312,-1605,-599
-427,484,-313,-236,-443,-298,-1598,-595
-432,496,-299,-215,-426,-284,-1590,-590
-433,506,-286,-193,-409,-271,-1583,-585
-434,515,-273,-174,-394,-259,-1576,-580
-439,521,-259,-156,-379,-247,-1568,-576
-445,523,-244,-138,-365,-236,-1561,-571
-453,527,-232,-124,-354,-226,-1554,-567
-461,531,-223,-114,-346,-219,-1548,-564
-467,536,-217,-108,-340,-213,-1544,-563
-468,540,-215,-106,-336,-210,-1540,-562
-466,544,-213,-104,-334,-207,-1536,-561
-464,550,-213,-104,-333,-206,-1535,-561
-467,558,-213,-104,-332,-205,-1534,-561
-468,563,-212,-103,-331,-204,-1533,-561
-468,564,-211,-101,-329,-202,-1532,-559
-470,564,-208,-99,-327,-200,-1530,-556
-472,562,-206,-96,-325,-199,-1529,-554
-473,559,-204,-94,-323,-197,-1528,-553
-474,556,-203,-92,-322,-195,-1529,-552
-474,556,-202,-91,-321,-195,-1530,-551
-474,559,-202,-91,-321,-195,-1532,-551
-473,562,-204,-92,-322,-196,-1534,-554
-472,564,-205,-94,-324,-197,-1534,-557
-471,566,-206,-94,-324,-197,-1531,-558
-473,567,-204,-92,-322,-194,-1526,-557
-475,567,-202,-90,-319,-190,-1521,-555
-476,565,-200,-87,-317,-188,-1518,-553
-477,562,-198,-86,-315,-186,-1516,-550
-477,560,-197,-84,-313,-185,-1515,-547
-475,558,-197,-84,-313,-185,-1516,-546
-473,558,-198,-85,-314,-186,-1518,-548
-473,562,-199,-86,-316,-188,-1521,-549
-473,566,-200,-87,-317,-190,-1523,-550
-472,567,-201,-88,-318,-190,-1524,-551
-472,566,-201,-88,-318,-190,-1525,-552
-472,563,-199,-86,-316,-189,-1526,-552
-474,561,-197,-84,-314,-187,-1526,-552
-475,558,-195,-82,-313,-186,-1526,-551
-474,555,-194,-80,-311,-185,-1524,-549
-475,555,-194,-80,-311,-185,-1523,-547
-476,558,-195,-81,-312,-186,-1525,-548
-475,562,-196,-81,-313,-186,-1525,-548
-472,563,-198,-83,-314,-188,-1527,-547
-471,565,-200,-84,-316,-190,-1529,-546
-468,562,-201,-84,-316,-191,-1530,-547
-467,558,-200,-83,-315,-191,-1530,-547
-467,555,-199,-80,-314,-189,-1530,-545
-469,553,-197,-78,-311,-187,-1528,-544
-472,552,-195,-75,-310,-185,-1526,-543
-473,552,-194,-75,-310,-185,-1528,-544
-472,554,-195,-75,-310,-186,-1530,-546
-471,557,-197,-76,-311,-187,-1532,-547
-468,559,-198,-77,-312,-188,-1535,-549
-468,561,-199,-77,-312,-189,-1536,-549
-469,562,-198,-76,-311,-188,-1537,-549
-470,561,-197,-75,-310,-187,-1537,-547
-468,557,-195,-73,-308,-186,-1537,-545
-467,553,-193,-71,-306,-185,-1534,-543
-468,549,-192,-69,-305,-183,-1531,-542
-468,548,-191,-68,-304,-182,-1530,-542
-469,551,-191,-68,-304,-183,-1529,-542
-467,553,-192,-69,-305,-184,-1528,-544
-467,557,-193,-69,-305,-183,-1525,-543
-467,560,-193,-68,-304,-181,-1522,-542
-467,560,-192,-67,-303,-180,-1520,-541
-466,557,-191,-65,-302,-179,-1521,-541
-466,554,-190,-63,-300,-177,-1521,-540
-466,553,-188,-61,-298,-176,-1519,-538
-466,548,-186,-59,-297,-175,-1518,-538
-466,546,-185,-57,-295,-174,-1515,-537
-466,549,-185,-56,-295,-172,-1514,-538
-467,553,-185,-55,-294,-171,-1514,-539
-467,557,-185,-55,-294,-171,-1514,-540
-467,560,-185,-55,-294,-171,-1514,-541
-466,559,-185,-53,-293,-170,-1513,-541
-465,556,-184,-51,-291,-168,-1512,-541
-465,552,-181,-48,-288,-166,-1509,-539
-466,550,-179,-45,-285,-163,-1506,-537
-465,547,-177,-42,-283,-161,-1504,-534
-462,544,-177,-41,-283,-160,-1502,-533
-460,544,-177,-41,-282,-160,-1503,-534
-458,547,-178,-41,-283,-161,-1504,-536
-457,550,-179,-41,-283,-162,-1505,-537
-456,553,-179,-41,-283,-162,-1506,-539
-456,554,-177,-38,-282,-160,-1506,-538
-458,554,-175,-36,-280,-159,-1505,-536
-459,551,-173,-32,-277,-156,-1503,-533
-459,547,-171,-29,-274,-154,-1501,-531
-459,544,-169,-26,-272,-152,-1500,-531
-456,542,-169,-25,-271,-152,-1501,-532
-453,543,-169,-24,-271,-152,-1500,-532
-451,546,-170,-24,-271,-152,-1501,-533
-450,549,-171,-24,-271,-153,-1502,-534
-449,552,-171,-22,-271,-153,-1500,-534
-449,552,-169,-20,-269,-151,-1500,-533
-449,550,-168,-17,-267,-149,-1498,-532
-448,546,-165,-14,-264,-146,-1496,-529
-446,540,-163,-12,-262,-144,-1495,-527
-443,537,-162,-10,-260,-143,-1494,-526
-443,536,-161,-8,-258,-142,-1494,-526
-444,539,-161,-7,-258,-141,-1494,-526
-447,545,-161,-6,-258,-141,-1492,-527
-447,551,-161,-6,-258,-141,-1491,-527
-446,555,-162,-6,-257,-140,-1489,-526
-442,552,-162,-6,-258,-141,-1490,-527
-439,547,-161,-4,-257,-141,-1491,-526
-439,543,-159,-2,-255,-139,-1491,-523
-441,541,-157,0,-253,-137,-1490,-520
-441,538,-156,1,-252,-135,-1489,-518
-438,536,-156,1,-252,-135,-1489,-519
-437,537,-157,0,-253,-136,-1489,-520
-435,539,-159,-2,-255,-138,-1490,-524
-436,541,-160,-4,-257,-140,-1491,-528
-437,546,-161,-5,-258,-141,-1491,-531
-438,549,-161,-5,-258,-140,-1490,-531
-440,547,-160,-5,-257,-139,-1489,-529
-440,543,-159,-4,-256,-138,-1487,-526
-440,539,-158,-4,-256,-138,-1485,-521
-441,537,-157,-5,-256,-138,-1484,-519
-440,535,-159,-7,-258,-140,-1486,-519
-438,535,-162,-11,-262,-143,-1490,-521
-437,539,-164,-15,-265,-145,-1491,-523
-440,544,-166,-19,-267,-147,-1491,-525
-440,545,-169,-23,-270,-149,-1492,-529
-440,546,-170,-26,-272,-151,-1493,-530
-441,543,-171,-27,-273,-151,-1492,-530
-442,539,-171,-29,-274,-152,-1494,-530
-443,536,-171,-31,-275,-152,-1495,-529
-444,535,-172,-34,-276,-154,-1495,-526
-446,535,-173,-36,-278,-155,-1493,-524
-446,535,-175,-40,-281,-156,-1495,-525
-446,538,-178,-44,-283,-158,-1497,-526
-449,543,-180,-48,-286,-159,-1498,-529
-451,547,-183,-53,-289,-162,-1499,-533
-450,545,-185,-56,-291,-164,-1500,-535
-449,543,-187,-59,-293,-165,-1498,-535
-451,540,-187,-60,-293,-165,-1497,-533
-453,538,-186,-61,-294,-164,-1495,-533
-454,535,-186,-62,-294,-163,-1493,-531
-456,535,-187,-64,-295,-164,-1491,-530
-455,537,-189,-67,-298,-166,-1492,-530
-454,539,-192,-71,-301,-168,-1495,-532
-454,542,-195,-74,-304,-171,-1497,-533
-456,546,-196,-77,-306,-173,-1499,-534
-457,545,-197,-78,-307,-174,-1501,-535
-458,543,-196,-79,-307,-175,-1502,-534
-459,540,-196,-79,-307,-175,-1504,-534
-461,537,-195,-78,-306,-174,-1504,-534
-461,534,-194,-78,-306,-174,-1503,-534
-461,533,-194,-79,-306,-174,-1502,-534
-462,535,-196,-80,-308,-175,-1502,-536
-463,538,-197,-82,-309,-177,-1503,-538
-463,542,-199,-84,-311,-179,-1504,-540
-463,545,-201,-86,-313,-181,-1506,-542
-464,546,-201,-86,-314,-181,-1505,-542
-466,546,-200,-85,-312,-179,-1503,-540
-468,542,-198,-83,-311,-178,-1503,-538
-466,536,-197,-83,-311,-178,-1503,-535
-464,532,-197,-83,-311,-178,-1502,-534
-462,530,-197,-84,-311,-178,-1503,-535
-463,532,-198,-85,-312,-179,-1505,-536
-464,537,-199,-85,-313,-180,-1508,-537
-463,539,-201,-87,-315,-182,-1511,-540
-462,541,-203,-89,-317,-183,-1512,-543
-461,540,-203,-89,-317,-184,-1510,-543
-462,538,-202,-88,-316,-183,-1508,-542
-462,534,-201,-87,-315,-181,-1508,-539
-463,531,-199,-85,-313,-180,-1507,-537
-465,530,-197,-84,-312,-179,-1506,-536
-466,529,-197,-84,-312,-178,-1505,-535
-463,529,-198,-85,-313,-179,-1505,-536
-461,530,-200,-86,-315,-180,-1505,-537
-461,534,-201,-88,-316,-181,-1505,-539
-461,537,-202,-89,-316,-182,-1506,-541
-463,539,-202,-88,-316,-181,-1505,-539
-463,538,-201,-87,-315,-181,-1505,-536
-461,532,-200,-86,-314,-181,-1506,-534
-464,530,-198,-83,-312,-179,-1505,-532
-467,528,-196,-82,-311,-177,-1503,-531
-467,527,-197,-82,-311,-176,-1501,-530
-466,528,-197,-82,-311,-176,-1500,-531
-464,531,-199,-83,-312,-176,-1498,-532
-463,534,-200,-85,-313,-177,-1499,-535
-462,536,-201,-86,-314,-179,-1501,-539
-463,537,-201,-86,-314,-179,-1504,-540
-464,537,-200,-85,-313,-179,-1504,-539
-465,533,-199,-83,-312,-178,-1504,-536
-464,528,-197,-82,-310,-177,-1503,-534
-466,540,-199,-83,-310,-176,-1497,-535
-464,538,-199,-83,-311,-177,-1498,-535
-464,535,-198,-82,-310,-177,-1498,-534
-463,532,-197,-81,-309,-175,-1497,-533
-462,527,-196,-79,-307,-174,-1496,-532
-461,523,-195,-78,-306,-173,-1495,-531
-462,522,-194,-78,-306,-173,-1495,-531
-465,526,-194,-78,-306,-172,-1495,-531
-466,532,-195,-78,-306,-173,-1495,-532
-465,535,-197,-80,-307,-174,-1496,-532
-463,537,-198,-81,-308,-175,-1496,-532
-464,537,-198,-80,-308,-174,-1495,-531
-463,534,-197,-80,-307,-173,-1494,-529
-462,529,-196,-78,-306,-172,-1493,-528
-462,524,-195,-77,-304,-171,-1493,-527
-462,521,-194,-76,-304,-171,-1493,-527
-462,521,-194,-76,-303,-170,-1492,-526
-462,524,-194,-76,-304,-170,-1492,-526
-463,529,-195,-77,-305,-171,-1492,-528
-460,531,-197,-79,-306,-173,-1493,-530
-458,531,-199,-80,-307,-173,-1494,-533
-459,532,-199,-80,-307,-173,-1494,-533
-460,531,-197,-79,-306,-172,-1493,-531
-460,528,-196,-78,-304,-171,-1494,-530
-460,524,-194,-76,-303,-170,-1493,-528
-462,522,-193,-75,-302,-168,-1491,-525
-462,521,-192,-74,-301,-168,-1492,-524
-462,522,-193,-75,-302,-168,-1491,-524
-460,524,-195,-77,-303,-169,-1490,-524
-457,526,-197,-79,-305,-169,-1489,-526
-456,528,-198,-79,-306,-170,-1487,-527
-457,528,-198,-80,-306,-170,-1487,-529
-457,527,-198,-79,-305,-170,-1488,-530
-458,525,-196,-77,-303,-168,-1486,-527
-459,522,-195,-76,-302,-166,-1484,-524
-458,517,-194,-75,-301,-166,-1484,-522
-459,518,-194,-75,-301,-166,-1484,-521
-460,521,-195,-76,-302,-167,-1484,-521
-459,524,-196,-78,-304,-169,-1486,-522
-458,527,-198,-79,-306,-171,-1487,-523
-458,529,-198,-81,-306,-171,-1486,-524
-458,529,-198,-81,-306,-171,-1485,-524
-458,527,-198,-80,-305,-171,-1485,-525
-459,524,-196,-78,-304,-169,-1486,-525
-460,520,-195,-77,-302,-167,-1485,-524
-459,517,-194,-76,-301,-167,-1483,-523
-458,514,-195,-76,-301,-167,-1481,-522
-458,516,-195,-77,-302,-167,-1480,-522
-459,521,-196,-78,-303,-168,-1481,-523
-459,525,-198,-80,-305,-170,-1485,-525
-461,529,-199,-81,-306,-172,-1489,-527
-461,530,-198,-81,-306,-173,-1491,-526
-460,527,-198,-81,-306,-173,-1490,-524
-461,523,-198,-80,-306,-172,-1487,-522
-462,519,-196,-78,-304,-171,-1485,-521
-460,516,-195,-77,-303,-170,-1483,-521
-460,514,-195,-77,-303,-169,-1482,-521
-462,518,-195,-77,-303,-170,-1482,-522
-461,522,-197,-79,-305,-171,-1482,-522
-459,524,-199,-81,-307,-173,-1484,-523
-459,525,-201,-83,-309,-175,-1487,-525
-459,525,-202,-83,-310,-176,-1489,-526
-461,524,-200,-82,-309,-176,-1490,-524
-462,522,-199,-81,-308,-176,-1490,-522
-461,518,-198,-80,-307,-175,-1490,-521
-462,515,-196,-78,-305,-173,-1489,-519
-462,514,-196,-78,-304,-173,-1489,-518
-459,513,-197,-80,-306,-174,-1489,-519
-459,517,-199,-81,-307,-175,-1490,-521
-460,521,-201,-83,-309,-177,-1491,-524
-459,523,-202,-85,-311,-179,-1492,-526
-460,525,-202,-85,-311,-179,-1492,-527
-461,524,-201,-84,-310,-178,-1491,-526
-461,520,-200,-83,-309,-176,-1489,-524
-461,514,-199,-81,-307,-174,-1487,-521
-461,511,-197,-80,-306,-173,-1485,-519
-462,511,-196,-80,-306,-173,-1485,-519
-464,515,-197,-80,-306,-173,-1485,-519
-465,519,-198,-81,-307,-174,-1486,-520
-463,521,-200,-84,-309,-176,-1488,-523
-462,523,-202,-86,-311,-178,-1489,-525
-461,522,-202,-86,-312,-179,-1491,-526
-461,519,-202,-85,-311,-179,-1491,-527
-461,515,-200,-83,-309,-177,-1488,-523
-461,513,-198,-82,-307,-175,-1485,-520
-463,512,-197,-81,-307,-174,-1483,-518
-464,510,-197,-81,-306,-174,-1483,-517
-464,513,-198,-81,-307,-174,-1483,-517
-462,514,-200,-83,-309,-176,-1485,-518
-461,518,-201,-85,-311,-178,-1487,-521
-461,521,-203,-86,-312,-179,-1488,-523
-462,523,-202,-86,-311,-179,-1487,-523
-461,520,-201,-85,-311,-177,-1486,-522
-459,514,-201,-84,-310,-177,-1485,-521
-460,509,-199,-83,-308,-175,-1483,-519
-463,509,-197,-81,-307,-174,-1482,-518
-466,511,-196,-80,-305,-172,-1480,-517
-466,513,-197,-80,-306,-173,-1481,-517
-464,515,-199,-82,-308,-175,-1484,-519
-462,516,-201,-85,-310,-178,-1487,-520
-459,516,-203,-86,-312,-180,-1489,-521
-459,517,-203,-87,-312,-180,-1489,-520
-462,518,-202,-85,-311,-179,-1487,-518
-463,515,-200,-83,-309,-177,-1485,-517
-463,511,-199,-82,-308,-176,-1486,-517
-461,506,-198,-82,-307,-175,-1486,-519
-460,504,-198,-82,-307,-175,-1485,-521
-461,506,-199,-82,-308,-176,-1484,-520
-461,510,-200,-84,-309,-178,-1484,-520
-460,514,-202,-85,-311,-180,-1486,-521
-460,517,-203,-87,-312,-181,-1487,-520
-461,519,-203,-87,-312,-181,-1486,-518
-462,517,-202,-86,-311,-180,-1485,-517
-465,514,-200,-84,-309,-178,-1484,-515
-464,509,-199,-82,-308,-177,-1484,-514
-463,503,-198,-82,-307,-176,-1484,-515
-462,502,-198,-82,-307,-175,-1484,-516
-463,505,-199,-83,-308,-177,-1485,-518
-463,509,-200,-84,-310,-179,-1487,-521
-462,513,-201,-85,-311,-180,-1487,-522
-463,516,-202,-86,-311,-180,-1485,-522
-463,516,-201,-86,-311,-180,-1483,-520
-464,514,-201,-85,-310,-179,-1481,-518
-464,511,-199,-83,-308,-177,-1480,-516
-465,507,-197,-81,-307,-176,-1479,-515
-464,504,-196,-81,-306,-175,-1477,-514
-465,504,-196,-80,-305,-173,-1475,-513
-464,506,-197,-80,-305,-174,-1474,-513
-462,508,-198,-82,-307,-176,-1475,-514
-463,513,-200,-84,-309,-178,-1477,-516
-464,516,-201,-85,-310,-180,-1479,-517
-462,516,-202,-86,-311,-181,-1481,-517
-463,513,-201,-85,-311,-180,-1482,-515
-463,508,-200,-84,-310,-179,-1482,-514
-463,504,-198,-83,-308,-178,-1480,-514
-464,501,-197,-82,-307,-176,-1478,-514
-464,500,-197,-81,-306,-175,-1477,-513
-464,503,-197,-81,-306,-175,-1477,-514
-464,507,-198,-82,-307,-177,-1479,-517
-464,511,-200,-84,-309,-179,-1482,-519
-464,515,-201,-86,-311,-180,-1482,-519
-465,516,-201,-85,-311,-179,-1481,-520
-463,511,-201,-85,-311,-180,-1481,-519
-462,506,-200,-84,-310,-178,-1479,-517
-463,502,-198,-82,-307,-176,-1477,-514
-464,500,-196,-80,-306,-175,-1474,-513
-464,500,-196,-80,-305,-174,-1472,-514
-465,503,-196,-80,-305,-175,-1472,-515
-465,507,-197,-81,-306,-175,-1472,-516
-465,511,-198,-82,-307,-176,-1472,-516
-466,516,-198,-82,-308,-177,-1473,-516
-467,517,-197,-81,-307,-176,-1472,-515
-469,516,-195,-80,-306,-175,-1471,-514
-470,514,-193,-78,-304,-173,-1469,-513
-469,510,-191,-75,-302,-171,-1469,-513
-468,506,-190,-74,-301,-171,-1469,-512
-466,503,-190,-74,-301,-172,-1470,-511
-464,503,-191,-75,-302,-173,-1472,-511
-464,508,-192,-76,-303,-174,-1472,-511
-463,511,-194,-78,-305,-175,-1473,-513
-461,512,-195,-79,-306,-177,-1474,-516
-462,514,-194,-79,-306,-177,-1474,-516
-461,513,-193,-77,-304,-175,-1473,-514
-460,508,-191,-75,-302,-173,-1474,-512
-460,505,-187,-72,-299,-171,-1473,-508
-459,503,-186,-70,-297,-168,-1469,-504
-456,501,-188,-71,-297,-167,-1465,-503
-455,501,-189,-72,-297,-167,-1462,-505
-454,503,-190,-73,-298,-168,-1461,-508
-452,506,-192,-74,-299,-169,-1460,-507
-450,509,-195,-77,-301,-170,-1459,-505
-447,509,-197,-79,-302,-171,-1460,-504
-442,506,-198,-79,-302,-170,-1459,-503
-440,502,-197,-78,-300,-168,-1459,-500
-439,499,-196,-76,-298,-165,-1457,-495
-437,493,-197,-75,-297,-165,-1456,-494
-434,489,-199,-77,-298,-166,-1457,-497
-431,487,-202,-79,-300,-167,-1457,-498
-429,488,-205,-81,-302,-169,-1459,-501
-429,490,-207,-84,-304,-171,-1460,-505
-429,492,-209,-85,-306,-173,-1460,-506
-429,491,-209,-85,-306,-174,-1460,-505
-429,489,-209,-85,-306,-173,-1460,-504
-430,485,-206,-84,-305,-172,-1460,-502
-433,483,-205,-83,-304,-171,-1461,-500
-436,482,-204,-83,-304,-172,-1463,-500
-438,482,-203,-82,-304,-172,-1464,-501
-439,485,-203,-83,-304,-173,-1462,-501
-442,491,-204,-84,-305,-174,-1462,-503
-446,498,-204,-84,-307,-175,-1463,-506
-450,504,-203,-84,-307,-174,-1462,-507
-454,505,-203,-83,-307,-175,-1463,-509
-455,500,-203,-84,-307,-176,-1465,-511
-455,494,-202,-84,-308,-176,-1465,-511
-457,490,-201,-84,-308,-176,-1466,-512
-461,490,-200,-83,-308,-176,-1465,-512
-464,491,-199,-83,-308,-176,-1464,-512
-466,493,-200,-84,-309,-177,-1465,-513
-467,497,-201,-86,-311,-179,-1467,-515
-467,502,-202,-87,-312,-180,-1468,-516
-467,505,-204,-88,-313,-182,-1469,-516
-468,506,-203,-89,-313,-182,-1469,-515
-469,504,-202,-87,-312,-181,-1468,-513
-468,499,-202,-87,-312,-180,-1468,-512
-468,494,-201,-86,-311,-179,-1469,-511
-467,491,-200,-84,-310,-178,-1468,-511
-468,490,-199,-84,-309,-178,-1467,-511
-469,492,-200,-85,-310,-179,-1468,-512
-467,494,-202,-86,-312,-181,-1470,-513
-466,497,-203,-88,-314,-183,-1472,-515
-466,501,-204,-89,-315,-183,-1472,-516
-467,502,-204,-88,-314,-183,-1470,-516
-467,498,-204,-87,-313,-182,-1469,-515
-468,495,-202,-86,-312,-181,-1469,-514
-469,493,-200,-84,-310,-179,-1468,-511
-468,490,-199,-83,-309,-178,-1466,-510
-468,489,-199,-83,-309,-178,-1464,-511
-468,490,-200,-83,-310,-179,-1464,-512
-466,492,-202,-84,-311,-181,-1467,-515
-466,495,-203,-86,-312,-182,-1469,-517
-466,497,-203,-87,-313,-183,-1471,-519
-467,499,-203,-85,-312,-182,-1471,-520
-472,502,-200,-82,-309,-180,-1469,-517
-480,507,-194,-76,-304,-175,-1465,-513
-487,512,-184,-63,-293,-166,-1459,-507
-495,518,-172,-47,-280,-155,-1450,-500
-505,529,-160,-31,-267,-145,-1443,-495
-516,542,-149,-19,-257,-137,-1439,-493
-518,548,-146,-12,-252,-132,-1436,-492
-509,547,-148,-12,-249,-128,-1431,-489
-499,542,-151,-12,-247,-125,-1427,-486
-489,530,-151,-9,-246,-125,-1427,-486
-473,508,-152,-4,-245,-124,-1426,-485
-448,481,-153,2,-239,-118,-1420,-479
-417,453,-157,8,-233,-112,-1411,-469
-377,422,-162,16,-224,-103,-1400,-456
-321,385,-176,15,-218,-92,-1384,-436
-267,356,-197,0,-219,-86,-1368,-416
-218,333,-218,-23,-227,-87,-1360,-404
-179,300,-247,-58,-255,-111,-1376,-413
-159,272,-282,-108,-299,-153,-1409,-438
-152,254,-322,-171,-351,-197,-1442,-461
-154,244,-356,-230,-399,-237,-1471,-480
-183,254,-372,-271,-435,-268,-1494,-497
-225,271,-379,-304,-470,-300,-1521,-520
-275,300,-380,-331,-500,-329,-1545,-539
-310,322,-383,-356,-526,-351,-1562,-552
-327,330,-393,-378,-546,-368,-1574,-561
-341,339,-395,-376,-547,-371,-1578,-566
-349,348,-391,-362,-538,-366,-1578,-569
-352,351,-386,-347,-528,-360,-1575,-569
-354,355,-381,-331,-515,-351,-1570,-568
-364,364,-369,-310,-498,-337,-1561,-564
-380,375,-352,-284,-478,-320,-1552,-560
-400,387,-332,-256,-456,-304,-1543,-557
-418,398,-312,-229,-434,-287,-1532,-552
-427,404,-296,-205,-416,-272,-1523,-547
-432,412,-282,-183,-398,-258,-1515,-542
-434,423,-268,-162,-381,-244,-1507,-537
-438,434,-255,-143,-365,-231,-1498,-532
-446,446,-241,-125,-352,-220,-1489,-528
-452,455,-228,-108,-338,-209,-1483,-525
-457,458,-218,-96,-328,-201,-1479,-522
-463,460,-210,-88,-321,-196,-1475,-521
-467,463,-204,-82,-315,-190,-1471,-518
-470,465,-200,-78,-311,-186,-1469,-516
-470,468,-197,-75,-308,-183,-1467,-515
-470,473,-196,-74,-306,-181,-1466,-514
-469,478,-197,-74,-305,-181,-1465,-515
-470,484,-196,-74,-305,-181,-1462,-513
-472,490,-196,-73,-304,-180,-1458,-511
-472,491,-195,-73,-304,-179,-1457,-511
-474,490,-194,-71,-302,-178,-1457,-510
-476,488,-191,-68,-300,-176,-1456,-508
-478,486,-189,-65,-298,-173,-1454,-506
-479,485,-187,-63,-296,-171,-1452,-504
-478,482,-186,-61,-295,-170,-1450,-503
-477,482,-187,-62,-296,-170,-1450,-504
-477,485,-189,-63,-297,-171,-1450,-505
-475,489,-190,-65,-298,-173,-1452,-507
-476,493,-191,-65,-298,-174,-1453,-507
-479,496,-190,-64,-298,-173,-1453,-507
-480,495,-189,-63,-297,-172,-1452,-507
-482,493,-187,-61,-295,-170,-1451,-504
-480,488,-185,-59,-293,-169,-1450,-502
-477,483,-184,-58,-292,-168,-1448,-500
-477,482,-184,-57,-291,-167,-1446,-499
-479,485,-184,-58,-292,-167,-1445,-500
-478,489,-185,-59,-293,-168,-1445,-501
-475,490,-186,-60,-294,-169,-1447,-503
-474,490,-187,-61,-294,-171,-1450,-505
-475,490,-188,-62,-295,-171,-1452,-506
-475,490,-187,-61,-294,-171,-1453,-507
-477,487,-186,-59,-293,-170,-1452,-506
-478,485,-184,-57,-291,-169,-1451,-503
-478,481,-182,-55,-289,-167,-1448,-501
-479,481,-181,-53,-288,-165,-1447,-501
-480,483,-181,-54,-288,-166,-1448,-502
-481,487,-182,-55,-289,-167,-1449,-504
-479,491,-184,-56,-290,-168,-1451,-505
-478,494,-185,-57,-291,-169,-1452,-504
-477,493,-185,-57,-291,-169,-1453,-504
-477,491,-185,-56,-290,-168,-1453,-503
-477,488,-183,-53,-289,-167,-1451,-501
-476,483,-181,-52,-287,-166,-1450,-499
-475,479,-181,-51,-286,-165,-1448,-497
-476,478,-180,-50,-286,-165,-1447,-496
-476,480,-180,-51,-286,-164,-1448,-497
-476,483,-181,-51,-287,-165,-1448,-497
-474,486,-183,-52,-288,-166,-1449,-499
-474,488,-183,-52,-288,-167,-1451,-501
-475,489,-183,-51,-288,-168,-1452,-501
-475,487,-182,-50,-287,-168,-1453,-502
-476,485,-180,-48,-285,-166,-1452,-501
-477,483,-178,-45,-282,-163,-1449,-498
-478,481,-175,-42,-280,-160,-1446,-494
-477,478,-175,-42,-279,-159,-1446,-494
-476,479,-176,-42,-280,-160,-1447,-496
-475,482,-177,-42,-280,-160,-1447,-496
-475,485,-178,-42,-281,-162,-1448,-497
-473,487,-178,-43,-282,-163,-1450,-498
-471,487,-178,-43,-282,-163,-1451,-499
-473,487,-177,-41,-280,-162,-1451,-497
-472,482,-176,-39,-279,-161,-1450,-496
-471,478,-174,-37,-277,-159,-1449,-494
-473,476,-172,-34,-275,-157,-1447,-494
-474,476,-170,-32,-273,-156,-1446,-494
-474,477,-170,-32,-273,-156,-1446,-494
-474,480,-171,-31,-273,-155,-1444,-495
-474,484,-171,-31,-273,-155,-1442,-496
-472,486,-171,-31,-273,-155,-1440,-496
-472,488,-171,-29,-272,-153,-1438,-496
-472,486,-170,-28,-270,-151,-1435,-495
-471,482,-167,-24,-268,-149,-1434,-493
-471,479,-165,-21,-265,-147,-1434,-490
-470,474,-163,-19,-263,-147,-1433,-490
-469,473,-162,-18,-262,-146,-1431,-490
-469,475,-162,-16,-261,-145,-1429,-491
-468,477,-162,-16,-261,-146,-1429,-492
-467,480,-163,-16,-261,-145,-1428,-493
-466,484,-162,-15,-260,-144,-1426,-493
-465,484,-162,-14,-259,-143,-1425,-491
-465,483,-160,-11,-257,-142,-1424,-490
-466,480,-158,-8,-255,-140,-1424,-487
-465,476,-156,-6,-253,-138,-1425,-485
-464,473,-154,-3,-250,-137,-1424,-484
-463,471,-152,-1,-249,-136,-1423,-484
-460,471,-152,0,-248,-136,-1423,-485
-459,475,-153,0,-248,-136,-1422,-486
-460,479,-153,1,-248,-135,-1421,-487
-460,483,-153,2,-247,-134,-1420,-486
-460,485,-152,4,-245,-133,-1418,-484
-460,483,-150,6,-243,-130,-1416,-483
-460,480,-148,10,-240,-128,-1415,-482
-458,475,-146,13,-238,-126,-1413,-481
-456,471,-144,15,-236,-124,-1413,-479
-456,470,-143,17,-234,-123,-1412,-478
-456,473,-143,17,-234,-124,-1413,-477
-455,475,-144,17,-235,-126,-1415,-479
-453,477,-145,16,-237,-128,-1417,-482
-452,481,-146,16,-238,-128,-1418,-484
-452,481,-145,16,-237,-128,-1418,-484
-450,479,-145,18,-236,-127,-1417,-483
-450,476,-143,19,-235,-126,-1416,-482
-453,474,-141,22,-232,-124,-1413,-479
-453,471,-139,23,-231,-122,-1411,-476
-453,471,-138,24,-230,-121,-1409,-474
-453,473,-139,23,-231,-121,-1408,-474
-451,474,-142,21,-234,-123,-1410,-476
-449,476,-143,19,-236,-126,-1413,-478
-449,479,-144,17,-237,-127,-1414,-480
-449,479,-145,16,-238,-128,-1416,-481
-451,479,-145,16,-238,-128,-1415,-481
-453,478,-143,17,-237,-126,-1414,-480
-454,475,-142,16,-237,-126,-1415,-479
-454,471,-142,15,-237,-126,-1415,-478
-454,469,-143,14,-239,-127,-1415,-477
-454,471,-144,10,-241,-128,-1415,-479
-455,475,-146,8,-243,-130,-1415,-479
-455,478,-149,3,-246,-133,-1416,-480
-454,479,-152,-1,-250,-135,-1419,-483
-455,480,-154,-4,-252,-137,-1420,-486
-456,479,-155,-7,-253,-137,-1419,-486
-456,475,-156,-9,-254,-137,-1417,-487
-457,471,-156,-10,-254,-136,-1416,-485
-460,470,-156,-12,-255,-137,-1416,-485
-462,470,-157,-15,-257,-138,-1415,-484
-462,471,-159,-18,-259,-140,-1414,-483
-462,474,-162,-23,-264,-143,-1416,-484
-463,478,-165,-27,-267,-145,-1419,-485
-465,482,-168,-31,-269,-148,-1422,-485
-465,482,-170,-35,-272,-151,-1423,-485
-465,481,-171,-38,-274,-153,-1424,-486
-465,476,-172,-39,-275,-154,-1423,-486
-466,471,-172,-40,-275,-153,-1422,-485
-468,470,-171,-40,-275,-152,-1420,-485
-470,469,-171,-42,-275,-152,-1420,-485
-470,470,-173,-44,-277,-153,-1420,-486
-470,472,-175,-47,-280,-156,-1422,-489
-471,475,-177,-51,-282,-158,-1425,-493
-474,480,-179,-53,-284,-160,-1426,-496
-475,482,-180,-55,-286,-161,-1428,-498
-476,482,-180,-56,-286,-161,-1427,-496
-478,481,-179,-56,-285,-160,-1427,-493
-477,477,-179,-55,-285,-160,-1429,-492
-478,473,-178,-55,-285,-160,-1431,-492
-479,471,-178,-55,-285,-160,-1432,-491
-479,472,-178,-57,-286,-161,-1432,-492
-477,473,-181,-59,-289,-163,-1431,-495
-477,477,-182,-61,-290,-164,-1430,-496
-477,480,-184,-63,-291,-166,-1431,-497
-477,480,-185,-65,-293,-167,-1430,-497
-476,478,-185,-65,-293,-167,-1429,-496
-478,475,-183,-63,-292,-165,-1427,-494
-479,473,-182,-62,-290,-163,-1424,-491
-480,470,-180,-60,-288,-162,-1422,-489
-483,470,-179,-59,-287,-160,-1420,-489
-482,471,-180,-59,-287,-161,-1421,-490
-481,474,-181,-62,-290,-162,-1423,-492
-482,478,-183,-64,-292,-165,-1426,-495
-481,480,-184,-65,-294,-167,-1429,-496
-482,481,-185,-66,-294,-168,-1432,-496
-482,479,-184,-65,-294,-167,-1433,-494
-481,475,-182,-64,-292,-167,-1432,-493
-482,471,-181,-62,-292,-166,-1430,-492
-484,468,-180,-61,-290,-164,-1428,-492
-483,466,-179,-61,-290,-164,-1427,-492
-482,465,-181,-62,-292,-164,-1429,-493
-481,468,-182,-63,-292,-165,-1429,-495
-481,472,-183,-64,-293,-166,-1430,-497
-480,475,-183,-65,-294,-167,-1430,-498
-477,475,-184,-65,-294,-167,-1431,-497
-477,473,-184,-65,-293,-166,-1431,-497
-481,473,-182,-62,-291,-165,-1429,-495
-484,471,-180,-61,-290,-163,-1428,-496
-485,469,-178,-59,-288,-162,-1428,-495
-484,468,-178,-59,-288,-162,-1427,-494
-484,469,-178,-59,-288,-162,-1426,-495
-484,472,-180,-61,-290,-164,-1426,-497
-484,477,-181,-62,-291,-164,-1426,-497
-485,482,-182,-62,-291,-165,-1425,-497
-486,483,-182,-62,-291,-165,-1425,-496
-484,480,-182,-61,-291,-164,-1425,-495
-483,475,-181,-61,-290,-164,-1425,-493
-484,471,-180,-59,-289,-163,-1426,-492
-483,467,-178,-58,-288,-162,-1426,-491
-482,465,-178,-58,-288,-162,-1427,-492
-483,467,-178,-58,-288,-163,-1426,-493
-482,471,-179,-59,-288,-164,-1426,-494
-483,475,-179,-59,-289,-164,-1426,-494
-482,477,-181,-60,-290,-165,-1427,-495
-482,480,-182,-60,-290,-165,-1428,-494
-483,480,-180,-59,-288,-164,-1426,-493
-483,477,-179,-58,-287,-162,-1424,-491
-483,471,-178,-56,-285,-161,-1421,-488
-484,468,-177,-55,-283,-159,-1418,-487
-484,467,-176,-54,-283,-158,-1417,-486
-483,468,-176,-55,-283,-158,-1417,-487
-482,471,-177,-56,-284,-159,-1419,-488
-482,474,-179,-57,-285,-160,-1421,-489
-480,476,-181,-59,-286,-162,-1421,-491
-480,477,-181,-59,-287,-162,-1420,-493
-480,476,-181,-58,-286,-160,-1417,-493
-480,473,-179,-56,-284,-158,-1414,-491
-481,469,-177,-55,-282,-157,-1413,-491
-481,466,-176,-53,-280,-155,-1413,-490
-482,465,-175,-52,-279,-154,-1411,-488
-482,467,-175,-52,-280,-155,-1411,-487
-482,470,-177,-54,-281,-156,-1411,-489
-481,473,-178,-55,-282,-157,-1411,-488
-481,476,-179,-56,-283,-158,-1411,-488
-483,479,-180,-56,-283,-158,-1412,-489
-484,479,-178,-54,-282,-156,-1411,-487
-484,475,-177,-54,-281,-155,-1409,-486
-482,470,-176,-53,-280,-154,-1407,-485
-481,466,-175,-52,-279,-153,-1406,-484
-480,463,-175,-52,-279,-153,-1407,-486
-480,463,-176,-53,-280,-155,-1410,-488
-481,467,-177,-54,-282,-157,-1411,-490
-480,472,-179,-56,-282,-157,-1411,-490
-478,473,-180,-58,-284,-159,-1411,-490
-478,476,-181,-58,-284,-158,-1408,-487
-479,475,-179,-56,-283,-156,-1406,-486
-480,471,-177,-55,-282,-155,-1405,-486
-481,468,-176,-53,-280,-153,-1404,-486
-482,466,-174,-51,-278,-152,-1402,-483
-483,465,-174,-51,-277,-151,-1401,-482
-483,466,-174,-51,-277,-151,-1401,-481
-482,469,-176,-54,-279,-152,-1402,-482
-480,472,-178,-56,-282,-155,-1404,-483
-479,474,-180,-58,-283,-157,-1406,-485
-476,473,-181,-59,-284,-158,-1409,-485
-478,471,-181,-59,-284,-158,-1410,-484
-480,470,-179,-57,-283,-156,-1409,-483
-482,467,-177,-55,-281,-155,-1407,-482
-482,464,-176,-54,-280,-154,-1405,-481
-482,462,-175,-53,-279,-153,-1404,-480
-481,463,-176,-54,-280,-154,-1404,-482
-479,465,-178,-56,-281,-155,-1404,-483
-478,468,-180,-58,-283,-157,-1405,-485
-479,472,-181,-59,-284,-158,-1406,-487
-481,475,-182,-60,-285,-159,-1407,-487
-480,474,-181,-60,-285,-159,-1407,-486
-480,470,-180,-58,-284,-158,-1407,-484
-481,466,-179,-57,-283,-157,-1407,-484
-479,470,-184,-62,-288,-164,-1412,-486
-479,471,-184,-63,-288,-165,-1413,-487
-482,472,-183,-62,-288,-164,-1412,-487
-484,471,-182,-60,-286,-163,-1412,-486
-485,468,-180,-58,-284,-160,-1409,-483
-486,465,-178,-56,-282,-157,-1406,-480
-486,463,-178,-55,-281,-156,-1404,-478
-485,464,-179,-56,-281,-157,-1403,-480
-484,467,-180,-58,-283,-159,-1404,-482
-483,468,-182,-60,-286,-161,-1407,-486
-482,470,-184,-62,-288,-164,-1409,-489
-482,471,-185,-63,-289,-165,-1410,-489
-484,471,-184,-62,-288,-164,-1409,-487
-486,470,-182,-59,-286,-161,-1406,-484
-488,468,-180,-57,-284,-159,-1404,-482
-489,466,-179,-56,-283,-158,-1404,-480
-487,464,-179,-56,-283,-158,-1405,-480
-486,464,-180,-57,-284,-159,-1408,-482
-484,466,-182,-59,-286,-162,-1413,-484
-484,469,-184,-61,-288,-165,-1415,-486
-483,472,-185,-63,-289,-166,-1414,-486
-483,472,-186,-63,-291,-166,-1413,-485
-483,471,-185,-63,-290,-165,-1411,-485
-483,467,-183,-61,-288,-163,-1408,-484
-484,464,-182,-60,-286,-160,-1405,-482
-484,461,-181,-58,-284,-158,-1402,-479
-485,460,-180,-57,-283,-157,-1400,-478
-485,462,-180,-58,-284,-158,-1399,-480
-484,464,-181,-59,-285,-159,-1399,-482
-484,467,-183,-61,-287,-160,-1399,-484
-485,471,-184,-62,-288,-161,-1401,-484
-486,473,-185,-62,-288,-162,-1401,-483
-487,473,-184,-62,-287,-162,-1401,-481
-487,469,-183,-60,-286,-161,-1401,-479
-488,466,-181,-59,-285,-160,-1399,-478
-488,462,-180,-57,-284,-159,-1398,-478
-488,460,-179,-57,-284,-159,-1398,-478
-488,460,-180,-58,-285,-160,-1400,-479
-487,464,-181,-59,-286,-161,-1403,-482
-488,467,-183,-61,-287,-162,-1405,-484
-486,469,-184,-62,-288,-163,-1405,-485
-485,470,-184,-63,-288,-163,-1404,-486
-485,469,-184,-62,-288,-162,-1402,-485
-487,466,-182,-60,-286,-161,-1399,-482
-487,463,-181,-59,-284,-159,-1396,-480
-489,461,-179,-57,-283,-158,-1394,-478
-488,459,-179,-57,-283,-157,-1394,-478
-488,460,-180,-58,-283,-158,-1395,-478
-488,463,-181,-59,-285,-160,-1397,-480
-487,467,-182,-60,-286,-162,-1400,-482
-486,470,-184,-62,-288,-164,-1402,-484
-486,471,-185,-63,-288,-165,-1402,-483
-486,469,-184,-62,-288,-165,-1401,-482
-486,465,-183,-61,-287,-163,-1400,-481
-486,461,-182,-60,-286,-161,-1398,-479
-488,458,-181,-59,-284,-160,-1397,-478
-490,458,-179,-57,-283,-158,-1396,-477
-491,461,-179,-58,-283,-159,-1395,-477
-490,464,-181,-59,-285,-161,-1396,-477
-489,467,-183,-61,-287,-163,-1398,-478
-488,470,-185,-63,-289,-165,-1400,-479
-486,469,-186,-64,-290,-166,-1403,-481
-486,468,-185,-63,-289,-165,-1404,-481
-485,465,-184,-62,-288,-164,-1403,-480
-489,463,-182,-60,-286,-162,-1402,-478
-490,460,-180,-58,-284,-160,-1398,-476
-490,458,-179,-58,-283,-158,-1395,-476
-490,458,-180,-59,-283,-159,-1395,-478
-489,461,-181,-60,-285,-160,-1395,-480
-488,463,-183,-62,-286,-162,-1397,-481
-486,466,-184,-64,-288,-163,-1399,-482
-486,467,-185,-64,-289,-165,-1400,-482
-487,466,-185,-64,-288,-164,-1400,-482
-489,465,-183,-62,-287,-163,-1399,-481
-491,463,-181,-60,-285,-162,-1397,-479
-491,460,-180,-58,-283,-160,-1394,-477
-490,457,-179,-57,-283,-159,-1393,-475
-490,457,-180,-58,-283,-160,-1393,-475
-489,460,-182,-60,-285,-162,-1397,-479
-488,464,-184,-62,-287,-164,-1399,-483
-487,467,-185,-63,-288,-165,-1401,-484
-486,467,-186,-64,-289,-167,-1402,-485
-486,465,-186,-64,-289,-167,-1401,-483
-487,463,-184,-63,-288,-165,-1399,-479
-488,460,-182,-61,-285,-162,-1395,-475
-489,457,-180,-59,-283,-161,-1393,-473
-489,455,-180,-58,-283,-160,-1392,-473
-490,455,-180,-58,-283,-161,-1391,-474
-490,459,-182,-59,-285,-162,-1392,-476
-488,461,-183,-61,-287,-163,-1393,-478
-488,464,-184,-62,-288,-165,-1394,-480
-489,467,-185,-63,-288,-165,-1394,-481
-490,467,-184,-62,-287,-164,-1394,-480
-490,464,-182,-60,-285,-163,-1393,-477
-489,459,-181,-59,-284,-162,-1392,-475
-488,454,-181,-59,-284,-162,-1393,-475
-489,454,-180,-58,-283,-161,-1394,-475
-492,457,-180,-58,-283,-161,-1395,-474
-492,460,-181,-59,-284,-163,-1397,-476
-492,463,-183,-61,-286,-164,-1397,-479
-489,465,-184,-62,-287,-165,-1395,-480
-489,467,-185,-63,-288,-165,-1392,-478
-489,466,-184,-62,-286,-163,-1390,-477
-489,463,-182,-60,-284,-161,-1388,-477
-491,461,-180,-58,-282,-159,-1387,-475
-494,459,-177,-56,-280,-157,-1386,-473
-494,458,-176,-55,-279,-157,-1386,-473
-495,461,-175,-54,-279,-156,-1385,-474
-494,464,-176,-55,-280,-157,-1385,-475
-494,468,-177,-56,-281,-158,-1386,-477
-492,470,-179,-57,-282,-160,-1389,-478
-490,471,-179,-57,-282,-161,-1389,-477
-488,467,-179,-57,-282,-161,-1388,-475
-487,462,-178,-56,-281,-160,-1387,-472
-486,457,-177,-54,-279,-158,-1385,-470
-486,455,-175,-53,-278,-156,-1384,-468
-487,453,-174,-52,-277,-155,-1383,-468
-487,455,-174,-52,-277,-155,-1383,-469
-484,458,-174,-52,-277,-156,-1383,-470
-483,462,-175,-52,-278,-156,-1383,-471
-485,469,-175,-53,-278,-157,-1383,-471
-485,471,-176,-54,-278,-157,-1382,-472
-482,468,-176,-54,-278,-157,-1382,-471
-481,464,-175,-52,-277,-156,-1381,-470
-481,460,-174,-50,-275,-154,-1379,-467
-479,455,-173,-50,-274,-153,-1378,-465
-476,453,-175,-51,-274,-153,-1378,-463
-473,454,-177,-52,-275,-153,-1378,-463
-469,458,-179,-54,-276,-154,-1378,-463
-465,459,-183,-56,-277,-155,-1379,-464
-459,457,-187,-59,-280,-158,-1381,-465
-457,457,-189,-61,-282,-160,-1385,-465
-456,452,-190,-62,-284,-161,-1388,-466
-454,445,-191,-62,-283,-161,-1388,-467
-455,440,-191,-61,-283,-160,-1386,-467
-456,437,-190,-60,-281,-159,-1384,-467
-458,436,-188,-59,-279,-157,-1380,-465
-459,437,-188,-59,-279,-156,-1378,-465
-456,437,-191,-61,-281,-158,-1378,-466
-456,442,-192,-64,-284,-160,-1378,-467
-459,447,-193,-66,-286,-162,-1379,-468
-463,450,-193,-67,-286,-163,-1379,-469
-467,453,-191,-65,-285,-161,-1378,-467
-469,451,-189,-63,-283,-159,-1376,-465
-472,449,-186,-60,-281,-158,-1376,-465
-478,449,-183,-58,-280,-157,-1376,-464
-483,449,-181,-56,-278,-156,-1376,-463
-484,448,-182,-58,-280,-159,-1378,-465
-482,448,-185,-62,-285,-163,-1383,-469
-481,450,-189,-66,-289,-168,-1388,-475
-483,454,-190,-68,-291,-170,-1390,-477
-486,459,-190,-68,-292,-170,-1390,-477
-488,458,-189,-67,-291,-170,-1388,-477
-491,456,-188,-66,-290,-169,-1387,-476
-494,453,-186,-64,-289,-167,-1385,-474
-495,451,-184,-63,-288,-166,-1383,-472
-496,449,-184,-63,-288,-167,-1383,-470
-493,448,-185,-64,-289,-168,-1385,-472
-490,449,-187,-66,-291,-170,-1387,-475
-490,453,-189,-67,-292,-171,-1389,-477
-489,456,-190,-69,-293,-172,-1390,-478
-488,455,-191,-69,-293,-171,-1391,-479
-490,456,-190,-68,-292,-171,-1390,-479
-493,454,-187,-66,-290,-169,-1389,-477
-494,452,-186,-64,-288,-167,-1386,-475
-498,452,-184,-62,-286,-165,-1382,-472
-498,451,-183,-62,-285,-164,-1381,-471
-495,449,-185,-63,-286,-166,-1384,-472
-492,448,-187,-65,-289,-168,-1386,-474
-493,454,-188,-65,-289,-168,-1386,-476
-493,457,-189,-67,-290,-169,-1386,-478
-494,459,-189,-67,-290,-169,-1384,-477
-495,460,-188,-66,-289,-168,-1381,-476
-496,457,-187,-64,-287,-166,-1379,-475
-497,453,-185,-62,-286,-165,-1378,-473
-497,449,-184,-61,-285,-164,-1377,-472
-496,446,-183,-60,-284,-164,-1378,-471
-498,449,-182,-59,-283,-164,-1380,-472
-502,458,-180,-57,-281,-162,-1380,-471
-508,469,-176,-51,-277,-159,-1379,-471
-515,482,-168,-39,-268,-152,-1376,-470
-522,493,-157,-24,-257,-144,-1373,-468
-534,503,-145,-9,-245,-135,-1369,-465
-545,509,-134,3,-234,-126,-1364,-462
-542,504,-131,8,-227,-118,-1356,-456
-530,492,-133,9,-224,-113,-1349,-450
-520,480,-133,12,-221,-111,-1345,-446
-507,464,-133,16,-220,-110,-1342,-443
-488,447,-136,20,-218,-108,-1337,-440
-460,428,-142,22,-216,-106,-1330,-434
-422,402,-150,25,-213,-101,-1324,-428
-371,366,-162,28,-207,-93,-1312,-415
-314,331,-178,20,-203,-84,-1296,-395
-267,304,-196,4,-205,-79,-1284,-377
-225,273,-216,-18,-218,-87,-1285,-372
-198,237,-243,-55,-250,-118,-1309,-387
-187,212,-277,-109,-296,-160,-1341,-410
-183,198,-317,-174,-348,-203,-1370,-430
-197,204,-345,-228,-392,-239,-1394,-448
-236,228,-358,-266,-429,-271,-1420,-470
-283,259,-364,-298,-464,-304,-1446,-494
-329,292,-366,-324,-491,-329,-1466,-512
-350,303,-373,-348,-514,-348,-1479,-522
-364,304,-377,-356,-523,-357,-1487,-528
-378,307,-373,-344,-516,-353,-1488,-530
-381,303,-367,-327,-504,-346,-1485,-530
-383,302,-361,-311,-493,-337,-1481,-528
-388,309,-354,-294,-479,-327,-1477,-526
-400,323,-342,-274,-463,-314,-1470,-523
-420,344,-325,-249,-443,-299,-1464,-521
-441,364,-307,-223,-424,-285,-1458,-520
-454,376,-291,-200,-406,-271,-1450,-518
-457,380,-278,-179,-388,-256,-1440,-513
-461,385,-262,-155,-368,-239,-1427,-506
-464,388,-246,-131,-349,-223,-1415,-498
-469,391,-230,-111,-333,-209,-1405,-492
-475,396,-216,-93,-317,-197,-1395,-486
-481,404,-204,-78,-306,-187,-1390,-482
-486,413,-198,-71,-300,-183,-1387,-481
-489,421,-195,-68,-297,-181,-1387,-482
-489,428,-193,-66,-295,-180,-1386,-481
-491,435,-191,-64,-293,-178,-1385,-481
-494,440,-188,-60,-289,-175,-1382,-478
-496,441,-184,-57,-285,-172,-1378,-474
-497,440,-181,-55,-282,-169,-1374,-471
-499,440,-178,-52,-279,-165,-1372,-468
-502,441,-176,-49,-277,-163,-1372,-467
-502,442,-176,-48,-276,-163,-1374,-468
-501,443,-177,-49,-278,-165,-1378,-471
-499,446,-179,-51,-279,-167,-1381,-475
-499,449,-179,-51,-280,-167,-1381,-477
-501,453,-179,-50,-279,-167,-1377,-477
-503,454,-178,-48,-278,-165,-1374,-476
-503,451,-176,-47,-276,-163,-1371,-473
-504,449,-174,-45,-274,-161,-1367,-470
-505,446,-173,-43,-272,-159,-1363,-465
-504,444,-172,-41,-271,-156,-1359,-461
-505,445,-172,-41,-270,-155,-1359,-461
-504,448,-173,-41,-270,-155,-1357,-462
-502,450,-174,-43,-272,-157,-1357,-463
-501,453,-175,-44,-273,-158,-1358,-464
-502,455,-175,-44,-273,-159,-1360,-466
-503,455,-175,-43,-273,-159,-1361,-466
-502,451,-174,-41,-272,-158,-1360,-465
-502,447,-172,-39,-270,-156,-1359,-464
-504,444,-170,-38,-268,-154,-1357,-463
-504,442,-169,-37,-267,-153,-1358,-462
-503,443,-169,-37,-268,-154,-1359,-464
-501,443,-171,-38,-269,-156,-1361,-466
-501,446,-172,-40,-271,-159,-1363,-468
-501,452,-173,-40,-271,-160,-1365,-469
-501,455,-173,-40,-271,-161,-1367,-469
-502,455,-173,-39,-272,-161,-1367,-467
-502,452,-172,-38,-270,-160,-1367,-465
-503,448,-170,-37,-270,-160,-1367,-464
-503,444,-169,-35,-268,-158,-1366,-463
-502,440,-168,-32,-265,-155,-1363,-462
-501,440,-168,-32,-265,-155,-1363,-463
-500,443,-169,-33,-266,-156,-1365,-464
-500,447,-171,-34,-267,-156,-1364,-466
-500,450,-171,-34,-267,-156,-1364,-466
-499,452,-172,-34,-267,-156,-1362,-464
-499,450,-171,-34,-267,-156,-1363,-465
-499,448,-169,-32,-265,-155,-1363,-464
-500,444,-168,-30,-263,-154,-1363,-462
-500,440,-166,-28,-262,-153,-1364,-461
-500,439,-165,-27,-261,-151,-1364,-460
-500,441,-165,-26,-261,-151,-1364,-459
-499,443,-166,-27,-262,-153,-1364,-460
-498,446,-168,-29,-263,-155,-1365,-462
-497,450,-168,-30,-264,-156,-1363,-461
-496,451,-169,-29,-264,-156,-1362,-461
-497,451,-168,-28,-262,-155,-1361,-462
-500,450,-166,-25,-260,-153,-1360,-460
-501,447,-163,-22,-257,-151,-1359,-459
-500,442,-161,-20,-255,-149,-1359,-458
-499,439,-160,-18,-254,-148,-1358,-457
-498,439,-160,-18,-254,-148,-1359,-457
-497,443,-161,-18,-255,-150,-1362,-459
-497,446,-162,-19,-256,-151,-1364,-460
-496,449,-163,-19,-257,-153,-1364,-460
-495,451,-164,-19,-257,-154,-1365,-461
-495,449,-163,-18,-257,-153,-1364,-460
-494,445,-162,-16,-254,-151,-1361,-457
-495,442,-159,-13,-252,-148,-1358,-455
-496,439,-157,-10,-250,-146,-1354,-452
-494,437,-155,-7,-248,-143,-1351,-451
-494,437,-155,-6,-246,-141,-1349,-451
-496,441,-155,-6,-246,-141,-1348,-452
-495,445,-156,-5,-246,-142,-1349,-454
-494,448,-156,-6,-246,-142,-1350,-456
-493,449,-156,-5,-245,-142,-1350,-455
-492,447,-155,-2,-243,-139,-1349,-455
-491,445,-153,0,-241,-138,-1348,-455
-491,442,-151,2,-239,-136,-1346,-453
-490,438,-149,5,-236,-134,-1343,-451
-490,434,-146,8,-234,-132,-1340,-449
-490,435,-146,9,-233,-130,-1339,-448
-488,437,-147,9,-233,-131,-1340,-450
-485,440,-148,9,-233,-132,-1340,-452
-485,444,-148,10,-233,-131,-1338,-451
-484,446,-147,11,-232,-130,-1337,-452
-484,446,-146,14,-230,-129,-1336,-451
-484,442,-144,17,-227,-126,-1334,-449
-484,439,-141,20,-224,-123,-1333,-446
-482,436,-139,24,-221,-121,-1332,-443
-480,432,-138,25,-220,-121,-1333,-443
-480,433,-138,26,-220,-121,-1334,-444
-479,436,-138,26,-220,-122,-1334,-445
-479,440,-138,27,-220,-121,-1333,-445
-477,442,-139,27,-220,-122,-1333,-446
-475,443,-139,28,-219,-122,-1333,-448
-476,443,-138,29,-218,-121,-1332,-447
-477,442,-136,32,-216,-119,-1330,-444
-478,439,-133,35,-213,-116,-1327,-440
-479,437,-131,37,-211,-114,-1325,-437
-479,435,-130,38,-210,-114,-1326,-436
-477,434,-131,38,-211,-114,-1326,-435
-474,436,-132,38,-212,-116,-1326,-437
-473,438,-133,37,-214,-117,-1327,-439
-472,441,-134,36,-214,-118,-1328,-441
-473,444,-134,35,-215,-118,-1329,-442
-474,443,-134,35,-215,-118,-1330,-444
-472,439,-133,36,-214,-118,-1329,-443
-470,434,-132,36,-214,-118,-1328,-444
-471,431,-131,37,-213,-117,-1329,-445
-472,430,-131,37,-213,-117,-1331,-444
-473,432,-131,37,-213,-117,-1331,-444
-473,435,-132,35,-215,-119,-1332,-443
-472,438,-135,31,-218,-121,-1333,-443
-471,441,-137,28,-221,-123,-1333,-443
-472,443,-138,26,-222,-124,-1332,-443
-474,443,-138,25,-222,-124,-1330,-443
-476,441,-138,24,-222,-124,-1329,-443
-476,438,-138,23,-222,-123,-1327,-442
-475,433,-138,21,-223,-123,-1327,-440
-475,431,-139,19,-224,-124,-1329,-441
-475,431,-141,16,-227,-126,-1332,-442
-476,433,-144,11,-231,-130,-1336,-445
-476,436,-147,6,-235,-133,-1338,-448
-477,439,-149,2,-237,-135,-1338,-449
-480,442,-151,0,-239,-136,-1336,-450
-482,443,-152,-2,-240,-135,-1333,-451
-481,440,-152,-4,-241,-135,-1332,-450
-481,436,-152,-5,-241,-135,-1330,-449
-483,433,-153,-7,-242,-135,-1329,-448
-485,431,-153,-9,-243,-135,-1328,-446
-487,433,-155,-11,-245,-136,-1327,-446
-488,437,-157,-15,-248,-139,-1328,-448
-488,441,-160,-20,-251,-142,-1330,-449
-489,444,-163,-23,-254,-144,-1333,-451
-490,447,-165,-27,-256,-147,-1337,-451
-489,444,-167,-29,-258,-149,-1340,-452
-488,440,-167,-31,-259,-150,-1342,-452
-490,436,-167,-31,-259,-150,-1342,-452
-491,433,-166,-31,-259,-149,-1340,-452
-490,430,-166,-31,-259,-149,-1339,-451
-491,431,-167,-33,-260,-150,-1340,-453
-491,433,-169,-36,-263,-152,-1341,-456
-493,437,-171,-39,-265,-154,-1342,-457
-493,442,-173,-41,-267,-156,-1342,-459
-496,446,-174,-42,-267,-157,-1341,-458
-497,445,-174,-42,-268,-157,-1341,-457
-494,440,-174,-42,-268,-156,-1340,-456
-495,437,-172,-41,-266,-155,-1340,-454
-497,434,-171,-41,-266,-155,-1340,-453
-497,431,-171,-40,-266,-155,-1341,-454
-496,432,-172,-41,-267,-155,-1342,-455
-497,435,-173,-42,-268,-157,-1345,-457
-496,437,-174,-44,-270,-159,-1346,-458
-495,439,-177,-46,-272,-162,-1348,-460
-495,441,-178,-48,-274,-163,-1350,-461
-496,441,-177,-47,-273,-162,-1349,-460
-498,441,-175,-45,-271,-160,-1346,-458
-501,440,-173,-43,-269,-158,-1344,-455
-501,437,-172,-42,-268,-157,-1343,-455
-501,434,-172,-42,-268,-156,-1343,-455
-501,432,-173,-42,-269,-157,-1344,-456
-500,434,-174,-44,-270,-159,-1348,-459
-497,435,-176,-46,-273,-161,-1353,-461
-494,437,-178,-49,-275,-164,-1355,-464
-494,439,-179,-49,-276,-165,-1354,-464
-496,440,-178,-49,-275,-164,-1351,-463
-498,437,-177,-48,-274,-162,-1347,-461
-499,434,-175,-46,-272,-160,-1344,-459
-500,431,-173,-44,-270,-158,-1342,-456
-500,429,-172,-42,-268,-157,-1341,-453
-501,430,-171,-41,-268,-156,-1339,-452
-502,434,-172,-41,-268,-155,-1339,-452
-501,437,-173,-42,-269,-156,-1339,-453
-500,440,-175,-44,-270,-157,-1341,-455
-499,441,-176,-45,-271,-159,-1342,-457
-498,441,-176,-45,-271,-159,-1343,-458
-499,438,-175,-44,-270,-159,-1345,-459
-501,435,-174,-43,-269,-158,-1345,-459
-500,429,-172,-41,-268,-157,-1344,-457
-499,428,-171,-40,-266,-156,-1342,-454
-500,429,-171,-39,-266,-156,-1341,-453
-501,433,-172,-40,-266,-156,-1340,-454
-500,437,-174,-41,-267,-157,-1340,-456
-498,438,-175,-43,-269,-158,-1341,-458
-499,440,-175,-43,-268,-158,-1342,-458
-499,440,-175,-42,-268,-157,-1340,-458
-498,437,-174,-41,-266,-156,-1337,-456
-499,434,-172,-39,-265,-155,-1336,-454
-499,431,-171,-38,-264,-154,-1336,-453
-498,428,-170,-37,-263,-154,-1335,-452
-497,429,-171,-37,-262,-153,-1335,-451
-497,431,-172,-38,-264,-155,-1337,-453
-497,435,-173,-40,-266,-157,-1340,-455
-496,437,-175,-41,-267,-159,-1341,-456
-497,440,-175,-42,-268,-159,-1342,-457
-499,440,-174,-41,-267,-159,-1341,-458
-497,437,-173,-40,-265,-157,-1339,-456
-497,433,-171,-38,-263,-154,-1335,-453
-499,431,-170,-36,-261,-152,-1332,-450
-499,429,-169,-35,-260,-151,-1332,-450
-498,429,-169,-35,-259,-151,-1332,-450
-498,431,-170,-36,-260,-151,-1333,-451
-496,434,-172,-38,-262,-153,-1336,-453
-494,436,-174,-40,-264,-154,-1338,-455
-493,437,-175,-40,-264,-155,-1339,-454
-493,437,-174,-39,-264,-155,-1338,-453
-495,436,-173,-39,-263,-154,-1337,-452
-495,434,-172,-37,-262,-152,-1335,-452
-496,431,-170,-35,-260,-151,-1331,-450
-495,427,-169,-34,-258,-148,-1327,-447
-494,426,-170,-34,-257,-147,-1326,-447
-493,429,-170,-35,-258,-148,-1327,-448
-492,431,-172,-37,-260,-151,-1329,-450
-491,434,-175,-39,-262,-152,-1331,-453
-490,436,-176,-40,-264,-154,-1332,-455
-490,435,-176,-40,-263,-154,-1331,-454
-491,432,-174,-38,-261,-151,-1328,-451
-493,430,-172,-35,-259,-149,-1327,-447
-494,428,-170,-34,-258,-148,-1326,-445
-495,426,-170,-33,-257,-148,-1325,-444
-495,426,-171,-34,-258,-148,-1325,-446
-493,428,-172,-36,-260,-150,-1326,-448
-491,430,-174,-38,-262,-152,-1327,-450
-491,433,-176,-40,-263,-153,-1327,-451
-492,437,-176,-40,-263,-153,-1326,-451
-494,438,-176,-39,-262,-152,-1325,-450
-492,434,-175,-39,-262,-151,-1325,-448
-491,429,-174,-38,-261,-151,-1324,-446
-492,425,-173,-36,-259,-150,-1325,-446
-492,422,-172,-35,-259,-149,-1324,-446
-490,423,-172,-36,-259,-150,-1324,-446
-491,427,-173,-37,-260,-151,-1324,-447
-493,432,-174,-38,-261,-151,-1325,-447
-493,435,-176,-40,-262,-153,-1326,-448
-491,436,-177,-41,-263,-153,-1327,-449
-491,435,-177,-40,-263,-153,-1326,-449
-492,433,-176,-39,-262,-152,-1326,-450
-493,431,-175,-38,-262,-151,-1325,-450
-493,427,-174,-38,-261,-150,-1325,-450
-494,425,-173,-37,-260,-150,-1325,-448
-494,426,-173,-37,-260,-151,-1326,-447
-494,429,-174,-38,-261,-152,-1326,-447
-493,431,-176,-40,-263,-153,-1327,-448
-493,434,-177,-41,-265,-155,-1328,-449
-494,437,-178,-42,-265,-156,-1328,-450
-494,436,-178,-43,-265,-156,-1328,-449
-496,435,-177,-41,-264,-155,-1328,-448
-496,431,-175,-40,-263,-154,-1329,-447
-496,428,-174,-38,-262,-153,-1329,-446
-496,425,-173,-38,-261,-152,-1329,-446
-493,423,-174,-38,-262,-153,-1329,-447
-494,425,-175,-39,-262,-154,-1329,-448
-496,431,-176,-41,-264,-155,-1330,-449
-495,433,-178,-42,-266,-157,-1331,-451
-493,434,-179,-44,-267,-159,-1332,-451
-491,433,-179,-44,-267,-158,-1332,-452
-492,430,-179,-43,-267,-158,-1332,-452
-495,430,-177,-41,-265,-156,-1331,-450
-497,428,-175,-40,-263,-154,-1329,-446
-497,425,-174,-39,-262,-153,-1330,-446
-497,425,-175,-39,-263,-154,-1331,-445
-497,428,-176,-40,-263,-155,-1329,-445
-497,431,-177,-42,-265,-157,-1327,-446
-495,432,-179,-43,-266,-157,-1326,-448
-496,435,-179,-43,-267,-157,-1325,-448
-496,436,-179,-44,-266,-156,-1324,-446
-497,433,-178,-43,-265,-155,-1325,-445
-497,430,-177,-41,-264,-154,-1324,-443
-497,427,-175,-40,-262,-153,-1325,-442
-496,424,-175,-40,-262,-153,-1326,-441
-495,422,-176,-40,-263,-155,-1328,-443
-493,423,-178,-43,-266,-157,-1330,-446
-493,426,-179,-44,-267,-159,-1330,-448
-495,432,-180,-45,-267,-159,-1330,-450
-497,436,-180,-45,-267,-158,-1326,-450
-498,438,-180,-44,-266,-156,-1323,-448
-495,433,-179,-44,-265,-155,-1321,-447
-495,428,-178,-42,-264,-154,-1319,-446
-496,424,-176,-41,-263,-153,-1318,-445
-497,422,-175,-40,-262,-152,-1318,-443
-497,423,-175,-40,-262,-153,-1319,-443
-496,425,-176,-41,-263,-154,-1321,-443
-496,428,-178,-43,-265,-156,-1324,-445
-496,431,-179,-44,-267,-159,-1328,-447
-495,432,-180,-45,-268,-159,-1329,-447
-495,432,-180,-45,-267,-158,-1328,-447
-496,430,-178,-43,-265,-156,-1325,-446
-498,428,-177,-42,-264,-155,-1323,-445
-494,431,-180,-45,-265,-157,-1320,-446
-494,432,-180,-46,-266,-158,-1322,-447
-492,431,-181,-46,-266,-158,-1324,-445
-493,429,-180,-45,-266,-158,-1326,-443
-495,426,-178,-44,-265,-158,-1326,-442
-497,424,-176,-42,-264,-157,-1324,-442
-498,422,-175,-41,-262,-156,-1323,-441
-498,422,-175,-41,-262,-155,-1322,-442
-499,424,-176,-42,-264,-156,-1322,-445
-498,428,-177,-43,-265,-157,-1323,-448
-496,432,-178,-45,-266,-158,-1322,-449
-496,434,-180,-46,-266,-158,-1322,-449
-494,433,-180,-46,-266,-158,-1321,-448
-494,429,-179,-45,-265,-157,-1321,-447
-495,426,-177,-43,-264,-156,-1320,-445
-496,423,-176,-41,-262,-154,-1318,-441
-497,421,-175,-40,-261,-153,-1316,-439
-497,421,-175,-41,-261,-154,-1318,-441
-496,423,-176,-42,-263,-156,-1320,-443
-494,425,-178,-44,-265,-158,-1323,-445
-494,428,-180,-45,-266,-159,-1324,-446
-494,430,-181,-46,-267,-160,-1325,-447
-497,431,-180,-46,-267,-159,-1323,-446
-497,430,-178,-44,-266,-158,-1320,-442
-497,426,-177,-43,-264,-156,-1319,-442
-497,423,-176,-42,-262,-156,-1319,-441
-498,421,-175,-41,-262,-155,-1319,-440
-497,420,-175,-41,-262,-156,-1320,-441
-497,423,-176,-43,-263,-157,-1321,-442
-495,425,-178,-44,-265,-158,-1320,-443
-495,428,-179,-46,-266,-159,-1319,-444
-495,431,-180,-47,-267,-159,-1319,-447
-496,432,-180,-46,-267,-159,-1319,-449
-497,430,-179,-45,-266,-158,-1318,-448
-499,428,-177,-43,-263,-156,-1315,-445
-500,424,-175,-42,-262,-155,-1314,-442
-499,420,-175,-41,-261,-154,-1313,-440
-497,419,-175,-41,-260,-153,-1313,-437
-496,420,-176,-43,-262,-154,-1314,-438
-495,423,-178,-44,-264,-156,-1316,-441
-494,426,-179,-46,-265,-158,-1317,-443
-492,427,-180,-47,-266,-160,-1318,-445
-493,427,-180,-47,-266,-160,-1319,-446
-495,425,-179,-46,-265,-158,-1318,-444
-496,422,-177,-44,-263,-156,-1316,-442
-496,418,-176,-43,-261,-154,-1312,-439
-496,416,-175,-41,-260,-152,-1311,-438
-495,417,-175,-41,-260,-152,-1311,-439
-495,419,-176,-43,-261,-154,-1312,-440
-495,423,-178,-44,-262,-156,-1314,-443
-495,427,-179,-46,-264,-158,-1316,-445
-494,427,-181,-47,-265,-159,-1317,-447
-493,426,-181,-47,-265,-159,-1317,-446
-494,425,-179,-46,-264,-158,-1317,-445
-494,422,-178,-45,-264,-158,-1317,-445
-494,418,-177,-43,-262,-156,-1317,-443
-495,415,-175,-41,-260,-155,-1317,-440
-495,415,-175,-41,-261,-156,-1319,-440
-494,417,-177,-43,-262,-158,-1320,-441
-494,420,-179,-44,-264,-160,-1321,-443
-492,424,-180,-46,-266,-162,-1323,-445
-493,426,-181,-47,-267,-163,-1324,-447
-494,428,-181,-47,-266,-162,-1323,-448
-494,424,-180,-46,-265,-161,-1320,-447
-493,419,-178,-45,-264,-158,-1316,-444
-493,415,-177,-43,-262,-157,-1313,-442
-491,411,-176,-42,-261,-155,-1312,-440
-491,411,-177,-42,-261,-155,-1310,-439
-491,415,-178,-43,-262,-156,-1310,-438
-494,420,-178,-44,-263,-158,-1312,-439
-495,425,-179,-45,-264,-159,-1314,-440
-493,427,-180,-46,-265,-160,-1316,-442
-491,425,-180,-46,-265,-160,-1316,-443
-493,423,-178,-45,-264,-158,-1314,-442
-494,421,-176,-43,-262,-156,-1311,-441
-494,417,-174,-41,-260,-154,-1308,-440
-495,416,-172,-39,-257,-152,-1306,-438
-496,418,-171,-38,-256,-150,-1305,-438
-495,419,-172,-38,-257,-151,-1307,-439
-492,420,-173,-39,-259,-153,-1309,-441
-489,422,-175,-41,-260,-155,-1311,-441
-487,422,-176,-41,-261,-156,-1312,-442
-485,420,-176,-41,-261,-156,-1312,-442
-486,418,-175,-40,-260,-155,-1310,-440
-488,416,-173,-38,-258,-153,-1308,-438
-490,413,-171,-37,-256,-152,-1306,-438
-490,412,-169,-35,-255,-150,-1304,-437
-487,412,-168,-33,-253,-148,-1301,-435
-487,417,-168,-33,-253,-147,-1299,-434
-488,424,-168,-33,-253,-148,-1300,-434
-486,427,-170,-35,-254,-149,-1300,-435
-483,427,-172,-37,-256,-151,-1302,-435
-482,424,-173,-37,-256,-151,-1302,-435
-481,421,-172,-36,-255,-150,-1303,-434
-478,415,-172,-36,-254,-149,-1302,-433
-475,410,-172,-36,-253,-148,-1301,-431
-473,409,-172,-36,-252,-146,-1299,-429
-473,411,-173,-35,-251,-145,-1298,-428
-468,411,-175,-37,-252,-145,-1299,-428
-462,410,-179,-39,-254,-148,-1302,-430
-460,411,-182,-42,-257,-150,-1303,-431
-459,411,-185,-44,-259,-152,-1305,-432
-455,407,-187,-45,-260,-153,-1307,-433
-453,401,-188,-46,-261,-155,-1312,-434
-450,394,-189,-46,-261,-156,-1314,-433
-451,391,-187,-45,-260,-155,-1314,-433
-454,389,-185,-43,-259,-154,-1309,-430
-456,389,-185,-43,-259,-153,-1304,-427
-458,392,-187,-45,-260,-154,-1301,-428
-459,397,-188,-47,-262,-154,-1301,-430
-460,402,-189,-49,-263,-156,-1302,-433
-461,406,-189,-50,-264,-156,-1303,-435
-465,409,-188,-50,-263,-156,-1304,-435
-468,409,-186,-48,-262,-156,-1303,-434
-473,408,-183,-45,-260,-154,-1302,-433
-478,406,-180,-43,-258,-153,-1302,-431
-483,404,-178,-41,-258,-153,-1303,-431
-484,402,-180,-44,-260,-156,-1307,-432
-483,403,-182,-47,-264,-160,-1311,-434
-485,408,-184,-49,-267,-163,-1313,-436
-487,412,-184,-51,-268,-164,-1314,-439
-489,416,-185,-52,-269,-165,-1313,-442
-489,415,-185,-52,-269,-164,-1312,-445
-491,413,-183,-50,-267,-163,-1311,-445
-493,411,-182,-49,-266,-161,-1310,-444
-492,407,-181,-48,-265,-160,-1308,-442
-492,403,-180,-47,-264,-159,-1306,-440
-492,404,-180,-47,-263,-159,-1306,-439
-492,407,-182,-49,-265,-161,-1308,-440
-490,409,-183,-50,-267,-163,-1310,-443
-492,413,-184,-52,-268,-165,-1311,-445
-493,416,-185,-52,-269,-165,-1311,-446
-493,415,-184,-52,-268,-165,-1309,-444
-493,413,-183,-50,-267,-164,-1309,-443
-492,409,-182,-49,-266,-163,-1309,-442
-492,406,-180,-48,-264,-161,-1308,-441
-493,404,-179,-46,-263,-160,-1307,-439
-493,402,-180,-47,-263,-161,-1308,-439
-493,405,-181,-48,-265,-163,-1309,-440
-493,409,-182,-49,-265,-164,-1311,-441
-492,411,-183,-50,-268,-166,-1312,-443
-493,414,-184,-51,-268,-167,-1312,-444
-494,416,-183,-50,-267,-166,-1311,-443
-494,413,-182,-49,-266,-165,-1311,-441
-496,410,-181,-48,-265,-164,-1310,-440
-495,407,-179,-46,-263,-162,-1309,-438
-495,405,-177,-44,-261,-160,-1308,-436
-499,409,-175,-41,-259,-159,-1308,-436
-502,416,-171,-36,-255,-156,-1307,-436
-508,427,-164,-25,-247,-150,-1304,-436
-517,441,-154,-12,-236,-142,-1299,-435
-530,457,-142,2,-225,-132,-1295,-434
-540,467,-132,15,-214,-124,-1292,-432
-538,465,-128,21,-208,-117,-1286,-427
-528,455,-129,23,-203,-111,-1279,-420
-520,442,-128,26,-199,-107,-1274,-414
-511,426,-127,31,-197,-105,-1272,-410
-493,407,-129,35,-195,-104,-1269,-407
-465,385,-135,37,-194,-102,-1264,-402
-428,360,-143,38,-192,-100,-1259,-395
-381,328,-154,41,-187,-94,-1249,-384
-323,294,-171,36,-183,-84,-1234,-366
-273,267,-189,20,-185,-79,-1222,-350
-229,238,-208,0,-194,-84,-1220,-341
-199,203,-233,-34,-223,-112,-1241,-354
-186,176,-265,-83,-266,-151,-1274,-376
-180,156,-303,-145,-316,-192,-1304,-396
-191,156,-334,-203,-362,-230,-1329,-414
-226,178,-349,-243,-398,-262,-1352,-434
-273,209,-356,-275,-433,-294,-1377,-457
-320,244,-358,-303,-462,-321,-1401,-476
-342,259,-365,-328,-487,-343,-1417,-489
-359,266,-372,-341,-501,-355,-1425,-496
-375,271,-368,-331,-495,-352,-1425,-499
-381,270,-362,-314,-483,-344,-1421,-498
-383,267,-355,-297,-470,-334,-1416,-494
-386,268,-347,-280,-456,-323,-1410,-491
-393,276,-337,-261,-440,-310,-1402,-489
-410,293,-322,-237,-422,-296,-1394,-487
-434,314,-303,-212,-402,-282,-1385,-486
-448,328,-287,-189,-385,-268,-1378,-485
-454,336,-275,-168,-368,-255,-1369,-481
-457,343,-261,-147,-351,-240,-1358,-475
-459,347,-246,-123,-331,-224,-1347,-467
-464,351,-230,-102,-314,-210,-1339,-460
-470,355,-215,-82,-298,-197,-1331,-455
-475,359,-202,-66,-285,-187,-1325,-451
-481,364,-193,-56,-278,-182,-1321,-449
-484,371,-189,-52,-274,-179,-1319,-448
-484,376,-188,-50,-273,-179,-1319,-448
-485,384,-186,-49,-272,-177,-1317,-447
-487,392,-184,-47,-269,-175,-1315,-446
-490,398,-181,-44,-266,-173,-1314,-445
-492,400,-178,-41,-262,-169,-1312,-442
-494,400,-175,-38,-259,-167,-1309,-439
-496,398,-173,-36,-256,-164,-1307,-437
-496,397,-171,-33,-255,-163,-1306,-435
-495,395,-171,-33,-254,-163,-1305,-435
-495,397,-171,-32,-254,-162,-1305,-436
-495,400,-171,-33,-255,-163,-1306,-438
-496,405,-173,-34,-256,-163,-1305,-440
-498,410,-173,-34,-256,-163,-1305,-441
-501,413,-172,-33,-255,-162,-1305,-441
-501,412,-170,-31,-253,-160,-1305,-439
-501,409,-168,-28,-250,-158,-1303,-437
-501,406,-166,-26,-248,-156,-1301,-433
-500,402,-165,-25,-247,-154,-1299,-432
-499,401,-165,-24,-247,-154,-1299,-431
-498,402,-166,-25,-248,-155,-1300,-433
-498,406,-167,-27,-249,-157,-1302,-435
-497,409,-169,-28,-250,-158,-1304,-435
-495,410,-169,-29,-251,-159,-1305,-436
-494,408,-169,-28,-251,-159,-1303,-436
-495,406,-168,-27,-249,-157,-1301,-436
-496,404,-166,-25,-248,-155,-1299,-435
-497,400,-165,-23,-246,-153,-1297,-434
-499,398,-163,-21,-244,-152,-1296,-432
-499,399,-163,-20,-244,-151,-1296,-430
-497,399,-164,-21,-245,-152,-1296,-430
-496,404,-165,-22,-246,-153,-1298,-432
-497,408,-166,-23,-246,-155,-1300,-434
-497,411,-167,-24,-248,-157,-1302,-437
-496,411,-167,-24,-248,-158,-1302,-436
-496,408,-166,-22,-247,-156,-1301,-435
-495,404,-165,-20,-245,-154,-1299,-432
-497,402,-163,-18,-242,-152,-1297,-430
-498,400,-162,-16,-241,-150,-1297,-429
-498,400,-162,-16,-241,-151,-1298,-429
-497,402,-162,-17,-242,-152,-1298,-429
-497,404,-163,-17,-242,-152,-1299,-430
-497,408,-164,-18,-243,-153,-1299,-432
-496,410,-164,-18,-243,-154,-1298,-433
-496,409,-164,-17,-243,-153,-1298,-433
-495,406,-163,-16,-241,-152,-1296,-432
-495,402,-162,-14,-240,-150,-1295,-429
-497,401,-160,-12,-238,-149,-1295,-428
-496,398,-158,-11,-237,-148,-1295,-427
-495,396,-158,-10,-237,-148,-1295,-427
-493,398,-158,-11,-237,-149,-1297,-427
-495,403,-159,-11,-238,-151,-1299,-428
-495,406,-161,-12,-239,-152,-1302,-429
-492,406,-162,-12,-240,-153,-1304,-431
-493,407,-161,-12,-239,-153,-1305,-431
-493,404,-160,-10,-238,-152,-1305,-431
-493,401,-158,-8,-235,-150,-1302,-429
-495,400,-155,-5,-232,-147,-1299,-426
-495,397,-153,-3,-231,-146,-1298,-424
-495,397,-153,-2,-230,-145,-1295,-423
-496,402,-153,-1,-230,-144,-1294,-423
-494,404,-154,-2,-231,-145,-1294,-424
-491,405,-156,-3,-232,-147,-1294,-426
-489,405,-157,-3,-233,-147,-1295,-429
-490,405,-156,-2,-232,-146,-1295,-429
-490,403,-154,0,-230,-144,-1293,-428
-492,402,-151,3,-226,-141,-1290,-425
-492,399,-149,6,-224,-138,-1289,-421
-491,395,-148,8,-222,-137,-1288,-420
-488,392,-148,9,-222,-137,-1288,-419
-487,394,-148,9,-222,-138,-1290,-420
-487,398,-149,9,-223,-139,-1291,-422
-486,401,-149,10,-222,-139,-1291,-422
-486,403,-149,11,-222,-139,-1291,-424
-487,405,-148,13,-221,-138,-1290,-423
-487,404,-146,16,-218,-135,-1288,-421
-487,401,-144,19,-215,-132,-1286,-419
-487,397,-141,23,-212,-130,-1283,-417
-488,396,-139,25,-210,-128,-1281,-415
-486,394,-138,27,-208,-126,-1280,-415
-485,394,-138,28,-208,-126,-1281,-417
-483,396,-139,28,-209,-127,-1282,-419
-480,397,-140,28,-209,-128,-1283,-422
-479,401,-140,29,-208,-127,-1284,-422
-481,404,-139,31,-207,-126,-1283,-421
-481,403,-137,34,-204,-124,-1281,-419
-481,400,-134,37,-201,-122,-1280,-416
-480,397,-132,41,-198,-120,-1280,-414
-478,393,-131,43,-197,-118,-1280,-413
-479,392,-129,45,-195,-117,-1278,-411
-478,394,-129,46,-194,-116,-1278,-410
-475,397,-130,46,-195,-118,-1279,-411
-473,399,-131,45,-196,-119,-1280,-413
-472,402,-132,45,-196,-120,-1282,-414
-472,404,-131,46,-196,-120,-1283,-415
-476,404,-129,49,-194,-118,-1283,-414
-476,402,-126,52,-191,-115,-1282,-412
-474,396,-125,54,-188,-113,-1279,-410
-473,392,-123,56,-187,-111,-1276,-408
-473,393,-122,57,-186,-110,-1275,-408
-472,395,-123,56,-186,-110,-1275,-409
-470,396,-124,55,-188,-112,-1276,-409
-471,400,-125,54,-189,-113,-1279,-410
-470,402,-127,52,-191,-115,-1281,-411
-468,400,-127,52,-192,-116,-1283,-412
-469,398,-126,52,-191,-116,-1283,-411
-469,395,-125,53,-190,-115,-1284,-410
-471,393,-123,54,-189,-115,-1284,-409
-471,391,-122,54,-189,-114,-1283,-407
-472,393,-122,54,-189,-115,-1283,-408
-472,394,-124,52,-191,-116,-1284,-410
-472,396,-125,49,-193,-118,-1286,-413
-472,400,-128,46,-196,-120,-1287,-415
-472,403,-130,42,-199,-122,-1288,-416
-472,403,-131,41,-200,-122,-1287,-415
-472,401,-131,40,-200,-122,-1286,-415
-474,399,-130,39,-200,-122,-1285,-414
-475,395,-130,38,-200,-122,-1285,-412
-476,393,-130,36,-201,-122,-1285,-411
-475,392,-132,33,-203,-124,-1285,-410
-475,392,-135,28,-207,-127,-1288,-411
-475,395,-138,23,-211,-131,-1291,-415
-475,399,-141,19,-214,-133,-1293,-417
-476,403,-143,16,-216,-134,-1294,-418
-476,403,-145,12,-218,-136,-1295,-419
-476,400,-146,10,-219,-136,-1296,-418
-479,397,-146,9,-219,-136,-1294,-416
-481,396,-145,8,-219,-136,-1294,-415
-481,392,-146,6,-220,-136,-1293,-414
-481,391,-147,3,-222,-137,-1294,-414
-483,393,-150,0,-224,-139,-1297,-416
-481,395,-153,-4,-229,-143,-1303,-420
-481,398,-156,-8,-232,-146,-1305,-422
-482,402,-158,-11,-234,-148,-1305,-423
-485,403,-159,-13,-235,-149,-1304,-424
-488,402,-159,-13,-235,-148,-1303,-424
-487,398,-158,-13,-235,-147,-1302,-423
-488,394,-157,-13,-234,-146,-1300,-421
-489,392,-157,-13,-233,-145,-1298,-419
-490,392,-157,-15,-234,-145,-1297,-418
-491,395,-159,-17,-236,-147,-1299,-419
-491,398,-161,-20,-239,-150,-1303,-420
-491,402,-163,-22,-241,-152,-1306,-422
-490,405,-165,-24,-243,-155,-1308,-423
-491,404,-165,-25,-244,-156,-1311,-424
-491,400,-165,-25,-244,-156,-1312,-424
-491,396,-164,-24,-243,-156,-1311,-423
-492,393,-163,-23,-243,-155,-1310,-423
-493,392,-162,-23,-242,-155,-1309,-422
-494,392,-162,-23,-242,-154,-1308,-421
-493,392,-163,-26,-244,-155,-1310,-423
-492,394,-166,-30,-246,-157,-1312,-425
-491,396,-166,-28,-247,-159,-1313,-427
-490,399,-168,-29,-249,-160,-1314,-427
-493,400,-168,-29,-248,-160,-1314,-426
-496,401,-166,-27,-247,-158,-1310,-424
-497,398,-163,-25,-244,-155,-1306,-422
-498,395,-162,-24,-243,-153,-1304,-422
-496,390,-161,-23,-242,-152,-1303,-422
-496,389,-161,-23,-242,-152,-1303,-423
-495,391,-163,-25,-243,-153,-1304,-424
-493,393,-165,-27,-246,-155,-1307,-426
-492,396,-166,-28,-247,-156,-1309,-427
-492,399,-167,-29,-248,-157,-1311,-428
-493,399,-167,-29,-248,-158,-1312,-429
-494,398,-166,-29,-247,-157,-1313,-429
-496,395,-165,-27,-246,-156,-1313,-429
-496,391,-163,-26,-245,-156,-1314,-429
-494,387,-163,-25,-244,-156,-1315,-426
-494,388,-162,-25,-244,-156,-1316,-425
-494,391,-163,-25,-244,-157,-1315,-423
-496,396,-164,-26,-245,-158,-1314,-423
-496,399,-164,-27,-246,-158,-1314,-424
-494,400,-166,-28,-247,-159,-1313,-424
-495,400,-166,-28,-247,-158,-1313,-424
-496,398,-165,-27,-245,-157,-1313,-425
-496,395,-163,-24,-243,-155,-1312,-424
-496,392,-162,-23,-242,-154,-1312,-423
-496,389,-160,-22,-240,-153,-1311,-422
-495,388,-160,-22,-241,-153,-1312,-422
-495,391,-161,-22,-242,-155,-1312,-423
-496,395,-162,-23,-242,-156,-1314,-423
-495,399,-164,-25,-243,-157,-1316,-422
-494,401,-164,-26,-244,-158,-1316,-422
-494,400,-164,-25,-244,-157,-1316,-422
-496,399,-163,-24,-243,-156,-1315,-423
-496,395,-161,-22,-241,-154,-1314,-423
-496,392,-159,-21,-239,-153,-1313,-422
-495,388,-159,-19,-238,-152,-1312,-422
-494,388,-158,-19,-238,-152,-1311,-421
-495,391,-159,-20,-238,-151,-1309,-420
-493,394,-161,-21,-239,-152,-1309,-420
-493,398,-162,-22,-240,-153,-1309,-421
-492,399,-163,-23,-241,-153,-1310,-422
-491,399,-164,-23,-241,-154,-1311,-423
-491,396,-163,-22,-240,-153,-1311,-422
-490,391,-161,-20,-239,-151,-1310,-420
-491,388,-159,-19,-237,-149,-1308,-418
-492,387,-158,-17,-235,-148,-1307,-417
-493,387,-157,-17,-235,-147,-1307,-416
-492,389,-158,-18,-236,-148,-1308,-417
-491,392,-160,-20,-237,-149,-1309,-418
-491,396,-161,-21,-238,-150,-1309,-420
-491,399,-162,-22,-239,-151,-1310,-420
-491,400,-162,-22,-239,-151,-1309,-420
-491,398,-161,-21,-238,-150,-1308,-419
-492,395,-160,-19,-236,-148,-1307,-417
-493,391,-158,-18,-235,-147,-1307,-416
-491,387,-157,-17,-233,-145,-1305,-416
-491,386,-156,-16,-233,-145,-1304,-415
-491,388,-157,-17,-233,-146,-1303,-416
-491,391,-159,-19,-235,-147,-1305,-419
-490,394,-161,-21,-237,-149,-1306,-421
-489,396,-162,-22,-238,-150,-1308,-420
-489,397,-162,-22,-237,-150,-1308,-418
-491,397,-161,-20,-236,-149,-1308,-416
-492,394,-159,-18,-235,-147,-1307,-415
-492,391,-157,-17,-233,-146,-1306,-413
-492,388,-156,-16,-232,-145,-1306,-411
-492,388,-157,-16,-232,-145,-1306,-412
-490,389,-158,-18,-233,-146,-1307,-414
-489,391,-160,-19,-235,-148,-1308,-416
-489,394,-161,-20,-236,-149,-1310,-417
-490,397,-162,-21,-237,-150,-1310,-418
-490,398,-162,-22,-237,-150,-1310,-417
-490,395,-161,-21,-237,-150,-1311,-416
-490,393,-160,-19,-235,-149,-1311,-413
-491,389,-159,-19,-234,-148,-1311,-412
-491,385,-158,-18,-234,-148,-1311,-412
-491,385,-158,-18,-233,-147,-1309,-411
-491,386,-159,-19,-234,-148,-1310,-412
-491,390,-160,-21,-236,-150,-1310,-414
-490,394,-162,-23,-237,-151,-1311,-415
-489,397,-163,-24,-238,-151,-1312,-416
-490,398,-163,-24,-239,-152,-1312,-416
-490,395,-163,-24,-239,-152,-1314,-415
-489,391,-161,-22,-237,-151,-1316,-414
-490,387,-161,-21,-236,-151,-1319,-414
-491,383,-160,-21,-236,-151,-1321,-414
-491,383,-160,-21,-236,-151,-1320,-414
-491,385,-161,-21,-237,-152,-1319,-413
-491,389,-162,-23,-238,-153,-1317,-414
-492,393,-163,-24,-239,-154,-1317,-415
-492,396,-165,-26,-241,-155,-1317,-418
-493,398,-165,-26,-241,-155,-1317,-419
-494,396,-163,-25,-239,-153,-1314,-417
-494,391,-162,-23,-238,-151,-1312,-415
-494,389,-161,-22,-236,-149,-1311,-412
-493,385,-160,-21,-235,-148,-1310,-411
-491,382,-160,-22,-236,-149,-1311,-411
-492,385,-161,-23,-236,-150,-1313,-412
-494,390,-162,-24,-237,-151,-1314,-414
-494,394,-163,-25,-239,-153,-1316,-416
-491,395,-165,-27,-241,-155,-1319,-417
-493,396,-165,-27,-242,-156,-1320,-417
-494,395,-164,-26,-240,-154,-1318,-416
-495,392,-163,-25,-239,-153,-1317,-415
-497,390,-161,-23,-237,-152,-1316,-412
-498,388,-160,-22,-236,-151,-1315,-411
-496,386,-160,-22,-237,-152,-1316,-410
-496,389,-160,-22,-237,-152,-1318,-411
-494,390,-162,-24,-239,-154,-1320,-413
-494,393,-165,-27,-241,-157,-1322,-414
-495,397,-166,-28,-242,-157,-1322,-414
-493,395,-166,-28,-243,-158,-1321,-414
-492,392,-166,-28,-242,-157,-1321,-414
-491,387,-164,-26,-241,-156,-1320,-413
-493,385,-162,-25,-239,-154,-1318,-412
-495,384,-161,-24,-238,-153,-1317,-412
-495,383,-161,-23,-238,-153,-1317,-412
-494,385,-162,-25,-239,-155,-1319,-413
-495,389,-163,-26,-241,-157,-1321,-414
-494,391,-165,-28,-242,-158,-1324,-415
-493,392,-166,-30,-244,-160,-1326,-416
-494,394,-166,-30,-244,-161,-1327,-416
-493,392,-166,-29,-243,-160,-1325,-414
-494,388,-164,-28,-242,-159,-1326,-413
-496,386,-162,-26,-240,-157,-1326,-412
-497,383,-161,-24,-238,-156,-1324,-409
-497,383,-160,-24,-238,-155,-1323,-407
-496,384,-161,-25,-238,-155,-1323,-407
-496,389,-163,-26,-240,-155,-1322,-409
-496,393,-164,-28,-241,-156,-1322,-413
-495,395,-165,-29,-242,-158,-1323,-416
-495,395,-165,-29,-242,-159,-1323,-417
-495,392,-164,-28,-242,-158,-1322,-416
-496,390,-162,-26,-239,-156,-1320,-412
-497,387,-161,-25,-238,-154,-1317,-409
-499,384,-159,-23,-236,-153,-1315,-406
-496,381,-160,-24,-237,-153,-1316,-407
-493,380,-162,-25,-238,-155,-1318,-410
-493,384,-163,-27,-240,-157,-1319,-412
-494,389,-164,-29,-242,-158,-1321,-415
-495,393,-165,-30,-243,-159,-1324,-416
-496,395,-165,-29,-242,-160,-1326,-417
-496,392,-164,-29,-242,-159,-1327,-415
-496,389,-163,-27,-240,-158,-1326,-414
-497,386,-161,-25,-238,-156,-1323,-412
-498,383,-160,-25,-237,-155,-1321,-410
-498,382,-160,-24,-238,-155,-1320,-410
-498,386,-161,-25,-239,-157,-1321,-411
-497,389,-162,-27,-241,-159,-1324,-411
-495,391,-164,-29,-242,-161,-1327,-413
-494,393,-166,-31,-244,-162,-1329,-416
-494,393,-166,-31,-244,-162,-1329,-416
-495,391,-165,-30,-243,-161,-1327,-414
-497,388,-163,-27,-240,-158,-1323,-412
-500,386,-160,-24,-238,-155,-1318,-410
-502,386,-158,-23,-236,-152,-1315,-407
-501,385,-159,-23,-235,-153,-1314,-406
-500,385,-160,-24,-237,-154,-1316,-407
-498,388,-162,-27,-240,-157,-1319,-409
-496,390,-164,-29,-242,-159,-1321,-411
-496,393,-165,-30,-243,-161,-1324,-412
-497,393,-165,-30,-243,-162,-1326,-411
-497,390,-164,-29,-243,-162,-1327,-411
-497,386,-163,-28,-242,-161,-1327,-411
-496,383,-162,-27,-240,-159,-1326,-410
-496,380,-161,-27,-239,-158,-1324,-408
-497,380,-160,-26,-239,-157,-1324,-408
-497,382,-161,-27,-240,-158,-1326,-408
-496,386,-163,-28,-241,-160,-1328,-409
-500,385,-160,-25,-238,-156,-1322,-409
-499,382,-159,-24,-236,-155,-1320,-407
-498,380,-159,-24,-237,-155,-1320,-408
-499,382,-160,-25,-238,-156,-1321,-409
-498,385,-162,-27,-239,-158,-1322,-411
-497,388,-164,-29,-241,-159,-1322,-412
-496,390,-164,-30,-242,-160,-1322,-412
-498,392,-164,-29,-241,-159,-1321,-411
-499,390,-163,-28,-240,-158,-1321,-410
-498,386,-162,-27,-239,-157,-1320,-409
-500,383,-160,-25,-237,-156,-1319,-407
-501,382,-158,-24,-236,-155,-1319,-406
-501,382,-158,-24,-237,-155,-1320,-406
-499,383,-159,-25,-238,-156,-1321,-406
-499,386,-160,-26,-239,-158,-1324,-408
-498,388,-163,-28,-241,-160,-1327,-409
-498,390,-164,-29,-242,-162,-1330,-409
-498,391,-163,-29,-242,-161,-1332,-410
-499,390,-162,-28,-241,-160,-1332,-410
-500,386,-161,-27,-239,-159,-1331,-411
-498,380,-160,-26,-239,-158,-1329,-411
-498,377,-159,-25,-238,-157,-1326,-411
-498,376,-159,-24,-237,-156,-1322,-411
-500,379,-159,-25,-237,-155,-1319,-409
-502,386,-160,-26,-238,-156,-1318,-408
-502,390,-161,-27,-239,-157,-1319,-408
-501,392,-163,-28,-240,-158,-1321,-409
-501,393,-163,-28,-241,-159,-1323,-409
-500,390,-162,-28,-240,-159,-1324,-409
-498,384,-161,-27,-239,-158,-1323,-407
-497,380,-160,-26,-239,-158,-1324,-406
-497,376,-159,-25,-238,-157,-1323,-406
-499,377,-159,-24,-237,-157,-1324,-407
-500,380,-159,-25,-237,-157,-1324,-406
-499,383,-160,-26,-239,-158,-1325,-406
-497,385,-161,-27,-240,-160,-1327,-408
-497,388,-162,-28,-241,-160,-1327,-410
-499,391,-162,-27,-241,-160,-1326,-409
-500,390,-160,-26,-240,-160,-1325,-408
-500,386,-159,-25,-238,-158,-1325,-407
-500,384,-156,-22,-236,-156,-1323,-406
-501,381,-155,-21,-234,-155,-1322,-404
-502,382,-153,-19,-233,-154,-1322,-403
-503,386,-153,-18,-232,-152,-1320,-402
-502,389,-153,-19,-232,-153,-1321,-403
-498,389,-156,-21,-235,-155,-1322,-406
-496,390,-158,-22,-236,-156,-1323,-407
-495,391,-158,-22,-236,-156,-1324,-406
-495,389,-157,-22,-236,-157,-1325,-404
-494,385,-156,-20,-235,-156,-1327,-403
-496,382,-154,-18,-234,-155,-1327,-400
-496,380,-151,-16,-231,-153,-1325,-398
-494,378,-150,-15,-230,-152,-1323,-397
-493,380,-151,-15,-230,-151,-1321,-397
-493,386,-151,-15,-230,-150,-1319,-398
-493,390,-152,-16,-230,-151,-1318,-400
-491,392,-154,-18,-231,-151,-1317,-402
-489,391,-155,-18,-231,-151,-1316,-402
-488,389,-154,-16,-229,-149,-1314,-399
-487,385,-153,-16,-228,-147,-1313,-396
-485,381,-153,-15,-228,-146,-1313,-394
-482,378,-153,-15,-226,-144,-1310,-391
-477,377,-155,-16,-226,-144,-1310,-390
-473,376,-158,-18,-227,-146,-1311,-390
-467,375,-161,-20,-230,-148,-1315,-393
-465,376,-164,-23,-233,-151,-1317,-395
-465,377,-167,-26,-234,-152,-1318,-396
-462,375,-169,-27,-235,-153,-1318,-396
-464,372,-169,-27,-235,-153,-1317,-397
-464,367,-168,-26,-235,-153,-1318,-396
-463,360,-168,-25,-234,-153,-1318,-396
-463,357,-166,-24,-233,-151,-1317,-395
-466,357,-166,-25,-233,-152,-1318,-395
-467,360,-167,-27,-235,-154,-1321,-396
-469,366,-168,-29,-237,-157,-1323,-397
-471,371,-169,-30,-239,-158,-1324,-399
-471,375,-170,-32,-240,-159,-1326,-400
-474,378,-169,-32,-240,-159,-1327,-401
-479,378,-167,-31,-239,-158,-1326,-401
-485,378,-163,-27,-236,-156,-1323,-399
-489,376,-160,-24,-234,-154,-1320,-398
-492,372,-159,-24,-235,-155,-1321,-400
-492,368,-161,-26,-237,-157,-1324,-402
-492,370,-162,-29,-239,-160,-1326,-404
-495,375,-164,-31,-242,-162,-1328,-405
-496,379,-165,-33,-244,-165,-1332,-407
-498,383,-166,-34,-245,-167,-1334,-407
-500,385,-166,-34,-246,-167,-1336,-408
-501,384,-165,-34,-245,-167,-1337,-407
-501,380,-164,-33,-244,-166,-1337,-407
-501,376,-163,-31,-243,-164,-1336,-407
-502,374,-161,-29,-241,-162,-1334,-406
-502,372,-161,-29,-241,-162,-1333,-407
-500,372,-162,-30,-242,-163,-1333,-406
-501,376,-163,-32,-243,-163,-1332,-407
-500,379,-165,-34,-244,-164,-1333,-409
-500,383,-166,-34,-245,-165,-1333,-410
-501,385,-165,-34,-244,-164,-1332,-408
-503,385,-164,-33,-243,-164,-1331,-407
-504,382,-163,-32,-242,-163,-1331,-404
-503,377,-162,-31,-241,-163,-1331,-404
-504,373,-161,-30,-241,-163,-1331,-404
-504,372,-161,-29,-240,-163,-1330,-404
-505,374,-161,-30,-241,-164,-1331,-406
-504,377,-163,-31,-243,-166,-1332,-408
-504,381,-164,-32,-243,-167,-1333,-408
-505,385,-165,-33,-244,-167,-1334,-408
-505,387,-165,-33,-244,-166,-1333,-407
-505,385,-164,-33,-243,-166,-1333,-407
-504,380,-163,-32,-243,-166,-1334,-408
-505,377,-161,-30,-241,-165,-1333,-408
-509,378,-158,-26,-238,-162,-1331,-406
-515,383,-154,-21,-233,-158,-1329,-404
-520,391,-147,-13,-227,-153,-1325,-402
-526,403,-138,0,-217,-145,-1320,-398
-536,418,-128,12,-206,-137,-1316,-396
-548,432,-118,26,-196,-129,-1313,-396
-551,437,-112,34,-188,-122,-1311,-395
-544,432,-112,37,-183,-116,-1306,-389
-533,419,-113,38,-181,-113,-1302,-384
-522,402,-112,42,-179,-112,-1301,-380
-507,380,-112,48,-176,-110,-1300,-376
-485,359,-114,52,-173,-107,-1295,-370
-453,335,-122,52,-172,-105,-1290,-363
-413,309,-131,55,-168,-100,-1281,-355
-357,274,-145,55,-163,-91,-1266,-339
-302,244,-165,41,-164,-85,-1252,-323
-256,221,-183,23,-169,-83,-1242,-310
-220,191,-205,-4,-189,-100,-1251,-315
-202,160,-232,-44,-225,-135,-1278,-334
-195,140,-267,-100,-271,-175,-1309,-355
-196,127,-303,-162,-320,-215,-1336,-373
-223,141,-323,-210,-359,-248,-1361,-390
-267,167,-332,-244,-395,-280,-1388,-412
-318,202,-336,-273,-426,-311,-1414,-434
-350,226,-341,-299,-453,-335,-1433,-449
-364,235,-350,-320,-473,-352,-1446,-458
-380,242,-351,-320,-476,-355,-1451,-463
-391,247,-345,-304,-465,-348,-1449,-463
-394,244,-340,-287,-453,-339,-1445,-462
-396,243,-332,-271,-440,-330,-1439,-460
-404,248,-322,-252,-424,-318,-1432,-457
-416,258,-308,-229,-406,-303,-1424,-454
-438,276,-290,-203,-386,-287,-1416,-453
-459,295,-272,-179,-367,-273,-1409,-452
-469,305,-259,-158,-352,-262,-1402,-450
-472,313,-247,-138,-336,-249,-1395,-442
-474,320,-233,-117,-318,-234,-1385,-434
-476,325,-219,-95,-301,-220,-1376,-428
-481,329,-204,-76,-285,-208,-1367,-423
-487,332,-189,-57,-270,-195,-1358,-417
-491,333,-177,-44,-259,-185,-1351,-413
-496,336,-171,-36,-253,-180,-1347,-412
-498,342,-168,-33,-250,-178,-1346,-413
-499,349,-167,-31,-249,-177,-1346,-413
-500,357,-165,-29,-246,-175,-1344,-412
-500,364,-164,-28,-244,-173,-1342,-413
-501,369,-162,-26,-242,-171,-1338,-412
-502,370,-159,-24,-239,-168,-1336,-410
-503,368,-157,-21,-237,-166,-1335,-408
-505,367,-154,-18,-234,-163,-1333,-406
-508,366,-152,-16,-232,-161,-1331,-405
-509,365,-151,-14,-230,-160,-1330,-404
-511,369,-151,-14,-230,-160,-1331,-404
-513,374,-151,-14,-231,-161,-1333,-405
-513,379,-152,-16,-233,-163,-1335,-406
-512,383,-153,-16,-233,-163,-1334,-404
-510,382,-154,-16,-233,-163,-1334,-404
-508,379,-153,-15,-232,-161,-1333,-403
-510,376,-151,-12,-230,-159,-1330,-401
-513,374,-149,-10,-228,-157,-1328,-400
-513,372,-147,-9,-226,-155,-1329,-399
-512,370,-147,-9,-226,-155,-1330,-400
-511,370,-148,-9,-227,-156,-1333,-401
-510,373,-149,-10,-228,-158,-1336,-403
-509,376,-150,-11,-230,-160,-1337,-404
-509,379,-151,-12,-230,-161,-1337,-403
-508,379,-151,-12,-231,-160,-1336,-402
-508,377,-150,-10,-229,-159,-1334,-401
-510,374,-148,-8,-227,-157,-1332,-400
-511,371,-146,-7,-226,-156,-1331,-399
-511,368,-145,-5,-224,-154,-1328,-397
-511,367,-145,-4,-224,-154,-1328,-397
-511,369,-145,-5,-224,-154,-1328,-398
-510,372,-146,-5,-225,-155,-1329,-400
-510,376,-147,-6,-226,-156,-1330,-401
-510,379,-148,-7,-226,-156,-1331,-402
-509,380,-148,-7,-227,-157,-1335,-402
-509,378,-148,-6,-226,-157,-1336,-402
-508,374,-146,-4,-224,-156,-1336,-403
-509,370,-144,-2,-223,-154,-1335,-403
-509,367,-143,0,-221,-152,-1332,-401
-511,367,-142,0,-219,-150,-1329,-399
-512,370,-142,0,-219,-150,-1329,-398
-512,374,-143,0,-220,-151,-1329,-398
-510,377,-145,-1,-221,-153,-1330,-397
-509,379,-146,-1,-222,-153,-1330,-396
-509,381,-146,-1,-222,-154,-1331,-396
-509,378,-145,0,-221,-153,-1331,-397
-507,374,-144,1,-219,-152,-1331,-397
-509,371,-142,3,-218,-151,-1332,-396
-509,368,-140,4,-216,-151,-1332,-394
-508,365,-140,5,-216,-151,-1333,-393
-505,365,-141,4,-217,-153,-1336,-395
-504,368,-142,3,-219,-154,-1337,-395
-504,372,-143,2,-219,-155,-1338,-395
-505,375,-144,3,-220,-156,-1340,-395
-506,376,-143,4,-219,-155,-1339,-396
-507,376,-142,6,-216,-152,-1337,-395
-506,372,-140,8,-215,-150,-1333,-395
-506,368,-138,10,-213,-149,-1330,-394
-507,366,-136,12,-211,-148,-1328,-393
-509,367,-134,15,-209,-145,-1325,-392
-509,369,-134,15,-208,-145,-1325,-390
-507,372,-136,14,-209,-145,-1326,-391
-504,373,-137,13,-210,-147,-1329,-393
-503,374,-138,13,-211,-147,-1332,-396
-504,375,-137,14,-211,-148,-1334,-397
-502,372,-136,15,-209,-146,-1333,-396
-503,370,-134,18,-207,-144,-1330,-394
-504,367,-131,21,-203,-141,-1326,-391
-506,366,-129,24,-201,-138,-1323,-390
-506,365,-128,26,-200,-137,-1321,-389
-502,363,-129,26,-200,-137,-1321,-389
-500,365,-129,26,-200,-138,-1324,-390
-499,369,-130,26,-200,-139,-1327,-391
-498,372,-130,26,-201,-140,-1329,-392
-497,373,-131,26,-201,-142,-1329,-392
-496,372,-129,28,-200,-140,-1326,-390
-495,367,-127,31,-197,-138,-1322,-388
-497,365,-125,35,-194,-135,-1319,-386
-498,362,-122,38,-191,-132,-1316,-385
-498,361,-120,41,-189,-130,-1313,-384
-498,363,-119,42,-188,-128,-1312,-384
-496,366,-120,43,-187,-129,-1314,-384
-494,368,-121,43,-189,-130,-1315,-386
-493,370,-121,43,-189,-131,-1317,-388
-493,373,-120,45,-187,-130,-1317,-388
-493,372,-119,48,-185,-128,-1317,-388
-492,368,-117,51,-183,-126,-1315,-387
-492,365,-114,54,-179,-123,-1314,-386
-492,361,-112,57,-176,-121,-1313,-385
-491,359,-111,59,-175,-120,-1312,-384
-489,361,-111,60,-174,-119,-1311,-383
-489,365,-111,60,-175,-120,-1312,-384
-488,369,-111,60,-175,-120,-1313,-383
-488,372,-111,60,-175,-120,-1313,-382
-488,374,-112,61,-174,-120,-1313,-381
-487,371,-110,63,-173,-119,-1312,-380
-485,366,-109,65,-171,-118,-1312,-379
-484,361,-107,67,-169,-116,-1311,-378
-484,357,-105,68,-168,-115,-1311,-378
-486,358,-104,70,-167,-114,-1310,-377
-487,362,-104,70,-167,-114,-1310,-377
-486,366,-105,69,-169,-116,-1311,-378
-486,370,-107,67,-170,-118,-1313,-379
-486,372,-108,65,-172,-119,-1315,-381
-485,372,-108,65,-172,-119,-1316,-381
-484,370,-107,65,-172,-119,-1316,-380
-484,367,-106,66,-171,-118,-1315,-378
-485,364,-106,67,-171,-118,-1318,-377
-486,362,-104,67,-171,-118,-1320,-377
-485,360,-104,66,-171,-118,-1322,-378
-485,362,-105,65,-172,-119,-1323,-378
-487,365,-106,63,-174,-121,-1325,-379
-488,369,-108,60,-176,-123,-1326,-380
-488,372,-110,56,-179,-125,-1329,-383
-489,375,-111,54,-180,-126,-1329,-383
-490,374,-112,52,-181,-127,-1329,-382
-491,371,-112,51,-182,-127,-1328,-382
-490,365,-112,49,-183,-127,-1327,-382
-489,361,-112,48,-184,-127,-1327,-384
-488,358,-114,45,-185,-127,-1329,-386
-488,360,-116,41,-188,-129,-1331,-387
-489,364,-119,37,-191,-131,-1334,-386
-490,368,-122,32,-194,-134,-1335,-387
-492,372,-124,28,-196,-136,-1337,-387
-490,371,-127,24,-200,-139,-1340,-388
-489,368,-129,21,-202,-141,-1342,-388
-492,367,-129,19,-203,-141,-1344,-387
-494,365,-129,17,-204,-141,-1345,-385
-493,360,-130,16,-205,-142,-1344,-385
-492,358,-131,14,-206,-142,-1344,-386
-492,358,-133,11,-208,-144,-1345,-388
-496,363,-135,7,-210,-146,-1347,-391
-499,368,-137,4,-213,-148,-1349,-392
-501,372,-139,1,-215,-150,-1351,-393
-501,373,-140,0,-216,-151,-1352,-391
-501,373,-141,-1,-217,-151,-1353,-390
-501,370,-141,-2,-217,-152,-1356,-390
-502,366,-140,-2,-217,-152,-1356,-389
-503,363,-140,-2,-217,-151,-1357,-388
-502,360,-141,-3,-218,-152,-1359,-389
-501,360,-142,-5,-220,-153,-1362,-390
-502,364,-144,-8,-222,-155,-1365,-391
-502,367,-145,-10,-224,-157,-1369,-394
-503,370,-147,-12,-226,-158,-1371,-396
-503,371,-148,-14,-227,-159,-1372,-397
-503,370,-148,-14,-226,-159,-1372,-396
-505,369,-147,-13,-225,-158,-1372,-395
-507,367,-146,-11,-224,-157,-1372,-394
-509,364,-144,-10,-223,-155,-1371,-392
-507,361,-143,-9,-223,-155,-1371,-390
-506,360,-144,-11,-224,-156,-1373,-391
-506,362,-146,-12,-226,-157,-1376,-394
-507,367,-147,-14,-227,-159,-1378,-396
-507,370,-149,-16,-229,-160,-1380,-397
-507,371,-150,-16,-229,-162,-1382,-397
-507,371,-150,-16,-229,-161,-1383,-396
-507,367,-148,-15,-228,-160,-1384,-395
-508,363,-147,-13,-227,-159,-1385,-393
-509,360,-145,-11,-225,-157,-1385,-391
-510,359,-144,-11,-225,-157,-1387,-391
-510,360,-145,-12,-226,-158,-1391,-393
-509,363,-146,-14,-227,-160,-1394,-394
-507,366,-148,-16,-229,-162,-1397,-395
-506,368,-150,-17,-231,-164,-1399,-397
-505,369,-151,-18,-232,-164,-1400,-397
-506,369,-150,-17,-231,-163,-1401,-396
-507,366,-148,-15,-229,-162,-1402,-395
-507,361,-146,-14,-228,-161,-1403,-394
-507,357,-145,-12,-226,-159,-1403,-393
-508,356,-144,-11,-225,-158,-1403,-392
-508,357,-145,-12,-225,-159,-1403,-393
-508,360,-146,-13,-227,-160,-1405,-395
-507,364,-147,-14,-227,-161,-1404,-396
-508,368,-148,-15,-228,-161,-1404,-397
-509,370,-148,-15,-228,-161,-1405,-398
-510,370,-147,-14,-227,-160,-1407,-396
-510,366,-146,-13,-225,-158,-1409,-394
-508,361,-145,-11,-224,-157,-1410,-392
-509,359,-143,-10,-222,-156,-1410,-391
-510,358,-143,-9,-222,-156,-1410,-390
-508,358,-144,-11,-223,-157,-1410,-391
-505,359,-145,-12,-224,-158,-1413,-393
-505,362,-147,-13,-225,-160,-1415,-396
-505,365,-148,-14,-226,-161,-1417,-395
-505,368,-148,-14,-226,-160,-1418,-394
-504,366,-147,-13,-226,-160,-1420,-393
-505,362,-146,-13,-225,-159,-1422,-393
-507,360,-144,-10,-223,-158,-1422,-391
-508,358,-141,-8,-220,-154,-1420,-389
-509,358,-141,-7,-219,-153,-1420,-389
-509,358,-141,-7,-219,-154,-1421,-389
-506,360,-143,-9,-221,-155,-1423,-390
-504,363,-145,-11,-223,-157,-1426,-393
-504,367,-146,-12,-224,-158,-1428,-393
-504,368,-146,-12,-224,-159,-1430,-391
-503,365,-146,-12,-224,-159,-1431,-390
-505,361,-145,-11,-223,-157,-1432,-388
-507,359,-143,-9,-220,-155,-1433,-387
-506,355,-141,-7,-219,-154,-1433,-388
-505,354,-141,-7,-218,-153,-1433,-388
-506,357,-141,-7,-218,-152,-1434,-387
-506,362,-142,-8,-219,-153,-1435,-388
-505,364,-144,-9,-220,-154,-1437,-388
-504,366,-145,-10,-221,-154,-1437,-388
-503,366,-146,-11,-222,-155,-1438,-390
-501,363,-145,-11,-221,-155,-1439,-391
-503,361,-144,-10,-220,-154,-1439,-390
-505,359,-143,-9,-219,-153,-1440,-389
-505,356,-142,-7,-217,-151,-1439,-388
-506,355,-141,-6,-216,-151,-1438,-386
-505,357,-141,-7,-217,-151,-1439,-385
-505,361,-142,-8,-218,-151,-1441,-385
-505,365,-144,-10,-219,-153,-1445,-387
-502,365,-146,-12,-221,-155,-1448,-389
-502,366,-146,-12,-221,-155,-1450,-388
-502,365,-146,-12,-221,-155,-1453,-388
-503,361,-145,-11,-220,-155,-1456,-388
-505,359,-143,-9,-218,-153,-1458,-387
-507,357,-142,-8,-217,-152,-1459,-387
-507,356,-142,-8,-217,-152,-1458,-387
-505,355,-143,-9,-218,-153,-1459,-388
-503,357,-144,-11,-220,-155,-1461,-390
-503,361,-146,-13,-222,-156,-1464,-391
-501,363,-147,-13,-223,-157,-1466,-391
-502,364,-147,-14,-223,-158,-1467,-391
-503,364,-147,-14,-223,-158,-1469,-390
-503,361,-146,-13,-222,-158,-1471,-388
-504,358,-144,-11,-220,-156,-1474,-386
-505,355,-142,-10,-219,-155,-1474,-384
-507,355,-142,-9,-218,-154,-1473,-384
-506,355,-143,-10,-219,-155,-1474,-384
-504,358,-144,-12,-220,-156,-1475,-384
-504,362,-146,-13,-222,-157,-1477,-386
-504,364,-148,-15,-223,-158,-1480,-388
-504,366,-149,-16,-224,-159,-1482,-388
-505,365,-148,-15,-223,-158,-1484,-386
-506,362,-146,-14,-222,-157,-1486,-386
-506,359,-145,-12,-221,-156,-1487,-386
-505,355,-144,-11,-220,-155,-1487,-385
-505,351,-144,-11,-220,-155,-1488,-385
-504,350,-145,-12,-221,-156,-1489,-385
-504,355,-146,-13,-222,-157,-1493,-387
-505,359,-147,-16,-224,-159,-1497,-389
-505,363,-149,-17,-225,-161,-1500,-389
-506,367,-149,-17,-226,-161,-1502,-388
-507,367,-148,-16,-225,-161,-1502,-385
-508,363,-147,-15,-224,-160,-1503,-385
-507,358,-146,-13,-223,-158,-1504,-385
-509,355,-144,-11,-221,-156,-1504,-383
-509,354,-143,-11,-220,-155,-1505,-383
-509,354,-144,-12,-221,-156,-1507,-385
-508,357,-146,-14,-222,-157,-1509,-387
-507,361,-147,-15,-224,-158,-1511,-388
-506,364,-149,-17,-225,-160,-1514,-389
-508,366,-149,-17,-226,-161,-1516,-389
-510,366,-148,-16,-225,-160,-1517,-388
-510,363,-147,-16,-224,-159,-1518,-387
-510,358,-146,-15,-223,-159,-1520,-386
-509,355,-145,-13,-222,-158,-1521,-385
-510,354,-145,-13,-222,-157,-1523,-385
-509,355,-145,-14,-222,-158,-1525,-384
-508,358,-147,-15,-224,-160,-1528,-386
-507,360,-149,-17,-226,-162,-1530,-387
-507,363,-150,-19,-227,-163,-1532,-388
-506,364,-151,-19,-228,-164,-1534,-388
-505,362,-150,-19,-227,-163,-1535,-388
-507,359,-148,-17,-225,-161,-1534,-387
-510,357,-146,-16,-224,-160,-1534,-386
-511,354,-145,-14,-222,-158,-1534,-385
-511,353,-144,-14,-222,-158,-1536,-386
-511,355,-145,-14,-222,-159,-1537,-385
-511,359,-146,-15,-223,-160,-1539,-385
-511,362,-147,-17,-225,-161,-1542,-387
-510,363,-148,-18,-227,-162,-1544,-388
-510,365,-149,-18,-227,-163,-1547,-389
-510,363,-149,-18,-227,-163,-1548,-389
-511,360,-147,-16,-225,-162,-1548,-388
-513,358,-145,-15,-224,-160,-1548,-387
-512,354,-144,-13,-222,-158,-1549,-386
-511,353,-144,-13,-222,-158,-1550,-386
-511,353,-145,-15,-223,-160,-1552,-386
-509,354,-146,-17,-225,-162,-1556,-388
-508,357,-148,-19,-227,-164,-1560,-390
-510,362,-149,-19,-228,-164,-1562,-389
-511,366,-149,-19,-227,-164,-1562,-388
-510,363,-149,-19,-227,-164,-1565,-387
-510,359,-148,-18,-226,-163,-1566,-386
-511,357,-146,-17,-225,-162,-1568,-385
-513,356,-145,-16,-223,-161,-1571,-383
-513,353,-144,-15,-223,-161,-1573,-383
-511,353,-145,-16,-224,-161,-1574,-383
-509,354,-147,-18,-226,-164,-1576,-386
-508,358,-149,-20,-228,-166,-1578,-388
-509,360,-150,-21,-229,-167,-1580,-390
-509,362,-150,-21,-228,-166,-1581,-390
-510,362,-149,-20,-227,-164,-1580,-389
-513,361,-147,-18,-225,-162,-1579,-387
-513,357,-145,-17,-224,-160,-1579,-385
-511,352,-144,-15,-222,-159,-1579,-383
-512,351,-144,-15,-222,-159,-1580,-383
-511,353,-145,-16,-223,-160,-1583,-384
-510,355,-147,-17,-225,-162,-1586,-385
-507,356,-148,-19,-226,-163,-1588,-385
-508,358,-150,-20,-227,-164,-1591,-387
-508,359,-150,-21,-228,-165,-1594,-389
-511,361,-148,-19,-226,-164,-1595,-389
-513,360,-146,-17,-225,-161,-1594,-387
-513,356,-145,-16,-224,-161,-1594,-386
-512,353,-144,-15,-222,-160,-1595,-384
-512,351,-144,-15,-222,-160,-1596,-383
-511,352,-145,-15,-223,-160,-1598,-382
-511,354,-146,-17,-224,-162,-1602,-383
-510,357,-148,-19,-227,-165,-1607,-386
-509,359,-149,-20,-228,-166,-1610,-388
-509,361,-150,-20,-228,-167,-1612,-388
-511,361,-149,-20,-227,-166,-1612,-388
-512,358,-148,-18,-226,-164,-1611,-387
-512,354,-146,-17,-224,-163,-1611,-385
-513,352,-144,-16,-223,-160,-1610,-383
-514,351,-144,-15,-222,-160,-1611,-382
-512,351,-144,-15,-222,-160,-1613,-382
-512,354,-146,-17,-224,-162,-1616,-384
-512,357,-148,-19,-226,-164,-1621,-386
-510,358,-149,-21,-227,-166,-1624,-389
-511,360,-150,-21,-227,-166,-1625,-389
-511,360,-149,-20,-227,-165,-1626,-388
-512,357,-147,-18,-225,-164,-1625,-385
-512,353,-146,-17,-224,-163,-1624,-383
-513,351,-144,-16,-223,-162,-1624,-383
-514,350,-144,-16,-222,-161,-1626,-383
-513,350,-145,-17,-223,-162,-1628,-384
-510,352,-147,-18,-225,-164,-1630,-385
-510,356,-148,-20,-226,-165,-1631,-384
-510,360,-149,-20,-227,-166,-1632,-384
-510,361,-149,-21,-227,-166,-1635,-384
-511,359,-149,-21,-227,-166,-1636,-384
-513,358,-147,-19,-225,-164,-1637,-383
-514,354,-146,-18,-224,-163,-1638,-382
-513,350,-145,-17,-223,-162,-1639,-381
-513,348,-145,-16,-223,-163,-1641,-381
-513,349,-145,-16,-223,-163,-1642,-382
-513,352,-146,-18,-224,-164,-1644,-383
-511,354,-147,-19,-225,-165,-1645,-385
-511,357,-148,-19,-226,-166,-1647,-386
-511,359,-149,-21,-227,-166,-1646,-385
-512,360,-148,-19,-226,-165,-1647,-384
-513,358,-147,-18,-224,-163,-1648,-384
-514,354,-145,-17,-223,-162,-1648,-382
-513,350,-144,-15,-222,-161,-1649,-381
-514,349,-144,-15,-222,-161,-1651,-381
-514,350,-144,-15,-222,-161,-1653,-381
-514,354,-146,-17,-223,-163,-1656,-382
-515,358,-143,-15,-222,-162,-1671,-383
-515,361,-143,-16,-223,-163,-1673,-384
-512,361,-144,-16,-223,-164,-1674,-384
-512,361,-143,-15,-222,-162,-1675,-382
-511,358,-142,-13,-221,-161,-1675,-379
-509,353,-141,-12,-220,-160,-1676,-378
-511,350,-139,-10,-218,-159,-1676,-377
-511,348,-138,-9,-218,-158,-1676,-376
-511,349,-138,-10,-218,-159,-1679,-377
-509,352,-139,-10,-219,-160,-1681,-377
-507,356,-140,-10,-219,-160,-1682,-377
-506,358,-140,-11,-219,-160,-1684,-377
-505,361,-140,-11,-219,-161,-1686,-377
-505,362,-140,-11,-218,-159,-1685,-377
-505,358,-139,-10,-216,-157,-1684,-375
-503,352,-138,-8,-214,-155,-1682,-373
-501,347,-137,-7,-213,-153,-1682,-372
-499,344,-138,-8,-213,-153,-1682,-372
-497,346,-139,-9,-214,-153,-1682,-371
-495,350,-142,-11,-214,-154,-1683,-372
-491,353,-144,-13,-216,-154,-1685,-372
-487,355,-147,-14,-216,-155,-1686,-372
-483,352,-150,-16,-218,-156,-1688,-372
-480,348,-151,-18,-219,-157,-1691,-372
-479,343,-152,-18,-220,-158,-1692,-371
-477,337,-152,-17,-219,-158,-1693,-369
-478,332,-153,-17,-219,-157,-1694,-369
-477,327,-153,-18,-220,-158,-1697,-369
-475,327,-154,-18,-220,-159,-1699,-370
-475,329,-155,-20,-222,-161,-1702,-372
-477,334,-157,-22,-224,-163,-1704,-374
-479,338,-158,-24,-226,-165,-1707,-375
-482,342,-158,-26,-227,-166,-1709,-376
-484,342,-157,-25,-226,-165,-1710,-376
-486,342,-154,-23,-224,-163,-1711,-374
-492,343,-151,-21,-223,-162,-1711,-372
-496,340,-149,-19,-221,-161,-1712,-371
-499,340,-146,-17,-220,-160,-1713,-371
-503,342,-146,-17,-220,-160,-1715,-374
-504,342,-148,-19,-223,-163,-1719,-377
-502,344,-151,-24,-227,-167,-1723,-381
-503,346,-154,-27,-230,-170,-1727,-384
-506,349,-154,-29,-232,-172,-1730,-387
-509,350,-153,-27,-231,-171,-1732,-388
-511,349,-151,-26,-230,-170,-1733,-387
-515,349,-148,-23,-228,-168,-1733,-384
-519,348,-146,-21,-225,-166,-1733,-382
-516,343,-147,-22,-226,-167,-1735,-382
-516,344,-148,-23,-227,-168,-1738,-383
-517,348,-149,-24,-228,-169,-1742,-385
-516,351,-151,-26,-230,-172,-1747,-386
-514,352,-153,-28,-232,-174,-1751,-389
-513,352,-154,-29,-234,-175,-1753,-390
-512,351,-154,-29,-233,-175,-1752,-389
-513,348,-152,-27,-232,-173,-1750,-388
-516,346,-150,-25,-230,-171,-1749,-387
-516,342,-149,-24,-228,-169,-1749,-384
-516,340,-148,-23,-227,-168,-1750,-383
-518,343,-148,-23,-227,-168,-1751,-383
-518,347,-150,-24,-228,-169,-1753,-383
-516,350,-151,-25,-229,-171,-1754,-384
-515,351,-152,-27,-231,-173,-1757,-385
-514,353,-153,-28,-232,-174,-1758,-386
-514,351,-152,-26,-231,-173,-1758,-386
-515,348,-151,-25,-230,-172,-1758,-384
-515,344,-150,-24,-228,-171,-1760,-383
-516,342,-148,-21,-226,-169,-1759,-381
-519,342,-146,-20,-225,-168,-1758,-379
-520,344,-146,-20,-225,-168,-1759,-379
-522,352,-146,-19,-225,-168,-1760,-380
-525,360,-143,-16,-222,-166,-1761,-380
-530,369,-136,-6,-214,-160,-1758,-379
-538,380,-126,7,-203,-151,-1753,-378
-550,391,-113,23,-190,-141,-1747,-375
-563,399,-101,39,-178,-130,-1740,-371
-565,398,-95,49,-168,-121,-1733,-366
-557,390,-94,51,-162,-113,-1726,-358
-546,380,-95,52,-161,-111,-1723,-355
-536,368,-97,54,-161,-111,-1725,-355
-517,349,-100,57,-162,-113,-1727,-354
-493,331,-106,58,-161,-113,-1727,-350
-458,307,-115,58,-160,-112,-1724,-342
-413,275,-124,61,-156,-106,-1717,-331
-357,237,-138,60,-150,-96,-1704,-313
-306,206,-155,47,-151,-90,-1691,-295
-262,177,-172,28,-157,-91,-1686,-283
-231,145,-193,0,-181,-112,-1702,-291
-216,118,-222,-44,-219,-149,-1733,-314
-209,104,-259,-104,-267,-190,-1764,-335
-218,106,-294,-166,-317,-230,-1792,-354
-251,128,-313,-212,-356,-263,-1817,-374
-296,155,-321,-245,-391,-294,-1844,-398
-345,189,-324,-272,-420,-322,-1868,-418
-373,205,-329,-297,-444,-342,-1885,-431
-388,209,-335,-311,-458,-355,-1895,-437
-402,210,-333,-305,-456,-355,-1898,-442
-410,211,-327,-289,-445,-347,-1896,-441
-411,209,-321,-273,-434,-340,-1894,-439
-414,213,-316,-258,-422,-332,-1891,-437
-423,225,-307,-241,-408,-321,-1886,-434
-437,242,-294,-218,-390,-306,-1879,-431
-458,262,-275,-193,-370,-291,-1872,-428
-473,273,-260,-170,-353,-278,-1868,-428
-478,275,-246,-150,-337,-266,-1863,-425
-484,279,-232,-127,-318,-251,-1855,-419
-488,284,-216,-103,-298,-234,-1845,-412
-491,288,-200,-81,-281,-219,-1835,-404
-496,293,-187,-63,-266,-207,-1828,-400
-500,300,-175,-47,-254,-197,-1822,-396
-506,310,-166,-37,-246,-192,-1820,-394
-509,318,-162,-32,-242,-189,-1819,-393
-510,324,-160,-30,-240,-187,-1820,-393
-511,329,-158,-27,-238,-185,-1820,-391
-511,331,-155,-24,-234,-182,-1819,-389
-513,332,-152,-21,-231,-179,-1820,-386
-517,333,-148,-18,-228,-177,-1821,-384
-518,332,-145,-15,-225,-174,-1821,-382
-517,331,-144,-13,-223,-172,-1820,-381
-518,334,-142,-12,-222,-171,-1819,-381
-519,338,-142,-12,-222,-171,-1817,-382
-517,341,-144,-12,-222,-171,-1816,-382
-518,345,-144,-12,-222,-171,-1816,-384
-520,348,-144,-12,-222,-171,-1817,-385
-521,350,-143,-10,-221,-170,-1816,-383
-523,350,-141,-9,-219,-167,-1815,-380
-524,347,-139,-6,-217,-165,-1816,-378
-524,342,-137,-4,-215,-163,-1816,-376
-524,341,-136,-3,-214,-162,-1816,-374
-524,342,-137,-3,-215,-163,-1818,-376
-522,343,-138,-4,-216,-165,-1821,-379
-522,346,-140,-5,-217,-166,-1824,-381
-521,348,-141,-7,-218,-167,-1826,-383
-519,349,-141,-7,-219,-168,-1827,-384
-519,349,-140,-6,-218,-167,-1827,-382
-520,346,-139,-4,-216,-165,-1826,-380
-521,342,-137,-2,-214,-163,-1825,-377
-523,341,-135,0,-212,-161,-1824,-375
-523,340,-134,0,-212,-161,-1824,-375
-522,340,-134,0,-212,-160,-1824,-375
-522,343,-135,0,-212,-161,-1827,-376
-522,348,-136,-1,-213,-162,-1829,-378
-522,350,-137,-2,-214,-163,-1831,-380
-521,350,-138,-2,-215,-164,-1833,-381
-521,349,-137,-1,-215,-164,-1835,-380
-523,349,-136,0,-213,-163,-1835,-379
-524,347,-134,1,-211,-161,-1834,-377
-522,341,-133,2,-210,-160,-1835,-378
-521,339,-132,3,-209,-159,-1835,-376
-522,340,-132,4,-208,-159,-1836,-376
-523,343,-133,3,-209,-159,-1837,-376
-522,347,-134,2,-210,-161,-1839,-377
-520,348,-136,1,-212,-162,-1842,-377
-519,349,-137,1,-212,-163,-1844,-378
-518,348,-136,1,-211,-163,-1846,-378
-519,345,-135,3,-210,-162,-1846,-377
