Lead 1,Lead 2,Lead 3,Lead 4,Lead 5,Lead 6,Lead 7,Lead 8
-129.0,-129.0,-129.0,-129.0,-129.0,-129.0,-129.0,-129.0
5104.0,-1728.0,-2470.0,-1526.0,-3025.0,0.0,0.0,3668.0
5059.0,-1740.0,-2463.0,-1522.0,-3020.0,0.0,0.0,3684.0
5014.0,-1755.0,-2454.0,-1516.0,-3015.0,0.0,0.0,3699.0
4971.0,-1772.0,-2447.0,-1511.0,-3010.0,0.0,0.0,3713.0
4925.0,-1784.0,-2440.0,-1507.0,-3005.0,0.0,0.0,3723.0
4880.0,-1788.0,-2437.0,-1506.0,-3005.0,0.0,0.0,3734.0
4833.0,-1784.0,-2437.0,-1509.0,-3007.0,0.0,0.0,3742.0
4786.0,-1776.0,-2438.0,-1512.0,-3010.0,0.0,0.0,3750.0
4738.0,-1769.0,-2439.0,-1514.0,-3013.0,0.0,0.0,3752.0
4692.0,-1765.0,-2439.0,-1515.0,-3014.0,0.0,0.0,3756.0
4648.0,-1772.0,-2435.0,-1513.0,-3012.0,0.0,0.0,3755.0
4601.0,-1783.0,-2430.0,-1510.0,-3009.0,0.0,0.0,3756.0
4554.0,-1798.0,-2423.0,-1504.0,-3004.0,0.0,0.0,3759.0
4506.0,-1811.0,-2416.0,-1498.0,-2997.0,0.0,0.0,3762.0
4457.0,-1820.0,-2411.0,-1493.0,-2991.0,0.0,0.0,3763.0
4411.0,-1823.0,-2408.0,-1492.0,-2990.0,0.0,-521.0,3761.0
4365.0,-1819.0,-2409.0,-1493.0,-2992.0,0.0,-1333.0,3762.0
4318.0,-1811.0,-2410.0,-1496.0,-2995.0,0.0,-2135.0,3760.0
4273.0,-1802.0,-2413.0,-1499.0,-2998.0,0.0,-2927.0,3756.0
4001.0,-1838.0,-2384.0,-1474.0,-2972.0,0.0,-7474.0,3757.0
3956.0,-1838.0,-2382.0,-1472.0,-2970.0,0.0,-8199.0,3757.0
3913.0,-1832.0,-2383.0,-1473.0,-2972.0,0.0,-8915.0,3755.0
3870.0,-1822.0,-2385.0,-1476.0,-2974.0,0.0,-9622.0,3752.0
3827.0,-1812.0,-2387.0,-1478.0,-2977.0,0.0,-10321.0,3749.0
3785.0,-1806.0,-2387.0,-1479.0,-2977.0,0.0,-11010.0,3743.0
3743.0,-1809.0,-2384.0,-1477.0,-2975.0,0.0,-11691.0,3741.0
3700.0,-1817.0,-2379.0,-1473.0,-2970.0,0.0,-12363.0,3739.0
3659.0,-1828.0,-2373.0,-1467.0,-2965.0,0.0,-13028.0,3740.0
3618.0,-1840.0,-2367.0,-1462.0,-2960.0,0.0,-13683.0,3740.0
3577.0,-1848.0,-2362.0,-1458.0,-2955.0,0.0,-14331.0,3739.0
3535.0,-1847.0,-2359.0,-1456.0,-2953.0,0.0,-14970.0,3739.0
3495.0,-1840.0,-2360.0,-1458.0,-2954.0,0.0,-15602.0,3738.0
3454.0,-1829.0,-2362.0,-1461.0,-2957.0,0.0,-16225.0,3736.0
3414.0,-1818.0,-2364.0,-1464.0,-2959.0,0.0,-16841.0,3732.0
3375.0,-1810.0,-2365.0,-1466.0,-2960.0,0.0,-17449.0,3729.0
3336.0,-1811.0,-2363.0,-1465.0,-2959.0,0.0,-18050.0,3725.0
3297.0,-1818.0,-2358.0,-1461.0,-2954.0,0.0,-18643.0,3722.0
3260.0,-1830.0,-2353.0,-1457.0,-2949.0,0.0,-19228.0,3718.0
3222.0,-1841.0,-2347.0,-1453.0,-2944.0,0.0,-19807.0,3714.0
3185.0,-1850.0,-2344.0,-1450.0,-2940.0,0.0,-20378.0,3712.0
3147.0,-1849.0,-2343.0,-1450.0,-2939.0,0.0,-20942.0,3708.0
3109.0,-1839.0,-2345.0,-1454.0,-2942.0,0.0,-21499.0,3703.0
3072.0,-1828.0,-2348.0,-1459.0,-2946.0,0.0,-22049.0,3697.0
3037.0,-1818.0,-2351.0,-1464.0,-2951.0,0.0,-22592.0,3689.0
3001.0,-1811.0,-2353.0,-1467.0,-2954.0,0.0,-23128.0,3683.0
2966.0,-1811.0,-2351.0,-1467.0,-2952.0,0.0,-23658.0,3676.0
2934.0,-1821.0,-2348.0,-1464.0,-2948.0,0.0,-24181.0,3673.0
2899.0,-1832.0,-2343.0,-1460.0,-2942.0,0.0,-24697.0,3675.0
2864.0,-1841.0,-2337.0,-1456.0,-2936.0,0.0,-25207.0,3678.0
2830.0,-1848.0,-2334.0,-1454.0,-2931.0,0.0,-25711.0,3677.0
2797.0,-1848.0,-2334.0,-1456.0,-2932.0,0.0,-26208.0,3675.0
2765.0,-1840.0,-2337.0,-1461.0,-2935.0,0.0,-26699.0,3672.0
2733.0,-1829.0,-2341.0,-1466.0,-2940.0,0.0,-27184.0,3667.0
2700.0,-1818.0,-2345.0,-1472.0,-2944.0,0.0,-27663.0,3660.0
2523.0,-1854.0,-2337.0,-1471.0,-2933.0,0.0,-30414.0,3633.0
2495.0,-1855.0,-2337.0,-1474.0,-2934.0,0.0,-30852.0,3630.0
2467.0,-1848.0,-2341.0,-1479.0,-2937.0,0.0,-31286.0,3625.0
2439.0,-1839.0,-2346.0,-1486.0,-2942.0,0.0,-31713.0,3623.0
2412.0,-1829.0,-2351.0,-1492.0,-2947.0,0.0,-32136.0,3612.0
2385.0,-1823.0,-2354.0,-1496.0,-2950.0,0.0,-32553.0,3598.0
2358.0,-1824.0,-2353.0,-1497.0,-2950.0,0.0,32571.0,3592.0
2331.0,-1832.0,-2351.0,-1496.0,-2947.0,0.0,32165.0,3590.0
2305.0,-1844.0,-2347.0,-1493.0,-2943.0,0.0,31763.0,3590.0
2278.0,-1854.0,-2343.0,-1489.0,-2937.0,0.0,31366.0,3593.0
2250.0,-1860.0,-2339.0,-1487.0,-2933.0,0.0,30974.0,3594.0
2222.0,-1858.0,-2339.0,-1488.0,-2932.0,0.0,30588.0,3593.0
2196.0,-1850.0,-2342.0,-1491.0,-2935.0,0.0,30206.0,3592.0
2170.0,-1839.0,-2345.0,-1496.0,-2938.0,0.0,29828.0,3588.0
2144.0,-1828.0,-2349.0,-1500.0,-2941.0,0.0,29456.0,3579.0
2119.0,-1821.0,-2350.0,-1503.0,-2943.0,0.0,29088.0,3572.0
2094.0,-1822.0,-2349.0,-1503.0,-2941.0,0.0,28725.0,3567.0
2128.0,-1830.0,-2345.0,-1499.0,-2936.0,0.0,28366.0,3564.0
2128.0,-1841.0,-2340.0,-1494.0,-2930.0,0.0,28012.0,3560.0
2129.0,-1851.0,-2335.0,-1490.0,-2925.0,0.0,27662.0,3558.0
2128.0,-1857.0,-2332.0,-1487.0,-2921.0,0.0,27317.0,3557.0
2129.0,-1857.0,-2331.0,-1488.0,-2921.0,0.0,26975.0,3555.0
2128.0,-1849.0,-2333.0,-1491.0,-2923.0,0.0,26639.0,3549.0
2127.0,-1837.0,-2336.0,-1494.0,-2926.0,0.0,26306.0,3543.0
2127.0,-1826.0,-2339.0,-1498.0,-2929.0,0.0,25977.0,3538.0
2128.0,-1819.0,-2341.0,-1501.0,-2931.0,0.0,25653.0,3530.0
2130.0,-1821.0,-2339.0,-1501.0,-2930.0,0.0,25333.0,3526.0
2130.0,-1828.0,-2335.0,-1497.0,-2927.0,0.0,25016.0,3521.0
2129.0,-1838.0,-2330.0,-1493.0,-2921.0,0.0,24704.0,3517.0
2130.0,-1850.0,-2325.0,-1489.0,-2916.0,0.0,24395.0,3515.0
2130.0,-1857.0,-2321.0,-1484.0,-2911.0,0.0,24091.0,3514.0
2133.0,-1858.0,-2320.0,-1483.0,-2910.0,0.0,23790.0,3511.0
2133.0,-1850.0,-2322.0,-1486.0,-2912.0,0.0,23493.0,3510.0
2132.0,-1838.0,-2324.0,-1489.0,-2914.0,0.0,23199.0,3504.0
2131.0,-1826.0,-2326.0,-1492.0,-2916.0,0.0,22910.0,3497.0
2131.0,-1817.0,-2328.0,-1494.0,-2917.0,0.0,22623.0,3494.0
2131.0,-1817.0,-2326.0,-1493.0,-2916.0,0.0,22341.0,3488.0
2131.0,-1824.0,-2322.0,-1489.0,-2912.0,0.0,22062.0,3483.0
2130.0,-1834.0,-2316.0,-1483.0,-2906.0,0.0,21786.0,3483.0
2130.0,-1843.0,-2310.0,-1478.0,-2899.0,0.0,21514.0,3483.0
2131.0,-1852.0,-2306.0,-1474.0,-2895.0,0.0,21246.0,3480.0
2132.0,-1852.0,-2305.0,-1472.0,-2892.0,0.0,20980.0,3477.0
2132.0,-1844.0,-2306.0,-1473.0,-2893.0,0.0,20718.0,3473.0
2130.0,-1831.0,-2308.0,-1477.0,-2896.0,0.0,20460.0,3465.0
2130.0,-1819.0,-2311.0,-1480.0,-2898.0,0.0,20204.0,3460.0
2129.0,-1810.0,-2312.0,-1481.0,-2899.0,0.0,19952.0,3454.0
2129.0,-1809.0,-2310.0,-1480.0,-2897.0,0.0,19703.0,3450.0
2128.0,-1816.0,-2305.0,-1476.0,-2893.0,0.0,19457.0,3446.0
2129.0,-1827.0,-2300.0,-1472.0,-2888.0,0.0,19214.0,3446.0
2129.0,-1838.0,-2295.0,-1467.0,-2883.0,0.0,18974.0,3444.0
2128.0,-1846.0,-2291.0,-1463.0,-2879.0,0.0,18737.0,3440.0
2129.0,-1845.0,-2290.0,-1462.0,-2877.0,0.0,18503.0,3438.0
2130.0,-1838.0,-2292.0,-1464.0,-2878.0,0.0,18272.0,3438.0
2127.0,-1825.0,-2294.0,-1466.0,-2880.0,0.0,18043.0,3435.0
2126.0,-1812.0,-2296.0,-1469.0,-2882.0,0.0,17818.0,3435.0
2126.0,-1804.0,-2297.0,-1470.0,-2882.0,0.0,17596.0,3434.0
2126.0,-1804.0,-2295.0,-1468.0,-2879.0,0.0,17376.0,3428.0
2126.0,-1811.0,-2290.0,-1464.0,-2873.0,0.0,17159.0,3425.0
2127.0,-1822.0,-2285.0,-1459.0,-2868.0,0.0,16945.0,3424.0
2127.0,-1832.0,-2279.0,-1453.0,-2861.0,0.0,16733.0,3426.0
2127.0,-1839.0,-2275.0,-1449.0,-2856.0,0.0,16524.0,3427.0
2127.0,-1838.0,-2272.0,-1448.0,-2854.0,-634.0,16318.0,3426.0
2127.0,-1830.0,-2274.0,-1449.0,-2855.0,-1448.0,16114.0,3420.0
2128.0,-1819.0,-2276.0,-1452.0,-2858.0,-2253.0,15913.0,3414.0
2127.0,-1807.0,-2279.0,-1456.0,-2861.0,-3049.0,15714.0,3409.0
2127.0,-1798.0,-2280.0,-1458.0,-2862.0,-3832.0,15518.0,3400.0
2127.0,-1798.0,-2278.0,-1457.0,-2859.0,-4602.0,15324.0,3395.0
2127.0,-1803.0,-2274.0,-1452.0,-2854.0,-5359.0,15132.0,3393.0
2128.0,-1814.0,-2268.0,-1446.0,-2848.0,-6106.0,14943.0,3392.0
2128.0,-1824.0,-2263.0,-1442.0,-2842.0,-6843.0,14757.0,3391.0
2127.0,-1831.0,-2258.0,-1438.0,-2837.0,-7574.0,14573.0,3388.0
2129.0,-1831.0,-2257.0,-1437.0,-2835.0,-8299.0,14391.0,3384.0
2131.0,-1825.0,-2259.0,-1439.0,-2837.0,-9016.0,14211.0,3382.0
2131.0,-1813.0,-2261.0,-1442.0,-2840.0,-9727.0,14033.0,3377.0
2128.0,-1799.0,-2264.0,-1445.0,-2843.0,-10429.0,13858.0,3375.0
2128.0,-1792.0,-2265.0,-1446.0,-2843.0,-11118.0,13685.0,3368.0
2128.0,-1793.0,-2263.0,-1444.0,-2840.0,-11794.0,13514.0,3361.0
2128.0,-1800.0,-2260.0,-1442.0,-2836.0,-12464.0,13345.0,3359.0
2129.0,-1810.0,-2255.0,-1437.0,-2831.0,-13123.0,13179.0,3355.0
2129.0,-1820.0,-2249.0,-1431.0,-2824.0,-13772.0,13014.0,3356.0
2128.0,-1827.0,-2245.0,-1427.0,-2818.0,-14414.0,12852.0,3358.0
2128.0,-1826.0,-2245.0,-1427.0,-2817.0,-15053.0,12691.0,3357.0
2126.0,-1816.0,-2246.0,-1429.0,-2818.0,-15686.0,12533.0,3350.0
2126.0,-1805.0,-2248.0,-1432.0,-2820.0,-16312.0,12376.0,3345.0
2125.0,-1792.0,-2251.0,-1435.0,-2823.0,-16932.0,12222.0,3337.0
2124.0,-1784.0,-2252.0,-1437.0,-2825.0,-17542.0,12069.0,3332.0
2126.0,-1784.0,-2250.0,-1436.0,-2823.0,-18141.0,11918.0,3324.0
2126.0,-1790.0,-2246.0,-1432.0,-2819.0,-18731.0,11769.0,3318.0
2126.0,-1799.0,-2241.0,-1427.0,-2813.0,-19311.0,11622.0,3317.0
2126.0,-1809.0,-2236.0,-1423.0,-2807.0,-19884.0,11477.0,3311.0
2126.0,-1817.0,-2232.0,-1419.0,-2803.0,-20452.0,11334.0,3310.0
2125.0,-1815.0,-2231.0,-1419.0,-2802.0,-21016.0,11192.0,3309.0
2124.0,-1807.0,-2232.0,-1421.0,-2803.0,-21575.0,11053.0,3305.0
2124.0,-1794.0,-2235.0,-1424.0,-2806.0,-22128.0,10914.0,3297.0
2123.0,-1783.0,-2237.0,-1427.0,-2808.0,-22673.0,10778.0,3296.0
2122.0,-1775.0,-2239.0,-1429.0,-2809.0,-23212.0,10644.0,3294.0
2122.0,-1775.0,-2237.0,-1428.0,-2807.0,-23740.0,10511.0,3289.0
2122.0,-1781.0,-2233.0,-1424.0,-2802.0,-24258.0,10379.0,3286.0
2121.0,-1791.0,-2228.0,-1419.0,-2796.0,-24769.0,10250.0,3285.0
2120.0,-1800.0,-2223.0,-1414.0,-2790.0,-25273.0,10122.0,3284.0
2119.0,-1806.0,-2219.0,-1411.0,-2786.0,-25774.0,9995.0,3286.0
2117.0,-1803.0,-2218.0,-1409.0,-2783.0,-26269.0,9871.0,3287.0
2115.0,-1793.0,-2220.0,-1411.0,-2784.0,-26763.0,9747.0,3283.0
2114.0,-1781.0,-2222.0,-1415.0,-2786.0,-27252.0,9626.0,3277.0
2113.0,-1769.0,-2226.0,-1420.0,-2790.0,-27736.0,9505.0,3267.0
2112.0,-1759.0,-2228.0,-1423.0,-2793.0,-28212.0,9387.0,3260.0
2113.0,-1761.0,-2227.0,-1422.0,-2792.0,-28679.0,9269.0,3253.0
2113.0,-1767.0,-2223.0,-1419.0,-2788.0,-29137.0,9154.0,3246.0
2112.0,-1778.0,-2218.0,-1414.0,-2782.0,-29589.0,9039.0,3242.0
2112.0,-1788.0,-2214.0,-1410.0,-2777.0,-30034.0,8926.0,3239.0
2110.0,-1795.0,-2209.0,-1406.0,-2773.0,-30475.0,8815.0,3237.0
2108.0,-1792.0,-2208.0,-1405.0,-2772.0,-30913.0,8705.0,3232.0
2107.0,-1784.0,-2210.0,-1407.0,-2773.0,-31347.0,8596.0,3226.0
2106.0,-1773.0,-2213.0,-1410.0,-2775.0,-31778.0,8489.0,3223.0
2105.0,-1759.0,-2215.0,-1413.0,-2778.0,-32204.0,8383.0,3217.0
2104.0,-1751.0,-2217.0,-1415.0,-2779.0,-32623.0,8278.0,3211.0
2105.0,-1752.0,-2215.0,-1415.0,-2777.0,32501.0,8175.0,3206.0
2105.0,-1758.0,-2211.0,-1411.0,-2773.0,32098.0,8073.0,3203.0
2105.0,-1768.0,-2206.0,-1406.0,-2767.0,31701.0,7972.0,3199.0
2104.0,-1778.0,-2202.0,-1401.0,-2763.0,31307.0,7872.0,3195.0
2104.0,-1785.0,-2198.0,-1398.0,-2759.0,30919.0,7774.0,3194.0
2104.0,-1783.0,-2197.0,-1398.0,-2758.0,30533.0,7677.0,3193.0
2103.0,-1776.0,-2198.0,-1400.0,-2758.0,30150.0,7581.0,3193.0
2100.0,-1764.0,-2200.0,-1402.0,-2760.0,29770.0,7486.0,3189.0
2098.0,-1751.0,-2203.0,-1405.0,-2762.0,29395.0,7393.0,3183.0
2097.0,-1742.0,-2204.0,-1407.0,-2762.0,29027.0,7300.0,3178.0
2096.0,-1741.0,-2202.0,-1405.0,-2759.0,28667.0,7209.0,3177.0
2095.0,-1747.0,-2198.0,-1401.0,-2754.0,28313.0,7119.0,3176.0
2095.0,-1757.0,-2192.0,-1395.0,-2748.0,27964.0,7030.0,3175.0
2094.0,-1768.0,-2187.0,-1390.0,-2742.0,27619.0,6942.0,3176.0
2093.0,-1774.0,-2183.0,-1387.0,-2738.0,27277.0,6856.0,3177.0
2093.0,-1773.0,-2182.0,-1386.0,-2736.0,26935.0,6770.0,3174.0
2091.0,-1765.0,-2183.0,-1389.0,-2738.0,26594.0,6686.0,3167.0
2091.0,-1754.0,-2187.0,-1393.0,-2741.0,26257.0,6602.0,3160.0
2090.0,-1741.0,-2189.0,-1397.0,-2745.0,25923.0,6520.0,3152.0
2089.0,-1732.0,-2191.0,-1399.0,-2747.0,25595.0,6438.0,3143.0
2089.0,-1733.0,-2190.0,-1398.0,-2745.0,25275.0,6358.0,3137.0
2089.0,-1740.0,-2186.0,-1395.0,-2742.0,24961.0,6278.0,3130.0
2089.0,-1750.0,-2181.0,-1390.0,-2736.0,24654.0,6200.0,3127.0
2087.0,-1759.0,-2176.0,-1384.0,-2729.0,24351.0,6123.0,3127.0
2084.0,-1765.0,-2171.0,-1380.0,-2724.0,24051.0,6046.0,3126.0
2084.0,-1764.0,-2169.0,-1378.0,-2721.0,23753.0,5971.0,3126.0
2082.0,-1755.0,-2171.0,-1380.0,-2721.0,23455.0,5896.0,3125.0
2083.0,-1744.0,-2174.0,-1383.0,-2724.0,23158.0,5822.0,3120.0
2081.0,-1732.0,-2176.0,-1387.0,-2726.0,22865.0,5750.0,3114.0
2080.0,-1723.0,-2177.0,-1388.0,-2727.0,22576.0,5678.0,3106.0
2081.0,-1724.0,-2175.0,-1387.0,-2726.0,22293.0,5607.0,3098.0
2080.0,-1730.0,-2171.0,-1383.0,-2723.0,22017.0,5537.0,3093.0
2080.0,-1739.0,-2166.0,-1378.0,-2717.0,21745.0,5468.0,3090.0
2081.0,-1750.0,-2161.0,-1374.0,-2711.0,21477.0,5399.0,3089.0
2080.0,-1756.0,-2157.0,-1370.0,-2707.0,21212.0,5332.0,3087.0
2080.0,-1755.0,-2156.0,-1370.0,-2706.0,20948.0,5265.0,3085.0
2081.0,-1748.0,-2157.0,-1371.0,-2706.0,20684.0,5200.0,3081.0
2080.0,-1736.0,-2159.0,-1373.0,-2708.0,20422.0,5135.0,3075.0
2078.0,-1723.0,-2162.0,-1377.0,-2710.0,20164.0,5071.0,3069.0
2075.0,-1742.0,-2142.0,-1359.0,-2688.0,18712.0,4702.0,3036.0
2076.0,-1742.0,-2141.0,-1358.0,-2687.0,18477.0,4644.0,3026.0
2076.0,-1734.0,-2142.0,-1360.0,-2689.0,18243.0,4586.0,3020.0
2077.0,-1724.0,-2145.0,-1364.0,-2692.0,18009.0,4528.0,3014.0
2078.0,-1713.0,-2148.0,-1367.0,-2695.0,17779.0,4472.0,3009.0
2077.0,-1702.0,-2149.0,-1369.0,-2697.0,17554.0,4416.0,3004.0
2077.0,-1701.0,-2148.0,-1368.0,-2695.0,17335.0,4361.0,2999.0
2078.0,-1708.0,-2143.0,-1364.0,-2689.0,17122.0,4306.0,2994.0
2080.0,-1718.0,-2137.0,-1358.0,-2682.0,16915.0,4253.0,2992.0
2081.0,-1729.0,-2131.0,-1351.0,-2674.0,16710.0,4199.0,2992.0
2080.0,-1735.0,-2126.0,-1347.0,-2669.0,16506.0,4147.0,2995.0
2080.0,-1733.0,-2124.0,-1345.0,-2666.0,16301.0,4095.0,2992.0
2080.0,-1725.0,-2125.0,-1346.0,-2666.0,16095.0,4044.0,2989.0
2080.0,-1713.0,-2127.0,-1349.0,-2668.0,15892.0,3994.0,2986.0
2079.0,-1700.0,-2129.0,-1351.0,-2669.0,15690.0,3944.0,2978.0
2077.0,-1689.0,-2130.0,-1353.0,-2671.0,15491.0,3894.0,2970.0
2077.0,-1690.0,-2129.0,-1352.0,-2670.0,15297.0,3846.0,2965.0
2078.0,-1696.0,-2125.0,-1348.0,-2665.0,15109.0,3798.0,2957.0
2081.0,-1708.0,-2120.0,-1344.0,-2660.0,14924.0,3750.0,2952.0
2082.0,-1719.0,-2115.0,-1339.0,-2654.0,14741.0,3703.0,2953.0
2083.0,-1726.0,-2110.0,-1335.0,-2649.0,14560.0,3657.0,2950.0
2083.0,-1725.0,-2108.0,-1333.0,-2646.0,14379.0,3611.0,2950.0
2081.0,-1716.0,-2109.0,-1335.0,-2647.0,14198.0,3566.0,2951.0
2080.0,-1704.0,-2112.0,-1338.0,-2649.0,14017.0,3522.0,2944.0
2080.0,-1693.0,-2114.0,-1341.0,-2652.0,13838.0,3478.0,2937.0
2080.0,-1683.0,-2116.0,-1343.0,-2653.0,13663.0,3434.0,2932.0
2080.0,-1683.0,-2113.0,-1342.0,-2651.0,13493.0,3392.0,2925.0
2079.0,-1689.0,-2109.0,-1338.0,-2646.0,13327.0,3349.0,2920.0
2079.0,-1698.0,-2104.0,-1333.0,-2641.0,13165.0,3307.0,2920.0
2080.0,-1708.0,-2099.0,-1328.0,-2635.0,13004.0,3266.0,2921.0
2080.0,-1716.0,-2095.0,-1324.0,-2631.0,12844.0,3225.0,2920.0
2080.0,-1715.0,-2094.0,-1323.0,-2630.0,12683.0,3185.0,2918.0
2079.0,-1707.0,-2095.0,-1326.0,-2632.0,12522.0,3145.0,2914.0
2078.0,-1694.0,-2098.0,-1329.0,-2635.0,12360.0,3106.0,2907.0
2078.0,-1682.0,-2101.0,-1333.0,-2639.0,12199.0,3067.0,2901.0
2078.0,-1674.0,-2103.0,-1335.0,-2640.0,12044.0,3029.0,2896.0
2077.0,-1673.0,-2101.0,-1333.0,-2637.0,11896.0,2991.0,2889.0
2077.0,-1680.0,-2096.0,-1328.0,-2631.0,11750.0,2954.0,2884.0
2077.0,-1690.0,-2091.0,-1323.0,-2625.0,11609.0,2917.0,2882.0
2076.0,-1700.0,-2085.0,-1318.0,-2618.0,11470.0,2880.0,2884.0
2075.0,-1705.0,-2081.0,-1313.0,-2613.0,11330.0,2844.0,2888.0
2076.0,-1705.0,-2079.0,-1311.0,-2611.0,11189.0,2809.0,2888.0
2074.0,-1696.0,-2081.0,-1313.0,-2613.0,11047.0,2774.0,2884.0
2072.0,-1683.0,-2083.0,-1317.0,-2615.0,10906.0,2739.0,2879.0
2071.0,-1671.0,-2086.0,-1320.0,-2617.0,10767.0,2705.0,2875.0
2070.0,-1662.0,-2088.0,-1322.0,-2619.0,10629.0,2671.0,2869.0
2072.0,-1663.0,-2087.0,-1321.0,-2617.0,10496.0,2638.0,2861.0
2071.0,-1670.0,-2084.0,-1317.0,-2613.0,10366.0,2605.0,2859.0
2071.0,-1680.0,-2079.0,-1313.0,-2608.0,10240.0,2572.0,2859.0
2070.0,-1690.0,-2073.0,-1308.0,-2602.0,10116.0,2540.0,2854.0
2069.0,-1696.0,-2069.0,-1304.0,-2598.0,9992.0,2508.0,2852.0
2070.0,-1696.0,-2069.0,-1303.0,-2597.0,9867.0,2477.0,2845.0
2068.0,-1687.0,-2070.0,-1306.0,-2599.0,9740.0,2446.0,2843.0
2067.0,-1675.0,-2073.0,-1309.0,-2601.0,9614.0,2416.0,2840.0
2066.0,-1663.0,-2075.0,-1313.0,-2604.0,9490.0,2385.0,2837.0
2066.0,-1655.0,-2077.0,-1314.0,-2605.0,9369.0,2356.0,2833.0
2065.0,-1656.0,-2075.0,-1313.0,-2603.0,9252.0,2326.0,2832.0
2064.0,-1662.0,-2071.0,-1310.0,-2599.0,9140.0,2297.0,2828.0
2063.0,-1672.0,-2066.0,-1305.0,-2592.0,9031.0,2268.0,2824.0
2062.0,-1682.0,-2060.0,-1300.0,-2587.0,8922.0,2240.0,2826.0
2061.0,-1688.0,-2057.0,-1296.0,-2582.0,8813.0,2212.0,2826.0
2061.0,-1688.0,-2055.0,-1295.0,-2581.0,8703.0,2184.0,2822.0
2060.0,-1679.0,-2056.0,-1296.0,-2582.0,8592.0,2157.0,2822.0
2058.0,-1666.0,-2059.0,-1299.0,-2584.0,8481.0,2130.0,2818.0
2058.0,-1654.0,-2062.0,-1302.0,-2586.0,8371.0,2104.0,2811.0
2058.0,-1646.0,-2064.0,-1305.0,-2588.0,8263.0,2077.0,2805.0
2057.0,-1646.0,-2062.0,-1303.0,-2586.0,8160.0,2550.0,2801.0
2056.0,-1652.0,-2057.0,-1300.0,-2581.0,8062.0,2549.0,2799.0
2056.0,-1662.0,-2052.0,-1294.0,-2575.0,7967.0,2547.0,2798.0
2057.0,-1673.0,-2047.0,-1290.0,-2569.0,7872.0,2546.0,2798.0
2056.0,-1680.0,-2042.0,-1286.0,-2565.0,7777.0,2544.0,2798.0
2057.0,-1681.0,-2041.0,-1285.0,-2563.0,7681.0,2542.0,2795.0
2057.0,-1673.0,-2043.0,-1286.0,-2564.0,7582.0,2541.0,2789.0
2057.0,-1662.0,-2045.0,-1289.0,-2566.0,7484.0,2539.0,2779.0
2056.0,-1649.0,-2048.0,-1293.0,-2569.0,7386.0,2538.0,2774.0
2055.0,-1640.0,-2049.0,-1294.0,-2570.0,7290.0,2536.0,2770.0
2055.0,-1639.0,-2047.0,-1293.0,-2569.0,7199.0,2534.0,2765.0
2054.0,-1644.0,-2044.0,-1289.0,-2565.0,7111.0,2533.0,2763.0
2053.0,-1653.0,-2038.0,-1284.0,-2559.0,7026.0,2531.0,2761.0
2053.0,-1663.0,-2033.0,-1279.0,-2554.0,6941.0,2530.0,2761.0
2051.0,-1670.0,-2029.0,-1275.0,-2550.0,6857.0,2528.0,2763.0
2052.0,-1669.0,-2027.0,-1274.0,-2548.0,6772.0,2526.0,2760.0
2051.0,-1662.0,-2029.0,-1276.0,-2549.0,6686.0,2525.0,2757.0
2051.0,-1651.0,-2032.0,-1280.0,-2552.0,6598.0,2523.0,2754.0
2051.0,-1639.0,-2034.0,-1283.0,-2555.0,6511.0,2522.0,2752.0
2050.0,-1629.0,-2036.0,-1285.0,-2556.0,6427.0,2520.0,2747.0
2049.0,-1629.0,-2034.0,-1283.0,-2554.0,6348.0,2519.0,2744.0
2049.0,-1636.0,-2029.0,-1278.0,-2548.0,6274.0,2517.0,2743.0
2049.0,-1646.0,-2023.0,-1271.0,-2540.0,6202.0,2515.0,2743.0
2050.0,-1656.0,-2016.0,-1265.0,-2533.0,6131.0,2514.0,2743.0
2051.0,-1663.0,-2012.0,-1261.0,-2529.0,6057.0,2512.0,2746.0
2051.0,-1663.0,-2011.0,-1260.0,-2528.0,5980.0,2511.0,2747.0
2049.0,-1655.0,-2012.0,-1261.0,-2529.0,5903.0,2509.0,2746.0
2049.0,-1643.0,-2014.0,-1264.0,-2531.0,5826.0,2507.0,2743.0
2048.0,-1630.0,-2016.0,-1267.0,-2533.0,5750.0,2506.0,2738.0
2049.0,-1620.0,-2017.0,-1268.0,-2534.0,5675.0,2504.0,2732.0
2049.0,-1620.0,-2015.0,-1266.0,-2531.0,5605.0,2503.0,2728.0
2047.0,-1625.0,-2011.0,-1262.0,-2527.0,5538.0,2501.0,2727.0
2046.0,-1634.0,-2006.0,-1257.0,-2522.0,5473.0,2500.0,2725.0
2044.0,-1644.0,-2000.0,-1251.0,-2516.0,5408.0,2498.0,2723.0
2045.0,-1652.0,-1996.0,-1248.0,-2511.0,5343.0,2496.0,2724.0
2045.0,-1651.0,-1994.0,-1248.0,-2510.0,5276.0,2495.0,2725.0
2043.0,-1641.0,-1995.0,-1249.0,-2510.0,5208.0,2493.0,2721.0
2043.0,-1631.0,-1997.0,-1251.0,-2513.0,5139.0,2492.0,2716.0
2048.0,-1623.0,-2001.0,-1254.0,-2516.0,5070.0,2490.0,2709.0
2051.0,-1615.0,-2003.0,-1256.0,-2517.0,5005.0,2489.0,2705.0
2053.0,-1615.0,-2002.0,-1254.0,-2514.0,4943.0,2487.0,2703.0
2057.0,-1623.0,-1997.0,-1249.0,-2509.0,4885.0,2486.0,2702.0
2061.0,-1634.0,-1992.0,-1243.0,-2502.0,4830.0,2484.0,2701.0
2064.0,-1643.0,-1986.0,-1237.0,-2495.0,4775.0,2482.0,2703.0
2068.0,-1651.0,-1984.0,-1234.0,-2490.0,4719.0,2481.0,2706.0
2075.0,-1654.0,-1984.0,-1233.0,-2488.0,4661.0,2479.0,2708.0
2078.0,-1648.0,-1987.0,-1237.0,-2490.0,4599.0,2478.0,2710.0
2078.0,-1639.0,-1993.0,-1242.0,-2495.0,4536.0,2476.0,2709.0
2076.0,-1628.0,-1998.0,-1249.0,-2501.0,4472.0,2475.0,2705.0
2071.0,-1618.0,-2001.0,-1254.0,-2504.0,4412.0,2473.0,2703.0
2069.0,-1619.0,-2001.0,-1255.0,-2504.0,4356.0,2471.0,2696.0
2067.0,-1624.0,-1997.0,-1252.0,-2499.0,4305.0,2470.0,2696.0
2066.0,-1634.0,-1992.0,-1247.0,-2494.0,4255.0,2468.0,2697.0
2065.0,-1645.0,-1987.0,-1243.0,-2489.0,4205.0,2467.0,2696.0
2066.0,-1653.0,-1984.0,-1241.0,-2486.0,4155.0,2465.0,2696.0
2065.0,-1652.0,-1983.0,-1240.0,-2484.0,4103.0,2464.0,2700.0
2063.0,-1643.0,-1984.0,-1242.0,-2485.0,4050.0,2462.0,2701.0
2060.0,-1629.0,-1986.0,-1245.0,-2487.0,3997.0,2461.0,2702.0
2059.0,-1616.0,-1989.0,-1248.0,-2489.0,3943.0,2459.0,2702.0
2055.0,-1605.0,-1991.0,-1250.0,-2491.0,3891.0,2458.0,2700.0
2053.0,-1604.0,-1989.0,-1249.0,-2490.0,3842.0,2456.0,2699.0
2051.0,-1609.0,-1985.0,-1246.0,-2486.0,3795.0,2454.0,2698.0
2049.0,-1618.0,-1979.0,-1241.0,-2480.0,3752.0,2453.0,2699.0
2045.0,-1626.0,-1973.0,-1235.0,-2475.0,3709.0,2451.0,2703.0
2040.0,-1631.0,-1968.0,-1231.0,-2471.0,3665.0,2450.0,2706.0
2040.0,-1632.0,-1968.0,-1231.0,-2471.0,3617.0,2448.0,2704.0
2039.0,-1626.0,-1971.0,-1235.0,-2474.0,3567.0,2447.0,2700.0
2036.0,-1614.0,-1975.0,-1240.0,-2477.0,3519.0,2445.0,2695.0
2032.0,-1600.0,-1977.0,-1243.0,-2479.0,3471.0,2444.0,2689.0
2029.0,-1590.0,-1979.0,-1245.0,-2481.0,3424.0,2442.0,2687.0
2027.0,-1588.0,-1977.0,-1244.0,-2480.0,3382.0,2441.0,2686.0
2026.0,-1593.0,-1973.0,-1240.0,-2476.0,3342.0,2439.0,2688.0
2024.0,-1602.0,-1968.0,-1236.0,-2471.0,3303.0,2438.0,2688.0
2024.0,-1613.0,-1963.0,-1231.0,-2466.0,3265.0,2436.0,2691.0
2024.0,-1622.0,-1959.0,-1227.0,-2462.0,3226.0,2434.0,2693.0
2024.0,-1622.0,-1957.0,-1226.0,-2460.0,3186.0,2433.0,2692.0
2024.0,-1614.0,-1959.0,-1228.0,-2461.0,3144.0,2431.0,2692.0
2024.0,-1605.0,-1962.0,-1231.0,-2464.0,3101.0,2430.0,2693.0
2024.0,-1594.0,-1964.0,-1235.0,-2466.0,3059.0,2428.0,2692.0
2022.0,-1584.0,-1966.0,-1237.0,-2467.0,3018.0,2427.0,2692.0
2021.0,-1582.0,-1964.0,-1235.0,-2464.0,2982.0,2425.0,2695.0
2020.0,-1588.0,-1960.0,-1231.0,-2460.0,2948.0,2424.0,2696.0
2019.0,-1597.0,-1955.0,-1225.0,-2453.0,2917.0,2422.0,2700.0
2020.0,-1608.0,-1950.0,-1221.0,-2448.0,2884.0,2421.0,2703.0
2019.0,-1615.0,-1946.0,-1218.0,-2444.0,2850.0,2419.0,2707.0
2017.0,-1613.0,-1944.0,-1216.0,-2442.0,2816.0,2418.0,2708.0
2013.0,-1602.0,-1945.0,-1218.0,-2443.0,2779.0,2416.0,2707.0
2009.0,-1589.0,-1947.0,-1220.0,-2444.0,2741.0,2415.0,2706.0
2007.0,-1578.0,-1951.0,-1224.0,-2448.0,2702.0,2413.0,2705.0
2006.0,-1569.0,-1954.0,-1227.0,-2450.0,2664.0,2412.0,2703.0
2007.0,-1569.0,-1952.0,-1226.0,-2449.0,2630.0,2410.0,2701.0
2006.0,-1576.0,-1949.0,-1223.0,-2445.0,2599.0,2409.0,2701.0
2006.0,-1585.0,-1943.0,-1217.0,-2440.0,2570.0,2407.0,2701.0
2006.0,-1597.0,-1939.0,-1213.0,-2434.0,2541.0,2406.0,2700.0
2006.0,-1605.0,-1935.0,-1209.0,-2430.0,2512.0,2404.0,2707.0
2004.0,-1603.0,-1933.0,-1208.0,-2428.0,2481.0,2403.0,2715.0
1998.0,-1588.0,-1932.0,-1207.0,-2427.0,2449.0,2401.0,2721.0
1993.0,-1570.0,-1931.0,-1208.0,-2427.0,2417.0,2400.0,2724.0
1986.0,-1551.0,-1927.0,-1203.0,-2424.0,2388.0,2398.0,2727.0
1976.0,-1532.0,-1920.0,-1193.0,-2416.0,2364.0,2397.0,2733.0
1967.0,-1520.0,-1908.0,-1179.0,-2403.0,2344.0,2395.0,2741.0
1956.0,-1516.0,-1894.0,-1164.0,-2390.0,2325.0,2394.0,2748.0
1952.0,-1524.0,-1884.0,-1152.0,-2378.0,2305.0,2392.0,2754.0
1962.0,-1541.0,-1880.0,-1146.0,-2371.0,2283.0,2391.0,2759.0
1976.0,-1562.0,-1878.0,-1142.0,-2368.0,2256.0,2389.0,2764.0
1989.0,-1581.0,-1879.0,-1140.0,-2368.0,2226.0,2388.0,2765.0
2007.0,-1596.0,-1882.0,-1138.0,-2368.0,2195.0,2386.0,2760.0
2032.0,-1610.0,-1889.0,-1138.0,-2371.0,2162.0,2385.0,2760.0
2067.0,-1629.0,-1899.0,-1141.0,-2375.0,2130.0,2383.0,2761.0
2113.0,-1657.0,-1910.0,-1141.0,-2376.0,2102.0,2382.0,2763.0
2176.0,-1698.0,-1918.0,-1135.0,-2369.0,2083.0,2380.0,2768.0
2237.0,-1740.0,-1926.0,-1135.0,-2362.0,2069.0,2379.0,2783.0
2291.0,-1782.0,-1935.0,-1140.0,-2359.0,2071.0,2377.0,2795.0
2327.0,-1825.0,-1949.0,-1156.0,-2372.0,2057.0,2376.0,2797.0
2345.0,-1856.0,-1969.0,-1182.0,-2394.0,2032.0,2374.0,2790.0
2346.0,-1861.0,-1995.0,-1223.0,-2424.0,2004.0,2373.0,2782.0
2329.0,-1843.0,-2025.0,-1274.0,-2458.0,1975.0,2371.0,2777.0
2293.0,-1807.0,-2046.0,-1318.0,-2487.0,1950.0,2370.0,2774.0
2245.0,-1760.0,-2056.0,-1349.0,-2509.0,1929.0,2368.0,2768.0
2184.0,-1707.0,-2058.0,-1374.0,-2527.0,1911.0,2367.0,2763.0
2146.0,-1681.0,-2062.0,-1397.0,-2543.0,1896.0,2365.0,2754.0
2123.0,-1675.0,-2064.0,-1410.0,-2553.0,1886.0,2364.0,2738.0
2095.0,-1675.0,-2057.0,-1406.0,-2552.0,1883.0,2362.0,2717.0
2081.0,-1683.0,-2049.0,-1393.0,-2546.0,1884.0,2361.0,2697.0
2076.0,-1688.0,-2041.0,-1378.0,-2535.0,1889.0,2359.0,2677.0
2072.0,-1682.0,-2035.0,-1367.0,-2526.0,1894.0,2358.0,2643.0
2058.0,-1664.0,-2030.0,-1357.0,-2518.0,1897.0,2356.0,2586.0
2044.0,-1643.0,-2022.0,-1344.0,-2510.0,1900.0,2355.0,2502.0
2020.0,-1616.0,-2010.0,-1328.0,-2498.0,1907.0,2353.0,2418.0
1999.0,-1593.0,-1997.0,-1311.0,-2485.0,1914.0,2352.0,2348.0
1990.0,-1585.0,-1984.0,-1295.0,-2472.0,1922.0,2350.0,2288.0
1985.0,-1586.0,-1971.0,-1278.0,-2458.0,1932.0,2349.0,2252.0
1987.0,-1594.0,-1958.0,-1259.0,-2442.0,1943.0,2347.0,2227.0
1990.0,-1603.0,-1943.0,-1239.0,-2425.0,1955.0,2346.0,2203.0
1988.0,-1608.0,-1929.0,-1220.0,-2410.0,1964.0,2344.0,2193.0
1988.0,-1605.0,-1918.0,-1207.0,-2398.0,1972.0,2343.0,2190.0
1984.0,-1593.0,-1911.0,-1197.0,-2391.0,1975.0,2341.0,2183.0
1979.0,-1576.0,-1907.0,-1192.0,-2387.0,1974.0,2340.0,2170.0
1976.0,-1562.0,-1906.0,-1191.0,-2388.0,1971.0,2338.0,2151.0
1973.0,-1550.0,-1904.0,-1190.0,-2387.0,1968.0,2337.0,2117.0
1974.0,-1545.0,-1899.0,-1186.0,-2381.0,1970.0,2336.0,2072.0
1973.0,-1547.0,-1893.0,-1179.0,-2374.0,1975.0,2334.0,2033.0
1972.0,-1554.0,-1885.0,-1172.0,-2366.0,1981.0,2333.0,2011.0
1972.0,-1562.0,-1879.0,-1166.0,-2359.0,1986.0,2331.0,1994.0
1970.0,-1566.0,-1874.0,-1160.0,-2352.0,1990.0,2330.0,1970.0
1968.0,-1563.0,-1871.0,-1158.0,-2349.0,1992.0,2328.0,1952.0
1967.0,-1554.0,-1872.0,-1159.0,-2349.0,1989.0,2327.0,1982.0
1967.0,-1544.0,-1874.0,-1162.0,-2351.0,1983.0,2325.0,1995.0
1967.0,-1532.0,-1877.0,-1165.0,-2354.0,1981.0,2324.0,1990.0
1964.0,-1521.0,-1878.0,-1166.0,-2355.0,1984.0,2322.0,1992.0
1963.0,-1520.0,-1876.0,-1164.0,-2353.0,1986.0,2321.0,1993.0
1964.0,-1528.0,-1872.0,-1161.0,-2348.0,1989.0,2319.0,1992.0
1966.0,-1538.0,-1867.0,-1155.0,-2342.0,1994.0,2318.0,1983.0
1966.0,-1547.0,-1861.0,-1149.0,-2336.0,2000.0,2317.0,1972.0
1966.0,-1555.0,-1857.0,-1145.0,-2331.0,2003.0,2315.0,1963.0
1965.0,-1555.0,-1855.0,-1143.0,-2329.0,2003.0,2314.0,1951.0
1962.0,-1545.0,-1856.0,-1145.0,-2330.0,2000.0,2312.0,1938.0
1962.0,-1533.0,-1859.0,-1147.0,-2332.0,1997.0,2311.0,1922.0
1961.0,-1520.0,-1861.0,-1150.0,-2335.0,1993.0,2309.0,1900.0
1961.0,-1511.0,-1863.0,-1152.0,-2336.0,1989.0,2308.0,1881.0
1960.0,-1509.0,-1860.0,-1150.0,-2333.0,1989.0,2306.0,1870.0
1960.0,-1516.0,-1855.0,-1146.0,-2329.0,1993.0,2305.0,1861.0
1962.0,-1527.0,-1850.0,-1141.0,-2323.0,1996.0,2303.0,1853.0
1964.0,-1539.0,-1845.0,-1136.0,-2318.0,1999.0,2302.0,1848.0
1964.0,-1546.0,-1841.0,-1132.0,-2314.0,2000.0,2301.0,1838.0
1963.0,-1546.0,-1840.0,-1130.0,-2312.0,1999.0,2299.0,1823.0
1963.0,-1538.0,-1842.0,-1133.0,-2314.0,1994.0,2298.0,1815.0
1964.0,-1528.0,-1845.0,-1136.0,-2317.0,1988.0,2296.0,1811.0
1963.0,-1516.0,-1848.0,-1140.0,-2320.0,1982.0,2295.0,1803.0
1962.0,-1508.0,-1851.0,-1143.0,-2323.0,1975.0,2293.0,1798.0
1959.0,-1507.0,-1849.0,-1141.0,-2321.0,1974.0,2292.0,1797.0
1958.0,-1513.0,-1844.0,-1137.0,-2316.0,1977.0,2290.0,1796.0
1957.0,-1522.0,-1838.0,-1132.0,-2309.0,1982.0,2289.0,1800.0
1955.0,-1532.0,-1833.0,-1127.0,-2303.0,1985.0,2288.0,1805.0
1953.0,-1539.0,-1830.0,-1123.0,-2299.0,1985.0,2286.0,1810.0
1953.0,-1540.0,-1828.0,-1121.0,-2297.0,1985.0,2285.0,1808.0
1951.0,-1533.0,-1830.0,-1124.0,-2298.0,1982.0,2283.0,1801.0
1948.0,-1520.0,-1833.0,-1127.0,-2300.0,1976.0,2282.0,1788.0
1945.0,-1507.0,-1836.0,-1131.0,-2303.0,1970.0,2280.0,1772.0
1945.0,-1499.0,-1838.0,-1133.0,-2306.0,1964.0,2279.0,1756.0
1945.0,-1500.0,-1837.0,-1132.0,-2304.0,1961.0,2278.0,1740.0
1944.0,-1507.0,-1833.0,-1128.0,-2300.0,1962.0,2276.0,1719.0
1942.0,-1516.0,-1828.0,-1122.0,-2294.0,1965.0,2275.0,1701.0
1942.0,-1527.0,-1823.0,-1117.0,-2288.0,1969.0,2273.0,1687.0
1941.0,-1534.0,-1819.0,-1112.0,-2283.0,1973.0,2272.0,1675.0
1939.0,-1532.0,-1816.0,-1110.0,-2280.0,1973.0,2270.0,1668.0
1940.0,-1525.0,-1817.0,-1111.0,-2281.0,1970.0,2269.0,1655.0
1939.0,-1514.0,-1819.0,-1114.0,-2282.0,1965.0,2268.0,1645.0
1938.0,-1501.0,-1821.0,-1117.0,-2285.0,1959.0,2266.0,1636.0
1936.0,-1490.0,-1821.0,-1118.0,-2286.0,1955.0,2265.0,1624.0
1937.0,-1491.0,-1819.0,-1116.0,-2284.0,1953.0,2263.0,1611.0
1937.0,-1497.0,-1816.0,-1113.0,-2281.0,1954.0,2262.0,1598.0
1937.0,-1506.0,-1811.0,-1107.0,-2275.0,1956.0,2260.0,1592.0
1937.0,-1517.0,-1806.0,-1103.0,-2270.0,1958.0,2259.0,1588.0
1938.0,-1525.0,-1802.0,-1099.0,-2265.0,1960.0,2258.0,1580.0
1938.0,-1525.0,-1801.0,-1097.0,-2263.0,1960.0,2256.0,1573.0
1938.0,-1517.0,-1802.0,-1098.0,-2263.0,1956.0,2255.0,1565.0
1938.0,-1505.0,-1804.0,-1100.0,-2265.0,1951.0,2253.0,1556.0
1936.0,-1491.0,-1806.0,-1104.0,-2268.0,1946.0,2252.0,1554.0
1935.0,-1481.0,-1807.0,-1105.0,-2268.0,1942.0,2251.0,1550.0
1935.0,-1481.0,-1805.0,-1102.0,-2266.0,1941.0,2249.0,1548.0
1934.0,-1487.0,-1800.0,-1098.0,-2262.0,1942.0,2248.0,1551.0
1934.0,-1497.0,-1796.0,-1093.0,-2256.0,1945.0,2246.0,1554.0
1934.0,-1507.0,-1791.0,-1086.0,-2249.0,1949.0,2245.0,1557.0
1935.0,-1514.0,-1786.0,-1082.0,-2245.0,1951.0,2243.0,1560.0
1933.0,-1513.0,-1784.0,-1080.0,-2242.0,1950.0,2242.0,1566.0
1933.0,-1507.0,-1786.0,-1081.0,-2243.0,1946.0,2241.0,1568.0
1932.0,-1497.0,-1788.0,-1084.0,-2245.0,1941.0,2239.0,1569.0
1931.0,-1484.0,-1790.0,-1086.0,-2247.0,1936.0,2238.0,1565.0
1932.0,-1476.0,-1791.0,-1087.0,-2248.0,1931.0,2236.0,1566.0
1932.0,-1477.0,-1790.0,-1086.0,-2247.0,1930.0,2235.0,1569.0
1930.0,-1481.0,-1786.0,-1081.0,-2241.0,1932.0,2234.0,1570.0
1929.0,-1489.0,-1780.0,-1075.0,-2235.0,1936.0,2232.0,1576.0
1927.0,-1498.0,-1774.0,-1069.0,-2228.0,1940.0,2231.0,1582.0
1929.0,-1507.0,-1770.0,-1064.0,-2223.0,1943.0,2229.0,1585.0
1931.0,-1509.0,-1769.0,-1062.0,-2220.0,1942.0,2228.0,1585.0
1928.0,-1499.0,-1769.0,-1062.0,-2221.0,1937.0,2227.0,1577.0
1927.0,-1487.0,-1771.0,-1064.0,-2223.0,1931.0,2225.0,1560.0
1926.0,-1476.0,-1773.0,-1066.0,-2226.0,1926.0,2224.0,1492.0
1927.0,-1467.0,-1774.0,-1067.0,-2228.0,1921.0,2222.0,1361.0
1927.0,-1469.0,-1773.0,-1065.0,-2226.0,1920.0,2221.0,1265.0
1927.0,-1476.0,-1769.0,-1060.0,-2221.0,1922.0,2220.0,1190.0
1926.0,-1484.0,-1762.0,-1053.0,-2213.0,1927.0,2218.0,1133.0
1926.0,-1495.0,-1757.0,-1047.0,-2207.0,1930.0,2217.0,1084.0
1924.0,-1501.0,-1753.0,-1042.0,-2202.0,1932.0,2215.0,1041.0
1922.0,-1499.0,-1751.0,-1040.0,-2199.0,1932.0,2214.0,1000.0
1921.0,-1491.0,-1752.0,-1040.0,-2199.0,1930.0,2213.0,964.0
1922.0,-1482.0,-1754.0,-1042.0,-2201.0,1926.0,2211.0,930.0
1921.0,-1470.0,-1756.0,-1045.0,-2203.0,1921.0,2210.0,898.0
1919.0,-1460.0,-1757.0,-1047.0,-2204.0,1916.0,2208.0,870.0
1918.0,-1458.0,-1755.0,-1044.0,-2202.0,1917.0,2207.0,844.0
1918.0,-1463.0,-1750.0,-1040.0,-2197.0,1919.0,2206.0,829.0
1916.0,-1472.0,-1745.0,-1035.0,-2192.0,1921.0,2204.0,817.0
1914.0,-1481.0,-1739.0,-1029.0,-2186.0,1924.0,2203.0,809.0
1913.0,-1486.0,-1735.0,-1025.0,-2181.0,1927.0,2202.0,803.0
1912.0,-1485.0,-1734.0,-1025.0,-2180.0,1925.0,2200.0,793.0
1908.0,-1476.0,-1736.0,-1027.0,-2181.0,1920.0,2199.0,783.0
1904.0,-1463.0,-1738.0,-1030.0,-2184.0,1914.0,2197.0,771.0
1903.0,-1450.0,-1741.0,-1033.0,-2187.0,1909.0,2196.0,757.0
1901.0,-1441.0,-1743.0,-1035.0,-2189.0,1904.0,2195.0,745.0
1899.0,-1440.0,-1742.0,-1035.0,-2189.0,1901.0,2193.0,734.0
1899.0,-1448.0,-1739.0,-1032.0,-2186.0,1902.0,2192.0,725.0
1896.0,-1456.0,-1734.0,-1028.0,-2181.0,1905.0,2190.0,718.0
1895.0,-1467.0,-1729.0,-1023.0,-2175.0,1908.0,2189.0,714.0
1893.0,-1475.0,-1726.0,-1021.0,-2172.0,1908.0,2188.0,709.0
1889.0,-1473.0,-1726.0,-1022.0,-2172.0,1905.0,2186.0,700.0
1889.0,-1466.0,-1728.0,-1025.0,-2174.0,1900.0,2185.0,693.0
1887.0,-1454.0,-1731.0,-1029.0,-2177.0,1895.0,2184.0,684.0
1884.0,-1440.0,-1734.0,-1034.0,-2180.0,1889.0,2182.0,677.0
1881.0,-1429.0,-1736.0,-1037.0,-2182.0,1885.0,2181.0,671.0
1879.0,-1428.0,-1735.0,-1037.0,-2181.0,1885.0,2180.0,667.0
1878.0,-1434.0,-1731.0,-1034.0,-2178.0,1886.0,2178.0,667.0
1877.0,-1445.0,-1727.0,-1031.0,-2173.0,1889.0,2177.0,668.0
1876.0,-1455.0,-1723.0,-1027.0,-2168.0,1892.0,2175.0,669.0
1875.0,-1464.0,-1721.0,-1026.0,-2165.0,1892.0,2174.0,672.0
1874.0,-1464.0,-1722.0,-1028.0,-2166.0,1889.0,2173.0,674.0
1874.0,-1457.0,-1725.0,-1033.0,-2169.0,1884.0,2171.0,671.0
1875.0,-1447.0,-1730.0,-1039.0,-2174.0,1877.0,2170.0,666.0
1875.0,-1437.0,-1735.0,-1046.0,-2179.0,1870.0,2169.0,662.0
1874.0,-1428.0,-1739.0,-1051.0,-2182.0,1865.0,2167.0,660.0
1875.0,-1429.0,-1739.0,-1052.0,-2182.0,1863.0,2166.0,659.0
1875.0,-1437.0,-1737.0,-1052.0,-2180.0,1862.0,2164.0,661.0
1874.0,-1447.0,-1733.0,-1050.0,-2177.0,1863.0,2163.0,667.0
1873.0,-1458.0,-1730.0,-1048.0,-2174.0,1865.0,2162.0,671.0
1875.0,-1468.0,-1728.0,-1046.0,-2170.0,1865.0,2160.0,676.0
1875.0,-1469.0,-1728.0,-1047.0,-2171.0,1863.0,2159.0,682.0
1873.0,-1461.0,-1732.0,-1051.0,-2174.0,1857.0,2158.0,682.0
1872.0,-1451.0,-1737.0,-1057.0,-2178.0,1851.0,2156.0,682.0
1869.0,-1439.0,-1741.0,-1062.0,-2182.0,1845.0,2155.0,682.0
1868.0,-1429.0,-1745.0,-1067.0,-2185.0,1839.0,2154.0,683.0
1868.0,-1429.0,-1745.0,-1068.0,-2184.0,1838.0,2152.0,682.0
1868.0,-1436.0,-1743.0,-1067.0,-2181.0,1841.0,2151.0,686.0
1868.0,-1446.0,-1739.0,-1063.0,-2176.0,1844.0,2150.0,690.0
1866.0,-1456.0,-1734.0,-1060.0,-2171.0,1847.0,2148.0,698.0
1866.0,-1465.0,-1731.0,-1057.0,-2167.0,1848.0,2147.0,707.0
1864.0,-1465.0,-1730.0,-1057.0,-2166.0,1848.0,2146.0,716.0
1861.0,-1456.0,-1732.0,-1060.0,-2167.0,1844.0,2144.0,723.0
1859.0,-1444.0,-1735.0,-1065.0,-2170.0,1838.0,2143.0,730.0
1857.0,-1432.0,-1739.0,-1069.0,-2174.0,1831.0,2141.0,734.0
1855.0,-1422.0,-1742.0,-1073.0,-2177.0,1826.0,2140.0,742.0
1853.0,-1421.0,-1742.0,-1073.0,-2176.0,1824.0,2139.0,747.0
1853.0,-1429.0,-1739.0,-1071.0,-2174.0,1824.0,2137.0,752.0
1855.0,-1441.0,-1736.0,-1067.0,-2170.0,1826.0,2136.0,760.0
1856.0,-1454.0,-1732.0,-1063.0,-2165.0,1828.0,2135.0,767.0
1854.0,-1461.0,-1728.0,-1061.0,-2161.0,1830.0,2133.0,777.0
1849.0,-1457.0,-1726.0,-1059.0,-2159.0,1829.0,2132.0,786.0
1847.0,-1450.0,-1728.0,-1061.0,-2161.0,1825.0,2131.0,792.0
1848.0,-1441.0,-1731.0,-1065.0,-2165.0,1818.0,2129.0,794.0
1848.0,-1429.0,-1735.0,-1071.0,-2170.0,1810.0,2128.0,796.0
1845.0,-1419.0,-1737.0,-1073.0,-2172.0,1805.0,2127.0,800.0
1845.0,-1418.0,-1737.0,-1074.0,-2171.0,1802.0,2125.0,805.0
1845.0,-1426.0,-1734.0,-1071.0,-2168.0,1802.0,2124.0,810.0
1845.0,-1436.0,-1729.0,-1066.0,-2162.0,1807.0,2123.0,821.0
1845.0,-1446.0,-1724.0,-1061.0,-2155.0,1812.0,2121.0,833.0
1844.0,-1454.0,-1719.0,-1056.0,-2150.0,1816.0,2120.0,845.0
1842.0,-1454.0,-1718.0,-1055.0,-2148.0,1817.0,2119.0,855.0
1841.0,-1445.0,-1720.0,-1056.0,-2149.0,1814.0,2117.0,864.0
1838.0,-1432.0,-1722.0,-1059.0,-2152.0,1809.0,2116.0,874.0
1836.0,-1420.0,-1724.0,-1063.0,-2155.0,1804.0,2115.0,880.0
1836.0,-1411.0,-1726.0,-1065.0,-2157.0,1798.0,2113.0,886.0
1834.0,-1410.0,-1725.0,-1064.0,-2155.0,1796.0,2112.0,891.0
1834.0,-1416.0,-1722.0,-1061.0,-2151.0,1798.0,2111.0,897.0
1837.0,-1427.0,-1717.0,-1056.0,-2146.0,1801.0,2109.0,904.0
1837.0,-1439.0,-1711.0,-1052.0,-2141.0,1804.0,2108.0,914.0
1834.0,-1446.0,-1706.0,-1048.0,-2136.0,1806.0,2107.0,921.0
1835.0,-1447.0,-1706.0,-1048.0,-2135.0,1804.0,2105.0,926.0
1834.0,-1438.0,-1709.0,-1051.0,-2137.0,1798.0,2104.0,934.0
1832.0,-1427.0,-1712.0,-1054.0,-2140.0,1793.0,2103.0,940.0
1831.0,-1415.0,-1715.0,-1058.0,-2143.0,1788.0,2101.0,947.0
1830.0,-1407.0,-1717.0,-1061.0,-2146.0,1783.0,2100.0,951.0
1829.0,-1406.0,-1716.0,-1060.0,-2144.0,1782.0,2099.0,955.0
1829.0,-1414.0,-1713.0,-1057.0,-2140.0,1783.0,2098.0,960.0
1828.0,-1425.0,-1709.0,-1053.0,-2135.0,1786.0,2096.0,971.0
1827.0,-1436.0,-1704.0,-1048.0,-2130.0,1789.0,2095.0,982.0
1825.0,-1444.0,-1701.0,-1044.0,-2126.0,1790.0,2094.0,993.0
1823.0,-1443.0,-1700.0,-1043.0,-2125.0,1790.0,2092.0,1003.0
1822.0,-1436.0,-1702.0,-1046.0,-2126.0,1787.0,2091.0,1012.0
1818.0,-1423.0,-1705.0,-1049.0,-2128.0,1783.0,2090.0,1017.0
1816.0,-1411.0,-1709.0,-1053.0,-2130.0,1778.0,2088.0,1021.0
1812.0,-1400.0,-1711.0,-1055.0,-2132.0,1772.0,2087.0,1022.0
1812.0,-1399.0,-1709.0,-1053.0,-2131.0,1772.0,2086.0,1027.0
1810.0,-1403.0,-1704.0,-1049.0,-2126.0,1775.0,2084.0,1032.0
1809.0,-1413.0,-1699.0,-1044.0,-2121.0,1777.0,2083.0,1037.0
1808.0,-1424.0,-1694.0,-1039.0,-2115.0,1780.0,2082.0,1044.0
1808.0,-1433.0,-1690.0,-1035.0,-2111.0,1782.0,2080.0,1052.0
1811.0,-1435.0,-1690.0,-1035.0,-2110.0,1780.0,2079.0,1054.0
1812.0,-1428.0,-1692.0,-1038.0,-2113.0,1775.0,2078.0,1059.0
1814.0,-1418.0,-1696.0,-1042.0,-2117.0,1769.0,2077.0,1062.0
1812.0,-1405.0,-1699.0,-1045.0,-2119.0,1764.0,2075.0,1068.0
1810.0,-1395.0,-1700.0,-1047.0,-2120.0,1761.0,2074.0,1076.0
1810.0,-1394.0,-1699.0,-1046.0,-2118.0,1762.0,2073.0,1082.0
1811.0,-1400.0,-1696.0,-1043.0,-2114.0,1763.0,2071.0,1090.0
1812.0,-1410.0,-1691.0,-1039.0,-2110.0,1765.0,2070.0,1099.0
1811.0,-1420.0,-1685.0,-1034.0,-2104.0,1768.0,2069.0,1109.0
1809.0,-1427.0,-1680.0,-1029.0,-2098.0,1772.0,2067.0,1119.0
1808.0,-1427.0,-1680.0,-1029.0,-2097.0,1771.0,2066.0,1128.0
1808.0,-1422.0,-1682.0,-1031.0,-2099.0,1766.0,2065.0,1133.0
1806.0,-1411.0,-1686.0,-1035.0,-2103.0,1761.0,2064.0,1139.0
1805.0,-1399.0,-1688.0,-1038.0,-2105.0,1755.0,2062.0,1146.0
1805.0,-1391.0,-1691.0,-1040.0,-2106.0,1752.0,2061.0,1153.0
1804.0,-1392.0,-1690.0,-1040.0,-2105.0,1751.0,2060.0,1158.0
1804.0,-1397.0,-1688.0,-1037.0,-2102.0,1752.0,2058.0,1165.0
1803.0,-1406.0,-1682.0,-1032.0,-2096.0,1755.0,2057.0,1173.0
1801.0,-1417.0,-1676.0,-1027.0,-2091.0,1758.0,2056.0,1182.0
1801.0,-1424.0,-1672.0,-1023.0,-2086.0,1760.0,2054.0,1192.0
1801.0,-1424.0,-1671.0,-1023.0,-2085.0,1759.0,2053.0,1197.0
1800.0,-1417.0,-1673.0,-1025.0,-2086.0,1755.0,2052.0,1204.0
1800.0,-1407.0,-1676.0,-1029.0,-2089.0,1749.0,2051.0,1210.0
1799.0,-1395.0,-1679.0,-1033.0,-2091.0,1744.0,2049.0,1215.0
1798.0,-1385.0,-1681.0,-1035.0,-2093.0,1740.0,2048.0,1217.0
1799.0,-1386.0,-1680.0,-1034.0,-2092.0,1739.0,2047.0,1220.0
1797.0,-1393.0,-1677.0,-1030.0,-2089.0,1739.0,2045.0,1226.0
1796.0,-1403.0,-1673.0,-1026.0,-2085.0,1741.0,2044.0,1234.0
1797.0,-1415.0,-1669.0,-1023.0,-2081.0,1742.0,2043.0,1240.0
1796.0,-1422.0,-1665.0,-1020.0,-2076.0,1744.0,2042.0,1251.0
1795.0,-1421.0,-1663.0,-1018.0,-2073.0,1745.0,2040.0,1257.0
1793.0,-1412.0,-1664.0,-1019.0,-2073.0,1743.0,2039.0,1265.0
1792.0,-1400.0,-1666.0,-1023.0,-2075.0,1739.0,2038.0,1269.0
1791.0,-1388.0,-1670.0,-1027.0,-2078.0,1733.0,2036.0,1268.0
1790.0,-1379.0,-1672.0,-1030.0,-2080.0,1730.0,2035.0,1271.0
1789.0,-1378.0,-1671.0,-1029.0,-2079.0,1729.0,2034.0,1275.0
1787.0,-1384.0,-1668.0,-1027.0,-2076.0,1729.0,2033.0,1278.0
1788.0,-1394.0,-1664.0,-1023.0,-2071.0,1731.0,2031.0,1286.0
1790.0,-1406.0,-1659.0,-1018.0,-2066.0,1734.0,2030.0,1295.0
1790.0,-1414.0,-1656.0,-1015.0,-2063.0,1735.0,2029.0,1301.0
1788.0,-1414.0,-1655.0,-1014.0,-2061.0,1733.0,2027.0,1306.0
1787.0,-1407.0,-1657.0,-1017.0,-2062.0,1728.0,2026.0,1306.0
1787.0,-1397.0,-1661.0,-1021.0,-2066.0,1722.0,2025.0,1306.0
1784.0,-1384.0,-1663.0,-1025.0,-2070.0,1716.0,2024.0,1310.0
1784.0,-1373.0,-1666.0,-1029.0,-2072.0,1712.0,2022.0,1312.0
1783.0,-1371.0,-1664.0,-1028.0,-2071.0,1712.0,2021.0,1313.0
1781.0,-1377.0,-1661.0,-1024.0,-2066.0,1714.0,2020.0,1316.0
1782.0,-1389.0,-1657.0,-1020.0,-2062.0,1715.0,2019.0,1319.0
1784.0,-1401.0,-1653.0,-1016.0,-2058.0,1716.0,2017.0,1328.0
1783.0,-1409.0,-1648.0,-1012.0,-2053.0,1720.0,2016.0,1338.0
1779.0,-1406.0,-1644.0,-1009.0,-2049.0,1722.0,2015.0,1346.0
1778.0,-1398.0,-1645.0,-1011.0,-2050.0,1719.0,2014.0,1354.0
1776.0,-1388.0,-1649.0,-1014.0,-2053.0,1713.0,2012.0,1357.0
1777.0,-1378.0,-1653.0,-1018.0,-2057.0,1708.0,2011.0,1359.0
1775.0,-1368.0,-1657.0,-1022.0,-2060.0,1704.0,2010.0,1363.0
1773.0,-1366.0,-1657.0,-1021.0,-2058.0,1703.0,2008.0,1364.0
1771.0,-1371.0,-1653.0,-1019.0,-2054.0,1706.0,2007.0,1367.0
1768.0,-1379.0,-1648.0,-1015.0,-2049.0,1710.0,2006.0,1375.0
1766.0,-1390.0,-1642.0,-1010.0,-2043.0,1713.0,2005.0,1378.0
1764.0,-1397.0,-1639.0,-1006.0,-2039.0,1715.0,2003.0,1384.0
1761.0,-1397.0,-1638.0,-1005.0,-2038.0,1713.0,2002.0,1391.0
1759.0,-1388.0,-1640.0,-1007.0,-2039.0,1709.0,2001.0,1394.0
1759.0,-1377.0,-1643.0,-1011.0,-2044.0,1702.0,2000.0,1395.0
1760.0,-1367.0,-1647.0,-1014.0,-2048.0,1694.0,1998.0,1392.0
1758.0,-1358.0,-1649.0,-1018.0,-2051.0,1688.0,1997.0,1389.0
1757.0,-1357.0,-1648.0,-1017.0,-2050.0,1686.0,1996.0,1387.0
1755.0,-1361.0,-1645.0,-1015.0,-2047.0,1687.0,1995.0,1386.0
1756.0,-1371.0,-1641.0,-1011.0,-2041.0,1690.0,1993.0,1390.0
1756.0,-1382.0,-1636.0,-1007.0,-2036.0,1693.0,1992.0,1396.0
1757.0,-1391.0,-1632.0,-1003.0,-2031.0,1695.0,1991.0,1401.0
1757.0,-1392.0,-1630.0,-1002.0,-2030.0,1694.0,1990.0,1406.0
1758.0,-1385.0,-1632.0,-1005.0,-2031.0,1689.0,1988.0,1403.0
1756.0,-1373.0,-1636.0,-1009.0,-2034.0,1684.0,1987.0,1401.0
1753.0,-1359.0,-1639.0,-1013.0,-2037.0,1679.0,1986.0,1400.0
1753.0,-1351.0,-1642.0,-1016.0,-2038.0,1675.0,1985.0,1399.0
1754.0,-1352.0,-1641.0,-1015.0,-2037.0,1674.0,1983.0,1398.0
1755.0,-1360.0,-1638.0,-1012.0,-2033.0,1676.0,1982.0,1402.0
1754.0,-1368.0,-1633.0,-1007.0,-2026.0,1681.0,1981.0,1411.0
1751.0,-1377.0,-1628.0,-1002.0,-2020.0,1686.0,1980.0,1419.0
1746.0,-1382.0,-1623.0,-999.0,-2017.0,1687.0,1978.0,1423.0
1742.0,-1380.0,-1621.0,-997.0,-2015.0,1686.0,1977.0,1427.0
1742.0,-1374.0,-1623.0,-999.0,-2017.0,1680.0,1976.0,1430.0
1744.0,-1364.0,-1626.0,-1002.0,-2019.0,1675.0,1975.0,1433.0
1742.0,-1354.0,-1629.0,-1005.0,-2023.0,1670.0,1973.0,1434.0
1741.0,-1346.0,-1631.0,-1007.0,-2024.0,1666.0,1972.0,1432.0
1740.0,-1345.0,-1630.0,-1007.0,-2022.0,1666.0,1971.0,1430.0
1742.0,-1352.0,-1627.0,-1005.0,-2018.0,1667.0,1970.0,1429.0
1741.0,-1361.0,-1622.0,-1001.0,-2013.0,1670.0,1968.0,1432.0
1738.0,-1370.0,-1617.0,-996.0,-2008.0,1673.0,1967.0,1438.0
1738.0,-1377.0,-1613.0,-992.0,-2002.0,1676.0,1966.0,1440.0
1737.0,-1377.0,-1612.0,-991.0,-2001.0,1675.0,1965.0,1441.0
1737.0,-1371.0,-1614.0,-995.0,-2005.0,1669.0,1964.0,1443.0
1735.0,-1357.0,-1617.0,-999.0,-2008.0,1664.0,1962.0,1442.0
1734.0,-1343.0,-1618.0,-1002.0,-2010.0,1661.0,1961.0,1439.0
1733.0,-1333.0,-1620.0,-1004.0,-2012.0,1657.0,1960.0,1438.0
1733.0,-1332.0,-1619.0,-1003.0,-2010.0,1656.0,1959.0,1441.0
1734.0,-1338.0,-1617.0,-1000.0,-2006.0,1657.0,1957.0,1445.0
1734.0,-1348.0,-1613.0,-994.0,-2001.0,1660.0,1956.0,1449.0
1735.0,-1359.0,-1607.0,-989.0,-1996.0,1663.0,1955.0,1454.0
1736.0,-1368.0,-1603.0,-985.0,-1992.0,1664.0,1954.0,1456.0
1739.0,-1368.0,-1601.0,-984.0,-1990.0,1663.0,1952.0,1454.0
1741.0,-1362.0,-1602.0,-985.0,-1991.0,1660.0,1951.0,1456.0
1743.0,-1353.0,-1604.0,-988.0,-1993.0,1655.0,1950.0,1457.0
1743.0,-1341.0,-1607.0,-991.0,-1996.0,1651.0,1949.0,1459.0
1743.0,-1330.0,-1607.0,-991.0,-1995.0,1649.0,1948.0,1460.0
1744.0,-1328.0,-1605.0,-989.0,-1993.0,1650.0,1946.0,1461.0
1747.0,-1334.0,-1601.0,-986.0,-1989.0,1652.0,1945.0,1463.0
1749.0,-1345.0,-1595.0,-980.0,-1982.0,1655.0,1944.0,1470.0
1751.0,-1356.0,-1590.0,-974.0,-1977.0,1658.0,1943.0,1473.0
1754.0,-1365.0,-1587.0,-970.0,-1972.0,1661.0,1941.0,1476.0
1757.0,-1365.0,-1585.0,-967.0,-1969.0,1661.0,1940.0,1478.0
1759.0,-1358.0,-1587.0,-968.0,-1970.0,1657.0,1939.0,1480.0
1761.0,-1348.0,-1590.0,-972.0,-1973.0,1652.0,1938.0,1478.0
1761.0,-1334.0,-1592.0,-975.0,-1974.0,1650.0,1937.0,1478.0
1763.0,-1325.0,-1594.0,-976.0,-1975.0,1648.0,1935.0,1479.0
1765.0,-1325.0,-1592.0,-975.0,-1973.0,1647.0,1934.0,1480.0
1766.0,-1331.0,-1589.0,-972.0,-1969.0,1648.0,1933.0,1483.0
1766.0,-1340.0,-1584.0,-967.0,-1963.0,1651.0,1932.0,1488.0
1768.0,-1351.0,-1579.0,-961.0,-1958.0,1654.0,1930.0,1491.0
1772.0,-1320.0,-1589.0,-966.0,-1959.0,1638.0,1923.0,1496.0
1772.0,-1317.0,-1588.0,-965.0,-1955.0,1641.0,1922.0,1499.0
1772.0,-1322.0,-1584.0,-962.0,-1950.0,1644.0,1921.0,1505.0
1771.0,-1331.0,-1578.0,-956.0,-1944.0,1649.0,1920.0,1513.0
1771.0,-1341.0,-1572.0,-949.0,-1936.0,1655.0,1918.0,1520.0
1772.0,-1350.0,-1569.0,-946.0,-1932.0,1657.0,1917.0,1524.0
1772.0,-1351.0,-1568.0,-945.0,-1932.0,1655.0,1916.0,1528.0
1772.0,-1343.0,-1570.0,-947.0,-1935.0,1650.0,1915.0,1531.0
1773.0,-1332.0,-1573.0,-950.0,-1937.0,1644.0,1914.0,1530.0
1774.0,-1321.0,-1576.0,-954.0,-1940.0,1640.0,1912.0,1528.0
1774.0,-1311.0,-1580.0,-957.0,-1942.0,1636.0,1911.0,1523.0
1773.0,-1309.0,-1579.0,-957.0,-1941.0,1635.0,1910.0,1521.0
1775.0,-1316.0,-1575.0,-953.0,-1936.0,1636.0,1909.0,1519.0
1776.0,-1328.0,-1571.0,-947.0,-1930.0,1640.0,1908.0,1519.0
1775.0,-1338.0,-1566.0,-943.0,-1924.0,1643.0,1906.0,1519.0
1773.0,-1345.0,-1563.0,-940.0,-1921.0,1644.0,1905.0,1520.0
1773.0,-1345.0,-1562.0,-940.0,-1920.0,1642.0,1904.0,1519.0
1774.0,-1338.0,-1562.0,-942.0,-1921.0,1637.0,1903.0,1518.0
1775.0,-1328.0,-1566.0,-946.0,-1925.0,1631.0,1902.0,1519.0
1777.0,-1318.0,-1569.0,-950.0,-1928.0,1626.0,1900.0,1516.0
1777.0,-1308.0,-1570.0,-952.0,-1929.0,1622.0,1899.0,1517.0
1777.0,-1305.0,-1570.0,-952.0,-1927.0,1621.0,1898.0,1518.0
1776.0,-1310.0,-1567.0,-948.0,-1923.0,1624.0,1897.0,1520.0
1777.0,-1318.0,-1562.0,-942.0,-1917.0,1629.0,1896.0,1523.0
1776.0,-1328.0,-1556.0,-936.0,-1909.0,1636.0,1894.0,1527.0
1776.0,-1337.0,-1551.0,-932.0,-1904.0,1638.0,1893.0,1530.0
1779.0,-1339.0,-1551.0,-932.0,-1903.0,1637.0,1892.0,1526.0
1775.0,-1329.0,-1553.0,-933.0,-1903.0,1635.0,1891.0,1523.0
1773.0,-1317.0,-1557.0,-937.0,-1907.0,1629.0,1890.0,1521.0
1773.0,-1305.0,-1561.0,-942.0,-1911.0,1622.0,1888.0,1517.0
1770.0,-1296.0,-1563.0,-946.0,-1914.0,1616.0,1887.0,1515.0
1769.0,-1295.0,-1563.0,-946.0,-1913.0,1614.0,1886.0,1511.0
1769.0,-1304.0,-1559.0,-943.0,-1909.0,1615.0,1885.0,1508.0
1769.0,-1315.0,-1555.0,-938.0,-1905.0,1617.0,1884.0,1508.0
1768.0,-1326.0,-1551.0,-934.0,-1900.0,1620.0,1883.0,1511.0
1764.0,-1332.0,-1546.0,-929.0,-1895.0,1623.0,1881.0,1514.0
1763.0,-1332.0,-1544.0,-928.0,-1892.0,1623.0,1880.0,1511.0
1762.0,-1326.0,-1546.0,-931.0,-1893.0,1618.0,1879.0,1504.0
1764.0,-1317.0,-1549.0,-935.0,-1897.0,1612.0,1878.0,1501.0
1763.0,-1303.0,-1551.0,-938.0,-1900.0,1606.0,1877.0,1498.0
1761.0,-1293.0,-1553.0,-941.0,-1902.0,1600.0,1875.0,1493.0
1762.0,-1291.0,-1552.0,-942.0,-1902.0,1598.0,1874.0,1492.0
1761.0,-1296.0,-1549.0,-937.0,-1897.0,1601.0,1873.0,1493.0
1760.0,-1305.0,-1544.0,-933.0,-1891.0,1605.0,1872.0,1496.0
1761.0,-1318.0,-1540.0,-928.0,-1885.0,1610.0,1871.0,1500.0
1763.0,-1329.0,-1538.0,-924.0,-1881.0,1613.0,1870.0,1504.0
1760.0,-1327.0,-1536.0,-922.0,-1878.0,1614.0,1868.0,1507.0
1759.0,-1319.0,-1536.0,-922.0,-1878.0,1612.0,1867.0,1510.0
1757.0,-1306.0,-1537.0,-924.0,-1880.0,1609.0,1866.0,1497.0
1757.0,-1294.0,-1540.0,-928.0,-1883.0,1603.0,1865.0,1473.0
1758.0,-1287.0,-1541.0,-929.0,-1885.0,1598.0,1864.0,1456.0
1761.0,-1289.0,-1540.0,-928.0,-1883.0,1596.0,1863.0,1447.0
1761.0,-1294.0,-1535.0,-924.0,-1879.0,1597.0,1861.0,1445.0
1760.0,-1303.0,-1530.0,-918.0,-1872.0,1601.0,1860.0,1448.0
1759.0,-1313.0,-1524.0,-913.0,-1865.0,1605.0,1859.0,1451.0
1757.0,-1320.0,-1519.0,-908.0,-1859.0,1608.0,1858.0,1457.0
1757.0,-1320.0,-1517.0,-906.0,-1857.0,1608.0,1857.0,1459.0
1757.0,-1312.0,-1518.0,-908.0,-1858.0,1605.0,1856.0,1457.0
1758.0,-1301.0,-1521.0,-912.0,-1860.0,1601.0,1854.0,1458.0
1759.0,-1290.0,-1525.0,-916.0,-1863.0,1594.0,1853.0,1452.0
1761.0,-1283.0,-1527.0,-918.0,-1866.0,1589.0,1852.0,1441.0
1763.0,-1283.0,-1525.0,-917.0,-1864.0,1588.0,1851.0,1425.0
1761.0,-1287.0,-1520.0,-914.0,-1859.0,1591.0,1850.0,1407.0
1760.0,-1295.0,-1515.0,-909.0,-1853.0,1593.0,1849.0,1391.0
1761.0,-1306.0,-1510.0,-903.0,-1847.0,1598.0,1847.0,1376.0
1760.0,-1314.0,-1507.0,-899.0,-1842.0,1600.0,1846.0,1371.0
1760.0,-1315.0,-1506.0,-898.0,-1840.0,1600.0,1845.0,1366.0
1764.0,-1310.0,-1509.0,-901.0,-1842.0,1596.0,1844.0,1356.0
1766.0,-1300.0,-1511.0,-903.0,-1844.0,1591.0,1843.0,1350.0
1770.0,-1290.0,-1513.0,-905.0,-1845.0,1586.0,1842.0,1346.0
1774.0,-1281.0,-1514.0,-905.0,-1844.0,1585.0,1840.0,1349.0
1778.0,-1279.0,-1511.0,-902.0,-1840.0,1587.0,1839.0,1358.0
1783.0,-1284.0,-1508.0,-898.0,-1835.0,1592.0,1838.0,1366.0
1788.0,-1295.0,-1504.0,-894.0,-1829.0,1596.0,1837.0,1374.0
1792.0,-1306.0,-1502.0,-890.0,-1824.0,1600.0,1836.0,1371.0
1791.0,-1313.0,-1501.0,-888.0,-1820.0,1602.0,1835.0,1366.0
1788.0,-1313.0,-1501.0,-889.0,-1819.0,1601.0,1833.0,1356.0
1786.0,-1305.0,-1503.0,-893.0,-1821.0,1597.0,1832.0,1341.0
1782.0,-1292.0,-1507.0,-899.0,-1826.0,1589.0,1831.0,1326.0
1781.0,-1280.0,-1510.0,-904.0,-1832.0,1582.0,1830.0,1311.0
1781.0,-1271.0,-1513.0,-909.0,-1837.0,1575.0,1829.0,1297.0
1779.0,-1271.0,-1513.0,-910.0,-1837.0,1573.0,1828.0,1286.0
1780.0,-1278.0,-1511.0,-908.0,-1834.0,1577.0,1827.0,1277.0
1783.0,-1293.0,-1509.0,-904.0,-1830.0,1582.0,1825.0,1266.0
1781.0,-1305.0,-1505.0,-900.0,-1825.0,1587.0,1824.0,1259.0
1781.0,-1313.0,-1501.0,-898.0,-1822.0,1589.0,1823.0,1255.0
1783.0,-1313.0,-1499.0,-897.0,-1822.0,1587.0,1822.0,1249.0
1778.0,-1303.0,-1499.0,-898.0,-1823.0,1584.0,1821.0,1241.0
1773.0,-1290.0,-1500.0,-901.0,-1824.0,1582.0,1820.0,1239.0
1771.0,-1277.0,-1503.0,-904.0,-1826.0,1580.0,1819.0,1238.0
1766.0,-1265.0,-1505.0,-906.0,-1828.0,1577.0,1817.0,1235.0
1761.0,-1261.0,-1504.0,-905.0,-1826.0,1577.0,1816.0,1231.0
1756.0,-1264.0,-1499.0,-901.0,-1822.0,1580.0,1815.0,1227.0
1754.0,-1274.0,-1493.0,-896.0,-1818.0,1582.0,1814.0,1225.0
1753.0,-1286.0,-1488.0,-892.0,-1813.0,1585.0,1813.0,1221.0
1752.0,-1293.0,-1484.0,-888.0,-1808.0,1587.0,1812.0,1217.0
1751.0,-1294.0,-1484.0,-888.0,-1807.0,1584.0,1811.0,1212.0
1749.0,-1288.0,-1487.0,-891.0,-1811.0,1579.0,1809.0,1203.0
1749.0,-1278.0,-1492.0,-896.0,-1815.0,1572.0,1808.0,1192.0
1750.0,-1269.0,-1497.0,-902.0,-1820.0,1565.0,1807.0,1182.0
1748.0,-1260.0,-1500.0,-906.0,-1823.0,1559.0,1806.0,1176.0
1746.0,-1259.0,-1499.0,-906.0,-1822.0,1559.0,1805.0,1170.0
1744.0,-1265.0,-1494.0,-904.0,-1820.0,1560.0,1804.0,1164.0
1744.0,-1273.0,-1489.0,-899.0,-1814.0,1564.0,1803.0,1165.0
1743.0,-1283.0,-1484.0,-893.0,-1808.0,1568.0,1801.0,1165.0
1742.0,-1292.0,-1481.0,-889.0,-1803.0,1572.0,1800.0,1160.0
1742.0,-1293.0,-1479.0,-888.0,-1803.0,1572.0,1799.0,1157.0
1740.0,-1285.0,-1481.0,-890.0,-1803.0,1569.0,1798.0,1148.0
1738.0,-1273.0,-1484.0,-893.0,-1805.0,1565.0,1797.0,1141.0
1736.0,-1261.0,-1485.0,-896.0,-1807.0,1561.0,1796.0,1133.0
1734.0,-1250.0,-1488.0,-898.0,-1810.0,1555.0,1795.0,1122.0
1731.0,-1249.0,-1487.0,-898.0,-1810.0,1554.0,1794.0,1115.0
1731.0,-1255.0,-1484.0,-895.0,-1806.0,1556.0,1792.0,1108.0
1728.0,-1263.0,-1478.0,-891.0,-1800.0,1562.0,1791.0,1106.0
1726.0,-1272.0,-1472.0,-885.0,-1793.0,1567.0,1790.0,1101.0
1724.0,-1278.0,-1469.0,-881.0,-1789.0,1569.0,1789.0,1099.0
1724.0,-1279.0,-1469.0,-880.0,-1788.0,1567.0,1788.0,1094.0
1725.0,-1273.0,-1472.0,-883.0,-1790.0,1562.0,1787.0,1086.0
1728.0,-1264.0,-1474.0,-887.0,-1794.0,1556.0,1786.0,1073.0
1726.0,-1252.0,-1476.0,-891.0,-1799.0,1548.0,1785.0,1058.0
1727.0,-1245.0,-1479.0,-894.0,-1801.0,1544.0,1783.0,1044.0
1728.0,-1245.0,-1477.0,-893.0,-1799.0,1545.0,1782.0,1032.0
1727.0,-1251.0,-1473.0,-889.0,-1794.0,1549.0,1781.0,1023.0
1726.0,-1258.0,-1468.0,-883.0,-1787.0,1553.0,1780.0,1015.0
1722.0,-1262.0,-1460.0,-875.0,-1779.0,1559.0,1779.0,1008.0
1718.0,-1265.0,-1451.0,-867.0,-1770.0,1565.0,1778.0,999.0
1712.0,-1258.0,-1443.0,-858.0,-1763.0,1570.0,1777.0,995.0
1702.0,-1239.0,-1435.0,-849.0,-1755.0,1573.0,1776.0,995.0
1690.0,-1215.0,-1427.0,-840.0,-1748.0,1577.0,1774.0,995.0
1678.0,-1194.0,-1420.0,-834.0,-1743.0,1579.0,1773.0,990.0
1674.0,-1183.0,-1418.0,-831.0,-1739.0,1582.0,1772.0,983.0
1681.0,-1187.0,-1418.0,-829.0,-1736.0,1585.0,1771.0,981.0
1694.0,-1209.0,-1420.0,-829.0,-1736.0,1583.0,1770.0,972.0
1709.0,-1240.0,-1418.0,-823.0,-1733.0,1583.0,1769.0,963.0
1723.0,-1269.0,-1412.0,-811.0,-1726.0,1586.0,1768.0,953.0
1743.0,-1298.0,-1408.0,-800.0,-1718.0,1592.0,1767.0,941.0
1775.0,-1323.0,-1412.0,-794.0,-1714.0,1595.0,1766.0,932.0
1821.0,-1350.0,-1421.0,-793.0,-1713.0,1593.0,1764.0,924.0
1878.0,-1376.0,-1431.0,-788.0,-1708.0,1597.0,1763.0,920.0
1933.0,-1396.0,-1442.0,-785.0,-1703.0,1602.0,1762.0,917.0
1985.0,-1418.0,-1458.0,-794.0,-1706.0,1598.0,1761.0,908.0
2023.0,-1450.0,-1474.0,-810.0,-1722.0,1580.0,1760.0,887.0
2039.0,-1471.0,-1489.0,-834.0,-1742.0,1558.0,1759.0,868.0
2041.0,-1480.0,-1506.0,-864.0,-1761.0,1542.0,1758.0,857.0
2027.0,-1479.0,-1527.0,-904.0,-1782.0,1527.0,1757.0,845.0
1996.0,-1463.0,-1547.0,-947.0,-1806.0,1510.0,1756.0,834.0
1954.0,-1428.0,-1559.0,-983.0,-1827.0,1495.0,1755.0,824.0
1900.0,-1381.0,-1564.0,-1012.0,-1848.0,1476.0,1753.0,807.0
1870.0,-1353.0,-1577.0,-1043.0,-1873.0,1452.0,1752.0,782.0
1841.0,-1331.0,-1586.0,-1063.0,-1892.0,1432.0,1751.0,756.0
1813.0,-1316.0,-1585.0,-1067.0,-1902.0,1418.0,1750.0,732.0
1800.0,-1318.0,-1583.0,-1063.0,-1904.0,1411.0,1749.0,711.0
1795.0,-1324.0,-1577.0,-1052.0,-1897.0,1415.0,1748.0,704.0
1788.0,-1328.0,-1567.0,-1037.0,-1886.0,1422.0,1747.0,701.0
1774.0,-1329.0,-1555.0,-1021.0,-1872.0,1431.0,1746.0,698.0
1755.0,-1325.0,-1542.0,-1003.0,-1857.0,1442.0,1745.0,693.0
1731.0,-1314.0,-1530.0,-985.0,-1844.0,1449.0,1744.0,687.0
1713.0,-1298.0,-1520.0,-973.0,-1837.0,1449.0,1742.0,682.0
1703.0,-1281.0,-1515.0,-965.0,-1833.0,1450.0,1741.0,673.0
1692.0,-1262.0,-1510.0,-958.0,-1828.0,1453.0,1740.0,664.0
1687.0,-1247.0,-1504.0,-950.0,-1821.0,1457.0,1739.0,657.0
1687.0,-1247.0,-1495.0,-937.0,-1811.0,1463.0,1738.0,651.0
1690.0,-1253.0,-1484.0,-920.0,-1796.0,1475.0,1737.0,651.0
1691.0,-1261.0,-1470.0,-903.0,-1780.0,1487.0,1736.0,654.0
1690.0,-1270.0,-1457.0,-889.0,-1768.0,1497.0,1735.0,656.0
1688.0,-1274.0,-1446.0,-876.0,-1756.0,1505.0,1734.0,656.0
1683.0,-1269.0,-1436.0,-868.0,-1749.0,1510.0,1733.0,656.0
1677.0,-1258.0,-1433.0,-866.0,-1747.0,1507.0,1732.0,649.0
1672.0,-1244.0,-1432.0,-865.0,-1747.0,1503.0,1730.0,643.0
1668.0,-1227.0,-1432.0,-865.0,-1747.0,1499.0,1729.0,636.0
1665.0,-1213.0,-1431.0,-866.0,-1749.0,1494.0,1728.0,625.0
1664.0,-1210.0,-1429.0,-864.0,-1747.0,1494.0,1727.0,610.0
1663.0,-1212.0,-1423.0,-858.0,-1740.0,1500.0,1726.0,603.0
1663.0,-1222.0,-1418.0,-854.0,-1733.0,1506.0,1725.0,593.0
1664.0,-1232.0,-1413.0,-850.0,-1727.0,1509.0,1724.0,584.0
1665.0,-1242.0,-1411.0,-849.0,-1727.0,1507.0,1723.0,579.0
1667.0,-1244.0,-1409.0,-849.0,-1727.0,1504.0,1722.0,576.0
1671.0,-1241.0,-1411.0,-848.0,-1727.0,1503.0,1721.0,571.0
1675.0,-1232.0,-1414.0,-850.0,-1727.0,1503.0,1720.0,566.0
1672.0,-1218.0,-1417.0,-852.0,-1727.0,1504.0,1719.0,558.0
1669.0,-1207.0,-1419.0,-854.0,-1729.0,1500.0,1717.0,550.0
1669.0,-1206.0,-1416.0,-851.0,-1727.0,1499.0,1716.0,544.0
1669.0,-1210.0,-1410.0,-846.0,-1720.0,1504.0,1715.0,539.0
1667.0,-1216.0,-1404.0,-838.0,-1711.0,1512.0,1714.0,538.0
1664.0,-1222.0,-1398.0,-832.0,-1703.0,1520.0,1713.0,540.0
1665.0,-1231.0,-1393.0,-828.0,-1698.0,1523.0,1712.0,538.0
1668.0,-1234.0,-1390.0,-827.0,-1697.0,1523.0,1711.0,531.0
1671.0,-1227.0,-1390.0,-828.0,-1697.0,1521.0,1710.0,518.0
1675.0,-1217.0,-1393.0,-830.0,-1699.0,1516.0,1709.0,496.0
1677.0,-1208.0,-1397.0,-835.0,-1704.0,1509.0,1708.0,470.0
1679.0,-1201.0,-1399.0,-838.0,-1706.0,1504.0,1707.0,453.0
1683.0,-1201.0,-1399.0,-837.0,-1704.0,1504.0,1706.0,441.0
1682.0,-1205.0,-1397.0,-835.0,-1702.0,1504.0,1705.0,437.0
1681.0,-1215.0,-1392.0,-829.0,-1696.0,1507.0,1703.0,432.0
1682.0,-1226.0,-1387.0,-824.0,-1690.0,1510.0,1702.0,418.0
1680.0,-1233.0,-1383.0,-820.0,-1686.0,1511.0,1701.0,399.0
1680.0,-1235.0,-1382.0,-820.0,-1686.0,1508.0,1700.0,382.0
1683.0,-1231.0,-1384.0,-824.0,-1689.0,1504.0,1699.0,403.0
1684.0,-1222.0,-1387.0,-828.0,-1692.0,1499.0,1698.0,448.0
1682.0,-1208.0,-1390.0,-832.0,-1694.0,1494.0,1697.0,500.0
1679.0,-1197.0,-1393.0,-835.0,-1697.0,1490.0,1696.0,551.0
1679.0,-1196.0,-1394.0,-835.0,-1696.0,1489.0,1695.0,595.0
1677.0,-1200.0,-1391.0,-833.0,-1693.0,1489.0,1694.0,620.0
1672.0,-1207.0,-1387.0,-828.0,-1688.0,1492.0,1693.0,627.0
1671.0,-1217.0,-1382.0,-824.0,-1683.0,1492.0,1692.0,626.0
1672.0,-1228.0,-1380.0,-822.0,-1680.0,1492.0,1691.0,619.0
1675.0,-1232.0,-1381.0,-824.0,-1682.0,1488.0,1690.0,604.0
1679.0,-1230.0,-1384.0,-828.0,-1685.0,1482.0,1689.0,584.0
1679.0,-1220.0,-1387.0,-832.0,-1687.0,1477.0,1687.0,568.0
1679.0,-1210.0,-1391.0,-836.0,-1691.0,1470.0,1686.0,551.0
1681.0,-1203.0,-1395.0,-841.0,-1697.0,1462.0,1685.0,528.0
1681.0,-1203.0,-1396.0,-840.0,-1695.0,1462.0,1684.0,501.0
1679.0,-1208.0,-1392.0,-836.0,-1690.0,1466.0,1683.0,480.0
1678.0,-1217.0,-1387.0,-832.0,-1685.0,1469.0,1682.0,466.0
1678.0,-1229.0,-1382.0,-827.0,-1681.0,1471.0,1681.0,460.0
1682.0,-1242.0,-1378.0,-822.0,-1676.0,1475.0,1680.0,449.0
1685.0,-1245.0,-1376.0,-820.0,-1670.0,1479.0,1679.0,438.0
1682.0,-1235.0,-1377.0,-821.0,-1669.0,1480.0,1678.0,430.0
1680.0,-1223.0,-1379.0,-823.0,-1671.0,1477.0,1677.0,417.0
1679.0,-1209.0,-1382.0,-823.0,-1672.0,1474.0,1676.0,401.0
1677.0,-1198.0,-1381.0,-822.0,-1671.0,1472.0,1675.0,387.0
1677.0,-1196.0,-1378.0,-820.0,-1669.0,1473.0,1674.0,375.0
1678.0,-1202.0,-1374.0,-817.0,-1664.0,1475.0,1673.0,361.0
1678.0,-1212.0,-1371.0,-815.0,-1660.0,1478.0,1672.0,347.0
1684.0,-1229.0,-1370.0,-816.0,-1659.0,1475.0,1671.0,332.0
1693.0,-1247.0,-1371.0,-818.0,-1660.0,1471.0,1670.0,318.0
1700.0,-1257.0,-1373.0,-818.0,-1661.0,1468.0,1668.0,303.0
1708.0,-1257.0,-1375.0,-820.0,-1665.0,1462.0,1667.0,287.0
1709.0,-1247.0,-1377.0,-823.0,-1668.0,1457.0,1666.0,269.0
1706.0,-1232.0,-1379.0,-825.0,-1668.0,1456.0,1665.0,246.0
1704.0,-1221.0,-1381.0,-828.0,-1668.0,1454.0,1664.0,224.0
1706.0,-1222.0,-1380.0,-830.0,-1668.0,1450.0,1663.0,203.0
1710.0,-1234.0,-1379.0,-829.0,-1667.0,1447.0,1662.0,183.0
1714.0,-1247.0,-1377.0,-825.0,-1666.0,1445.0,1661.0,168.0
1715.0,-1259.0,-1374.0,-819.0,-1661.0,1447.0,1660.0,160.0
1713.0,-1267.0,-1369.0,-813.0,-1654.0,1452.0,1659.0,152.0
1708.0,-1269.0,-1368.0,-810.0,-1650.0,1454.0,1658.0,139.0
1683.0,-1258.0,-1373.0,-814.0,-1653.0,1450.0,1657.0,120.0
1656.0,-1241.0,-1379.0,-820.0,-1657.0,1445.0,1656.0,94.0
1639.0,-1224.0,-1384.0,-825.0,-1661.0,1438.0,1655.0,66.0
1630.0,-1216.0,-1390.0,-832.0,-1668.0,1429.0,1654.0,42.0
1620.0,-1214.0,-1392.0,-834.0,-1670.0,1424.0,1653.0,26.0
1616.0,-1224.0,-1393.0,-836.0,-1672.0,1419.0,1652.0,13.0
1618.0,-1243.0,-1394.0,-838.0,-1674.0,1413.0,1651.0,2.0
1620.0,-1261.0,-1394.0,-838.0,-1673.0,1412.0,1650.0,-6.0
1621.0,-1276.0,-1394.0,-837.0,-1671.0,1412.0,1649.0,-12.0
1622.0,-1282.0,-1395.0,-838.0,-1672.0,1409.0,1648.0,-16.0
1619.0,-1276.0,-1398.0,-841.0,-1674.0,1407.0,1647.0,-24.0
1614.0,-1263.0,-1401.0,-844.0,-1675.0,1404.0,1646.0,-33.0
1612.0,-1251.0,-1405.0,-848.0,-1678.0,1399.0,1645.0,-43.0
1611.0,-1243.0,-1407.0,-850.0,-1680.0,1395.0,1643.0,-56.0
1611.0,-1243.0,-1406.0,-849.0,-1678.0,1396.0,1642.0,-66.0
1607.0,-1246.0,-1401.0,-845.0,-1672.0,1400.0,1641.0,-72.0
1602.0,-1250.0,-1394.0,-837.0,-1662.0,1407.0,1640.0,-73.0
1601.0,-1260.0,-1388.0,-831.0,-1656.0,1412.0,1639.0,-71.0
1599.0,-1267.0,-1385.0,-827.0,-1652.0,1412.0,1638.0,-70.0
1598.0,-1268.0,-1383.0,-826.0,-1650.0,1412.0,1637.0,-73.0
1597.0,-1258.0,-1384.0,-828.0,-1649.0,1411.0,1636.0,-75.0
1595.0,-1246.0,-1387.0,-830.0,-1650.0,1408.0,1635.0,-82.0
1592.0,-1235.0,-1389.0,-833.0,-1653.0,1402.0,1634.0,-91.0
1594.0,-1228.0,-1391.0,-837.0,-1656.0,1396.0,1633.0,-102.0
1599.0,-1232.0,-1392.0,-839.0,-1657.0,1391.0,1632.0,-117.0
1598.0,-1238.0,-1388.0,-838.0,-1652.0,1392.0,1631.0,-123.0
1597.0,-1246.0,-1383.0,-835.0,-1647.0,1395.0,1630.0,-124.0
1596.0,-1253.0,-1379.0,-832.0,-1643.0,1396.0,1629.0,-128.0
1595.0,-1257.0,-1375.0,-828.0,-1638.0,1398.0,1628.0,-131.0
1595.0,-1257.0,-1374.0,-827.0,-1636.0,1396.0,1627.0,-135.0
1602.0,-1258.0,-1376.0,-830.0,-1637.0,1392.0,1626.0,-140.0
1610.0,-1254.0,-1379.0,-835.0,-1638.0,1390.0,1625.0,-147.0
1617.0,-1250.0,-1384.0,-839.0,-1639.0,1389.0,1624.0,-158.0
1617.0,-1239.0,-1386.0,-844.0,-1640.0,1387.0,1623.0,-168.0
1618.0,-1237.0,-1385.0,-845.0,-1637.0,1388.0,1622.0,-174.0
1618.0,-1241.0,-1381.0,-844.0,-1632.0,1392.0,1621.0,-177.0
1615.0,-1248.0,-1376.0,-840.0,-1626.0,1395.0,1620.0,-180.0
1616.0,-1261.0,-1372.0,-836.0,-1621.0,1397.0,1619.0,-186.0
1614.0,-1267.0,-1368.0,-833.0,-1617.0,1398.0,1618.0,-191.0
1613.0,-1267.0,-1367.0,-833.0,-1614.0,1398.0,1617.0,-198.0
1617.0,-1263.0,-1370.0,-836.0,-1616.0,1393.0,1616.0,-208.0
1620.0,-1255.0,-1374.0,-842.0,-1620.0,1385.0,1615.0,-220.0
1626.0,-1248.0,-1380.0,-849.0,-1624.0,1378.0,1614.0,-234.0
1632.0,-1245.0,-1384.0,-854.0,-1627.0,1373.0,1613.0,-248.0
1633.0,-1246.0,-1384.0,-855.0,-1625.0,1373.0,1612.0,-258.0
1631.0,-1251.0,-1382.0,-853.0,-1622.0,1374.0,1611.0,-270.0
1628.0,-1258.0,-1378.0,-850.0,-1617.0,1378.0,1610.0,-281.0
1623.0,-1266.0,-1373.0,-847.0,-1610.0,1384.0,1609.0,-290.0
1619.0,-1271.0,-1368.0,-843.0,-1604.0,1389.0,1608.0,-294.0
1620.0,-1272.0,-1366.0,-841.0,-1600.0,1390.0,1607.0,-299.0
1623.0,-1267.0,-1368.0,-844.0,-1600.0,1386.0,1606.0,-308.0
1628.0,-1259.0,-1373.0,-850.0,-1604.0,1381.0,1605.0,-323.0
1633.0,-1252.0,-1378.0,-857.0,-1608.0,1375.0,1604.0,-343.0
1637.0,-1246.0,-1381.0,-863.0,-1609.0,1371.0,1603.0,-369.0
1638.0,-1247.0,-1382.0,-865.0,-1608.0,1368.0,1602.0,-399.0
1647.0,-1259.0,-1381.0,-868.0,-1607.0,1367.0,1601.0,-441.0
1658.0,-1279.0,-1380.0,-869.0,-1604.0,1367.0,1600.0,-497.0
1660.0,-1293.0,-1378.0,-869.0,-1600.0,1369.0,1599.0,-588.0
1659.0,-1304.0,-1378.0,-868.0,-1596.0,1371.0,1598.0,-768.0
1657.0,-1303.0,-1377.0,-869.0,-1594.0,1370.0,1597.0,-945.0
1655.0,-1296.0,-1379.0,-872.0,-1596.0,1367.0,1596.0,-1074.0
1659.0,-1290.0,-1383.0,-877.0,-1598.0,1363.0,1595.0,-1182.0
1658.0,-1279.0,-1385.0,-880.0,-1598.0,1362.0,1594.0,-1266.0
1663.0,-1275.0,-1390.0,-884.0,-1597.0,1363.0,1593.0,-1329.0
1666.0,-1276.0,-1391.0,-884.0,-1591.0,1370.0,1592.0,-1371.0
1666.0,-1284.0,-1390.0,-883.0,-1585.0,1376.0,1591.0,-1403.0
1661.0,-1290.0,-1387.0,-879.0,-1578.0,1384.0,1590.0,-1430.0
1657.0,-1297.0,-1381.0,-873.0,-1568.0,1394.0,1589.0,-1453.0
1656.0,-1304.0,-1377.0,-866.0,-1560.0,1404.0,1588.0,-1467.0
1657.0,-1305.0,-1374.0,-863.0,-1555.0,1408.0,1587.0,-1484.0
1660.0,-1301.0,-1376.0,-866.0,-1556.0,1407.0,1586.0,-1511.0
1657.0,-1289.0,-1379.0,-871.0,-1557.0,1407.0,1585.0,-1537.0
1652.0,-1275.0,-1382.0,-876.0,-1557.0,1406.0,1584.0,-1564.0
1658.0,-1273.0,-1389.0,-883.0,-1558.0,1403.0,1583.0,-1592.0
1670.0,-1285.0,-1394.0,-889.0,-1559.0,1400.0,1582.0,-1616.0
1677.0,-1298.0,-1393.0,-886.0,-1556.0,1403.0,1581.0,-1631.0
1676.0,-1310.0,-1389.0,-881.0,-1550.0,1407.0,1580.0,-1650.0
1673.0,-1318.0,-1384.0,-877.0,-1544.0,1412.0,1579.0,-1669.0
1670.0,-1323.0,-1379.0,-873.0,-1538.0,1415.0,1578.0,-1683.0
1664.0,-1318.0,-1376.0,-870.0,-1536.0,1415.0,1577.0,-1696.0
1657.0,-1308.0,-1375.0,-869.0,-1536.0,1413.0,1576.0,-1711.0
1653.0,-1296.0,-1378.0,-871.0,-1538.0,1413.0,1575.0,-1727.0
1652.0,-1284.0,-1380.0,-876.0,-1539.0,1413.0,1574.0,-1742.0
1653.0,-1276.0,-1384.0,-881.0,-1541.0,1414.0,1573.0,-1758.0
1660.0,-1284.0,-1385.0,-883.0,-1540.0,1417.0,1572.0,-1775.0
1657.0,-1292.0,-1384.0,-881.0,-1537.0,1423.0,1571.0,-1784.0
1653.0,-1300.0,-1379.0,-874.0,-1531.0,1431.0,1570.0,-1790.0
1649.0,-1307.0,-1373.0,-868.0,-1523.0,1438.0,1569.0,-1807.0
1651.0,-1318.0,-1366.0,-861.0,-1516.0,1444.0,1568.0,-1828.0
1652.0,-1317.0,-1362.0,-855.0,-1510.0,1447.0,1567.0,-1844.0
1654.0,-1310.0,-1364.0,-857.0,-1511.0,1444.0,1566.0,-1862.0
1651.0,-1297.0,-1367.0,-861.0,-1514.0,1440.0,1565.0,-1892.0
1641.0,-1280.0,-1370.0,-865.0,-1517.0,1435.0,1564.0,-1917.0
1638.0,-1266.0,-1371.0,-868.0,-1518.0,1431.0,1563.0,-1929.0
1638.0,-1264.0,-1370.0,-868.0,-1516.0,1429.0,1562.0,-1941.0
1639.0,-1270.0,-1368.0,-864.0,-1513.0,1428.0,1561.0,-1956.0
1643.0,-1284.0,-1364.0,-861.0,-1508.0,1430.0,1560.0,-1973.0
1639.0,-1291.0,-1358.0,-856.0,-1502.0,1437.0,1559.0,-1987.0
1633.0,-1295.0,-1353.0,-851.0,-1496.0,1442.0,1558.0,-1998.0
1630.0,-1293.0,-1351.0,-849.0,-1494.0,1444.0,1557.0,-2008.0
1626.0,-1285.0,-1353.0,-853.0,-1495.0,1442.0,1556.0,-2024.0
1627.0,-1278.0,-1361.0,-863.0,-1502.0,1436.0,1555.0,-2045.0
1627.0,-1268.0,-1368.0,-870.0,-1507.0,1429.0,1554.0,-2059.0
1629.0,-1261.0,-1373.0,-874.0,-1512.0,1424.0,1553.0,-2061.0
1629.0,-1258.0,-1373.0,-873.0,-1511.0,1425.0,1552.0,-2039.0
1625.0,-1258.0,-1368.0,-867.0,-1504.0,1432.0,1551.0,-2018.0
1623.0,-1265.0,-1363.0,-861.0,-1498.0,1438.0,1550.0,-2005.0
1620.0,-1273.0,-1359.0,-858.0,-1494.0,1444.0,1549.0,-1992.0
1613.0,-1274.0,-1354.0,-852.0,-1488.0,1451.0,1548.0,-1973.0
1603.0,-1267.0,-1351.0,-850.0,-1486.0,1454.0,1547.0,-1958.0
1599.0,-1256.0,-1352.0,-852.0,-1486.0,1455.0,1546.0,-1950.0
1598.0,-1248.0,-1358.0,-859.0,-1491.0,1449.0,1545.0,-1954.0
1593.0,-1235.0,-1363.0,-867.0,-1496.0,1439.0,1544.0,-1963.0
1594.0,-1227.0,-1368.0,-872.0,-1501.0,1429.0,1543.0,-1975.0
1595.0,-1227.0,-1368.0,-871.0,-1500.0,1426.0,1542.0,-1988.0
1600.0,-1237.0,-1367.0,-870.0,-1497.0,1425.0,1541.0,-1998.0
1605.0,-1251.0,-1365.0,-867.0,-1494.0,1427.0,1540.0,-2002.0
1599.0,-1255.0,-1359.0,-861.0,-1486.0,1436.0,1539.0,-2004.0
1593.0,-1258.0,-1354.0,-856.0,-1480.0,1447.0,1538.0,-2007.0
1595.0,-1258.0,-1353.0,-855.0,-1477.0,1452.0,1538.0,-2013.0
1595.0,-1252.0,-1354.0,-854.0,-1477.0,1453.0,1537.0,-2021.0
1591.0,-1241.0,-1355.0,-855.0,-1479.0,1452.0,1536.0,-2032.0
1585.0,-1226.0,-1357.0,-858.0,-1481.0,1449.0,1535.0,-2038.0
1582.0,-1214.0,-1358.0,-860.0,-1482.0,1448.0,1534.0,-2042.0
1576.0,-1209.0,-1357.0,-858.0,-1479.0,1452.0,1533.0,-2046.0
1571.0,-1211.0,-1353.0,-855.0,-1474.0,1456.0,1532.0,-2050.0
1573.0,-1223.0,-1351.0,-852.0,-1470.0,1460.0,1531.0,-2054.0
1575.0,-1235.0,-1349.0,-850.0,-1466.0,1463.0,1530.0,-2063.0
1578.0,-1247.0,-1347.0,-848.0,-1463.0,1464.0,1529.0,-2082.0
1583.0,-1253.0,-1348.0,-848.0,-1463.0,1461.0,1528.0,-2103.0
1588.0,-1252.0,-1352.0,-853.0,-1466.0,1453.0,1527.0,-2111.0
1586.0,-1243.0,-1357.0,-859.0,-1471.0,1442.0,1526.0,-2121.0
1584.0,-1232.0,-1360.0,-862.0,-1474.0,1433.0,1525.0,-2130.0
1582.0,-1220.0,-1362.0,-863.0,-1475.0,1426.0,1524.0,-2125.0
1576.0,-1214.0,-1361.0,-862.0,-1473.0,1423.0,1523.0,-2128.0
1571.0,-1215.0,-1358.0,-858.0,-1469.0,1422.0,1522.0,-2142.0
1568.0,-1221.0,-1354.0,-854.0,-1463.0,1423.0,1521.0,-2145.0
1564.0,-1228.0,-1348.0,-849.0,-1457.0,1425.0,1520.0,-2140.0
1558.0,-1230.0,-1344.0,-843.0,-1450.0,1428.0,1519.0,-2137.0
1552.0,-1225.0,-1342.0,-842.0,-1447.0,1428.0,1518.0,-2137.0
1547.0,-1214.0,-1343.0,-844.0,-1447.0,1422.0,1517.0,-2135.0
1542.0,-1200.0,-1347.0,-847.0,-1451.0,1415.0,1516.0,-2130.0
1539.0,-1186.0,-1350.0,-851.0,-1454.0,1408.0,1515.0,-2119.0
1534.0,-1172.0,-1353.0,-855.0,-1457.0,1404.0,1514.0,-2111.0
1530.0,-1167.0,-1353.0,-855.0,-1456.0,1402.0,1514.0,-2112.0
1529.0,-1170.0,-1351.0,-854.0,-1453.0,1402.0,1513.0,-2109.0
1529.0,-1177.0,-1346.0,-850.0,-1449.0,1404.0,1512.0,-2106.0
1528.0,-1186.0,-1342.0,-847.0,-1444.0,1406.0,1511.0,-2111.0
1528.0,-1193.0,-1337.0,-843.0,-1440.0,1405.0,1510.0,-2118.0
1528.0,-1194.0,-1333.0,-841.0,-1438.0,1401.0,1509.0,-2126.0
1519.0,-1181.0,-1331.0,-840.0,-1437.0,1395.0,1508.0,-2134.0
1508.0,-1160.0,-1330.0,-840.0,-1436.0,1390.0,1507.0,-2138.0
1502.0,-1142.0,-1332.0,-844.0,-1438.0,1383.0,1506.0,-2143.0
1500.0,-1131.0,-1335.0,-849.0,-1442.0,1375.0,1505.0,-2145.0
1510.0,-1136.0,-1338.0,-856.0,-1446.0,1370.0,1504.0,-2151.0
1515.0,-1145.0,-1339.0,-862.0,-1448.0,1368.0,1503.0,-2168.0
1521.0,-1157.0,-1339.0,-865.0,-1447.0,1371.0,1502.0,-2186.0
1521.0,-1165.0,-1334.0,-859.0,-1442.0,1378.0,1501.0,-2185.0
1521.0,-1169.0,-1328.0,-853.0,-1436.0,1384.0,1500.0,-2185.0
1520.0,-1168.0,-1325.0,-852.0,-1435.0,1387.0,1499.0,-2186.0
1520.0,-1159.0,-1322.0,-853.0,-1435.0,1387.0,1498.0,-2187.0
1519.0,-1145.0,-1320.0,-854.0,-1435.0,1386.0,1497.0,-2198.0
1519.0,-1130.0,-1318.0,-855.0,-1433.0,1384.0,1497.0,-2206.0
1516.0,-1117.0,-1316.0,-855.0,-1430.0,1385.0,1496.0,-2211.0
1513.0,-1113.0,-1311.0,-854.0,-1423.0,1387.0,1495.0,-2222.0
1512.0,-1117.0,-1305.0,-851.0,-1406.0,1389.0,1494.0,-2240.0
1511.0,-1124.0,-1297.0,-846.0,-1388.0,1393.0,1493.0,-2242.0
1513.0,-1132.0,-1290.0,-841.0,-1372.0,1404.0,1492.0,-2245.0
1515.0,-1140.0,-1284.0,-839.0,-1362.0,1413.0,1491.0,-2245.0
1516.0,-1143.0,-1281.0,-839.0,-1356.0,1417.0,1490.0,-2250.0
1515.0,-1136.0,-1281.0,-842.0,-1354.0,1414.0,1489.0,-2261.0
1515.0,-1126.0,-1283.0,-848.0,-1355.0,1408.0,1488.0,-2246.0
1513.0,-1112.0,-1285.0,-853.0,-1356.0,1401.0,1487.0,-2190.0
1514.0,-1104.0,-1288.0,-860.0,-1360.0,1394.0,1486.0,-2188.0
1514.0,-1104.0,-1287.0,-862.0,-1360.0,1390.0,1485.0,-2226.0
1512.0,-1109.0,-1284.0,-862.0,-1358.0,1390.0,1484.0,-2265.0
1506.0,-1116.0,-1278.0,-859.0,-1354.0,1393.0,1483.0,-2305.0
1498.0,-1120.0,-1271.0,-855.0,-1348.0,1397.0,1482.0,-2342.0
1491.0,-1123.0,-1266.0,-851.0,-1343.0,1401.0,1482.0,-2368.0
1488.0,-1123.0,-1263.0,-850.0,-1341.0,1402.0,1481.0,-2340.0
1485.0,-1114.0,-1262.0,-851.0,-1341.0,1400.0,1480.0,-2233.0
1482.0,-1105.0,-1265.0,-855.0,-1345.0,1394.0,1479.0,-2146.0
1468.0,-1091.0,-1270.0,-863.0,-1351.0,1387.0,1478.0,-2112.0
1448.0,-1077.0,-1274.0,-870.0,-1358.0,1378.0,1477.0,-2143.0
1426.0,-1073.0,-1278.0,-878.0,-1363.0,1371.0,1476.0,-2196.0
1420.0,-1078.0,-1274.0,-879.0,-1362.0,1370.0,1475.0,-2203.0
1437.0,-1090.0,-1264.0,-872.0,-1353.0,1376.0,1474.0,-2124.0
1442.0,-1095.0,-1252.0,-865.0,-1342.0,1384.0,1473.0,-2048.0
1445.0,-1098.0,-1243.0,-860.0,-1335.0,1389.0,1472.0,-2036.0
1453.0,-1101.0,-1239.0,-861.0,-1333.0,1389.0,1471.0,-2038.0
1459.0,-1097.0,-1240.0,-865.0,-1335.0,1386.0,1470.0,-2083.0
1464.0,-1089.0,-1241.0,-865.0,-1336.0,1383.0,1469.0,-2127.0
1460.0,-1073.0,-1239.0,-865.0,-1336.0,1381.0,1469.0,-2088.0
1453.0,-1057.0,-1238.0,-867.0,-1337.0,1378.0,1468.0,-2060.0
1448.0,-1049.0,-1235.0,-868.0,-1335.0,1378.0,1467.0,-2001.0
1443.0,-1045.0,-1228.0,-864.0,-1328.0,1382.0,1466.0,-1957.0
1447.0,-1054.0,-1224.0,-860.0,-1322.0,1385.0,1465.0,-1988.0
1455.0,-1069.0,-1221.0,-859.0,-1319.0,1385.0,1464.0,-2035.0
1461.0,-1079.0,-1216.0,-857.0,-1315.0,1387.0,1463.0,-2017.0
1466.0,-1080.0,-1215.0,-858.0,-1314.0,1388.0,1462.0,-1964.0
1476.0,-1079.0,-1220.0,-865.0,-1318.0,1383.0,1461.0,-1904.0
1485.0,-1074.0,-1224.0,-872.0,-1322.0,1377.0,1460.0,-1845.0
1488.0,-1061.0,-1226.0,-875.0,-1322.0,1376.0,1459.0,-1786.0
1491.0,-1047.0,-1225.0,-874.0,-1319.0,1383.0,1458.0,-1740.0
1493.0,-1040.0,-1221.0,-870.0,-1314.0,1409.0,1457.0,-1698.0
1496.0,-1042.0,-1214.0,-864.0,-1307.0,1428.0,1457.0,-1682.0
1502.0,-1051.0,-1208.0,-860.0,-1301.0,1437.0,1456.0,-1744.0
1501.0,-1058.0,-1202.0,-855.0,-1295.0,1443.0,1455.0,-1741.0
1508.0,-1062.0,-1194.0,-850.0,-1289.0,1451.0,1454.0,-1692.0
1516.0,-1061.0,-1188.0,-846.0,-1283.0,1461.0,1453.0,-1709.0
1524.0,-1054.0,-1185.0,-845.0,-1281.0,1469.0,1452.0,-1748.0
1530.0,-1039.0,-1183.0,-845.0,-1280.0,1474.0,1451.0,-1774.0
1537.0,-1023.0,-1181.0,-846.0,-1279.0,1477.0,1450.0,-1794.0
1543.0,-1010.0,-1180.0,-845.0,-1278.0,1480.0,1449.0,-1813.0
1550.0,-1003.0,-1176.0,-844.0,-1273.0,1485.0,1448.0,-1809.0
1563.0,-1011.0,-1172.0,-841.0,-1268.0,1490.0,1447.0,-1820.0
1576.0,-1025.0,-1168.0,-837.0,-1264.0,1494.0,1447.0,-1829.0
1581.0,-1035.0,-1161.0,-831.0,-1258.0,1499.0,1446.0,-1787.0
1583.0,-1041.0,-1156.0,-827.0,-1251.0,1505.0,1445.0,-1738.0
1588.0,-1042.0,-1154.0,-826.0,-1248.0,1506.0,1444.0,-1744.0
1594.0,-1038.0,-1155.0,-829.0,-1249.0,1504.0,1443.0,-1816.0
1598.0,-1028.0,-1158.0,-833.0,-1252.0,1501.0,1442.0,-1782.0
1605.0,-1016.0,-1159.0,-834.0,-1253.0,1499.0,1441.0,-1713.0
1609.0,-1003.0,-1158.0,-833.0,-1251.0,1499.0,1440.0,-1665.0
1607.0,-994.0,-1153.0,-830.0,-1247.0,1502.0,1439.0,-1634.0
1605.0,-993.0,-1147.0,-825.0,-1241.0,1507.0,1438.0,-1636.0
1607.0,-1000.0,-1143.0,-820.0,-1235.0,1511.0,1437.0,-1598.0
1610.0,-1009.0,-1138.0,-815.0,-1230.0,1515.0,1437.0,-1581.0
1619.0,-1024.0,-1137.0,-816.0,-1228.0,1515.0,1436.0,-1578.0
1630.0,-1033.0,-1140.0,-822.0,-1231.0,1511.0,1435.0,-1573.0
1641.0,-1033.0,-1144.0,-830.0,-1236.0,1506.0,1434.0,-1554.0
1649.0,-1025.0,-1147.0,-835.0,-1238.0,1505.0,1433.0,-1505.0
1651.0,-1011.0,-1148.0,-835.0,-1237.0,1506.0,1432.0,-1504.0
1655.0,-998.0,-1148.0,-832.0,-1236.0,1509.0,1431.0,-1522.0
1662.0,-995.0,-1144.0,-829.0,-1232.0,1521.0,1430.0,-1543.0
1663.0,-997.0,-1139.0,-825.0,-1226.0,1528.0,1429.0,-1551.0
1666.0,-1002.0,-1132.0,-819.0,-1218.0,1535.0,1428.0,-1490.0
1674.0,-1010.0,-1125.0,-812.0,-1209.0,1541.0,1428.0,-1431.0
1679.0,-1017.0,-1119.0,-804.0,-1203.0,1545.0,1427.0,-1552.0
1686.0,-1018.0,-1115.0,-797.0,-1198.0,1545.0,1426.0,-1701.0
1692.0,-1010.0,-1113.0,-793.0,-1194.0,1543.0,1425.0,-1727.0
1698.0,-997.0,-1113.0,-792.0,-1193.0,1540.0,1424.0,-1761.0
1706.0,-982.0,-1112.0,-790.0,-1192.0,1536.0,1423.0,-1787.0
1717.0,-970.0,-1111.0,-787.0,-1189.0,1536.0,1422.0,-1749.0
1731.0,-968.0,-1108.0,-783.0,-1184.0,1537.0,1421.0,-1718.0
1747.0,-975.0,-1105.0,-776.0,-1177.0,1540.0,1420.0,-1703.0
1764.0,-987.0,-1100.0,-770.0,-1170.0,1545.0,1420.0,-1734.0
1783.0,-999.0,-1094.0,-762.0,-1162.0,1552.0,1419.0,-1795.0
1796.0,-1005.0,-1086.0,-753.0,-1152.0,1562.0,1418.0,-1784.0
1810.0,-1002.0,-1080.0,-743.0,-1143.0,1572.0,1417.0,-1737.0
1822.0,-992.0,-1077.0,-735.0,-1136.0,1579.0,1416.0,-1664.0
1839.0,-979.0,-1075.0,-729.0,-1130.0,1584.0,1415.0,-1655.0
1859.0,-966.0,-1073.0,-724.0,-1125.0,1589.0,1414.0,-1661.0
1880.0,-957.0,-1070.0,-719.0,-1120.0,1593.0,1413.0,-1608.0
1899.0,-953.0,-1065.0,-712.0,-1112.0,1599.0,1412.0,-1517.0
1919.0,-953.0,-1056.0,-700.0,-1099.0,1609.0,1412.0,-1428.0
1942.0,-959.0,-1045.0,-690.0,-1086.0,1619.0,1411.0,-1384.0
1976.0,-975.0,-1039.0,-683.0,-1076.0,1625.0,1410.0,-1374.0
2011.0,-993.0,-1034.0,-675.0,-1067.0,1630.0,1409.0,-1388.0
2043.0,-999.0,-1027.0,-665.0,-1056.0,1638.0,1408.0,-1426.0
2079.0,-999.0,-1021.0,-658.0,-1049.0,1643.0,1407.0,-1496.0
2117.0,-992.0,-1015.0,-651.0,-1042.0,1648.0,1406.0,-1540.0
2151.0,-980.0,-1006.0,-644.0,-1034.0,1654.0,1405.0,-1562.0
2177.0,-968.0,-999.0,-637.0,-1026.0,1663.0,1404.0,-1568.0
2183.0,-964.0,-996.0,-635.0,-1023.0,1666.0,1404.0,-1579.0
2175.0,-962.0,-993.0,-632.0,-1019.0,1669.0,1403.0,-1575.0
2178.0,-966.0,-987.0,-627.0,-1012.0,1675.0,1402.0,-1512.0
2188.0,-976.0,-980.0,-620.0,-1005.0,1682.0,1401.0,-1420.0
2229.0,-943.0,-982.0,-623.0,-998.0,1683.0,1396.0,-1516.0
2243.0,-946.0,-985.0,-625.0,-998.0,1682.0,1395.0,-1534.0
2249.0,-950.0,-983.0,-623.0,-995.0,1686.0,1394.0,-1426.0
2254.0,-959.0,-981.0,-621.0,-992.0,1690.0,1393.0,-1272.0
2260.0,-968.0,-977.0,-617.0,-987.0,1694.0,1392.0,-1165.0
2261.0,-973.0,-973.0,-612.0,-982.0,1697.0,1391.0,-1080.0
2260.0,-971.0,-969.0,-606.0,-978.0,1699.0,1390.0,-924.0
2260.0,-965.0,-969.0,-603.0,-977.0,1696.0,1389.0,-828.0
2260.0,-952.0,-969.0,-600.0,-976.0,1693.0,1389.0,-763.0
2255.0,-932.0,-969.0,-598.0,-975.0,1691.0,1388.0,-725.0
2247.0,-914.0,-969.0,-597.0,-974.0,1689.0,1387.0,-720.0
2247.0,-910.0,-969.0,-594.0,-972.0,1688.0,1386.0,-633.0
2253.0,-917.0,-969.0,-591.0,-970.0,1688.0,1385.0,-544.0
2261.0,-931.0,-969.0,-590.0,-969.0,1688.0,1384.0,-478.0
2265.0,-944.0,-969.0,-589.0,-968.0,1687.0,1383.0,-424.0
2267.0,-960.0,-973.0,-588.0,-970.0,1685.0,1383.0,-391.0
2267.0,-972.0,-980.0,-594.0,-976.0,1678.0,1382.0,-384.0
2264.0,-971.0,-987.0,-599.0,-983.0,1670.0,1381.0,-347.0
2251.0,-957.0,-991.0,-601.0,-987.0,1663.0,1380.0,-337.0
2235.0,-943.0,-995.0,-604.0,-992.0,1657.0,1379.0,-214.0
2216.0,-930.0,-1000.0,-609.0,-997.0,1649.0,1378.0,18.0
2189.0,-922.0,-1005.0,-612.0,-1002.0,1642.0,1377.0,56.0
2166.0,-923.0,-1008.0,-614.0,-1005.0,1639.0,1376.0,-92.0
2147.0,-930.0,-1011.0,-616.0,-1006.0,1637.0,1376.0,-214.0
2118.0,-938.0,-1017.0,-623.0,-1010.0,1633.0,1375.0,-261.0
2090.0,-946.0,-1024.0,-630.0,-1015.0,1629.0,1374.0,-231.0
2064.0,-944.0,-1029.0,-635.0,-1018.0,1628.0,1373.0,-254.0
2053.0,-938.0,-1033.0,-637.0,-1019.0,1624.0,1372.0,-417.0
2054.0,-934.0,-1039.0,-641.0,-1023.0,1618.0,1371.0,-428.0
2065.0,-926.0,-1043.0,-642.0,-1024.0,1616.0,1370.0,-383.0
2090.0,-918.0,-1041.0,-639.0,-1021.0,1621.0,1370.0,-356.0
2108.0,-920.0,-1041.0,-636.0,-1019.0,1625.0,1369.0,-496.0
2111.0,-927.0,-1043.0,-636.0,-1020.0,1624.0,1368.0,-602.0
2093.0,-935.0,-1046.0,-641.0,-1023.0,1619.0,1367.0,-557.0
2076.0,-943.0,-1046.0,-643.0,-1025.0,1616.0,1366.0,-493.0
2059.0,-949.0,-1046.0,-641.0,-1025.0,1615.0,1365.0,-468.0
2035.0,-945.0,-1047.0,-640.0,-1027.0,1611.0,1364.0,-417.0
2011.0,-936.0,-1052.0,-646.0,-1032.0,1603.0,1364.0,-318.0
1992.0,-924.0,-1058.0,-654.0,-1039.0,1597.0,1363.0,-309.0
1974.0,-906.0,-1061.0,-658.0,-1043.0,1595.0,1362.0,-405.0
1960.0,-893.0,-1063.0,-661.0,-1046.0,1597.0,1361.0,-631.0
1949.0,-892.0,-1065.0,-664.0,-1050.0,1597.0,1360.0,-776.0
1935.0,-896.0,-1066.0,-668.0,-1052.0,1594.0,1359.0,-763.0
1926.0,-906.0,-1066.0,-672.0,-1054.0,1592.0,1358.0,-717.0
1928.0,-916.0,-1061.0,-672.0,-1051.0,1596.0,1358.0,-717.0
1938.0,-922.0,-1049.0,-666.0,-1042.0,1605.0,1357.0,-756.0
1950.0,-927.0,-1041.0,-662.0,-1037.0,1612.0,1356.0,-696.0
1948.0,-913.0,-1031.0,-660.0,-1033.0,1617.0,1355.0,-677.0
1946.0,-899.0,-1027.0,-662.0,-1032.0,1618.0,1354.0,-816.0
1956.0,-895.0,-1029.0,-664.0,-1035.0,1616.0,1353.0,-962.0
1960.0,-892.0,-1033.0,-670.0,-1039.0,1613.0,1352.0,-1016.0
1965.0,-896.0,-1036.0,-674.0,-1040.0,1609.0,1352.0,-1070.0
1967.0,-903.0,-1033.0,-676.0,-1039.0,1609.0,1351.0,-1080.0
1963.0,-908.0,-1026.0,-672.0,-1033.0,1615.0,1350.0,-1009.0
1958.0,-912.0,-1019.0,-667.0,-1026.0,1625.0,1349.0,-932.0
1957.0,-918.0,-1013.0,-661.0,-1018.0,1634.0,1348.0,-907.0
1961.0,-918.0,-1006.0,-654.0,-1012.0,1637.0,1347.0,-891.0
1964.0,-910.0,-999.0,-650.0,-1009.0,1637.0,1346.0,-928.0
1965.0,-899.0,-996.0,-649.0,-1010.0,1634.0,1346.0,-885.0
1965.0,-888.0,-997.0,-648.0,-1013.0,1628.0,1345.0,-789.0
1961.0,-878.0,-999.0,-648.0,-1016.0,1623.0,1344.0,-640.0
1947.0,-872.0,-1000.0,-648.0,-1017.0,1621.0,1343.0,-470.0
1935.0,-875.0,-1003.0,-652.0,-1019.0,1619.0,1342.0,-538.0
1932.0,-886.0,-1004.0,-653.0,-1019.0,1619.0,1341.0,-704.0
1935.0,-898.0,-999.0,-649.0,-1015.0,1620.0,1341.0,-768.0
1935.0,-904.0,-992.0,-643.0,-1011.0,1624.0,1340.0,-935.0
1940.0,-905.0,-986.0,-638.0,-1007.0,1629.0,1339.0,-1057.0
1949.0,-901.0,-982.0,-636.0,-1005.0,1631.0,1338.0,-1138.0
1954.0,-890.0,-980.0,-636.0,-1005.0,1632.0,1337.0,-1316.0
1961.0,-878.0,-980.0,-637.0,-1007.0,1632.0,1336.0,-1596.0
1975.0,-873.0,-982.0,-638.0,-1009.0,1632.0,1336.0,-1772.0
1980.0,-872.0,-980.0,-637.0,-1009.0,1632.0,1335.0,-1760.0
1980.0,-877.0,-979.0,-638.0,-1011.0,1631.0,1334.0,-1796.0
1979.0,-890.0,-978.0,-639.0,-1012.0,1630.0,1333.0,-1826.0
1978.0,-902.0,-975.0,-636.0,-1010.0,1630.0,1332.0,-1748.0
1965.0,-912.0,-975.0,-635.0,-1011.0,1629.0,1331.0,-1642.0
1920.0,-914.0,-988.0,-648.0,-1027.0,1612.0,1330.0,-1579.0
1875.0,-910.0,-1003.0,-663.0,-1044.0,1591.0,1330.0,-1606.0
1845.0,-899.0,-1013.0,-671.0,-1056.0,1576.0,1329.0,-1723.0
1823.0,-881.0,-1017.0,-674.0,-1063.0,1566.0,1328.0,-1705.0
1811.0,-861.0,-1015.0,-671.0,-1062.0,1567.0,1327.0,-1726.0
1800.0,-845.0,-1006.0,-661.0,-1057.0,1576.0,1326.0,-1897.0
1803.0,-841.0,-994.0,-645.0,-1046.0,1586.0,1325.0,-2021.0
1814.0,-840.0,-975.0,-620.0,-1028.0,1602.0,1325.0,-2043.0
1823.0,-838.0,-953.0,-593.0,-1008.0,1620.0,1324.0,-2150.0
1837.0,-834.0,-928.0,-565.0,-985.0,1640.0,1323.0,-2227.0
1861.0,-829.0,-909.0,-543.0,-967.0,1657.0,1322.0,-2275.0
1897.0,-829.0,-901.0,-530.0,-954.0,1670.0,1321.0,-2246.0
1944.0,-836.0,-899.0,-523.0,-947.0,1678.0,1320.0,-2137.0
1974.0,-844.0,-901.0,-520.0,-948.0,1678.0,1320.0,-1881.0
2003.0,-856.0,-900.0,-514.0,-947.0,1677.0,1319.0,-1768.0
2030.0,-881.0,-902.0,-507.0,-946.0,1675.0,1318.0,-1749.0
2055.0,-916.0,-910.0,-505.0,-947.0,1675.0,1317.0,-1802.0
2090.0,-958.0,-914.0,-497.0,-942.0,1681.0,1316.0,-1756.0
2150.0,-1007.0,-918.0,-485.0,-930.0,1698.0,1316.0,-1641.0
2218.0,-1049.0,-923.0,-477.0,-918.0,1719.0,1315.0,-1450.0
2288.0,-1077.0,-928.0,-477.0,-909.0,1735.0,1314.0,-1335.0
2350.0,-1104.0,-941.0,-492.0,-920.0,1727.0,1313.0,-1196.0
2387.0,-1120.0,-962.0,-523.0,-946.0,1702.0,1312.0,-982.0
2408.0,-1116.0,-988.0,-567.0,-977.0,1676.0,1311.0,-805.0
2414.0,-1102.0,-1017.0,-621.0,-1012.0,1653.0,1311.0,-732.0
2396.0,-1082.0,-1040.0,-670.0,-1046.0,1634.0,1310.0,-796.0
2361.0,-1057.0,-1049.0,-704.0,-1072.0,1616.0,1309.0,-841.0
2311.0,-1027.0,-1048.0,-725.0,-1093.0,1599.0,1308.0,-843.0
2275.0,-1015.0,-1051.0,-749.0,-1114.0,1582.0,1307.0,-929.0
2252.0,-1008.0,-1051.0,-766.0,-1128.0,1571.0,1306.0,-950.0
2231.0,-1003.0,-1050.0,-770.0,-1134.0,1562.0,1306.0,-918.0
2213.0,-998.0,-1051.0,-766.0,-1137.0,1555.0,1305.0,-821.0
2208.0,-991.0,-1054.0,-759.0,-1135.0,1552.0,1304.0,-677.0
2205.0,-981.0,-1054.0,-751.0,-1132.0,1552.0,1303.0,-470.0
2192.0,-962.0,-1049.0,-739.0,-1124.0,1555.0,1302.0,-254.0
2178.0,-948.0,-1038.0,-720.0,-1110.0,1565.0,1302.0,-179.0
2154.0,-934.0,-1019.0,-694.0,-1091.0,1580.0,1301.0,-48.0
2127.0,-925.0,-1000.0,-669.0,-1072.0,1594.0,1300.0,16.0
2111.0,-925.0,-985.0,-651.0,-1057.0,1604.0,1299.0,146.0
2099.0,-925.0,-973.0,-636.0,-1044.0,1614.0,1298.0,168.0
2094.0,-923.0,-963.0,-622.0,-1031.0,1623.0,1297.0,218.0
2095.0,-918.0,-956.0,-609.0,-1021.0,1630.0,1297.0,303.0
2089.0,-908.0,-950.0,-599.0,-1014.0,1634.0,1296.0,518.0
2079.0,-894.0,-943.0,-590.0,-1007.0,1636.0,1295.0,841.0
2066.0,-879.0,-937.0,-583.0,-1002.0,1637.0,1294.0,995.0
2050.0,-870.0,-931.0,-576.0,-997.0,1637.0,1293.0,1254.0
2036.0,-868.0,-926.0,-571.0,-993.0,1638.0,1293.0,1632.0
2024.0,-872.0,-920.0,-566.0,-987.0,1640.0,1292.0,1956.0
2009.0,-875.0,-913.0,-561.0,-981.0,1643.0,1291.0,2386.0
1996.0,-875.0,-908.0,-556.0,-975.0,1647.0,1290.0,2860.0
1984.0,-871.0,-905.0,-555.0,-973.0,1647.0,1289.0,3133.0
1973.0,-863.0,-905.0,-557.0,-974.0,1645.0,1288.0,3207.0
1959.0,-848.0,-907.0,-561.0,-976.0,1642.0,1288.0,3075.0
1947.0,-833.0,-909.0,-565.0,-979.0,1637.0,1287.0,2707.0
1933.0,-819.0,-912.0,-568.0,-982.0,1632.0,1286.0,2592.0
1920.0,-816.0,-913.0,-570.0,-984.0,1628.0,1285.0,2558.0
1903.0,-817.0,-912.0,-570.0,-984.0,1626.0,1284.0,2425.0
1886.0,-822.0,-911.0,-569.0,-982.0,1625.0,1284.0,2348.0
1872.0,-831.0,-909.0,-568.0,-981.0,1622.0,1283.0,2597.0
1857.0,-838.0,-907.0,-566.0,-981.0,1619.0,1282.0,3117.0
1846.0,-843.0,-908.0,-567.0,-983.0,1612.0,1281.0,3702.0
1831.0,-835.0,-910.0,-571.0,-987.0,1605.0,1280.0,3961.0
1820.0,-826.0,-914.0,-575.0,-991.0,1600.0,1280.0,3927.0
1810.0,-818.0,-920.0,-582.0,-996.0,1593.0,1279.0,4248.0
1803.0,-811.0,-926.0,-588.0,-1001.0,1586.0,1278.0,4398.0
1797.0,-810.0,-929.0,-590.0,-1002.0,1582.0,1277.0,4258.0
1787.0,-811.0,-929.0,-590.0,-1001.0,1581.0,1276.0,4271.0
1788.0,-827.0,-930.0,-592.0,-1002.0,1576.0,1276.0,4302.0
1782.0,-836.0,-929.0,-590.0,-1000.0,1574.0,1275.0,3988.0
1769.0,-835.0,-922.0,-580.0,-994.0,1576.0,1274.0,3517.0
1756.0,-830.0,-917.0,-572.0,-989.0,1579.0,1273.0,3001.0
1748.0,-822.0,-916.0,-567.0,-987.0,1580.0,1272.0,2916.0
1743.0,-814.0,-920.0,-569.0,-991.0,1576.0,1272.0,3063.0
1741.0,-810.0,-928.0,-575.0,-998.0,1566.0,1271.0,3532.0
1740.0,-810.0,-938.0,-583.0,-1006.0,1555.0,1270.0,4140.0
1733.0,-812.0,-944.0,-587.0,-1011.0,1546.0,1269.0,4548.0
1723.0,-817.0,-946.0,-587.0,-1013.0,1540.0,1268.0,4888.0
1720.0,-831.0,-949.0,-589.0,-1015.0,1534.0,1268.0,5206.0
1714.0,-848.0,-951.0,-590.0,-1018.0,1530.0,1267.0,4980.0
1690.0,-853.0,-952.0,-590.0,-1020.0,1529.0,1266.0,4288.0
1661.0,-854.0,-957.0,-592.0,-1024.0,1525.0,1265.0,4055.0
1639.0,-848.0,-963.0,-595.0,-1030.0,1516.0,1264.0,4386.0
1624.0,-839.0,-968.0,-599.0,-1035.0,1501.0,1264.0,5072.0
1599.0,-825.0,-975.0,-605.0,-1043.0,1487.0,1263.0,5378.0
1569.0,-813.0,-983.0,-611.0,-1052.0,1478.0,1262.0,5574.0
1539.0,-809.0,-989.0,-616.0,-1059.0,1471.0,1261.0,6248.0
1522.0,-813.0,-989.0,-615.0,-1059.0,1473.0,1260.0,7350.0
1521.0,-824.0,-985.0,-610.0,-1054.0,1482.0,1260.0,8391.0
1519.0,-837.0,-977.0,-600.0,-1045.0,1492.0,1259.0,9240.0
1504.0,-844.0,-973.0,-597.0,-1042.0,1495.0,1258.0,9695.0
1502.0,-844.0,-972.0,-594.0,-1040.0,1496.0,1257.0,9664.0
1524.0,-842.0,-968.0,-588.0,-1034.0,1491.0,1256.0,9160.0
1543.0,-838.0,-965.0,-584.0,-1030.0,1482.0,1256.0,8799.0
1553.0,-829.0,-964.0,-582.0,-1029.0,1474.0,1255.0,8624.0
1553.0,-817.0,-963.0,-580.0,-1028.0,1469.0,1254.0,8311.0
1555.0,-816.0,-959.0,-575.0,-1024.0,1472.0,1253.0,7356.0
1563.0,-825.0,-955.0,-569.0,-1020.0,1476.0,1253.0,7159.0
1565.0,-836.0,-950.0,-562.0,-1013.0,1483.0,1252.0,7290.0
1567.0,-841.0,-941.0,-551.0,-1004.0,1496.0,1251.0,7609.0
1573.0,-847.0,-935.0,-543.0,-996.0,1505.0,1250.0,7864.0
1584.0,-849.0,-929.0,-536.0,-988.0,1509.0,1249.0,7440.0
1597.0,-843.0,-924.0,-530.0,-982.0,1510.0,1249.0,7392.0
1616.0,-834.0,-921.0,-524.0,-976.0,1507.0,1248.0,7844.0
1627.0,-825.0,-918.0,-521.0,-973.0,1500.0,1247.0,8333.0
1646.0,-818.0,-915.0,-516.0,-967.0,1497.0,1246.0,8395.0
1676.0,-822.0,-908.0,-508.0,-959.0,1501.0,1245.0,8340.0
1707.0,-830.0,-899.0,-498.0,-949.0,1507.0,1245.0,8026.0
1739.0,-844.0,-887.0,-484.0,-935.0,1517.0,1244.0,7589.0
1752.0,-852.0,-876.0,-471.0,-922.0,1531.0,1243.0,7523.0
1760.0,-852.0,-864.0,-459.0,-908.0,1545.0,1242.0,7808.0
1781.0,-852.0,-852.0,-445.0,-893.0,1557.0,1242.0,7738.0
1808.0,-845.0,-840.0,-431.0,-877.0,1567.0,1241.0,7671.0
1815.0,-837.0,-839.0,-429.0,-873.0,1567.0,1240.0,8079.0
1812.0,-827.0,-843.0,-432.0,-873.0,1563.0,1239.0,8270.0
1826.0,-821.0,-840.0,-428.0,-868.0,1564.0,1238.0,8035.0
1852.0,-825.0,-831.0,-417.0,-856.0,1572.0,1238.0,8363.0
1867.0,-827.0,-820.0,-406.0,-843.0,1581.0,1237.0,8771.0
1877.0,-833.0,-808.0,-393.0,-829.0,1594.0,1236.0,9326.0
1894.0,-844.0,-798.0,-382.0,-816.0,1609.0,1235.0,10033.0
1898.0,-850.0,-792.0,-375.0,-808.0,1619.0,1235.0,10531.0
1890.0,-850.0,-788.0,-370.0,-802.0,1625.0,1234.0,11224.0
1873.0,-844.0,-790.0,-372.0,-802.0,1620.0,1233.0,11925.0
1852.0,-834.0,-794.0,-377.0,-806.0,1613.0,1232.0,11914.0
1838.0,-827.0,-797.0,-381.0,-808.0,1622.0,1231.0,11984.0
1823.0,-813.0,-798.0,-383.0,-809.0,1623.0,1231.0,12386.0
1805.0,-809.0,-798.0,-384.0,-809.0,1618.0,1230.0,13104.0
1774.0,-810.0,-799.0,-386.0,-810.0,1613.0,1229.0,13891.0
1734.0,-815.0,-804.0,-392.0,-816.0,1602.0,1228.0,14339.0
1690.0,-823.0,-812.0,-400.0,-823.0,1588.0,1228.0,14345.0
1670.0,-827.0,-810.0,-399.0,-822.0,1583.0,1227.0,14496.0
1670.0,-827.0,-805.0,-393.0,-817.0,1589.0,1226.0,14976.0
1673.0,-816.0,-800.0,-389.0,-813.0,1599.0,1225.0,15327.0
1666.0,-801.0,-795.0,-385.0,-809.0,1612.0,1225.0,15339.0
1653.0,-788.0,-794.0,-386.0,-811.0,1620.0,1224.0,15259.0
1637.0,-777.0,-798.0,-391.0,-816.0,1618.0,1223.0,15030.0
1635.0,-773.0,-794.0,-389.0,-815.0,1611.0,1222.0,14792.0
1640.0,-773.0,-785.0,-382.0,-809.0,1608.0,1221.0,15202.0
1640.0,-779.0,-776.0,-375.0,-805.0,1605.0,1221.0,15579.0
1633.0,-784.0,-767.0,-368.0,-800.0,1604.0,1220.0,15580.0
1620.0,-788.0,-761.0,-362.0,-798.0,1604.0,1219.0,16057.0
1609.0,-788.0,-757.0,-358.0,-796.0,1601.0,1218.0,16782.0
1611.0,-781.0,-751.0,-352.0,-792.0,1604.0,1218.0,16991.0
1639.0,-770.0,-739.0,-340.0,-782.0,1616.0,1217.0,17039.0
1654.0,-758.0,-732.0,-333.0,-776.0,1617.0,1216.0,17418.0
1661.0,-748.0,-728.0,-329.0,-773.0,1610.0,1215.0,17468.0
1670.0,-744.0,-723.0,-324.0,-769.0,1604.0,1215.0,17806.0
1691.0,-745.0,-711.0,-312.0,-759.0,1612.0,1214.0,18456.0
1706.0,-746.0,-700.0,-302.0,-750.0,1615.0,1213.0,19318.0
1718.0,-754.0,-693.0,-294.0,-744.0,1614.0,1212.0,20102.0
1721.0,-757.0,-685.0,-288.0,-738.0,1616.0,1211.0,20545.0
1723.0,-754.0,-677.0,-283.0,-734.0,1618.0,1211.0,20753.0
1727.0,-745.0,-672.0,-280.0,-731.0,1614.0,1210.0,20521.0
1730.0,-734.0,-671.0,-280.0,-732.0,1610.0,1209.0,19359.0
1725.0,-724.0,-671.0,-282.0,-734.0,1605.0,1208.0,19146.0
1723.0,-714.0,-670.0,-283.0,-736.0,1600.0,1208.0,19733.0
1722.0,-710.0,-666.0,-281.0,-734.0,1599.0,1207.0,20579.0
1717.0,-711.0,-662.0,-278.0,-731.0,1593.0,1206.0,21427.0
1711.0,-720.0,-659.0,-276.0,-729.0,1589.0,1205.0,21777.0
1704.0,-731.0,-657.0,-274.0,-726.0,1588.0,1205.0,22263.0
1688.0,-740.0,-657.0,-276.0,-727.0,1587.0,1204.0,22754.0
1639.0,-745.0,-669.0,-290.0,-740.0,1569.0,1203.0,21131.0
1627.0,-746.0,-671.0,-295.0,-744.0,1558.0,1202.0,18639.0
1623.0,-742.0,-674.0,-301.0,-748.0,1544.0,1202.0,18837.0
1606.0,-736.0,-682.0,-312.0,-757.0,1526.0,1201.0,20314.0
1607.0,-725.0,-681.0,-313.0,-758.0,1522.0,1200.0,22216.0
1606.0,-724.0,-681.0,-315.0,-758.0,1523.0,1199.0,23599.0
1602.0,-733.0,-682.0,-318.0,-760.0,1524.0,1199.0,24746.0
1597.0,-745.0,-682.0,-321.0,-763.0,1523.0,1198.0,25078.0
1579.0,-755.0,-685.0,-325.0,-768.0,1515.0,1197.0,24514.0
1552.0,-766.0,-691.0,-334.0,-776.0,1499.0,1196.0,25432.0
1514.0,-771.0,-703.0,-348.0,-790.0,1483.0,1196.0,26508.0
1480.0,-771.0,-716.0,-363.0,-805.0,1467.0,1195.0,26655.0
1444.0,-763.0,-732.0,-381.0,-823.0,1449.0,1194.0,25740.0
1408.0,-754.0,-748.0,-399.0,-841.0,1431.0,1193.0,23936.0
1379.0,-744.0,-761.0,-412.0,-856.0,1415.0,1193.0,18063.0
1361.0,-740.0,-772.0,-423.0,-869.0,1402.0,1192.0,10720.0
1359.0,-746.0,-777.0,-426.0,-875.0,1398.0,1191.0,6413.0
1357.0,-754.0,-780.0,-427.0,-880.0,1395.0,1190.0,4878.0
1340.0,-764.0,-787.0,-433.0,-889.0,1386.0,1190.0,4379.0
1314.0,-769.0,-796.0,-439.0,-898.0,1376.0,1189.0,4842.0
1301.0,-770.0,-803.0,-444.0,-906.0,1371.0,1188.0,6228.0
1308.0,-767.0,-808.0,-446.0,-911.0,1364.0,1187.0,7172.0
1333.0,-759.0,-807.0,-444.0,-908.0,1359.0,1187.0,7660.0
1341.0,-747.0,-811.0,-446.0,-911.0,1353.0,1186.0,8170.0
1336.0,-737.0,-819.0,-452.0,-916.0,1344.0,1185.0,6761.0
1330.0,-731.0,-823.0,-455.0,-918.0,1335.0,1184.0,4136.0
1348.0,-733.0,-818.0,-447.0,-910.0,1341.0,1184.0,3403.0
1369.0,-739.0,-813.0,-439.0,-902.0,1346.0,1183.0,3479.0
1385.0,-746.0,-808.0,-432.0,-894.0,1369.0,1182.0,4311.0
1392.0,-751.0,-805.0,-427.0,-889.0,1398.0,1181.0,6244.0
1387.0,-752.0,-805.0,-427.0,-889.0,1406.0,1181.0,9592.0
1380.0,-744.0,-806.0,-430.0,-891.0,1399.0,1180.0,13147.0
1375.0,-729.0,-805.0,-433.0,-895.0,1384.0,1179.0,16597.0
1379.0,-716.0,-803.0,-437.0,-900.0,1372.0,1178.0,20260.0
1377.0,-705.0,-796.0,-440.0,-904.0,1362.0,1178.0,22717.0
1375.0,-701.0,-788.0,-443.0,-908.0,1354.0,1177.0,23964.0
1387.0,-705.0,-774.0,-440.0,-905.0,1355.0,1176.0,26719.0
1398.0,-715.0,-761.0,-435.0,-900.0,1351.0,1175.0,29714.0
1406.0,-725.0,-744.0,-430.0,-896.0,1350.0,1175.0,31807.0
1407.0,-733.0,-724.0,-426.0,-893.0,1347.0,1174.0,-32732.0
1410.0,-735.0,-710.0,-422.0,-893.0,1344.0,1173.0,-31691.0
1411.0,-727.0,-702.0,-425.0,-897.0,1344.0,1173.0,-31136.0
1413.0,-715.0,-696.0,-426.0,-902.0,1343.0,1172.0,-31752.0
1419.0,-702.0,-692.0,-428.0,-908.0,1339.0,1171.0,30075.0
1428.0,-690.0,-687.0,-427.0,-911.0,1337.0,1170.0,31223.0
1437.0,-686.0,-681.0,-424.0,-912.0,1336.0,1170.0,-32086.0
1438.0,-685.0,-674.0,-420.0,-913.0,1330.0,1169.0,32353.0
1441.0,-689.0,-666.0,-416.0,-913.0,1324.0,1168.0,31843.0
1447.0,-697.0,-660.0,-411.0,-913.0,1321.0,1167.0,-32469.0
1451.0,-704.0,-654.0,-408.0,-916.0,1317.0,1167.0,-31720.0
1442.0,-701.0,-647.0,-406.0,-916.0,1314.0,1166.0,-29382.0
1426.0,-689.0,-644.0,-408.0,-918.0,1311.0,1165.0,-25995.0
1403.0,-679.0,-651.0,-420.0,-931.0,1296.0,1164.0,-22508.0
1391.0,-664.0,-653.0,-427.0,-940.0,1280.0,1164.0,-19983.0
1383.0,-652.0,-654.0,-434.0,-951.0,1263.0,1163.0,-22015.0
1373.0,-649.0,-656.0,-439.0,-961.0,1250.0,1162.0,-31619.0
1360.0,-650.0,-655.0,-441.0,-964.0,1246.0,1161.0,25226.0
1348.0,-656.0,-654.0,-439.0,-963.0,1252.0,1161.0,19402.0
1332.0,-661.0,-650.0,-437.0,-961.0,1266.0,1160.0,13978.0
1311.0,-669.0,-651.0,-439.0,-964.0,1277.0,1159.0,9435.0
1301.0,-678.0,-654.0,-445.0,-970.0,1285.0,1159.0,5991.0
1293.0,-680.0,-660.0,-455.0,-981.0,1286.0,1158.0,3245.0
1274.0,-673.0,-670.0,-466.0,-993.0,1282.0,1157.0,606.0
1255.0,-662.0,-681.0,-478.0,-1007.0,1269.0,1156.0,-1641.0
1242.0,-652.0,-688.0,-485.0,-1016.0,1263.0,1156.0,-3372.0
1227.0,-648.0,-691.0,-487.0,-1019.0,1272.0,1155.0,-4636.0
1220.0,-655.0,-693.0,-486.0,-1019.0,1284.0,1154.0,-5748.0
1217.0,-666.0,-692.0,-484.0,-1019.0,1295.0,1153.0,-6550.0
1210.0,-677.0,-690.0,-484.0,-1018.0,1301.0,1153.0,-7226.0
1200.0,-687.0,-691.0,-486.0,-1017.0,1305.0,1152.0,-7911.0
1191.0,-691.0,-693.0,-489.0,-1018.0,1304.0,1151.0,-8521.0
1206.0,-692.0,-693.0,-490.0,-1020.0,1302.0,1151.0,-8951.0
1219.0,-689.0,-696.0,-496.0,-1025.0,1296.0,1150.0,-9289.0
1209.0,-681.0,-705.0,-510.0,-1032.0,1289.0,1149.0,-9532.0
1197.0,-676.0,-714.0,-526.0,-1043.0,1282.0,1148.0,-9682.0
1178.0,-676.0,-722.0,-536.0,-1048.0,1285.0,1148.0,-9800.0
1160.0,-689.0,-733.0,-548.0,-1051.0,1297.0,1147.0,-9888.0
1166.0,-703.0,-731.0,-548.0,-1046.0,1310.0,1146.0,-9932.0
1210.0,-718.0,-716.0,-534.0,-1027.0,1333.0,1146.0,-9955.0
1266.0,-738.0,-701.0,-519.0,-1008.0,1355.0,1145.0,-9969.0
1325.0,-746.0,-683.0,-502.0,-986.0,1379.0,1144.0,-9953.0
1392.0,-745.0,-664.0,-485.0,-965.0,1404.0,1143.0,-9935.0
1439.0,-742.0,-655.0,-476.0,-953.0,1420.0,1143.0,-9920.0
1490.0,-738.0,-646.0,-466.0,-941.0,1433.0,1142.0,-9894.0
1563.0,-733.0,-627.0,-449.0,-921.0,1453.0,1141.0,-9873.0
1687.0,-734.0,-589.0,-411.0,-881.0,1494.0,1141.0,-9842.0
1819.0,-739.0,-545.0,-367.0,-836.0,1540.0,1140.0,-9812.0
1988.0,-751.0,-488.0,-311.0,-778.0,1597.0,1139.0,-9756.0
2256.0,-764.0,-399.0,-222.0,-687.0,1686.0,1138.0,-9675.0
2443.0,-776.0,-338.0,-160.0,-624.0,1750.0,1138.0,-9586.0
2636.0,-780.0,-276.0,-96.0,-560.0,1817.0,1137.0,-9488.0
2874.0,-778.0,-200.0,-20.0,-483.0,1893.0,1136.0,-9377.0
3076.0,-775.0,-139.0,40.0,-420.0,1954.0,1135.0,-9276.0
3245.0,-771.0,-91.0,90.0,-372.0,1999.0,1135.0,-9191.0
3425.0,-765.0,-38.0,143.0,-321.0,2051.0,1134.0,-9110.0
3614.0,-763.0,21.0,207.0,-250.0,2119.0,1133.0,-9031.0
3781.0,-769.0,74.0,263.0,-192.0,2178.0,1133.0,-8962.0
3971.0,-779.0,137.0,326.0,-127.0,2246.0,1132.0,-8885.0
4203.0,-789.0,216.0,407.0,-42.0,2335.0,1131.0,-8795.0
4280.0,-798.0,280.0,475.0,30.0,2413.0,1131.0,-8700.0
4345.0,-800.0,322.0,519.0,79.0,2465.0,1130.0,-8612.0
4506.0,-794.0,392.0,592.0,155.0,2541.0,1129.0,-8508.0
4705.0,-784.0,472.0,675.0,240.0,2623.0,1128.0,-8401.0
4781.0,-773.0,511.0,717.0,284.0,2663.0,1128.0,-8318.0
4893.0,-767.0,561.0,768.0,336.0,2711.0,1127.0,-8235.0
5090.0,-769.0,639.0,850.0,418.0,2790.0,1126.0,-8146.0
5305.0,-776.0,728.0,939.0,510.0,2878.0,1126.0,-8055.0
5503.0,-787.0,815.0,1028.0,600.0,2966.0,1125.0,-7969.0
5664.0,-798.0,891.0,1105.0,678.0,3044.0,1124.0,-7874.0
5832.0,-809.0,968.0,1183.0,758.0,3123.0,1123.0,-7768.0
6027.0,-809.0,1056.0,1273.0,849.0,3213.0,1123.0,-7662.0
6203.0,-800.0,1138.0,1357.0,934.0,3298.0,1122.0,-7556.0
6360.0,-789.0,1210.0,1430.0,1008.0,3375.0,1121.0,-7451.0
6504.0,-779.0,1276.0,1497.0,1076.0,3447.0,1121.0,-7350.0
6629.0,-771.0,1335.0,1557.0,1137.0,3512.0,1120.0,-7251.0
6666.0,-765.0,1372.0,1594.0,1176.0,3554.0,1119.0,-7173.0
6554.0,-764.0,1361.0,1585.0,1167.0,3546.0,1118.0,-7127.0
6569.0,-771.0,1391.0,1617.0,1200.0,3581.0,1118.0,-7054.0
6759.0,-785.0,1479.0,1706.0,1290.0,3673.0,1117.0,-6953.0
6919.0,-796.0,1558.0,1786.0,1372.0,3756.0,1116.0,-6852.0
7008.0,-797.0,1615.0,1844.0,1430.0,3814.0,1116.0,-6762.0
7095.0,-792.0,1668.0,1897.0,1484.0,3867.0,1115.0,-6669.0
7202.0,-787.0,1725.0,1955.0,1543.0,3926.0,1114.0,-6578.0
7313.0,-776.0,1788.0,2017.0,1606.0,3993.0,1114.0,-6479.0
7418.0,-765.0,1849.0,2078.0,1668.0,4060.0,1113.0,-6376.0
7497.0,-762.0,1903.0,2132.0,1724.0,4120.0,1112.0,-6276.0
7552.0,-766.0,1951.0,2179.0,1772.0,4125.0,1111.0,-6178.0
7555.0,-771.0,1986.0,2214.0,1807.0,4115.0,1111.0,-6099.0
7569.0,-778.0,2026.0,2253.0,1846.0,4109.0,1110.0,-6020.0
7606.0,-785.0,2072.0,2297.0,1892.0,4108.0,1109.0,-5942.0
7646.0,-787.0,2117.0,2341.0,1937.0,4104.0,1109.0,-5854.0
7667.0,-783.0,2153.0,2376.0,1973.0,4093.0,1108.0,-5765.0
7697.0,-777.0,2190.0,2412.0,2009.0,4082.0,1107.0,-5677.0
7719.0,-767.0,2225.0,2444.0,2043.0,4068.0,1107.0,-5595.0
7737.0,-758.0,2259.0,2477.0,2077.0,4055.0,1106.0,-5518.0
7741.0,-759.0,2288.0,2505.0,2106.0,4036.0,1105.0,-5445.0
7707.0,-768.0,2306.0,2522.0,2124.0,4005.0,1105.0,-5378.0
7631.0,-780.0,2312.0,2528.0,2131.0,3963.0,1104.0,-5322.0
7669.0,-792.0,2357.0,2573.0,2176.0,3961.0,1103.0,-5236.0
7729.0,-800.0,2410.0,2626.0,2229.0,3966.0,1102.0,-5146.0
7776.0,-804.0,2458.0,2672.0,2277.0,3965.0,1102.0,-5061.0
7796.0,-801.0,2494.0,2708.0,2312.0,3953.0,1101.0,-4981.0
7801.0,-794.0,2523.0,2736.0,2342.0,3935.0,1100.0,-4906.0
7936.0,-787.0,2596.0,2809.0,2415.0,3962.0,1100.0,-4802.0
8010.0,-778.0,2650.0,2863.0,2470.0,3969.0,1099.0,-4710.0
8113.0,-776.0,2718.0,2930.0,2537.0,3986.0,1098.0,-4642.0
8214.0,-779.0,2786.0,2997.0,2605.0,4005.0,1098.0,-4592.0
8292.0,-785.0,2849.0,3059.0,2667.0,4018.0,1097.0,-4525.0
8361.0,-794.0,2910.0,3119.0,2728.0,4029.0,1096.0,-4450.0
8419.0,-802.0,2966.0,3175.0,2784.0,4035.0,1096.0,-4378.0
8462.0,-807.0,3015.0,3223.0,2833.0,4034.0,1095.0,-4313.0
8486.0,-804.0,3056.0,3262.0,2873.0,4024.0,1094.0,-4248.0
8583.0,-799.0,3119.0,3325.0,2935.0,4037.0,1093.0,-4169.0
8721.0,-791.0,3196.0,3401.0,3012.0,4065.0,1093.0,-4080.0
8855.0,-784.0,3271.0,3476.0,3088.0,4090.0,1092.0,-3986.0
8980.0,-782.0,3344.0,3549.0,3162.0,4114.0,1091.0,-3893.0
9108.0,-785.0,3423.0,3628.0,3241.0,4142.0,1091.0,-3791.0
9191.0,-792.0,3489.0,3693.0,3307.0,4158.0,1090.0,-3697.0
9307.0,-801.0,3567.0,3770.0,3384.0,4184.0,1089.0,-3596.0
9343.0,-808.0,3619.0,3822.0,3438.0,4187.0,1089.0,-3516.0
9206.0,-810.0,3612.0,3814.0,3430.0,4128.0,1088.0,-3487.0
9096.0,-805.0,3610.0,3811.0,3427.0,4075.0,1087.0,-3455.0
9245.0,-796.0,3695.0,3896.0,3513.0,4110.0,1087.0,-3368.0
9434.0,-784.0,3794.0,3994.0,3611.0,4158.0,1086.0,-3275.0
9584.0,-772.0,3879.0,4079.0,3696.0,4192.0,1085.0,-3183.0
9738.0,-768.0,3969.0,4167.0,3786.0,4230.0,1085.0,-3085.0
9883.0,-774.0,4053.0,4182.0,3871.0,4264.0,1084.0,-2992.0
10005.0,-783.0,4134.0,4213.0,3952.0,4292.0,1083.0,-2897.0
10091.0,-787.0,4142.0,4237.0,4027.0,4314.0,1082.0,-2815.0
10201.0,-792.0,4172.0,4267.0,4108.0,4343.0,1082.0,-2724.0
10316.0,-791.0,4203.0,4296.0,4126.0,4371.0,1081.0,-2635.0
10342.0,-783.0,4202.0,4294.0,4126.0,4367.0,1080.0,-2568.0
10175.0,-774.0,4134.0,4225.0,4059.0,4297.0,1080.0,-2547.0
9833.0,-764.0,4006.0,4096.0,3932.0,4166.0,1079.0,-2573.0
9558.0,-758.0,3899.0,3987.0,3825.0,4056.0,1078.0,-2595.0
9407.0,-757.0,3836.0,3923.0,3764.0,3991.0,1078.0,-2589.0
9465.0,-765.0,3844.0,3931.0,3774.0,3997.0,1077.0,-2537.0
9518.0,-771.0,3856.0,3942.0,3786.0,4006.0,1076.0,-2481.0
9656.0,-777.0,3898.0,3984.0,3828.0,4045.0,1076.0,-2394.0
9809.0,-786.0,3942.0,4027.0,3873.0,4086.0,1075.0,-2307.0
9836.0,-792.0,3941.0,4026.0,3873.0,4083.0,1074.0,-2247.0
9679.0,-787.0,3878.0,3962.0,3811.0,4019.0,1074.0,-2231.0
9404.0,-775.0,3774.0,3856.0,3707.0,3915.0,1073.0,-2247.0
9113.0,-765.0,3664.0,3745.0,3599.0,3806.0,1072.0,-2274.0
8860.0,-755.0,3569.0,3650.0,3506.0,3711.0,1072.0,-2294.0
8627.0,-754.0,3482.0,3561.0,3419.0,3623.0,1071.0,-2314.0
8398.0,-758.0,3397.0,3475.0,3335.0,3538.0,1070.0,-2335.0
8168.0,-763.0,3316.0,3395.0,3256.0,3456.0,1070.0,-2353.0
7950.0,-772.0,3239.0,3317.0,3181.0,3378.0,1069.0,-2371.0
7744.0,-780.0,3165.0,3241.0,3107.0,3301.0,1068.0,-2388.0
7513.0,-781.0,3082.0,3157.0,3024.0,3216.0,1068.0,-2414.0
7259.0,-774.0,2988.0,3062.0,2931.0,3121.0,1067.0,-2442.0
7020.0,-767.0,2897.0,2970.0,2840.0,3029.0,1066.0,-2469.0
6786.0,-760.0,2809.0,2881.0,2752.0,2938.0,1066.0,-2499.0
6551.0,-752.0,2722.0,2793.0,2667.0,2850.0,1065.0,-2528.0
6310.0,-753.0,2631.0,2702.0,2576.0,2757.0,1064.0,-2562.0
6080.0,-758.0,2546.0,2616.0,2492.0,2671.0,1064.0,-2594.0
5851.0,-765.0,2464.0,2533.0,2411.0,2588.0,1063.0,-2622.0
5625.0,-777.0,2384.0,2450.0,2331.0,2505.0,1062.0,-2651.0
5406.0,-791.0,2305.0,2370.0,2253.0,2424.0,1062.0,-2676.0
5180.0,-797.0,2225.0,2289.0,2172.0,2341.0,1061.0,-2706.0
4943.0,-790.0,2140.0,2203.0,2087.0,2253.0,1060.0,-2732.0
4709.0,-781.0,2054.0,2115.0,2036.0,2164.0,1060.0,-2763.0
4484.0,-770.0,2007.0,2031.0,1977.0,2080.0,1059.0,-2794.0
4276.0,-761.0,1952.0,1992.0,1922.0,2032.0,1058.0,-2822.0
4084.0,-760.0,1902.0,1941.0,1872.0,1981.0,1058.0,-2847.0
3901.0,-767.0,1857.0,1895.0,1826.0,1936.0,1057.0,-2867.0
3720.0,-775.0,1816.0,1854.0,1785.0,1893.0,1056.0,-2887.0
3540.0,-782.0,1777.0,1814.0,1743.0,1851.0,1056.0,-2903.0
3367.0,-791.0,1735.0,1771.0,1701.0,1807.0,1055.0,-2920.0
3197.0,-792.0,1694.0,1729.0,1660.0,1766.0,1054.0,-2933.0
3033.0,-784.0,1651.0,1686.0,1617.0,1722.0,1054.0,-2944.0
2873.0,-773.0,1607.0,1641.0,1572.0,1678.0,1053.0,-2953.0
2714.0,-763.0,1560.0,1594.0,1525.0,1631.0,1052.0,-2969.0
2555.0,-754.0,1512.0,1547.0,1479.0,1585.0,1052.0,-2984.0
2400.0,-746.0,1471.0,1505.0,1438.0,1544.0,1051.0,-2996.0
2259.0,-747.0,1436.0,1468.0,1401.0,1507.0,1050.0,-3006.0
2124.0,-756.0,1400.0,1432.0,1366.0,1471.0,1050.0,-3014.0
1985.0,-764.0,1365.0,1396.0,1330.0,1435.0,1049.0,-3022.0
1982.0,-771.0,1330.0,1360.0,1294.0,1398.0,1048.0,-3029.0
1875.0,-770.0,1295.0,1326.0,1259.0,1362.0,1048.0,-3035.0
1773.0,-767.0,1256.0,1288.0,1222.0,1324.0,1047.0,-3041.0
1663.0,-760.0,1216.0,1248.0,1181.0,1283.0,1046.0,-3050.0
1553.0,-752.0,1174.0,1206.0,1138.0,1239.0,1046.0,-3057.0
1484.0,-744.0,1145.0,1177.0,1108.0,1208.0,1045.0,-3057.0
1509.0,-739.0,1152.0,1183.0,1114.0,1213.0,1044.0,-3030.0
1536.0,-742.0,1161.0,1194.0,1125.0,1223.0,1044.0,-2994.0
1523.0,-745.0,1160.0,1191.0,1122.0,1220.0,1043.0,-2966.0
1557.0,-754.0,1172.0,1203.0,1133.0,1230.0,1042.0,-2927.0
1592.0,-762.0,1187.0,1218.0,1147.0,1243.0,1042.0,-2884.0
1575.0,-765.0,1183.0,1213.0,1142.0,1238.0,1041.0,-2856.0
1456.0,-758.0,1142.0,1173.0,1101.0,1196.0,1040.0,-2855.0
1357.0,-748.0,1107.0,1136.0,1064.0,1159.0,1040.0,-2847.0
1370.0,-737.0,1109.0,1137.0,1065.0,1162.0,1039.0,-2819.0
1340.0,-729.0,1095.0,1122.0,1051.0,1147.0,1038.0,-2802.0
1267.0,-724.0,1072.0,1098.0,1027.0,1123.0,1038.0,-2789.0
1235.0,-730.0,1061.0,1088.0,1016.0,1112.0,1037.0,-2771.0
1153.0,-740.0,1034.0,1060.0,988.0,1083.0,1037.0,-2763.0
1198.0,-748.0,1053.0,1079.0,1007.0,1102.0,1036.0,-2718.0
1479.0,-757.0,1152.0,1178.0,1106.0,1199.0,1035.0,-2616.0
1659.0,-760.0,1216.0,1241.0,1169.0,1261.0,1035.0,-2537.0
1649.0,-753.0,1215.0,1238.0,1166.0,1256.0,1034.0,-2497.0
1626.0,-744.0,1204.0,1226.0,1154.0,1243.0,1033.0,-2465.0
1595.0,-737.0,1189.0,1210.0,1137.0,1225.0,1033.0,-2444.0
1466.0,-730.0,1141.0,1161.0,1088.0,1173.0,1032.0,-2451.0
1256.0,-728.0,1070.0,1089.0,1015.0,1097.0,1031.0,-2483.0
1039.0,-727.0,1001.0,1019.0,945.0,1025.0,1031.0,-2509.0
886.0,-732.0,956.0,972.0,897.0,978.0,1030.0,-2524.0
795.0,-740.0,931.0,945.0,871.0,955.0,1029.0,-2521.0
804.0,-745.0,940.0,952.0,879.0,965.0,1029.0,-2488.0
894.0,-744.0,974.0,985.0,912.0,997.0,1028.0,-2436.0
1052.0,-740.0,1025.0,1035.0,962.0,1048.0,1027.0,-2367.0
1269.0,-738.0,1092.0,1101.0,1030.0,1116.0,1027.0,-2286.0
1468.0,-731.0,1154.0,1165.0,1094.0,1180.0,1026.0,-2206.0
1676.0,-722.0,1220.0,1231.0,1160.0,1247.0,1026.0,-2118.0
1999.0,-720.0,1328.0,1338.0,1267.0,1354.0,1025.0,-2001.0
2281.0,-725.0,1421.0,1430.0,1360.0,1447.0,1024.0,-1820.0
2549.0,-736.0,1508.0,1516.0,1447.0,1534.0,1024.0,-1738.0
2824.0,-748.0,1599.0,1606.0,1538.0,1624.0,1023.0,-1656.0
3086.0,-754.0,1689.0,1696.0,1628.0,1715.0,1022.0,-1576.0
3315.0,-756.0,1767.0,1774.0,1706.0,1793.0,1022.0,-1503.0
3528.0,-754.0,1835.0,1842.0,1775.0,1861.0,1021.0,-1432.0
3819.0,-750.0,1927.0,1933.0,1867.0,1952.0,1020.0,-1345.0
4202.0,-737.0,2055.0,2058.0,1991.0,2077.0,1020.0,-1236.0
4347.0,-727.0,2157.0,2160.0,2092.0,2177.0,1019.0,-1148.0
4562.0,-722.0,2244.0,2246.0,2179.0,2264.0,1018.0,-1069.0
4774.0,-723.0,2332.0,2333.0,2267.0,2351.0,1018.0,-989.0
4978.0,-730.0,2421.0,2421.0,2355.0,2438.0,1017.0,-910.0
5166.0,-736.0,2506.0,2506.0,2439.0,2523.0,1017.0,-839.0
5361.0,-744.0,2593.0,2593.0,2526.0,2608.0,1016.0,-767.0
5657.0,-747.0,2715.0,2715.0,2647.0,2729.0,1015.0,-670.0
5959.0,-744.0,2838.0,2838.0,2769.0,2850.0,1015.0,-568.0
6224.0,-738.0,2946.0,2946.0,2877.0,2956.0,1014.0,-477.0
6450.0,-724.0,3045.0,3046.0,2977.0,3056.0,1013.0,-392.0
8246.0,-734.0,3819.0,3825.0,3754.0,3827.0,1010.0,122.0
8446.0,-737.0,3918.0,3925.0,3853.0,3926.0,1009.0,183.0
8827.0,-732.0,4079.0,4086.0,4016.0,4088.0,1008.0,285.0
9244.0,-724.0,4253.0,4261.0,4191.0,4263.0,1008.0,398.0
9650.0,-718.0,4341.0,4346.0,4282.0,4355.0,1007.0,506.0
10040.0,-709.0,4453.0,4457.0,4394.0,4464.0,1006.0,615.0
10384.0,-704.0,4553.0,4558.0,4496.0,4562.0,1006.0,699.0
10655.0,-703.0,4632.0,4636.0,4573.0,4635.0,1005.0,737.0
10954.0,-705.0,4723.0,4725.0,4663.0,4721.0,1004.0,785.0
11337.0,-714.0,4841.0,4843.0,4782.0,4838.0,1004.0,882.0
11747.0,-724.0,4969.0,4971.0,4910.0,4965.0,1003.0,1007.0
12108.0,-731.0,5078.0,5079.0,5020.0,5076.0,1003.0,1108.0
12267.0,-728.0,5118.0,5119.0,5060.0,5119.0,1002.0,1149.0
12194.0,-724.0,5077.0,5077.0,5021.0,5079.0,1001.0,1114.0
12393.0,-716.0,5126.0,5125.0,5070.0,5126.0,1001.0,1143.0
12758.0,-707.0,5232.0,5234.0,5178.0,5231.0,1000.0,1213.0
12940.0,-706.0,5278.0,5281.0,5225.0,5276.0,999.0,1249.0
12952.0,-708.0,5271.0,5275.0,5219.0,5270.0,999.0,1238.0
12816.0,-715.0,5217.0,5222.0,5166.0,5216.0,998.0,1063.0
12574.0,-722.0,5126.0,5133.0,5076.0,5124.0,998.0,698.0
12274.0,-731.0,5015.0,5022.0,4964.0,5010.0,997.0,340.0
11958.0,-739.0,4897.0,4905.0,4847.0,4890.0,996.0,-12.0
11653.0,-739.0,4782.0,4790.0,4731.0,4773.0,996.0,-326.0
11357.0,-729.0,4669.0,4678.0,4618.0,4657.0,995.0,-594.0
11072.0,-720.0,4559.0,4569.0,4509.0,4543.0,994.0,-832.0
10808.0,-713.0,4454.0,4464.0,4404.0,4436.0,994.0,-1052.0
10542.0,-710.0,4352.0,4362.0,4301.0,4335.0,993.0,-1270.0
10272.0,-711.0,4253.0,4263.0,4203.0,4239.0,993.0,-1473.0
10006.0,-718.0,4155.0,4166.0,4107.0,4144.0,992.0,-1659.0
9740.0,-725.0,4058.0,4071.0,4012.0,4051.0,991.0,-1836.0
9465.0,-731.0,3959.0,3972.0,3916.0,3954.0,991.0,-2015.0
9188.0,-730.0,3862.0,3875.0,3819.0,3857.0,990.0,-2194.0
8908.0,-715.0,3769.0,3782.0,3726.0,3763.0,989.0,-2362.0
8638.0,-696.0,3679.0,3696.0,3638.0,3672.0,989.0,-2527.0
8366.0,-677.0,3588.0,3608.0,3549.0,3580.0,988.0,-2694.0
8083.0,-657.0,3494.0,3517.0,3456.0,3484.0,988.0,-2860.0
7796.0,-646.0,3398.0,3423.0,3360.0,3385.0,987.0,-3030.0
7517.0,-652.0,3294.0,3321.0,3260.0,3283.0,986.0,-3206.0
7243.0,-668.0,3189.0,3218.0,3158.0,3178.0,986.0,-3387.0
6964.0,-698.0,3080.0,3112.0,3050.0,3066.0,985.0,-3579.0
6693.0,-731.0,2974.0,3011.0,2946.0,2958.0,984.0,-3771.0
6426.0,-761.0,2866.0,2911.0,2842.0,2850.0,984.0,-3957.0
6139.0,-786.0,2742.0,2795.0,2725.0,2732.0,983.0,-4136.0
5855.0,-817.0,2612.0,2677.0,2606.0,2614.0,983.0,-4350.0
5576.0,-855.0,2475.0,2553.0,2486.0,2495.0,982.0,-4474.0
5266.0,-889.0,2325.0,2414.0,2353.0,2363.0,981.0,-4596.0
4908.0,-923.0,2158.0,2252.0,2200.0,2209.0,981.0,-4728.0
4511.0,-965.0,1983.0,2076.0,2028.0,2035.0,980.0,-4876.0
4075.0,-1006.0,1848.0,1940.0,1885.0,1889.0,979.0,-5047.0
3565.0,-1027.0,1665.0,1742.0,1696.0,1702.0,979.0,-5244.0
2853.0,-1036.0,1412.0,1467.0,1439.0,1454.0,978.0,-5530.0
2113.0,-1020.0,1161.0,1189.0,1179.0,1206.0,978.0,-6229.0
1527.0,-990.0,972.0,976.0,977.0,1009.0,977.0,-7074.0
540.0,-941.0,607.0,584.0,592.0,626.0,976.0,-7749.0
-700.0,-898.0,199.0,150.0,165.0,201.0,976.0,-8302.0
-1496.0,-875.0,-67.0,-133.0,-112.0,-75.0,975.0,-8669.0
-1908.0,-861.0,-200.0,-270.0,-253.0,-217.0,975.0,-8873.0
-2163.0,-861.0,-277.0,-342.0,-331.0,-297.0,974.0,-8996.0
-2840.0,-873.0,-497.0,-556.0,-549.0,-518.0,973.0,-9211.0
-3528.0,-880.0,-719.0,-771.0,-767.0,-739.0,973.0,-9408.0
-4157.0,-875.0,-914.0,-961.0,-958.0,-933.0,972.0,-9570.0
-4624.0,-867.0,-1035.0,-1075.0,-1078.0,-1057.0,972.0,-9659.0
-4495.0,-854.0,-994.0,-1025.0,-1034.0,-1018.0,971.0,-9599.0
-4121.0,-835.0,-867.0,-890.0,-905.0,-895.0,970.0,-9453.0
-3940.0,-816.0,-810.0,-826.0,-847.0,-841.0,970.0,-9349.0
-3841.0,-802.0,-783.0,-793.0,-818.0,-815.0,969.0,-9263.0
-3771.0,-797.0,-768.0,-771.0,-800.0,-800.0,968.0,-9180.0
-3742.0,-798.0,-764.0,-760.0,-792.0,-795.0,968.0,-9094.0
-3742.0,-800.0,-766.0,-756.0,-791.0,-796.0,967.0,-9016.0
-3768.0,-802.0,-776.0,-762.0,-800.0,-807.0,967.0,-8945.0
-3809.0,-801.0,-791.0,-773.0,-814.0,-824.0,966.0,-8878.0
-3860.0,-794.0,-813.0,-793.0,-836.0,-849.0,965.0,-8826.0
-4015.0,-782.0,-875.0,-856.0,-899.0,-915.0,965.0,-8818.0
-4211.0,-771.0,-955.0,-937.0,-980.0,-1000.0,964.0,-8820.0
-4203.0,-756.0,-970.0,-952.0,-993.0,-1016.0,964.0,-8753.0
-4144.0,-740.0,-966.0,-948.0,-988.0,-1013.0,963.0,-8659.0
-4108.0,-727.0,-966.0,-949.0,-989.0,-1015.0,962.0,-8574.0
-4091.0,-721.0,-974.0,-957.0,-995.0,-1022.0,962.0,-8508.0
-4076.0,-723.0,-981.0,-963.0,-1001.0,-1027.0,961.0,-8453.0
-4068.0,-731.0,-991.0,-973.0,-1007.0,-1033.0,961.0,-8403.0
-4081.0,-738.0,-1009.0,-991.0,-1025.0,-1052.0,960.0,-8361.0
-4129.0,-737.0,-1041.0,-1024.0,-1055.0,-1084.0,959.0,-8334.0
-4115.0,-734.0,-1054.0,-1038.0,-1068.0,-1099.0,959.0,-8289.0
-4086.0,-731.0,-1067.0,-1050.0,-1081.0,-1114.0,958.0,-8240.0
-4113.0,-726.0,-1100.0,-1082.0,-1113.0,-1147.0,958.0,-8207.0
-4178.0,-717.0,-1141.0,-1125.0,-1154.0,-1189.0,957.0,-8184.0
-4234.0,-713.0,-1177.0,-1162.0,-1190.0,-1225.0,956.0,-8161.0
-4420.0,-717.0,-1256.0,-1242.0,-1269.0,-1305.0,956.0,-8177.0
-4904.0,-724.0,-1434.0,-1421.0,-1447.0,-1485.0,955.0,-8282.0
-5117.0,-731.0,-1521.0,-1510.0,-1535.0,-1575.0,955.0,-8307.0
-5056.0,-735.0,-1515.0,-1504.0,-1527.0,-1567.0,954.0,-8251.0
-5106.0,-737.0,-1551.0,-1539.0,-1562.0,-1603.0,953.0,-8223.0
-4822.0,-732.0,-1475.0,-1464.0,-1486.0,-1529.0,953.0,-8094.0
-4494.0,-727.0,-1388.0,-1376.0,-1398.0,-1443.0,952.0,-7950.0
-4249.0,-719.0,-1328.0,-1315.0,-1337.0,-1383.0,952.0,-7830.0
-4039.0,-709.0,-1277.0,-1264.0,-1284.0,-1331.0,951.0,-7717.0
-3917.0,-705.0,-1255.0,-1240.0,-1260.0,-1306.0,950.0,-7630.0
-3866.0,-703.0,-1249.0,-1233.0,-1253.0,-1298.0,950.0,-7560.0
-3809.0,-709.0,-1242.0,-1223.0,-1243.0,-1286.0,949.0,-7491.0
-3742.0,-714.0,-1229.0,-1210.0,-1229.0,-1272.0,949.0,-7416.0
-3750.0,-722.0,-1242.0,-1224.0,-1244.0,-1288.0,948.0,-7367.0
-3649.0,-726.0,-1222.0,-1203.0,-1224.0,-1267.0,947.0,-7287.0
-3625.0,-725.0,-1231.0,-1211.0,-1233.0,-1276.0,947.0,-7233.0
-3572.0,-718.0,-1231.0,-1211.0,-1232.0,-1276.0,946.0,-7169.0
-3515.0,-708.0,-1230.0,-1208.0,-1229.0,-1273.0,946.0,-7103.0
-3510.0,-698.0,-1245.0,-1222.0,-1243.0,-1286.0,945.0,-7054.0
-3465.0,-698.0,-1247.0,-1223.0,-1245.0,-1287.0,944.0,-6994.0
-3404.0,-700.0,-1239.0,-1216.0,-1238.0,-1281.0,944.0,-6925.0
-3361.0,-705.0,-1234.0,-1210.0,-1233.0,-1277.0,943.0,-6856.0
-3367.0,-715.0,-1247.0,-1222.0,-1244.0,-1290.0,943.0,-6806.0
-3380.0,-725.0,-1264.0,-1235.0,-1256.0,-1304.0,942.0,-6759.0
-3318.0,-728.0,-1257.0,-1224.0,-1243.0,-1293.0,941.0,-6691.0
-3300.0,-725.0,-1272.0,-1230.0,-1248.0,-1299.0,941.0,-6631.0
-3631.0,-716.0,-1403.0,-1360.0,-1376.0,-1428.0,940.0,-6677.0
-3811.0,-709.0,-1484.0,-1443.0,-1458.0,-1513.0,940.0,-6688.0
-3673.0,-703.0,-1457.0,-1419.0,-1435.0,-1491.0,939.0,-6596.0
-3449.0,-702.0,-1401.0,-1361.0,-1380.0,-1437.0,938.0,-6467.0
-3273.0,-704.0,-1361.0,-1314.0,-1336.0,-1392.0,938.0,-6354.0
-3043.0,-708.0,-1299.0,-1243.0,-1266.0,-1318.0,937.0,-6225.0
-2814.0,-717.0,-1234.0,-1172.0,-1197.0,-1245.0,937.0,-6090.0
-2660.0,-721.0,-1191.0,-1127.0,-1155.0,-1199.0,936.0,-5971.0
-2517.0,-724.0,-1153.0,-1088.0,-1115.0,-1157.0,936.0,-5865.0
-2359.0,-725.0,-1109.0,-1045.0,-1070.0,-1113.0,935.0,-5764.0
-2159.0,-725.0,-1053.0,-992.0,-1016.0,-1060.0,934.0,-5648.0
-2096.0,-715.0,-1038.0,-981.0,-1007.0,-1052.0,934.0,-5569.0
-2082.0,-703.0,-1064.0,-1011.0,-1039.0,-1086.0,933.0,-5533.0
-2134.0,-699.0,-1079.0,-1026.0,-1056.0,-1104.0,933.0,-5487.0
-2002.0,-699.0,-1030.0,-978.0,-1008.0,-1058.0,932.0,-5386.0
-1849.0,-701.0,-970.0,-918.0,-949.0,-999.0,931.0,-5274.0
-1730.0,-707.0,-923.0,-871.0,-901.0,-952.0,931.0,-5175.0
-1659.0,-714.0,-893.0,-841.0,-871.0,-921.0,930.0,-5094.0
-1703.0,-715.0,-900.0,-850.0,-879.0,-930.0,930.0,-5050.0
-1793.0,-715.0,-926.0,-879.0,-907.0,-960.0,929.0,-5026.0
-1872.0,-711.0,-955.0,-910.0,-935.0,-990.0,928.0,-5003.0
-2005.0,-702.0,-1003.0,-959.0,-983.0,-1039.0,928.0,-4998.0
-2120.0,-694.0,-1047.0,-1003.0,-1027.0,-1084.0,927.0,-4989.0
-2268.0,-697.0,-1103.0,-1058.0,-1083.0,-1141.0,927.0,-4988.0
-2381.0,-709.0,-1146.0,-1101.0,-1126.0,-1184.0,926.0,-4975.0
-2527.0,-720.0,-1197.0,-1152.0,-1176.0,-1234.0,926.0,-4969.0
-2716.0,-732.0,-1259.0,-1214.0,-1237.0,-1294.0,925.0,-4975.0
-2905.0,-741.0,-1319.0,-1274.0,-1296.0,-1351.0,924.0,-4979.0
-3104.0,-742.0,-1381.0,-1337.0,-1358.0,-1411.0,924.0,-4988.0
-3293.0,-736.0,-1439.0,-1396.0,-1415.0,-1468.0,923.0,-4997.0
-3533.0,-724.0,-1515.0,-1472.0,-1490.0,-1545.0,923.0,-5020.0
-3810.0,-713.0,-1608.0,-1563.0,-1580.0,-1636.0,922.0,-5057.0
-4091.0,-703.0,-1704.0,-1656.0,-1672.0,-1729.0,922.0,-5097.0
-4332.0,-700.0,-1787.0,-1736.0,-1751.0,-1808.0,921.0,-5126.0
-4584.0,-706.0,-1859.0,-1805.0,-1819.0,-1877.0,920.0,-5145.0
-4751.0,-720.0,-1937.0,-1879.0,-1893.0,-1951.0,920.0,-5167.0
-4960.0,-731.0,-2024.0,-1964.0,-1978.0,-2036.0,919.0,-5198.0
-5173.0,-742.0,-2111.0,-2051.0,-2063.0,-2123.0,919.0,-5229.0
-5386.0,-746.0,-2200.0,-2138.0,-2151.0,-2211.0,918.0,-5260.0
-5594.0,-749.0,-2294.0,-2229.0,-2242.0,-2304.0,917.0,-5295.0
-5810.0,-746.0,-2393.0,-2326.0,-2339.0,-2401.0,917.0,-5334.0
-5998.0,-742.0,-2483.0,-2413.0,-2428.0,-2491.0,916.0,-5365.0
-6122.0,-738.0,-2552.0,-2480.0,-2496.0,-2558.0,916.0,-5375.0
-6249.0,-733.0,-2620.0,-2544.0,-2561.0,-2623.0,915.0,-5389.0
-6403.0,-735.0,-2698.0,-2619.0,-2637.0,-2701.0,915.0,-5410.0
-6610.0,-741.0,-2793.0,-2712.0,-2732.0,-2797.0,914.0,-5444.0
-6794.0,-750.0,-2879.0,-2794.0,-2817.0,-2882.0,913.0,-5470.0
-6918.0,-755.0,-2943.0,-2855.0,-2879.0,-2945.0,913.0,-5478.0
-7009.0,-757.0,-2998.0,-2908.0,-2932.0,-2995.0,912.0,-5479.0
-7127.0,-755.0,-3067.0,-2973.0,-2999.0,-3059.0,912.0,-5492.0
-7260.0,-753.0,-3142.0,-3044.0,-3071.0,-3130.0,911.0,-5510.0
-7430.0,-743.0,-3230.0,-3129.0,-3157.0,-3214.0,911.0,-5539.0
-7576.0,-736.0,-3313.0,-3211.0,-3239.0,-3296.0,910.0,-5560.0
-7687.0,-733.0,-3383.0,-3278.0,-3306.0,-3361.0,909.0,-5568.0
-7792.0,-735.0,-3448.0,-3342.0,-3370.0,-3424.0,909.0,-5575.0
-7734.0,-738.0,-3457.0,-3349.0,-3377.0,-3430.0,908.0,-5530.0
-7485.0,-742.0,-3401.0,-3291.0,-3319.0,-3370.0,908.0,-5423.0
-7177.0,-744.0,-3327.0,-3214.0,-3242.0,-3292.0,907.0,-5296.0
-6836.0,-745.0,-3241.0,-3126.0,-3155.0,-3203.0,907.0,-5158.0
-6478.0,-741.0,-3150.0,-3034.0,-3063.0,-3111.0,906.0,-5014.0
-6168.0,-732.0,-3075.0,-2958.0,-2987.0,-3037.0,905.0,-4886.0
-5844.0,-722.0,-2995.0,-2879.0,-2907.0,-2959.0,905.0,-4755.0
-5533.0,-711.0,-2917.0,-2802.0,-2830.0,-2882.0,904.0,-4631.0
-5271.0,-707.0,-2856.0,-2740.0,-2768.0,-2824.0,904.0,-4528.0
-4981.0,-708.0,-2783.0,-2666.0,-2695.0,-2753.0,903.0,-4414.0
-4661.0,-710.0,-2694.0,-2577.0,-2605.0,-2664.0,903.0,-4287.0
-4311.0,-711.0,-2592.0,-2472.0,-2501.0,-2559.0,902.0,-4146.0
-3999.0,-714.0,-2503.0,-2379.0,-2407.0,-2467.0,901.0,-4016.0
-3733.0,-712.0,-2426.0,-2301.0,-2327.0,-2387.0,901.0,-3900.0
-3559.0,-705.0,-2382.0,-2254.0,-2279.0,-2338.0,900.0,-3814.0
-3472.0,-694.0,-2366.0,-2237.0,-2263.0,-2320.0,900.0,-3763.0
-3141.0,-689.0,-2270.0,-2140.0,-2165.0,-2222.0,899.0,-3642.0
-2765.0,-687.0,-2158.0,-2026.0,-2053.0,-2109.0,899.0,-3507.0
-2474.0,-690.0,-2077.0,-1942.0,-1969.0,-2025.0,898.0,-3398.0
-2217.0,-697.0,-2006.0,-1868.0,-1896.0,-1952.0,897.0,-3302.0
-1958.0,-707.0,-1936.0,-1793.0,-1821.0,-1877.0,897.0,-3207.0
-1676.0,-715.0,-1875.0,-1728.0,-1757.0,-1813.0,896.0,-3123.0
-1557.0,-725.0,-1833.0,-1686.0,-1715.0,-1773.0,896.0,-3064.0
-1453.0,-730.0,-1798.0,-1652.0,-1680.0,-1740.0,895.0,-3013.0
-1365.0,-731.0,-1771.0,-1624.0,-1652.0,-1713.0,895.0,-2971.0
-1319.0,-727.0,-1757.0,-1609.0,-1638.0,-1700.0,894.0,-2940.0
-1297.0,-719.0,-1755.0,-1606.0,-1634.0,-1698.0,894.0,-2917.0
-1243.0,-714.0,-1742.0,-1593.0,-1621.0,-1686.0,893.0,-2889.0
-1208.0,-718.0,-1729.0,-1582.0,-1610.0,-1678.0,892.0,-2863.0
-1214.0,-722.0,-1727.0,-1582.0,-1610.0,-1679.0,892.0,-2843.0
-1196.0,-727.0,-1716.0,-1571.0,-1599.0,-1668.0,891.0,-2815.0
-1235.0,-734.0,-1722.0,-1577.0,-1606.0,-1672.0,891.0,-2805.0
-1318.0,-743.0,-1744.0,-1600.0,-1628.0,-1692.0,890.0,-2808.0
-1448.0,-746.0,-1783.0,-1639.0,-1666.0,-1727.0,890.0,-2830.0
-1561.0,-742.0,-1822.0,-1677.0,-1703.0,-1765.0,889.0,-2848.0
-1674.0,-733.0,-1863.0,-1718.0,-1744.0,-1806.0,888.0,-2871.0
-1814.0,-727.0,-1917.0,-1772.0,-1798.0,-1861.0,888.0,-2905.0
-1979.0,-722.0,-1980.0,-1834.0,-1860.0,-1924.0,887.0,-2948.0
-2165.0,-721.0,-2047.0,-1901.0,-1926.0,-1991.0,887.0,-2996.0
-2365.0,-726.0,-2119.0,-1970.0,-1997.0,-2061.0,886.0,-3051.0
-2502.0,-730.0,-2165.0,-2013.0,-2042.0,-2106.0,886.0,-3082.0
-2585.0,-735.0,-2187.0,-2036.0,-2065.0,-2129.0,885.0,-3091.0
-2672.0,-741.0,-2213.0,-2060.0,-2090.0,-2155.0,885.0,-3101.0
-2795.0,-744.0,-2256.0,-2100.0,-2130.0,-2194.0,884.0,-3122.0
-2958.0,-742.0,-2315.0,-2155.0,-2187.0,-2250.0,883.0,-3157.0
-3167.0,-728.0,-2388.0,-2224.0,-2256.0,-2319.0,883.0,-3203.0
-3370.0,-712.0,-2459.0,-2292.0,-2326.0,-2388.0,882.0,-3250.0
-3558.0,-696.0,-2526.0,-2355.0,-2389.0,-2451.0,882.0,-3291.0
-3772.0,-688.0,-2600.0,-2427.0,-2460.0,-2522.0,881.0,-3339.0
-4032.0,-686.0,-2689.0,-2512.0,-2546.0,-2607.0,881.0,-3402.0
-4277.0,-695.0,-2774.0,-2594.0,-2627.0,-2689.0,880.0,-3458.0
-4490.0,-708.0,-2843.0,-2658.0,-2691.0,-2755.0,880.0,-3497.0
-4541.0,-719.0,-2882.0,-2695.0,-2729.0,-2792.0,879.0,-3507.0
-4544.0,-725.0,-2905.0,-2716.0,-2750.0,-2814.0,878.0,-3501.0
-4527.0,-723.0,-2922.0,-2733.0,-2767.0,-2832.0,878.0,-3490.0
-4496.0,-717.0,-2939.0,-2748.0,-2783.0,-2849.0,877.0,-3477.0
-4463.0,-708.0,-2956.0,-2764.0,-2800.0,-2867.0,877.0,-3463.0
-4441.0,-695.0,-2972.0,-2777.0,-2813.0,-2881.0,876.0,-3447.0
-4440.0,-686.0,-2990.0,-2793.0,-2830.0,-2897.0,876.0,-3435.0
-4436.0,-684.0,-3006.0,-2807.0,-2845.0,-2912.0,875.0,-3421.0
-4439.0,-686.0,-3022.0,-2822.0,-2860.0,-2928.0,875.0,-3408.0
-4442.0,-691.0,-3039.0,-2838.0,-2876.0,-2945.0,874.0,-3397.0
-4469.0,-692.0,-3066.0,-2863.0,-2900.0,-2970.0,874.0,-3393.0
-4514.0,-689.0,-3099.0,-2895.0,-2931.0,-3003.0,873.0,-3393.0
-4546.0,-684.0,-3128.0,-2923.0,-2959.0,-3032.0,872.0,-3389.0
-4564.0,-677.0,-3154.0,-2947.0,-2983.0,-3056.0,872.0,-3383.0
-4583.0,-667.0,-3178.0,-2972.0,-3007.0,-3082.0,871.0,-3378.0
-4606.0,-655.0,-3201.0,-2997.0,-3032.0,-3109.0,871.0,-3376.0
-4686.0,-651.0,-3246.0,-3041.0,-3077.0,-3150.0,870.0,-3396.0
-4779.0,-653.0,-3306.0,-3093.0,-3132.0,-3193.0,870.0,-3420.0
-4845.0,-665.0,-3351.0,-3138.0,-3177.0,-3230.0,869.0,-3436.0
-4919.0,-671.0,-3382.0,-3176.0,-3215.0,-3267.0,869.0,-3445.0
-4987.0,-675.0,-3404.0,-3210.0,-3247.0,-3301.0,868.0,-3448.0
-5032.0,-678.0,-3422.0,-3238.0,-3272.0,-3335.0,868.0,-3447.0
-5056.0,-674.0,-3445.0,-3263.0,-3295.0,-3367.0,867.0,-3448.0
-5054.0,-663.0,-3471.0,-3285.0,-3316.0,-3393.0,866.0,-3448.0
-5025.0,-655.0,-3492.0,-3302.0,-3332.0,-3408.0,866.0,-3443.0
-5025.0,-648.0,-3521.0,-3324.0,-3356.0,-3431.0,865.0,-3448.0
-5034.0,-645.0,-3557.0,-3346.0,-3381.0,-3450.0,865.0,-3454.0
-5035.0,-641.0,-3596.0,-3365.0,-3403.0,-3458.0,864.0,-3457.0
-5051.0,-638.0,-3629.0,-3386.0,-3425.0,-3472.0,864.0,-3472.0
-5084.0,-641.0,-3658.0,-3413.0,-3451.0,-3498.0,863.0,-3504.0
-5128.0,-641.0,-3680.0,-3441.0,-3475.0,-3530.0,863.0,-3540.0
-5172.0,-635.0,-3692.0,-3465.0,-3497.0,-3564.0,862.0,-3570.0
-5228.0,-632.0,-3713.0,-3499.0,-3527.0,-3606.0,862.0,-3598.0
-5267.0,-631.0,-3736.0,-3532.0,-3558.0,-3644.0,861.0,-3620.0
-5287.0,-625.0,-3753.0,-3559.0,-3583.0,-3672.0,860.0,-3633.0
-5299.0,-617.0,-3770.0,-3583.0,-3606.0,-3695.0,860.0,-3637.0
-5364.0,-615.0,-3811.0,-3626.0,-3650.0,-3737.0,859.0,-3656.0
-5463.0,-620.0,-3864.0,-3679.0,-3704.0,-3790.0,859.0,-3682.0
-5545.0,-625.0,-3911.0,-3724.0,-3750.0,-3834.0,858.0,-3698.0
-5619.0,-634.0,-3953.0,-3763.0,-3790.0,-3875.0,858.0,-3709.0
-5679.0,-641.0,-3986.0,-3799.0,-3824.0,-3913.0,857.0,-3713.0
-5744.0,-645.0,-4023.0,-3838.0,-3862.0,-3962.0,857.0,-3722.0
-5830.0,-644.0,-4085.0,-3895.0,-3919.0,-4019.0,856.0,-3742.0
-5905.0,-641.0,-4152.0,-3955.0,-3981.0,-4069.0,856.0,-3766.0
-5960.0,-636.0,-4139.0,-4006.0,-4030.0,-4117.0,855.0,-3782.0
-5982.0,-638.0,-4134.0,-4047.0,-4073.0,-4091.0,855.0,-3794.0
-6000.0,-647.0,-4125.0,-4082.0,-4110.0,-4077.0,854.0,-3804.0
-6040.0,-649.0,-4108.0,-4113.0,-4078.0,-4060.0,853.0,-3812.0
-6075.0,-651.0,-4085.0,-4084.0,-4056.0,-4039.0,853.0,-3817.0
-6073.0,-658.0,-4054.0,-4054.0,-4026.0,-4009.0,852.0,-3811.0
-6057.0,-664.0,-4017.0,-4021.0,-3990.0,-3973.0,852.0,-3794.0
-6046.0,-661.0,-3980.0,-3986.0,-3954.0,-3936.0,851.0,-3773.0
-6032.0,-657.0,-3946.0,-3954.0,-3922.0,-3903.0,851.0,-3756.0
-5992.0,-654.0,-3909.0,-3918.0,-3886.0,-3866.0,850.0,-3736.0
-5959.0,-650.0,-3877.0,-3887.0,-3854.0,-3833.0,850.0,-3719.0
-5972.0,-640.0,-3857.0,-3868.0,-3835.0,-3815.0,849.0,-3714.0
-5973.0,-637.0,-3833.0,-3846.0,-3813.0,-3793.0,849.0,-3701.0
-5998.0,-638.0,-3819.0,-3833.0,-3801.0,-3781.0,848.0,-3689.0
-6076.0,-637.0,-3817.0,-3832.0,-3802.0,-3783.0,848.0,-3693.0
-6121.0,-635.0,-3801.0,-3817.0,-3787.0,-3772.0,847.0,-3690.0
-6112.0,-637.0,-3770.0,-3787.0,-3758.0,-3746.0,846.0,-3673.0
-6098.0,-636.0,-3742.0,-3760.0,-3731.0,-3720.0,846.0,-3655.0
-6079.0,-631.0,-3715.0,-3733.0,-3704.0,-3695.0,845.0,-3638.0
-6062.0,-623.0,-3692.0,-3711.0,-3681.0,-3674.0,845.0,-3626.0
-6064.0,-610.0,-3675.0,-3695.0,-3665.0,-3661.0,844.0,-3615.0
-6040.0,-595.0,-3647.0,-3667.0,-3638.0,-3636.0,844.0,-3590.0
-5973.0,-582.0,-3602.0,-3624.0,-3595.0,-3594.0,843.0,-3551.0
-5851.0,-578.0,-3539.0,-3563.0,-3533.0,-3531.0,843.0,-3495.0
-5746.0,-578.0,-3481.0,-3504.0,-3473.0,-3471.0,842.0,-3441.0
-5676.0,-573.0,-3433.0,-3455.0,-3424.0,-3420.0,842.0,-3398.0
-5630.0,-561.0,-3386.0,-3412.0,-3378.0,-3371.0,841.0,-3365.0
-5539.0,-551.0,-3333.0,-3358.0,-3323.0,-3313.0,841.0,-3319.0
-5440.0,-534.0,-3285.0,-3310.0,-3276.0,-3263.0,840.0,-3273.0
-5354.0,-514.0,-3243.0,-3268.0,-3233.0,-3220.0,840.0,-3231.0
-5273.0,-503.0,-3206.0,-3231.0,-3197.0,-3185.0,839.0,-3196.0
-5177.0,-501.0,-3166.0,-3190.0,-3157.0,-3147.0,839.0,-3158.0
-5088.0,-505.0,-3127.0,-3150.0,-3118.0,-3111.0,838.0,-3123.0
-5027.0,-513.0,-3094.0,-3115.0,-3085.0,-3081.0,837.0,-3090.0
-4997.0,-522.0,-3069.0,-3088.0,-3060.0,-3057.0,837.0,-3063.0
-4971.0,-525.0,-3041.0,-3058.0,-3031.0,-3028.0,836.0,-3036.0
-4953.0,-526.0,-3014.0,-3029.0,-3002.0,-2998.0,836.0,-3013.0
-4941.0,-521.0,-2989.0,-3002.0,-2974.0,-2970.0,835.0,-2990.0
-4897.0,-511.0,-2956.0,-2967.0,-2938.0,-2931.0,835.0,-2960.0
-4865.0,-504.0,-2929.0,-2938.0,-2908.0,-2900.0,834.0,-2937.0
-4788.0,-503.0,-2893.0,-2901.0,-2870.0,-2865.0,834.0,-2908.0
-4670.0,-505.0,-2847.0,-2852.0,-2821.0,-2818.0,833.0,-2863.0
-4576.0,-508.0,-2805.0,-2808.0,-2778.0,-2777.0,833.0,-2824.0
-4512.0,-517.0,-2774.0,-2775.0,-2746.0,-2745.0,832.0,-2794.0
-4464.0,-541.0,-2753.0,-2752.0,-2723.0,-2719.0,832.0,-2773.0
-4422.0,-560.0,-2728.0,-2725.0,-2696.0,-2692.0,831.0,-2749.0
-4366.0,-567.0,-2691.0,-2687.0,-2658.0,-2654.0,831.0,-2713.0
-4294.0,-567.0,-2648.0,-2641.0,-2615.0,-2612.0,830.0,-2672.0
-4232.0,-563.0,-2614.0,-2605.0,-2580.0,-2579.0,830.0,-2637.0
-4179.0,-560.0,-2588.0,-2577.0,-2553.0,-2555.0,829.0,-2610.0
-4121.0,-556.0,-2558.0,-2546.0,-2522.0,-2528.0,829.0,-2579.0
-4069.0,-554.0,-2533.0,-2520.0,-2496.0,-2503.0,828.0,-2550.0
-4008.0,-560.0,-2504.0,-2492.0,-2467.0,-2476.0,828.0,-2519.0
-3944.0,-569.0,-2472.0,-2461.0,-2435.0,-2445.0,827.0,-2486.0
-3874.0,-584.0,-2439.0,-2430.0,-2403.0,-2414.0,826.0,-2453.0
-3808.0,-597.0,-2406.0,-2398.0,-2370.0,-2381.0,826.0,-2422.0
-3749.0,-605.0,-2378.0,-2368.0,-2340.0,-2350.0,825.0,-2395.0
-3689.0,-612.0,-2350.0,-2338.0,-2309.0,-2319.0,825.0,-2369.0
-3621.0,-613.0,-2320.0,-2303.0,-2275.0,-2286.0,824.0,-2343.0
-3567.0,-608.0,-2294.0,-2271.0,-2244.0,-2256.0,824.0,-2325.0
-3531.0,-598.0,-2273.0,-2244.0,-2217.0,-2233.0,823.0,-2305.0
-3529.0,-590.0,-2263.0,-2231.0,-2206.0,-2225.0,823.0,-2295.0
-3562.0,-588.0,-2265.0,-2231.0,-2206.0,-2229.0,822.0,-2304.0
-3575.0,-587.0,-2254.0,-2219.0,-2193.0,-2219.0,822.0,-2308.0
-3573.0,-593.0,-2241.0,-2201.0,-2176.0,-2201.0,821.0,-2310.0
-3569.0,-601.0,-2220.0,-2184.0,-2158.0,-2185.0,821.0,-2300.0
-3538.0,-615.0,-2193.0,-2160.0,-2135.0,-2160.0,820.0,-2273.0
-3500.0,-626.0,-2171.0,-2138.0,-2114.0,-2131.0,820.0,-2248.0
-3465.0,-629.0,-2149.0,-2117.0,-2091.0,-2102.0,819.0,-2217.0
-3435.0,-625.0,-2127.0,-2096.0,-2113.0,-2077.0,819.0,-2190.0
-3400.0,-619.0,-2105.0,-2109.0,-2117.0,-2096.0,818.0,-2182.0
-3368.0,-610.0,-2082.0,-2113.0,-2119.0,-2095.0,818.0,-2171.0
-3343.0,-605.0,-2102.0,-2118.0,-2124.0,-2099.0,817.0,-2169.0
-3323.0,-605.0,-2108.0,-2125.0,-2131.0,-2105.0,817.0,-2175.0
-3330.0,-605.0,-2120.0,-2137.0,-2143.0,-2117.0,816.0,-2180.0
-3345.0,-604.0,-2134.0,-2151.0,-2157.0,-2129.0,816.0,-2183.0
-3347.0,-610.0,-2149.0,-2164.0,-2170.0,-2140.0,815.0,-2176.0
-3339.0,-617.0,-2165.0,-2179.0,-2184.0,-2150.0,815.0,-2169.0
-3332.0,-614.0,-2181.0,-2192.0,-2196.0,-2159.0,814.0,-2151.0
-3333.0,-601.0,-2193.0,-2203.0,-2207.0,-2164.0,814.0,-2117.0
-3342.0,-589.0,-2207.0,-2217.0,-2222.0,-2173.0,813.0,-2090.0
-3343.0,-578.0,-2218.0,-2229.0,-2232.0,-2178.0,813.0,-2098.0
-3340.0,-574.0,-2228.0,-2239.0,-2242.0,-2184.0,812.0,-2080.0
-3328.0,-584.0,-2236.0,-2250.0,-2252.0,-2194.0,812.0,-2077.0
-3302.0,-600.0,-2240.0,-2255.0,-2259.0,-2200.0,811.0,-2079.0
-3274.0,-617.0,-2241.0,-2257.0,-2262.0,-2205.0,811.0,-2023.0
-3254.0,-628.0,-2238.0,-2257.0,-2261.0,-2209.0,810.0,-1693.0
-3228.0,-634.0,-2238.0,-2256.0,-2260.0,-2208.0,810.0,-1334.0
-3229.0,-629.0,-2244.0,-2263.0,-2268.0,-2213.0,809.0,-1081.0
-3240.0,-613.0,-2249.0,-2270.0,-2272.0,-2212.0,808.0,-857.0
-3244.0,-593.0,-2252.0,-2275.0,-2273.0,-2212.0,808.0,-683.0
-3236.0,-586.0,-2257.0,-2283.0,-2279.0,-2217.0,807.0,-547.0
-3233.0,-592.0,-2268.0,-2295.0,-2290.0,-2226.0,807.0,-390.0
-3222.0,-613.0,-2280.0,-2308.0,-2302.0,-2240.0,806.0,-53.0
-3214.0,-630.0,-2290.0,-2320.0,-2313.0,-2252.0,806.0,620.0
-3209.0,-638.0,-2298.0,-2329.0,-2321.0,-2262.0,805.0,1883.0
-3194.0,-647.0,-2309.0,-2342.0,-2333.0,-2277.0,805.0,3467.0
-3189.0,-649.0,-2323.0,-2360.0,-2351.0,-2298.0,804.0,4863.0
-3202.0,-639.0,-2336.0,-2377.0,-2369.0,-2321.0,804.0,6055.0
-3213.0,-625.0,-2351.0,-2394.0,-2388.0,-2344.0,803.0,7372.0
-3221.0,-608.0,-2367.0,-2413.0,-2409.0,-2369.0,803.0,8624.0
-3230.0,-592.0,-2383.0,-2431.0,-2428.0,-2393.0,802.0,9703.0
-3235.0,-584.0,-2397.0,-2445.0,-2442.0,-2411.0,802.0,10519.0
-3261.0,-580.0,-2416.0,-2465.0,-2462.0,-2433.0,801.0,10985.0
-3294.0,-581.0,-2434.0,-2484.0,-2481.0,-2453.0,801.0,12025.0
-3299.0,-587.0,-2444.0,-2495.0,-2491.0,-2464.0,800.0,13111.0
-3283.0,-591.0,-2447.0,-2497.0,-2492.0,-2466.0,800.0,14000.0
-3270.0,-595.0,-2452.0,-2500.0,-2496.0,-2470.0,799.0,14356.0
-3270.0,-589.0,-2457.0,-2506.0,-2503.0,-2476.0,799.0,14042.0
-3282.0,-580.0,-2470.0,-2519.0,-2514.0,-2488.0,798.0,13876.0
-3314.0,-569.0,-2495.0,-2545.0,-2538.0,-2513.0,798.0,15150.0
-3330.0,-558.0,-2520.0,-2570.0,-2561.0,-2539.0,797.0,16661.0
-3312.0,-556.0,-2537.0,-2585.0,-2575.0,-2554.0,797.0,17774.0
-3275.0,-555.0,-2544.0,-2589.0,-2579.0,-2560.0,796.0,18687.0
-3244.0,-556.0,-2548.0,-2591.0,-2582.0,-2564.0,796.0,19227.0
-3218.0,-555.0,-2547.0,-2588.0,-2581.0,-2568.0,795.0,19012.0
-3202.0,-557.0,-2550.0,-2589.0,-2585.0,-2574.0,795.0,17344.0
-3178.0,-561.0,-2554.0,-2590.0,-2588.0,-2577.0,794.0,17811.0
-3136.0,-565.0,-2555.0,-2591.0,-2590.0,-2579.0,794.0,19886.0
-3090.0,-563.0,-2558.0,-2593.0,-2594.0,-2581.0,793.0,21689.0
-3063.0,-555.0,-2565.0,-2599.0,-2602.0,-2589.0,793.0,23111.0
-3037.0,-549.0,-2571.0,-2602.0,-2609.0,-2596.0,792.0,24676.0
-2999.0,-547.0,-2572.0,-2599.0,-2608.0,-2597.0,792.0,25813.0
-2987.0,-545.0,-2579.0,-2603.0,-2612.0,-2601.0,791.0,26678.0
-2993.0,-551.0,-2596.0,-2618.0,-2625.0,-2613.0,791.0,27795.0
-2995.0,-564.0,-2613.0,-2632.0,-2639.0,-2625.0,790.0,28963.0
-3003.0,-575.0,-2627.0,-2646.0,-2651.0,-2637.0,790.0,29979.0
-2988.0,-592.0,-2638.0,-2657.0,-2660.0,-2643.0,789.0,30949.0
-2956.0,-599.0,-2647.0,-2663.0,-2665.0,-2646.0,789.0,32014.0
-2913.0,-593.0,-2650.0,-2664.0,-2665.0,-2644.0,788.0,31370.0
-2845.0,-590.0,-2649.0,-2658.0,-2663.0,-2639.0,788.0,28588.0
-2766.0,-593.0,-2646.0,-2649.0,-2657.0,-2633.0,787.0,28769.0
-2688.0,-597.0,-2641.0,-2638.0,-2648.0,-2625.0,787.0,30373.0
-2638.0,-595.0,-2638.0,-2629.0,-2642.0,-2617.0,786.0,31886.0
-2612.0,-601.0,-2644.0,-2630.0,-2645.0,-2619.0,786.0,31638.0
-2598.0,-613.0,-2654.0,-2642.0,-2657.0,-2637.0,785.0,30723.0
-2602.0,-622.0,-2672.0,-2658.0,-2676.0,-2660.0,785.0,31961.0
-2593.0,-620.0,-2689.0,-2671.0,-2690.0,-2676.0,784.0,-31537.0
-2557.0,-615.0,-2701.0,-2680.0,-2701.0,-2686.0,784.0,-31474.0
-2529.0,-608.0,-2713.0,-2686.0,-2712.0,-2697.0,783.0,-31387.0
-2496.0,-602.0,-2725.0,-2692.0,-2723.0,-2707.0,783.0,-30064.0
-2454.0,-599.0,-2735.0,-2697.0,-2734.0,-2713.0,782.0,-28570.0
-2383.0,-603.0,-2735.0,-2693.0,-2738.0,-2712.0,782.0,-27047.0
-2322.0,-612.0,-2736.0,-2692.0,-2744.0,-2712.0,781.0,-25131.0
-2298.0,-619.0,-2743.0,-2698.0,-2752.0,-2718.0,781.0,-22547.0
-2299.0,-618.0,-2751.0,-2705.0,-2762.0,-2725.0,780.0,-20638.0
-2324.0,-613.0,-2767.0,-2724.0,-2782.0,-2743.0,780.0,-19646.0
-2350.0,-609.0,-2785.0,-2742.0,-2800.0,-2763.0,780.0,-16727.0
-2363.0,-605.0,-2802.0,-2757.0,-2814.0,-2778.0,779.0,-14842.0
-2384.0,-594.0,-2818.0,-2773.0,-2833.0,-2796.0,779.0,-18675.0
-2391.0,-585.0,-2831.0,-2786.0,-2848.0,-2813.0,778.0,-25186.0
-2363.0,-582.0,-2841.0,-2796.0,-2857.0,-2823.0,778.0,-26301.0
-2302.0,-590.0,-2845.0,-2798.0,-2861.0,-2827.0,777.0,-25877.0
-2255.0,-604.0,-2852.0,-2805.0,-2869.0,-2836.0,777.0,-25535.0
-2251.0,-612.0,-2862.0,-2816.0,-2881.0,-2854.0,776.0,-23588.0
-2278.0,-611.0,-2873.0,-2829.0,-2896.0,-2874.0,776.0,-21206.0
-2316.0,-603.0,-2888.0,-2846.0,-2914.0,-2897.0,775.0,-17401.0
-2317.0,-590.0,-2897.0,-2856.0,-2925.0,-2911.0,775.0,-12358.0
-2279.0,-573.0,-2896.0,-2853.0,-2924.0,-2912.0,774.0,-8240.0
-2259.0,-542.0,-2901.0,-2858.0,-2929.0,-2921.0,774.0,-8955.0
-2224.0,-506.0,-2902.0,-2856.0,-2930.0,-2925.0,773.0,-9662.0
-2176.0,-485.0,-2903.0,-2854.0,-2929.0,-2927.0,773.0,-10359.0
-2136.0,-483.0,-2909.0,-2858.0,-2934.0,-2934.0,772.0,-11049.0
-2105.0,-480.0,-2912.0,-2861.0,-2937.0,-2938.0,772.0,-11729.0
-2100.0,-478.0,-2918.0,-2866.0,-2942.0,-2944.0,771.0,-12401.0
-2095.0,-483.0,-2923.0,-2871.0,-2949.0,-2949.0,771.0,-13065.0
-2096.0,-485.0,-2926.0,-2875.0,-2954.0,-2951.0,770.0,-13720.0
-2116.0,-486.0,-2925.0,-2876.0,-2955.0,-2952.0,770.0,-14367.0
-2085.0,-493.0,-2913.0,-2862.0,-2943.0,-2944.0,769.0,-15006.0
-2043.0,-491.0,-2895.0,-2843.0,-2926.0,-2932.0,769.0,-15637.0
-2020.0,-478.0,-2881.0,-2830.0,-2915.0,-2923.0,768.0,-16260.0
-2016.0,-466.0,-2871.0,-2821.0,-2908.0,-2920.0,768.0,-16875.0
-2045.0,-454.0,-2867.0,-2820.0,-2907.0,-2923.0,767.0,-17483.0
-2075.0,-453.0,-2862.0,-2820.0,-2907.0,-2930.0,767.0,-18083.0
-2084.0,-471.0,-2857.0,-2820.0,-2909.0,-2937.0,766.0,-18676.0
-2113.0,-485.0,-2856.0,-2825.0,-2916.0,-2947.0,766.0,-19261.0
-2137.0,-497.0,-2855.0,-2830.0,-2921.0,-2952.0,765.0,-19839.0
-2138.0,-512.0,-2854.0,-2831.0,-2924.0,-2949.0,765.0,-20410.0
-2106.0,-530.0,-2847.0,-2823.0,-2918.0,-2938.0,764.0,-20973.0
-2057.0,-546.0,-2834.0,-2810.0,-2906.0,-2918.0,764.0,-21530.0
-2020.0,-560.0,-2826.0,-2806.0,-2902.0,-2908.0,763.0,-22079.0
-2011.0,-566.0,-2822.0,-2804.0,-2902.0,-2898.0,763.0,-22622.0
-2026.0,-571.0,-2823.0,-2809.0,-2909.0,-2893.0,763.0,-23158.0
-2054.0,-575.0,-2825.0,-2816.0,-2916.0,-2893.0,762.0,-23687.0
-2069.0,-580.0,-2823.0,-2814.0,-2913.0,-2898.0,762.0,-24210.0
-2075.0,-588.0,-2815.0,-2807.0,-2903.0,-2900.0,761.0,-24726.0
-2074.0,-595.0,-2802.0,-2794.0,-2893.0,-2899.0,761.0,-25235.0
-2066.0,-602.0,-2788.0,-2779.0,-2884.0,-2892.0,760.0,-25739.0
-2057.0,-596.0,-2772.0,-2761.0,-2873.0,-2881.0,760.0,-26236.0
-2065.0,-580.0,-2766.0,-2755.0,-2871.0,-2875.0,759.0,-26727.0
-2108.0,-561.0,-2776.0,-2766.0,-2887.0,-2882.0,759.0,-27211.0
-2143.0,-553.0,-2788.0,-2780.0,-2905.0,-2890.0,758.0,-27690.0
-2163.0,-558.0,-2799.0,-2794.0,-2918.0,-2897.0,758.0,-28162.0
-2183.0,-573.0,-2812.0,-2810.0,-2934.0,-2912.0,757.0,-28629.0
-2172.0,-600.0,-2818.0,-2818.0,-2941.0,-2924.0,757.0,-29090.0
-2164.0,-619.0,-2816.0,-2818.0,-2940.0,-2928.0,756.0,-29545.0
-2160.0,-627.0,-2809.0,-2813.0,-2937.0,-2931.0,756.0,-29995.0
-2143.0,-631.0,-2800.0,-2805.0,-2936.0,-2931.0,755.0,-30439.0
-2141.0,-620.0,-2790.0,-2798.0,-2939.0,-2930.0,755.0,-30877.0
-2142.0,-605.0,-2780.0,-2789.0,-2934.0,-2930.0,754.0,-31310.0
-2116.0,-601.0,-2770.0,-2776.0,-2926.0,-2930.0,754.0,-31737.0
-2101.0,-591.0,-2761.0,-2759.0,-2926.0,-2936.0,753.0,-32159.0
-2111.0,-579.0,-2757.0,-2750.0,-2934.0,-2946.0,753.0,-32576.0
-2132.0,-585.0,-2766.0,-2756.0,-2950.0,-2963.0,753.0,32548.0
-2172.0,-603.0,-2786.0,-2774.0,-2977.0,-2991.0,752.0,32142.0
-2209.0,-622.0,-2805.0,-2793.0,-3006.0,-3015.0,752.0,31740.0
-2318.0,-638.0,-2846.0,-2831.0,-3055.0,-3063.0,751.0,31344.0
-2411.0,-647.0,-2883.0,-2868.0,-3101.0,-3109.0,751.0,30953.0
-2487.0,-645.0,-2911.0,-2895.0,-3135.0,-3144.0,750.0,30566.0
-2597.0,-623.0,-2936.0,-2922.0,-3167.0,-3183.0,750.0,30184.0
-2706.0,-601.0,-2966.0,-2954.0,-3199.0,-3227.0,749.0,29807.0
-2781.0,-584.0,-2989.0,-2978.0,-3224.0,-3258.0,749.0,29435.0
-2836.0,-579.0,-3007.0,-2995.0,-3243.0,-3285.0,748.0,29068.0
-2873.0,-585.0,-3021.0,-3008.0,-3260.0,-3300.0,748.0,28705.0
-2893.0,-600.0,-3031.0,-3016.0,-3272.0,-3297.0,747.0,28346.0
-2910.0,-621.0,-3040.0,-3025.0,-3283.0,-3290.0,747.0,27992.0
-2932.0,-635.0,-3045.0,-3030.0,-3289.0,-3292.0,746.0,27643.0
-2961.0,-641.0,-3049.0,-3035.0,-3296.0,-3305.0,746.0,27297.0
-3003.0,-626.0,-3058.0,-3045.0,-3307.0,-3318.0,745.0,26956.0
-3052.0,-609.0,-3070.0,-3060.0,-3324.0,-3324.0,745.0,26620.0
-3102.0,-594.0,-3081.0,-3075.0,-3338.0,-3332.0,745.0,26287.0
-3131.0,-578.0,-3080.0,-3073.0,-3336.0,-3333.0,744.0,25959.0
-3139.0,-565.0,-3067.0,-3055.0,-3324.0,-3320.0,744.0,25635.0
-3162.0,-556.0,-3054.0,-3040.0,-3313.0,-3314.0,743.0,25315.0
-3206.0,-550.0,-3045.0,-3032.0,-3309.0,-3315.0,743.0,24999.0
-3257.0,-551.0,-3044.0,-3033.0,-3311.0,-3315.0,742.0,24686.0
-3286.0,-564.0,-3050.0,-3038.0,-3306.0,-3316.0,742.0,24378.0
-3271.0,-587.0,-3050.0,-3036.0,-3300.0,-3317.0,741.0,24074.0
-3249.0,-611.0,-3051.0,-3035.0,-3300.0,-3321.0,741.0,23773.0
-3241.0,-632.0,-3055.0,-3035.0,-3308.0,-3337.0,740.0,23476.0
-3258.0,-643.0,-3067.0,-3043.0,-3320.0,-3354.0,740.0,23183.0
-3251.0,-660.0,-3084.0,-3055.0,-3323.0,-3360.0,739.0,22893.0
-3210.0,-695.0,-3094.0,-3059.0,-3317.0,-3363.0,739.0,22608.0
-3163.0,-744.0,-3106.0,-3060.0,-3309.0,-3366.0,738.0,22325.0
-3121.0,-792.0,-3116.0,-3057.0,-3294.0,-3353.0,738.0,22046.0
-3082.0,-837.0,-3135.0,-3065.0,-3287.0,-3350.0,738.0,21771.0
-3051.0,-886.0,-3156.0,-3084.0,-3300.0,-3381.0,737.0,21499.0
-3041.0,-916.0,-3170.0,-3104.0,-3317.0,-3417.0,737.0,21231.0
-3046.0,-920.0,-3189.0,-3133.0,-3338.0,-3434.0,736.0,20966.0
-3088.0,-896.0,-3218.0,-3183.0,-3372.0,-3451.0,736.0,20704.0
-3154.0,-855.0,-3247.0,-3242.0,-3407.0,-3472.0,735.0,20445.0
-3232.0,-788.0,-3244.0,-3317.0,-3446.0,-3511.0,732.0,18960.0
-3264.0,-800.0,-3251.0,-3317.0,-3452.0,-3520.0,732.0,18723.0
-3321.0,-800.0,-3265.0,-3327.0,-3467.0,-3547.0,732.0,18490.0
-3366.0,-787.0,-3272.0,-3330.0,-3471.0,-3570.0,731.0,18259.0
-3371.0,-778.0,-3267.0,-3318.0,-3462.0,-3578.0,731.0,18031.0
-3378.0,-765.0,-3259.0,-3303.0,-3451.0,-3585.0,730.0,17806.0
-3379.0,-756.0,-3245.0,-3285.0,-3432.0,-3587.0,730.0,17583.0
-3390.0,-750.0,-3234.0,-3270.0,-3411.0,-3586.0,729.0,17364.0
-3401.0,-752.0,-3223.0,-3255.0,-3396.0,-3577.0,729.0,17147.0
-3404.0,-768.0,-3215.0,-3245.0,-3386.0,-3567.0,728.0,16933.0
-3443.0,-766.0,-3211.0,-3236.0,-3379.0,-3558.0,728.0,16721.0
-3481.0,-761.0,-3208.0,-3229.0,-3373.0,-3550.0,727.0,16512.0
-3493.0,-761.0,-3206.0,-3222.0,-3367.0,-3549.0,727.0,16306.0
-3508.0,-750.0,-3205.0,-3219.0,-3364.0,-3552.0,726.0,16102.0
-3512.0,-734.0,-3198.0,-3211.0,-3352.0,-3553.0,726.0,15901.0
-3497.0,-715.0,-3180.0,-3191.0,-3332.0,-3543.0,726.0,15703.0
-3459.0,-700.0,-3155.0,-3164.0,-3305.0,-3516.0,725.0,15507.0
-3422.0,-689.0,-3129.0,-3137.0,-3279.0,-3485.0,725.0,15313.0
-3439.0,-679.0,-3118.0,-3126.0,-3269.0,-3468.0,724.0,15122.0
-3500.0,-672.0,-3122.0,-3134.0,-3276.0,-3470.0,724.0,14933.0
-3576.0,-667.0,-3136.0,-3154.0,-3292.0,-3489.0,723.0,14746.0
-3617.0,-674.0,-3151.0,-3173.0,-3308.0,-3513.0,723.0,14562.0
-3621.0,-672.0,-3154.0,-3177.0,-3310.0,-3526.0,722.0,14380.0
-3586.0,-662.0,-3141.0,-3160.0,-3290.0,-3513.0,722.0,14201.0
-3548.0,-652.0,-3128.0,-3148.0,-3276.0,-3505.0,721.0,14023.0
-3529.0,-640.0,-3122.0,-3144.0,-3276.0,-3509.0,721.0,13848.0
-3526.0,-632.0,-3117.0,-3136.0,-3271.0,-3507.0,721.0,13675.0
-3543.0,-628.0,-3114.0,-3133.0,-3267.0,-3508.0,720.0,13505.0
-3570.0,-628.0,-3114.0,-3135.0,-3270.0,-3511.0,720.0,13336.0
-3594.0,-632.0,-3115.0,-3136.0,-3278.0,-3516.0,719.0,13169.0
-3626.0,-639.0,-3116.0,-3140.0,-3283.0,-3517.0,719.0,13005.0
-3649.0,-643.0,-3113.0,-3140.0,-3279.0,-3513.0,718.0,12843.0
-3675.0,-632.0,-3114.0,-3141.0,-3278.0,-3513.0,718.0,12682.0
-3692.0,-621.0,-3114.0,-3144.0,-3282.0,-3507.0,717.0,12524.0
-3695.0,-616.0,-3113.0,-3144.0,-3281.0,-3498.0,717.0,12367.0
-3689.0,-614.0,-3111.0,-3142.0,-3278.0,-3499.0,716.0,12213.0
-3685.0,-615.0,-3109.0,-3142.0,-3279.0,-3506.0,716.0,12060.0
-3673.0,-618.0,-3100.0,-3139.0,-3277.0,-3512.0,716.0,11910.0
-3656.0,-629.0,-3088.0,-3131.0,-3270.0,-3509.0,715.0,11761.0
-3640.0,-645.0,-3075.0,-3123.0,-3266.0,-3511.0,715.0,11614.0
-3646.0,-657.0,-3066.0,-3122.0,-3269.0,-3530.0,714.0,11469.0
-3672.0,-662.0,-3070.0,-3131.0,-3280.0,-3558.0,714.0,11326.0
-3699.0,-662.0,-3075.0,-3142.0,-3289.0,-3586.0,713.0,11184.0
-3723.0,-648.0,-3072.0,-3146.0,-3292.0,-3599.0,713.0,11045.0
-3729.0,-639.0,-3063.0,-3144.0,-3288.0,-3595.0,712.0,10907.0
-3715.0,-637.0,-3052.0,-3139.0,-3281.0,-3591.0,712.0,10771.0
-3707.0,-632.0,-3041.0,-3135.0,-3277.0,-3589.0,712.0,10636.0
-3705.0,-638.0,-3034.0,-3134.0,-3275.0,-3593.0,711.0,10503.0
-3704.0,-657.0,-3028.0,-3134.0,-3276.0,-3600.0,711.0,10372.0
-3702.0,-676.0,-3020.0,-3133.0,-3276.0,-3599.0,710.0,10243.0
-3701.0,-690.0,-3007.0,-3127.0,-3271.0,-3595.0,710.0,10115.0
-3688.0,-692.0,-2989.0,-3117.0,-3265.0,-3585.0,709.0,9988.0
-3678.0,-687.0,-2973.0,-3108.0,-3262.0,-3579.0,709.0,9864.0
-3683.0,-677.0,-2961.0,-3100.0,-3254.0,-3570.0,708.0,9740.0
-3703.0,-666.0,-2953.0,-3096.0,-3247.0,-3561.0,708.0,9619.0
-3717.0,-662.0,-2948.0,-3097.0,-3246.0,-3559.0,708.0,9499.0
-3708.0,-667.0,-2941.0,-3089.0,-3239.0,-3553.0,707.0,9380.0
-3694.0,-678.0,-2929.0,-3077.0,-3226.0,-3543.0,707.0,9263.0
-3693.0,-687.0,-2919.0,-3066.0,-3213.0,-3533.0,706.0,9147.0
-3701.0,-696.0,-2914.0,-3057.0,-3202.0,-3521.0,706.0,9033.0
-3703.0,-705.0,-2908.0,-3045.0,-3188.0,-3504.0,705.0,8920.0
-3704.0,-705.0,-2895.0,-3028.0,-3170.0,-3479.0,705.0,8809.0
-3690.0,-707.0,-2875.0,-3004.0,-3148.0,-3450.0,704.0,8699.0
-3657.0,-717.0,-2859.0,-2986.0,-3131.0,-3434.0,704.0,8590.0
-3635.0,-724.0,-2849.0,-2978.0,-3125.0,-3426.0,704.0,8483.0
-3619.0,-735.0,-2846.0,-2977.0,-3127.0,-3422.0,703.0,8377.0
-3616.0,-761.0,-2843.0,-2973.0,-3120.0,-3405.0,703.0,8272.0
-3612.0,-791.0,-2837.0,-2969.0,-3110.0,-3387.0,702.0,8169.0
-3608.0,-831.0,-2836.0,-2969.0,-3106.0,-3371.0,702.0,8067.0
-3609.0,-861.0,-2837.0,-2966.0,-3101.0,-3345.0,701.0,7966.0
-3598.0,-877.0,-2834.0,-2963.0,-3091.0,-3321.0,701.0,7867.0
-3574.0,-895.0,-2834.0,-2964.0,-3078.0,-3306.0,700.0,7768.0
-3526.0,-904.0,-2821.0,-2951.0,-3056.0,-3284.0,700.0,7671.0
-3475.0,-894.0,-2800.0,-2932.0,-3033.0,-3259.0,700.0,7576.0
-3463.0,-871.0,-2791.0,-2929.0,-3026.0,-3240.0,699.0,4926.0
-3503.0,-853.0,-2806.0,-2950.0,-3039.0,-3223.0,699.0,-4263.0
-3576.0,-835.0,-2830.0,-2981.0,-3060.0,-3188.0,698.0,-12304.0
-3625.0,-820.0,-2845.0,-2998.0,-3069.0,-3147.0,698.0,-19115.0
-3656.0,-794.0,-2833.0,-2990.0,-3056.0,-3097.0,697.0,-24706.0
-3649.0,-777.0,-2804.0,-2966.0,-3032.0,-3042.0,697.0,-29324.0
-3635.0,-787.0,-2791.0,-2962.0,-3026.0,-3017.0,696.0,32331.0
-3617.0,-811.0,-2793.0,-2974.0,-3041.0,-3012.0,696.0,29114.0
-3590.0,-834.0,-2798.0,-2987.0,-3058.0,-3014.0,696.0,26430.0
-3558.0,-857.0,-2812.0,-3013.0,-3080.0,-3023.0,695.0,24209.0
-3539.0,-872.0,-2822.0,-3031.0,-3095.0,-3025.0,695.0,22368.0
-3523.0,-872.0,-2819.0,-3037.0,-3104.0,-3023.0,694.0,20819.0
-3514.0,-869.0,-2814.0,-3047.0,-3116.0,-3024.0,694.0,19524.0
-3499.0,-870.0,-2803.0,-3050.0,-3122.0,-3022.0,693.0,18433.0
-3484.0,-867.0,-2790.0,-3045.0,-3123.0,-3016.0,693.0,17523.0
-3484.0,-861.0,-2775.0,-3037.0,-3124.0,-3009.0,693.0,16803.0
-3485.0,-854.0,-2757.0,-3027.0,-3122.0,-3000.0,692.0,16264.0
-3481.0,-837.0,-2733.0,-3010.0,-3112.0,-2980.0,692.0,15893.0
-3476.0,-814.0,-2706.0,-2992.0,-3101.0,-2955.0,691.0,15696.0
-3470.0,-789.0,-2685.0,-2978.0,-3093.0,-2934.0,691.0,15629.0
-3490.0,-769.0,-2678.0,-2982.0,-3099.0,-2926.0,690.0,15691.0
-3525.0,-753.0,-2682.0,-2999.0,-3116.0,-2928.0,690.0,15836.0
-3550.0,-741.0,-2680.0,-3009.0,-3126.0,-2924.0,690.0,16003.0
-3593.0,-728.0,-2678.0,-3019.0,-3135.0,-2928.0,689.0,16182.0
-3626.0,-730.0,-2681.0,-3038.0,-3144.0,-2942.0,689.0,16360.0
-3633.0,-731.0,-2671.0,-3044.0,-3135.0,-2943.0,688.0,16558.0
-3613.0,-731.0,-2648.0,-3033.0,-3118.0,-2931.0,688.0,16810.0
-3585.0,-734.0,-2622.0,-3020.0,-3111.0,-2917.0,687.0,17088.0
-3564.0,-725.0,-2601.0,-3012.0,-3117.0,-2899.0,687.0,17424.0
-3561.0,-703.0,-2585.0,-3007.0,-3125.0,-2887.0,686.0,17853.0
-3579.0,-674.0,-2577.0,-3011.0,-3144.0,-2897.0,686.0,18376.0
-3591.0,-653.0,-2574.0,-3019.0,-3166.0,-2910.0,686.0,18901.0
-3589.0,-643.0,-2562.0,-3020.0,-3182.0,-2912.0,685.0,19357.0
-3589.0,-637.0,-2546.0,-3017.0,-3199.0,-2909.0,685.0,19699.0
-3593.0,-636.0,-2530.0,-3015.0,-3216.0,-2904.0,684.0,20172.0
-3601.0,-637.0,-2516.0,-3014.0,-3230.0,-2900.0,684.0,20779.0
-3614.0,-631.0,-2504.0,-3015.0,-3248.0,-2895.0,683.0,21467.0
-3609.0,-623.0,-2493.0,-3014.0,-3272.0,-2891.0,683.0,22070.0
-3607.0,-607.0,-2485.0,-3017.0,-3302.0,-2895.0,683.0,22669.0
-3605.0,-589.0,-2478.0,-3020.0,-3327.0,-2900.0,682.0,23291.0
-3592.0,-576.0,-2470.0,-3020.0,-3345.0,-2899.0,682.0,23945.0
-3568.0,-572.0,-2462.0,-3022.0,-3361.0,-2899.0,681.0,24565.0
-3550.0,-574.0,-2455.0,-3024.0,-3374.0,-2901.0,681.0,24877.0
-3550.0,-580.0,-2450.0,-3026.0,-3379.0,-2904.0,680.0,25021.0
-3570.0,-582.0,-2447.0,-3031.0,-3390.0,-2909.0,680.0,25349.0
-3581.0,-585.0,-2440.0,-3034.0,-3391.0,-2909.0,680.0,25874.0
-3566.0,-592.0,-2429.0,-3031.0,-3375.0,-2908.0,679.0,26394.0
-3550.0,-599.0,-2420.0,-3031.0,-3369.0,-2909.0,679.0,26640.0
-3541.0,-604.0,-2420.0,-3037.0,-3375.0,-2916.0,678.0,27052.0
-3547.0,-602.0,-2426.0,-3047.0,-3384.0,-2926.0,678.0,27579.0
-3558.0,-591.0,-2432.0,-3058.0,-3389.0,-2932.0,677.0,28018.0
-3542.0,-593.0,-2436.0,-3065.0,-3390.0,-2937.0,677.0,28416.0
-3511.0,-604.0,-2433.0,-3064.0,-3378.0,-2932.0,677.0,28685.0
-3484.0,-615.0,-2425.0,-3056.0,-3362.0,-2925.0,676.0,28885.0
-3464.0,-630.0,-2417.0,-3051.0,-3356.0,-2923.0,676.0,29007.0
-3445.0,-645.0,-2411.0,-3047.0,-3352.0,-2921.0,675.0,29150.0
-3401.0,-659.0,-2397.0,-3033.0,-3334.0,-2909.0,675.0,29310.0
-3337.0,-675.0,-2378.0,-3013.0,-3301.0,-2886.0,674.0,29285.0
-3303.0,-682.0,-2367.0,-2999.0,-3272.0,-2867.0,674.0,28962.0
-3325.0,-667.0,-2369.0,-3002.0,-3256.0,-2864.0,674.0,28664.0
-3375.0,-652.0,-2383.0,-3021.0,-3255.0,-2877.0,673.0,28463.0
-3424.0,-654.0,-2406.0,-3048.0,-3257.0,-2891.0,673.0,28318.0
-3473.0,-644.0,-2418.0,-3063.0,-3247.0,-2895.0,672.0,28300.0
-3445.0,-655.0,-2408.0,-3053.0,-3215.0,-2880.0,672.0,28335.0
-3383.0,-674.0,-2384.0,-3028.0,-3167.0,-2852.0,672.0,28430.0
-3346.0,-688.0,-2364.0,-3008.0,-3130.0,-2834.0,671.0,28569.0
-3352.0,-699.0,-2360.0,-3006.0,-3110.0,-2825.0,671.0,28743.0
-3406.0,-700.0,-2376.0,-3028.0,-3109.0,-2837.0,670.0,28903.0
-3457.0,-701.0,-2404.0,-3056.0,-3118.0,-2858.0,670.0,29041.0
-3495.0,-692.0,-2418.0,-3071.0,-3119.0,-2866.0,669.0,29249.0
-3506.0,-673.0,-2417.0,-3071.0,-3111.0,-2862.0,669.0,29511.0
-3457.0,-670.0,-2405.0,-3057.0,-3090.0,-2845.0,669.0,29816.0
-3361.0,-682.0,-2380.0,-3027.0,-3054.0,-2812.0,668.0,30177.0
-3263.0,-692.0,-2343.0,-2984.0,-3010.0,-2771.0,668.0,30565.0
-3211.0,-705.0,-2318.0,-2957.0,-2983.0,-2742.0,667.0,30920.0
-3247.0,-720.0,-2330.0,-2967.0,-2990.0,-2744.0,667.0,31238.0
-3354.0,-726.0,-2364.0,-3006.0,-3022.0,-2769.0,666.0,31538.0
-3432.0,-727.0,-2394.0,-3038.0,-3047.0,-2785.0,666.0,31833.0
-3462.0,-730.0,-2413.0,-3056.0,-3058.0,-2790.0,666.0,32129.0
-3466.0,-735.0,-2422.0,-3061.0,-3061.0,-2788.0,665.0,32421.0
-3449.0,-734.0,-2418.0,-3053.0,-3055.0,-2779.0,665.0,32717.0
-3430.0,-727.0,-2408.0,-3043.0,-3043.0,-2764.0,664.0,-32516.0
-3418.0,-723.0,-2394.0,-3029.0,-3029.0,-2749.0,664.0,-32217.0
-3398.0,-727.0,-2381.0,-3015.0,-3012.0,-2732.0,664.0,-31919.0
-3377.0,-737.0,-2367.0,-2997.0,-2986.0,-2714.0,663.0,-31621.0
-3358.0,-752.0,-2357.0,-2983.0,-2958.0,-2698.0,663.0,-31326.0
-3350.0,-763.0,-2346.0,-2970.0,-2936.0,-2687.0,662.0,-31029.0
-3356.0,-769.0,-2340.0,-2963.0,-2924.0,-2680.0,662.0,-30729.0
-3361.0,-772.0,-2340.0,-2961.0,-2917.0,-2678.0,661.0,-30433.0
-3363.0,-769.0,-2337.0,-2956.0,-2905.0,-2672.0,661.0,-30144.0
-3366.0,-765.0,-2332.0,-2949.0,-2888.0,-2663.0,661.0,-29862.0
-3376.0,-761.0,-2329.0,-2946.0,-2873.0,-2661.0,660.0,-29577.0
-3382.0,-763.0,-2326.0,-2943.0,-2857.0,-2658.0,660.0,-29281.0
-3384.0,-767.0,-2325.0,-2939.0,-2846.0,-2655.0,659.0,-28984.0
-3376.0,-775.0,-2319.0,-2930.0,-2831.0,-2643.0,659.0,-28688.0
-3363.0,-779.0,-2305.0,-2914.0,-2812.0,-2623.0,659.0,-28387.0
-3358.0,-787.0,-2295.0,-2901.0,-2800.0,-2604.0,658.0,-28092.0
-3356.0,-791.0,-2292.0,-2895.0,-2795.0,-2591.0,658.0,-27806.0
-3343.0,-793.0,-2297.0,-2896.0,-2798.0,-2586.0,657.0,-27522.0
-3323.0,-793.0,-2301.0,-2897.0,-2799.0,-2584.0,657.0,-27232.0
-3307.0,-790.0,-2299.0,-2892.0,-2795.0,-2579.0,656.0,-26936.0
-3312.0,-779.0,-2303.0,-2897.0,-2798.0,-2582.0,656.0,-26646.0
-3319.0,-773.0,-2313.0,-2906.0,-2800.0,-2590.0,656.0,-26362.0
-3333.0,-766.0,-2317.0,-2909.0,-2794.0,-2596.0,655.0,-26087.0
-3327.0,-770.0,-2315.0,-2907.0,-2787.0,-2595.0,655.0,-25820.0
-3306.0,-784.0,-2311.0,-2901.0,-2778.0,-2593.0,654.0,-25551.0
-3288.0,-790.0,-2301.0,-2893.0,-2764.0,-2589.0,654.0,-25275.0
-3267.0,-796.0,-2293.0,-2887.0,-2754.0,-2587.0,654.0,-25008.0
-3246.0,-800.0,-2288.0,-2882.0,-2745.0,-2588.0,653.0,-24749.0
-3215.0,-799.0,-2285.0,-2880.0,-2737.0,-2589.0,653.0,-24493.0
-3189.0,-797.0,-2284.0,-2882.0,-2734.0,-2600.0,652.0,-24237.0
-3175.0,-792.0,-2285.0,-2882.0,-2735.0,-2617.0,652.0,-23987.0
-3169.0,-790.0,-2286.0,-2886.0,-2738.0,-2632.0,652.0,-23738.0
-3174.0,-793.0,-2285.0,-2887.0,-2738.0,-2638.0,651.0,-23487.0
-3174.0,-798.0,-2283.0,-2885.0,-2733.0,-2630.0,651.0,-23235.0
-3164.0,-803.0,-2275.0,-2876.0,-2721.0,-2615.0,650.0,-22983.0
-3149.0,-809.0,-2265.0,-2865.0,-2706.0,-2599.0,650.0,-22732.0
-3132.0,-816.0,-2256.0,-2857.0,-2695.0,-2589.0,649.0,-22486.0
-3122.0,-813.0,-2250.0,-2853.0,-2687.0,-2587.0,649.0,-22258.0
-3121.0,-806.0,-2251.0,-2856.0,-2685.0,-2592.0,649.0,-22040.0
-3129.0,-795.0,-2256.0,-2861.0,-2685.0,-2600.0,648.0,-21789.0
-3133.0,-780.0,-2259.0,-2866.0,-2685.0,-2607.0,648.0,-21519.0
-3133.0,-775.0,-2260.0,-2868.0,-2691.0,-2612.0,647.0,-21265.0
-3131.0,-771.0,-2257.0,-2864.0,-2695.0,-2613.0,647.0,-21037.0
-3124.0,-770.0,-2251.0,-2859.0,-2690.0,-2613.0,647.0,-20822.0
-3109.0,-770.0,-2242.0,-2851.0,-2683.0,-2611.0,646.0,-20599.0
-3095.0,-770.0,-2229.0,-2840.0,-2672.0,-2606.0,646.0,-20377.0
-3082.0,-772.0,-2223.0,-2833.0,-2666.0,-2603.0,645.0,-20164.0
-3071.0,-764.0,-2219.0,-2831.0,-2661.0,-2599.0,645.0,-19957.0
-3069.0,-755.0,-2219.0,-2831.0,-2660.0,-2575.0,645.0,-19754.0
-3070.0,-745.0,-2221.0,-2829.0,-2659.0,-2548.0,644.0,-19548.0
-3079.0,-735.0,-2226.0,-2827.0,-2660.0,-2536.0,644.0,-19349.0
-3091.0,-727.0,-2226.0,-2823.0,-2659.0,-2528.0,643.0,-19152.0
-3081.0,-723.0,-2219.0,-2812.0,-2651.0,-2518.0,643.0,-18951.0
-3068.0,-724.0,-2212.0,-2798.0,-2646.0,-2510.0,643.0,-18750.0
-3058.0,-725.0,-2200.0,-2778.0,-2635.0,-2501.0,642.0,-18546.0
-3046.0,-729.0,-2184.0,-2754.0,-2620.0,-2488.0,642.0,-18342.0
-3029.0,-730.0,-2171.0,-2735.0,-2609.0,-2480.0,641.0,-18140.0
-3019.0,-728.0,-2168.0,-2725.0,-2606.0,-2479.0,641.0,-17941.0
-3005.0,-724.0,-2164.0,-2716.0,-2600.0,-2476.0,641.0,-17738.0
-3003.0,-716.0,-2161.0,-2708.0,-2597.0,-2475.0,640.0,-17540.0
-3005.0,-709.0,-2165.0,-2707.0,-2599.0,-2479.0,640.0,-17348.0
-3023.0,-699.0,-2169.0,-2706.0,-2601.0,-2485.0,639.0,-17160.0
-3045.0,-691.0,-2172.0,-2705.0,-2601.0,-2490.0,639.0,-16971.0
-3045.0,-691.0,-2167.0,-2695.0,-2595.0,-2489.0,639.0,-16778.0
-3027.0,-700.0,-2156.0,-2678.0,-2582.0,-2481.0,638.0,-16588.0
-3008.0,-714.0,-2149.0,-2666.0,-2572.0,-2476.0,638.0,-16412.0
-2992.0,-720.0,-2143.0,-2657.0,-2564.0,-2472.0,637.0,-16263.0
-2976.0,-722.0,-2138.0,-2647.0,-2557.0,-2468.0,637.0,-16105.0
-2962.0,-709.0,-2131.0,-2637.0,-2550.0,-2465.0,637.0,-15937.0
-2951.0,-697.0,-2128.0,-2630.0,-2545.0,-2463.0,636.0,-15774.0
-2947.0,-685.0,-2132.0,-2629.0,-2544.0,-2458.0,636.0,-15619.0
-2954.0,-676.0,-2138.0,-2632.0,-2548.0,-2454.0,635.0,-15462.0
-2954.0,-681.0,-2147.0,-2635.0,-2550.0,-2454.0,635.0,-15309.0
-2956.0,-691.0,-2158.0,-2639.0,-2553.0,-2455.0,635.0,-15154.0
-2963.0,-692.0,-2160.0,-2635.0,-2549.0,-2449.0,634.0,-14993.0
-2955.0,-700.0,-2158.0,-2627.0,-2542.0,-2441.0,634.0,-14827.0
-2937.0,-705.0,-2155.0,-2618.0,-2534.0,-2432.0,633.0,-14659.0
-2925.0,-702.0,-2155.0,-2613.0,-2530.0,-2428.0,633.0,-14495.0
-2908.0,-695.0,-2155.0,-2608.0,-2525.0,-2424.0,633.0,-14334.0
-2898.0,-683.0,-2154.0,-2604.0,-2521.0,-2422.0,632.0,-14174.0
-2888.0,-674.0,-2154.0,-2601.0,-2520.0,-2422.0,632.0,-14020.0
-2881.0,-671.0,-2153.0,-2599.0,-2519.0,-2423.0,631.0,-13868.0
-2879.0,-675.0,-2151.0,-2597.0,-2518.0,-2423.0,631.0,-13714.0
-2875.0,-683.0,-2150.0,-2596.0,-2515.0,-2422.0,631.0,-13560.0
-2870.0,-693.0,-2148.0,-2597.0,-2513.0,-2421.0,630.0,-13404.0
-2863.0,-703.0,-2147.0,-2596.0,-2512.0,-2418.0,630.0,-13248.0
-2856.0,-712.0,-2148.0,-2596.0,-2510.0,-2417.0,629.0,-13095.0
-2843.0,-716.0,-2149.0,-2599.0,-2510.0,-2418.0,629.0,-12948.0
-2832.0,-717.0,-2150.0,-2602.0,-2513.0,-2423.0,629.0,-12809.0
-2824.0,-712.0,-2151.0,-2605.0,-2517.0,-2428.0,628.0,-12667.0
-2815.0,-705.0,-2151.0,-2605.0,-2518.0,-2430.0,628.0,-12528.0
-2814.0,-701.0,-2146.0,-2600.0,-2516.0,-2430.0,627.0,-12382.0
-2810.0,-695.0,-2140.0,-2597.0,-2516.0,-2434.0,627.0,-12221.0
-2805.0,-689.0,-2137.0,-2597.0,-2521.0,-2439.0,627.0,-12048.0
-2803.0,-688.0,-2131.0,-2595.0,-2520.0,-2439.0,626.0,-11880.0
-2779.0,-670.0,-2101.0,-2584.0,-2493.0,-2399.0,624.0,-10925.0
-2781.0,-662.0,-2096.0,-2585.0,-2488.0,-2398.0,623.0,-10760.0
-2787.0,-653.0,-2090.0,-2585.0,-2482.0,-2394.0,623.0,-10604.0
-2788.0,-646.0,-2082.0,-2581.0,-2475.0,-2387.0,623.0,-10453.0
-2788.0,-644.0,-2070.0,-2573.0,-2465.0,-2377.0,622.0,-10309.0
-2783.0,-642.0,-2061.0,-2568.0,-2458.0,-2372.0,622.0,-10172.0
-2782.0,-628.0,-2053.0,-2562.0,-2453.0,-2371.0,621.0,-10043.0
-2778.0,-613.0,-2051.0,-2563.0,-2455.0,-2376.0,621.0,-9921.0
-2768.0,-608.0,-2050.0,-2567.0,-2458.0,-2380.0,621.0,-9801.0
-2767.0,-597.0,-2044.0,-2565.0,-2455.0,-2379.0,620.0,-9677.0
-2766.0,-586.0,-2036.0,-2562.0,-2450.0,-2372.0,620.0,-9545.0
-2765.0,-579.0,-2026.0,-2556.0,-2443.0,-2366.0,620.0,-9414.0
-2753.0,-583.0,-2017.0,-2553.0,-2437.0,-2362.0,619.0,-9291.0
-2734.0,-595.0,-2007.0,-2547.0,-2429.0,-2356.0,619.0,-9176.0
-2712.0,-614.0,-1999.0,-2543.0,-2422.0,-2351.0,618.0,-9061.0
-2694.0,-634.0,-1996.0,-2542.0,-2417.0,-2351.0,618.0,-8943.0
-2695.0,-643.0,-1994.0,-2544.0,-2414.0,-2352.0,618.0,-8826.0
-2707.0,-639.0,-1996.0,-2552.0,-2416.0,-2357.0,617.0,-8718.0
-2709.0,-637.0,-1999.0,-2560.0,-2416.0,-2362.0,617.0,-8622.0
-2694.0,-638.0,-2002.0,-2565.0,-2417.0,-2367.0,616.0,-8533.0
-2679.0,-638.0,-2004.0,-2570.0,-2419.0,-2373.0,616.0,-8441.0
-2664.0,-646.0,-2003.0,-2573.0,-2419.0,-2379.0,616.0,-8350.0
-2654.0,-656.0,-2001.0,-2576.0,-2418.0,-2382.0,615.0,-8257.0
-2645.0,-669.0,-1995.0,-2576.0,-2415.0,-2383.0,615.0,-8162.0
-2634.0,-682.0,-1989.0,-2574.0,-2412.0,-2380.0,614.0,-8066.0
-2619.0,-698.0,-1983.0,-2573.0,-2406.0,-2376.0,614.0,-7966.0
-2607.0,-709.0,-1979.0,-2572.0,-2401.0,-2373.0,614.0,-7869.0
-2599.0,-709.0,-1979.0,-2574.0,-2399.0,-2374.0,613.0,-7776.0
-2595.0,-699.0,-1980.0,-2577.0,-2397.0,-2373.0,613.0,-7681.0
-2584.0,-694.0,-1981.0,-2581.0,-2398.0,-2373.0,613.0,-7589.0
-2571.0,-689.0,-1983.0,-2585.0,-2399.0,-2372.0,612.0,-7505.0
-2559.0,-687.0,-1984.0,-2585.0,-2399.0,-2370.0,612.0,-7420.0
-2545.0,-695.0,-1984.0,-2585.0,-2400.0,-2370.0,611.0,-7337.0
-2534.0,-706.0,-1981.0,-2583.0,-2399.0,-2368.0,611.0,-7252.0
-2529.0,-715.0,-1975.0,-2578.0,-2396.0,-2366.0,611.0,-7138.0
-2527.0,-723.0,-1966.0,-2570.0,-2390.0,-2360.0,610.0,-6982.0
-2521.0,-727.0,-1956.0,-2561.0,-2384.0,-2354.0,610.0,-6794.0
-2519.0,-718.0,-1947.0,-2554.0,-2380.0,-2350.0,609.0,-6644.0
-2517.0,-709.0,-1941.0,-2551.0,-2377.0,-2348.0,609.0,-6527.0
-2521.0,-696.0,-1938.0,-2551.0,-2376.0,-2349.0,609.0,-6413.0
-2526.0,-679.0,-1935.0,-2557.0,-2374.0,-2349.0,608.0,-6294.0
-2524.0,-671.0,-1932.0,-2562.0,-2373.0,-2349.0,608.0,-6178.0
-2526.0,-664.0,-1926.0,-2561.0,-2369.0,-2345.0,608.0,-6074.0
-2535.0,-656.0,-1918.0,-2557.0,-2363.0,-2338.0,607.0,-5989.0
-2537.0,-657.0,-1912.0,-2552.0,-2359.0,-2330.0,607.0,-5914.0
-2535.0,-660.0,-1906.0,-2549.0,-2354.0,-2324.0,606.0,-5851.0
-2530.0,-664.0,-1903.0,-2549.0,-2351.0,-2319.0,606.0,-5789.0
-2523.0,-664.0,-1903.0,-2553.0,-2350.0,-2317.0,606.0,-5710.0
-2515.0,-658.0,-1905.0,-2560.0,-2354.0,-2318.0,605.0,-5639.0
-2512.0,-648.0,-1907.0,-2565.0,-2359.0,-2320.0,605.0,-5585.0
-2506.0,-642.0,-1906.0,-2569.0,-2361.0,-2320.0,605.0,-5543.0
-2496.0,-642.0,-1903.0,-2571.0,-2362.0,-2321.0,604.0,-5509.0
-2491.0,-645.0,-1899.0,-2571.0,-2362.0,-2320.0,604.0,-5466.0
-2497.0,-647.0,-1892.0,-2570.0,-2359.0,-2317.0,603.0,-5409.0
-2498.0,-655.0,-1886.0,-2571.0,-2360.0,-2317.0,603.0,-5351.0
-2501.0,-660.0,-1881.0,-2570.0,-2360.0,-2314.0,603.0,-5294.0
-2502.0,-663.0,-1877.0,-2570.0,-2360.0,-2313.0,602.0,-5241.0
-2496.0,-663.0,-1876.0,-2572.0,-2363.0,-2317.0,602.0,-5190.0
-2487.0,-656.0,-1878.0,-2575.0,-2376.0,-2325.0,601.0,-5143.0
-2482.0,-644.0,-1878.0,-2575.0,-2384.0,-2326.0,601.0,-5095.0
-2481.0,-633.0,-1878.0,-2574.0,-2385.0,-2318.0,601.0,-5047.0
-2481.0,-625.0,-1877.0,-2575.0,-2390.0,-2307.0,600.0,-5002.0
-2475.0,-627.0,-1875.0,-2575.0,-2396.0,-2299.0,600.0,-4962.0
-2467.0,-633.0,-1872.0,-2573.0,-2400.0,-2291.0,600.0,-4923.0
-2457.0,-643.0,-1871.0,-2572.0,-2405.0,-2290.0,599.0,-4885.0
-2455.0,-652.0,-1868.0,-2568.0,-2406.0,-2286.0,599.0,-4847.0
-2453.0,-655.0,-1867.0,-2561.0,-2404.0,-2281.0,598.0,-4802.0
-2450.0,-657.0,-1868.0,-2559.0,-2405.0,-2282.0,598.0,-4769.0
-2443.0,-657.0,-1873.0,-2560.0,-2409.0,-2286.0,598.0,-4743.0
-2437.0,-651.0,-1877.0,-2560.0,-2413.0,-2290.0,597.0,-4701.0
-2430.0,-644.0,-1881.0,-2558.0,-2415.0,-2291.0,597.0,-4654.0
-2425.0,-644.0,-1884.0,-2555.0,-2417.0,-2291.0,597.0,-4621.0
-2417.0,-651.0,-1887.0,-2548.0,-2418.0,-2288.0,596.0,-4594.0
-2414.0,-664.0,-1888.0,-2540.0,-2419.0,-2285.0,596.0,-4535.0
-2409.0,-680.0,-1887.0,-2534.0,-2419.0,-2282.0,595.0,-4473.0
-2408.0,-690.0,-1886.0,-2529.0,-2420.0,-2278.0,595.0,-4398.0
-2409.0,-694.0,-1885.0,-2526.0,-2419.0,-2273.0,595.0,-4304.0
-2406.0,-692.0,-1888.0,-2525.0,-2422.0,-2270.0,594.0,-4205.0
-2398.0,-688.0,-1894.0,-2527.0,-2426.0,-2266.0,594.0,-4084.0
-2393.0,-680.0,-1899.0,-2530.0,-2429.0,-2259.0,594.0,-3944.0
-2393.0,-669.0,-1904.0,-2533.0,-2433.0,-2251.0,593.0,-3832.0
-2393.0,-663.0,-1905.0,-2536.0,-2435.0,-2241.0,593.0,-3789.0
-2391.0,-662.0,-1904.0,-2538.0,-2435.0,-2231.0,592.0,-3732.0
-2384.0,-670.0,-1901.0,-2536.0,-2433.0,-2221.0,592.0,-3616.0
-2386.0,-673.0,-1896.0,-2533.0,-2426.0,-2209.0,592.0,-3507.0
-2388.0,-679.0,-1892.0,-2528.0,-2420.0,-2199.0,591.0,-3433.0
-2392.0,-682.0,-1889.0,-2527.0,-2422.0,-2195.0,591.0,-3401.0
-2393.0,-677.0,-1888.0,-2528.0,-2425.0,-2194.0,591.0,-3409.0
-2389.0,-671.0,-1889.0,-2531.0,-2426.0,-2193.0,590.0,-3393.0
-2383.0,-662.0,-1892.0,-2534.0,-2428.0,-2193.0,590.0,-3347.0
-2380.0,-648.0,-1894.0,-2533.0,-2429.0,-2191.0,589.0,-3259.0
-2379.0,-643.0,-1895.0,-2531.0,-2428.0,-2189.0,589.0,-3161.0
-2379.0,-642.0,-1895.0,-2529.0,-2426.0,-2187.0,589.0,-3117.0
-2380.0,-645.0,-1896.0,-2529.0,-2424.0,-2184.0,588.0,-3120.0
-2378.0,-652.0,-1894.0,-2528.0,-2420.0,-2178.0,588.0,-3098.0
-2377.0,-658.0,-1892.0,-2526.0,-2414.0,-2169.0,588.0,-3074.0
-2381.0,-657.0,-1890.0,-2523.0,-2409.0,-2162.0,587.0,-3041.0
-2383.0,-648.0,-1890.0,-2521.0,-2405.0,-2155.0,587.0,-2977.0
-2387.0,-634.0,-1891.0,-2521.0,-2403.0,-2151.0,587.0,-2930.0
-2390.0,-620.0,-1892.0,-2520.0,-2401.0,-2147.0,586.0,-2894.0
-2390.0,-606.0,-1891.0,-2520.0,-2399.0,-2145.0,586.0,-2864.0
-2393.0,-594.0,-1889.0,-2516.0,-2396.0,-2142.0,585.0,-2828.0
-2392.0,-587.0,-1886.0,-2512.0,-2391.0,-2136.0,585.0,-2783.0
-2395.0,-583.0,-1883.0,-2507.0,-2386.0,-2129.0,585.0,-2731.0
-2397.0,-581.0,-1879.0,-2502.0,-2378.0,-2122.0,584.0,-2686.0
-2395.0,-584.0,-1876.0,-2497.0,-2371.0,-2116.0,584.0,-2659.0
-2393.0,-585.0,-1872.0,-2492.0,-2363.0,-2111.0,584.0,-2638.0
-2391.0,-577.0,-1870.0,-2488.0,-2359.0,-2111.0,583.0,-2611.0
-2384.0,-570.0,-1872.0,-2488.0,-2358.0,-2114.0,583.0,-2577.0
-2378.0,-563.0,-1876.0,-2491.0,-2359.0,-2118.0,582.0,-2541.0
-2377.0,-556.0,-1880.0,-2494.0,-2361.0,-2123.0,582.0,-2505.0
-2376.0,-554.0,-1885.0,-2498.0,-2363.0,-2126.0,582.0,-2467.0
-2377.0,-553.0,-1887.0,-2499.0,-2362.0,-2126.0,581.0,-2426.0
-2378.0,-556.0,-1887.0,-2498.0,-2360.0,-2125.0,581.0,-2387.0
-2380.0,-561.0,-1887.0,-2496.0,-2359.0,-2124.0,581.0,-2353.0
-2383.0,-566.0,-1886.0,-2495.0,-2357.0,-2124.0,580.0,-2321.0
-2385.0,-566.0,-1884.0,-2493.0,-2356.0,-2122.0,580.0,-2297.0
-2389.0,-555.0,-1882.0,-2490.0,-2352.0,-2119.0,580.0,-2280.0
-2390.0,-543.0,-1881.0,-2488.0,-2351.0,-2117.0,579.0,-2277.0
-2394.0,-525.0,-1878.0,-2485.0,-2348.0,-2115.0,579.0,-2266.0
-2392.0,-508.0,-1877.0,-2483.0,-2346.0,-2114.0,578.0,-2255.0
-2382.0,-501.0,-1876.0,-2480.0,-2345.0,-2113.0,578.0,-2253.0
-2368.0,-507.0,-1877.0,-2481.0,-2345.0,-2112.0,578.0,-2257.0
-2355.0,-521.0,-1878.0,-2481.0,-2345.0,-2114.0,577.0,-2257.0
-2349.0,-527.0,-1876.0,-2478.0,-2342.0,-2113.0,577.0,-2245.0
-2344.0,-533.0,-1873.0,-2475.0,-2339.0,-2112.0,577.0,-2231.0
-2340.0,-540.0,-1871.0,-2472.0,-2338.0,-2114.0,576.0,-2230.0
-2344.0,-535.0,-1871.0,-2471.0,-2338.0,-2119.0,576.0,-2251.0
-2346.0,-528.0,-1873.0,-2473.0,-2341.0,-2127.0,576.0,-2271.0
-2347.0,-522.0,-1877.0,-2475.0,-2343.0,-2137.0,575.0,-2276.0
-2349.0,-512.0,-1879.0,-2475.0,-2344.0,-2145.0,575.0,-2276.0
-2359.0,-499.0,-1878.0,-2473.0,-2344.0,-2151.0,574.0,-2289.0
-2364.0,-493.0,-1878.0,-2471.0,-2341.0,-2154.0,574.0,-2289.0
-2361.0,-495.0,-1874.0,-2463.0,-2334.0,-2151.0,574.0,-2248.0
-2360.0,-498.0,-1871.0,-2458.0,-2329.0,-2149.0,573.0,-2207.0
-2360.0,-497.0,-1867.0,-2453.0,-2323.0,-2148.0,573.0,-2175.0
-2353.0,-502.0,-1863.0,-2447.0,-2317.0,-2146.0,573.0,-2236.0
-2344.0,-502.0,-1859.0,-2443.0,-2313.0,-2145.0,572.0,-2313.0
-2340.0,-498.0,-1858.0,-2440.0,-2310.0,-2144.0,572.0,-2318.0
-2336.0,-492.0,-1858.0,-2439.0,-2308.0,-2146.0,572.0,-2283.0
-2335.0,-484.0,-1858.0,-2439.0,-2308.0,-2148.0,571.0,-2312.0
-2333.0,-478.0,-1856.0,-2438.0,-2307.0,-2148.0,571.0,-2417.0
-2334.0,-473.0,-1852.0,-2434.0,-2304.0,-2146.0,571.0,-2504.0
-2331.0,-473.0,-1845.0,-2427.0,-2297.0,-2141.0,570.0,-2543.0
-2322.0,-477.0,-1837.0,-2419.0,-2289.0,-2133.0,570.0,-2538.0
-2313.0,-479.0,-1827.0,-2410.0,-2279.0,-2126.0,569.0,-2414.0
-2306.0,-481.0,-1819.0,-2402.0,-2272.0,-2119.0,569.0,-2251.0
-2301.0,-478.0,-1814.0,-2396.0,-2266.0,-2115.0,569.0,-2146.0
-2295.0,-469.0,-1808.0,-2391.0,-2261.0,-2110.0,568.0,-1972.0
-2285.0,-459.0,-1804.0,-2387.0,-2257.0,-2105.0,568.0,-1876.0
-2275.0,-447.0,-1799.0,-2384.0,-2254.0,-2102.0,568.0,-1739.0
-2265.0,-440.0,-1792.0,-2379.0,-2249.0,-2098.0,567.0,-1601.0
-2256.0,-436.0,-1786.0,-2374.0,-2245.0,-2093.0,567.0,-1592.0
-2251.0,-438.0,-1777.0,-2364.0,-2238.0,-2087.0,567.0,-1651.0
-2250.0,-441.0,-1768.0,-2354.0,-2230.0,-2078.0,566.0,-1678.0
-2247.0,-446.0,-1757.0,-2342.0,-2222.0,-2071.0,566.0,-1688.0
-2237.0,-451.0,-1748.0,-2329.0,-2213.0,-2065.0,566.0,-1666.0
-2235.0,-445.0,-1741.0,-2319.0,-2207.0,-2062.0,565.0,-1664.0
-2235.0,-436.0,-1737.0,-2311.0,-2204.0,-2063.0,565.0,-1708.0
-2236.0,-427.0,-1733.0,-2307.0,-2203.0,-2067.0,564.0,-1815.0
-2240.0,-412.0,-1728.0,-2301.0,-2199.0,-2069.0,564.0,-1930.0
-2250.0,-398.0,-1720.0,-2291.0,-2192.0,-2069.0,564.0,-2001.0
-2262.0,-385.0,-1707.0,-2276.0,-2180.0,-2067.0,563.0,-2016.0
-2267.0,-378.0,-1689.0,-2255.0,-2163.0,-2057.0,563.0,-2034.0
-2270.0,-366.0,-1670.0,-2232.0,-2145.0,-2044.0,563.0,-2036.0
-2273.0,-361.0,-1653.0,-2212.0,-2130.0,-2035.0,562.0,-2040.0
-2269.0,-363.0,-1643.0,-2198.0,-2118.0,-2027.0,562.0,-2048.0
-2248.0,-370.0,-1641.0,-2191.0,-2112.0,-2024.0,562.0,-2054.0
-2223.0,-380.0,-1641.0,-2187.0,-2110.0,-2025.0,561.0,-2059.0
-2196.0,-392.0,-1639.0,-2178.0,-2108.0,-2027.0,561.0,-2047.0
-2160.0,-409.0,-1635.0,-2165.0,-2103.0,-2027.0,561.0,-2042.0
-2116.0,-431.0,-1633.0,-2153.0,-2095.0,-2023.0,560.0,-2036.0
-2063.0,-463.0,-1633.0,-2140.0,-2086.0,-2018.0,560.0,-2022.0
-1994.0,-515.0,-1636.0,-2128.0,-2077.0,-2012.0,559.0,-2011.0
-1914.0,-568.0,-1640.0,-2113.0,-2061.0,-1999.0,559.0,-2000.0
-1842.0,-609.0,-1644.0,-2105.0,-2048.0,-1986.0,559.0,-1967.0
-1769.0,-650.0,-1649.0,-2103.0,-2043.0,-1983.0,558.0,-1955.0
-1712.0,-685.0,-1659.0,-2112.0,-2054.0,-1997.0,558.0,-1954.0
-1677.0,-697.0,-1676.0,-2135.0,-2074.0,-2017.0,558.0,-1978.0
-1652.0,-691.0,-1700.0,-2171.0,-2098.0,-2036.0,557.0,-1983.0
-1649.0,-672.0,-1725.0,-2215.0,-2124.0,-2054.0,557.0,-1945.0
-1672.0,-638.0,-1737.0,-2248.0,-2144.0,-2067.0,557.0,-1917.0
-1709.0,-594.0,-1735.0,-2266.0,-2155.0,-2075.0,556.0,-1842.0
-1749.0,-557.0,-1730.0,-2282.0,-2167.0,-2083.0,556.0,-1719.0
-1768.0,-543.0,-1731.0,-2298.0,-2177.0,-2091.0,556.0,-1506.0
-1786.0,-536.0,-1727.0,-2301.0,-2182.0,-2096.0,555.0,-1407.0
-1807.0,-527.0,-1718.0,-2290.0,-2180.0,-2097.0,555.0,-1344.0
-1812.0,-520.0,-1707.0,-2271.0,-2170.0,-2090.0,555.0,-1262.0
-1810.0,-509.0,-1697.0,-2251.0,-2158.0,-2080.0,554.0,-1326.0
-1817.0,-493.0,-1690.0,-2235.0,-2150.0,-2072.0,554.0,-1334.0
-1830.0,-472.0,-1680.0,-2216.0,-2140.0,-2063.0,554.0,-1387.0
-1829.0,-454.0,-1653.0,-2184.0,-2117.0,-2044.0,553.0,-1477.0
-1842.0,-432.0,-1623.0,-2149.0,-2092.0,-2022.0,553.0,-1531.0
-1863.0,-421.0,-1603.0,-2125.0,-2075.0,-2008.0,552.0,-1594.0
-1860.0,-422.0,-1587.0,-2101.0,-2057.0,-1992.0,552.0,-1608.0
-1851.0,-420.0,-1567.0,-2071.0,-2032.0,-1970.0,552.0,-1503.0
-1837.0,-418.0,-1545.0,-2037.0,-2006.0,-1947.0,551.0,-1343.0
-1818.0,-413.0,-1524.0,-2007.0,-1981.0,-1929.0,551.0,-1410.0
-1804.0,-402.0,-1506.0,-1979.0,-1959.0,-1912.0,551.0,-1462.0
-1797.0,-388.0,-1489.0,-1954.0,-1944.0,-1897.0,550.0,-1467.0
-1790.0,-373.0,-1473.0,-1928.0,-1932.0,-1882.0,550.0,-1431.0
-1783.0,-361.0,-1462.0,-1907.0,-1924.0,-1870.0,550.0,-1439.0
-1779.0,-352.0,-1453.0,-1891.0,-1917.0,-1858.0,549.0,-1383.0
-1779.0,-346.0,-1445.0,-1877.0,-1913.0,-1847.0,549.0,-1226.0
-1778.0,-346.0,-1432.0,-1863.0,-1905.0,-1832.0,549.0,-1074.0
-1782.0,-345.0,-1421.0,-1853.0,-1899.0,-1822.0,548.0,-923.0
-1792.0,-341.0,-1416.0,-1846.0,-1894.0,-1817.0,548.0,-793.0
-1799.0,-334.0,-1415.0,-1840.0,-1883.0,-1813.0,548.0,-694.0
-1811.0,-320.0,-1416.0,-1839.0,-1879.0,-1816.0,547.0,-623.0
-1831.0,-306.0,-1421.0,-1842.0,-1887.0,-1823.0,547.0,-590.0
-1860.0,-294.0,-1432.0,-1850.0,-1905.0,-1833.0,547.0,-613.0
-1891.0,-287.0,-1443.0,-1857.0,-1927.0,-1850.0,546.0,-610.0
-1910.0,-281.0,-1448.0,-1860.0,-1946.0,-1865.0,546.0,-530.0
-1928.0,-279.0,-1447.0,-1858.0,-1958.0,-1871.0,546.0,-382.0
-1940.0,-280.0,-1443.0,-1855.0,-1959.0,-1871.0,545.0,-128.0
-1938.0,-284.0,-1434.0,-1848.0,-1943.0,-1866.0,545.0,129.0
-1938.0,-287.0,-1421.0,-1843.0,-1927.0,-1860.0,545.0,343.0
-1938.0,-286.0,-1412.0,-1840.0,-1924.0,-1851.0,544.0,421.0
-1923.0,-278.0,-1399.0,-1834.0,-1937.0,-1842.0,544.0,310.0
-1879.0,-271.0,-1382.0,-1820.0,-1938.0,-1831.0,544.0,531.0
-1847.0,-263.0,-1369.0,-1810.0,-1942.0,-1826.0,543.0,1304.0
-1827.0,-261.0,-1360.0,-1804.0,-1948.0,-1826.0,543.0,1832.0
-1812.0,-264.0,-1349.0,-1801.0,-1950.0,-1828.0,542.0,2160.0
-1802.0,-270.0,-1339.0,-1800.0,-1952.0,-1832.0,542.0,2722.0
-1803.0,-278.0,-1330.0,-1803.0,-1958.0,-1838.0,542.0,3366.0
-1816.0,-282.0,-1324.0,-1804.0,-1967.0,-1845.0,541.0,3954.0
-1828.0,-283.0,-1321.0,-1809.0,-1976.0,-1858.0,541.0,4565.0
-1817.0,-281.0,-1313.0,-1806.0,-1973.0,-1867.0,541.0,5325.0
-1809.0,-280.0,-1311.0,-1805.0,-1968.0,-1878.0,540.0,6302.0
-1797.0,-277.0,-1307.0,-1803.0,-1963.0,-1884.0,540.0,7135.0
-1772.0,-270.0,-1300.0,-1795.0,-1950.0,-1884.0,540.0,7888.0
-1739.0,-266.0,-1291.0,-1782.0,-1926.0,-1882.0,539.0,8545.0
-1718.0,-267.0,-1286.0,-1770.0,-1904.0,-1881.0,539.0,9156.0
-1704.0,-271.0,-1284.0,-1760.0,-1892.0,-1877.0,539.0,9718.0
-1681.0,-280.0,-1278.0,-1743.0,-1871.0,-1868.0,538.0,10468.0
-1647.0,-290.0,-1269.0,-1724.0,-1845.0,-1854.0,538.0,11331.0
-1603.0,-291.0,-1259.0,-1710.0,-1813.0,-1835.0,538.0,12179.0
-1549.0,-288.0,-1249.0,-1693.0,-1784.0,-1818.0,537.0,12930.0
-1492.0,-284.0,-1235.0,-1677.0,-1752.0,-1801.0,537.0,13739.0
-1428.0,-278.0,-1222.0,-1667.0,-1716.0,-1783.0,537.0,15930.0
-1371.0,-270.0,-1210.0,-1657.0,-1694.0,-1773.0,536.0,19473.0
-1318.0,-267.0,-1195.0,-1634.0,-1677.0,-1777.0,536.0,21813.0
-1269.0,-267.0,-1178.0,-1610.0,-1659.0,-1790.0,536.0,23991.0
-1217.0,-269.0,-1154.0,-1588.0,-1648.0,-1789.0,535.0,28006.0
-1149.0,-278.0,-1125.0,-1566.0,-1642.0,-1767.0,535.0,30264.0
-1074.0,-279.0,-1092.0,-1541.0,-1638.0,-1720.0,535.0,28380.0
-1007.0,-275.0,-1060.0,-1516.0,-1640.0,-1691.0,534.0,27466.0
-935.0,-277.0,-1033.0,-1492.0,-1644.0,-1674.0,534.0,30198.0
-860.0,-278.0,-1004.0,-1464.0,-1652.0,-1650.0,534.0,-31039.0
-784.0,-271.0,-971.0,-1438.0,-1660.0,-1642.0,533.0,-26732.0
-741.0,-265.0,-942.0,-1418.0,-1672.0,-1644.0,533.0,-21128.0
-756.0,-263.0,-940.0,-1423.0,-1715.0,-1657.0,533.0,-15355.0
-800.0,-264.0,-945.0,-1434.0,-1761.0,-1683.0,532.0,-9571.0
-813.0,-271.0,-939.0,-1430.0,-1796.0,-1699.0,532.0,-4024.0
-804.0,-280.0,-923.0,-1417.0,-1813.0,-1698.0,532.0,0.0
-780.0,-290.0,-902.0,-1405.0,-1835.0,-1687.0,531.0,0.0
-747.0,-292.0,-884.0,-1394.0,-1858.0,-1665.0,531.0,0.0
-717.0,-291.0,-869.0,-1389.0,-1882.0,-1648.0,531.0,0.0
-679.0,-289.0,-852.0,-1387.0,-1901.0,-1640.0,530.0,0.0
-647.0,-282.0,-837.0,-1387.0,-1918.0,-1633.0,530.0,0.0
-610.0,-279.0,-819.0,-1391.0,-1935.0,-1628.0,530.0,0.0
-563.0,-284.0,-799.0,-1390.0,-1943.0,-1620.0,529.0,0.0
-525.0,-289.0,-783.0,-1386.0,-1933.0,-1606.0,529.0,0.0
-499.0,-290.0,-763.0,-1386.0,-1904.0,-1591.0,529.0,0.0
-465.0,-296.0,-741.0,-1388.0,-1885.0,-1575.0,528.0,-528.0
-420.0,-305.0,-723.0,-1383.0,-1873.0,-1535.0,528.0,-1340.0
-374.0,-312.0,-708.0,-1376.0,-1862.0,-1504.0,528.0,-2141.0
-328.0,-315.0,-689.0,-1372.0,-1852.0,-1482.0,527.0,-2933.0
-288.0,-312.0,-674.0,-1370.0,-1842.0,-1464.0,527.0,-3715.0
-251.0,-305.0,-664.0,-1369.0,-1822.0,-1459.0,527.0,-4487.0
-212.0,-297.0,-652.0,-1366.0,-1791.0,-1460.0,526.0,-5249.0
-168.0,-292.0,-636.0,-1356.0,-1761.0,-1436.0,526.0,-6002.0
-118.0,-293.0,-614.0,-1332.0,-1733.0,-1414.0,526.0,-6746.0
-71.0,-297.0,-578.0,-1309.0,-1718.0,-1378.0,525.0,-7480.0
-32.0,-300.0,-534.0,-1289.0,-1700.0,-1343.0,525.0,-8205.0
2.0,-304.0,-501.0,-1265.0,-1688.0,-1320.0,525.0,-8921.0
34.0,-306.0,-467.0,-1231.0,-1682.0,-1299.0,524.0,-9628.0
60.0,-306.0,-438.0,-1196.0,-1680.0,-1265.0,524.0,-10326.0
80.0,-298.0,-416.0,-1166.0,-1676.0,-1246.0,524.0,-11016.0
97.0,-290.0,-387.0,-1140.0,-1667.0,-1235.0,523.0,-11696.0
116.0,-279.0,-349.0,-1113.0,-1648.0,-1199.0,523.0,-12369.0
138.0,-274.0,-302.0,-1074.0,-1626.0,-1156.0,523.0,-13033.0
157.0,-277.0,-243.0,-1026.0,-1596.0,-1138.0,522.0,-13688.0
176.0,-281.0,-171.0,-962.0,-1563.0,-1092.0,522.0,-14336.0
198.0,-290.0,-94.0,-867.0,-1544.0,-1056.0,522.0,-14975.0
208.0,-296.0,-25.0,-779.0,-1533.0,-1045.0,521.0,-15607.0
209.0,-297.0,39.0,-712.0,-1520.0,-1035.0,521.0,-16230.0
203.0,-289.0,110.0,-647.0,-1485.0,-1000.0,521.0,-16846.0
202.0,-278.0,188.0,-587.0,-1456.0,-942.0,520.0,-17454.0
204.0,-267.0,274.0,-544.0,-1429.0,-906.0,520.0,-18055.0
213.0,-263.0,369.0,-520.0,-1409.0,-861.0,520.0,-18647.0
225.0,-266.0,465.0,-501.0,-1406.0,-745.0,519.0,-19233.0
233.0,-269.0,561.0,-464.0,-1407.0,-558.0,519.0,-19811.0
247.0,-282.0,645.0,-421.0,-1399.0,-419.0,519.0,-20382.0
255.0,-293.0,726.0,-377.0,-1396.0,-340.0,518.0,-20946.0
257.0,-300.0,827.0,-320.0,-1374.0,-197.0,518.0,-21503.0
259.0,-303.0,949.0,-240.0,-1289.0,78.0,518.0,-22053.0
262.0,-301.0,1084.0,-138.0,-1258.0,365.0,517.0,-22596.0
268.0,-296.0,1232.0,-15.0,-1232.0,760.0,517.0,-23132.0
274.0,-289.0,1377.0,138.0,-1188.0,1317.0,517.0,-23662.0
282.0,-286.0,1535.0,291.0,-1148.0,1706.0,516.0,-24185.0
285.0,-280.0,1711.0,435.0,-1097.0,1823.0,516.0,-24701.0
291.0,-279.0,1903.0,602.0,-1034.0,1881.0,516.0,-25211.0
295.0,-281.0,2120.0,799.0,-962.0,1895.0,516.0,-25715.0
292.0,-284.0,2362.0,998.0,-874.0,1847.0,515.0,-26212.0
284.0,-290.0,2618.0,1204.0,-807.0,1770.0,515.0,-26703.0
270.0,-293.0,2885.0,1391.0,-742.0,1713.0,515.0,-27188.0
250.0,-289.0,3147.0,1587.0,-662.0,1633.0,514.0,-27667.0
223.0,-282.0,3394.0,1805.0,-567.0,1596.0,514.0,-28140.0
190.0,-272.0,3629.0,2022.0,-466.0,1569.0,514.0,-28607.0
150.0,-263.0,3859.0,2241.0,-447.0,1472.0,513.0,-29068.0
106.0,-259.0,4085.0,2460.0,-427.0,1471.0,513.0,-29523.0
44.0,-256.0,4307.0,2677.0,-427.0,1466.0,513.0,-29973.0
-31.0,-260.0,4445.0,2902.0,-455.0,1363.0,512.0,-30417.0
-125.0,-265.0,4571.0,3121.0,-464.0,1361.0,512.0,-30856.0
-226.0,-269.0,4697.0,3357.0,-494.0,1269.0,512.0,-31289.0
-322.0,-275.0,4841.0,3626.0,-524.0,1311.0,511.0,-31717.0
-413.0,-278.0,4988.0,3939.0,-486.0,1297.0,511.0,-32139.0
-499.0,-273.0,5124.0,4222.0,-385.0,1250.0,511.0,-32556.0
-588.0,-267.0,5251.0,4419.0,-185.0,1043.0,510.0,32568.0
-720.0,-265.0,5354.0,4619.0,113.0,877.0,510.0,32161.0
-807.0,-264.0,5451.0,4810.0,392.0,871.0,510.0,31760.0
-867.0,-265.0,5554.0,5006.0,671.0,906.0,509.0,31363.0
-931.0,-272.0,5680.0,5188.0,859.0,676.0,509.0,30971.0
-1015.0,-280.0,5784.0,5337.0,976.0,509.0,509.0,30585.0
-1072.0,-289.0,5861.0,5482.0,1101.0,562.0,508.0,30203.0
-1144.0,-298.0,5930.0,5592.0,1181.0,604.0,508.0,29825.0
-1222.0,-301.0,6009.0,5687.0,1317.0,504.0,508.0,29453.0
-1293.0,-293.0,6090.0,5782.0,1403.0,343.0,507.0,29085.0
-1356.0,-284.0,6173.0,5874.0,1438.0,346.0,507.0,28722.0
-1407.0,-279.0,6263.0,5956.0,1439.0,382.0,507.0,28363.0
-1476.0,-278.0,6333.0,6009.0,1412.0,369.0,507.0,28009.0
-1569.0,-278.0,6388.0,6028.0,1387.0,330.0,506.0,27659.0
-1657.0,-285.0,6451.0,6047.0,1341.0,266.0,506.0,27314.0
-1742.0,-297.0,6522.0,6056.0,1289.0,255.0,506.0,26973.0
-1814.0,-307.0,6590.0,6077.0,1303.0,193.0,505.0,26636.0
-1893.0,-316.0,6626.0,6082.0,1310.0,191.0,505.0,26303.0
-2017.0,-319.0,6658.0,6039.0,1360.0,219.0,505.0,25975.0
-2173.0,-315.0,6693.0,6005.0,1337.0,196.0,504.0,25650.0
-2292.0,-309.0,6711.0,6003.0,1192.0,171.0,504.0,25330.0
-2368.0,-303.0,6778.0,5973.0,1148.0,248.0,504.0,25014.0
-2410.0,-306.0,6823.0,5963.0,1283.0,363.0,503.0,24701.0
-2489.0,-313.0,6851.0,5927.0,1334.0,542.0,503.0,24393.0
-2613.0,-322.0,6873.0,5862.0,1353.0,615.0,503.0,24088.0
-2725.0,-332.0,6879.0,5809.0,1381.0,725.0,502.0,23787.0
-2821.0,-343.0,6862.0,5780.0,1478.0,902.0,502.0,23490.0
-2935.0,-345.0,6814.0,5774.0,1495.0,1118.0,502.0,23197.0
-3088.0,-339.0,6680.0,5743.0,1504.0,1261.0,501.0,22907.0
-3305.0,-332.0,6507.0,5744.0,1475.0,1227.0,501.0,22621.0
-3564.0,-318.0,6421.0,5737.0,1488.0,1144.0,501.0,22339.0
-3837.0,-309.0,6310.0,5712.0,1493.0,1233.0,500.0,22060.0
-4122.0,-305.0,6203.0,5687.0,1443.0,1390.0,500.0,21784.0
-4428.0,-304.0,6059.0,5612.0,1361.0,1437.0,500.0,21512.0
-4934.0,-306.0,5813.0,5452.0,1242.0,1280.0,500.0,21244.0
-5529.0,-312.0,5575.0,5287.0,1112.0,914.0,499.0,20978.0
-6026.0,-321.0,5402.0,5168.0,979.0,610.0,499.0,20716.0
-6416.0,-324.0,5234.0,5065.0,823.0,726.0,499.0,20458.0
-6571.0,-321.0,5117.0,4966.0,736.0,859.0,498.0,20202.0
-6601.0,-314.0,5094.0,4909.0,759.0,851.0,498.0,19950.0
-6637.0,-303.0,5067.0,4822.0,743.0,979.0,498.0,19701.0
-6604.0,-294.0,5052.0,4708.0,713.0,1079.0,497.0,19455.0
-6609.0,-291.0,5005.0,4573.0,753.0,1140.0,497.0,19212.0
-6491.0,-292.0,4977.0,4521.0,824.0,1171.0,497.0,18972.0
-6294.0,-296.0,5009.0,4501.0,1002.0,1082.0,496.0,18735.0
-6059.0,-301.0,5050.0,4527.0,1053.0,1065.0,496.0,18501.0
-5789.0,-305.0,5086.0,4611.0,1123.0,1203.0,496.0,18270.0
-5556.0,-304.0,5142.0,4723.0,1251.0,1275.0,495.0,18042.0
-5372.0,-301.0,5160.0,4751.0,1330.0,1526.0,495.0,17816.0
-5211.0,-292.0,5139.0,4778.0,1396.0,1744.0,495.0,17594.0
-5151.0,-279.0,5102.0,4766.0,1307.0,1799.0,495.0,17374.0
-5016.0,-265.0,5108.0,4822.0,1002.0,1723.0,494.0,17157.0
-4776.0,-255.0,5147.0,4859.0,1018.0,1887.0,494.0,16943.0
-4516.0,-250.0,5224.0,4845.0,1158.0,1973.0,494.0,16731.0
-4165.0,-254.0,5352.0,4832.0,1272.0,2115.0,493.0,16522.0
-3659.0,-262.0,5420.0,4874.0,1473.0,2364.0,493.0,16316.0
-3168.0,-268.0,5526.0,4974.0,1594.0,2498.0,493.0,16112.0
-2971.0,-273.0,5729.0,4971.0,1598.0,2623.0,492.0,15911.0
-2762.0,-269.0,5749.0,4961.0,1601.0,2853.0,492.0,15712.0
-2536.0,-261.0,5823.0,4946.0,1646.0,2966.0,492.0,15516.0
-2318.0,-256.0,5893.0,4919.0,1688.0,2849.0,491.0,15322.0
-2022.0,-250.0,5875.0,4948.0,1580.0,2888.0,491.0,15131.0
-1641.0,-243.0,5921.0,5030.0,1622.0,3051.0,491.0,14942.0
-1239.0,-242.0,6011.0,5167.0,1874.0,3200.0,491.0,14755.0
-925.0,-242.0,6048.0,5191.0,1915.0,3245.0,490.0,14571.0
-844.0,-247.0,6060.0,5002.0,1806.0,3361.0,490.0,14389.0
-703.0,-254.0,6122.0,4759.0,1807.0,3342.0,490.0,14209.0
-640.0,-258.0,6100.0,4553.0,1837.0,3214.0,489.0,14032.0
-739.0,-256.0,5972.0,4430.0,1813.0,3263.0,489.0,13857.0
-748.0,-249.0,5829.0,4275.0,1858.0,3276.0,489.0,13684.0
-743.0,-236.0,5628.0,4038.0,1825.0,3281.0,488.0,13513.0
-807.0,-222.0,5446.0,3820.0,1738.0,3489.0,488.0,13344.0
-822.0,-215.0,5229.0,3535.0,1686.0,3153.0,488.0,13177.0
-833.0,-214.0,4960.0,3219.0,1675.0,2912.0,487.0,13013.0
-800.0,-215.0,4737.0,3012.0,1724.0,2898.0,487.0,12850.0
-682.0,-219.0,4487.0,2799.0,1773.0,2851.0,487.0,12690.0
-533.0,-226.0,4232.0,2606.0,1842.0,2789.0,487.0,12531.0
-349.0,-229.0,3998.0,2468.0,1876.0,2907.0,486.0,12375.0
-103.0,-227.0,3839.0,2272.0,1890.0,3194.0,486.0,12220.0
165.0,-222.0,3742.0,2065.0,1874.0,3105.0,486.0,12068.0
252.0,-215.0,3541.0,1869.0,1841.0,3027.0,485.0,11917.0
251.0,-206.0,3246.0,1629.0,1746.0,2862.0,485.0,11768.0
249.0,-199.0,2974.0,1404.0,1564.0,2700.0,485.0,11621.0
132.0,-201.0,2679.0,1051.0,1391.0,2626.0,484.0,11476.0
92.0,-211.0,2468.0,716.0,1325.0,2646.0,484.0,11333.0
111.0,-223.0,2264.0,373.0,1227.0,2057.0,484.0,11191.0
-96.0,-235.0,1994.0,-78.0,998.0,1361.0,483.0,11051.0
-286.0,-247.0,1833.0,-566.0,715.0,1214.0,483.0,10913.0
-279.0,-248.0,1712.0,-991.0,495.0,1207.0,483.0,10777.0
-135.0,-245.0,1624.0,-1335.0,224.0,1269.0,483.0,10643.0
-39.0,-237.0,1505.0,-1619.0,-29.0,1010.0,482.0,10510.0
227.0,-230.0,1403.0,-1902.0,-128.0,759.0,482.0,10378.0
352.0,-227.0,1211.0,-2349.0,-273.0,969.0,482.0,10249.0
514.0,-232.0,1013.0,-2642.0,-428.0,861.0,481.0,10121.0
674.0,-241.0,847.0,-2808.0,-649.0,708.0,481.0,9994.0
718.0,-251.0,669.0,-3121.0,-905.0,514.0,481.0,9870.0
807.0,-260.0,493.0,-3473.0,-995.0,162.0,480.0,9746.0
794.0,-267.0,285.0,-3860.0,-1124.0,-182.0,480.0,9625.0
1140.0,-267.0,189.0,-4114.0,-1190.0,-136.0,480.0,9504.0
1630.0,-264.0,131.0,-4243.0,-1181.0,124.0,480.0,9386.0
2115.0,-259.0,48.0,-4318.0,-993.0,377.0,479.0,9268.0
2678.0,-253.0,-13.0,-4371.0,-767.0,382.0,479.0,9153.0
3324.0,-252.0,-3.0,-4375.0,-484.0,248.0,479.0,9038.0
3929.0,-255.0,-32.0,-4395.0,-312.0,307.0,478.0,8926.0
4430.0,-262.0,-122.0,-4371.0,-230.0,618.0,478.0,8814.0
5002.0,-269.0,-133.0,-4330.0,-35.0,1113.0,478.0,8704.0
5560.0,-281.0,-139.0,-4248.0,171.0,1537.0,477.0,8595.0
5994.0,-291.0,-179.0,-4175.0,249.0,1682.0,477.0,8488.0
6441.0,-290.0,-188.0,-4075.0,330.0,1734.0,477.0,8382.0
6845.0,-282.0,-222.0,-3994.0,486.0,1797.0,477.0,8277.0
7301.0,-272.0,-258.0,-3922.0,637.0,1904.0,476.0,8174.0
7721.0,-262.0,-309.0,-3865.0,753.0,2021.0,476.0,8072.0
8076.0,-260.0,-372.0,-3778.0,871.0,2107.0,476.0,7971.0
8504.0,-264.0,-407.0,-3680.0,1029.0,2236.0,475.0,7871.0
8984.0,-269.0,-434.0,-3596.0,1311.0,2450.0,475.0,7773.0
9413.0,-280.0,-468.0,-3522.0,1665.0,2687.0,475.0,7676.0
9836.0,-294.0,-469.0,-3413.0,1950.0,2918.0,474.0,7580.0
10231.0,-301.0,-475.0,-3305.0,2167.0,3111.0,474.0,7485.0
10621.0,-301.0,-486.0,-3203.0,2390.0,3306.0,474.0,7392.0
11026.0,-297.0,-507.0,-3060.0,2644.0,3517.0,474.0,7300.0
11386.0,-293.0,-520.0,-2889.0,2900.0,3695.0,473.0,7209.0
11681.0,-290.0,-505.0,-2738.0,3097.0,3840.0,473.0,7118.0
11915.0,-289.0,-499.0,-2582.0,3249.0,3965.0,473.0,7030.0
11954.0,-290.0,-589.0,-2460.0,3341.0,4024.0,472.0,6942.0
12077.0,-296.0,-644.0,-2334.0,3478.0,4105.0,472.0,6855.0
12287.0,-307.0,-665.0,-2179.0,3634.0,4155.0,472.0,6769.0
12436.0,-317.0,-698.0,-2036.0,3761.0,4202.0,471.0,6685.0
12477.0,-324.0,-712.0,-1967.0,3854.0,4214.0,471.0,6601.0
12467.0,-327.0,-731.0,-1912.0,3930.0,4199.0,471.0,6519.0
12423.0,-324.0,-760.0,-1879.0,3992.0,4172.0,471.0,6438.0
12319.0,-320.0,-794.0,-1864.0,4025.0,4126.0,470.0,6357.0
12180.0,-314.0,-851.0,-1845.0,4048.0,4072.0,470.0,6278.0
12040.0,-309.0,-920.0,-1803.0,4073.0,4014.0,470.0,6199.0
11854.0,-312.0,-1013.0,-1769.0,4081.0,3935.0,469.0,6122.0
11640.0,-317.0,-1124.0,-1728.0,4082.0,3848.0,469.0,6046.0
11398.0,-327.0,-1251.0,-1680.0,4062.0,3753.0,469.0,5970.0
11143.0,-339.0,-1371.0,-1658.0,4027.0,3664.0,468.0,5895.0
10875.0,-347.0,-1480.0,-1635.0,3985.0,3574.0,468.0,5822.0
10608.0,-346.0,-1576.0,-1620.0,3937.0,3476.0,468.0,5749.0
10370.0,-343.0,-1658.0,-1612.0,3892.0,3389.0,468.0,5677.0
10146.0,-337.0,-1726.0,-1601.0,3847.0,3318.0,467.0,5606.0
9920.0,-328.0,-1780.0,-1585.0,3801.0,3239.0,467.0,5536.0
9667.0,-325.0,-1832.0,-1582.0,3787.0,3142.0,467.0,5467.0
9374.0,-327.0,-1891.0,-1598.0,3783.0,3032.0,466.0,5399.0
9089.0,-338.0,-1940.0,-1612.0,3749.0,2923.0,466.0,5332.0
8817.0,-351.0,-1964.0,-1616.0,3695.0,2816.0,466.0,5265.0
8576.0,-361.0,-1977.0,-1613.0,3636.0,2705.0,466.0,5199.0
8375.0,-368.0,-1982.0,-1602.0,3580.0,2593.0,465.0,5134.0
8200.0,-368.0,-1982.0,-1593.0,3523.0,2498.0,465.0,5070.0
8034.0,-364.0,-1973.0,-1602.0,3467.0,2425.0,465.0,5007.0
7834.0,-355.0,-1966.0,-1616.0,3403.0,2322.0,464.0,4944.0
7592.0,-348.0,-1971.0,-1644.0,3328.0,2170.0,464.0,4883.0
7288.0,-346.0,-2008.0,-1696.0,3235.0,2016.0,464.0,4822.0
6955.0,-347.0,-2059.0,-1752.0,3133.0,1891.0,463.0,4761.0
6666.0,-355.0,-2102.0,-1786.0,3046.0,1776.0,463.0,4702.0
6410.0,-365.0,-2137.0,-1813.0,2971.0,1676.0,463.0,4643.0
6182.0,-376.0,-2168.0,-1843.0,2906.0,1591.0,463.0,4585.0
5974.0,-383.0,-2194.0,-1869.0,2846.0,1519.0,462.0,4528.0
5750.0,-385.0,-2230.0,-1903.0,2786.0,1444.0,462.0,4471.0
5502.0,-382.0,-2276.0,-1943.0,2729.0,1359.0,462.0,4415.0
5254.0,-375.0,-2324.0,-1982.0,2664.0,1272.0,461.0,4360.0
5012.0,-365.0,-2372.0,-2023.0,2606.0,1185.0,461.0,4306.0
4781.0,-360.0,-2417.0,-2057.0,2556.0,1102.0,461.0,4252.0
4534.0,-359.0,-2466.0,-2092.0,2499.0,1013.0,461.0,4199.0
4256.0,-366.0,-2525.0,-2137.0,2423.0,921.0,460.0,4147.0
3997.0,-376.0,-2578.0,-2176.0,2362.0,840.0,460.0,4095.0
3776.0,-386.0,-2618.0,-2207.0,2334.0,770.0,460.0,4044.0
3553.0,-395.0,-2662.0,-2246.0,2288.0,701.0,459.0,3993.0
3345.0,-397.0,-2709.0,-2285.0,2224.0,633.0,459.0,3943.0
3179.0,-395.0,-2747.0,-2314.0,2153.0,582.0,459.0,3894.0
3029.0,-388.0,-2779.0,-2341.0,2082.0,542.0,459.0,3845.0
2829.0,-382.0,-2828.0,-2387.0,2002.0,485.0,458.0,3797.0
2622.0,-379.0,-2881.0,-2437.0,1928.0,431.0,458.0,3750.0
2388.0,-383.0,-2944.0,-2496.0,1849.0,370.0,458.0,3703.0
2140.0,-390.0,-3011.0,-2559.0,1767.0,294.0,457.0,3657.0
1916.0,-397.0,-3069.0,-2613.0,1692.0,224.0,457.0,3611.0
1817.0,-405.0,-3117.0,-2660.0,1625.0,163.0,457.0,3566.0
1672.0,-413.0,-3158.0,-2700.0,1564.0,108.0,457.0,3521.0
1543.0,-414.0,-3196.0,-2735.0,1506.0,59.0,456.0,3478.0
1392.0,-411.0,-3243.0,-2781.0,1440.0,4.0,456.0,3434.0
1182.0,-404.0,-3312.0,-2850.0,1356.0,-74.0,456.0,3391.0
896.0,-394.0,-3408.0,-2947.0,1249.0,-183.0,455.0,3349.0
589.0,-390.0,-3511.0,-3052.0,1133.0,-301.0,455.0,3307.0
291.0,-390.0,-3607.0,-3152.0,1022.0,-411.0,455.0,3266.0
46.0,-396.0,-3683.0,-3231.0,930.0,-490.0,455.0,3225.0
-149.0,-406.0,-3741.0,-3291.0,855.0,-550.0,454.0,3185.0
-319.0,-416.0,-3786.0,-3342.0,789.0,-599.0,454.0,3145.0
-480.0,-421.0,-3827.0,-3389.0,728.0,-647.0,454.0,3106.0
-628.0,-421.0,-3864.0,-3436.0,665.0,-695.0,453.0,3067.0
-765.0,-416.0,-3893.0,-3482.0,603.0,-741.0,453.0,3028.0
-885.0,-410.0,-3916.0,-3521.0,548.0,-781.0,453.0,2991.0
-1331.0,-423.0,-3877.0,-3623.0,348.0,-913.0,451.0,2773.0
-1411.0,-429.0,-3876.0,-3641.0,312.0,-944.0,451.0,2739.0
-1486.0,-428.0,-3877.0,-3661.0,275.0,-978.0,451.0,2705.0
-1569.0,-422.0,-3887.0,-3688.0,231.0,-1018.0,450.0,2671.0
-1647.0,-413.0,-3899.0,-3713.0,188.0,-1053.0,450.0,2637.0
-1722.0,-404.0,-3909.0,-3736.0,147.0,-1086.0,450.0,2604.0
-1785.0,-400.0,-3916.0,-3755.0,112.0,-1117.0,449.0,2572.0
-1846.0,-401.0,-3921.0,-3772.0,79.0,-1144.0,449.0,2540.0
-1914.0,-405.0,-3929.0,-3791.0,44.0,-1174.0,449.0,2508.0
-1979.0,-414.0,-3937.0,-3809.0,14.0,-1205.0,449.0,2477.0
-2043.0,-421.0,-3944.0,-3825.0,-12.0,-1234.0,448.0,2446.0
-2108.0,-426.0,-3952.0,-3841.0,-38.0,-1262.0,448.0,2415.0
-2167.0,-428.0,-3962.0,-3858.0,-63.0,-1288.0,448.0,2385.0
-2223.0,-426.0,-3973.0,-3877.0,-87.0,-1315.0,447.0,2355.0
-2289.0,-419.0,-3988.0,-3897.0,-111.0,-1345.0,447.0,2326.0
-2343.0,-411.0,-4000.0,-3910.0,-128.0,-1373.0,447.0,2297.0
-2391.0,-405.0,-4009.0,-3918.0,-140.0,-1398.0,447.0,2268.0
-2438.0,-408.0,-4019.0,-3923.0,-147.0,-1423.0,446.0,2240.0
-2495.0,-414.0,-4031.0,-3930.0,-158.0,-1450.0,446.0,2212.0
-2549.0,-424.0,-4042.0,-3932.0,-168.0,-1477.0,446.0,2184.0
-2601.0,-433.0,-4054.0,-3935.0,-179.0,-1494.0,445.0,2157.0
-2657.0,-440.0,-4066.0,-3940.0,-193.0,-1511.0,445.0,2130.0
-2719.0,-442.0,-4086.0,-3950.0,-213.0,-1541.0,445.0,2103.0
-2787.0,-433.0,-4109.0,-3962.0,-238.0,-1573.0,445.0,2077.0
-2846.0,-426.0,-4088.0,-3972.0,-262.0,-1605.0,444.0,2550.0
-2892.0,-420.0,-4063.0,-3976.0,-286.0,-1632.0,444.0,2549.0
-2926.0,-417.0,-4033.0,-3974.0,-305.0,-1653.0,444.0,2547.0
-2956.0,-421.0,-4002.0,-3971.0,-323.0,-1675.0,443.0,2545.0
-2989.0,-426.0,-3969.0,-3966.0,-338.0,-1697.0,443.0,2544.0
-3029.0,-435.0,-3939.0,-3966.0,-355.0,-1719.0,443.0,2542.0
-3070.0,-447.0,-3915.0,-3966.0,-373.0,-1743.0,443.0,2541.0
-3108.0,-458.0,-3893.0,-3968.0,-393.0,-1768.0,442.0,2539.0
-3156.0,-461.0,-3875.0,-3978.0,-417.0,-1800.0,442.0,2537.0
-3199.0,-456.0,-3856.0,-3988.0,-439.0,-1832.0,442.0,2536.0
-3243.0,-452.0,-3841.0,-4004.0,-466.0,-1867.0,442.0,2534.0
-3291.0,-446.0,-3828.0,-4024.0,-496.0,-1904.0,441.0,2533.0
-3352.0,-439.0,-3813.0,-4046.0,-531.0,-1936.0,441.0,2531.0
-3405.0,-442.0,-3792.0,-4064.0,-557.0,-1958.0,441.0,2529.0
-3440.0,-450.0,-3761.0,-4075.0,-577.0,-1970.0,440.0,2528.0
-3464.0,-458.0,-3721.0,-4079.0,-590.0,-1971.0,440.0,2526.0
-3492.0,-470.0,-3682.0,-4083.0,-604.0,-1967.0,440.0,2525.0
-3520.0,-479.0,-3643.0,-4088.0,-620.0,-1965.0,440.0,2523.0
-3550.0,-476.0,-3605.0,-4096.0,-634.0,-1970.0,439.0,2522.0
-3582.0,-468.0,-3570.0,-4109.0,-650.0,-1982.0,439.0,2520.0
-3617.0,-456.0,-3539.0,-4066.0,-669.0,-1992.0,439.0,2518.0
-3652.0,-443.0,-3513.0,-4034.0,-690.0,-2007.0,438.0,2517.0
-3683.0,-437.0,-3483.0,-3995.0,-709.0,-2024.0,438.0,2515.0
-3729.0,-437.0,-3456.0,-3954.0,-731.0,-2042.0,438.0,2514.0
-3780.0,-441.0,-3428.0,-3910.0,-751.0,-2056.0,438.0,2512.0
-3822.0,-450.0,-3401.0,-3866.0,-769.0,-2069.0,437.0,2510.0
-3862.0,-462.0,-3373.0,-3822.0,-787.0,-2084.0,437.0,2509.0
-3894.0,-467.0,-3342.0,-3778.0,-804.0,-2099.0,437.0,2507.0
-3917.0,-465.0,-3310.0,-3734.0,-820.0,-2112.0,437.0,2506.0
-3940.0,-457.0,-3279.0,-3692.0,-833.0,-2122.0,436.0,2504.0
-3954.0,-449.0,-3246.0,-3648.0,-846.0,-2132.0,436.0,2503.0
-3956.0,-441.0,-3212.0,-3604.0,-856.0,-2140.0,436.0,2501.0
-3957.0,-435.0,-3175.0,-3557.0,-864.0,-2145.0,435.0,2499.0
-3965.0,-435.0,-3140.0,-3515.0,-875.0,-2153.0,435.0,2498.0
-3989.0,-442.0,-3110.0,-3478.0,-890.0,-2166.0,435.0,2496.0
-4029.0,-451.0,-3084.0,-3447.0,-906.0,-2183.0,435.0,2495.0
-4080.0,-459.0,-3063.0,-3420.0,-924.0,-2201.0,434.0,2493.0
-4145.0,-466.0,-3051.0,-3401.0,-949.0,-2226.0,434.0,2492.0
-4192.0,-467.0,-3038.0,-3384.0,-975.0,-2252.0,434.0,2490.0
-4192.0,-461.0,-3024.0,-3364.0,-998.0,-2273.0,434.0,2488.0
-4184.0,-450.0,-3008.0,-3342.0,-1018.0,-2293.0,433.0,2487.0
-4170.0,-441.0,-2989.0,-3317.0,-1037.0,-2312.0,433.0,2485.0
-4149.0,-437.0,-2967.0,-3290.0,-1055.0,-2328.0,433.0,2484.0
-4142.0,-438.0,-2948.0,-3266.0,-1080.0,-2348.0,432.0,2482.0
-4160.0,-445.0,-2934.0,-3247.0,-1108.0,-2372.0,432.0,2481.0
-4190.0,-455.0,-2924.0,-3233.0,-1137.0,-2398.0,432.0,2479.0
-4215.0,-468.0,-2916.0,-3218.0,-1168.0,-2424.0,432.0,2478.0
-4225.0,-474.0,-2901.0,-3198.0,-1195.0,-2446.0,431.0,2476.0
-4205.0,-474.0,-2877.0,-3172.0,-1209.0,-2461.0,431.0,2474.0
-4168.0,-472.0,-2855.0,-3145.0,-1220.0,-2472.0,431.0,2473.0
-4115.0,-465.0,-2827.0,-3112.0,-1226.0,-2474.0,431.0,2471.0
-4061.0,-452.0,-2797.0,-3076.0,-1231.0,-2475.0,430.0,2470.0
-3997.0,-445.0,-2764.0,-3038.0,-1231.0,-2475.0,430.0,2468.0
-3942.0,-449.0,-2730.0,-3003.0,-1235.0,-2475.0,430.0,2467.0
-3907.0,-458.0,-2699.0,-2972.0,-1246.0,-2481.0,429.0,2465.0
-3872.0,-465.0,-2666.0,-2937.0,-1254.0,-2484.0,429.0,2464.0
-3817.0,-474.0,-2626.0,-2897.0,-1252.0,-2480.0,429.0,2462.0
-3738.0,-476.0,-2579.0,-2846.0,-1246.0,-2468.0,429.0,2460.0
-3631.0,-463.0,-2518.0,-2782.0,-1227.0,-2441.0,428.0,2459.0
-3486.0,-445.0,-2442.0,-2701.0,-1191.0,-2395.0,428.0,2457.0
-3366.0,-422.0,-2369.0,-2628.0,-1157.0,-2355.0,428.0,2456.0
-3265.0,-401.0,-2301.0,-2561.0,-1124.0,-2319.0,428.0,2454.0
-3182.0,-392.0,-2243.0,-2504.0,-1103.0,-2284.0,427.0,2453.0
-3094.0,-397.0,-2191.0,-2452.0,-1084.0,-2247.0,427.0,2451.0
-2994.0,-415.0,-2139.0,-2398.0,-1066.0,-2216.0,427.0,2450.0
-2899.0,-436.0,-2086.0,-2342.0,-1048.0,-2188.0,427.0,2448.0
-2789.0,-464.0,-2054.0,-2279.0,-1026.0,-2153.0,426.0,2447.0
-2636.0,-487.0,-2010.0,-2205.0,-992.0,-2106.0,426.0,2445.0
-2456.0,-509.0,-1967.0,-2131.0,-953.0,-2059.0,426.0,2443.0
-2247.0,-532.0,-1919.0,-2050.0,-903.0,-2007.0,425.0,2442.0
-2070.0,-552.0,-1884.0,-2012.0,-859.0,-1962.0,425.0,2440.0
-1991.0,-568.0,-1886.0,-2006.0,-854.0,-1956.0,425.0,2439.0
-2031.0,-590.0,-1918.0,-2034.0,-880.0,-1984.0,425.0,2437.0
-2175.0,-612.0,-1977.0,-2099.0,-942.0,-2054.0,424.0,2436.0
-2405.0,-621.0,-2060.0,-2193.0,-1028.0,-2148.0,424.0,2434.0
-2556.0,-623.0,-2120.0,-2265.0,-1084.0,-2209.0,424.0,2433.0
-2630.0,-608.0,-2153.0,-2315.0,-1107.0,-2234.0,424.0,2431.0
-2120.0,-576.0,-1983.0,-2166.0,-931.0,-2059.0,423.0,2430.0
1075.0,-528.0,-907.0,-1105.0,150.0,-981.0,423.0,2428.0
4247.0,-476.0,172.0,-47.0,1221.0,89.0,423.0,2427.0
3917.0,-447.0,103.0,-141.0,1135.0,5.0,423.0,2425.0
1228.0,-424.0,-796.0,-1055.0,219.0,-909.0,422.0,2424.0
-984.0,-418.0,-1572.0,-1829.0,-565.0,-1699.0,422.0,2422.0
-2012.0,-425.0,-1933.0,-2176.0,-922.0,-2060.0,422.0,2421.0
-1451.0,-438.0,-1748.0,-1978.0,-732.0,-1873.0,421.0,2419.0
375.0,-444.0,-1119.0,-1345.0,-106.0,-1248.0,421.0,2418.0
5111.0,-440.0,492.0,272.0,1506.0,364.0,421.0,2416.0
12435.0,-431.0,3046.0,2831.0,4057.0,2917.0,421.0,2414.0
22590.0,-408.0,6559.0,6349.0,7566.0,6427.0,420.0,2413.0
-28734.0,-381.0,11315.0,11126.0,12328.0,11201.0,420.0,2411.0
-10726.0,-350.0,17386.0,17211.0,18387.0,17274.0,420.0,2410.0
0.0,-317.0,23542.0,23378.0,24527.0,23430.0,420.0,2408.0
0.0,-295.0,28143.0,27964.0,29086.0,28002.0,419.0,2407.0
0.0,-286.0,30505.0,30296.0,31383.0,30311.0,419.0,2405.0
0.0,-294.0,32313.0,32094.0,-32392.0,32084.0,419.0,2404.0
-116.0,-310.0,-30041.0,-30263.0,-29241.0,-30288.0,419.0,2402.0
-933.0,-328.0,-25222.0,-25455.0,-24454.0,-25486.0,418.0,2401.0
-1740.0,-338.0,-18535.0,-18770.0,-17796.0,-18811.0,418.0,2399.0
-2537.0,-342.0,-10299.0,-10530.0,-9586.0,-10585.0,418.0,2398.0
-3324.0,-337.0,-1248.0,-1478.0,-563.0,-1545.0,417.0,2396.0
-4101.0,-329.0,0.0,0.0,0.0,0.0,417.0,2395.0
-4868.0,-323.0,0.0,0.0,0.0,0.0,417.0,2393.0
-5625.0,-318.0,0.0,0.0,0.0,0.0,417.0,2392.0
-6374.0,-312.0,0.0,0.0,0.0,0.0,416.0,2390.0
-7112.0,-296.0,0.0,0.0,0.0,0.0,416.0,2389.0
-7842.0,-286.0,0.0,0.0,0.0,0.0,416.0,2387.0
-8562.0,-286.0,0.0,0.0,0.0,0.0,416.0,2386.0
-9274.0,-286.0,0.0,0.0,0.0,0.0,415.0,2384.0
-9977.0,-277.0,0.0,0.0,0.0,0.0,415.0,2383.0
-10670.0,-262.0,-579.0,0.0,0.0,0.0,415.0,2381.0
-11356.0,-246.0,-1390.0,-316.0,0.0,0.0,415.0,2380.0
-12032.0,-228.0,-2191.0,-1130.0,0.0,0.0,414.0,2378.0
-12700.0,-218.0,-2982.0,-1934.0,0.0,-304.0,414.0,2377.0
-13360.0,-213.0,-3763.0,-2729.0,-614.0,-1119.0,414.0,2375.0
-14012.0,-213.0,-4535.0,-3513.0,-1425.0,-1923.0,414.0,2374.0
-14655.0,-224.0,-5297.0,-4288.0,-2225.0,-2718.0,413.0,2372.0
-15291.0,-239.0,-6049.0,-5053.0,-3016.0,-3502.0,413.0,2371.0
-15918.0,-254.0,-6792.0,-5808.0,-3797.0,-4277.0,413.0,2369.0
-16538.0,-259.0,-7525.0,-6554.0,-4568.0,-5042.0,413.0,2368.0
-17150.0,-260.0,-8250.0,-7290.0,-5329.0,-5797.0,412.0,2366.0
-17754.0,-258.0,-8965.0,-8018.0,-6081.0,-6543.0,412.0,2365.0
-18351.0,-256.0,-9672.0,-8736.0,-6824.0,-7280.0,412.0,2363.0
-18940.0,-258.0,-10369.0,-9445.0,-7557.0,-8007.0,411.0,2362.0
-19522.0,-266.0,-11058.0,-10146.0,-8281.0,-8726.0,411.0,2360.0
-20096.0,-279.0,-11739.0,-10838.0,-8996.0,-9435.0,411.0,2359.0
-20664.0,-299.0,-12410.0,-11521.0,-9702.0,-10136.0,411.0,2357.0
-21224.0,-320.0,-13074.0,-12195.0,-10399.0,-10828.0,410.0,2356.0
-21778.0,-336.0,-13729.0,-12861.0,-11088.0,-11511.0,410.0,2355.0
-22324.0,-345.0,-14376.0,-13519.0,-11768.0,-12186.0,410.0,2353.0
-22864.0,-351.0,-15015.0,-14169.0,-12439.0,-12852.0,410.0,2352.0
-23397.0,-350.0,-15646.0,-14810.0,-13102.0,-13510.0,409.0,2350.0
-23923.0,-346.0,-16269.0,-15444.0,-13757.0,-14160.0,409.0,2349.0
-24443.0,-347.0,-16884.0,-16069.0,-14404.0,-14801.0,409.0,2347.0
-24956.0,-354.0,-17492.0,-16687.0,-15042.0,-15435.0,409.0,2346.0
-25463.0,-366.0,-18092.0,-17297.0,-15673.0,-16060.0,408.0,2344.0
-25963.0,-379.0,-18684.0,-17900.0,-16296.0,-16678.0,408.0,2343.0
-26457.0,-391.0,-19269.0,-18494.0,-16910.0,-17288.0,408.0,2341.0
-26945.0,-404.0,-19847.0,-19082.0,-17518.0,-17891.0,408.0,2340.0
-27427.0,-411.0,-20418.0,-19662.0,-18117.0,-18486.0,407.0,2338.0
-27903.0,-409.0,-20981.0,-20235.0,-18710.0,-19074.0,407.0,2337.0
-28373.0,-404.0,-21538.0,-20801.0,-19294.0,-19654.0,407.0,2335.0
-28837.0,-398.0,-22087.0,-21359.0,-19872.0,-20227.0,407.0,2334.0
-29295.0,-396.0,-22630.0,-21911.0,-20442.0,-20793.0,406.0,2332.0
-29748.0,-399.0,-23165.0,-22456.0,-21005.0,-21351.0,406.0,2331.0
-30195.0,-409.0,-23695.0,-22994.0,-21561.0,-21903.0,406.0,2329.0
-30636.0,-423.0,-24217.0,-23525.0,-22111.0,-22448.0,406.0,2328.0
-31072.0,-438.0,10216.0,9644.0,9306.0,8746.0,405.0,2327.0
12507.0,-469.0,-20589.0,-21235.0,-21561.0,-22112.0,405.0,2325.0
-17748.0,-506.0,-31538.0,-32220.0,-32531.0,32441.0,405.0,2324.0
-27953.0,-536.0,30858.0,30206.0,29917.0,29347.0,405.0,2322.0
-31463.0,-551.0,29973.0,29351.0,29080.0,28515.0,404.0,2321.0
32673.0,-557.0,29800.0,29204.0,28941.0,28388.0,404.0,2319.0
32103.0,-558.0,29911.0,29337.0,29081.0,28535.0,404.0,2318.0
32026.0,-565.0,30182.0,29633.0,29380.0,28843.0,404.0,2316.0
32210.0,-577.0,30541.0,30012.0,29758.0,29240.0,403.0,2315.0
32506.0,-591.0,30935.0,30419.0,30178.0,29675.0,403.0,2313.0
-32454.0,-602.0,31422.0,30916.0,30688.0,30192.0,403.0,2312.0
-31651.0,-608.0,31982.0,31484.0,31267.0,30773.0,403.0,2311.0
-30912.0,-608.0,32515.0,32021.0,31821.0,31324.0,402.0,2309.0
-30217.0,-599.0,-32505.0,32535.0,32359.0,31851.0,402.0,2308.0
-29514.0,-587.0,-31992.0,-32488.0,-32655.0,32373.0,402.0,2306.0
-28877.0,-581.0,-31508.0,-32005.0,-32176.0,-32668.0,401.0,2305.0
-28349.0,-576.0,-31064.0,-31564.0,-31737.0,-32213.0,401.0,2303.0
-27879.0,-575.0,-30639.0,-31140.0,-31314.0,-31774.0,401.0,2302.0
-27366.0,-578.0,-30201.0,-30696.0,-30872.0,-31322.0,401.0,2300.0
-26836.0,-581.0,-29759.0,-30252.0,-30416.0,-30865.0,400.0,2299.0
-26370.0,-589.0,-29344.0,-29837.0,-29987.0,-30434.0,400.0,2297.0
-26002.0,-596.0,-28968.0,-29454.0,-29597.0,-30038.0,400.0,2296.0
-25666.0,-600.0,-28608.0,-29082.0,-29214.0,-29659.0,400.0,2295.0
-25366.0,-597.0,-28264.0,-28725.0,-28843.0,-29292.0,399.0,2293.0
-25082.0,-592.0,-27929.0,-28382.0,-28495.0,-28930.0,399.0,2292.0
-24793.0,-581.0,-27593.0,-28039.0,-28144.0,-28569.0,399.0,2290.0
-24516.0,-573.0,-27264.0,-27703.0,-27797.0,-28215.0,399.0,2289.0
-24263.0,-576.0,-26947.0,-27381.0,-27467.0,-27872.0,398.0,2287.0
-24022.0,-587.0,-26637.0,-27069.0,-27142.0,-27540.0,398.0,2286.0
-23817.0,-595.0,-26335.0,-26766.0,-26821.0,-27223.0,398.0,2285.0
-23653.0,-600.0,-26046.0,-26479.0,-26511.0,-26917.0,398.0,2283.0
-23502.0,-603.0,-25766.0,-26201.0,-26215.0,-26616.0,397.0,2282.0
-23368.0,-598.0,-25497.0,-25928.0,-25932.0,-26327.0,397.0,2280.0
-23216.0,-590.0,-25227.0,-25647.0,-25663.0,-26032.0,397.0,2279.0
-23025.0,-580.0,-24948.0,-25357.0,-25394.0,-25731.0,397.0,2277.0
-22807.0,-575.0,-24663.0,-25068.0,-25113.0,-25429.0,396.0,2276.0
-22599.0,-573.0,-24382.0,-24780.0,-24831.0,-25135.0,396.0,2275.0
-22416.0,-574.0,-24109.0,-24496.0,-24554.0,-24850.0,396.0,2273.0
-22237.0,-577.0,-23838.0,-24207.0,-24277.0,-24566.0,396.0,2272.0
-22071.0,-584.0,-23575.0,-23926.0,-24009.0,-24288.0,395.0,2270.0
-21936.0,-596.0,-23325.0,-23665.0,-23758.0,-24034.0,395.0,2269.0
-21832.0,-601.0,-23086.0,-23420.0,-23520.0,-23801.0,395.0,2267.0
-21741.0,-598.0,-22854.0,-23185.0,-23286.0,-23570.0,395.0,2266.0
-21585.0,-593.0,-22606.0,-22935.0,-23031.0,-23325.0,394.0,2265.0
-21374.0,-584.0,-22342.0,-22667.0,-22752.0,-23062.0,394.0,2263.0
-21155.0,-573.0,-22078.0,-22400.0,-22478.0,-22797.0,394.0,2262.0
-20923.0,-567.0,-21813.0,-22130.0,-22203.0,-22514.0,394.0,2260.0
-20664.0,-565.0,-21539.0,-21847.0,-21929.0,-22223.0,393.0,2259.0
-20393.0,-566.0,-21261.0,-21556.0,-21652.0,-21924.0,393.0,2257.0
-20149.0,-572.0,-20996.0,-21278.0,-21391.0,-21641.0,393.0,2256.0
-19921.0,-583.0,-20740.0,-21013.0,-21140.0,-21369.0,393.0,2255.0
-19684.0,-592.0,-20484.0,-20750.0,-20886.0,-21100.0,392.0,2253.0
-19449.0,-590.0,-20231.0,-20491.0,-20630.0,-20842.0,392.0,2252.0
-19228.0,-581.0,-19987.0,-20246.0,-20387.0,-20582.0,392.0,2250.0
-19015.0,-575.0,-19752.0,-20014.0,-20152.0,-20309.0,392.0,2249.0
-18847.0,-574.0,-19535.0,-19796.0,-19933.0,-20053.0,392.0,2247.0
-18750.0,-577.0,-19342.0,-19602.0,-19738.0,-19838.0,391.0,2246.0
-18582.0,-577.0,-19124.0,-19382.0,-19516.0,-19599.0,391.0,2245.0
-18446.0,-580.0,-18916.0,-19168.0,-19302.0,-19377.0,391.0,2243.0
-18297.0,-588.0,-18705.0,-18946.0,-19054.0,-19148.0,391.0,2242.0
-18077.0,-602.0,-18473.0,-18704.0,-18783.0,-18895.0,390.0,2240.0
-17869.0,-608.0,-18246.0,-18469.0,-18547.0,-18655.0,390.0,2239.0
-17762.0,-607.0,-18057.0,-18272.0,-18340.0,-18464.0,390.0,-3236.0
-17616.0,-606.0,-17861.0,-18066.0,-18156.0,-18274.0,390.0,-9617.0
-17459.0,-594.0,-17663.0,-17860.0,-17984.0,-18091.0,389.0,-15508.0
-17294.0,-581.0,-17462.0,-17657.0,-17790.0,-17914.0,389.0,-20195.0
-17124.0,-573.0,-17260.0,-17453.0,-17588.0,-17731.0,389.0,-24275.0
-16972.0,-574.0,-17064.0,-17253.0,-17393.0,-17535.0,389.0,-27908.0
-16873.0,-580.0,-16885.0,-17072.0,-17205.0,-17340.0,388.0,-31186.0
-16746.0,-584.0,-16695.0,-16880.0,-16986.0,-17144.0,388.0,31455.0
-16595.0,-590.0,-16499.0,-16673.0,-16778.0,-16953.0,388.0,28515.0
-16431.0,-593.0,-16303.0,-16465.0,-16580.0,-16760.0,388.0,24989.0
-16320.0,-591.0,-16130.0,-16277.0,-16394.0,-16595.0,387.0,21824.0
-16235.0,-586.0,-15972.0,-16099.0,-16214.0,-16434.0,387.0,19447.0
-16091.0,-579.0,-15796.0,-15903.0,-16009.0,-16251.0,387.0,17664.0
-15868.0,-571.0,-15595.0,-15686.0,-15798.0,-16046.0,387.0,16211.0
-15594.0,-566.0,-15378.0,-15458.0,-15577.0,-15828.0,386.0,15077.0
-15305.0,-564.0,-15156.0,-15229.0,-15350.0,-15604.0,386.0,14311.0
-15077.0,-570.0,-14954.0,-15030.0,-15153.0,-15405.0,386.0,13808.0
-14898.0,-583.0,-14772.0,-14845.0,-14985.0,-15225.0,386.0,13458.0
-12179.0,-566.0,-12065.0,-12159.0,-12319.0,-12447.0,382.0,15853.0
-12042.0,-558.0,-11919.0,-12017.0,-12161.0,-12296.0,382.0,16205.0
-11912.0,-555.0,-11775.0,-11870.0,-12009.0,-12132.0,381.0,16567.0
-11772.0,-559.0,-11627.0,-11723.0,-11856.0,-11959.0,381.0,16929.0
-11642.0,-567.0,-11485.0,-11578.0,-11695.0,-11788.0,381.0,17279.0
-11506.0,-582.0,-11340.0,-11429.0,-11532.0,-11632.0,381.0,17625.0
-11341.0,-591.0,-11186.0,-11276.0,-11367.0,-11494.0,380.0,17977.0
-11166.0,-592.0,-11034.0,-11120.0,-11213.0,-11352.0,380.0,18322.0
-10993.0,-588.0,-10887.0,-10957.0,-11056.0,-11207.0,380.0,18673.0
-10885.0,-576.0,-10769.0,-10827.0,-10898.0,-11089.0,380.0,19021.0
-10754.0,-565.0,-10646.0,-10705.0,-10761.0,-10949.0,379.0,19382.0
-10570.0,-557.0,-10504.0,-10559.0,-10622.0,-10798.0,379.0,19762.0
-10315.0,-553.0,-10334.0,-10389.0,-10454.0,-10610.0,379.0,20167.0
-10079.0,-555.0,-10172.0,-10225.0,-10292.0,-10410.0,379.0,20567.0
-9983.0,-564.0,-10060.0,-10107.0,-10182.0,-10275.0,378.0,20927.0
-9971.0,-574.0,-9980.0,-10012.0,-10092.0,-10163.0,378.0,21262.0
-9967.0,-581.0,-9901.0,-9931.0,-10002.0,-10054.0,378.0,21590.0
-9938.0,-584.0,-9817.0,-9850.0,-9908.0,-9963.0,378.0,21919.0
-9835.0,-583.0,-9713.0,-9746.0,-9784.0,-9868.0,377.0,22270.0
-9684.0,-576.0,-9596.0,-9624.0,-9649.0,-9753.0,377.0,22647.0
-9533.0,-569.0,-9481.0,-9504.0,-9519.0,-9636.0,377.0,22977.0
-9379.0,-563.0,-9361.0,-9376.0,-9376.0,-9522.0,377.0,23091.0
-9238.0,-566.0,-9246.0,-9251.0,-9237.0,-9401.0,377.0,23432.0
-9106.0,-576.0,-9132.0,-9129.0,-9122.0,-9247.0,376.0,23983.0
-8954.0,-586.0,-9006.0,-8999.0,-9028.0,-9078.0,376.0,24549.0
-8819.0,-595.0,-8889.0,-8872.0,-8939.0,-8941.0,376.0,25064.0
-8698.0,-605.0,-8781.0,-8749.0,-8845.0,-8850.0,376.0,25526.0
-8627.0,-606.0,-8689.0,-8644.0,-8760.0,-8770.0,375.0,25943.0
-8580.0,-603.0,-8602.0,-8548.0,-8655.0,-8686.0,375.0,26331.0
-8420.0,-598.0,-8478.0,-8421.0,-8521.0,-8554.0,375.0,26711.0
-8243.0,-593.0,-8350.0,-8291.0,-8361.0,-8392.0,375.0,27063.0
-8089.0,-592.0,-8233.0,-8174.0,-8216.0,-8223.0,374.0,27393.0
-7962.0,-596.0,-8122.0,-8070.0,-8115.0,-8074.0,374.0,27719.0
-7899.0,-602.0,-8032.0,-7996.0,-8014.0,-7959.0,374.0,28025.0
-7921.0,-609.0,-7969.0,-7945.0,-7901.0,-7897.0,374.0,28307.0
-7928.0,-624.0,-7902.0,-7880.0,-7810.0,-7828.0,373.0,28622.0
-7920.0,-639.0,-7833.0,-7799.0,-7738.0,-7757.0,373.0,28988.0
-7962.0,-636.0,-7781.0,-7743.0,-7691.0,-7724.0,373.0,29359.0
-8005.0,-627.0,-7728.0,-7694.0,-7629.0,-7681.0,373.0,29721.0
-8004.0,-620.0,-7666.0,-7640.0,-7566.0,-7646.0,372.0,30061.0
-8044.0,-614.0,-7621.0,-7607.0,-7546.0,-7654.0,372.0,30361.0
-8139.0,-609.0,-7590.0,-7594.0,-7540.0,-7663.0,372.0,30639.0
-8354.0,-609.0,-7594.0,-7610.0,-7540.0,-7710.0,372.0,30872.0
-8591.0,-617.0,-7607.0,-7639.0,-7533.0,-7749.0,372.0,31099.0
-8901.0,-628.0,-7645.0,-7691.0,-7574.0,-7802.0,371.0,31305.0
-9239.0,-641.0,-7694.0,-7740.0,-7645.0,-7863.0,371.0,31496.0
-9593.0,-649.0,-7745.0,-7798.0,-7721.0,-7936.0,371.0,31675.0
-9972.0,-653.0,-7813.0,-7877.0,-7788.0,-8040.0,371.0,31831.0
-10407.0,-650.0,-7906.0,-7981.0,-7881.0,-8134.0,370.0,31960.0
-10800.0,-645.0,-7986.0,-8076.0,-7958.0,-8217.0,370.0,32105.0
-11026.0,-635.0,-8009.0,-8114.0,-7980.0,-8235.0,370.0,32307.0
-11170.0,-625.0,-8003.0,-8122.0,-7992.0,-8174.0,370.0,32545.0
-11193.0,-622.0,-7958.0,-8093.0,-7970.0,-8103.0,369.0,-32717.0
-11108.0,-622.0,-7884.0,-8029.0,-7895.0,-8011.0,369.0,-32411.0
-10936.0,-627.0,-7782.0,-7927.0,-7794.0,-7917.0,369.0,-32077.0
-10820.0,-635.0,-7692.0,-7832.0,-7698.0,-7847.0,369.0,-31762.0
-10745.0,-637.0,-7616.0,-7747.0,-7607.0,-7767.0,369.0,-31462.0
-10603.0,-632.0,-7520.0,-7644.0,-7511.0,-7681.0,368.0,-31147.0
-10490.0,-627.0,-7441.0,-7561.0,-7442.0,-7623.0,368.0,-30831.0
-10460.0,-614.0,-7388.0,-7505.0,-7393.0,-7581.0,368.0,-30537.0
-10394.0,-602.0,-7322.0,-7435.0,-7319.0,-7529.0,368.0,-30252.0
-10251.0,-597.0,-7232.0,-7341.0,-7207.0,-7441.0,367.0,-29946.0
-10114.0,-597.0,-7146.0,-7248.0,-7102.0,-7317.0,367.0,-29637.0
-10032.0,-600.0,-7081.0,-7173.0,-7023.0,-7203.0,367.0,-29336.0
-9893.0,-612.0,-6996.0,-7079.0,-6941.0,-7097.0,367.0,-29008.0
-9615.0,-626.0,-6863.0,-6939.0,-6811.0,-6969.0,366.0,-28644.0
-9325.0,-629.0,-6723.0,-6791.0,-6675.0,-6821.0,366.0,-28278.0
-9172.0,-627.0,-6637.0,-6688.0,-6571.0,-6723.0,366.0,-27959.0
-9165.0,-619.0,-6601.0,-6640.0,-6521.0,-6661.0,366.0,-27687.0
-9243.0,-611.0,-6592.0,-6631.0,-6513.0,-6643.0,366.0,-27449.0
-9367.0,-599.0,-6595.0,-6634.0,-6493.0,-6652.0,365.0,-27230.0
-9426.0,-591.0,-6578.0,-6617.0,-6464.0,-6659.0,365.0,-26993.0
-9409.0,-587.0,-6536.0,-6571.0,-6421.0,-6633.0,365.0,-26733.0
-9412.0,-587.0,-6500.0,-6522.0,-6382.0,-6591.0,365.0,-26477.0
-9550.0,-591.0,-6509.0,-6516.0,-6392.0,-6583.0,364.0,-26261.0
-9706.0,-605.0,-6527.0,-6524.0,-6405.0,-6580.0,364.0,-26060.0
-9806.0,-615.0,-6531.0,-6518.0,-6410.0,-6547.0,364.0,-25852.0
-9923.0,-613.0,-6541.0,-6516.0,-6414.0,-6511.0,364.0,-25649.0
-9932.0,-604.0,-6513.0,-6480.0,-6363.0,-6445.0,363.0,-25414.0
-9770.0,-600.0,-6435.0,-6389.0,-6265.0,-6337.0,363.0,-25132.0
-9745.0,-595.0,-6404.0,-6341.0,-6225.0,-6285.0,363.0,-24891.0
-10028.0,-590.0,-6469.0,-6394.0,-6293.0,-6363.0,363.0,-24743.0
-10284.0,-593.0,-6529.0,-6444.0,-6366.0,-6414.0,363.0,-24593.0
-10152.0,-601.0,-6457.0,-6369.0,-6304.0,-6313.0,362.0,-24333.0
-9972.0,-612.0,-6362.0,-6271.0,-6211.0,-6193.0,362.0,-24068.0
-10008.0,-627.0,-6343.0,-6241.0,-6184.0,-6154.0,362.0,-23870.0
-10063.0,-632.0,-6331.0,-6213.0,-6163.0,-6123.0,362.0,-23673.0
-10131.0,-627.0,-6321.0,-6193.0,-6144.0,-6106.0,361.0,-23478.0
-10267.0,-621.0,-6341.0,-6209.0,-6148.0,-6114.0,361.0,-23307.0
-10410.0,-607.0,-6362.0,-6225.0,-6145.0,-6108.0,361.0,-23142.0
-10394.0,-592.0,-6332.0,-6194.0,-6083.0,-6055.0,361.0,-22930.0
-10172.0,-583.0,-6237.0,-6101.0,-5966.0,-5921.0,360.0,-22654.0
-9821.0,-586.0,-6100.0,-5962.0,-5809.0,-5744.0,360.0,-22341.0
-9399.0,-601.0,-5939.0,-5797.0,-5638.0,-5554.0,360.0,-22005.0
-8727.0,-614.0,-5693.0,-5545.0,-5381.0,-5285.0,360.0,-21588.0
-7854.0,-623.0,-5380.0,-5225.0,-5061.0,-4957.0,360.0,-21108.0
-7067.0,-626.0,-5098.0,-4934.0,-4785.0,-4679.0,359.0,-20651.0
-6499.0,-624.0,-4892.0,-4716.0,-4579.0,-4459.0,359.0,-20264.0
-6086.0,-618.0,-4737.0,-4549.0,-4414.0,-4290.0,359.0,-19929.0
-5707.0,-610.0,-4594.0,-4398.0,-4245.0,-4144.0,359.0,-19608.0
-5294.0,-597.0,-4435.0,-4230.0,-4077.0,-3982.0,358.0,-19279.0
-4788.0,-587.0,-4245.0,-4028.0,-3891.0,-3790.0,358.0,-18923.0
-4291.0,-586.0,-4058.0,-3826.0,-3722.0,-3604.0,358.0,-18571.0
-3902.0,-588.0,-3903.0,-3663.0,-3565.0,-3465.0,358.0,-18251.0
-3496.0,-597.0,-3740.0,-3500.0,-3390.0,-3321.0,358.0,-17930.0
-3048.0,-603.0,-3558.0,-3316.0,-3195.0,-3162.0,357.0,-17593.0
-2650.0,-610.0,-3398.0,-3151.0,-3039.0,-3012.0,357.0,-17277.0
-2356.0,-613.0,-3277.0,-3030.0,-2928.0,-2893.0,357.0,-16998.0
-2129.0,-606.0,-3176.0,-2931.0,-2837.0,-2788.0,357.0,-16745.0
-1912.0,-599.0,-3078.0,-2834.0,-2753.0,-2680.0,356.0,-16502.0
-1605.0,-589.0,-2954.0,-2710.0,-2637.0,-2564.0,356.0,-16240.0
-1284.0,-576.0,-2804.0,-2560.0,-2489.0,-2432.0,356.0,-15959.0
-1019.0,-572.0,-2676.0,-2424.0,-2366.0,-2308.0,356.0,-15694.0
-857.0,-580.0,-2593.0,-2331.0,-2283.0,-2211.0,356.0,-15466.0
-847.0,-591.0,-2564.0,-2295.0,-2252.0,-2166.0,355.0,-15291.0
-878.0,-602.0,-2549.0,-2278.0,-2237.0,-2147.0,355.0,-15135.0
-957.0,-607.0,-2549.0,-2279.0,-2232.0,-2145.0,355.0,-14996.0
-1076.0,-602.0,-2562.0,-2293.0,-2238.0,-2160.0,355.0,-14866.0
-1134.0,-595.0,-2555.0,-2285.0,-2226.0,-2146.0,354.0,-14724.0
-1135.0,-589.0,-2528.0,-2257.0,-2201.0,-2116.0,354.0,-14568.0
-1093.0,-577.0,-2483.0,-2212.0,-2168.0,-2076.0,354.0,-14397.0
-1079.0,-571.0,-2448.0,-2179.0,-2138.0,-2093.0,354.0,-14236.0
-989.0,-575.0,-2395.0,-2124.0,-2056.0,-2060.0,354.0,-14051.0
-783.0,-589.0,-2310.0,-2035.0,-1978.0,-1972.0,353.0,-13836.0
-649.0,-603.0,-2241.0,-1997.0,-1909.0,-1895.0,353.0,-13642.0
-530.0,-616.0,-2173.0,-1952.0,-1845.0,-1819.0,353.0,-13448.0
-368.0,-627.0,-2092.0,-1888.0,-1789.0,-1725.0,353.0,-13239.0
-196.0,-633.0,-2043.0,-1826.0,-1753.0,-1632.0,352.0,-13031.0
13.0,-631.0,-1983.0,-1762.0,-1699.0,-1526.0,352.0,-12825.0
208.0,-625.0,-1926.0,-1705.0,-1640.0,-1419.0,352.0,-12641.0
361.0,-606.0,-1874.0,-1658.0,-1583.0,-1339.0,352.0,-12476.0
571.0,-594.0,-1800.0,-1589.0,-1489.0,-1247.0,352.0,-12296.0
905.0,-593.0,-1682.0,-1480.0,-1361.0,-1119.0,351.0,-12075.0
1134.0,-603.0,-1592.0,-1404.0,-1280.0,-1034.0,351.0,-11877.0
1236.0,-617.0,-1559.0,-1369.0,-1257.0,-999.0,351.0,-11717.0
1233.0,-627.0,-1574.0,-1371.0,-1274.0,-1014.0,351.0,-11583.0
1214.0,-631.0,-1584.0,-1379.0,-1281.0,-1022.0,350.0,-11452.0
1289.0,-629.0,-1558.0,-1355.0,-1247.0,-995.0,350.0,-11293.0
1324.0,-624.0,-1544.0,-1348.0,-1224.0,-986.0,350.0,-11153.0
1363.0,-616.0,-1532.0,-1338.0,-1202.0,-993.0,350.0,-11013.0
1488.0,-608.0,-1493.0,-1296.0,-1157.0,-992.0,350.0,-10849.0
1572.0,-602.0,-1470.0,-1269.0,-1155.0,-1005.0,349.0,-10702.0
1549.0,-602.0,-1481.0,-1273.0,-1175.0,-1040.0,349.0,-10588.0
1500.0,-606.0,-1501.0,-1283.0,-1190.0,-1058.0,349.0,-10483.0
1446.0,-612.0,-1522.0,-1296.0,-1222.0,-1077.0,349.0,-10380.0
1383.0,-630.0,-1544.0,-1316.0,-1259.0,-1088.0,348.0,-10286.0
1282.0,-642.0,-1572.0,-1346.0,-1290.0,-1090.0,348.0,-10202.0
1058.0,-640.0,-1638.0,-1415.0,-1359.0,-1132.0,348.0,-10155.0
625.0,-632.0,-1781.0,-1555.0,-1512.0,-1259.0,348.0,-10178.0
108.0,-622.0,-1965.0,-1722.0,-1699.0,-1428.0,348.0,-10235.0
-364.0,-611.0,-2135.0,-1875.0,-1872.0,-1582.0,347.0,-10283.0
-787.0,-605.0,-2285.0,-2013.0,-2030.0,-1718.0,347.0,-10345.0
-1164.0,-604.0,-2420.0,-2140.0,-2161.0,-1840.0,347.0,-10395.0
-1492.0,-603.0,-2523.0,-2251.0,-2257.0,-1941.0,347.0,-10375.0
-1726.0,-601.0,-2584.0,-2324.0,-2310.0,-1986.0,346.0,-10345.0
-1959.0,-607.0,-2653.0,-2399.0,-2385.0,-2031.0,346.0,-10234.0
-2124.0,-608.0,-2706.0,-2455.0,-2452.0,-2069.0,346.0,-10031.0
-2188.0,-602.0,-2728.0,-2477.0,-2485.0,-2091.0,346.0,-9827.0
-2175.0,-588.0,-2729.0,-2474.0,-2490.0,-2117.0,-13061.0,-9622.0
-2079.0,-570.0,-2701.0,-2440.0,-2465.0,-2129.0,-27016.0,-9400.0
-1977.0,-553.0,-2672.0,-2410.0,-2437.0,-2131.0,28151.0,-9184.0
-1865.0,-543.0,-2639.0,-2381.0,-2405.0,-2117.0,20895.0,-8949.0
-1713.0,-543.0,-2595.0,-2341.0,-2343.0,-2111.0,16102.0,-8711.0
-1529.0,-552.0,-2540.0,-2286.0,-2273.0,-2106.0,12783.0,-8490.0
-1327.0,-560.0,-2475.0,-2220.0,-2213.0,-2081.0,10411.0,-8292.0
-1160.0,-561.0,-2414.0,-2155.0,-2169.0,-2054.0,8791.0,-8119.0
-1026.0,-561.0,-2367.0,-2101.0,-2145.0,-2033.0,7760.0,-8001.0
-904.0,-557.0,-2329.0,-2054.0,-2126.0,-2017.0,7161.0,-7946.0
-802.0,-545.0,-2299.0,-2017.0,-2101.0,-2008.0,6860.0,-7900.0
-737.0,-530.0,-2282.0,-1993.0,-2082.0,-2005.0,6791.0,-7846.0
-677.0,-513.0,-2267.0,-1975.0,-2064.0,-1992.0,6875.0,-7790.0
-614.0,-504.0,-2252.0,-1956.0,-2044.0,-1970.0,7024.0,-7729.0
-560.0,-507.0,-2245.0,-1944.0,-2030.0,-1941.0,7239.0,-7662.0
-500.0,-520.0,-2235.0,-1927.0,-2013.0,-1904.0,7515.0,-7587.0
-477.0,-538.0,-2236.0,-1919.0,-2007.0,-1883.0,7857.0,-7526.0
-442.0,-554.0,-2229.0,-1898.0,-2002.0,-1846.0,8291.0,-7460.0
-457.0,-562.0,-2236.0,-1891.0,-2006.0,-1830.0,8750.0,-7406.0
-460.0,-561.0,-2241.0,-1883.0,-1997.0,-1822.0,9210.0,-7350.0
-416.0,-552.0,-2235.0,-1861.0,-1974.0,-1802.0,9569.0,-7281.0
-406.0,-540.0,-2239.0,-1850.0,-1969.0,-1785.0,9875.0,-7225.0
-390.0,-536.0,-2245.0,-1845.0,-1965.0,-1760.0,10192.0,-7172.0
-369.0,-535.0,-2247.0,-1837.0,-1952.0,-1743.0,10326.0,-7114.0
-353.0,-538.0,-2251.0,-1831.0,-1939.0,-1734.0,10409.0,-7053.0
-305.0,-548.0,-2246.0,-1815.0,-1916.0,-1714.0,10730.0,-6977.0
-274.0,-560.0,-2248.0,-1805.0,-1903.0,-1697.0,11306.0,-6907.0
-295.0,-570.0,-2259.0,-1809.0,-1905.0,-1693.0,11977.0,-6851.0
-320.0,-578.0,-2274.0,-1817.0,-1896.0,-1688.0,12704.0,-6794.0
-263.0,-581.0,-2264.0,-1800.0,-1858.0,-1659.0,13430.0,-6709.0
-171.0,-577.0,-2240.0,-1772.0,-1809.0,-1621.0,14253.0,-6607.0
-82.0,-568.0,-2219.0,-1748.0,-1765.0,-1586.0,15160.0,-6506.0
-6.0,-556.0,-2201.0,-1728.0,-1728.0,-1552.0,15988.0,-6408.0
62.0,-551.0,-2186.0,-1709.0,-1696.0,-1521.0,16775.0,-6316.0
90.0,-557.0,-2189.0,-1702.0,-1677.0,-1505.0,17543.0,-6239.0
197.0,-566.0,-2164.0,-1665.0,-1632.0,-1461.0,18236.0,-6134.0
391.0,-577.0,-2106.0,-1593.0,-1555.0,-1386.0,18817.0,-5996.0
582.0,-582.0,-2042.0,-1518.0,-1475.0,-1309.0,19296.0,-5853.0
731.0,-584.0,-1994.0,-1458.0,-1413.0,-1250.0,19764.0,-5729.0
845.0,-587.0,-1964.0,-1418.0,-1372.0,-1213.0,20323.0,-5625.0
952.0,-588.0,-1938.0,-1387.0,-1340.0,-1184.0,20937.0,-5533.0
1027.0,-583.0,-1920.0,-1369.0,-1315.0,-1166.0,21379.0,-5450.0
1030.0,-574.0,-1928.0,-1375.0,-1314.0,-1171.0,21537.0,-5391.0
975.0,-566.0,-1951.0,-1401.0,-1332.0,-1193.0,21943.0,-5344.0
983.0,-567.0,-1952.0,-1404.0,-1328.0,-1192.0,22720.0,-5273.0
1069.0,-574.0,-1923.0,-1379.0,-1293.0,-1160.0,23534.0,-5179.0
1124.0,-580.0,-1901.0,-1364.0,-1263.0,-1135.0,24262.0,-5099.0
1186.0,-588.0,-1877.0,-1346.0,-1234.0,-1106.0,24885.0,-5017.0
1173.0,-594.0,-1880.0,-1355.0,-1230.0,-1104.0,25351.0,-4963.0
1123.0,-590.0,-1893.0,-1373.0,-1234.0,-1116.0,25590.0,-4923.0
1108.0,-582.0,-1900.0,-1379.0,-1229.0,-1121.0,25599.0,-4879.0
1087.0,-566.0,-1908.0,-1388.0,-1228.0,-1129.0,25685.0,-4839.0
1067.0,-552.0,-1917.0,-1399.0,-1227.0,-1135.0,25867.0,-4803.0
1065.0,-548.0,-1922.0,-1406.0,-1226.0,-1135.0,26065.0,-4761.0
1050.0,-546.0,-1928.0,-1412.0,-1224.0,-1133.0,26309.0,-4713.0
1000.0,-540.0,-1939.0,-1426.0,-1223.0,-1137.0,26582.0,-4671.0
942.0,-546.0,-1957.0,-1444.0,-1231.0,-1150.0,26873.0,-4634.0
883.0,-555.0,-1975.0,-1461.0,-1241.0,-1167.0,27199.0,-4601.0
830.0,-559.0,-1991.0,-1476.0,-1250.0,-1185.0,27660.0,-4569.0
767.0,-555.0,-2014.0,-1497.0,-1268.0,-1209.0,28193.0,-4540.0
688.0,-543.0,-2042.0,-1520.0,-1289.0,-1233.0,28661.0,-4522.0
588.0,-524.0,-2075.0,-1550.0,-1320.0,-1261.0,29088.0,-4514.0
476.0,-506.0,-2115.0,-1587.0,-1360.0,-1295.0,29485.0,-4521.0
370.0,-499.0,-2156.0,-1621.0,-1402.0,-1332.0,29757.0,-4540.0
272.0,-496.0,-2188.0,-1648.0,-1436.0,-1363.0,30022.0,-4560.0
187.0,-500.0,-2213.0,-1666.0,-1465.0,-1387.0,30320.0,-4575.0
106.0,-503.0,-2235.0,-1680.0,-1495.0,-1408.0,30638.0,-4581.0
24.0,-506.0,-2257.0,-1695.0,-1525.0,-1430.0,30972.0,-4578.0
-60.0,-506.0,-2281.0,-1715.0,-1557.0,-1454.0,31314.0,-4581.0
-143.0,-503.0,-2308.0,-1738.0,-1590.0,-1481.0,31649.0,-4597.0
-225.0,-495.0,-2337.0,-1765.0,-1624.0,-1512.0,32000.0,-4620.0
-305.0,-485.0,-2365.0,-1791.0,-1660.0,-1542.0,32360.0,-4644.0
-381.0,-472.0,-2392.0,-1817.0,-1697.0,-1572.0,32723.0,-4669.0
-457.0,-460.0,-2416.0,-1838.0,-1730.0,-1599.0,-32453.0,-4689.0
-536.0,-457.0,-2438.0,-1855.0,-1757.0,-1623.0,-32090.0,-4695.0
-619.0,-458.0,-2456.0,-1870.0,-1779.0,-1644.0,-31712.0,-4687.0
-702.0,-459.0,-2468.0,-1885.0,-1807.0,-1662.0,-31337.0,-4668.0
-775.0,-464.0,-2481.0,-1900.0,-1836.0,-1678.0,-30971.0,-4648.0
-826.0,-466.0,-2494.0,-1912.0,-1863.0,-1691.0,-30620.0,-4596.0
-948.0,-463.0,-2537.0,-1953.0,-1923.0,-1733.0,-30287.0,-4543.0
-1114.0,-455.0,-2595.0,-2010.0,-1992.0,-1793.0,-29953.0,-4512.0
-1225.0,-444.0,-2633.0,-2047.0,-2036.0,-1833.0,-29607.0,-4463.0
-1732.0,-434.0,-2771.0,-2153.0,-2191.0,-2023.0,-27660.0,-4032.0
-1794.0,-435.0,-2784.0,-2162.0,-2211.0,-2045.0,-27323.0,-3945.0
-1857.0,-424.0,-2790.0,-2165.0,-2221.0,-2061.0,-26998.0,-3819.0
-1919.0,-403.0,-2790.0,-2162.0,-2226.0,-2080.0,-26682.0,-3729.0
-1981.0,-379.0,-2788.0,-2161.0,-2222.0,-2098.0,-26369.0,-3668.0
-2036.0,-356.0,-2786.0,-2163.0,-2214.0,-2114.0,-26049.0,-3617.0
-2090.0,-337.0,-2786.0,-2171.0,-2216.0,-2132.0,-25723.0,-3574.0
-2139.0,-330.0,-2792.0,-2188.0,-2220.0,-2148.0,-25403.0,-3529.0
-2167.0,-343.0,-2803.0,-2211.0,-2226.0,-2157.0,-25086.0,-3479.0
-2190.0,-368.0,-2814.0,-2236.0,-2232.0,-2168.0,-24781.0,-3439.0
-2220.0,-396.0,-2823.0,-2264.0,-2243.0,-2186.0,-24481.0,-3404.0
-2240.0,-430.0,-2832.0,-2292.0,-2253.0,-2201.0,-24185.0,-3370.0
-2243.0,-455.0,-2838.0,-2314.0,-2259.0,-2208.0,-23881.0,-3337.0
-2229.0,-471.0,-2844.0,-2330.0,-2262.0,-2211.0,-23589.0,-3303.0
-2194.0,-498.0,-2854.0,-2347.0,-2268.0,-2215.0,-23331.0,-3271.0
-2144.0,-533.0,-2870.0,-2365.0,-2273.0,-2217.0,-23079.0,-3237.0
-2103.0,-562.0,-2888.0,-2383.0,-2279.0,-2218.0,-22867.0,-3200.0
-2072.0,-598.0,-2909.0,-2407.0,-2292.0,-2228.0,-22707.0,-3169.0
-2054.0,-644.0,-2934.0,-2440.0,-2322.0,-2256.0,-22557.0,-3152.0
-2059.0,-679.0,-2958.0,-2481.0,-2357.0,-2292.0,-22338.0,-3141.0
-2084.0,-693.0,-2986.0,-2531.0,-2393.0,-2321.0,-21934.0,-3126.0
-2126.0,-689.0,-3016.0,-2590.0,-2431.0,-2348.0,-21271.0,-3108.0
-2185.0,-662.0,-3039.0,-2645.0,-2466.0,-2376.0,-20526.0,-3093.0
-2259.0,-612.0,-3048.0,-2688.0,-2495.0,-2401.0,-19764.0,-3082.0
-2332.0,-555.0,-3048.0,-2722.0,-2518.0,-2424.0,-18745.0,-3073.0
-2371.0,-514.0,-3049.0,-2751.0,-2538.0,-2442.0,-17551.0,-3063.0
-2400.0,-492.0,-3048.0,-2771.0,-2552.0,-2455.0,-16583.0,-3052.0
-2437.0,-482.0,-3043.0,-2776.0,-2556.0,-2464.0,-15180.0,-3039.0
-2472.0,-480.0,-3035.0,-2770.0,-2552.0,-2465.0,-13362.0,-3021.0
-2496.0,-483.0,-3026.0,-2761.0,-2543.0,-2461.0,-11324.0,-2997.0
-2520.0,-486.0,-3017.0,-2749.0,-2534.0,-2455.0,-9773.0,-2970.0
-2555.0,-479.0,-3007.0,-2731.0,-2524.0,-2449.0,-7736.0,-2941.0
-2590.0,-467.0,-2996.0,-2711.0,-2515.0,-2444.0,-5572.0,-2921.0
-2628.0,-447.0,-2983.0,-2685.0,-2504.0,-2438.0,-3786.0,-2910.0
-2667.0,-419.0,-2969.0,-2661.0,-2492.0,-2431.0,-2055.0,-2902.0
-2700.0,-394.0,-2959.0,-2646.0,-2483.0,-2425.0,-292.0,-2892.0
-2723.0,-377.0,-2952.0,-2635.0,-2475.0,-2420.0,942.0,-2882.0
-2741.0,-370.0,-2943.0,-2626.0,-2466.0,-2413.0,1127.0,-2877.0
-2754.0,-369.0,-2932.0,-2616.0,-2452.0,-2403.0,1122.0,-2862.0
-2758.0,-373.0,-2921.0,-2607.0,-2439.0,-2394.0,1247.0,-2838.0
-2753.0,-384.0,-2911.0,-2596.0,-2428.0,-2386.0,680.0,-2811.0
-2750.0,-387.0,-2898.0,-2581.0,-2416.0,-2376.0,887.0,-2779.0
-2752.0,-381.0,-2888.0,-2571.0,-2408.0,-2368.0,1497.0,-2753.0
-2756.0,-367.0,-2881.0,-2564.0,-2403.0,-2364.0,1707.0,-2734.0
-2759.0,-349.0,-2879.0,-2559.0,-2401.0,-2361.0,1720.0,-2714.0
-2759.0,-333.0,-2881.0,-2556.0,-2400.0,-2360.0,1638.0,-2696.0
-2760.0,-323.0,-2880.0,-2555.0,-2397.0,-2358.0,2832.0,-2679.0
-2764.0,-317.0,-2878.0,-2557.0,-2394.0,-2354.0,4956.0,-2659.0
-2770.0,-319.0,-2875.0,-2558.0,-2389.0,-2349.0,6330.0,-2638.0
-2781.0,-322.0,-2871.0,-2555.0,-2384.0,-2344.0,6329.0,-2605.0
-2797.0,-327.0,-2868.0,-2555.0,-2381.0,-2342.0,4394.0,-2565.0
-2820.0,-326.0,-2868.0,-2556.0,-2379.0,-2343.0,3004.0,-2522.0
-2846.0,-317.0,-2871.0,-2563.0,-2381.0,-2346.0,2168.0,-2477.0
-2870.0,-306.0,-2879.0,-2574.0,-2388.0,-2352.0,1762.0,-2442.0
-2892.0,-295.0,-2891.0,-2587.0,-2398.0,-2360.0,934.0,-2413.0
-2909.0,-287.0,-2905.0,-2603.0,-2410.0,-2371.0,-602.0,-2386.0
-2928.0,-283.0,-2916.0,-2616.0,-2418.0,-2377.0,246.0,-2352.0
-2947.0,-284.0,-2921.0,-2625.0,-2423.0,-2381.0,3107.0,-2305.0
-2970.0,-289.0,-2927.0,-2633.0,-2428.0,-2386.0,6967.0,-2253.0
-2997.0,-293.0,-2931.0,-2640.0,-2432.0,-2389.0,10915.0,-2210.0
-3020.0,-303.0,-2935.0,-2649.0,-2436.0,-2393.0,14159.0,-2177.0
-3045.0,-309.0,-2938.0,-2656.0,-2440.0,-2399.0,15204.0,-2151.0
-3071.0,-304.0,-2941.0,-2663.0,-2445.0,-2405.0,15519.0,-2127.0
-3094.0,-298.0,-2948.0,-2672.0,-2453.0,-2412.0,15072.0,-2109.0
-3126.0,-288.0,-2957.0,-2685.0,-2464.0,-2424.0,12737.0,-2097.0
-3170.0,-275.0,-2969.0,-2699.0,-2478.0,-2438.0,9822.0,-2083.0
-3211.0,-267.0,-2979.0,-2711.0,-2491.0,-2451.0,9155.0,-2101.0
-3260.0,-264.0,-2988.0,-2722.0,-2503.0,-2463.0,10541.0,-2104.0
-3301.0,-267.0,-2991.0,-2729.0,-2511.0,-2472.0,14553.0,-2104.0
-3333.0,-278.0,-2992.0,-2734.0,-2518.0,-2479.0,19444.0,-2096.0
-3371.0,-285.0,-2995.0,-2740.0,-2525.0,-2487.0,24269.0,-2077.0
-3409.0,-292.0,-3002.0,-2749.0,-2537.0,-2499.0,28688.0,-2064.0
-3446.0,-295.0,-3010.0,-2758.0,-2551.0,-2512.0,32650.0,-2061.0
-3486.0,-287.0,-3017.0,-2763.0,-2564.0,-2523.0,-29096.0,-2056.0
-3527.0,-276.0,-3026.0,-2772.0,-2578.0,-2536.0,-25383.0,-2034.0
-3567.0,-263.0,-3036.0,-2782.0,-2593.0,-2551.0,-21405.0,-2009.0
-3608.0,-254.0,-3043.0,-2792.0,-2606.0,-2564.0,-17461.0,-1988.0
-3653.0,-254.0,-3049.0,-2799.0,-2617.0,-2574.0,-15654.0,-1963.0
-3699.0,-258.0,-3051.0,-2800.0,-2623.0,-2580.0,-16277.0,-1943.0
-3745.0,-266.0,-3052.0,-2797.0,-2628.0,-2588.0,-19158.0,-1940.0
-3799.0,-273.0,-3058.0,-2800.0,-2640.0,-2604.0,-32295.0,-1934.0
-3853.0,-279.0,-3064.0,-2803.0,-2651.0,-2616.0,25348.0,-1928.0
-3904.0,-276.0,-3069.0,-2803.0,-2660.0,-2626.0,24510.0,-1926.0
-3954.0,-266.0,-3072.0,-2803.0,-2667.0,-2635.0,23772.0,-1934.0
-4001.0,-253.0,-3072.0,-2802.0,-2672.0,-2640.0,21801.0,-1937.0
-4044.0,-241.0,-3065.0,-2799.0,-2673.0,-2640.0,21531.0,-1942.0
-4081.0,-235.0,-3048.0,-2791.0,-2669.0,-2634.0,21602.0,-1935.0
-4106.0,-232.0,-3015.0,-2773.0,-2653.0,-2613.0,24636.0,-1910.0
-4085.0,-236.0,-2969.0,-2745.0,-2628.0,-2579.0,29760.0,-1879.0
-4040.0,-244.0,-2911.0,-2715.0,-2601.0,-2536.0,-30761.0,-1854.0
-4009.0,-250.0,-2844.0,-2688.0,-2576.0,-2494.0,-28153.0,-1830.0
-3985.0,-253.0,-2771.0,-2668.0,-2560.0,-2470.0,-23187.0,-1810.0
-3992.0,-249.0,-2700.0,-2657.0,-2559.0,-2466.0,-21726.0,-1817.0
-4012.0,-240.0,-2676.0,-2665.0,-2579.0,-2491.0,-22273.0,-1840.0
-3997.0,-228.0,-2688.0,-2679.0,-2612.0,-2535.0,-22813.0,-1859.0
-3933.0,-213.0,-2719.0,-2687.0,-2644.0,-2583.0,-23347.0,-1864.0
-3838.0,-201.0,-2766.0,-2691.0,-2675.0,-2633.0,-23874.0,-1857.0
-3716.0,-196.0,-2820.0,-2687.0,-2698.0,-2679.0,-24394.0,-1830.0
-3579.0,-194.0,-2877.0,-2677.0,-2713.0,-2719.0,-24908.0,-1795.0
-3444.0,-194.0,-2938.0,-2667.0,-2725.0,-2750.0,-25415.0,-1759.0
-3323.0,-196.0,-2996.0,-2660.0,-2733.0,-2769.0,-25916.0,-1722.0
-3218.0,-200.0,-3046.0,-2655.0,-2738.0,-2780.0,-26411.0,-1692.0
-3132.0,-198.0,-3085.0,-2653.0,-2740.0,-2787.0,-26899.0,-1668.0
-3058.0,-188.0,-3105.0,-2647.0,-2735.0,-2784.0,-27382.0,-1649.0
-2982.0,-174.0,-3105.0,-2632.0,-2720.0,-2768.0,-27858.0,-1634.0
-2910.0,-163.0,-3094.0,-2616.0,-2703.0,-2742.0,-28329.0,-1636.0
-2848.0,-158.0,-3079.0,-2598.0,-2683.0,-2709.0,-28794.0,-1652.0
-2795.0,-154.0,-3059.0,-2578.0,-2660.0,-2671.0,-29252.0,-1659.0
-2745.0,-156.0,-3039.0,-2558.0,-2640.0,-2629.0,-29706.0,-1665.0
-2701.0,-159.0,-3021.0,-2540.0,-2622.0,-2593.0,-30153.0,-1682.0
-2654.0,-166.0,-3006.0,-2523.0,-2608.0,-2569.0,-30595.0,-1709.0
-2607.0,-169.0,-2994.0,-2507.0,-2594.0,-2551.0,-31031.0,-1724.0
-2567.0,-167.0,-2989.0,-2498.0,-2588.0,-2542.0,-31462.0,-1739.0
-2523.0,-164.0,-2988.0,-2491.0,-2584.0,-2537.0,-31888.0,-1761.0
-2471.0,-157.0,-2982.0,-2479.0,-2576.0,-2531.0,-32308.0,-1765.0
-2420.0,-148.0,-2976.0,-2469.0,-2569.0,-2527.0,-32723.0,-1721.0
-2365.0,-141.0,-2965.0,-2455.0,-2557.0,-2519.0,32403.0,-1647.0
-2310.0,-139.0,-2954.0,-2438.0,-2544.0,-2509.0,31999.0,-1578.0
-2260.0,-143.0,-2943.0,-2421.0,-2530.0,-2500.0,31599.0,-1545.0
-2212.0,-150.0,-2933.0,-2404.0,-2516.0,-2491.0,31204.0,-1522.0
-2169.0,-157.0,-2924.0,-2387.0,-2503.0,-2484.0,30815.0,-1507.0
-2134.0,-162.0,-2919.0,-2374.0,-2496.0,-2483.0,30430.0,-1445.0
-2102.0,-158.0,-2917.0,-2363.0,-2489.0,-2483.0,30050.0,-1305.0
-2057.0,-152.0,-2916.0,-2351.0,-2479.0,-2481.0,29675.0,-1236.0
-2011.0,-140.0,-2916.0,-2341.0,-2470.0,-2479.0,29304.0,-1259.0
-1999.0,-130.0,-2917.0,-2333.0,-2464.0,-2479.0,28938.0,-1300.0
-1991.0,-122.0,-2918.0,-2325.0,-2459.0,-2478.0,28577.0,-1343.0
-1983.0,-120.0,-2918.0,-2316.0,-2455.0,-2476.0,28220.0,-1359.0
-1977.0,-126.0,-2916.0,-2306.0,-2450.0,-2472.0,27867.0,-1364.0
-1975.0,-131.0,-2910.0,-2294.0,-2441.0,-2464.0,27519.0,-1390.0
-1972.0,-133.0,-2903.0,-2280.0,-2432.0,-2453.0,27176.0,-1406.0
-1974.0,-130.0,-2897.0,-2269.0,-2425.0,-2445.0,26836.0,-1428.0
-1978.0,-124.0,-2895.0,-2263.0,-2421.0,-2444.0,26501.0,-1443.0
-1984.0,-114.0,-2895.0,-2260.0,-2421.0,-2448.0,26170.0,-1437.0
-1994.0,-100.0,-2898.0,-2262.0,-2424.0,-2456.0,25843.0,-1432.0
-2000.0,-83.0,-2902.0,-2262.0,-2428.0,-2463.0,25521.0,-1425.0
-2001.0,-65.0,-2902.0,-2261.0,-2428.0,-2467.0,25202.0,-1413.0
-1998.0,-55.0,-2901.0,-2259.0,-2428.0,-2469.0,24887.0,-1407.0
-2004.0,-50.0,-2897.0,-2254.0,-2425.0,-2469.0,24576.0,-1408.0
-2018.0,-48.0,-2895.0,-2251.0,-2421.0,-2469.0,24269.0,-1408.0
-2020.0,-51.0,-2890.0,-2244.0,-2414.0,-2464.0,23966.0,-1405.0
-2014.0,-54.0,-2883.0,-2234.0,-2405.0,-2459.0,23667.0,-1400.0
-2010.0,-52.0,-2881.0,-2229.0,-2400.0,-2457.0,23372.0,-1399.0
-2010.0,-48.0,-2882.0,-2226.0,-2399.0,-2460.0,23080.0,-1400.0
-2013.0,-41.0,-2885.0,-2223.0,-2402.0,-2465.0,22791.0,-1403.0
-2010.0,-32.0,-2886.0,-2219.0,-2406.0,-2467.0,22507.0,-1404.0
-2006.0,-25.0,-2886.0,-2213.0,-2407.0,-2467.0,22226.0,-1397.0
-2001.0,-26.0,-2884.0,-2208.0,-2406.0,-2464.0,21948.0,-1389.0
-2003.0,-31.0,-2882.0,-2203.0,-2403.0,-2461.0,21674.0,-1383.0
-2010.0,-37.0,-2881.0,-2199.0,-2401.0,-2459.0,21403.0,-1379.0
-2005.0,-45.0,-2877.0,-2190.0,-2396.0,-2455.0,21136.0,-1372.0
-2008.0,-51.0,-2880.0,-2189.0,-2397.0,-2457.0,20872.0,-1366.0
-2019.0,-51.0,-2886.0,-2191.0,-2402.0,-2462.0,20611.0,-1368.0
-2020.0,-47.0,-2890.0,-2190.0,-2404.0,-2463.0,20354.0,-1362.0
-2016.0,-41.0,-2895.0,-2190.0,-2407.0,-2464.0,20100.0,-1344.0
-2017.0,-33.0,-2902.0,-2193.0,-2407.0,-2468.0,19849.0,-1326.0
-2011.0,-30.0,-2906.0,-2194.0,-2402.0,-2468.0,19601.0,-1304.0
-2002.0,-28.0,-2906.0,-2191.0,-2387.0,-2463.0,19356.0,-1274.0
-1989.0,-34.0,-2903.0,-2185.0,-2372.0,-2456.0,19114.0,-1207.0
-1973.0,-42.0,-2899.0,-2176.0,-2360.0,-2448.0,18876.0,-1116.0
-1960.0,-50.0,-2894.0,-2167.0,-2349.0,-2439.0,18640.0,-978.0
-1942.0,-59.0,-2886.0,-2159.0,-2338.0,-2430.0,18407.0,-834.0
-1920.0,-61.0,-2880.0,-2155.0,-2328.0,-2422.0,18177.0,-763.0
-1905.0,-59.0,-2879.0,-2154.0,-2323.0,-2419.0,17950.0,-737.0
-1898.0,-49.0,-2880.0,-2156.0,-2320.0,-2418.0,17726.0,-708.0
-1892.0,-41.0,-2881.0,-2158.0,-2322.0,-2418.0,17505.0,-675.0
-1882.0,-38.0,-2880.0,-2158.0,-2325.0,-2418.0,17286.0,-619.0
-1872.0,-39.0,-2877.0,-2156.0,-2327.0,-2416.0,17070.0,-569.0
-1861.0,-46.0,-2872.0,-2152.0,-2328.0,-2412.0,16857.0,-512.0
-1854.0,-55.0,-2866.0,-2147.0,-2327.0,-2407.0,16647.0,-464.0
-1853.0,-64.0,-2862.0,-2144.0,-2327.0,-2407.0,16439.0,-449.0
-1852.0,-70.0,-2859.0,-2140.0,-2327.0,-2408.0,16233.0,-470.0
-1846.0,-70.0,-2857.0,-2135.0,-2327.0,-2409.0,16031.0,-461.0
-1840.0,-68.0,-2857.0,-2133.0,-2330.0,-2412.0,15831.0,-420.0
-1847.0,-60.0,-2861.0,-2133.0,-2335.0,-2418.0,15633.0,-375.0
-1851.0,-51.0,-2863.0,-2133.0,-2339.0,-2423.0,15438.0,-324.0
-1857.0,-45.0,-2863.0,-2135.0,-2342.0,-2426.0,15245.0,-317.0
-1859.0,-44.0,-2862.0,-2133.0,-2344.0,-2429.0,15054.0,-298.0
-1842.0,-54.0,-2856.0,-2124.0,-2340.0,-2426.0,14866.0,-281.0
-1825.0,-64.0,-2849.0,-2111.0,-2335.0,-2422.0,14681.0,-257.0
-1821.0,-71.0,-2842.0,-2099.0,-2330.0,-2418.0,14497.0,-224.0
-1824.0,-72.0,-2834.0,-2088.0,-2324.0,-2414.0,14316.0,-195.0
-1818.0,-72.0,-2827.0,-2079.0,-2320.0,-2411.0,14138.0,-222.0
-1803.0,-72.0,-2824.0,-2072.0,-2320.0,-2409.0,13961.0,-252.0
-1789.0,-68.0,-2821.0,-2066.0,-2320.0,-2409.0,13787.0,-255.0
-1779.0,-62.0,-2818.0,-2060.0,-2322.0,-2411.0,13614.0,-227.0
-1769.0,-62.0,-2815.0,-2057.0,-2325.0,-2413.0,13444.0,-119.0
-1757.0,-64.0,-2812.0,-2057.0,-2324.0,-2412.0,13277.0,39.0
-1744.0,-72.0,-2805.0,-2054.0,-2320.0,-2408.0,13111.0,24.0
-1737.0,-79.0,-2797.0,-2050.0,-2315.0,-2403.0,12947.0,23.0
-1729.0,-89.0,-2791.0,-2048.0,-2310.0,-2398.0,12785.0,44.0
-1724.0,-97.0,-2785.0,-2046.0,-2307.0,-2394.0,12626.0,85.0
-1717.0,-103.0,-2783.0,-2047.0,-2309.0,-2394.0,12468.0,133.0
-1709.0,-104.0,-2784.0,-2048.0,-2313.0,-2397.0,12312.0,165.0
-1705.0,-99.0,-2787.0,-2051.0,-2317.0,-2404.0,12158.0,128.0
-1699.0,-94.0,-2790.0,-2053.0,-2323.0,-2411.0,12007.0,29.0
-1692.0,-91.0,-2791.0,-2052.0,-2324.0,-2415.0,11857.0,70.0
-1686.0,-94.0,-2790.0,-2048.0,-2322.0,-2412.0,11709.0,84.0
-1679.0,-101.0,-2787.0,-2043.0,-2317.0,-2407.0,11562.0,1.0
-1670.0,-112.0,-2781.0,-2033.0,-2312.0,-2401.0,11418.0,14.0
-1658.0,-125.0,-2776.0,-2024.0,-2307.0,-2393.0,11275.0,141.0
-1648.0,-133.0,-2770.0,-2016.0,-2302.0,-2384.0,11135.0,234.0
-1638.0,-135.0,-2767.0,-2011.0,-2297.0,-2378.0,10996.0,268.0
-1624.0,-131.0,-2763.0,-2008.0,-2294.0,-2373.0,10858.0,291.0
-1606.0,-123.0,-2760.0,-2006.0,-2290.0,-2367.0,10723.0,317.0
-1589.0,-117.0,-2758.0,-2002.0,-2288.0,-2362.0,10589.0,330.0
-1574.0,-115.0,-2757.0,-1999.0,-2288.0,-2360.0,10456.0,364.0
-1558.0,-117.0,-2753.0,-1994.0,-2287.0,-2354.0,10326.0,427.0
-1541.0,-123.0,-2745.0,-1988.0,-2282.0,-2346.0,10197.0,489.0
-1517.0,-133.0,-2736.0,-1980.0,-2273.0,-2335.0,10070.0,553.0
-1496.0,-143.0,-2727.0,-1968.0,-2264.0,-2324.0,9944.0,621.0
-1480.0,-149.0,-2719.0,-1955.0,-2254.0,-2315.0,9820.0,665.0
-1465.0,-149.0,-2713.0,-1950.0,-2248.0,-2309.0,9697.0,716.0
-1447.0,-145.0,-2710.0,-1951.0,-2243.0,-2304.0,9576.0,773.0
-1432.0,-136.0,-2708.0,-1954.0,-2241.0,-2301.0,9456.0,801.0
-1418.0,-127.0,-2706.0,-1955.0,-2241.0,-2299.0,9338.0,812.0
-1405.0,-123.0,-2705.0,-1952.0,-2241.0,-2298.0,9222.0,820.0
-1396.0,-123.0,-2702.0,-1949.0,-2241.0,-2296.0,9106.0,831.0
-1385.0,-129.0,-2696.0,-1948.0,-2235.0,-2291.0,8993.0,814.0
-1370.0,-137.0,-2688.0,-1947.0,-2227.0,-2284.0,8880.0,792.0
-1357.0,-144.0,-2681.0,-1944.0,-2221.0,-2277.0,8769.0,809.0
-1349.0,-147.0,-2676.0,-1947.0,-2215.0,-2272.0,8660.0,761.0
-1339.0,-144.0,-2672.0,-1954.0,-2212.0,-2270.0,8552.0,648.0
-1327.0,-141.0,-2671.0,-1963.0,-2210.0,-2270.0,8445.0,564.0
-1317.0,-134.0,-2671.0,-1971.0,-2208.0,-2270.0,8340.0,518.0
-1309.0,-124.0,-2670.0,-1972.0,-2207.0,-2270.0,8235.0,567.0
-1298.0,-119.0,-2669.0,-1969.0,-2205.0,-2270.0,8133.0,715.0
-1288.0,-120.0,-2665.0,-1959.0,-2201.0,-2269.0,8031.0,852.0
-1283.0,-126.0,-2660.0,-1944.0,-2197.0,-2268.0,7931.0,961.0
-1275.0,-135.0,-2656.0,-1928.0,-2192.0,-2265.0,7832.0,1045.0
-1266.0,-145.0,-2652.0,-1914.0,-2187.0,-2262.0,7734.0,1129.0
-1259.0,-150.0,-2651.0,-1904.0,-2183.0,-2259.0,7637.0,1206.0
-1250.0,-149.0,-2651.0,-1900.0,-2180.0,-2257.0,7542.0,1265.0
-1240.0,-143.0,-2652.0,-1901.0,-2178.0,-2256.0,7448.0,1318.0
-1234.0,-135.0,-2654.0,-1906.0,-2177.0,-2256.0,7355.0,1389.0
-1229.0,-124.0,-2654.0,-1911.0,-2177.0,-2256.0,7263.0,1427.0
-1225.0,-117.0,-2653.0,-1913.0,-2176.0,-2256.0,7172.0,1395.0
-1221.0,-117.0,-2651.0,-1910.0,-2172.0,-2253.0,7082.0,1348.0
-1218.0,-120.0,-2648.0,-1903.0,-2169.0,-2250.0,6994.0,1341.0
-1207.0,-132.0,-2646.0,-1892.0,-2166.0,-2248.0,6907.0,1386.0
-1194.0,-146.0,-2645.0,-1884.0,-2165.0,-2246.0,6820.0,1438.0
-1183.0,-157.0,-2644.0,-1878.0,-2163.0,-2245.0,6735.0,1448.0
-1172.0,-162.0,-2645.0,-1876.0,-2164.0,-2246.0,6651.0,1421.0
-1163.0,-160.0,-2647.0,-1874.0,-2164.0,-2245.0,6568.0,1399.0
-1157.0,-152.0,-2649.0,-1871.0,-2165.0,-2246.0,6486.0,1465.0
-1146.0,-146.0,-2650.0,-1874.0,-2167.0,-2247.0,6405.0,1606.0
-1137.0,-144.0,-2649.0,-1877.0,-2166.0,-2246.0,6325.0,1764.0
-1135.0,-143.0,-2647.0,-1876.0,-2164.0,-2244.0,6246.0,1809.0
-1132.0,-148.0,-2644.0,-1877.0,-2159.0,-2240.0,6168.0,1818.0
-1129.0,-155.0,-2641.0,-1880.0,-2152.0,-2238.0,6091.0,1810.0
-1133.0,-159.0,-2649.0,-1876.0,-2158.0,-2245.0,5649.0,1808.0
-1128.0,-157.0,-2649.0,-1870.0,-2158.0,-2245.0,5578.0,1900.0
-1127.0,-157.0,-2648.0,-1861.0,-2156.0,-2244.0,5508.0,2029.0
-1126.0,-164.0,-2645.0,-1854.0,-2153.0,-2243.0,5440.0,2228.0
-1128.0,-172.0,-2644.0,-1851.0,-2151.0,-2242.0,5372.0,2478.0
-1139.0,-181.0,-2644.0,-1848.0,-2151.0,-2243.0,5305.0,2800.0
-1151.0,-188.0,-2645.0,-1844.0,-2152.0,-2242.0,5238.0,3113.0
-1159.0,-187.0,-2649.0,-1845.0,-2155.0,-2245.0,5173.0,3286.0
-1167.0,-184.0,-2653.0,-1849.0,-2159.0,-2249.0,5108.0,3546.0
-1174.0,-177.0,-2659.0,-1855.0,-2164.0,-2254.0,5044.0,3846.0
-1179.0,-171.0,-2665.0,-1862.0,-2169.0,-2260.0,4981.0,4125.0
-1188.0,-166.0,-2671.0,-1867.0,-2174.0,-2265.0,4919.0,4272.0
-1196.0,-169.0,-2675.0,-1870.0,-2179.0,-2269.0,4858.0,4415.0
-1204.0,-175.0,-2676.0,-1873.0,-2179.0,-2271.0,4797.0,4487.0
-1212.0,-181.0,-2673.0,-1874.0,-2177.0,-2270.0,4737.0,4455.0
-1220.0,-187.0,-2671.0,-1876.0,-2175.0,-2269.0,4678.0,4402.0
-1227.0,-191.0,-2668.0,-1873.0,-2173.0,-2268.0,4620.0,4318.0
-1230.0,-191.0,-2670.0,-1873.0,-2174.0,-2270.0,4562.0,4224.0
-1236.0,-188.0,-2674.0,-1878.0,-2177.0,-2275.0,4505.0,4140.0
-1240.0,-181.0,-2677.0,-1886.0,-2181.0,-2281.0,4449.0,4098.0
-1246.0,-172.0,-2680.0,-1893.0,-2184.0,-2285.0,4393.0,4066.0
-1251.0,-166.0,-2683.0,-1898.0,-2187.0,-2288.0,4338.0,4146.0
-1258.0,-167.0,-2685.0,-1901.0,-2189.0,-2291.0,4284.0,4290.0
-1261.0,-174.0,-2687.0,-1901.0,-2189.0,-2293.0,4231.0,4354.0
-1267.0,-181.0,-2686.0,-1902.0,-2188.0,-2292.0,4178.0,4400.0
-1270.0,-190.0,-2685.0,-1903.0,-2186.0,-2290.0,4126.0,4425.0
-1277.0,-195.0,-2684.0,-1904.0,-2185.0,-2290.0,4074.0,4389.0
-1284.0,-193.0,-2686.0,-1907.0,-2187.0,-2293.0,4023.0,4292.0
-1285.0,-192.0,-2690.0,-1912.0,-2191.0,-2296.0,3973.0,4078.0
-1288.0,-185.0,-2693.0,-1915.0,-2193.0,-2300.0,3923.0,3842.0
-1289.0,-179.0,-2698.0,-1921.0,-2197.0,-2306.0,3874.0,3670.0
-1290.0,-177.0,-2702.0,-1931.0,-2202.0,-2315.0,3826.0,3769.0
-1288.0,-183.0,-2705.0,-1940.0,-2205.0,-2322.0,3778.0,3965.0
-1288.0,-193.0,-2707.0,-1949.0,-2208.0,-2325.0,3731.0,4157.0
-1288.0,-203.0,-2708.0,-1959.0,-2207.0,-2324.0,3684.0,4423.0
-1290.0,-212.0,-2706.0,-1964.0,-2204.0,-2319.0,3638.0,4812.0
-1291.0,-219.0,-2704.0,-1961.0,-2201.0,-2310.0,3593.0,5547.0
-1293.0,-221.0,-2705.0,-1958.0,-2200.0,-2307.0,3548.0,6468.0
-1296.0,-216.0,-2707.0,-1954.0,-2200.0,-2306.0,3504.0,6979.0
-1301.0,-206.0,-2709.0,-1946.0,-2202.0,-2307.0,3460.0,7155.0
-1303.0,-199.0,-2712.0,-1942.0,-2204.0,-2311.0,3417.0,7056.0
-1306.0,-192.0,-2713.0,-1938.0,-2206.0,-2313.0,3374.0,6823.0
-1310.0,-191.0,-2714.0,-1932.0,-2207.0,-2314.0,3332.0,6639.0
-1312.0,-195.0,-2713.0,-1923.0,-2206.0,-2313.0,3290.0,6516.0
-1313.0,-205.0,-2711.0,-1918.0,-2204.0,-2312.0,3249.0,6496.0
-1312.0,-216.0,-2710.0,-1915.0,-2202.0,-2310.0,3209.0,6663.0
-1312.0,-223.0,-2708.0,-1913.0,-2202.0,-2310.0,3169.0,6925.0
-1312.0,-224.0,-2710.0,-1913.0,-2204.0,-2313.0,3129.0,7287.0
-1314.0,-219.0,-2712.0,-1913.0,-2207.0,-2317.0,3090.0,7594.0
-1317.0,-210.0,-2715.0,-1914.0,-2211.0,-2322.0,3051.0,7640.0
-1322.0,-197.0,-2716.0,-1914.0,-2213.0,-2324.0,3013.0,7439.0
-1325.0,-188.0,-2716.0,-1912.0,-2213.0,-2325.0,2976.0,7021.0
-1324.0,-188.0,-2715.0,-1909.0,-2212.0,-2326.0,2938.0,6454.0
-1319.0,-196.0,-2713.0,-1906.0,-2211.0,-2326.0,2902.0,5958.0
-1314.0,-209.0,-2712.0,-1904.0,-2211.0,-2326.0,2865.0,5564.0
-1315.0,-218.0,-2709.0,-1900.0,-2209.0,-2324.0,2830.0,5233.0
-1315.0,-223.0,-2705.0,-1897.0,-2206.0,-2322.0,2794.0,4933.0
-1312.0,-223.0,-2704.0,-1895.0,-2205.0,-2322.0,2759.0,4671.0
-1309.0,-219.0,-2704.0,-1894.0,-2206.0,-2324.0,2725.0,4446.0
-1313.0,-206.0,-2704.0,-1893.0,-2206.0,-2327.0,2691.0,4252.0
-1312.0,-196.0,-2705.0,-1892.0,-2209.0,-2331.0,2657.0,4070.0
-1305.0,-197.0,-2707.0,-1892.0,-2213.0,-2337.0,2624.0,3885.0
-1300.0,-201.0,-2707.0,-1890.0,-2214.0,-2339.0,2591.0,3713.0
-1302.0,-206.0,-2705.0,-1887.0,-2213.0,-2338.0,2559.0,3544.0
-1300.0,-216.0,-2703.0,-1883.0,-2213.0,-2338.0,2527.0,3380.0
-1297.0,-226.0,-2700.0,-1876.0,-2209.0,-2334.0,2495.0,3220.0
-1298.0,-230.0,-2696.0,-1868.0,-2204.0,-2328.0,2464.0,3072.0
-1300.0,-228.0,-2695.0,-1865.0,-2203.0,-2327.0,2433.0,2941.0
-1302.0,-223.0,-2695.0,-1863.0,-2203.0,-2328.0,2403.0,2827.0
-1302.0,-213.0,-2695.0,-1862.0,-2204.0,-2330.0,2373.0,2730.0
-1299.0,-207.0,-2698.0,-1862.0,-2206.0,-2331.0,2343.0,2644.0
-1296.0,-204.0,-2699.0,-1860.0,-2206.0,-2330.0,2314.0,2565.0
-1298.0,-202.0,-2697.0,-1856.0,-2204.0,-2325.0,2285.0,2484.0
-1298.0,-208.0,-2697.0,-1852.0,-2202.0,-2321.0,2257.0,2402.0
-1300.0,-215.0,-2695.0,-1847.0,-2200.0,-2319.0,2228.0,2322.0
-1300.0,-225.0,-2692.0,-1841.0,-2197.0,-2317.0,2201.0,2241.0
-1301.0,-231.0,-2690.0,-1837.0,-2195.0,-2315.0,2173.0,2163.0
-1305.0,-231.0,-2691.0,-1835.0,-2196.0,-2318.0,2146.0,2091.0
-1309.0,-226.0,-2693.0,-1836.0,-2198.0,-2320.0,2119.0,2083.0
-1316.0,-215.0,-2694.0,-1834.0,-2199.0,-2322.0,2093.0,2044.0
-1323.0,-202.0,-2696.0,-1835.0,-2201.0,-2325.0,2566.0,2004.0
-1326.0,-196.0,-2698.0,-1835.0,-2203.0,-2329.0,2564.0,1961.0
-1322.0,-201.0,-2700.0,-1835.0,-2206.0,-2331.0,2563.0,1917.0
-1321.0,-209.0,-2700.0,-1833.0,-2207.0,-2333.0,2561.0,1878.0
-1325.0,-213.0,-2696.0,-1827.0,-2204.0,-2330.0,2559.0,1840.0
-1325.0,-222.0,-2692.0,-1819.0,-2200.0,-2328.0,2558.0,1800.0
-1323.0,-229.0,-2689.0,-1812.0,-2197.0,-2329.0,2556.0,1760.0
-1323.0,-229.0,-2689.0,-1807.0,-2198.0,-2332.0,2555.0,1724.0
-1322.0,-228.0,-2692.0,-1805.0,-2202.0,-2338.0,2553.0,1683.0
-1320.0,-222.0,-2696.0,-1803.0,-2206.0,-2344.0,2551.0,1637.0
-1321.0,-212.0,-2699.0,-1798.0,-2209.0,-2347.0,2550.0,1596.0
-1319.0,-210.0,-2701.0,-1791.0,-2212.0,-2348.0,2548.0,1557.0
-1323.0,-210.0,-2701.0,-1784.0,-2212.0,-2349.0,2547.0,1522.0
-1328.0,-210.0,-2697.0,-1773.0,-2209.0,-2346.0,2545.0,1487.0
-1328.0,-219.0,-2696.0,-1762.0,-2205.0,-2345.0,2543.0,1451.0
-1331.0,-228.0,-2694.0,-1753.0,-2205.0,-2349.0,2542.0,1413.0
-1339.0,-231.0,-2690.0,-1742.0,-2203.0,-2353.0,2540.0,1379.0
-1342.0,-229.0,-2687.0,-1731.0,-2201.0,-2356.0,2539.0,1344.0
-1340.0,-227.0,-2687.0,-1725.0,-2202.0,-2357.0,2537.0,1308.0
-1332.0,-224.0,-2689.0,-1721.0,-2204.0,-2354.0,2535.0,1279.0
-1326.0,-221.0,-2693.0,-1719.0,-2207.0,-2353.0,2534.0,1250.0
-1322.0,-219.0,-2695.0,-1717.0,-2209.0,-2350.0,2532.0,1221.0
-1317.0,-222.0,-2695.0,-1714.0,-2208.0,-2349.0,2531.0,1198.0
-1313.0,-231.0,-2693.0,-1709.0,-2206.0,-2353.0,2529.0,1171.0
-1311.0,-241.0,-2691.0,-1704.0,-2205.0,-2357.0,2527.0,1144.0
-1310.0,-248.0,-2688.0,-1699.0,-2204.0,-2357.0,2526.0,1119.0
-1309.0,-255.0,-2685.0,-1692.0,-2201.0,-2354.0,2524.0,1090.0
-1308.0,-254.0,-2682.0,-1686.0,-2198.0,-2347.0,2523.0,1055.0
-1310.0,-244.0,-2680.0,-1682.0,-2195.0,-2339.0,2521.0,1020.0
-1311.0,-232.0,-2680.0,-1679.0,-2193.0,-2332.0,2519.0,992.0
-1309.0,-222.0,-2680.0,-1676.0,-2190.0,-2324.0,2518.0,961.0
-1305.0,-218.0,-2680.0,-1674.0,-2188.0,-2318.0,2516.0,932.0
-1301.0,-221.0,-2679.0,-1670.0,-2187.0,-2314.0,2515.0,903.0
-1294.0,-231.0,-2677.0,-1666.0,-2186.0,-2311.0,2513.0,875.0
-1289.0,-244.0,-2674.0,-1661.0,-2182.0,-2308.0,2512.0,851.0
-1283.0,-255.0,-2670.0,-1653.0,-2178.0,-2305.0,2510.0,826.0
-1281.0,-259.0,-2665.0,-1645.0,-2173.0,-2302.0,2508.0,806.0
-1283.0,-255.0,-2661.0,-1639.0,-2170.0,-2300.0,2507.0,786.0
-1281.0,-251.0,-2661.0,-1634.0,-2169.0,-2301.0,2505.0,757.0
-1276.0,-244.0,-2662.0,-1630.0,-2170.0,-2302.0,2504.0,729.0
-1281.0,-228.0,-2660.0,-1621.0,-2168.0,-2302.0,2502.0,701.0
-1279.0,-219.0,-2658.0,-1614.0,-2165.0,-2300.0,2501.0,672.0
-1278.0,-214.0,-2655.0,-1602.0,-2160.0,-2295.0,2499.0,640.0
-1276.0,-218.0,-2650.0,-1587.0,-2155.0,-2291.0,2497.0,613.0
-1267.0,-232.0,-2649.0,-1580.0,-2153.0,-2291.0,2496.0,585.0
-1261.0,-243.0,-2646.0,-1571.0,-2150.0,-2288.0,2494.0,558.0
-1249.0,-252.0,-2642.0,-1564.0,-2145.0,-2284.0,2493.0,535.0
-1234.0,-259.0,-2642.0,-1562.0,-2144.0,-2284.0,2491.0,513.0
-1223.0,-259.0,-2643.0,-1563.0,-2145.0,-2285.0,2490.0,489.0
-1217.0,-253.0,-2645.0,-1567.0,-2145.0,-2288.0,2488.0,463.0
-1215.0,-243.0,-2645.0,-1570.0,-2146.0,-2291.0,2486.0,436.0
-1213.0,-235.0,-2644.0,-1574.0,-2146.0,-2292.0,2485.0,408.0
-1208.0,-236.0,-2640.0,-1576.0,-2145.0,-2291.0,2483.0,379.0
-1200.0,-242.0,-2634.0,-1574.0,-2140.0,-2288.0,2482.0,352.0
-1190.0,-252.0,-2626.0,-1570.0,-2133.0,-2283.0,2480.0,324.0
-1186.0,-259.0,-2620.0,-1565.0,-2128.0,-2278.0,2479.0,304.0
-1183.0,-267.0,-2615.0,-1562.0,-2123.0,-2274.0,2477.0,286.0
-1183.0,-266.0,-2610.0,-1556.0,-2118.0,-2271.0,2476.0,271.0
-1183.0,-258.0,-2605.0,-1549.0,-2114.0,-2267.0,2474.0,261.0
-1182.0,-249.0,-2601.0,-1545.0,-2112.0,-2265.0,2472.0,254.0
-1184.0,-239.0,-2598.0,-1540.0,-2110.0,-2265.0,2471.0,251.0
-1184.0,-232.0,-2593.0,-1536.0,-2109.0,-2263.0,2469.0,238.0
-1184.0,-231.0,-2589.0,-1530.0,-2107.0,-2261.0,2468.0,217.0
-1182.0,-238.0,-2586.0,-1520.0,-2105.0,-2260.0,2466.0,200.0
-1177.0,-252.0,-2584.0,-1510.0,-2104.0,-2260.0,2465.0,186.0
-1182.0,-258.0,-2579.0,-1507.0,-2100.0,-2257.0,2463.0,179.0
-1182.0,-262.0,-2572.0,-1506.0,-2094.0,-2254.0,2462.0,177.0
-1181.0,-259.0,-2568.0,-1507.0,-2092.0,-2253.0,2460.0,168.0
-1181.0,-251.0,-2566.0,-1509.0,-2090.0,-2254.0,2458.0,160.0
-1179.0,-244.0,-2567.0,-1513.0,-2093.0,-2258.0,2457.0,149.0
-1175.0,-241.0,-2570.0,-1517.0,-2098.0,-2265.0,2455.0,134.0
-1176.0,-235.0,-2571.0,-1521.0,-2100.0,-2267.0,2454.0,120.0
-1174.0,-235.0,-2568.0,-1527.0,-2100.0,-2267.0,2452.0,102.0
-1171.0,-240.0,-2564.0,-1538.0,-2097.0,-2266.0,2451.0,84.0
-1173.0,-246.0,-2560.0,-1550.0,-2094.0,-2264.0,2449.0,72.0
-1173.0,-254.0,-2555.0,-1559.0,-2090.0,-2261.0,2448.0,58.0
-1173.0,-261.0,-2552.0,-1567.0,-2088.0,-2260.0,2446.0,39.0
-1175.0,-259.0,-2551.0,-1574.0,-2087.0,-2262.0,2445.0,17.0
-1181.0,-250.0,-2551.0,-1582.0,-2087.0,-2262.0,2443.0,-1.0
-1186.0,-239.0,-2554.0,-1593.0,-2089.0,-2266.0,2442.0,-17.0
-1189.0,-230.0,-2558.0,-1610.0,-2094.0,-2271.0,2440.0,-36.0
-1196.0,-225.0,-2561.0,-1625.0,-2098.0,-2275.0,2438.0,-55.0
-1203.0,-225.0,-2562.0,-1635.0,-2099.0,-2277.0,2437.0,-71.0
-1213.0,-225.0,-2559.0,-1641.0,-2098.0,-2276.0,2435.0,-85.0
-1221.0,-232.0,-2557.0,-1648.0,-2097.0,-2275.0,2434.0,-100.0
-1230.0,-236.0,-2554.0,-1650.0,-2095.0,-2273.0,2432.0,-111.0
-1232.0,-241.0,-2552.0,-1650.0,-2091.0,-2268.0,2431.0,-117.0
-1229.0,-243.0,-2552.0,-1657.0,-2092.0,-2267.0,2429.0,-125.0
-1227.0,-241.0,-2555.0,-1667.0,-2095.0,-2269.0,2428.0,-138.0
-1229.0,-236.0,-2559.0,-1677.0,-2099.0,-2273.0,2426.0,-154.0
-1235.0,-223.0,-2561.0,-1686.0,-2102.0,-2275.0,2425.0,-167.0
-1240.0,-215.0,-2561.0,-1689.0,-2103.0,-2277.0,2423.0,-180.0
-1246.0,-211.0,-2560.0,-1688.0,-2104.0,-2277.0,2422.0,-194.0
-1254.0,-212.0,-2556.0,-1688.0,-2100.0,-2272.0,2420.0,-208.0
-1262.0,-215.0,-2551.0,-1688.0,-2094.0,-2266.0,2419.0,-220.0
-1273.0,-218.0,-2543.0,-1685.0,-2087.0,-2258.0,2417.0,-225.0
-1286.0,-214.0,-2534.0,-1679.0,-2079.0,-2248.0,2416.0,-230.0
-1296.0,-204.0,-2524.0,-1671.0,-2070.0,-2240.0,2414.0,-235.0
-1306.0,-187.0,-2514.0,-1663.0,-2062.0,-2233.0,2413.0,-240.0
-1315.0,-172.0,-2508.0,-1656.0,-2058.0,-2230.0,2411.0,-250.0
-1315.0,-164.0,-2505.0,-1644.0,-2055.0,-2228.0,2409.0,-260.0
-1305.0,-164.0,-2505.0,-1635.0,-2053.0,-2226.0,2408.0,-269.0
-1296.0,-176.0,-2507.0,-1632.0,-2054.0,-2227.0,2406.0,-283.0
-1283.0,-200.0,-2506.0,-1626.0,-2053.0,-2228.0,2405.0,-298.0
-1265.0,-227.0,-2502.0,-1616.0,-2049.0,-2226.0,2403.0,-308.0
-1242.0,-258.0,-2499.0,-1606.0,-2042.0,-2221.0,2402.0,-316.0
-1209.0,-289.0,-2499.0,-1596.0,-2036.0,-2215.0,2400.0,-322.0
-1160.0,-323.0,-2504.0,-1588.0,-2031.0,-2211.0,2399.0,-326.0
-1096.0,-357.0,-2511.0,-1577.0,-2021.0,-2201.0,2397.0,-325.0
-1038.0,-381.0,-2520.0,-1570.0,-2015.0,-2194.0,2396.0,-319.0
-985.0,-404.0,-2533.0,-1573.0,-2018.0,-2196.0,2394.0,-318.0
-946.0,-434.0,-2552.0,-1591.0,-2037.0,-2217.0,2393.0,-331.0
-926.0,-450.0,-2573.0,-1620.0,-2062.0,-2240.0,2391.0,-346.0
-913.0,-461.0,-2597.0,-1654.0,-2085.0,-2258.0,2390.0,-357.0
-919.0,-460.0,-2623.0,-1695.0,-2108.0,-2275.0,2388.0,-364.0
-949.0,-442.0,-2644.0,-1739.0,-2131.0,-2292.0,2387.0,-369.0
-994.0,-408.0,-2654.0,-1775.0,-2147.0,-2301.0,2385.0,-372.0
-1047.0,-367.0,-2661.0,-1813.0,-2168.0,-2316.0,2384.0,-377.0
-1077.0,-344.0,-2676.0,-1856.0,-2192.0,-2330.0,2382.0,-389.0
-1107.0,-325.0,-2685.0,-1888.0,-2208.0,-2340.0,2381.0,-398.0
-1138.0,-306.0,-2685.0,-1903.0,-2217.0,-2347.0,2379.0,-410.0
-1151.0,-300.0,-2686.0,-1905.0,-2220.0,-2351.0,2378.0,-420.0
-1153.0,-298.0,-2681.0,-1898.0,-2213.0,-2347.0,2376.0,-423.0
-1158.0,-300.0,-2673.0,-1888.0,-2206.0,-2342.0,2375.0,-426.0
-1170.0,-300.0,-2663.0,-1877.0,-2196.0,-2336.0,2373.0,-427.0
-1185.0,-298.0,-2648.0,-1862.0,-2183.0,-2327.0,2372.0,-427.0
-1201.0,-295.0,-2631.0,-1846.0,-2168.0,-2315.0,2370.0,-427.0
-1216.0,-284.0,-2616.0,-1834.0,-2152.0,-2303.0,2369.0,-428.0
-1227.0,-271.0,-2606.0,-1827.0,-2145.0,-2300.0,2367.0,-433.0
-1236.0,-255.0,-2600.0,-1823.0,-2141.0,-2299.0,2366.0,-439.0
-1242.0,-240.0,-2593.0,-1815.0,-2135.0,-2294.0,2364.0,-444.0
-1244.0,-234.0,-2586.0,-1803.0,-2128.0,-2289.0,2363.0,-448.0
-1242.0,-236.0,-2576.0,-1787.0,-2118.0,-2283.0,2362.0,-452.0
-1246.0,-239.0,-2565.0,-1773.0,-2108.0,-2274.0,2360.0,-453.0
-1249.0,-246.0,-2555.0,-1765.0,-2099.0,-2268.0,2359.0,-454.0
-1251.0,-252.0,-2545.0,-1760.0,-2091.0,-2263.0,2357.0,-453.0
-1256.0,-256.0,-2539.0,-1759.0,-2086.0,-2260.0,2356.0,-455.0
-1261.0,-254.0,-2537.0,-1760.0,-2085.0,-2261.0,2354.0,-461.0
-1265.0,-245.0,-2535.0,-1759.0,-2084.0,-2262.0,2353.0,-464.0
-1272.0,-230.0,-2534.0,-1758.0,-2083.0,-2262.0,2351.0,-467.0
-1275.0,-216.0,-2533.0,-1760.0,-2082.0,-2263.0,2350.0,-470.0
-1279.0,-205.0,-2533.0,-1765.0,-2081.0,-2263.0,2348.0,-471.0
-1283.0,-200.0,-2531.0,-1768.0,-2080.0,-2261.0,2347.0,-471.0
-1286.0,-204.0,-2528.0,-1771.0,-2077.0,-2258.0,2345.0,-474.0
-1290.0,-211.0,-2523.0,-1771.0,-2073.0,-2254.0,2344.0,-475.0
-1297.0,-213.0,-2517.0,-1767.0,-2067.0,-2248.0,2342.0,-474.0
-1303.0,-215.0,-2511.0,-1764.0,-2062.0,-2243.0,2341.0,-475.0
-1305.0,-213.0,-2509.0,-1761.0,-2061.0,-2242.0,2339.0,-477.0
-1298.0,-214.0,-2512.0,-1761.0,-2064.0,-2246.0,2338.0,-484.0
-1298.0,-208.0,-2514.0,-1766.0,-2066.0,-2249.0,2336.0,-492.0
-1299.0,-198.0,-2516.0,-1775.0,-2069.0,-2254.0,2335.0,-501.0
-1290.0,-202.0,-2521.0,-1785.0,-2076.0,-2264.0,2333.0,-511.0
-1285.0,-209.0,-2523.0,-1793.0,-2079.0,-2267.0,2332.0,-520.0
-1284.0,-215.0,-2522.0,-1796.0,-2078.0,-2265.0,2331.0,-525.0
-1283.0,-223.0,-2517.0,-1795.0,-2073.0,-2257.0,2329.0,-530.0
-1286.0,-227.0,-2511.0,-1791.0,-2065.0,-2247.0,2328.0,-531.0
-1290.0,-228.0,-2505.0,-1785.0,-2058.0,-2238.0,2326.0,-530.0
-1288.0,-226.0,-2503.0,-1781.0,-2056.0,-2235.0,2325.0,-527.0
-1284.0,-222.0,-2503.0,-1780.0,-2057.0,-2236.0,2323.0,-526.0
-1281.0,-215.0,-2504.0,-1778.0,-2057.0,-2236.0,2322.0,-526.0
-1279.0,-206.0,-2506.0,-1778.0,-2059.0,-2236.0,2320.0,-530.0
-1276.0,-201.0,-2506.0,-1780.0,-2058.0,-2235.0,2319.0,-536.0
-1273.0,-202.0,-2505.0,-1782.0,-2056.0,-2234.0,2317.0,-541.0
-1272.0,-208.0,-2503.0,-1781.0,-2054.0,-2232.0,2316.0,-544.0
-1273.0,-216.0,-2499.0,-1783.0,-2052.0,-2230.0,2314.0,-550.0
-1273.0,-224.0,-2496.0,-1785.0,-2049.0,-2228.0,2313.0,-554.0
-1279.0,-226.0,-2491.0,-1784.0,-2046.0,-2225.0,2312.0,-557.0
-1282.0,-223.0,-2490.0,-1791.0,-2045.0,-2225.0,2310.0,-560.0
-1282.0,-219.0,-2492.0,-1808.0,-2047.0,-2229.0,2309.0,-565.0
-1288.0,-206.0,-2494.0,-1823.0,-2049.0,-2231.0,2307.0,-569.0
-1287.0,-200.0,-2497.0,-1838.0,-2052.0,-2234.0,2306.0,-577.0
-1282.0,-200.0,-2501.0,-1852.0,-2055.0,-2235.0,2304.0,-585.0
-1284.0,-201.0,-2500.0,-1860.0,-2056.0,-2233.0,2303.0,-590.0
-1287.0,-203.0,-2496.0,-1864.0,-2052.0,-2228.0,2301.0,-594.0
-1290.0,-210.0,-2492.0,-1866.0,-2048.0,-2223.0,2300.0,-599.0
-1287.0,-222.0,-2489.0,-1870.0,-2045.0,-2218.0,2299.0,-604.0
-1284.0,-232.0,-2489.0,-1875.0,-2044.0,-2216.0,2297.0,-609.0
-1285.0,-231.0,-2488.0,-1879.0,-2042.0,-2215.0,2296.0,-613.0
-1285.0,-226.0,-2489.0,-1885.0,-2044.0,-2216.0,2294.0,-620.0
-1288.0,-217.0,-2490.0,-1892.0,-2046.0,-2218.0,2293.0,-631.0
-1292.0,-205.0,-2492.0,-1898.0,-2048.0,-2219.0,2291.0,-640.0
-1295.0,-197.0,-2492.0,-1903.0,-2050.0,-2220.0,2290.0,-647.0
-1297.0,-195.0,-2490.0,-1905.0,-2048.0,-2218.0,2288.0,-655.0
-1299.0,-196.0,-2486.0,-1902.0,-2044.0,-2215.0,2287.0,-658.0
-1297.0,-203.0,-2482.0,-1901.0,-2040.0,-2210.0,2286.0,-659.0
-1293.0,-212.0,-2477.0,-1902.0,-2036.0,-2207.0,2284.0,-659.0
-1291.0,-219.0,-2473.0,-1902.0,-2032.0,-2204.0,2283.0,-660.0
-1288.0,-219.0,-2472.0,-1904.0,-2031.0,-2202.0,2281.0,-659.0
-1284.0,-215.0,-2473.0,-1907.0,-2033.0,-2203.0,2280.0,-663.0
-1281.0,-208.0,-2475.0,-1911.0,-2035.0,-2205.0,2278.0,-670.0
-1278.0,-202.0,-2478.0,-1917.0,-2037.0,-2206.0,2277.0,-676.0
-1275.0,-199.0,-2479.0,-1921.0,-2039.0,-2207.0,2276.0,-682.0
-1273.0,-201.0,-2478.0,-1917.0,-2038.0,-2204.0,2274.0,-687.0
-1275.0,-205.0,-2474.0,-1912.0,-2033.0,-2198.0,2273.0,-690.0
-1277.0,-208.0,-2470.0,-1908.0,-2029.0,-2194.0,2271.0,-693.0
-1277.0,-214.0,-2467.0,-1903.0,-2026.0,-2191.0,2270.0,-694.0
-1278.0,-217.0,-2464.0,-1897.0,-2023.0,-2189.0,2268.0,-695.0
-1282.0,-215.0,-2462.0,-1896.0,-2022.0,-2189.0,2267.0,-698.0
-1285.0,-209.0,-2463.0,-1900.0,-2023.0,-2189.0,2266.0,-700.0
-1285.0,-200.0,-2465.0,-1906.0,-2024.0,-2190.0,2264.0,-706.0
-1284.0,-191.0,-2467.0,-1911.0,-2027.0,-2191.0,2263.0,-710.0
-1287.0,-183.0,-2468.0,-1915.0,-2028.0,-2191.0,2261.0,-713.0
-1286.0,-183.0,-2468.0,-1919.0,-2027.0,-2190.0,2260.0,-718.0
-1287.0,-186.0,-2465.0,-1923.0,-2023.0,-2185.0,2258.0,-723.0
-1288.0,-193.0,-2461.0,-1922.0,-2020.0,-2181.0,2257.0,-728.0
-1289.0,-201.0,-2458.0,-1918.0,-2016.0,-2178.0,2256.0,-729.0
-1289.0,-208.0,-2455.0,-1911.0,-2012.0,-2174.0,2254.0,-731.0
-1290.0,-207.0,-2455.0,-1906.0,-2012.0,-2175.0,2253.0,-736.0
-1292.0,-200.0,-2454.0,-1904.0,-2011.0,-2175.0,2251.0,-739.0
-1298.0,-185.0,-2453.0,-1902.0,-2011.0,-2175.0,2250.0,-742.0
-1302.0,-172.0,-2453.0,-1900.0,-2011.0,-2175.0,2249.0,-746.0
-1300.0,-166.0,-2453.0,-1899.0,-2011.0,-2175.0,2247.0,-748.0
-1300.0,-166.0,-2450.0,-1900.0,-2009.0,-2173.0,2246.0,-751.0
-1303.0,-168.0,-2446.0,-1899.0,-2005.0,-2170.0,2244.0,-753.0
-1301.0,-176.0,-2442.0,-1894.0,-2002.0,-2168.0,2243.0,-752.0
-1299.0,-185.0,-2438.0,-1888.0,-1998.0,-2166.0,2241.0,-755.0
-1302.0,-189.0,-2433.0,-1883.0,-1994.0,-2165.0,2240.0,-757.0
-1305.0,-185.0,-2431.0,-1880.0,-1993.0,-2165.0,2239.0,-759.0
-1305.0,-181.0,-2432.0,-1880.0,-1995.0,-2168.0,2237.0,-763.0
-1306.0,-173.0,-2433.0,-1879.0,-1995.0,-2170.0,2236.0,-771.0
-1301.0,-168.0,-2435.0,-1881.0,-1998.0,-2174.0,2234.0,-777.0
-1300.0,-162.0,-2435.0,-1883.0,-2001.0,-2177.0,2233.0,-779.0
-1303.0,-160.0,-2433.0,-1883.0,-1999.0,-2176.0,2232.0,-779.0
-1303.0,-166.0,-2430.0,-1884.0,-1998.0,-2176.0,2230.0,-784.0
-1302.0,-175.0,-2426.0,-1881.0,-1994.0,-2173.0,2229.0,-788.0
-1304.0,-182.0,-2421.0,-1876.0,-1989.0,-2168.0,2227.0,-786.0
-1307.0,-186.0,-2418.0,-1873.0,-1986.0,-2161.0,2226.0,-785.0
-1310.0,-185.0,-2418.0,-1872.0,-1984.0,-2154.0,2225.0,-786.0
-1310.0,-179.0,-2419.0,-1871.0,-1982.0,-2149.0,2223.0,-787.0
-1313.0,-168.0,-2419.0,-1870.0,-1982.0,-2149.0,2222.0,-790.0
-1314.0,-157.0,-2421.0,-1867.0,-1984.0,-2152.0,2220.0,-794.0
-1316.0,-148.0,-2420.0,-1857.0,-1984.0,-2153.0,2219.0,-797.0
-1315.0,-150.0,-2420.0,-1843.0,-1985.0,-2156.0,2218.0,-803.0
-1314.0,-156.0,-2418.0,-1828.0,-1985.0,-2156.0,2216.0,-804.0
-1316.0,-161.0,-2413.0,-1815.0,-1980.0,-2153.0,2215.0,-803.0
-1320.0,-166.0,-2408.0,-1807.0,-1975.0,-2149.0,2213.0,-801.0
-1322.0,-169.0,-2405.0,-1805.0,-1973.0,-2147.0,2212.0,-798.0
-1324.0,-167.0,-2404.0,-1808.0,-1973.0,-2147.0,2211.0,-795.0
-1325.0,-159.0,-2404.0,-1811.0,-1973.0,-2147.0,2209.0,-794.0
-1324.0,-151.0,-2405.0,-1820.0,-1974.0,-2147.0,2208.0,-795.0
-1326.0,-141.0,-2406.0,-1829.0,-1975.0,-2148.0,2207.0,-796.0
-1327.0,-134.0,-2406.0,-1836.0,-1976.0,-2149.0,2205.0,-797.0
-1328.0,-131.0,-2405.0,-1842.0,-1976.0,-2147.0,2204.0,-794.0
-1330.0,-133.0,-2402.0,-1844.0,-1973.0,-2144.0,2202.0,-793.0
-1336.0,-133.0,-2397.0,-1846.0,-1968.0,-2140.0,2201.0,-785.0
-1337.0,-140.0,-2392.0,-1848.0,-1964.0,-2137.0,2200.0,-779.0
-1338.0,-145.0,-2389.0,-1853.0,-1961.0,-2135.0,2198.0,-777.0
-1335.0,-146.0,-2389.0,-1861.0,-1962.0,-2136.0,2197.0,-774.0
-1333.0,-142.0,-2391.0,-1871.0,-1964.0,-2138.0,2195.0,-764.0
-1337.0,-132.0,-2393.0,-1882.0,-1967.0,-2142.0,2194.0,-752.0
-1341.0,-120.0,-2394.0,-1890.0,-1970.0,-2145.0,2193.0,-739.0
-1340.0,-115.0,-2395.0,-1899.0,-1971.0,-2147.0,2191.0,-706.0
-1340.0,-114.0,-2394.0,-1906.0,-1969.0,-2146.0,2190.0,-677.0
-1341.0,-118.0,-2392.0,-1912.0,-1968.0,-2146.0,2189.0,-653.0
-1336.0,-129.0,-2390.0,-1918.0,-1965.0,-2144.0,2187.0,-636.0
-1331.0,-140.0,-2388.0,-1925.0,-1964.0,-2146.0,2186.0,-621.0
-1330.0,-148.0,-2388.0,-1932.0,-1964.0,-2148.0,2184.0,-612.0
-1326.0,-152.0,-2390.0,-1941.0,-1967.0,-2153.0,2183.0,-599.0
-1323.0,-150.0,-2394.0,-1952.0,-1971.0,-2159.0,2182.0,-585.0
-1320.0,-145.0,-2400.0,-1961.0,-1978.0,-2165.0,2180.0,-571.0
-1318.0,-138.0,-2404.0,-1970.0,-1981.0,-2166.0,2179.0,-558.0
-1318.0,-134.0,-2406.0,-1977.0,-1981.0,-2164.0,2178.0,-545.0
-1319.0,-135.0,-2407.0,-1982.0,-1981.0,-2160.0,2176.0,-531.0
-1323.0,-136.0,-2405.0,-1984.0,-1978.0,-2155.0,2175.0,-515.0
-1324.0,-142.0,-2402.0,-1988.0,-1973.0,-2148.0,2173.0,-503.0
-1325.0,-150.0,-2399.0,-1994.0,-1969.0,-2142.0,2172.0,-492.0
-1325.0,-157.0,-2398.0,-2001.0,-1967.0,-2136.0,2171.0,-480.0
-1324.0,-159.0,-2399.0,-2010.0,-1967.0,-2134.0,2169.0,-469.0
-1328.0,-151.0,-2400.0,-2019.0,-1966.0,-2134.0,2168.0,-459.0
-1326.0,-144.0,-2403.0,-2030.0,-1968.0,-2138.0,2167.0,-453.0
-1326.0,-136.0,-2407.0,-2042.0,-1971.0,-2143.0,2165.0,-446.0
-1328.0,-130.0,-2408.0,-2051.0,-1973.0,-2146.0,2164.0,-438.0
-1329.0,-130.0,-2408.0,-2058.0,-1972.0,-2145.0,2163.0,-429.0
-1329.0,-136.0,-2406.0,-2061.0,-1971.0,-2143.0,2161.0,-421.0
-1332.0,-142.0,-2403.0,-2062.0,-1968.0,-2139.0,2160.0,-411.0
-1336.0,-147.0,-2399.0,-2063.0,-1964.0,-2137.0,2158.0,-402.0
-1338.0,-152.0,-2397.0,-2067.0,-1961.0,-2136.0,2157.0,-393.0
-1339.0,-152.0,-2397.0,-2072.0,-1961.0,-2136.0,2156.0,-385.0
-1341.0,-148.0,-2400.0,-2079.0,-1964.0,-2139.0,2154.0,-379.0
-1347.0,-139.0,-2402.0,-2085.0,-1966.0,-2141.0,2153.0,-373.0
-1349.0,-130.0,-2404.0,-2091.0,-1969.0,-2143.0,2152.0,-370.0
-1351.0,-123.0,-2405.0,-2096.0,-1969.0,-2145.0,2150.0,-365.0
-1355.0,-120.0,-2404.0,-2098.0,-1968.0,-2145.0,2149.0,-358.0
-1362.0,-119.0,-2400.0,-2099.0,-1966.0,-2143.0,2148.0,-350.0
-1365.0,-125.0,-2398.0,-2098.0,-1963.0,-2142.0,2146.0,-343.0
-1366.0,-132.0,-2394.0,-2093.0,-1960.0,-2139.0,2145.0,-335.0
-1364.0,-140.0,-2392.0,-2090.0,-1959.0,-2137.0,2144.0,-328.0
-1362.0,-144.0,-2393.0,-2089.0,-1959.0,-2139.0,2142.0,-323.0
-1358.0,-145.0,-2395.0,-2089.0,-1962.0,-2143.0,2141.0,-319.0
-1358.0,-138.0,-2397.0,-2090.0,-1965.0,-2147.0,2140.0,-314.0
-1361.0,-128.0,-2400.0,-2090.0,-1968.0,-2151.0,2138.0,-311.0
-1361.0,-124.0,-2402.0,-2090.0,-1970.0,-2154.0,2137.0,-311.0
-1362.0,-127.0,-2403.0,-2089.0,-1972.0,-2156.0,2136.0,-308.0
-1362.0,-133.0,-2402.0,-2089.0,-1972.0,-2155.0,2134.0,-302.0
-1363.0,-139.0,-2399.0,-2084.0,-1968.0,-2151.0,2133.0,-298.0
-1364.0,-147.0,-2397.0,-2082.0,-1965.0,-2148.0,2132.0,-295.0
-1366.0,-152.0,-2395.0,-2080.0,-1962.0,-2147.0,2130.0,-293.0
-1368.0,-150.0,-2394.0,-2080.0,-1962.0,-2148.0,2129.0,-291.0
-1369.0,-144.0,-2395.0,-2083.0,-1964.0,-2151.0,2127.0,-291.0
-1370.0,-137.0,-2398.0,-2087.0,-1967.0,-2153.0,2126.0,-290.0
-1373.0,-126.0,-2400.0,-2089.0,-1968.0,-2154.0,2125.0,-291.0
-1374.0,-121.0,-2402.0,-2092.0,-1970.0,-2155.0,2123.0,-291.0
-1375.0,-121.0,-2401.0,-2092.0,-1969.0,-2156.0,2122.0,-291.0
-1377.0,-124.0,-2400.0,-2090.0,-1968.0,-2155.0,2121.0,-289.0
-1377.0,-131.0,-2398.0,-2087.0,-1966.0,-2152.0,2119.0,-285.0
-1378.0,-139.0,-2395.0,-2083.0,-1961.0,-2147.0,2118.0,-280.0
-1380.0,-145.0,-2392.0,-2080.0,-1958.0,-2143.0,2117.0,-278.0
-1380.0,-144.0,-2392.0,-2078.0,-1957.0,-2142.0,2115.0,-275.0
-1381.0,-139.0,-2392.0,-2078.0,-1957.0,-2144.0,2114.0,-274.0
-1382.0,-130.0,-2394.0,-2080.0,-1960.0,-2147.0,2113.0,-275.0
-1382.0,-121.0,-2396.0,-2080.0,-1962.0,-2149.0,2112.0,-276.0
-1384.0,-113.0,-2397.0,-2080.0,-1962.0,-2150.0,2110.0,-276.0
-1386.0,-113.0,-2397.0,-2079.0,-1962.0,-2151.0,2109.0,-279.0
-1388.0,-116.0,-2394.0,-2075.0,-1960.0,-2149.0,2108.0,-278.0
-1391.0,-122.0,-2391.0,-2071.0,-1957.0,-2147.0,2106.0,-274.0
-1394.0,-128.0,-2387.0,-2067.0,-1954.0,-2144.0,2105.0,-272.0
-1398.0,-130.0,-2383.0,-2063.0,-1950.0,-2140.0,2104.0,-265.0
-1398.0,-129.0,-2382.0,-2061.0,-1950.0,-2140.0,2102.0,-260.0
-1396.0,-126.0,-2384.0,-2061.0,-1952.0,-2143.0,2101.0,-257.0
-1394.0,-119.0,-2385.0,-2061.0,-1952.0,-2143.0,2100.0,-256.0
-1396.0,-109.0,-2386.0,-2062.0,-1953.0,-2145.0,2098.0,-256.0
-1398.0,-102.0,-2387.0,-2062.0,-1955.0,-2146.0,2097.0,-256.0
-1399.0,-102.0,-2386.0,-2059.0,-1953.0,-2146.0,2096.0,-253.0
-1396.0,-108.0,-2384.0,-2055.0,-1952.0,-2145.0,2094.0,-249.0
-1395.0,-118.0,-2382.0,-2050.0,-1950.0,-2144.0,2093.0,-245.0
-1398.0,-124.0,-2379.0,-2042.0,-1947.0,-2141.0,2092.0,-238.0
-1400.0,-127.0,-2375.0,-2035.0,-1943.0,-2138.0,2090.0,-232.0
-1400.0,-127.0,-2374.0,-2031.0,-1942.0,-2137.0,2089.0,-228.0
-1398.0,-124.0,-2375.0,-2027.0,-1944.0,-2139.0,2088.0,-224.0
-1398.0,-117.0,-2378.0,-2023.0,-1946.0,-2142.0,2086.0,-225.0
-1400.0,-109.0,-2380.0,-2019.0,-1948.0,-2143.0,2085.0,-224.0
-1401.0,-104.0,-2381.0,-2015.0,-1949.0,-2142.0,2084.0,-222.0
-1401.0,-103.0,-2379.0,-2007.0,-1947.0,-2140.0,2083.0,-220.0
-1400.0,-108.0,-2378.0,-1997.0,-1945.0,-2139.0,2081.0,-220.0
-1400.0,-116.0,-2375.0,-1988.0,-1942.0,-2136.0,2080.0,-214.0
-1401.0,-122.0,-2372.0,-1977.0,-1940.0,-2134.0,2079.0,-210.0
-1402.0,-127.0,-2369.0,-1966.0,-1938.0,-2131.0,2077.0,-208.0
-1404.0,-125.0,-2367.0,-1955.0,-1936.0,-2130.0,2076.0,-206.0
-1404.0,-118.0,-2368.0,-1946.0,-1936.0,-2131.0,2075.0,-206.0
-1404.0,-111.0,-2370.0,-1938.0,-1938.0,-2133.0,2073.0,-208.0
-1404.0,-103.0,-2372.0,-1931.0,-1940.0,-2136.0,2072.0,-209.0
-1405.0,-96.0,-2373.0,-1923.0,-1941.0,-2137.0,2071.0,-208.0
-1404.0,-97.0,-2372.0,-1913.0,-1941.0,-2137.0,2069.0,-210.0
-1407.0,-99.0,-2370.0,-1902.0,-1938.0,-2136.0,2068.0,-210.0
-1410.0,-102.0,-2365.0,-1891.0,-1934.0,-2132.0,2067.0,-207.0
-1415.0,-105.0,-2359.0,-1881.0,-1929.0,-2127.0,2066.0,-205.0
-1416.0,-111.0,-2357.0,-1873.0,-1926.0,-2125.0,2064.0,-205.0
-1415.0,-111.0,-2357.0,-1869.0,-1925.0,-2125.0,2063.0,-204.0
-1414.0,-107.0,-2358.0,-1867.0,-1927.0,-2127.0,2062.0,-206.0
-1413.0,-99.0,-2359.0,-1865.0,-1929.0,-2129.0,2060.0,-209.0
-1412.0,-91.0,-2361.0,-1863.0,-1931.0,-2132.0,2059.0,-213.0
-1410.0,-89.0,-2362.0,-1861.0,-1933.0,-2135.0,2058.0,-216.0
-1409.0,-90.0,-2362.0,-1856.0,-1933.0,-2135.0,2056.0,-217.0
-1408.0,-97.0,-2360.0,-1851.0,-1931.0,-2134.0,2055.0,-220.0
-1407.0,-105.0,-2358.0,-1844.0,-1929.0,-2131.0,2054.0,-221.0
-1403.0,-115.0,-2355.0,-1836.0,-1927.0,-2128.0,2053.0,-221.0
-1401.0,-123.0,-2353.0,-1830.0,-1925.0,-2125.0,2051.0,-219.0
-1404.0,-120.0,-2353.0,-1824.0,-1924.0,-2125.0,2050.0,-217.0
-1404.0,-114.0,-2353.0,-1820.0,-1925.0,-2125.0,2049.0,-215.0
-1404.0,-105.0,-2355.0,-1817.0,-1926.0,-2127.0,2047.0,-216.0
-1407.0,-96.0,-2356.0,-1816.0,-1929.0,-2130.0,2046.0,-220.0
-1408.0,-89.0,-2357.0,-1816.0,-1930.0,-2131.0,2045.0,-225.0
-1407.0,-89.0,-2357.0,-1814.0,-1930.0,-2131.0,2044.0,-226.0
-1404.0,-95.0,-2355.0,-1811.0,-1928.0,-2129.0,2042.0,-227.0
-1404.0,-102.0,-2352.0,-1806.0,-1925.0,-2127.0,2041.0,-225.0
-1406.0,-109.0,-2350.0,-1800.0,-1922.0,-2124.0,2040.0,-224.0
-1405.0,-115.0,-2348.0,-1795.0,-1920.0,-2122.0,2038.0,-223.0
-1404.0,-115.0,-2348.0,-1789.0,-1920.0,-2122.0,2037.0,-223.0
-1404.0,-109.0,-2348.0,-1782.0,-1920.0,-2123.0,2036.0,-222.0
-1405.0,-102.0,-2350.0,-1776.0,-1923.0,-2125.0,2035.0,-225.0
-1402.0,-95.0,-2351.0,-1772.0,-1924.0,-2128.0,2033.0,-228.0
-1399.0,-90.0,-2353.0,-1768.0,-1925.0,-2130.0,2032.0,-230.0
-1398.0,-90.0,-2352.0,-1765.0,-1925.0,-2129.0,2031.0,-230.0
-1398.0,-93.0,-2350.0,-1759.0,-1923.0,-2127.0,2030.0,-231.0
-1397.0,-100.0,-2347.0,-1752.0,-1920.0,-2125.0,2028.0,-231.0
-1397.0,-107.0,-2343.0,-1746.0,-1917.0,-2121.0,2027.0,-229.0
-1398.0,-113.0,-2340.0,-1741.0,-1914.0,-2120.0,2026.0,-227.0
-1398.0,-113.0,-2339.0,-1739.0,-1913.0,-2120.0,2024.0,-226.0
-1398.0,-105.0,-2339.0,-1739.0,-1914.0,-2122.0,2023.0,-227.0
-1398.0,-99.0,-2341.0,-1740.0,-1917.0,-2124.0,2022.0,-231.0
-1398.0,-91.0,-2343.0,-1738.0,-1918.0,-2125.0,2021.0,-235.0
-1397.0,-83.0,-2343.0,-1735.0,-1918.0,-2125.0,2019.0,-239.0
-1399.0,-82.0,-2342.0,-1731.0,-1917.0,-2125.0,2018.0,-242.0
-1401.0,-85.0,-2339.0,-1729.0,-1915.0,-2124.0,2017.0,-244.0
-1399.0,-94.0,-2336.0,-1727.0,-1913.0,-2122.0,2016.0,-243.0
-1396.0,-103.0,-2333.0,-1728.0,-1910.0,-2119.0,2014.0,-242.0
-1398.0,-106.0,-2329.0,-1731.0,-1908.0,-2116.0,2013.0,-240.0
-1399.0,-105.0,-2327.0,-1735.0,-1905.0,-2113.0,2012.0,-239.0
-1398.0,-100.0,-2328.0,-1741.0,-1904.0,-2112.0,2010.0,-238.0
-1396.0,-93.0,-2329.0,-1746.0,-1905.0,-2112.0,2009.0,-242.0
-1396.0,-84.0,-2329.0,-1749.0,-1906.0,-2112.0,2008.0,-242.0
-1393.0,-79.0,-2329.0,-1751.0,-1906.0,-2113.0,2007.0,-247.0
-1390.0,-84.0,-2329.0,-1752.0,-1906.0,-2114.0,2005.0,-251.0
-1389.0,-89.0,-2326.0,-1751.0,-1904.0,-2114.0,2004.0,-251.0
-1388.0,-96.0,-2322.0,-1751.0,-1902.0,-2112.0,2003.0,-249.0
-1389.0,-102.0,-2318.0,-1748.0,-1898.0,-2107.0,2002.0,-246.0
-1391.0,-104.0,-2313.0,-1746.0,-1893.0,-2102.0,2000.0,-243.0
-1393.0,-100.0,-2310.0,-1747.0,-1890.0,-2100.0,1999.0,-236.0
-1393.0,-96.0,-2310.0,-1754.0,-1890.0,-2101.0,1998.0,-231.0
-1390.0,-92.0,-2312.0,-1764.0,-1892.0,-2104.0,1997.0,-230.0
-1389.0,-85.0,-2312.0,-1770.0,-1892.0,-2105.0,1995.0,-230.0
-1389.0,-80.0,-2312.0,-1774.0,-1891.0,-2105.0,1994.0,-230.0
-1388.0,-83.0,-2311.0,-1776.0,-1889.0,-2105.0,1993.0,-228.0
-1386.0,-88.0,-2309.0,-1775.0,-1885.0,-2103.0,1992.0,-227.0
-1385.0,-95.0,-2306.0,-1776.0,-1879.0,-2100.0,1990.0,-222.0
-1386.0,-100.0,-2303.0,-1778.0,-1873.0,-2098.0,1989.0,-220.0
-1386.0,-106.0,-2299.0,-1780.0,-1867.0,-2096.0,1988.0,-214.0
-1384.0,-107.0,-2298.0,-1781.0,-1862.0,-2095.0,1987.0,-195.0
-1383.0,-102.0,-2297.0,-1784.0,-1859.0,-2095.0,1985.0,-178.0
-1381.0,-95.0,-2297.0,-1788.0,-1856.0,-2095.0,1984.0,-168.0
-1384.0,-85.0,-2298.0,-1791.0,-1855.0,-2096.0,1983.0,-158.0
-1385.0,-81.0,-2299.0,-1792.0,-1854.0,-2098.0,1982.0,-152.0
-1382.0,-83.0,-2298.0,-1794.0,-1852.0,-2098.0,1980.0,-150.0
-1383.0,-86.0,-2295.0,-1792.0,-1849.0,-2097.0,1979.0,-146.0
-1382.0,-93.0,-2292.0,-1790.0,-1846.0,-2096.0,1978.0,-141.0
-1380.0,-101.0,-2289.0,-1786.0,-1844.0,-2094.0,1977.0,-135.0
-1382.0,-105.0,-2285.0,-1783.0,-1841.0,-2091.0,1975.0,-125.0
-1384.0,-104.0,-2284.0,-1783.0,-1839.0,-2091.0,1974.0,-117.0
-1383.0,-100.0,-2284.0,-1784.0,-1841.0,-2094.0,1973.0,-112.0
-1384.0,-92.0,-2285.0,-1785.0,-1843.0,-2096.0,1972.0,-111.0
-1386.0,-84.0,-2286.0,-1791.0,-1845.0,-2099.0,1970.0,-110.0
-1387.0,-80.0,-2286.0,-1799.0,-1847.0,-2100.0,1969.0,-108.0
-1388.0,-80.0,-2285.0,-1803.0,-1851.0,-2097.0,1968.0,-109.0
-1388.0,-86.0,-2283.0,-1805.0,-1860.0,-2092.0,1967.0,-107.0
-1387.0,-94.0,-2280.0,-1813.0,-1862.0,-2088.0,1965.0,-106.0
-1385.0,-102.0,-2276.0,-1821.0,-1858.0,-2083.0,1964.0,-101.0
-1386.0,-106.0,-2272.0,-1830.0,-1854.0,-2078.0,1963.0,-96.0
-1386.0,-106.0,-2271.0,-1847.0,-1853.0,-2077.0,1962.0,-95.0
-1387.0,-102.0,-2272.0,-1867.0,-1855.0,-2077.0,1961.0,-95.0
-1386.0,-94.0,-2274.0,-1881.0,-1858.0,-2079.0,1959.0,-90.0
-1384.0,-99.0,-2267.0,-1921.0,-1863.0,-2077.0,1952.0,-85.0
-1386.0,-101.0,-2264.0,-1927.0,-1861.0,-2074.0,1951.0,-81.0
-1385.0,-101.0,-2263.0,-1936.0,-1862.0,-2073.0,1949.0,-79.0
-1383.0,-96.0,-2262.0,-1948.0,-1863.0,-2073.0,1948.0,-81.0
-1384.0,-89.0,-2264.0,-1958.0,-1866.0,-2075.0,1947.0,-82.0
-1383.0,-83.0,-2267.0,-1965.0,-1870.0,-2079.0,1946.0,-81.0
-1386.0,-77.0,-2268.0,-1967.0,-1873.0,-2081.0,1945.0,-77.0
-1388.0,-76.0,-2267.0,-1969.0,-1873.0,-2081.0,1943.0,-68.0
-1385.0,-82.0,-2264.0,-1965.0,-1871.0,-2078.0,1942.0,-37.0
-1383.0,-88.0,-2260.0,-1959.0,-1868.0,-2074.0,1941.0,15.0
-1380.0,-95.0,-2256.0,-1952.0,-1865.0,-2071.0,1940.0,52.0
-1378.0,-100.0,-2252.0,-1944.0,-1862.0,-2067.0,1938.0,75.0
-1377.0,-97.0,-2249.0,-1939.0,-1860.0,-2065.0,1937.0,92.0
-1373.0,-92.0,-2247.0,-1940.0,-1860.0,-2064.0,1936.0,101.0
-1367.0,-86.0,-2247.0,-1945.0,-1861.0,-2063.0,1935.0,108.0
-1364.0,-78.0,-2247.0,-1954.0,-1863.0,-2065.0,1934.0,116.0
-1357.0,-77.0,-2248.0,-1968.0,-1866.0,-2068.0,1932.0,118.0
-1348.0,-82.0,-2248.0,-1981.0,-1868.0,-2071.0,1931.0,121.0
-1343.0,-87.0,-2245.0,-1989.0,-1866.0,-2068.0,1930.0,126.0
-1340.0,-94.0,-2240.0,-1996.0,-1862.0,-2064.0,1929.0,133.0
-1342.0,-98.0,-2235.0,-2003.0,-1859.0,-2059.0,1928.0,140.0
-1338.0,-105.0,-2231.0,-2007.0,-1857.0,-2054.0,1926.0,149.0
-1331.0,-109.0,-2228.0,-2007.0,-1856.0,-2052.0,1925.0,154.0
-1328.0,-104.0,-2227.0,-2006.0,-1855.0,-2050.0,1924.0,158.0
-1327.0,-95.0,-2225.0,-2008.0,-1854.0,-2049.0,1923.0,163.0
-1328.0,-83.0,-2224.0,-2010.0,-1856.0,-2050.0,1921.0,166.0
-1325.0,-81.0,-2225.0,-2013.0,-1859.0,-2053.0,1920.0,166.0
-1316.0,-85.0,-2225.0,-2016.0,-1860.0,-2053.0,1919.0,167.0
-1315.0,-85.0,-2222.0,-2020.0,-1856.0,-2049.0,1918.0,170.0
-1312.0,-90.0,-2218.0,-2027.0,-1853.0,-2044.0,1917.0,171.0
-1304.0,-101.0,-2216.0,-2032.0,-1851.0,-2038.0,1915.0,175.0
-1304.0,-105.0,-2212.0,-2033.0,-1847.0,-2030.0,1914.0,183.0
-1304.0,-104.0,-2210.0,-2035.0,-1844.0,-2026.0,1913.0,184.0
-1301.0,-101.0,-2212.0,-2038.0,-1845.0,-2025.0,1912.0,182.0
-1297.0,-97.0,-2214.0,-2041.0,-1846.0,-2026.0,1911.0,182.0
-1296.0,-90.0,-2214.0,-2043.0,-1847.0,-2027.0,1909.0,182.0
-1293.0,-84.0,-2214.0,-2047.0,-1847.0,-2027.0,1908.0,177.0
-1287.0,-83.0,-2214.0,-2050.0,-1847.0,-2026.0,1907.0,177.0
-1281.0,-87.0,-2212.0,-2053.0,-1844.0,-2023.0,1906.0,179.0
-1277.0,-92.0,-2208.0,-2056.0,-1839.0,-2019.0,1905.0,183.0
-1273.0,-97.0,-2203.0,-2056.0,-1834.0,-2014.0,1903.0,188.0
-1262.0,-103.0,-2200.0,-2054.0,-1829.0,-2009.0,1902.0,192.0
-1254.0,-107.0,-2200.0,-2057.0,-1827.0,-2007.0,1901.0,192.0
-1250.0,-105.0,-2202.0,-2060.0,-1828.0,-2007.0,1900.0,190.0
-1245.0,-102.0,-2206.0,-2065.0,-1829.0,-2009.0,1899.0,189.0
-1240.0,-97.0,-2210.0,-2069.0,-1831.0,-2011.0,1897.0,187.0
-1233.0,-95.0,-2214.0,-2072.0,-1832.0,-2011.0,1896.0,184.0
-1223.0,-99.0,-2216.0,-2075.0,-1832.0,-2011.0,1895.0,182.0
-1220.0,-102.0,-2218.0,-2081.0,-1832.0,-2011.0,1894.0,181.0
-1223.0,-105.0,-2218.0,-2086.0,-1833.0,-2013.0,1893.0,178.0
-1227.0,-109.0,-2218.0,-2089.0,-1832.0,-2013.0,1892.0,175.0
-1226.0,-116.0,-2218.0,-2091.0,-1831.0,-2014.0,1890.0,174.0
-1227.0,-115.0,-2219.0,-2092.0,-1832.0,-2016.0,1889.0,171.0
-1225.0,-113.0,-2220.0,-2093.0,-1833.0,-2016.0,1888.0,167.0
-1224.0,-107.0,-2222.0,-2092.0,-1834.0,-2016.0,1887.0,164.0
-1222.0,-101.0,-2224.0,-2090.0,-1836.0,-2017.0,1886.0,161.0
-1219.0,-99.0,-2226.0,-2084.0,-1836.0,-2018.0,1884.0,158.0
-1217.0,-99.0,-2227.0,-2079.0,-1838.0,-2019.0,1883.0,153.0
-1217.0,-101.0,-2225.0,-2069.0,-1836.0,-2015.0,1882.0,151.0
-1213.0,-108.0,-2224.0,-2058.0,-1834.0,-2012.0,1881.0,149.0
-1212.0,-115.0,-2222.0,-2045.0,-1831.0,-2009.0,1880.0,147.0
-1221.0,-114.0,-2220.0,-2034.0,-1828.0,-2005.0,1878.0,147.0
-1228.0,-111.0,-2220.0,-2025.0,-1829.0,-2005.0,1877.0,142.0
-1228.0,-112.0,-2223.0,-2020.0,-1831.0,-2008.0,1876.0,134.0
-1228.0,-109.0,-2228.0,-2017.0,-1836.0,-2012.0,1875.0,123.0
-1226.0,-103.0,-2230.0,-2013.0,-1840.0,-2010.0,1874.0,114.0
-1225.0,-98.0,-2230.0,-2006.0,-1842.0,-2008.0,1873.0,107.0
-1219.0,-101.0,-2229.0,-2000.0,-1843.0,-2007.0,1871.0,97.0
-1213.0,-106.0,-2226.0,-1992.0,-1843.0,-2004.0,1870.0,85.0
-1208.0,-115.0,-2222.0,-1983.0,-1842.0,-2001.0,1869.0,67.0
-1209.0,-119.0,-2218.0,-1973.0,-1839.0,-1996.0,1868.0,44.0
-1207.0,-124.0,-2215.0,-1967.0,-1836.0,-1992.0,1867.0,21.0
-1207.0,-124.0,-2213.0,-1967.0,-1835.0,-1990.0,1866.0,-4.0
-1205.0,-121.0,-2212.0,-1967.0,-1836.0,-1989.0,1864.0,-40.0
-1192.0,-120.0,-2214.0,-1966.0,-1838.0,-1989.0,1863.0,-85.0
-1187.0,-113.0,-2214.0,-1964.0,-1839.0,-1989.0,1862.0,-137.0
-1183.0,-108.0,-2214.0,-1962.0,-1839.0,-1987.0,1861.0,-182.0
-1173.0,-113.0,-2214.0,-1962.0,-1840.0,-1987.0,1860.0,-224.0
-1170.0,-119.0,-2212.0,-1960.0,-1838.0,-1985.0,1859.0,-254.0
-1169.0,-125.0,-2209.0,-1959.0,-1836.0,-1982.0,1857.0,-273.0
-1166.0,-133.0,-2205.0,-1954.0,-1834.0,-1979.0,1856.0,-282.0
-1160.0,-137.0,-2199.0,-1944.0,-1830.0,-1974.0,1855.0,-292.0
-1157.0,-135.0,-2195.0,-1935.0,-1827.0,-1970.0,1854.0,-306.0
-1152.0,-132.0,-2194.0,-1924.0,-1828.0,-1969.0,1853.0,-324.0
-1142.0,-130.0,-2196.0,-1909.0,-1829.0,-1970.0,1852.0,-338.0
-1137.0,-123.0,-2198.0,-1891.0,-1831.0,-1971.0,1850.0,-349.0
-1134.0,-118.0,-2200.0,-1876.0,-1832.0,-1971.0,1849.0,-351.0
-1132.0,-116.0,-2200.0,-1863.0,-1831.0,-1970.0,1848.0,-354.0
-1129.0,-119.0,-2199.0,-1850.0,-1828.0,-1966.0,1847.0,-359.0
-1130.0,-121.0,-2198.0,-1839.0,-1825.0,-1963.0,1846.0,-359.0
-1127.0,-125.0,-2195.0,-1827.0,-1822.0,-1958.0,1845.0,-357.0
-1120.0,-133.0,-2194.0,-1816.0,-1821.0,-1958.0,1843.0,-353.0
-1115.0,-136.0,-2194.0,-1807.0,-1821.0,-1958.0,1842.0,-353.0
-1113.0,-132.0,-2195.0,-1799.0,-1821.0,-1957.0,1841.0,-352.0
-1115.0,-119.0,-2192.0,-1788.0,-1819.0,-1953.0,1840.0,-343.0
-1114.0,-104.0,-2186.0,-1773.0,-1812.0,-1946.0,1839.0,-336.0
-1110.0,-92.0,-2175.0,-1752.0,-1800.0,-1935.0,1838.0,-330.0
-1108.0,-81.0,-2161.0,-1730.0,-1787.0,-1925.0,1836.0,-323.0
-1108.0,-74.0,-2146.0,-1707.0,-1772.0,-1913.0,1835.0,-314.0
-1108.0,-73.0,-2133.0,-1686.0,-1759.0,-1901.0,1834.0,-305.0
-1095.0,-85.0,-2127.0,-1670.0,-1748.0,-1889.0,1833.0,-296.0
-1078.0,-102.0,-2127.0,-1661.0,-1742.0,-1879.0,1832.0,-288.0
-1067.0,-118.0,-2131.0,-1656.0,-1742.0,-1877.0,1831.0,-287.0
-1052.0,-133.0,-2133.0,-1649.0,-1741.0,-1877.0,1830.0,-286.0
-1026.0,-153.0,-2137.0,-1640.0,-1740.0,-1878.0,1828.0,-285.0
-989.0,-176.0,-2145.0,-1636.0,-1740.0,-1879.0,1827.0,-285.0
-945.0,-205.0,-2153.0,-1630.0,-1739.0,-1879.0,1826.0,-280.0
-888.0,-247.0,-2161.0,-1621.0,-1734.0,-1875.0,1825.0,-273.0
-823.0,-293.0,-2171.0,-1612.0,-1725.0,-1865.0,1824.0,-265.0
-765.0,-332.0,-2181.0,-1609.0,-1719.0,-1857.0,1823.0,-262.0
-717.0,-375.0,-2195.0,-1617.0,-1725.0,-1861.0,1821.0,-261.0
-692.0,-411.0,-2215.0,-1638.0,-1747.0,-1881.0,1820.0,-268.0
-688.0,-423.0,-2241.0,-1671.0,-1776.0,-1906.0,1819.0,-273.0
-696.0,-418.0,-2273.0,-1715.0,-1807.0,-1928.0,1818.0,-275.0
-722.0,-395.0,-2304.0,-1764.0,-1836.0,-1948.0,1817.0,-274.0
-773.0,-354.0,-2325.0,-1807.0,-1865.0,-1968.0,1816.0,-275.0
-848.0,-302.0,-2338.0,-1840.0,-1891.0,-1989.0,1815.0,-283.0
-897.0,-267.0,-2346.0,-1867.0,-1913.0,-2007.0,1814.0,-290.0
-912.0,-258.0,-2355.0,-1888.0,-1929.0,-2018.0,1812.0,-291.0
-932.0,-257.0,-2360.0,-1899.0,-1941.0,-2028.0,1811.0,-291.0
-948.0,-265.0,-2360.0,-1898.0,-1947.0,-2035.0,1810.0,-293.0
-956.0,-268.0,-2355.0,-1887.0,-1942.0,-2032.0,1809.0,-291.0
-956.0,-265.0,-2349.0,-1873.0,-1933.0,-2026.0,1808.0,-286.0
-961.0,-253.0,-2344.0,-1861.0,-1927.0,-2020.0,1807.0,-281.0
-969.0,-239.0,-2337.0,-1848.0,-1918.0,-2014.0,1806.0,-277.0
-983.0,-224.0,-2327.0,-1831.0,-1909.0,-2008.0,1804.0,-278.0
-1002.0,-209.0,-2315.0,-1811.0,-1898.0,-2000.0,1803.0,-278.0
-1016.0,-195.0,-2302.0,-1792.0,-1886.0,-1990.0,1802.0,-277.0
-1023.0,-190.0,-2288.0,-1773.0,-1874.0,-1980.0,1801.0,-276.0
-1025.0,-190.0,-2275.0,-1752.0,-1861.0,-1969.0,1800.0,-277.0
-1020.0,-195.0,-2261.0,-1729.0,-1846.0,-1958.0,1799.0,-277.0
-1011.0,-198.0,-2246.0,-1706.0,-1831.0,-1945.0,1798.0,-276.0
-1000.0,-195.0,-2230.0,-1686.0,-1816.0,-1931.0,1796.0,-274.0
-987.0,-187.0,-2214.0,-1669.0,-1803.0,-1917.0,1795.0,-274.0
-968.0,-176.0,-2199.0,-1653.0,-1789.0,-1903.0,1794.0,-278.0
-950.0,-166.0,-2187.0,-1640.0,-1779.0,-1895.0,1793.0,-284.0
-932.0,-163.0,-2178.0,-1631.0,-1774.0,-1891.0,1792.0,-289.0
-919.0,-162.0,-2170.0,-1623.0,-1770.0,-1886.0,1791.0,-292.0
-913.0,-161.0,-2160.0,-1612.0,-1764.0,-1879.0,1790.0,-296.0
-908.0,-161.0,-2149.0,-1599.0,-1757.0,-1870.0,1789.0,-300.0
-899.0,-164.0,-2139.0,-1587.0,-1749.0,-1860.0,1787.0,-306.0
-895.0,-161.0,-2128.0,-1576.0,-1740.0,-1847.0,1786.0,-310.0
-887.0,-160.0,-2120.0,-1567.0,-1734.0,-1835.0,1785.0,-315.0
-879.0,-154.0,-2115.0,-1560.0,-1729.0,-1825.0,1784.0,-323.0
-871.0,-145.0,-2110.0,-1553.0,-1723.0,-1816.0,1783.0,-329.0
-864.0,-139.0,-2107.0,-1548.0,-1721.0,-1812.0,1782.0,-339.0
-859.0,-135.0,-2107.0,-1544.0,-1722.0,-1813.0,1781.0,-349.0
-849.0,-138.0,-2106.0,-1539.0,-1723.0,-1813.0,1780.0,-356.0
-840.0,-144.0,-2102.0,-1533.0,-1720.0,-1811.0,1778.0,-357.0
-835.0,-151.0,-2100.0,-1529.0,-1718.0,-1809.0,1777.0,-361.0
-834.0,-159.0,-2099.0,-1524.0,-1717.0,-1808.0,1776.0,-369.0
-842.0,-163.0,-2098.0,-1520.0,-1716.0,-1808.0,1775.0,-377.0
-849.0,-161.0,-2097.0,-1515.0,-1714.0,-1804.0,1774.0,-386.0
-849.0,-158.0,-2095.0,-1512.0,-1712.0,-1802.0,1773.0,-396.0
-850.0,-155.0,-2096.0,-1512.0,-1713.0,-1803.0,1772.0,-411.0
-854.0,-151.0,-2099.0,-1514.0,-1717.0,-1805.0,1771.0,-422.0
-859.0,-146.0,-2099.0,-1512.0,-1718.0,-1805.0,1770.0,-433.0
-862.0,-148.0,-2099.0,-1511.0,-1719.0,-1807.0,1768.0,-439.0
-866.0,-150.0,-2097.0,-1507.0,-1717.0,-1805.0,1767.0,-446.0
-865.0,-156.0,-2095.0,-1501.0,-1716.0,-1803.0,1766.0,-451.0
-867.0,-165.0,-2092.0,-1497.0,-1717.0,-1803.0,1765.0,-459.0
-863.0,-172.0,-2089.0,-1494.0,-1717.0,-1803.0,1764.0,-465.0
-862.0,-175.0,-2087.0,-1491.0,-1720.0,-1802.0,1763.0,-475.0
-868.0,-170.0,-2086.0,-1490.0,-1723.0,-1803.0,1762.0,-510.0
-870.0,-166.0,-2087.0,-1490.0,-1727.0,-1804.0,1761.0,-462.0
-872.0,-161.0,-2087.0,-1490.0,-1729.0,-1804.0,1760.0,-273.0
-871.0,-160.0,-2087.0,-1491.0,-1732.0,-1804.0,1758.0,-132.0
-870.0,-160.0,-2085.0,-1488.0,-1731.0,-1800.0,1757.0,-52.0
-867.0,-165.0,-2083.0,-1485.0,-1730.0,-1798.0,1756.0,-3.0
-870.0,-169.0,-2081.0,-1483.0,-1730.0,-1797.0,1755.0,15.0
-875.0,-174.0,-2081.0,-1482.0,-1727.0,-1797.0,1754.0,17.0
-883.0,-177.0,-2079.0,-1479.0,-1717.0,-1796.0,1753.0,17.0
-892.0,-176.0,-2079.0,-1478.0,-1711.0,-1799.0,1752.0,13.0
-894.0,-169.0,-2080.0,-1478.0,-1708.0,-1802.0,1751.0,3.0
-892.0,-161.0,-2081.0,-1476.0,-1706.0,-1804.0,1750.0,-10.0
-885.0,-155.0,-2081.0,-1475.0,-1704.0,-1804.0,1749.0,-52.0
-885.0,-152.0,-2083.0,-1476.0,-1705.0,-1803.0,1747.0,-100.0
-892.0,-152.0,-2084.0,-1476.0,-1703.0,-1798.0,1746.0,-136.0
-892.0,-158.0,-2084.0,-1473.0,-1700.0,-1791.0,1745.0,-165.0
-890.0,-166.0,-2083.0,-1470.0,-1698.0,-1785.0,1744.0,-190.0
-894.0,-167.0,-2080.0,-1465.0,-1693.0,-1779.0,1743.0,-210.0
-898.0,-167.0,-2077.0,-1460.0,-1689.0,-1774.0,1742.0,-238.0
-893.0,-168.0,-2076.0,-1457.0,-1687.0,-1774.0,1741.0,-293.0
-888.0,-164.0,-2076.0,-1456.0,-1688.0,-1774.0,1740.0,-321.0
-883.0,-161.0,-2078.0,-1456.0,-1689.0,-1776.0,1739.0,-339.0
-881.0,-157.0,-2081.0,-1457.0,-1690.0,-1779.0,1738.0,-356.0
-882.0,-150.0,-2082.0,-1457.0,-1689.0,-1778.0,1737.0,-372.0
-881.0,-148.0,-2081.0,-1456.0,-1689.0,-1777.0,1735.0,-383.0
-879.0,-153.0,-2082.0,-1455.0,-1688.0,-1775.0,1734.0,-392.0
-877.0,-159.0,-2080.0,-1452.0,-1685.0,-1771.0,1733.0,-403.0
-873.0,-164.0,-2076.0,-1448.0,-1680.0,-1766.0,1732.0,-413.0
-871.0,-167.0,-2073.0,-1444.0,-1676.0,-1761.0,1731.0,-419.0
-872.0,-164.0,-2071.0,-1441.0,-1672.0,-1757.0,1730.0,-428.0
-874.0,-157.0,-2072.0,-1439.0,-1670.0,-1753.0,1729.0,-440.0
-885.0,-147.0,-2074.0,-1440.0,-1670.0,-1753.0,1728.0,-452.0
-894.0,-137.0,-2077.0,-1442.0,-1674.0,-1756.0,1727.0,-465.0
-899.0,-130.0,-2078.0,-1443.0,-1677.0,-1758.0,1726.0,-474.0
-902.0,-128.0,-2079.0,-1443.0,-1678.0,-1758.0,1725.0,-481.0
-898.0,-135.0,-2078.0,-1441.0,-1677.0,-1757.0,1723.0,-487.0
-891.0,-143.0,-2078.0,-1439.0,-1675.0,-1755.0,1722.0,-490.0
-888.0,-151.0,-2078.0,-1436.0,-1673.0,-1754.0,1721.0,-491.0
-889.0,-157.0,-2077.0,-1431.0,-1671.0,-1752.0,1720.0,-492.0
-893.0,-161.0,-2079.0,-1431.0,-1673.0,-1752.0,1719.0,-499.0
-898.0,-159.0,-2081.0,-1432.0,-1675.0,-1753.0,1718.0,-513.0
-902.0,-153.0,-2083.0,-1432.0,-1677.0,-1756.0,1717.0,-538.0
-908.0,-142.0,-2083.0,-1430.0,-1677.0,-1755.0,1716.0,-548.0
-912.0,-131.0,-2082.0,-1425.0,-1676.0,-1755.0,1715.0,-554.0
-911.0,-125.0,-2079.0,-1419.0,-1674.0,-1751.0,1714.0,-559.0
-908.0,-124.0,-2075.0,-1411.0,-1666.0,-1745.0,1713.0,-559.0
-909.0,-125.0,-2071.0,-1404.0,-1661.0,-1739.0,1712.0,-558.0
-909.0,-132.0,-2069.0,-1399.0,-1658.0,-1736.0,1711.0,-552.0
-908.0,-139.0,-2069.0,-1394.0,-1656.0,-1732.0,1709.0,-549.0
-905.0,-142.0,-2069.0,-1391.0,-1654.0,-1729.0,1708.0,-560.0
-903.0,-141.0,-2071.0,-1390.0,-1655.0,-1728.0,1707.0,-572.0
-903.0,-139.0,-2074.0,-1390.0,-1658.0,-1731.0,1706.0,-580.0
-901.0,-134.0,-2077.0,-1391.0,-1661.0,-1735.0,1705.0,-587.0
-900.0,-129.0,-2078.0,-1392.0,-1663.0,-1738.0,1704.0,-601.0
-898.0,-129.0,-2079.0,-1393.0,-1663.0,-1739.0,1703.0,-633.0
-899.0,-132.0,-2078.0,-1392.0,-1662.0,-1738.0,1702.0,-661.0
-901.0,-134.0,-2077.0,-1388.0,-1659.0,-1734.0,1701.0,-671.0
-900.0,-139.0,-2077.0,-1386.0,-1657.0,-1732.0,1700.0,-671.0
-904.0,-141.0,-2077.0,-1384.0,-1657.0,-1732.0,1699.0,-671.0
-907.0,-144.0,-2080.0,-1382.0,-1659.0,-1735.0,1698.0,-676.0
-917.0,-140.0,-2084.0,-1381.0,-1661.0,-1737.0,1697.0,-686.0
-931.0,-128.0,-2084.0,-1377.0,-1661.0,-1732.0,1696.0,-693.0
-940.0,-118.0,-2085.0,-1373.0,-1661.0,-1729.0,1694.0,-701.0
-945.0,-112.0,-2086.0,-1369.0,-1664.0,-1731.0,1693.0,-710.0
-950.0,-108.0,-2087.0,-1365.0,-1664.0,-1731.0,1692.0,-713.0
-956.0,-107.0,-2086.0,-1359.0,-1663.0,-1730.0,1691.0,-715.0
-962.0,-110.0,-2085.0,-1352.0,-1662.0,-1730.0,1690.0,-715.0
-973.0,-116.0,-2087.0,-1347.0,-1662.0,-1731.0,1689.0,-716.0
-985.0,-121.0,-2089.0,-1340.0,-1662.0,-1732.0,1688.0,-716.0
-985.0,-118.0,-2088.0,-1329.0,-1660.0,-1732.0,1687.0,-716.0
-982.0,-113.0,-2088.0,-1321.0,-1659.0,-1732.0,1686.0,-720.0
-989.0,-107.0,-2089.0,-1319.0,-1661.0,-1734.0,1685.0,-727.0
-990.0,-103.0,-2092.0,-1319.0,-1664.0,-1737.0,1684.0,-732.0
-980.0,-101.0,-2093.0,-1318.0,-1664.0,-1737.0,1683.0,-737.0
-971.0,-102.0,-2093.0,-1316.0,-1663.0,-1735.0,1682.0,-743.0
-971.0,-104.0,-2094.0,-1317.0,-1663.0,-1735.0,1681.0,-747.0
-977.0,-110.0,-2097.0,-1320.0,-1663.0,-1736.0,1680.0,-754.0
-990.0,-112.0,-2098.0,-1322.0,-1663.0,-1738.0,1679.0,-763.0
-1005.0,-113.0,-2098.0,-1326.0,-1664.0,-1741.0,1677.0,-770.0
-1032.0,-108.0,-2102.0,-1333.0,-1669.0,-1746.0,1676.0,-781.0
-1053.0,-103.0,-2108.0,-1338.0,-1676.0,-1748.0,1675.0,-795.0
-1062.0,-91.0,-2110.0,-1337.0,-1675.0,-1746.0,1674.0,-806.0
-1065.0,-81.0,-2112.0,-1337.0,-1676.0,-1747.0,1673.0,-817.0
-1062.0,-80.0,-2114.0,-1339.0,-1679.0,-1749.0,1672.0,-827.0
-1058.0,-83.0,-2116.0,-1339.0,-1679.0,-1748.0,1671.0,-835.0
-1053.0,-87.0,-2114.0,-1336.0,-1677.0,-1745.0,1670.0,-838.0
-1050.0,-92.0,-2112.0,-1332.0,-1675.0,-1742.0,1669.0,-838.0
-1051.0,-95.0,-2110.0,-1328.0,-1674.0,-1738.0,1668.0,-840.0
-1049.0,-98.0,-2109.0,-1324.0,-1671.0,-1731.0,1667.0,-841.0
-1041.0,-99.0,-2110.0,-1323.0,-1669.0,-1728.0,1666.0,-842.0
-1038.0,-96.0,-2112.0,-1323.0,-1670.0,-1728.0,1665.0,-844.0
-1044.0,-89.0,-2116.0,-1326.0,-1674.0,-1731.0,1664.0,-850.0
-1051.0,-83.0,-2122.0,-1330.0,-1677.0,-1734.0,1663.0,-856.0
-1054.0,-83.0,-2125.0,-1334.0,-1681.0,-1738.0,1662.0,-861.0
-1048.0,-89.0,-2128.0,-1339.0,-1683.0,-1740.0,1661.0,-865.0
-1050.0,-96.0,-2131.0,-1342.0,-1686.0,-1743.0,1660.0,-868.0
-1051.0,-102.0,-2133.0,-1345.0,-1687.0,-1745.0,1659.0,-871.0
-1052.0,-106.0,-2134.0,-1348.0,-1688.0,-1746.0,1658.0,-872.0
-1056.0,-109.0,-2135.0,-1352.0,-1689.0,-1747.0,1657.0,-875.0
-1058.0,-109.0,-2138.0,-1355.0,-1689.0,-1746.0,1655.0,-878.0
-1048.0,-104.0,-2140.0,-1355.0,-1687.0,-1742.0,1654.0,-877.0
-1044.0,-96.0,-2142.0,-1355.0,-1686.0,-1741.0,1653.0,-877.0
-1045.0,-88.0,-2146.0,-1357.0,-1689.0,-1745.0,1652.0,-879.0
-1057.0,-86.0,-2151.0,-1360.0,-1694.0,-1754.0,1651.0,-888.0
-1069.0,-87.0,-2156.0,-1363.0,-1699.0,-1763.0,1650.0,-893.0
-1075.0,-91.0,-2160.0,-1365.0,-1703.0,-1767.0,1649.0,-896.0
-1085.0,-95.0,-2162.0,-1364.0,-1705.0,-1764.0,1648.0,-897.0
-1090.0,-103.0,-2162.0,-1361.0,-1703.0,-1758.0,1647.0,-901.0
-1088.0,-111.0,-2161.0,-1358.0,-1699.0,-1753.0,1646.0,-902.0
-1091.0,-109.0,-2160.0,-1356.0,-1696.0,-1747.0,1645.0,-901.0
-1092.0,-106.0,-2161.0,-1357.0,-1695.0,-1743.0,1644.0,-903.0
-1078.0,-106.0,-2162.0,-1359.0,-1694.0,-1740.0,1643.0,-902.0
-1068.0,-99.0,-2162.0,-1358.0,-1691.0,-1737.0,1642.0,-900.0
-1066.0,-91.0,-2162.0,-1357.0,-1689.0,-1736.0,1641.0,-898.0
-1070.0,-86.0,-2162.0,-1357.0,-1687.0,-1734.0,1640.0,-897.0
-1079.0,-85.0,-2161.0,-1356.0,-1684.0,-1731.0,1639.0,-899.0
-1090.0,-85.0,-2160.0,-1354.0,-1681.0,-1730.0,1638.0,-896.0
-1101.0,-88.0,-2159.0,-1353.0,-1680.0,-1732.0,1637.0,-895.0
-1106.0,-90.0,-2159.0,-1351.0,-1678.0,-1733.0,1636.0,-897.0
-1109.0,-88.0,-2160.0,-1351.0,-1678.0,-1736.0,1635.0,-899.0
-1112.0,-81.0,-2161.0,-1352.0,-1677.0,-1738.0,1634.0,-900.0
-1114.0,-74.0,-2160.0,-1353.0,-1676.0,-1739.0,1633.0,-900.0
-1118.0,-70.0,-2162.0,-1356.0,-1678.0,-1741.0,1632.0,-902.0
-1130.0,-66.0,-2166.0,-1358.0,-1679.0,-1739.0,1631.0,-907.0
-1148.0,-60.0,-2165.0,-1356.0,-1676.0,-1734.0,1630.0,-908.0
-1161.0,-58.0,-2163.0,-1355.0,-1672.0,-1727.0,1629.0,-908.0
-1162.0,-65.0,-2163.0,-1355.0,-1670.0,-1724.0,1628.0,-912.0
-1157.0,-71.0,-2162.0,-1353.0,-1666.0,-1721.0,1627.0,-910.0
-1153.0,-77.0,-2161.0,-1353.0,-1663.0,-1718.0,1626.0,-910.0
-1155.0,-77.0,-2163.0,-1355.0,-1662.0,-1719.0,1625.0,-913.0
-1158.0,-73.0,-2165.0,-1358.0,-1662.0,-1720.0,1624.0,-915.0
-1162.0,-67.0,-2171.0,-1363.0,-1664.0,-1724.0,1623.0,-920.0
-1157.0,-62.0,-2173.0,-1367.0,-1665.0,-1726.0,1621.0,-922.0
-1153.0,-60.0,-2174.0,-1370.0,-1664.0,-1727.0,1620.0,-923.0
-1153.0,-63.0,-2176.0,-1373.0,-1663.0,-1729.0,1619.0,-927.0
-1160.0,-68.0,-2178.0,-1375.0,-1664.0,-1734.0,1618.0,-933.0
-1172.0,-72.0,-2180.0,-1379.0,-1667.0,-1741.0,1617.0,-937.0
-1181.0,-78.0,-2181.0,-1381.0,-1667.0,-1743.0,1616.0,-937.0
-1190.0,-83.0,-2179.0,-1383.0,-1666.0,-1741.0,1615.0,-935.0
-1197.0,-81.0,-2179.0,-1385.0,-1665.0,-1737.0,1614.0,-935.0
-1196.0,-77.0,-2179.0,-1386.0,-1662.0,-1731.0,1613.0,-935.0
-1198.0,-70.0,-2180.0,-1387.0,-1659.0,-1727.0,1612.0,-936.0
-1194.0,-64.0,-2182.0,-1390.0,-1658.0,-1727.0,1611.0,-933.0
-1188.0,-59.0,-2184.0,-1392.0,-1657.0,-1729.0,1610.0,-932.0
-1174.0,-61.0,-2185.0,-1392.0,-1655.0,-1728.0,1609.0,-925.0
-1164.0,-67.0,-2186.0,-1393.0,-1653.0,-1723.0,1608.0,-919.0
-1166.0,-73.0,-2187.0,-1396.0,-1651.0,-1719.0,1607.0,-914.0
-1175.0,-78.0,-2188.0,-1398.0,-1649.0,-1720.0,1606.0,-908.0
-1178.0,-83.0,-2189.0,-1401.0,-1649.0,-1722.0,1605.0,-904.0
-1179.0,-85.0,-2189.0,-1403.0,-1650.0,-1723.0,1604.0,-900.0
-1179.0,-83.0,-2191.0,-1407.0,-1652.0,-1725.0,1603.0,-900.0
-1184.0,-79.0,-2197.0,-1414.0,-1656.0,-1732.0,1602.0,-903.0
-1191.0,-72.0,-2202.0,-1420.0,-1660.0,-1739.0,1601.0,-906.0
-1198.0,-65.0,-2203.0,-1423.0,-1662.0,-1741.0,1600.0,-908.0
-1206.0,-62.0,-2204.0,-1423.0,-1663.0,-1739.0,1599.0,-907.0
-1202.0,-61.0,-2201.0,-1418.0,-1657.0,-1732.0,1598.0,-903.0
-1198.0,-63.0,-2194.0,-1412.0,-1649.0,-1724.0,1597.0,-900.0
-1202.0,-65.0,-2189.0,-1407.0,-1642.0,-1717.0,1596.0,-899.0
-1208.0,-63.0,-2187.0,-1405.0,-1638.0,-1714.0,1595.0,-897.0
-1217.0,-56.0,-2184.0,-1402.0,-1635.0,-1711.0,1594.0,-895.0
-1223.0,-48.0,-2183.0,-1401.0,-1634.0,-1707.0,1593.0,-895.0
-1224.0,-37.0,-2182.0,-1401.0,-1631.0,-1702.0,1592.0,-893.0
-1219.0,-32.0,-2181.0,-1399.0,-1627.0,-1696.0,1591.0,-890.0
-1216.0,-28.0,-2179.0,-1398.0,-1624.0,-1693.0,1590.0,-887.0
-1215.0,-31.0,-2179.0,-1399.0,-1625.0,-1694.0,1589.0,-888.0
-1214.0,-36.0,-2179.0,-1400.0,-1626.0,-1694.0,1588.0,-888.0
-1210.0,-41.0,-2177.0,-1396.0,-1624.0,-1693.0,1587.0,-884.0
-1223.0,-41.0,-2170.0,-1392.0,-1621.0,-1689.0,1586.0,-882.0
-1237.0,-38.0,-2161.0,-1387.0,-1617.0,-1684.0,1585.0,-882.0
-1239.0,-34.0,-2151.0,-1383.0,-1611.0,-1678.0,1584.0,-879.0
-1236.0,-30.0,-2145.0,-1382.0,-1609.0,-1679.0,1583.0,-881.0
-1239.0,-20.0,-2141.0,-1381.0,-1609.0,-1682.0,1582.0,-882.0
-1253.0,-6.0,-2138.0,-1380.0,-1609.0,-1683.0,1581.0,-885.0
-1265.0,2.0,-2138.0,-1380.0,-1609.0,-1682.0,1580.0,-892.0
-1272.0,4.0,-2139.0,-1382.0,-1611.0,-1683.0,1579.0,-898.0
-1272.0,1.0,-2136.0,-1382.0,-1611.0,-1682.0,1578.0,-902.0
-1270.0,-10.0,-2132.0,-1384.0,-1612.0,-1684.0,1577.0,-907.0
-1271.0,-23.0,-2132.0,-1390.0,-1616.0,-1688.0,1576.0,-911.0
-1266.0,-38.0,-2133.0,-1397.0,-1622.0,-1694.0,1575.0,-917.0
-1259.0,-49.0,-2137.0,-1405.0,-1629.0,-1700.0,1574.0,-926.0
-1263.0,-50.0,-2141.0,-1411.0,-1634.0,-1704.0,1573.0,-939.0
-1273.0,-42.0,-2144.0,-1418.0,-1639.0,-1711.0,1572.0,-947.0
-1280.0,-37.0,-2148.0,-1427.0,-1646.0,-1721.0,1571.0,-955.0
-1278.0,-36.0,-2152.0,-1432.0,-1649.0,-1726.0,1570.0,-961.0
-1281.0,-36.0,-2154.0,-1433.0,-1649.0,-1725.0,1569.0,-968.0
-1284.0,-36.0,-2155.0,-1433.0,-1647.0,-1723.0,1568.0,-971.0
-1281.0,-37.0,-2152.0,-1429.0,-1640.0,-1715.0,1567.0,-969.0
-1285.0,-35.0,-2149.0,-1426.0,-1635.0,-1709.0,1566.0,-971.0
-1292.0,-35.0,-2148.0,-1424.0,-1632.0,-1704.0,1565.0,-971.0
-1298.0,-33.0,-2150.0,-1424.0,-1632.0,-1702.0,1564.0,-972.0
-1310.0,-27.0,-2152.0,-1426.0,-1633.0,-1705.0,1563.0,-974.0
-1324.0,-19.0,-2153.0,-1429.0,-1635.0,-1709.0,1562.0,-978.0
-1333.0,-9.0,-2152.0,-1429.0,-1634.0,-1710.0,1561.0,-983.0
-1347.0,0.0,-2152.0,-1430.0,-1635.0,-1712.0,1560.0,-992.0
-1363.0,5.0,-2149.0,-1431.0,-1634.0,-1711.0,1559.0,-1003.0
-1369.0,5.0,-2142.0,-1427.0,-1628.0,-1701.0,1559.0,-1013.0
-1375.0,5.0,-2136.0,-1423.0,-1621.0,-1689.0,1558.0,-1023.0
-1378.0,5.0,-2132.0,-1420.0,-1617.0,-1683.0,1557.0,-1025.0
-1384.0,7.0,-2126.0,-1415.0,-1610.0,-1678.0,1556.0,-1020.0
-1395.0,13.0,-2123.0,-1413.0,-1606.0,-1676.0,1555.0,-1000.0
-1408.0,23.0,-2123.0,-1414.0,-1607.0,-1679.0,1554.0,-958.0
-1420.0,36.0,-2122.0,-1414.0,-1607.0,-1683.0,1553.0,-935.0
-1418.0,47.0,-2120.0,-1413.0,-1606.0,-1684.0,1552.0,-920.0
-1413.0,46.0,-2119.0,-1415.0,-1608.0,-1688.0,1551.0,-915.0
-1422.0,41.0,-2123.0,-1421.0,-1614.0,-1696.0,1550.0,-927.0
-1429.0,36.0,-2122.0,-1422.0,-1615.0,-1698.0,1549.0,-949.0
-1418.0,27.0,-2118.0,-1420.0,-1612.0,-1695.0,1548.0,-960.0
-1403.0,17.0,-2113.0,-1417.0,-1608.0,-1691.0,1547.0,-979.0
-1384.0,13.0,-2107.0,-1409.0,-1600.0,-1684.0,1546.0,-948.0
-1373.0,17.0,-2102.0,-1404.0,-1594.0,-1678.0,1545.0,-931.0
-1366.0,26.0,-2098.0,-1399.0,-1590.0,-1670.0,1544.0,-947.0
-1360.0,39.0,-2093.0,-1392.0,-1582.0,-1660.0,1543.0,-901.0
-1366.0,58.0,-2091.0,-1387.0,-1577.0,-1654.0,1542.0,-856.0
-1364.0,62.0,-2092.0,-1385.0,-1576.0,-1653.0,1541.0,-796.0
-1347.0,53.0,-2095.0,-1386.0,-1578.0,-1657.0,1540.0,-744.0
-1322.0,39.0,-2094.0,-1385.0,-1578.0,-1658.0,1539.0,-704.0
-1305.0,24.0,-2092.0,-1384.0,-1578.0,-1659.0,1538.0,-676.0
-1289.0,11.0,-2089.0,-1380.0,-1576.0,-1656.0,1537.0,-670.0
-1270.0,5.0,-2086.0,-1375.0,-1569.0,-1647.0,1536.0,-694.0
-1263.0,16.0,-2079.0,-1367.0,-1561.0,-1635.0,1535.0,-705.0
-1264.0,34.0,-2073.0,-1360.0,-1554.0,-1625.0,1534.0,-675.0
-1258.0,47.0,-2068.0,-1352.0,-1545.0,-1616.0,1533.0,-649.0
-1252.0,54.0,-2068.0,-1350.0,-1544.0,-1614.0,1532.0,-656.0
-1241.0,56.0,-2067.0,-1347.0,-1542.0,-1610.0,1531.0,-668.0
-1223.0,52.0,-2066.0,-1342.0,-1535.0,-1603.0,1530.0,-673.0
-1195.0,45.0,-2075.0,-1339.0,-1526.0,-1595.0,1529.0,-684.0
-1163.0,40.0,-2094.0,-1337.0,-1517.0,-1583.0,1528.0,-703.0
-1128.0,37.0,-2117.0,-1336.0,-1510.0,-1570.0,1527.0,-729.0
-1107.0,36.0,-2137.0,-1333.0,-1507.0,-1560.0,1527.0,-745.0
-1096.0,39.0,-2147.0,-1328.0,-1502.0,-1554.0,1526.0,-753.0
-1101.0,48.0,-2148.0,-1325.0,-1501.0,-1555.0,1525.0,-759.0
-1097.0,54.0,-2148.0,-1327.0,-1505.0,-1563.0,1524.0,-758.0
-1097.0,65.0,-2143.0,-1325.0,-1505.0,-1569.0,1523.0,-729.0
-1111.0,75.0,-2140.0,-1326.0,-1507.0,-1574.0,1522.0,-687.0
-1111.0,67.0,-2141.0,-1328.0,-1509.0,-1580.0,1521.0,-633.0
-1099.0,57.0,-2137.0,-1326.0,-1507.0,-1581.0,1520.0,-568.0
-1088.0,53.0,-2129.0,-1319.0,-1501.0,-1575.0,1519.0,-520.0
-1075.0,44.0,-2121.0,-1311.0,-1494.0,-1568.0,1518.0,-490.0
-1065.0,38.0,-2115.0,-1304.0,-1487.0,-1560.0,1517.0,-469.0
-1050.0,28.0,-2115.0,-1304.0,-1487.0,-1560.0,1516.0,-458.0
-1044.0,26.0,-2117.0,-1307.0,-1490.0,-1561.0,1515.0,-450.0
-1052.0,39.0,-2118.0,-1308.0,-1490.0,-1560.0,1514.0,-441.0
-1042.0,39.0,-2121.0,-1309.0,-1491.0,-1560.0,1513.0,-438.0
-1025.0,33.0,-2128.0,-1312.0,-1496.0,-1566.0,1512.0,-441.0
-1017.0,30.0,-2134.0,-1316.0,-1500.0,-1570.0,1511.0,-428.0
-1017.0,27.0,-2136.0,-1314.0,-1498.0,-1567.0,1510.0,-402.0
-1016.0,26.0,-2137.0,-1308.0,-1493.0,-1561.0,1509.0,-352.0
-1019.0,34.0,-2133.0,-1299.0,-1485.0,-1554.0,1508.0,-292.0
-1023.0,39.0,-2131.0,-1292.0,-1480.0,-1552.0,1507.0,-253.0
-1024.0,46.0,-2132.0,-1288.0,-1477.0,-1553.0,1506.0,-231.0
-1022.0,55.0,-2136.0,-1285.0,-1474.0,-1554.0,1506.0,-219.0
-1012.0,57.0,-2146.0,-1287.0,-1478.0,-1556.0,1505.0,-217.0
-997.0,50.0,-2161.0,-1297.0,-1487.0,-1559.0,1504.0,-198.0
-982.0,39.0,-2174.0,-1304.0,-1493.0,-1560.0,1503.0,-85.0
-959.0,28.0,-2181.0,-1306.0,-1493.0,-1559.0,1502.0,30.0
-931.0,10.0,-2187.0,-1307.0,-1495.0,-1562.0,1501.0,104.0
-901.0,-12.0,-2194.0,-1310.0,-1501.0,-1567.0,1500.0,147.0
-874.0,-22.0,-2193.0,-1305.0,-1497.0,-1562.0,1499.0,309.0
-886.0,-11.0,-2190.0,-1298.0,-1491.0,-1555.0,1498.0,975.0
-901.0,4.0,-2191.0,-1293.0,-1487.0,-1551.0,1497.0,2777.0
-913.0,19.0,-2197.0,-1294.0,-1488.0,-1552.0,1496.0,5547.0
-948.0,39.0,-2202.0,-1297.0,-1493.0,-1556.0,1495.0,10542.0
-962.0,51.0,-2207.0,-1299.0,-1499.0,-1558.0,1494.0,18597.0
-970.0,53.0,-2212.0,-1303.0,-1505.0,-1560.0,1493.0,27114.0
-971.0,53.0,-2216.0,-1303.0,-1505.0,-1558.0,1492.0,-29955.0
-955.0,51.0,-2220.0,-1303.0,-1503.0,-1559.0,1491.0,-21571.0
-929.0,47.0,-2221.0,-1300.0,-1499.0,-1559.0,1490.0,-13279.0
-903.0,36.0,-2223.0,-1297.0,-1496.0,-1561.0,1490.0,-5094.0
-889.0,27.0,-2223.0,-1295.0,-1495.0,-1563.0,1489.0,0.0
-870.0,27.0,-2218.0,-1288.0,-1491.0,-1561.0,1488.0,0.0
-855.0,28.0,-2215.0,-1284.0,-1489.0,-1560.0,1487.0,0.0
-859.0,29.0,-2219.0,-1289.0,-1493.0,-1567.0,1486.0,0.0
-855.0,24.0,-2228.0,-1298.0,-1501.0,-1574.0,1485.0,0.0
-842.0,14.0,-2238.0,-1309.0,-1510.0,-1579.0,1484.0,0.0
-831.0,3.0,-2242.0,-1314.0,-1519.0,-1581.0,1483.0,0.0
-812.0,-21.0,-2248.0,-1321.0,-1530.0,-1587.0,1482.0,0.0
-829.0,-23.0,-2247.0,-1322.0,-1537.0,-1594.0,1481.0,0.0
-864.0,-9.0,-2241.0,-1320.0,-1539.0,-1590.0,1480.0,-301.0
-871.0,-1.0,-2235.0,-1314.0,-1537.0,-1583.0,1479.0,-1116.0
-869.0,1.0,-2231.0,-1311.0,-1540.0,-1577.0,1478.0,-1920.0
-858.0,5.0,-2224.0,-1307.0,-1544.0,-1570.0,1477.0,-2715.0
-834.0,7.0,-2214.0,-1299.0,-1543.0,-1566.0,1476.0,-3499.0
-803.0,5.0,-2211.0,-1296.0,-1549.0,-1570.0,1476.0,-4274.0
-798.0,9.0,-2214.0,-1299.0,-1556.0,-1570.0,1475.0,-5039.0
-830.0,24.0,-2220.0,-1307.0,-1574.0,-1581.0,1474.0,-5795.0
-888.0,41.0,-2230.0,-1321.0,-1591.0,-1601.0,1473.0,-6541.0
-946.0,56.0,-2239.0,-1332.0,-1600.0,-1621.0,1472.0,-7277.0
-978.0,64.0,-2245.0,-1340.0,-1610.0,-1639.0,1471.0,-8005.0
-967.0,61.0,-2238.0,-1333.0,-1605.0,-1632.0,1470.0,-8723.0
-967.0,73.0,-2224.0,-1320.0,-1596.0,-1626.0,1469.0,-9433.0
-988.0,92.0,-2212.0,-1310.0,-1591.0,-1625.0,1468.0,-10134.0
-1034.0,122.0,-2205.0,-1306.0,-1592.0,-1623.0,1467.0,-10825.0
-1087.0,152.0,-2202.0,-1308.0,-1597.0,-1629.0,1466.0,-11509.0
-1106.0,167.0,-2199.0,-1307.0,-1602.0,-1633.0,1465.0,-12183.0
-1112.0,173.0,-2192.0,-1300.0,-1601.0,-1629.0,1464.0,-12850.0
-1118.0,177.0,-2179.0,-1288.0,-1591.0,-1623.0,1464.0,-13508.0
-1126.0,186.0,-2161.0,-1271.0,-1577.0,-1614.0,1463.0,-14157.0
-1123.0,182.0,-2147.0,-1259.0,-1566.0,-1608.0,1462.0,-14799.0
-1098.0,159.0,-2143.0,-1257.0,-1562.0,-1609.0,1461.0,-15433.0
-1063.0,137.0,-2137.0,-1251.0,-1555.0,-1607.0,1460.0,-16058.0
-1029.0,115.0,-2134.0,-1251.0,-1556.0,-1612.0,1459.0,-16676.0
-1018.0,106.0,-2136.0,-1258.0,-1560.0,-1620.0,1458.0,-17286.0
-1020.0,101.0,-2142.0,-1268.0,-1568.0,-1631.0,1457.0,-17889.0
-1024.0,93.0,-2146.0,-1277.0,-1574.0,-1642.0,1456.0,-18484.0
-1012.0,87.0,-2143.0,-1278.0,-1573.0,-1646.0,1455.0,-19072.0
-986.0,70.0,-2138.0,-1275.0,-1570.0,-1647.0,1454.0,-19652.0
-981.0,56.0,-2135.0,-1271.0,-1567.0,-1650.0,1453.0,-20225.0
-1004.0,53.0,-2135.0,-1268.0,-1563.0,-1652.0,1453.0,-20791.0
-1034.0,56.0,-2133.0,-1265.0,-1555.0,-1645.0,1452.0,-21349.0
-1067.0,61.0,-2131.0,-1267.0,-1554.0,-1641.0,1451.0,-21901.0
-1061.0,58.0,-2125.0,-1262.0,-1547.0,-1628.0,1450.0,-22446.0
-1016.0,43.0,-2119.0,-1254.0,-1538.0,-1607.0,1449.0,-22984.0
-996.0,35.0,-2122.0,-1256.0,-1542.0,-1597.0,1448.0,-23516.0
-988.0,30.0,-2127.0,-1261.0,-1547.0,-1595.0,1447.0,-24040.0
-995.0,19.0,-2136.0,-1270.0,-1554.0,-1599.0,1446.0,-24559.0
-1015.0,5.0,-2149.0,-1286.0,-1566.0,-1616.0,1445.0,-25070.0
-1026.0,-14.0,-2161.0,-1299.0,-1573.0,-1641.0,1444.0,-25576.0
-1028.0,-34.0,-2168.0,-1305.0,-1572.0,-1657.0,1443.0,-26075.0
-1017.0,-54.0,-2169.0,-1304.0,-1574.0,-1662.0,1443.0,-26568.0
-1004.0,-63.0,-2162.0,-1302.0,-1590.0,-1668.0,1442.0,-27054.0
-1002.0,-55.0,-2152.0,-1294.0,-1597.0,-1671.0,1441.0,-27535.0
-1019.0,-35.0,-2143.0,-1288.0,-1602.0,-1668.0,1440.0,-28009.0
-1015.0,-33.0,-2137.0,-1285.0,-1609.0,-1662.0,1439.0,-28478.0
-986.0,-52.0,-2137.0,-1288.0,-1611.0,-1659.0,1438.0,-28941.0
-945.0,-88.0,-2143.0,-1294.0,-1612.0,-1662.0,1437.0,-29398.0
-914.0,-125.0,-2146.0,-1300.0,-1622.0,-1668.0,1436.0,-29849.0
-880.0,-169.0,-2150.0,-1307.0,-1636.0,-1677.0,1435.0,-30295.0
-812.0,-227.0,-2153.0,-1308.0,-1647.0,-1694.0,1434.0,-30735.0
-738.0,-283.0,-2152.0,-1308.0,-1661.0,-1701.0,1433.0,-31170.0
-689.0,-331.0,-2161.0,-1319.0,-1682.0,-1716.0,1433.0,-31599.0
-675.0,-363.0,-2176.0,-1336.0,-1690.0,-1734.0,1432.0,-32023.0
-699.0,-366.0,-2190.0,-1355.0,-1702.0,-1753.0,1431.0,-32441.0
-711.0,-360.0,-2196.0,-1363.0,-1717.0,-1755.0,1430.0,32682.0
-700.0,-361.0,-2194.0,-1364.0,-1731.0,-1747.0,1429.0,32274.0
-670.0,-371.0,-2187.0,-1356.0,-1734.0,-1741.0,1428.0,31870.0
-635.0,-389.0,-2178.0,-1348.0,-1734.0,-1722.0,1427.0,31472.0
-629.0,-402.0,-2173.0,-1346.0,-1726.0,-1696.0,1426.0,31079.0
-644.0,-413.0,-2175.0,-1347.0,-1717.0,-1681.0,1425.0,30691.0
-668.0,-415.0,-2175.0,-1343.0,-1720.0,-1682.0,1424.0,30308.0
-686.0,-411.0,-2171.0,-1337.0,-1716.0,-1689.0,1424.0,29930.0
-697.0,-409.0,-2170.0,-1332.0,-1731.0,-1703.0,1423.0,29556.0
-706.0,-413.0,-2176.0,-1335.0,-1759.0,-1710.0,1422.0,29187.0
-649.0,-520.0,-2205.0,-1404.0,-1774.0,-1795.0,1416.0,27067.0
-677.0,-512.0,-2202.0,-1403.0,-1786.0,-1789.0,1416.0,26729.0
-709.0,-490.0,-2198.0,-1403.0,-1798.0,-1786.0,1415.0,26395.0
-740.0,-462.0,-2194.0,-1403.0,-1798.0,-1787.0,1414.0,26065.0
-766.0,-438.0,-2192.0,-1406.0,-1795.0,-1812.0,1413.0,25740.0
-782.0,-410.0,-2185.0,-1401.0,-1785.0,-1827.0,1412.0,25418.0
-808.0,-370.0,-2172.0,-1391.0,-1758.0,-1838.0,1411.0,25101.0
-808.0,-365.0,-2172.0,-1395.0,-1732.0,-1860.0,1410.0,24788.0
-795.0,-379.0,-2174.0,-1400.0,-1724.0,-1877.0,1409.0,24478.0
-802.0,-377.0,-2170.0,-1400.0,-1718.0,-1884.0,1408.0,24172.0
-817.0,-370.0,-2162.0,-1397.0,-1701.0,-1885.0,1408.0,23870.0
-855.0,-342.0,-2147.0,-1389.0,-1681.0,-1874.0,1407.0,23572.0
-905.0,-301.0,-2133.0,-1381.0,-1666.0,-1862.0,1406.0,23278.0
-918.0,-287.0,-2129.0,-1382.0,-1659.0,-1854.0,1405.0,22987.0
-909.0,-282.0,-2128.0,-1385.0,-1648.0,-1832.0,1404.0,22700.0
-893.0,-292.0,-2136.0,-1395.0,-1642.0,-1820.0,1403.0,22417.0
-874.0,-316.0,-2149.0,-1414.0,-1646.0,-1822.0,1402.0,22137.0
-858.0,-347.0,-2164.0,-1435.0,-1657.0,-1828.0,1401.0,21860.0
-845.0,-387.0,-2181.0,-1460.0,-1671.0,-1834.0,1401.0,21587.0
-811.0,-439.0,-2197.0,-1482.0,-1684.0,-1839.0,1400.0,21318.0
-754.0,-505.0,-2208.0,-1497.0,-1692.0,-1845.0,1399.0,21051.0
-685.0,-575.0,-2217.0,-1507.0,-1697.0,-1854.0,1398.0,20789.0
-607.0,-646.0,-2231.0,-1519.0,-1707.0,-1872.0,1397.0,20529.0
-530.0,-712.0,-2245.0,-1530.0,-1717.0,-1884.0,1396.0,20273.0
-458.0,-785.0,-2265.0,-1547.0,-1728.0,-1900.0,1395.0,20019.0
-376.0,-864.0,-2293.0,-1570.0,-1743.0,-1917.0,1394.0,19769.0
-283.0,-952.0,-2327.0,-1601.0,-1764.0,-1931.0,1393.0,19522.0
-207.0,-1041.0,-2361.0,-1631.0,-1785.0,-1949.0,1393.0,19279.0
-138.0,-1131.0,-2387.0,-1652.0,-1803.0,-1962.0,1392.0,19038.0
-62.0,-1225.0,-2406.0,-1664.0,-1816.0,-1976.0,1391.0,18800.0
38.0,-1319.0,-2418.0,-1666.0,-1818.0,-1979.0,1390.0,18565.0
147.0,-1411.0,-2433.0,-1668.0,-1820.0,-1985.0,1389.0,18334.0
263.0,-1508.0,-2454.0,-1674.0,-1827.0,-1996.0,1388.0,18105.0
371.0,-1595.0,-2480.0,-1681.0,-1833.0,-2005.0,1387.0,17878.0
452.0,-1671.0,-2515.0,-1700.0,-1850.0,-2021.0,1386.0,17655.0
533.0,-1744.0,-2550.0,-1725.0,-1874.0,-2044.0,1386.0,17435.0
581.0,-1802.0,-2581.0,-1756.0,-1908.0,-2079.0,1385.0,17217.0
600.0,-1836.0,-2611.0,-1790.0,-1942.0,-2112.0,1384.0,17002.0
622.0,-1856.0,-2641.0,-1828.0,-1970.0,-2136.0,1383.0,16790.0
628.0,-1857.0,-2670.0,-1869.0,-1994.0,-2153.0,1382.0,16580.0
635.0,-1859.0,-2697.0,-1909.0,-2020.0,-2172.0,1381.0,16373.0
633.0,-1856.0,-2713.0,-1940.0,-2043.0,-2185.0,1380.0,16168.0
635.0,-1854.0,-2725.0,-1962.0,-2069.0,-2200.0,1380.0,15966.0
652.0,-1867.0,-2747.0,-1988.0,-2098.0,-2219.0,1379.0,15767.0
655.0,-1880.0,-2771.0,-2009.0,-2127.0,-2244.0,1378.0,15570.0
630.0,-1883.0,-2790.0,-2018.0,-2150.0,-2267.0,1377.0,15376.0
603.0,-1879.0,-2803.0,-2017.0,-2164.0,-2282.0,1376.0,15184.0
587.0,-1873.0,-2807.0,-2011.0,-2165.0,-2283.0,1375.0,14994.0
581.0,-1868.0,-2805.0,-1999.0,-2161.0,-2279.0,1374.0,14807.0
573.0,-1858.0,-2794.0,-1978.0,-2149.0,-2252.0,1373.0,14622.0
569.0,-1855.0,-2781.0,-1949.0,-2131.0,-2216.0,1373.0,14439.0
553.0,-1859.0,-2771.0,-1925.0,-2114.0,-2201.0,1372.0,14259.0
531.0,-1859.0,-2770.0,-1908.0,-2106.0,-2201.0,1371.0,14081.0
520.0,-1851.0,-2772.0,-1893.0,-2099.0,-2195.0,1370.0,13905.0
511.0,-1838.0,-2773.0,-1877.0,-2091.0,-2181.0,1369.0,13731.0
510.0,-1827.0,-2775.0,-1861.0,-2081.0,-2166.0,1368.0,13560.0
509.0,-1820.0,-2773.0,-1842.0,-2069.0,-2151.0,1367.0,13391.0
494.0,-1808.0,-2765.0,-1820.0,-2050.0,-2135.0,1367.0,13223.0
485.0,-1810.0,-2761.0,-1807.0,-2039.0,-2129.0,1366.0,13058.0
485.0,-1819.0,-2754.0,-1795.0,-2028.0,-2124.0,1365.0,12895.0
482.0,-1826.0,-2745.0,-1783.0,-2016.0,-2122.0,1364.0,12734.0
475.0,-1828.0,-2734.0,-1775.0,-2007.0,-2121.0,1363.0,12575.0
483.0,-1832.0,-2730.0,-1776.0,-2006.0,-2126.0,1362.0,12418.0
499.0,-1834.0,-2726.0,-1777.0,-2006.0,-2136.0,1361.0,8344.0
520.0,-1838.0,-2723.0,-1779.0,-2005.0,-2146.0,1361.0,-6772.0
540.0,-1845.0,-2722.0,-1783.0,-2007.0,-2157.0,1360.0,-18211.0
554.0,-1847.0,-2715.0,-1782.0,-2004.0,-2155.0,1359.0,-27556.0
566.0,-1851.0,-2703.0,-1775.0,-1998.0,-2127.0,1358.0,30499.0
576.0,-1863.0,-2689.0,-1767.0,-1990.0,-2097.0,1357.0,25423.0
583.0,-1873.0,-2674.0,-1760.0,-1983.0,-2077.0,1356.0,21937.0
585.0,-1877.0,-2657.0,-1752.0,-1976.0,-2065.0,1355.0,19197.0
581.0,-1874.0,-2640.0,-1743.0,-1970.0,-2057.0,1355.0,16981.0
570.0,-1861.0,-2623.0,-1734.0,-1962.0,-2051.0,1354.0,15071.0
553.0,-1840.0,-2607.0,-1727.0,-1955.0,-2040.0,1353.0,13198.0
527.0,-1811.0,-2594.0,-1720.0,-1949.0,-2018.0,1352.0,11845.0
492.0,-1773.0,-2580.0,-1711.0,-1940.0,-1992.0,1351.0,10917.0
452.0,-1731.0,-2563.0,-1701.0,-1930.0,-1972.0,1350.0,10229.0
412.0,-1689.0,-2542.0,-1688.0,-1919.0,-1954.0,1350.0,9837.0
371.0,-1649.0,-2519.0,-1672.0,-1904.0,-1937.0,1349.0,9718.0
327.0,-1606.0,-2491.0,-1650.0,-1885.0,-1917.0,1348.0,9799.0
279.0,-1564.0,-2466.0,-1631.0,-1869.0,-1900.0,1347.0,9999.0
237.0,-1530.0,-2444.0,-1616.0,-1856.0,-1885.0,1346.0,10265.0
201.0,-1495.0,-2427.0,-1603.0,-1846.0,-1875.0,1345.0,10589.0
164.0,-1458.0,-2414.0,-1596.0,-1838.0,-1872.0,1344.0,10955.0
136.0,-1419.0,-2401.0,-1587.0,-1830.0,-1870.0,1344.0,11343.0
112.0,-1383.0,-2392.0,-1582.0,-1829.0,-1872.0,1343.0,11749.0
89.0,-1350.0,-2384.0,-1578.0,-1826.0,-1868.0,1342.0,12174.0
62.0,-1324.0,-2376.0,-1571.0,-1816.0,-1864.0,1341.0,12611.0
36.0,-1306.0,-2370.0,-1566.0,-1810.0,-1861.0,1340.0,13061.0
26.0,-1301.0,-2367.0,-1564.0,-1807.0,-1858.0,1339.0,13517.0
9.0,-1288.0,-2361.0,-1560.0,-1800.0,-1853.0,1339.0,13987.0
-13.0,-1272.0,-2354.0,-1554.0,-1792.0,-1846.0,1338.0,14465.0
-31.0,-1255.0,-2349.0,-1551.0,-1788.0,-1840.0,1337.0,14952.0
-48.0,-1234.0,-2342.0,-1546.0,-1784.0,-1834.0,1336.0,15444.0
-61.0,-1211.0,-2336.0,-1541.0,-1779.0,-1826.0,1335.0,15939.0
-73.0,-1192.0,-2330.0,-1538.0,-1776.0,-1825.0,1334.0,16424.0
-91.0,-1173.0,-2324.0,-1536.0,-1773.0,-1824.0,1333.0,16904.0
-114.0,-1157.0,-2318.0,-1534.0,-1771.0,-1825.0,1333.0,17387.0
-137.0,-1146.0,-2313.0,-1536.0,-1771.0,-1823.0,1332.0,17870.0
-160.0,-1143.0,-2310.0,-1536.0,-1770.0,-1822.0,1331.0,18342.0
-177.0,-1140.0,-2307.0,-1535.0,-1768.0,-1818.0,1330.0,18805.0
-189.0,-1131.0,-2300.0,-1530.0,-1764.0,-1816.0,1329.0,19261.0
-195.0,-1122.0,-2293.0,-1524.0,-1756.0,-1819.0,1328.0,19704.0
-197.0,-1114.0,-2290.0,-1524.0,-1755.0,-1831.0,1328.0,20150.0
-202.0,-1104.0,-2289.0,-1525.0,-1757.0,-1846.0,1327.0,20600.0
-206.0,-1097.0,-2289.0,-1526.0,-1759.0,-1852.0,1326.0,21053.0
-213.0,-1088.0,-2288.0,-1530.0,-1764.0,-1852.0,1325.0,21508.0
-221.0,-1083.0,-2284.0,-1528.0,-1759.0,-1848.0,1324.0,21958.0
-228.0,-1083.0,-2281.0,-1526.0,-1753.0,-1846.0,1323.0,22401.0
-232.0,-1091.0,-2280.0,-1527.0,-1753.0,-1847.0,1323.0,22841.0
-235.0,-1099.0,-2278.0,-1527.0,-1753.0,-1843.0,1322.0,23288.0
-238.0,-1103.0,-2275.0,-1524.0,-1749.0,-1829.0,1321.0,23734.0
-243.0,-1103.0,-2273.0,-1523.0,-1746.0,-1823.0,1320.0,24173.0
-245.0,-1102.0,-2271.0,-1524.0,-1747.0,-1822.0,1319.0,24610.0
-252.0,-1091.0,-2269.0,-1523.0,-1746.0,-1818.0,1318.0,25046.0
-262.0,-1078.0,-2267.0,-1522.0,-1743.0,-1815.0,1318.0,25481.0
-269.0,-1071.0,-2266.0,-1521.0,-1742.0,-1815.0,1317.0,25909.0
-269.0,-1071.0,-2266.0,-1522.0,-1743.0,-1823.0,1316.0,26336.0
-270.0,-1076.0,-2264.0,-1523.0,-1743.0,-1827.0,1315.0,26759.0
-274.0,-1083.0,-2263.0,-1525.0,-1744.0,-1830.0,1314.0,27175.0
-280.0,-1092.0,-2262.0,-1526.0,-1745.0,-1829.0,1314.0,27591.0
-277.0,-1102.0,-2260.0,-1526.0,-1742.0,-1826.0,1313.0,28014.0
-270.0,-1106.0,-2257.0,-1528.0,-1741.0,-1826.0,1312.0,28443.0
-259.0,-1113.0,-2255.0,-1530.0,-1743.0,-1832.0,1311.0,28885.0
-246.0,-1124.0,-2255.0,-1533.0,-1746.0,-1837.0,1310.0,29309.0
-244.0,-1122.0,-2255.0,-1536.0,-1750.0,-1837.0,1309.0,29691.0
-255.0,-1114.0,-2253.0,-1537.0,-1750.0,-1836.0,1309.0,30058.0
-265.0,-1108.0,-2249.0,-1536.0,-1745.0,-1832.0,1308.0,30422.0
-267.0,-1105.0,-2243.0,-1532.0,-1739.0,-1824.0,1307.0,30762.0
-268.0,-1112.0,-2240.0,-1532.0,-1734.0,-1817.0,1306.0,31112.0
-269.0,-1121.0,-2238.0,-1535.0,-1732.0,-1813.0,1305.0,31508.0
-275.0,-1127.0,-2236.0,-1537.0,-1729.0,-1811.0,1304.0,31894.0
-282.0,-1132.0,-2240.0,-1543.0,-1731.0,-1813.0,1304.0,32264.0
-272.0,-1134.0,-2243.0,-1546.0,-1732.0,-1817.0,1303.0,32634.0
-266.0,-1129.0,-2242.0,-1542.0,-1731.0,-1819.0,1302.0,-32537.0
-274.0,-1116.0,-2241.0,-1539.0,-1731.0,-1823.0,1301.0,-32176.0
-279.0,-1110.0,-2242.0,-1541.0,-1732.0,-1833.0,1300.0,-31817.0
-284.0,-1106.0,-2239.0,-1539.0,-1732.0,-1841.0,1300.0,-31459.0
-295.0,-1100.0,-2234.0,-1536.0,-1728.0,-1845.0,1299.0,-31102.0
-303.0,-1099.0,-2230.0,-1533.0,-1727.0,-1842.0,1298.0,-30750.0
-309.0,-1102.0,-2225.0,-1528.0,-1722.0,-1836.0,1297.0,-30407.0
-327.0,-1093.0,-2217.0,-1522.0,-1710.0,-1824.0,1296.0,-30066.0
-344.0,-1081.0,-2212.0,-1518.0,-1704.0,-1819.0,1295.0,-29731.0
-354.0,-1069.0,-2209.0,-1516.0,-1699.0,-1813.0,1295.0,-29400.0
-362.0,-1056.0,-2208.0,-1516.0,-1696.0,-1806.0,1294.0,-29072.0
-367.0,-1045.0,-2210.0,-1517.0,-1694.0,-1801.0,1293.0,-28748.0
-372.0,-1038.0,-2208.0,-1517.0,-1690.0,-1799.0,1292.0,-28421.0
-377.0,-1032.0,-2203.0,-1514.0,-1685.0,-1796.0,1291.0,-28095.0
-383.0,-1032.0,-2199.0,-1513.0,-1684.0,-1794.0,1291.0,-27769.0
-381.0,-1039.0,-2198.0,-1515.0,-1683.0,-1791.0,1290.0,-27445.0
-380.0,-1044.0,-2194.0,-1513.0,-1679.0,-1782.0,1289.0,-27126.0
-380.0,-1048.0,-2190.0,-1512.0,-1675.0,-1769.0,1288.0,-26809.0
-386.0,-1045.0,-2187.0,-1511.0,-1672.0,-1765.0,1287.0,-26491.0
-402.0,-1028.0,-2182.0,-1507.0,-1666.0,-1764.0,1287.0,-26173.0
-416.0,-1010.0,-2177.0,-1504.0,-1661.0,-1763.0,1286.0,-25857.0
-428.0,-992.0,-2174.0,-1503.0,-1659.0,-1765.0,1285.0,-25545.0
-433.0,-982.0,-2174.0,-1501.0,-1659.0,-1765.0,1284.0,-25238.0
-440.0,-974.0,-2171.0,-1497.0,-1656.0,-1760.0,1283.0,-24932.0
-443.0,-970.0,-2167.0,-1491.0,-1650.0,-1754.0,1282.0,-24630.0
-443.0,-975.0,-2166.0,-1491.0,-1651.0,-1753.0,1282.0,-24339.0
-442.0,-983.0,-2165.0,-1491.0,-1652.0,-1751.0,1281.0,-24047.0
-438.0,-992.0,-2165.0,-1490.0,-1652.0,-1750.0,1280.0,-23757.0
-439.0,-991.0,-2163.0,-1490.0,-1651.0,-1747.0,1279.0,-23470.0
-446.0,-981.0,-2161.0,-1489.0,-1648.0,-1746.0,1278.0,-23185.0
-445.0,-977.0,-2165.0,-1490.0,-1649.0,-1751.0,1278.0,-22907.0
-448.0,-971.0,-2172.0,-1498.0,-1657.0,-1757.0,1277.0,-22632.0
-446.0,-975.0,-2180.0,-1504.0,-1663.0,-1757.0,1276.0,-22364.0
-442.0,-977.0,-2182.0,-1505.0,-1664.0,-1754.0,1275.0,-22095.0
-443.0,-976.0,-2184.0,-1507.0,-1667.0,-1758.0,1274.0,-21825.0
-445.0,-974.0,-2186.0,-1508.0,-1669.0,-1762.0,1274.0,-21558.0
-448.0,-975.0,-2184.0,-1506.0,-1668.0,-1764.0,1273.0,-21291.0
-451.0,-970.0,-2181.0,-1503.0,-1666.0,-1765.0,1272.0,-21026.0
-454.0,-963.0,-2181.0,-1503.0,-1666.0,-1768.0,1271.0,-20763.0
-451.0,-958.0,-2181.0,-1502.0,-1664.0,-1765.0,1270.0,-20506.0
-441.0,-956.0,-2181.0,-1500.0,-1663.0,-1759.0,1270.0,-20251.0
-436.0,-953.0,-2181.0,-1498.0,-1663.0,-1756.0,1269.0,-20001.0
-443.0,-946.0,-2181.0,-1498.0,-1665.0,-1757.0,1268.0,-19754.0
-451.0,-942.0,-2180.0,-1497.0,-1666.0,-1755.0,1267.0,-19507.0
-462.0,-940.0,-2182.0,-1498.0,-1669.0,-1753.0,1266.0,-19264.0
-462.0,-946.0,-2184.0,-1501.0,-1672.0,-1750.0,1266.0,-19028.0
-457.0,-956.0,-2185.0,-1500.0,-1672.0,-1749.0,1265.0,-18791.0
-456.0,-960.0,-2186.0,-1499.0,-1672.0,-1749.0,1264.0,-18557.0
-457.0,-958.0,-2186.0,-1496.0,-1669.0,-1752.0,1263.0,-18327.0
-452.0,-955.0,-2187.0,-1492.0,-1667.0,-1754.0,1262.0,-18098.0
-458.0,-944.0,-2188.0,-1491.0,-1669.0,-1757.0,1262.0,-17877.0
-466.0,-935.0,-2190.0,-1492.0,-1672.0,-1757.0,1261.0,-17652.0
-471.0,-928.0,-2192.0,-1492.0,-1672.0,-1753.0,1260.0,-17424.0
-476.0,-922.0,-2192.0,-1491.0,-1672.0,-1750.0,1259.0,-17199.0
-477.0,-922.0,-2193.0,-1490.0,-1672.0,-1747.0,1259.0,-17018.0
-473.0,-927.0,-2193.0,-1489.0,-1672.0,-1745.0,-2661.0,-16852.0
-471.0,-933.0,-2194.0,-1488.0,-1672.0,-1744.0,-8205.0,-16649.0
-468.0,-940.0,-2192.0,-1485.0,-1671.0,-1743.0,-13274.0,-16434.0
-467.0,-943.0,-2191.0,-1483.0,-1670.0,-1743.0,-17581.0,-16223.0
-469.0,-938.0,-2190.0,-1482.0,-1670.0,-1746.0,-21003.0,-16004.0
-470.0,-932.0,-2190.0,-1482.0,-1670.0,-1753.0,-23776.0,-15783.0
-473.0,-926.0,-2191.0,-1483.0,-1674.0,-1761.0,-26173.0,-15577.0
-476.0,-920.0,-2192.0,-1483.0,-1676.0,-1766.0,-28464.0,-15380.0
-480.0,-917.0,-2191.0,-1481.0,-1675.0,-1769.0,-30546.0,-15185.0
-482.0,-919.0,-2189.0,-1479.0,-1675.0,-1771.0,-32427.0,-14985.0
-484.0,-925.0,-2187.0,-1476.0,-1673.0,-1772.0,31317.0,-14763.0
-488.0,-930.0,-2184.0,-1473.0,-1671.0,-1771.0,29706.0,-14537.0
-494.0,-931.0,-2180.0,-1469.0,-1669.0,-1770.0,28332.0,-14319.0
-496.0,-932.0,-2179.0,-1468.0,-1668.0,-1772.0,27310.0,-14110.0
-499.0,-929.0,-2179.0,-1469.0,-1667.0,-1773.0,26456.0,-13913.0
-505.0,-922.0,-2181.0,-1470.0,-1665.0,-1774.0,25740.0,-13722.0
-510.0,-911.0,-2182.0,-1472.0,-1664.0,-1776.0,25159.0,-13538.0
-513.0,-900.0,-2185.0,-1475.0,-1664.0,-1778.0,24639.0,-13361.0
-510.0,-899.0,-2186.0,-1476.0,-1662.0,-1779.0,24177.0,-13188.0
-508.0,-902.0,-2186.0,-1476.0,-1661.0,-1780.0,23681.0,-13026.0
-506.0,-907.0,-2186.0,-1475.0,-1660.0,-1780.0,23079.0,-12860.0
-507.0,-912.0,-2183.0,-1473.0,-1658.0,-1779.0,22402.0,-12692.0
-508.0,-916.0,-2180.0,-1470.0,-1656.0,-1779.0,21685.0,-12528.0
-513.0,-917.0,-2179.0,-1469.0,-1655.0,-1779.0,20972.0,-12370.0
-517.0,-913.0,-2177.0,-1469.0,-1654.0,-1778.0,20277.0,-12213.0
-521.0,-908.0,-2174.0,-1468.0,-1653.0,-1780.0,19675.0,-12060.0
-524.0,-900.0,-2172.0,-1466.0,-1652.0,-1782.0,19223.0,-11909.0
-529.0,-892.0,-2168.0,-1464.0,-1652.0,-1781.0,18858.0,-11760.0
-531.0,-892.0,-2165.0,-1462.0,-1651.0,-1781.0,18543.0,-11617.0
-535.0,-892.0,-2160.0,-1457.0,-1647.0,-1782.0,18329.0,-11474.0
-533.0,-899.0,-2157.0,-1452.0,-1645.0,-1783.0,18209.0,-11335.0
-534.0,-905.0,-2154.0,-1449.0,-1642.0,-1784.0,18126.0,-11197.0
-539.0,-910.0,-2152.0,-1447.0,-1640.0,-1783.0,18094.0,-11058.0
-542.0,-918.0,-2151.0,-1445.0,-1640.0,-1782.0,18138.0,-10926.0
-545.0,-927.0,-2148.0,-1443.0,-1638.0,-1778.0,18209.0,-10794.0
-554.0,-935.0,-2146.0,-1440.0,-1634.0,-1773.0,18283.0,-10659.0
-569.0,-943.0,-2143.0,-1437.0,-1632.0,-1768.0,18388.0,-10523.0
-580.0,-945.0,-2144.0,-1438.0,-1632.0,-1770.0,18512.0,-10391.0
-588.0,-944.0,-2147.0,-1440.0,-1634.0,-1774.0,18660.0,-10261.0
-594.0,-942.0,-2150.0,-1441.0,-1634.0,-1775.0,18848.0,-10132.0
-603.0,-937.0,-2151.0,-1441.0,-1633.0,-1777.0,19065.0,-10004.0
-609.0,-931.0,-2150.0,-1441.0,-1632.0,-1777.0,19266.0,-9878.0
-613.0,-929.0,-2149.0,-1442.0,-1631.0,-1777.0,19463.0,-9755.0
-619.0,-924.0,-2149.0,-1442.0,-1630.0,-1775.0,19657.0,-9637.0
-617.0,-923.0,-2151.0,-1443.0,-1630.0,-1774.0,19831.0,-9519.0
-612.0,-924.0,-2154.0,-1445.0,-1632.0,-1774.0,20012.0,-9404.0
-612.0,-920.0,-2155.0,-1448.0,-1634.0,-1776.0,20189.0,-9290.0
-617.0,-915.0,-2154.0,-1448.0,-1635.0,-1777.0,20318.0,-9173.0
-623.0,-908.0,-2152.0,-1445.0,-1634.0,-1779.0,20394.0,-9058.0
-629.0,-904.0,-2149.0,-1443.0,-1632.0,-1779.0,20446.0,-8943.0
-634.0,-901.0,-2147.0,-1441.0,-1630.0,-1777.0,20489.0,-8830.0
-635.0,-901.0,-2145.0,-1439.0,-1627.0,-1776.0,20536.0,-8716.0
-630.0,-906.0,-2146.0,-1440.0,-1626.0,-1776.0,20673.0,-8604.0
-623.0,-908.0,-2148.0,-1442.0,-1627.0,-1776.0,21045.0,-8494.0
-620.0,-903.0,-2150.0,-1444.0,-1628.0,-1777.0,21625.0,-8382.0
-614.0,-902.0,-2158.0,-1452.0,-1634.0,-1784.0,22177.0,-8275.0
-605.0,-903.0,-2165.0,-1460.0,-1642.0,-1791.0,22653.0,-8171.0
-599.0,-902.0,-2170.0,-1463.0,-1646.0,-1795.0,24369.0,-8067.0
-600.0,-901.0,-2172.0,-1465.0,-1647.0,-1794.0,26826.0,-7966.0
-600.0,-901.0,-2171.0,-1465.0,-1647.0,-1792.0,28878.0,-7868.0
-604.0,-900.0,-2170.0,-1464.0,-1645.0,-1791.0,30920.0,-7768.0
-600.0,-883.0,-2179.0,-1470.0,-1651.0,-1806.0,-29777.0,-7217.0
-588.0,-886.0,-2186.0,-1476.0,-1657.0,-1812.0,-30958.0,-7134.0
-575.0,-889.0,-2191.0,-1479.0,-1658.0,-1815.0,-31582.0,-7049.0
-559.0,-900.0,-2197.0,-1483.0,-1661.0,-1816.0,-31838.0,-6964.0
-544.0,-913.0,-2203.0,-1489.0,-1666.0,-1819.0,-32124.0,-6881.0
-541.0,-917.0,-2201.0,-1489.0,-1665.0,-1814.0,-32244.0,-6794.0
-548.0,-913.0,-2194.0,-1484.0,-1659.0,-1804.0,-32599.0,-6704.0
-549.0,-907.0,-2189.0,-1478.0,-1653.0,-1799.0,31711.0,-6616.0
-546.0,-897.0,-2189.0,-1475.0,-1648.0,-1795.0,30542.0,-6527.0
-546.0,-886.0,-2191.0,-1476.0,-1646.0,-1793.0,29778.0,-6444.0
-549.0,-876.0,-2190.0,-1476.0,-1644.0,-1796.0,29335.0,-6361.0
-550.0,-868.0,-2185.0,-1473.0,-1638.0,-1794.0,29300.0,-6277.0
-546.0,-869.0,-2180.0,-1469.0,-1633.0,-1792.0,28896.0,-6191.0
-540.0,-879.0,-2177.0,-1469.0,-1630.0,-1794.0,29065.0,-6109.0
-536.0,-886.0,-2174.0,-1470.0,-1630.0,-1791.0,28818.0,-6027.0
-524.0,-902.0,-2175.0,-1471.0,-1634.0,-1793.0,28262.0,-5944.0
-516.0,-917.0,-2174.0,-1469.0,-1632.0,-1800.0,28423.0,-5866.0
-508.0,-925.0,-2173.0,-1471.0,-1633.0,-1802.0,28830.0,-5787.0
-504.0,-924.0,-2173.0,-1470.0,-1633.0,-1798.0,29213.0,-5708.0
-501.0,-921.0,-2170.0,-1465.0,-1629.0,-1787.0,29540.0,-5631.0
-498.0,-917.0,-2169.0,-1463.0,-1624.0,-1776.0,29878.0,-5554.0
-493.0,-913.0,-2167.0,-1461.0,-1621.0,-1771.0,30215.0,-5483.0
-494.0,-908.0,-2163.0,-1459.0,-1620.0,-1768.0,30396.0,-5410.0
-492.0,-908.0,-2160.0,-1456.0,-1616.0,-1762.0,30607.0,-5339.0
-487.0,-917.0,-2159.0,-1454.0,-1606.0,-1754.0,30749.0,-5269.0
-480.0,-925.0,-2158.0,-1452.0,-1600.0,-1750.0,30871.0,-5198.0
-475.0,-929.0,-2156.0,-1451.0,-1596.0,-1748.0,31112.0,-5128.0
-470.0,-929.0,-2154.0,-1449.0,-1594.0,-1748.0,31359.0,-5059.0
-468.0,-925.0,-2153.0,-1448.0,-1593.0,-1751.0,31614.0,-4990.0
-467.0,-921.0,-2154.0,-1448.0,-1592.0,-1753.0,31883.0,-4922.0
-470.0,-913.0,-2153.0,-1447.0,-1590.0,-1754.0,32145.0,-4856.0
-468.0,-911.0,-2154.0,-1448.0,-1591.0,-1758.0,32410.0,-4792.0
-457.0,-917.0,-2155.0,-1448.0,-1592.0,-1761.0,32669.0,-4731.0
-452.0,-920.0,-2153.0,-1446.0,-1590.0,-1760.0,-32577.0,-4670.0
-444.0,-927.0,-2150.0,-1442.0,-1586.0,-1753.0,-32223.0,-4608.0
-441.0,-935.0,-2148.0,-1442.0,-1585.0,-1748.0,-31841.0,-4551.0
-445.0,-939.0,-2148.0,-1443.0,-1586.0,-1750.0,-31523.0,-4499.0
-448.0,-938.0,-2149.0,-1445.0,-1587.0,-1754.0,-31262.0,-4444.0
-443.0,-940.0,-2152.0,-1447.0,-1589.0,-1759.0,-30946.0,-4387.0
-439.0,-937.0,-2157.0,-1450.0,-1592.0,-1759.0,-30592.0,-4331.0
-434.0,-934.0,-2160.0,-1450.0,-1591.0,-1755.0,-30218.0,-4269.0
-431.0,-934.0,-2163.0,-1453.0,-1593.0,-1754.0,-29841.0,-4196.0
-427.0,-935.0,-2164.0,-1453.0,-1593.0,-1752.0,-29467.0,-4132.0
-428.0,-934.0,-2162.0,-1449.0,-1588.0,-1747.0,-29098.0,-4070.0
-432.0,-932.0,-2155.0,-1442.0,-1580.0,-1739.0,-28731.0,-4004.0
-439.0,-930.0,-2148.0,-1436.0,-1574.0,-1735.0,-28369.0,-3943.0
-443.0,-931.0,-2145.0,-1433.0,-1571.0,-1734.0,-28019.0,-3886.0
-441.0,-933.0,-2144.0,-1431.0,-1568.0,-1733.0,-27674.0,-3830.0
-439.0,-931.0,-2144.0,-1433.0,-1567.0,-1734.0,-27336.0,-3775.0
-432.0,-932.0,-2150.0,-1439.0,-1571.0,-1739.0,-27003.0,-3725.0
-421.0,-935.0,-2157.0,-1448.0,-1579.0,-1745.0,-26680.0,-3680.0
-414.0,-938.0,-2162.0,-1453.0,-1582.0,-1749.0,-26363.0,-3636.0
-412.0,-939.0,-2163.0,-1456.0,-1584.0,-1751.0,-26054.0,-3589.0
-408.0,-944.0,-2162.0,-1456.0,-1584.0,-1751.0,-25746.0,-3543.0
-405.0,-951.0,-2159.0,-1456.0,-1585.0,-1752.0,-25446.0,-3497.0
-408.0,-955.0,-2155.0,-1453.0,-1584.0,-1751.0,-25155.0,-3452.0
-414.0,-956.0,-2149.0,-1448.0,-1580.0,-1749.0,-24871.0,-3406.0
-419.0,-953.0,-2146.0,-1447.0,-1576.0,-1748.0,-24593.0,-3362.0
-420.0,-951.0,-2146.0,-1448.0,-1575.0,-1749.0,-24304.0,-3319.0
-420.0,-948.0,-2145.0,-1447.0,-1573.0,-1750.0,-24016.0,-3279.0
-421.0,-943.0,-2144.0,-1448.0,-1573.0,-1752.0,-23736.0,-3240.0
-420.0,-942.0,-2145.0,-1450.0,-1573.0,-1754.0,-23460.0,-3203.0
-418.0,-944.0,-2144.0,-1451.0,-1573.0,-1756.0,-23198.0,-3164.0
-417.0,-949.0,-2141.0,-1451.0,-1572.0,-1758.0,-22958.0,-3126.0
-419.0,-954.0,-2138.0,-1451.0,-1570.0,-1759.0,-22746.0,-3088.0
-419.0,-959.0,-2134.0,-1450.0,-1568.0,-1760.0,-22556.0,-3050.0
-426.0,-957.0,-2128.0,-1447.0,-1565.0,-1759.0,-22352.0,-3011.0
-429.0,-960.0,-2130.0,-1451.0,-1567.0,-1760.0,-22132.0,-2977.0
-427.0,-965.0,-2133.0,-1453.0,-1569.0,-1761.0,-21909.0,-2947.0
-429.0,-959.0,-2132.0,-1451.0,-1567.0,-1762.0,-21676.0,-2915.0
-436.0,-945.0,-2128.0,-1450.0,-1565.0,-1766.0,-21439.0,-2879.0
-439.0,-936.0,-2125.0,-1449.0,-1565.0,-1772.0,-21200.0,-2844.0
-435.0,-934.0,-2124.0,-1449.0,-1564.0,-1777.0,-20974.0,-2810.0
-427.0,-941.0,-2123.0,-1448.0,-1562.0,-1776.0,-20750.0,-2776.0
-418.0,-951.0,-2123.0,-1451.0,-1564.0,-1769.0,-20524.0,-2741.0
-411.0,-964.0,-2122.0,-1452.0,-1562.0,-1762.0,-20305.0,-2708.0
-407.0,-976.0,-2121.0,-1453.0,-1561.0,-1762.0,-20088.0,-2674.0
-407.0,-979.0,-2119.0,-1451.0,-1560.0,-1760.0,-19864.0,-2639.0
-408.0,-979.0,-2119.0,-1450.0,-1562.0,-1758.0,-19642.0,-2604.0
-413.0,-972.0,-2119.0,-1447.0,-1561.0,-1751.0,-19421.0,-2568.0
-420.0,-962.0,-2114.0,-1442.0,-1554.0,-1743.0,-19200.0,-2537.0
-420.0,-961.0,-2113.0,-1441.0,-1553.0,-1739.0,-18986.0,-2507.0
-418.0,-967.0,-2110.0,-1440.0,-1551.0,-1736.0,-18779.0,-2483.0
-409.0,-978.0,-2109.0,-1439.0,-1549.0,-1735.0,-18576.0,-2463.0
-411.0,-980.0,-2105.0,-1437.0,-1547.0,-1734.0,-18354.0,-2437.0
-417.0,-978.0,-2100.0,-1432.0,-1544.0,-1731.0,-18123.0,-2405.0
-412.0,-986.0,-2103.0,-1434.0,-1547.0,-1733.0,-17922.0,-2374.0
-412.0,-986.0,-2104.0,-1432.0,-1546.0,-1733.0,-17706.0,-2345.0
-417.0,-978.0,-2103.0,-1429.0,-1546.0,-1735.0,-17477.0,-2315.0
-427.0,-970.0,-2103.0,-1430.0,-1548.0,-1740.0,-17258.0,-2291.0
-429.0,-961.0,-2104.0,-1431.0,-1551.0,-1746.0,-17046.0,-2269.0
-426.0,-959.0,-2105.0,-1435.0,-1554.0,-1752.0,-16850.0,-2245.0
-422.0,-966.0,-2106.0,-1440.0,-1558.0,-1755.0,-16678.0,-2221.0
-420.0,-973.0,-2105.0,-1440.0,-1557.0,-1755.0,-16525.0,-2193.0
-420.0,-979.0,-2099.0,-1439.0,-1554.0,-1756.0,-16383.0,-2165.0
-415.0,-991.0,-2097.0,-1440.0,-1553.0,-1759.0,-16240.0,-2142.0
-412.0,-1000.0,-2094.0,-1440.0,-1553.0,-1760.0,-16093.0,-2118.0
-415.0,-999.0,-2092.0,-1441.0,-1552.0,-1761.0,-15948.0,-2096.0
-416.0,-995.0,-2088.0,-1441.0,-1550.0,-1762.0,-15794.0,-2123.0
-417.0,-989.0,-2087.0,-1442.0,-1550.0,-1764.0,-15639.0,-2126.0
-419.0,-985.0,-2087.0,-1445.0,-1551.0,-1767.0,-15490.0,-2131.0
-422.0,-980.0,-2086.0,-1447.0,-1551.0,-1770.0,-15340.0,-2136.0
-424.0,-981.0,-2088.0,-1450.0,-1552.0,-1776.0,-15188.0,-2143.0
-423.0,-987.0,-2089.0,-1452.0,-1553.0,-1781.0,-15036.0,-2147.0
-423.0,-993.0,-2088.0,-1454.0,-1552.0,-1784.0,-14881.0,-2148.0
-428.0,-999.0,-2085.0,-1454.0,-1551.0,-1787.0,-14725.0,-2147.0
-429.0,-1005.0,-2085.0,-1457.0,-1549.0,-1788.0,-14572.0,-2148.0
-436.0,-1004.0,-2085.0,-1459.0,-1547.0,-1786.0,-14421.0,-2148.0
-444.0,-996.0,-2086.0,-1461.0,-1549.0,-1787.0,-14275.0,-2148.0
-446.0,-991.0,-2089.0,-1463.0,-1552.0,-1792.0,-14140.0,-2148.0
-447.0,-987.0,-2092.0,-1463.0,-1555.0,-1796.0,-14001.0,-2148.0
-452.0,-981.0,-2091.0,-1461.0,-1554.0,-1792.0,-13818.0,-2147.0
-462.0,-973.0,-2089.0,-1460.0,-1552.0,-1787.0,-13575.0,-2145.0
-464.0,-976.0,-2089.0,-1460.0,-1550.0,-1782.0,-13341.0,-2147.0
-466.0,-979.0,-2088.0,-1459.0,-1546.0,-1783.0,-13138.0,-2145.0
-463.0,-990.0,-2091.0,-1463.0,-1549.0,-1798.0,-12954.0,-2147.0
-460.0,-999.0,-2093.0,-1466.0,-1553.0,-1813.0,-12776.0,-2151.0
-460.0,-1000.0,-2094.0,-1468.0,-1557.0,-1828.0,-12614.0,-2155.0
-460.0,-995.0,-2094.0,-1466.0,-1557.0,-1830.0,-12452.0,-2150.0
-456.0,-993.0,-2096.0,-1466.0,-1555.0,-1818.0,-12298.0,-2148.0
-455.0,-988.0,-2098.0,-1467.0,-1549.0,-1796.0,-12139.0,-2142.0
-454.0,-982.0,-2098.0,-1465.0,-1542.0,-1778.0,-11981.0,-2135.0
-450.0,-984.0,-2099.0,-1463.0,-1534.0,-1764.0,-11824.0,-2127.0
-454.0,-984.0,-2097.0,-1458.0,-1525.0,-1753.0,-11667.0,-2121.0
-454.0,-987.0,-2094.0,-1453.0,-1519.0,-1747.0,-11508.0,-2113.0
-448.0,-992.0,-2092.0,-1449.0,-1513.0,-1744.0,-11357.0,-2107.0
-445.0,-995.0,-2090.0,-1447.0,-1511.0,-1744.0,-11222.0,-2106.0
-446.0,-990.0,-2088.0,-1444.0,-1508.0,-1745.0,-11093.0,-2108.0
-455.0,-976.0,-2084.0,-1438.0,-1503.0,-1742.0,-10947.0,-2104.0
-457.0,-970.0,-2082.0,-1436.0,-1503.0,-1748.0,-10820.0,-2103.0
-455.0,-966.0,-2081.0,-1435.0,-1504.0,-1756.0,-10706.0,-2105.0
-449.0,-965.0,-2082.0,-1438.0,-1505.0,-1764.0,-10587.0,-2102.0
-442.0,-964.0,-2082.0,-1439.0,-1503.0,-1765.0,-10459.0,-2099.0
-432.0,-972.0,-2084.0,-1442.0,-1504.0,-1764.0,-10334.0,-2093.0
-418.0,-986.0,-2088.0,-1445.0,-1504.0,-1762.0,-10225.0,-2091.0
-413.0,-992.0,-2089.0,-1444.0,-1498.0,-1754.0,-10110.0,-2083.0
-414.0,-989.0,-2087.0,-1438.0,-1491.0,-1747.0,-9989.0,-2074.0
-412.0,-982.0,-2082.0,-1432.0,-1486.0,-1744.0,-9874.0,-2069.0
-406.0,-979.0,-2080.0,-1428.0,-1479.0,-1739.0,-9760.0,-2061.0
-399.0,-976.0,-2080.0,-1426.0,-1476.0,-1735.0,-9641.0,-2053.0
-392.0,-972.0,-2079.0,-1424.0,-1472.0,-1731.0,-9529.0,-2045.0
-388.0,-971.0,-2079.0,-1423.0,-1471.0,-1732.0,-9422.0,-2043.0
-388.0,-971.0,-2080.0,-1424.0,-1472.0,-1734.0,-9317.0,-2042.0
-390.0,-973.0,-2081.0,-1424.0,-1471.0,-1734.0,-9214.0,-2041.0
-388.0,-978.0,-2082.0,-1424.0,-1469.0,-1733.0,-9109.0,-2040.0
-382.0,-986.0,-2083.0,-1423.0,-1466.0,-1730.0,-8998.0,-2036.0
-382.0,-989.0,-2083.0,-1422.0,-1462.0,-1726.0,-8890.0,-2034.0
-385.0,-986.0,-2083.0,-1422.0,-1461.0,-1724.0,-8807.0,-2030.0
-388.0,-979.0,-2083.0,-1423.0,-1461.0,-1724.0,-8735.0,-2027.0
-388.0,-975.0,-2084.0,-1425.0,-1462.0,-1727.0,-8644.0,-2029.0
-393.0,-964.0,-2083.0,-1424.0,-1462.0,-1727.0,-8547.0,-2029.0
-401.0,-955.0,-2080.0,-1421.0,-1460.0,-1727.0,-8451.0,-2028.0
-403.0,-954.0,-2077.0,-1419.0,-1460.0,-1729.0,-8356.0,-2027.0
-413.0,-950.0,-2072.0,-1416.0,-1457.0,-1729.0,-8255.0,-2025.0
-414.0,-952.0,-2068.0,-1413.0,-1454.0,-1729.0,-8158.0,-2022.0
-410.0,-959.0,-2067.0,-1413.0,-1453.0,-1731.0,-8063.0,-2018.0
-410.0,-962.0,-2065.0,-1413.0,-1452.0,-1731.0,-7968.0,-2015.0
-405.0,-966.0,-2070.0,-1419.0,-1455.0,-1732.0,-7875.0,-2016.0
-398.0,-969.0,-2076.0,-1424.0,-1458.0,-1734.0,-7786.0,-2017.0
-399.0,-962.0,-2078.0,-1424.0,-1457.0,-1732.0,-7696.0,-2017.0
-397.0,-959.0,-2079.0,-1426.0,-1458.0,-1732.0,-7607.0,-2019.0
-391.0,-960.0,-2080.0,-1428.0,-1462.0,-1738.0,-7524.0,-2021.0
-392.0,-958.0,-2079.0,-1428.0,-1462.0,-1742.0,-7439.0,-2017.0
-390.0,-963.0,-2078.0,-1428.0,-1464.0,-1745.0,-7357.0,-2016.0
-393.0,-964.0,-2075.0,-1427.0,-1462.0,-1740.0,-7274.0,-2014.0
-396.0,-967.0,-2072.0,-1425.0,-1456.0,-1737.0,-7193.0,-2013.0
-395.0,-971.0,-2070.0,-1425.0,-1457.0,-1741.0,-7116.0,-2011.0
-390.0,-970.0,-2069.0,-1425.0,-1461.0,-1744.0,-7037.0,-2005.0
-386.0,-963.0,-2066.0,-1421.0,-1460.0,-1742.0,-6957.0,-2002.0
-383.0,-956.0,-2064.0,-1417.0,-1454.0,-1730.0,-6877.0,-1999.0
-381.0,-953.0,-2064.0,-1416.0,-1451.0,-1722.0,-6801.0,-2004.0
-381.0,-955.0,-2064.0,-1418.0,-1452.0,-1725.0,-6736.0,-2010.0
-384.0,-954.0,-2065.0,-1423.0,-1458.0,-1737.0,-6672.0,-2018.0
-387.0,-953.0,-2066.0,-1425.0,-1462.0,-1745.0,-6598.0,-2014.0
-386.0,-958.0,-2064.0,-1422.0,-1458.0,-1740.0,-6513.0,-2003.0
-388.0,-959.0,-2060.0,-1420.0,-1453.0,-1729.0,-6424.0,-1994.0
-379.0,-970.0,-2060.0,-1421.0,-1455.0,-1719.0,-6340.0,-1991.0
-370.0,-977.0,-2060.0,-1420.0,-1451.0,-1697.0,-6251.0,-1983.0
-370.0,-977.0,-2059.0,-1419.0,-1444.0,-1683.0,-6170.0,-1983.0
-373.0,-971.0,-2057.0,-1417.0,-1441.0,-1680.0,-6095.0,-1979.0
-380.0,-962.0,-2056.0,-1417.0,-1441.0,-1681.0,-6021.0,-1974.0
-387.0,-953.0,-2055.0,-1418.0,-1441.0,-1680.0,-5936.0,-1970.0
-389.0,-950.0,-2054.0,-1417.0,-1439.0,-1679.0,-5817.0,-1968.0
-387.0,-955.0,-2054.0,-1417.0,-1439.0,-1681.0,-5717.0,-1968.0
-389.0,-956.0,-2053.0,-1415.0,-1437.0,-1680.0,-5631.0,-1968.0
-395.0,-954.0,-2049.0,-1411.0,-1434.0,-1678.0,-5550.0,-1965.0
-396.0,-954.0,-2046.0,-1408.0,-1431.0,-1676.0,-5472.0,-1962.0
-396.0,-951.0,-2044.0,-1406.0,-1427.0,-1674.0,-5395.0,-1960.0
-394.0,-946.0,-2043.0,-1404.0,-1425.0,-1673.0,-5325.0,-1957.0
-395.0,-937.0,-2040.0,-1402.0,-1423.0,-1672.0,-5255.0,-1953.0
-399.0,-924.0,-2036.0,-1400.0,-1420.0,-1671.0,-5185.0,-1950.0
-402.0,-913.0,-2032.0,-1397.0,-1417.0,-1670.0,-5118.0,-1948.0
-404.0,-908.0,-2025.0,-1391.0,-1413.0,-1668.0,-5051.0,-1945.0
-407.0,-904.0,-2015.0,-1382.0,-1406.0,-1663.0,-4984.0,-1939.0
-411.0,-901.0,-2003.0,-1369.0,-1395.0,-1656.0,-4921.0,-1932.0
-421.0,-894.0,-1989.0,-1356.0,-1384.0,-1647.0,-4856.0,-1926.0
-435.0,-887.0,-1978.0,-1345.0,-1375.0,-1641.0,-4795.0,-1924.0
-436.0,-888.0,-1973.0,-1339.0,-1371.0,-1639.0,-4734.0,-1923.0
-430.0,-888.0,-1971.0,-1336.0,-1367.0,-1635.0,-4673.0,-1920.0
-426.0,-891.0,-1972.0,-1335.0,-1365.0,-1636.0,-4619.0,-1920.0
-419.0,-901.0,-1976.0,-1336.0,-1371.0,-1643.0,-4564.0,-1923.0
-405.0,-917.0,-1975.0,-1331.0,-1371.0,-1644.0,-4502.0,-1923.0
-380.0,-941.0,-1975.0,-1324.0,-1366.0,-1643.0,-4433.0,-1922.0
-335.0,-977.0,-1979.0,-1321.0,-1363.0,-1641.0,-4366.0,-1916.0
-277.0,-1021.0,-1985.0,-1316.0,-1359.0,-1634.0,-4303.0,-1906.0
-204.0,-1071.0,-1990.0,-1307.0,-1349.0,-1619.0,-4238.0,-1893.0
-137.0,-1114.0,-1995.0,-1298.0,-1336.0,-1604.0,-4175.0,-1875.0
-72.0,-1153.0,-2004.0,-1298.0,-1331.0,-1598.0,-4119.0,-1865.0
-26.0,-1188.0,-2018.0,-1310.0,-1342.0,-1611.0,-4081.0,-1870.0
-2.0,-1201.0,-2031.0,-1327.0,-1359.0,-1630.0,-4047.0,-1875.0
5.0,-1193.0,-2046.0,-1351.0,-1376.0,-1644.0,-4010.0,-1877.0
-1.0,-1172.0,-2066.0,-1384.0,-1394.0,-1656.0,-3972.0,-1876.0
-27.0,-1140.0,-2088.0,-1425.0,-1414.0,-1668.0,-3933.0,-1877.0
-67.0,-1097.0,-2102.0,-1461.0,-1432.0,-1679.0,-3892.0,-1876.0
-108.0,-1059.0,-2106.0,-1488.0,-1448.0,-1689.0,-3850.0,-1876.0
-131.0,-1046.0,-2114.0,-1515.0,-1467.0,-1702.0,-3817.0,-1880.0
-151.0,-1041.0,-2120.0,-1534.0,-1481.0,-1713.0,-3785.0,-1884.0
-174.0,-1036.0,-2117.0,-1539.0,-1491.0,-1723.0,-3757.0,-1893.0
-186.0,-1034.0,-2113.0,-1538.0,-1496.0,-1732.0,-3728.0,-1903.0
-189.0,-1031.0,-2109.0,-1533.0,-1495.0,-1732.0,-3692.0,-1904.0
-191.0,-1019.0,-2101.0,-1523.0,-1487.0,-1728.0,-3649.0,-1901.0
-202.0,-1003.0,-2090.0,-1513.0,-1480.0,-1725.0,-3610.0,-1899.0
-218.0,-989.0,-2079.0,-1500.0,-1470.0,-1719.0,-3570.0,-1898.0
-234.0,-979.0,-2064.0,-1484.0,-1458.0,-1712.0,-3530.0,-1898.0
-248.0,-975.0,-2050.0,-1467.0,-1447.0,-1704.0,-3489.0,-1898.0
-258.0,-972.0,-2037.0,-1454.0,-1436.0,-1693.0,-3441.0,-1894.0
-269.0,-965.0,-2025.0,-1440.0,-1422.0,-1680.0,-3392.0,-1888.0
-273.0,-961.0,-2014.0,-1427.0,-1410.0,-1670.0,-3346.0,-1885.0
-270.0,-961.0,-2006.0,-1417.0,-1402.0,-1665.0,-3304.0,-1884.0
-263.0,-959.0,-1998.0,-1407.0,-1394.0,-1662.0,-3264.0,-1881.0
-253.0,-957.0,-1991.0,-1398.0,-1388.0,-1658.0,-3223.0,-1879.0
-248.0,-953.0,-1983.0,-1390.0,-1381.0,-1652.0,-3184.0,-1878.0
-245.0,-949.0,-1975.0,-1383.0,-1373.0,-1645.0,-3146.0,-1875.0
-247.0,-941.0,-1964.0,-1373.0,-1363.0,-1637.0,-3104.0,-1869.0
-252.0,-936.0,-1953.0,-1364.0,-1353.0,-1631.0,-3063.0,-1863.0
-253.0,-937.0,-1946.0,-1358.0,-1349.0,-1627.0,-3024.0,-1858.0
-253.0,-935.0,-1938.0,-1351.0,-1341.0,-1620.0,-2983.0,-1853.0
-252.0,-928.0,-1931.0,-1345.0,-1333.0,-1614.0,-2943.0,-1849.0
-245.0,-922.0,-1926.0,-1342.0,-1329.0,-1609.0,-2903.0,-1846.0
-240.0,-912.0,-1921.0,-1337.0,-1323.0,-1603.0,-2862.0,-1842.0
-237.0,-901.0,-1915.0,-1332.0,-1318.0,-1600.0,-2825.0,-1840.0
-226.0,-901.0,-1913.0,-1332.0,-1317.0,-1601.0,-2789.0,-1842.0
-218.0,-901.0,-1910.0,-1331.0,-1316.0,-1601.0,-2754.0,-1843.0
-213.0,-901.0,-1906.0,-1329.0,-1312.0,-1597.0,-2716.0,-1842.0
-207.0,-905.0,-1904.0,-1329.0,-1309.0,-1596.0,-2680.0,-1840.0
-202.0,-910.0,-1902.0,-1330.0,-1306.0,-1597.0,-2646.0,-1836.0
-197.0,-913.0,-1900.0,-1330.0,-1304.0,-1596.0,-2611.0,-1831.0
-192.0,-914.0,-1900.0,-1332.0,-1307.0,-1599.0,-2581.0,-1830.0
-183.0,-916.0,-1899.0,-1331.0,-1306.0,-1598.0,-2552.0,-1831.0
-182.0,-908.0,-1896.0,-1330.0,-1301.0,-1593.0,-2520.0,-1828.0
-179.0,-900.0,-1893.0,-1328.0,-1297.0,-1594.0,-2494.0,-1826.0
-173.0,-899.0,-1893.0,-1329.0,-1296.0,-1595.0,-2468.0,-1827.0
-167.0,-900.0,-1893.0,-1331.0,-1297.0,-1595.0,-2441.0,-1827.0
-158.0,-907.0,-1891.0,-1330.0,-1296.0,-1594.0,-2414.0,-1825.0
-151.0,-916.0,-1889.0,-1328.0,-1293.0,-1588.0,-2390.0,-1826.0
-148.0,-920.0,-1886.0,-1325.0,-1290.0,-1580.0,-2363.0,-1824.0
-147.0,-920.0,-1882.0,-1324.0,-1287.0,-1572.0,-2336.0,-1821.0
-147.0,-916.0,-1877.0,-1321.0,-1280.0,-1565.0,-2307.0,-1813.0
-144.0,-913.0,-1877.0,-1323.0,-1278.0,-1567.0,-2282.0,-1807.0
-137.0,-912.0,-1880.0,-1328.0,-1284.0,-1574.0,-2259.0,-1806.0
-130.0,-911.0,-1882.0,-1332.0,-1287.0,-1577.0,-2235.0,-1811.0
-130.0,-905.0,-1880.0,-1330.0,-1284.0,-1576.0,-2209.0,-1816.0
-133.0,-900.0,-1877.0,-1326.0,-1279.0,-1575.0,-2184.0,-1819.0
-126.0,-907.0,-1876.0,-1321.0,-1280.0,-1578.0,-2160.0,-1815.0
-122.0,-915.0,-1874.0,-1308.0,-1280.0,-1575.0,-2134.0,-1811.0
-122.0,-919.0,-1869.0,-1295.0,-1273.0,-1561.0,-2102.0,-1803.0
-123.0,-922.0,-1865.0,-1284.0,-1266.0,-1550.0,-2070.0,-1797.0
-124.0,-920.0,-1862.0,-1277.0,-1262.0,-1544.0,-2087.0,-1797.0
-123.0,-917.0,-1860.0,-1271.0,-1260.0,-1542.0,-2086.0,-1799.0
-125.0,-910.0,-1859.0,-1267.0,-1261.0,-1547.0,-2089.0,-1803.0
-124.0,-904.0,-1860.0,-1268.0,-1265.0,-1553.0,-2093.0,-1808.0
-124.0,-902.0,-1862.0,-1269.0,-1269.0,-1559.0,-2098.0,-1813.0
-123.0,-902.0,-1862.0,-1269.0,-1270.0,-1562.0,-2102.0,-1815.0
-122.0,-903.0,-1861.0,-1266.0,-1269.0,-1563.0,-2103.0,-1814.0
-125.0,-903.0,-1857.0,-1261.0,-1266.0,-1561.0,-2102.0,-1810.0
-128.0,-906.0,-1853.0,-1254.0,-1261.0,-1557.0,-2099.0,-1805.0
-127.0,-912.0,-1851.0,-1250.0,-1258.0,-1554.0,-2097.0,-1803.0
-124.0,-915.0,-1850.0,-1249.0,-1256.0,-1554.0,-2096.0,-1802.0
-121.0,-913.0,-1851.0,-1249.0,-1256.0,-1555.0,-2095.0,-1803.0
-123.0,-909.0,-1853.0,-1250.0,-1258.0,-1559.0,-2095.0,-1808.0
-122.0,-905.0,-1855.0,-1253.0,-1263.0,-1563.0,-2097.0,-1813.0
-121.0,-903.0,-1857.0,-1253.0,-1263.0,-1566.0,-2099.0,-1815.0
-122.0,-901.0,-1855.0,-1250.0,-1259.0,-1566.0,-2099.0,-1815.0
-127.0,-898.0,-1850.0,-1246.0,-1256.0,-1565.0,-2095.0,-1813.0
-133.0,-899.0,-1846.0,-1240.0,-1253.0,-1563.0,-2091.0,-1812.0
-134.0,-905.0,-1842.0,-1236.0,-1251.0,-1562.0,-2089.0,-1812.0
-131.0,-911.0,-1839.0,-1232.0,-1249.0,-1560.0,-2086.0,-1811.0
-133.0,-910.0,-1839.0,-1232.0,-1250.0,-1562.0,-2086.0,-1810.0
-132.0,-904.0,-1838.0,-1231.0,-1248.0,-1560.0,-2084.0,-1808.0
-125.0,-901.0,-1841.0,-1233.0,-1248.0,-1561.0,-2088.0,-1809.0
-112.0,-904.0,-1849.0,-1239.0,-1252.0,-1564.0,-2092.0,-1807.0
-102.0,-909.0,-1854.0,-1244.0,-1255.0,-1568.0,-2098.0,-1806.0
-95.0,-914.0,-1856.0,-1247.0,-1259.0,-1572.0,-2105.0,-1806.0
-93.0,-920.0,-1856.0,-1247.0,-1262.0,-1573.0,-2110.0,-1804.0
-94.0,-926.0,-1854.0,-1245.0,-1259.0,-1568.0,-2111.0,-1801.0
-96.0,-930.0,-1850.0,-1238.0,-1252.0,-1559.0,-2111.0,-1798.0
-95.0,-933.0,-1846.0,-1233.0,-1249.0,-1554.0,-2112.0,-1794.0
-91.0,-933.0,-1844.0,-1229.0,-1247.0,-1555.0,-2113.0,-1791.0
-89.0,-929.0,-1843.0,-1227.0,-1246.0,-1554.0,-2116.0,-1791.0
-89.0,-923.0,-1842.0,-1225.0,-1245.0,-1556.0,-2119.0,-1792.0
-92.0,-914.0,-1841.0,-1223.0,-1246.0,-1557.0,-2121.0,-1794.0
-91.0,-909.0,-1842.0,-1221.0,-1245.0,-1557.0,-2124.0,-1795.0
-89.0,-909.0,-1841.0,-1219.0,-1244.0,-1556.0,-2127.0,-1796.0
-87.0,-912.0,-1840.0,-1219.0,-1243.0,-1554.0,-2128.0,-1797.0
-89.0,-916.0,-1838.0,-1216.0,-1242.0,-1552.0,-2127.0,-1797.0
-90.0,-921.0,-1836.0,-1213.0,-1239.0,-1550.0,-2122.0,-1796.0
-90.0,-925.0,-1832.0,-1209.0,-1235.0,-1550.0,-2117.0,-1794.0
-89.0,-923.0,-1829.0,-1207.0,-1235.0,-1550.0,-2114.0,-1792.0
-88.0,-922.0,-1829.0,-1207.0,-1238.0,-1552.0,-2114.0,-1792.0
-87.0,-918.0,-1829.0,-1206.0,-1235.0,-1552.0,-2116.0,-1793.0
-84.0,-914.0,-1831.0,-1207.0,-1238.0,-1554.0,-2117.0,-1796.0
-87.0,-909.0,-1832.0,-1208.0,-1239.0,-1558.0,-2121.0,-1797.0
-90.0,-907.0,-1831.0,-1205.0,-1237.0,-1556.0,-2119.0,-1798.0
-91.0,-907.0,-1828.0,-1201.0,-1232.0,-1551.0,-2117.0,-1796.0
-91.0,-912.0,-1824.0,-1197.0,-1229.0,-1547.0,-2120.0,-1794.0
-95.0,-916.0,-1820.0,-1194.0,-1227.0,-1543.0,-2117.0,-1793.0
-98.0,-919.0,-1816.0,-1188.0,-1222.0,-1538.0,-2103.0,-1791.0
-105.0,-915.0,-1812.0,-1183.0,-1217.0,-1534.0,-2094.0,-1789.0
-114.0,-905.0,-1809.0,-1179.0,-1215.0,-1533.0,-2087.0,-1789.0
-115.0,-901.0,-1808.0,-1179.0,-1217.0,-1537.0,-2082.0,-1793.0
-109.0,-901.0,-1811.0,-1182.0,-1221.0,-1541.0,-2078.0,-1798.0
-102.0,-903.0,-1813.0,-1186.0,-1226.0,-1546.0,-2070.0,-1803.0
-90.0,-914.0,-1817.0,-1189.0,-1228.0,-1549.0,-2061.0,-1805.0
-85.0,-918.0,-1817.0,-1189.0,-1228.0,-1549.0,-2053.0,-1803.0
-80.0,-924.0,-1815.0,-1188.0,-1227.0,-1547.0,-2046.0,-1799.0
-78.0,-930.0,-1813.0,-1184.0,-1223.0,-1545.0,-2039.0,-1798.0
-74.0,-936.0,-1811.0,-1179.0,-1220.0,-1541.0,-2033.0,-1794.0
-74.0,-936.0,-1808.0,-1175.0,-1217.0,-1539.0,-2029.0,-1792.0
-75.0,-930.0,-1805.0,-1171.0,-1215.0,-1539.0,-2033.0,-1794.0
-77.0,-920.0,-1803.0,-1168.0,-1214.0,-1538.0,-2035.0,-1794.0
-81.0,-907.0,-1800.0,-1164.0,-1211.0,-1537.0,-2035.0,-1792.0
-86.0,-899.0,-1797.0,-1161.0,-1211.0,-1538.0,-2039.0,-1793.0
-89.0,-895.0,-1794.0,-1157.0,-1211.0,-1539.0,-2048.0,-1794.0
-91.0,-895.0,-1790.0,-1153.0,-1208.0,-1537.0,-2056.0,-1791.0
-93.0,-897.0,-1786.0,-1149.0,-1205.0,-1533.0,-2062.0,-1788.0
-88.0,-906.0,-1784.0,-1148.0,-1203.0,-1532.0,-2069.0,-1788.0
-84.0,-915.0,-1785.0,-1151.0,-1205.0,-1533.0,-2075.0,-1787.0
-82.0,-916.0,-1788.0,-1156.0,-1209.0,-1537.0,-2081.0,-1788.0
-81.0,-914.0,-1789.0,-1156.0,-1209.0,-1539.0,-2088.0,-1786.0
-76.0,-912.0,-1791.0,-1158.0,-1212.0,-1543.0,-2095.0,-1788.0
-73.0,-907.0,-1791.0,-1159.0,-1213.0,-1546.0,-2100.0,-1789.0
-70.0,-904.0,-1792.0,-1159.0,-1214.0,-1549.0,-2107.0,-1790.0
-68.0,-905.0,-1792.0,-1160.0,-1216.0,-1551.0,-2115.0,-1791.0
-65.0,-909.0,-1790.0,-1159.0,-1215.0,-1551.0,-2121.0,-1789.0
-61.0,-915.0,-1788.0,-1157.0,-1214.0,-1551.0,-2122.0,-1787.0
-62.0,-920.0,-1785.0,-1154.0,-1212.0,-1549.0,-2122.0,-1784.0
-66.0,-921.0,-1782.0,-1151.0,-1210.0,-1542.0,-2127.0,-1783.0
-67.0,-919.0,-1780.0,-1150.0,-1206.0,-1536.0,-2134.0,-1784.0
-65.0,-917.0,-1780.0,-1149.0,-1205.0,-1538.0,-2142.0,-1784.0
-62.0,-914.0,-1782.0,-1151.0,-1209.0,-1542.0,-2150.0,-1787.0
-62.0,-906.0,-1782.0,-1151.0,-1211.0,-1544.0,-2154.0,-1787.0
-63.0,-901.0,-1780.0,-1149.0,-1208.0,-1544.0,-2157.0,-1787.0
-59.0,-904.0,-1781.0,-1151.0,-1210.0,-1547.0,-2163.0,-1786.0
-53.0,-910.0,-1782.0,-1154.0,-1213.0,-1550.0,-2168.0,-1786.0
-48.0,-920.0,-1783.0,-1157.0,-1214.0,-1551.0,-2172.0,-1785.0
-44.0,-931.0,-1785.0,-1159.0,-1216.0,-1548.0,-2172.0,-1782.0
-42.0,-937.0,-1785.0,-1159.0,-1214.0,-1543.0,-2171.0,-1779.0
-41.0,-936.0,-1785.0,-1158.0,-1212.0,-1540.0,-2170.0,-1777.0
-40.0,-932.0,-1786.0,-1159.0,-1213.0,-1542.0,-2172.0,-1776.0
-38.0,-929.0,-1788.0,-1161.0,-1215.0,-1545.0,-2174.0,-1775.0
-35.0,-926.0,-1790.0,-1163.0,-1219.0,-1549.0,-2180.0,-1777.0
-35.0,-921.0,-1789.0,-1161.0,-1219.0,-1550.0,-2185.0,-1776.0
-33.0,-920.0,-1787.0,-1159.0,-1218.0,-1550.0,-2188.0,-1777.0
-33.0,-922.0,-1783.0,-1155.0,-1216.0,-1548.0,-2188.0,-1776.0
-31.0,-927.0,-1779.0,-1152.0,-1214.0,-1547.0,-2185.0,-1775.0
-31.0,-931.0,-1777.0,-1150.0,-1210.0,-1545.0,-2177.0,-1773.0
-28.0,-934.0,-1777.0,-1150.0,-1208.0,-1542.0,-2164.0,-1771.0
-22.0,-938.0,-1780.0,-1155.0,-1210.0,-1544.0,-2142.0,-1773.0
-18.0,-938.0,-1783.0,-1157.0,-1212.0,-1546.0,-2070.0,-1776.0
-16.0,-933.0,-1782.0,-1157.0,-1213.0,-1548.0,-1865.0,-1778.0
-16.0,-927.0,-1781.0,-1157.0,-1213.0,-1550.0,-1622.0,-1780.0
-20.0,-920.0,-1781.0,-1157.0,-1214.0,-1553.0,-1483.0,-1781.0
-19.0,-919.0,-1780.0,-1158.0,-1216.0,-1555.0,-1404.0,-1779.0
-17.0,-924.0,-1779.0,-1157.0,-1214.0,-1556.0,-1355.0,-1778.0
-14.0,-929.0,-1778.0,-1156.0,-1214.0,-1556.0,-1321.0,-1778.0
-10.0,-937.0,-1777.0,-1155.0,-1214.0,-1556.0,-1295.0,-1777.0
-4.0,-947.0,-1776.0,-1156.0,-1214.0,-1554.0,-1275.0,-1779.0
-5.0,-946.0,-1773.0,-1153.0,-1213.0,-1553.0,-1257.0,-1778.0
-8.0,-940.0,-1771.0,-1152.0,-1212.0,-1553.0,-1239.0,-1776.0
-11.0,-932.0,-1770.0,-1152.0,-1211.0,-1554.0,-1221.0,-1774.0
-13.0,-922.0,-1769.0,-1152.0,-1211.0,-1554.0,-1206.0,-1771.0
-8.0,-918.0,-1771.0,-1153.0,-1212.0,-1556.0,-1197.0,-1771.0
0.0,-921.0,-1773.0,-1156.0,-1214.0,-1559.0,-1200.0,-1773.0
8.0,-927.0,-1773.0,-1155.0,-1212.0,-1556.0,-1197.0,-1772.0
15.0,-934.0,-1770.0,-1151.0,-1209.0,-1554.0,-1193.0,-1769.0
25.0,-940.0,-1765.0,-1146.0,-1202.0,-1546.0,-1186.0,-1762.0
26.0,-946.0,-1763.0,-1144.0,-1200.0,-1544.0,-1185.0,-1762.0
-8.0,-948.0,-1773.0,-1156.0,-1214.0,-1559.0,-1200.0,-1773.0
-39.0,-943.0,-1780.0,-1162.0,-1222.0,-1569.0,-1212.0,-1784.0
-62.0,-935.0,-1784.0,-1168.0,-1229.0,-1575.0,-1221.0,-1792.0
-74.0,-929.0,-1790.0,-1175.0,-1237.0,-1578.0,-1227.0,-1798.0
-79.0,-929.0,-1794.0,-1180.0,-1240.0,-1580.0,-1237.0,-1805.0
-82.0,-935.0,-1798.0,-1183.0,-1243.0,-1582.0,-1243.0,-1808.0
-85.0,-939.0,-1797.0,-1184.0,-1246.0,-1584.0,-1248.0,-1807.0
-86.0,-941.0,-1795.0,-1182.0,-1244.0,-1581.0,-1253.0,-1804.0
-89.0,-943.0,-1790.0,-1177.0,-1238.0,-1577.0,-1260.0,-1800.0
-85.0,-946.0,-1786.0,-1173.0,-1233.0,-1576.0,-1264.0,-1795.0
-76.0,-946.0,-1784.0,-1170.0,-1231.0,-1578.0,-1267.0,-1793.0
-64.0,-947.0,-1785.0,-1171.0,-1232.0,-1580.0,-1271.0,-1793.0
-54.0,-948.0,-1786.0,-1171.0,-1232.0,-1583.0,-1274.0,-1790.0
-43.0,-947.0,-1787.0,-1171.0,-1231.0,-1581.0,-1277.0,-1789.0
-37.0,-945.0,-1789.0,-1173.0,-1235.0,-1578.0,-1281.0,-1791.0
-36.0,-943.0,-1786.0,-1170.0,-1231.0,-1569.0,-1281.0,-1790.0
-30.0,-942.0,-1779.0,-1162.0,-1220.0,-1556.0,-1278.0,-1785.0
-15.0,-948.0,-1771.0,-1155.0,-1211.0,-1547.0,-1273.0,-1779.0
-2.0,-951.0,-1762.0,-1147.0,-1203.0,-1542.0,-1270.0,-1771.0
12.0,-957.0,-1756.0,-1141.0,-1196.0,-1538.0,-1272.0,-1764.0
26.0,-960.0,-1753.0,-1138.0,-1192.0,-1536.0,-1274.0,-1761.0
41.0,-958.0,-1750.0,-1135.0,-1190.0,-1534.0,-1271.0,-1758.0
55.0,-952.0,-1746.0,-1132.0,-1186.0,-1532.0,-1271.0,-1754.0
68.0,-947.0,-1743.0,-1131.0,-1184.0,-1531.0,-1272.0,-1752.0
77.0,-941.0,-1739.0,-1127.0,-1181.0,-1529.0,-1271.0,-1750.0
86.0,-939.0,-1735.0,-1123.0,-1176.0,-1526.0,-1267.0,-1744.0
91.0,-940.0,-1729.0,-1118.0,-1171.0,-1521.0,-1265.0,-1742.0
95.0,-944.0,-1724.0,-1113.0,-1165.0,-1516.0,-1265.0,-1739.0
107.0,-950.0,-1717.0,-1107.0,-1159.0,-1512.0,-1262.0,-1734.0
118.0,-953.0,-1710.0,-1100.0,-1152.0,-1506.0,-1256.0,-1728.0
131.0,-954.0,-1705.0,-1095.0,-1146.0,-1501.0,-1251.0,-1724.0
140.0,-949.0,-1701.0,-1092.0,-1142.0,-1497.0,-1247.0,-1722.0
144.0,-942.0,-1699.0,-1089.0,-1140.0,-1496.0,-1247.0,-1721.0
153.0,-937.0,-1697.0,-1088.0,-1139.0,-1495.0,-1247.0,-1721.0
165.0,-935.0,-1693.0,-1084.0,-1134.0,-1492.0,-1244.0,-1719.0
169.0,-933.0,-1688.0,-1080.0,-1130.0,-1488.0,-1237.0,-1713.0
175.0,-935.0,-1682.0,-1076.0,-1125.0,-1484.0,-1234.0,-1710.0
178.0,-935.0,-1675.0,-1070.0,-1119.0,-1477.0,-1230.0,-1707.0
183.0,-938.0,-1669.0,-1062.0,-1112.0,-1471.0,-1226.0,-1704.0
185.0,-939.0,-1664.0,-1056.0,-1106.0,-1466.0,-1221.0,-1701.0
190.0,-939.0,-1660.0,-1053.0,-1103.0,-1464.0,-1218.0,-1700.0
207.0,-938.0,-1656.0,-1052.0,-1100.0,-1462.0,-1215.0,-1695.0
216.0,-934.0,-1657.0,-1054.0,-1101.0,-1463.0,-1215.0,-1695.0
223.0,-931.0,-1660.0,-1058.0,-1103.0,-1467.0,-1219.0,-1697.0
235.0,-931.0,-1661.0,-1059.0,-1102.0,-1466.0,-1220.0,-1697.0
248.0,-934.0,-1659.0,-1058.0,-1101.0,-1463.0,-1218.0,-1695.0
252.0,-934.0,-1653.0,-1052.0,-1094.0,-1457.0,-1215.0,-1691.0
255.0,-935.0,-1644.0,-1044.0,-1085.0,-1449.0,-1210.0,-1686.0
257.0,-938.0,-1635.0,-1037.0,-1078.0,-1443.0,-1207.0,-1680.0
265.0,-943.0,-1628.0,-1031.0,-1071.0,-1437.0,-1204.0,-1677.0
279.0,-944.0,-1622.0,-1026.0,-1067.0,-1433.0,-1203.0,-1672.0
288.0,-939.0,-1616.0,-1021.0,-1062.0,-1430.0,-1202.0,-1669.0
295.0,-932.0,-1612.0,-1018.0,-1059.0,-1428.0,-1202.0,-1668.0
306.0,-925.0,-1608.0,-1017.0,-1057.0,-1428.0,-1203.0,-1667.0
314.0,-921.0,-1605.0,-1015.0,-1055.0,-1427.0,-1204.0,-1666.0
318.0,-920.0,-1603.0,-1013.0,-1055.0,-1427.0,-1205.0,-1666.0
317.0,-922.0,-1601.0,-1010.0,-1054.0,-1425.0,-1208.0,-1666.0
315.0,-926.0,-1597.0,-1007.0,-1052.0,-1423.0,-1226.0,-1666.0
320.0,-935.0,-1595.0,-1004.0,-1050.0,-1421.0,-1307.0,-1665.0
326.0,-944.0,-1592.0,-1003.0,-1049.0,-1419.0,-1428.0,-1663.0
324.0,-942.0,-1591.0,-1003.0,-1050.0,-1420.0,-1509.0,-1661.0
324.0,-938.0,-1591.0,-1005.0,-1053.0,-1423.0,-1560.0,-1660.0
331.0,-935.0,-1591.0,-1006.0,-1054.0,-1424.0,-1600.0,-1659.0
338.0,-932.0,-1591.0,-1007.0,-1055.0,-1424.0,-1631.0,-1659.0
340.0,-927.0,-1590.0,-1008.0,-1056.0,-1422.0,-1657.0,-1660.0
332.0,-921.0,-1591.0,-1009.0,-1056.0,-1423.0,-1678.0,-1664.0
324.0,-922.0,-1590.0,-1009.0,-1057.0,-1425.0,-1698.0,-1666.0
320.0,-926.0,-1588.0,-1008.0,-1055.0,-1425.0,-1716.0,-1666.0
314.0,-930.0,-1589.0,-1010.0,-1057.0,-1427.0,-1730.0,-1668.0
302.0,-931.0,-1589.0,-1011.0,-1060.0,-1428.0,-1740.0,-1670.0
288.0,-927.0,-1592.0,-1014.0,-1063.0,-1430.0,-1750.0,-1674.0
274.0,-923.0,-1595.0,-1017.0,-1067.0,-1431.0,-1760.0,-1679.0
267.0,-920.0,-1597.0,-1019.0,-1069.0,-1429.0,-1766.0,-1681.0
262.0,-916.0,-1599.0,-1021.0,-1072.0,-1430.0,-1772.0,-1684.0
253.0,-906.0,-1601.0,-1024.0,-1075.0,-1434.0,-1781.0,-1687.0
245.0,-902.0,-1601.0,-1024.0,-1076.0,-1435.0,-1787.0,-1687.0
240.0,-903.0,-1600.0,-1024.0,-1076.0,-1436.0,-1791.0,-1685.0
239.0,-905.0,-1598.0,-1022.0,-1076.0,-1435.0,-1789.0,-1681.0
244.0,-912.0,-1594.0,-1018.0,-1073.0,-1432.0,-1790.0,-1677.0
246.0,-917.0,-1590.0,-1013.0,-1072.0,-1429.0,-1789.0,-1675.0
243.0,-918.0,-1588.0,-1011.0,-1072.0,-1426.0,-1790.0,-1675.0
242.0,-912.0,-1587.0,-1010.0,-1072.0,-1424.0,-1795.0,-1676.0
246.0,-907.0,-1587.0,-1011.0,-1073.0,-1425.0,-1803.0,-1677.0
250.0,-903.0,-1588.0,-1013.0,-1075.0,-1428.0,-1813.0,-1679.0
250.0,-897.0,-1586.0,-1012.0,-1076.0,-1430.0,-1834.0,-1680.0
254.0,-894.0,-1584.0,-1012.0,-1077.0,-1432.0,-1855.0,-1680.0
254.0,-894.0,-1582.0,-1010.0,-1075.0,-1432.0,-1872.0,-1680.0
251.0,-896.0,-1579.0,-1007.0,-1073.0,-1432.0,-1891.0,-1681.0
248.0,-899.0,-1577.0,-1005.0,-1072.0,-1429.0,-1897.0,-1681.0
243.0,-901.0,-1575.0,-1002.0,-1070.0,-1426.0,-1891.0,-1681.0
241.0,-901.0,-1574.0,-1000.0,-1067.0,-1424.0,-1883.0,-1680.0
243.0,-899.0,-1575.0,-1001.0,-1067.0,-1423.0,-1879.0,-1678.0
245.0,-892.0,-1574.0,-1000.0,-1067.0,-1422.0,-1886.0,-1680.0
246.0,-888.0,-1576.0,-1002.0,-1069.0,-1423.0,-1897.0,-1683.0
250.0,-887.0,-1575.0,-1000.0,-1067.0,-1422.0,-1889.0,-1681.0
251.0,-889.0,-1574.0,-999.0,-1065.0,-1423.0,-1813.0,-1679.0
248.0,-892.0,-1573.0,-999.0,-1065.0,-1425.0,-1691.0,-1679.0
242.0,-895.0,-1571.0,-997.0,-1065.0,-1426.0,-1592.0,-1678.0
236.0,-899.0,-1566.0,-993.0,-1061.0,-1424.0,-1521.0,-1677.0
232.0,-904.0,-1562.0,-989.0,-1057.0,-1422.0,-1454.0,-1676.0
226.0,-905.0,-1559.0,-987.0,-1058.0,-1426.0,-1509.0,-1678.0
213.0,-898.0,-1558.0,-987.0,-1060.0,-1432.0,-1560.0,-1679.0
201.0,-889.0,-1565.0,-995.0,-1067.0,-1445.0,-1534.0,-1689.0
190.0,-881.0,-1571.0,-1003.0,-1074.0,-1453.0,-1580.0,-1694.0
180.0,-874.0,-1571.0,-1005.0,-1077.0,-1454.0,-1669.0,-1695.0
175.0,-874.0,-1572.0,-1008.0,-1077.0,-1453.0,-1641.0,-1696.0
175.0,-877.0,-1573.0,-1010.0,-1076.0,-1449.0,-1351.0,-1692.0
178.0,-888.0,-1574.0,-1012.0,-1075.0,-1444.0,-842.0,-1692.0
178.0,-901.0,-1575.0,-1013.0,-1074.0,-1440.0,-255.0,-1696.0
170.0,-903.0,-1571.0,-1013.0,-1073.0,-1434.0,286.0,-1693.0
165.0,-899.0,-1568.0,-1012.0,-1068.0,-1429.0,860.0,-1692.0
164.0,-897.0,-1567.0,-1014.0,-1067.0,-1429.0,1413.0,-1690.0
165.0,-893.0,-1568.0,-1017.0,-1069.0,-1433.0,2055.0,-1691.0
166.0,-888.0,-1569.0,-1021.0,-1071.0,-1440.0,3839.0,-1694.0
165.0,-880.0,-1569.0,-1023.0,-1072.0,-1443.0,7606.0,-1695.0
164.0,-877.0,-1567.0,-1022.0,-1073.0,-1445.0,11106.0,-1695.0
164.0,-878.0,-1565.0,-1022.0,-1073.0,-1448.0,13917.0,-1695.0
164.0,-882.0,-1562.0,-1023.0,-1071.0,-1449.0,16292.0,-1696.0
162.0,-889.0,-1558.0,-1025.0,-1070.0,-1450.0,18543.0,-1695.0
161.0,-893.0,-1554.0,-1027.0,-1068.0,-1449.0,20162.0,-1693.0
158.0,-892.0,-1551.0,-1031.0,-1066.0,-1450.0,20642.0,-1693.0
156.0,-887.0,-1551.0,-1036.0,-1065.0,-1452.0,20542.0,-1695.0
155.0,-881.0,-1552.0,-1043.0,-1067.0,-1457.0,20523.0,-1697.0
135.0,-877.0,-1539.0,-1067.0,-1067.0,-1387.0,13729.0,-1697.0
133.0,-879.0,-1537.0,-1069.0,-1066.0,-1376.0,13579.0,-1696.0
136.0,-882.0,-1537.0,-1075.0,-1068.0,-1370.0,13463.0,-1699.0
138.0,-882.0,-1538.0,-1079.0,-1071.0,-1367.0,13321.0,-1702.0
140.0,-878.0,-1538.0,-1085.0,-1072.0,-1364.0,13573.0,-1701.0
143.0,-872.0,-1538.0,-1092.0,-1076.0,-1364.0,14512.0,-1702.0
141.0,-865.0,-1538.0,-1097.0,-1079.0,-1362.0,15355.0,-1702.0
136.0,-865.0,-1536.0,-1099.0,-1078.0,-1356.0,16069.0,-1702.0
130.0,-863.0,-1532.0,-1098.0,-1075.0,-1346.0,17050.0,-1698.0
123.0,-862.0,-1526.0,-1097.0,-1073.0,-1336.0,18144.0,-1693.0
116.0,-861.0,-1517.0,-1093.0,-1067.0,-1327.0,19231.0,-1689.0
121.0,-868.0,-1511.0,-1091.0,-1062.0,-1324.0,20448.0,-1684.0
131.0,-877.0,-1510.0,-1094.0,-1063.0,-1329.0,21433.0,-1685.0
141.0,-883.0,-1513.0,-1102.0,-1071.0,-1336.0,22347.0,-1690.0
149.0,-882.0,-1517.0,-1109.0,-1077.0,-1336.0,23789.0,-1691.0
149.0,-871.0,-1515.0,-1111.0,-1073.0,-1324.0,25929.0,-1690.0
152.0,-863.0,-1515.0,-1112.0,-1069.0,-1313.0,27290.0,-1687.0
158.0,-860.0,-1513.0,-1113.0,-1067.0,-1302.0,27917.0,-1685.0
165.0,-861.0,-1510.0,-1111.0,-1061.0,-1291.0,27338.0,-1685.0
174.0,-867.0,-1507.0,-1106.0,-1055.0,-1284.0,25519.0,-1684.0
181.0,-873.0,-1502.0,-1101.0,-1050.0,-1278.0,25010.0,-1679.0
188.0,-876.0,-1498.0,-1096.0,-1046.0,-1273.0,25690.0,-1669.0
192.0,-876.0,-1494.0,-1094.0,-1041.0,-1268.0,26226.0,-1666.0
195.0,-872.0,-1493.0,-1092.0,-1039.0,-1267.0,25816.0,-1664.0
199.0,-870.0,-1492.0,-1094.0,-1040.0,-1269.0,25986.0,-1661.0
205.0,-865.0,-1492.0,-1095.0,-1041.0,-1270.0,26361.0,-1661.0
207.0,-862.0,-1492.0,-1096.0,-1041.0,-1270.0,26150.0,-1661.0
205.0,-858.0,-1491.0,-1094.0,-1040.0,-1270.0,26154.0,-1661.0
205.0,-860.0,-1490.0,-1090.0,-1040.0,-1271.0,26602.0,-1659.0
208.0,-866.0,-1487.0,-1089.0,-1038.0,-1272.0,27272.0,-1657.0
209.0,-871.0,-1486.0,-1091.0,-1037.0,-1273.0,27860.0,-1656.0
208.0,-874.0,-1485.0,-1092.0,-1037.0,-1275.0,28138.0,-1654.0
211.0,-872.0,-1484.0,-1095.0,-1037.0,-1277.0,28160.0,-1653.0
215.0,-869.0,-1483.0,-1098.0,-1036.0,-1278.0,27966.0,-1653.0
219.0,-865.0,-1482.0,-1101.0,-1037.0,-1279.0,27618.0,-1653.0
224.0,-857.0,-1480.0,-1104.0,-1037.0,-1281.0,27106.0,-1652.0
228.0,-851.0,-1478.0,-1105.0,-1037.0,-1281.0,26312.0,-1651.0
232.0,-849.0,-1476.0,-1106.0,-1036.0,-1280.0,24824.0,-1652.0
233.0,-849.0,-1473.0,-1104.0,-1034.0,-1280.0,23103.0,-1651.0
236.0,-855.0,-1468.0,-1100.0,-1032.0,-1278.0,22474.0,-1648.0
244.0,-862.0,-1459.0,-1092.0,-1027.0,-1275.0,22722.0,-1643.0
252.0,-866.0,-1449.0,-1083.0,-1020.0,-1269.0,22902.0,-1636.0
260.0,-864.0,-1441.0,-1078.0,-1016.0,-1264.0,22656.0,-1633.0
266.0,-859.0,-1434.0,-1076.0,-1014.0,-1262.0,21639.0,-1631.0
275.0,-852.0,-1429.0,-1076.0,-1013.0,-1261.0,20110.0,-1630.0
282.0,-844.0,-1426.0,-1077.0,-1013.0,-1261.0,18309.0,-1630.0
290.0,-839.0,-1420.0,-1075.0,-1010.0,-1259.0,16749.0,-1628.0
296.0,-837.0,-1412.0,-1072.0,-1006.0,-1255.0,15941.0,-1624.0
304.0,-839.0,-1404.0,-1066.0,-1001.0,-1250.0,15814.0,-1617.0
316.0,-844.0,-1397.0,-1059.0,-995.0,-1245.0,16409.0,-1612.0
327.0,-848.0,-1392.0,-1054.0,-991.0,-1242.0,16641.0,-1609.0
335.0,-850.0,-1386.0,-1046.0,-986.0,-1238.0,16909.0,-1603.0
346.0,-848.0,-1380.0,-1036.0,-981.0,-1235.0,17463.0,-1598.0
355.0,-842.0,-1377.0,-1028.0,-980.0,-1233.0,18436.0,-1596.0
365.0,-835.0,-1375.0,-1023.0,-979.0,-1230.0,19207.0,-1592.0
378.0,-829.0,-1373.0,-1020.0,-977.0,-1227.0,19327.0,-1590.0
386.0,-823.0,-1371.0,-1016.0,-974.0,-1224.0,18805.0,-1589.0
395.0,-820.0,-1368.0,-1010.0,-971.0,-1222.0,17770.0,-1588.0
407.0,-822.0,-1362.0,-1000.0,-964.0,-1218.0,16449.0,-1582.0
418.0,-825.0,-1354.0,-989.0,-956.0,-1213.0,15651.0,-1574.0
430.0,-830.0,-1347.0,-979.0,-949.0,-1205.0,16338.0,-1565.0
445.0,-837.0,-1344.0,-972.0,-945.0,-1199.0,17602.0,-1558.0
457.0,-840.0,-1343.0,-968.0,-943.0,-1197.0,18948.0,-1555.0
466.0,-838.0,-1343.0,-967.0,-943.0,-1197.0,19230.0,-1552.0
476.0,-834.0,-1345.0,-967.0,-946.0,-1201.0,18234.0,-1551.0
490.0,-832.0,-1345.0,-965.0,-946.0,-1204.0,18008.0,-1554.0
503.0,-832.0,-1346.0,-963.0,-945.0,-1204.0,18142.0,-1555.0
513.0,-832.0,-1346.0,-962.0,-947.0,-1204.0,18245.0,-1555.0
517.0,-834.0,-1344.0,-960.0,-945.0,-1200.0,18937.0,-1557.0
524.0,-836.0,-1340.0,-953.0,-938.0,-1192.0,17461.0,-1560.0
536.0,-841.0,-1336.0,-946.0,-933.0,-1188.0,15118.0,-1561.0
545.0,-845.0,-1332.0,-938.0,-930.0,-1186.0,15073.0,-1561.0
551.0,-844.0,-1327.0,-931.0,-927.0,-1184.0,14888.0,-1562.0
558.0,-841.0,-1326.0,-925.0,-925.0,-1183.0,13918.0,-1562.0
564.0,-835.0,-1325.0,-920.0,-925.0,-1180.0,12968.0,-1565.0
566.0,-824.0,-1323.0,-914.0,-923.0,-1177.0,12276.0,-1565.0
568.0,-816.0,-1319.0,-909.0,-920.0,-1174.0,11866.0,-1565.0
570.0,-814.0,-1316.0,-904.0,-919.0,-1174.0,11845.0,-1569.0
565.0,-816.0,-1314.0,-899.0,-920.0,-1176.0,11746.0,-1572.0
554.0,-816.0,-1310.0,-893.0,-919.0,-1176.0,11600.0,-1575.0
541.0,-817.0,-1307.0,-886.0,-918.0,-1177.0,10375.0,-1579.0
529.0,-819.0,-1306.0,-882.0,-920.0,-1181.0,7887.0,-1584.0
520.0,-818.0,-1306.0,-881.0,-922.0,-1186.0,5257.0,-1590.0
512.0,-814.0,-1309.0,-884.0,-926.0,-1192.0,1871.0,-1597.0
506.0,-808.0,-1315.0,-889.0,-933.0,-1199.0,-657.0,-1605.0
500.0,-803.0,-1321.0,-894.0,-939.0,-1206.0,-1938.0,-1613.0
495.0,-800.0,-1325.0,-897.0,-944.0,-1212.0,-2932.0,-1621.0
493.0,-802.0,-1327.0,-899.0,-949.0,-1219.0,-4209.0,-1628.0
487.0,-805.0,-1327.0,-899.0,-951.0,-1223.0,-5410.0,-1632.0
472.0,-809.0,-1329.0,-901.0,-954.0,-1229.0,-6488.0,-1637.0
458.0,-814.0,-1329.0,-901.0,-956.0,-1233.0,-7372.0,-1642.0
443.0,-817.0,-1328.0,-901.0,-956.0,-1235.0,-7870.0,-1644.0
430.0,-819.0,-1329.0,-902.0,-959.0,-1239.0,-8517.0,-1648.0
419.0,-817.0,-1332.0,-906.0,-964.0,-1246.0,-9104.0,-1654.0
404.0,-809.0,-1337.0,-912.0,-971.0,-1256.0,-9582.0,-1663.0
392.0,-804.0,-1343.0,-919.0,-980.0,-1266.0,-10115.0,-1672.0
380.0,-800.0,-1348.0,-924.0,-986.0,-1273.0,-10581.0,-1680.0
369.0,-801.0,-1352.0,-930.0,-992.0,-1280.0,-10881.0,-1686.0
359.0,-806.0,-1355.0,-934.0,-999.0,-1287.0,-11109.0,-1692.0
346.0,-811.0,-1355.0,-935.0,-1001.0,-1290.0,-11279.0,-1695.0
335.0,-817.0,-1355.0,-935.0,-1002.0,-1291.0,-11479.0,-1698.0
321.0,-819.0,-1355.0,-936.0,-1004.0,-1293.0,-11564.0,-1703.0
305.0,-818.0,-1356.0,-938.0,-1007.0,-1296.0,-11518.0,-1709.0
288.0,-813.0,-1358.0,-942.0,-1013.0,-1303.0,-11504.0,-1716.0
273.0,-806.0,-1359.0,-946.0,-1018.0,-1309.0,-11553.0,-1723.0
265.0,-800.0,-1360.0,-950.0,-1022.0,-1314.0,-11510.0,-1729.0
259.0,-795.0,-1359.0,-954.0,-1026.0,-1317.0,-11485.0,-1734.0
253.0,-793.0,-1358.0,-956.0,-1027.0,-1319.0,-11621.0,-1737.0
249.0,-795.0,-1355.0,-955.0,-1026.0,-1319.0,-11835.0,-1740.0
244.0,-797.0,-1350.0,-953.0,-1025.0,-1318.0,-12059.0,-1740.0
240.0,-801.0,-1345.0,-950.0,-1022.0,-1316.0,-12212.0,-1739.0
238.0,-801.0,-1337.0,-946.0,-1017.0,-1312.0,-12335.0,-1738.0
240.0,-799.0,-1332.0,-941.0,-1013.0,-1310.0,-12392.0,-1738.0
239.0,-791.0,-1325.0,-936.0,-1010.0,-1310.0,-12388.0,-1737.0
235.0,-778.0,-1316.0,-929.0,-1006.0,-1307.0,-12341.0,-1736.0
226.0,-762.0,-1306.0,-920.0,-1000.0,-1303.0,-12264.0,-1733.0
210.0,-748.0,-1297.0,-912.0,-994.0,-1300.0,-12285.0,-1731.0
192.0,-737.0,-1286.0,-903.0,-988.0,-1295.0,-12371.0,-1729.0
178.0,-738.0,-1280.0,-898.0,-984.0,-1293.0,-12338.0,-1728.0
176.0,-748.0,-1279.0,-896.0,-982.0,-1291.0,-12306.0,-1726.0
180.0,-766.0,-1280.0,-897.0,-983.0,-1293.0,-12236.0,-1726.0
186.0,-787.0,-1278.0,-895.0,-985.0,-1300.0,-12111.0,-1727.0
196.0,-807.0,-1277.0,-892.0,-988.0,-1306.0,-11989.0,-1730.0
210.0,-825.0,-1278.0,-891.0,-989.0,-1308.0,-11892.0,-1733.0
240.0,-847.0,-1283.0,-891.0,-988.0,-1305.0,-11808.0,-1731.0
284.0,-879.0,-1290.0,-893.0,-990.0,-1305.0,-11763.0,-1729.0
347.0,-920.0,-1300.0,-891.0,-988.0,-1301.0,-11745.0,-1719.0
412.0,-959.0,-1308.0,-890.0,-982.0,-1293.0,-11731.0,-1705.0
472.0,-997.0,-1318.0,-895.0,-981.0,-1291.0,-11749.0,-1694.0
516.0,-1037.0,-1331.0,-910.0,-994.0,-1302.0,-11791.0,-1694.0
536.0,-1068.0,-1349.0,-936.0,-1018.0,-1324.0,-11835.0,-1702.0
539.0,-1079.0,-1373.0,-973.0,-1045.0,-1347.0,-11847.0,-1708.0
527.0,-1074.0,-1402.0,-1019.0,-1075.0,-1368.0,-11831.0,-1714.0
493.0,-1047.0,-1427.0,-1066.0,-1105.0,-1389.0,-11815.0,-1720.0
448.0,-1007.0,-1441.0,-1102.0,-1129.0,-1407.0,-11804.0,-1726.0
394.0,-958.0,-1443.0,-1129.0,-1148.0,-1422.0,-11787.0,-1731.0
350.0,-925.0,-1452.0,-1159.0,-1171.0,-1439.0,-11758.0,-1737.0
320.0,-909.0,-1460.0,-1181.0,-1189.0,-1454.0,-11715.0,-1743.0
291.0,-901.0,-1459.0,-1187.0,-1197.0,-1463.0,-11660.0,-1748.0
267.0,-899.0,-1454.0,-1182.0,-1198.0,-1467.0,-11599.0,-1753.0
256.0,-898.0,-1446.0,-1172.0,-1193.0,-1464.0,-11527.0,-1751.0
251.0,-896.0,-1436.0,-1160.0,-1184.0,-1458.0,-11450.0,-1746.0
241.0,-884.0,-1426.0,-1148.0,-1175.0,-1451.0,-11364.0,-1742.0
229.0,-869.0,-1415.0,-1135.0,-1166.0,-1444.0,-11275.0,-1740.0
212.0,-850.0,-1400.0,-1118.0,-1154.0,-1437.0,-11184.0,-1738.0
189.0,-827.0,-1384.0,-1101.0,-1142.0,-1429.0,-11093.0,-1736.0
173.0,-808.0,-1370.0,-1087.0,-1131.0,-1421.0,-10999.0,-1732.0
167.0,-798.0,-1358.0,-1073.0,-1121.0,-1413.0,-10908.0,-1727.0
165.0,-795.0,-1345.0,-1058.0,-1109.0,-1404.0,-10816.0,-1721.0
166.0,-796.0,-1330.0,-1040.0,-1096.0,-1393.0,-10721.0,-1714.0
168.0,-798.0,-1315.0,-1021.0,-1082.0,-1382.0,-10629.0,-1706.0
166.0,-796.0,-1299.0,-1005.0,-1069.0,-1371.0,-10551.0,-1699.0
162.0,-788.0,-1286.0,-992.0,-1058.0,-1363.0,-10503.0,-1693.0
164.0,-781.0,-1275.0,-981.0,-1050.0,-1356.0,-10479.0,-1689.0
162.0,-772.0,-1267.0,-974.0,-1045.0,-1353.0,-10458.0,-1686.0
164.0,-765.0,-1263.0,-972.0,-1044.0,-1353.0,-10437.0,-1684.0
165.0,-758.0,-1259.0,-969.0,-1043.0,-1351.0,-10408.0,-1681.0
164.0,-750.0,-1253.0,-965.0,-1040.0,-1347.0,-10369.0,-1677.0
164.0,-747.0,-1246.0,-960.0,-1034.0,-1343.0,-10317.0,-1672.0
167.0,-749.0,-1241.0,-957.0,-1029.0,-1339.0,-10250.0,-1668.0
168.0,-751.0,-1236.0,-953.0,-1024.0,-1333.0,-10180.0,-1662.0
168.0,-752.0,-1231.0,-949.0,-1020.0,-1328.0,-10109.0,-1655.0
168.0,-750.0,-1228.0,-947.0,-1018.0,-1327.0,-10034.0,-1652.0
169.0,-745.0,-1226.0,-946.0,-1018.0,-1327.0,-9956.0,-1652.0
168.0,-738.0,-1224.0,-945.0,-1018.0,-1327.0,-9882.0,-1652.0
170.0,-732.0,-1224.0,-946.0,-1019.0,-1328.0,-9808.0,-1653.0
171.0,-727.0,-1223.0,-947.0,-1019.0,-1329.0,-9732.0,-1653.0
172.0,-726.0,-1221.0,-947.0,-1019.0,-1329.0,-9658.0,-1652.0
177.0,-729.0,-1218.0,-945.0,-1016.0,-1326.0,-9587.0,-1650.0
183.0,-735.0,-1213.0,-942.0,-1013.0,-1323.0,-9509.0,-1646.0
187.0,-741.0,-1208.0,-937.0,-1009.0,-1319.0,-9429.0,-1642.0
192.0,-745.0,-1203.0,-934.0,-1005.0,-1315.0,-9351.0,-1638.0
196.0,-745.0,-1199.0,-931.0,-1003.0,-1312.0,-9270.0,-1636.0
200.0,-741.0,-1197.0,-930.0,-1001.0,-1310.0,-9186.0,-1634.0
204.0,-734.0,-1194.0,-929.0,-1000.0,-1309.0,-9102.0,-1633.0
209.0,-728.0,-1193.0,-927.0,-1000.0,-1308.0,-9011.0,-1631.0
212.0,-721.0,-1190.0,-925.0,-998.0,-1306.0,-8915.0,-1629.0
220.0,-719.0,-1185.0,-921.0,-995.0,-1303.0,-8823.0,-1626.0
229.0,-720.0,-1180.0,-915.0,-991.0,-1298.0,-8729.0,-1621.0
238.0,-725.0,-1174.0,-910.0,-986.0,-1294.0,-8619.0,-1616.0
245.0,-729.0,-1167.0,-904.0,-981.0,-1288.0,-8502.0,-1610.0
254.0,-731.0,-1160.0,-898.0,-975.0,-1282.0,-8391.0,-1604.0
268.0,-730.0,-1152.0,-892.0,-969.0,-1276.0,-8286.0,-1597.0
285.0,-727.0,-1145.0,-887.0,-964.0,-1270.0,-8186.0,-1592.0
298.0,-721.0,-1140.0,-883.0,-960.0,-1267.0,-8092.0,-1588.0
307.0,-711.0,-1134.0,-879.0,-956.0,-1263.0,-8006.0,-1584.0
315.0,-705.0,-1130.0,-875.0,-953.0,-1260.0,-7925.0,-1581.0
323.0,-703.0,-1125.0,-873.0,-951.0,-1257.0,-7850.0,-1578.0
333.0,-705.0,-1119.0,-869.0,-946.0,-1252.0,-7776.0,-1573.0
341.0,-709.0,-1113.0,-863.0,-942.0,-1249.0,-7701.0,-1568.0
349.0,-713.0,-1107.0,-858.0,-937.0,-1244.0,-7625.0,-1563.0
353.0,-716.0,-1100.0,-851.0,-932.0,-1240.0,-7548.0,-1558.0
359.0,-715.0,-1094.0,-846.0,-928.0,-1237.0,-7469.0,-1554.0
363.0,-710.0,-1090.0,-842.0,-926.0,-1235.0,-7395.0,-1552.0
368.0,-706.0,-1090.0,-842.0,-927.0,-1235.0,-7326.0,-1551.0
374.0,-702.0,-1089.0,-842.0,-928.0,-1236.0,-7258.0,-1551.0
380.0,-698.0,-1087.0,-839.0,-927.0,-1235.0,-7190.0,-1550.0
386.0,-695.0,-1083.0,-837.0,-924.0,-1232.0,-7123.0,-1547.0
393.0,-696.0,-1080.0,-835.0,-922.0,-1231.0,-7057.0,-1545.0
402.0,-701.0,-1074.0,-830.0,-919.0,-1226.0,-6991.0,-1539.0
411.0,-706.0,-1068.0,-824.0,-914.0,-1221.0,-6925.0,-1533.0
418.0,-711.0,-1063.0,-820.0,-911.0,-1217.0,-6860.0,-1528.0
423.0,-710.0,-1058.0,-816.0,-908.0,-1214.0,-6794.0,-1525.0
428.0,-706.0,-1054.0,-814.0,-906.0,-1212.0,-6730.0,-1522.0
432.0,-700.0,-1052.0,-812.0,-905.0,-1210.0,-6667.0,-1521.0
438.0,-694.0,-1051.0,-811.0,-905.0,-1211.0,-6612.0,-1521.0
441.0,-689.0,-1049.0,-809.0,-905.0,-1210.0,-6548.0,-1520.0
440.0,-685.0,-1047.0,-806.0,-904.0,-1209.0,-6477.0,-1519.0
440.0,-684.0,-1043.0,-802.0,-901.0,-1207.0,-6414.0,-1517.0
444.0,-688.0,-1039.0,-797.0,-898.0,-1203.0,-6353.0,-1514.0
445.0,-693.0,-1034.0,-792.0,-894.0,-1200.0,-6284.0,-1510.0
447.0,-697.0,-1030.0,-788.0,-892.0,-1197.0,-6215.0,-1507.0
448.0,-698.0,-1027.0,-786.0,-890.0,-1196.0,-6151.0,-1505.0
449.0,-693.0,-1026.0,-784.0,-890.0,-1195.0,-6087.0,-1504.0
447.0,-685.0,-1025.0,-784.0,-890.0,-1195.0,-6025.0,-1504.0
449.0,-679.0,-1025.0,-783.0,-890.0,-1195.0,-5967.0,-1505.0
450.0,-674.0,-1023.0,-780.0,-889.0,-1194.0,-5908.0,-1505.0
448.0,-671.0,-1022.0,-777.0,-889.0,-1194.0,-5850.0,-1506.0
446.0,-672.0,-1019.0,-774.0,-888.0,-1193.0,-5795.0,-1505.0
443.0,-675.0,-1015.0,-769.0,-885.0,-1190.0,-5741.0,-1503.0
443.0,-680.0,-1012.0,-765.0,-883.0,-1188.0,-5689.0,-1501.0
441.0,-684.0,-1009.0,-762.0,-881.0,-1186.0,-5634.0,-1500.0
440.0,-684.0,-1008.0,-760.0,-880.0,-1186.0,-5581.0,-1500.0
439.0,-681.0,-1008.0,-758.0,-881.0,-1185.0,-5531.0,-1499.0
436.0,-673.0,-1009.0,-757.0,-882.0,-1186.0,-5484.0,-1500.0
436.0,-666.0,-1009.0,-756.0,-882.0,-1186.0,-5435.0,-1501.0
434.0,-661.0,-1009.0,-756.0,-882.0,-1186.0,-5383.0,-1500.0
431.0,-660.0,-1008.0,-753.0,-882.0,-1186.0,-5332.0,-1501.0
431.0,-662.0,-1006.0,-750.0,-881.0,-1185.0,-5286.0,-1501.0
427.0,-664.0,-1003.0,-747.0,-880.0,-1184.0,-5234.0,-1499.0
422.0,-668.0,-1000.0,-743.0,-878.0,-1183.0,-5177.0,-1498.0
412.0,-672.0,-1000.0,-742.0,-879.0,-1183.0,-5120.0,-1501.0
399.0,-671.0,-1002.0,-742.0,-881.0,-1185.0,-5060.0,-1504.0
383.0,-665.0,-1005.0,-744.0,-885.0,-1189.0,-5001.0,-1508.0
357.0,-657.0,-1012.0,-750.0,-892.0,-1196.0,-4942.0,-1516.0
338.0,-652.0,-1020.0,-757.0,-900.0,-1203.0,-4878.0,-1524.0
327.0,-646.0,-1023.0,-760.0,-904.0,-1207.0,-4804.0,-1529.0
315.0,-642.0,-1025.0,-760.0,-906.0,-1208.0,-4720.0,-1531.0
307.0,-645.0,-1026.0,-761.0,-907.0,-1209.0,-4629.0,-1535.0
300.0,-649.0,-1027.0,-761.0,-909.0,-1210.0,-4532.0,-1536.0
290.0,-653.0,-1027.0,-761.0,-910.0,-1210.0,-4447.0,-1538.0
281.0,-656.0,-1025.0,-759.0,-910.0,-1210.0,-4363.0,-1538.0
275.0,-656.0,-1027.0,-760.0,-911.0,-1211.0,-4295.0,-1541.0
269.0,-655.0,-1029.0,-762.0,-914.0,-1213.0,-4237.0,-1545.0
262.0,-649.0,-1031.0,-763.0,-916.0,-1215.0,-4178.0,-1548.0
253.0,-640.0,-1033.0,-763.0,-918.0,-1216.0,-4130.0,-1549.0
245.0,-632.0,-1034.0,-763.0,-920.0,-1218.0,-4094.0,-1552.0
237.0,-628.0,-1034.0,-763.0,-922.0,-1219.0,-4060.0,-1554.0
229.0,-627.0,-1034.0,-762.0,-922.0,-1219.0,-4028.0,-1554.0
224.0,-630.0,-1033.0,-760.0,-921.0,-1218.0,-3994.0,-1553.0
219.0,-634.0,-1032.0,-758.0,-920.0,-1217.0,-3958.0,-1553.0
217.0,-638.0,-1031.0,-758.0,-920.0,-1216.0,-3920.0,-1554.0
215.0,-639.0,-1032.0,-759.0,-920.0,-1216.0,-3880.0,-1554.0
209.0,-632.0,-1033.0,-760.0,-923.0,-1217.0,-3845.0,-1554.0
206.0,-626.0,-1034.0,-762.0,-925.0,-1220.0,-3813.0,-1555.0
201.0,-618.0,-1036.0,-763.0,-927.0,-1221.0,-3787.0,-1557.0
197.0,-612.0,-1037.0,-764.0,-929.0,-1221.0,-3764.0,-1558.0
192.0,-609.0,-1038.0,-764.0,-929.0,-1220.0,-3729.0,-1559.0
190.0,-610.0,-1038.0,-764.0,-929.0,-1219.0,-3686.0,-1560.0
186.0,-613.0,-1038.0,-764.0,-929.0,-1216.0,-3647.0,-1560.0
182.0,-616.0,-1037.0,-762.0,-928.0,-1215.0,-3610.0,-1560.0
176.0,-618.0,-1035.0,-760.0,-926.0,-1214.0,-3577.0,-1559.0
174.0,-618.0,-1034.0,-759.0,-926.0,-1214.0,-3544.0,-1560.0
170.0,-613.0,-1034.0,-761.0,-928.0,-1216.0,-3512.0,-1561.0
168.0,-607.0,-1036.0,-764.0,-931.0,-1219.0,-3498.0,-1563.0
166.0,-601.0,-1038.0,-766.0,-933.0,-1220.0,-3484.0,-1564.0
167.0,-598.0,-1040.0,-768.0,-937.0,-1221.0,-3462.0,-1566.0
168.0,-597.0,-1041.0,-771.0,-938.0,-1219.0,-3438.0,-1567.0
165.0,-597.0,-1040.0,-771.0,-937.0,-1216.0,-3409.0,-1565.0
163.0,-600.0,-1039.0,-770.0,-936.0,-1213.0,-3379.0,-1564.0
164.0,-605.0,-1038.0,-771.0,-935.0,-1211.0,-3353.0,-1563.0
163.0,-608.0,-1038.0,-771.0,-935.0,-1210.0,-3328.0,-1562.0
164.0,-610.0,-1039.0,-773.0,-936.0,-1210.0,-3302.0,-1562.0
163.0,-608.0,-1040.0,-776.0,-938.0,-1211.0,-3281.0,-1563.0
162.0,-603.0,-1041.0,-779.0,-940.0,-1213.0,-3265.0,-1564.0
161.0,-597.0,-1043.0,-782.0,-943.0,-1215.0,-3248.0,-1565.0
162.0,-593.0,-1045.0,-784.0,-944.0,-1216.0,-3240.0,-1566.0
166.0,-593.0,-1047.0,-786.0,-945.0,-1215.0,-3235.0,-1566.0
166.0,-594.0,-1046.0,-787.0,-945.0,-1214.0,-3223.0,-1565.0
167.0,-597.0,-1044.0,-786.0,-943.0,-1212.0,-3208.0,-1563.0
172.0,-604.0,-1041.0,-784.0,-941.0,-1209.0,-3191.0,-1559.0
180.0,-609.0,-1037.0,-781.0,-937.0,-1205.0,-3175.0,-1553.0
193.0,-607.0,-1031.0,-776.0,-931.0,-1199.0,-3158.0,-1546.0
206.0,-604.0,-1029.0,-774.0,-927.0,-1196.0,-3146.0,-1541.0
217.0,-601.0,-1029.0,-774.0,-927.0,-1195.0,-3144.0,-1540.0
224.0,-595.0,-1027.0,-774.0,-927.0,-1194.0,-3141.0,-1539.0
231.0,-590.0,-1026.0,-773.0,-927.0,-1194.0,-3139.0,-1539.0
238.0,-589.0,-1024.0,-773.0,-926.0,-1193.0,-3144.0,-1537.0
244.0,-591.0,-1022.0,-772.0,-924.0,-1190.0,-3147.0,-1534.0
248.0,-595.0,-1019.0,-769.0,-921.0,-1187.0,-3143.0,-1530.0
252.0,-600.0,-1016.0,-766.0,-917.0,-1181.0,-3132.0,-1524.0
255.0,-602.0,-1011.0,-762.0,-913.0,-1176.0,-3118.0,-1519.0
258.0,-600.0,-1007.0,-759.0,-910.0,-1172.0,-3098.0,-1516.0
263.0,-597.0,-1005.0,-758.0,-908.0,-1170.0,-3077.0,-1516.0
265.0,-593.0,-1005.0,-758.0,-909.0,-1170.0,-3047.0,-1518.0
266.0,-584.0,-1004.0,-758.0,-909.0,-1172.0,-3001.0,-1518.0
268.0,-579.0,-1004.0,-758.0,-909.0,-1174.0,-2936.0,-1517.0
270.0,-577.0,-1002.0,-757.0,-909.0,-1174.0,-2872.0,-1515.0
270.0,-576.0,-998.0,-754.0,-906.0,-1169.0,-2824.0,-1512.0
275.0,-581.0,-995.0,-751.0,-903.0,-1164.0,-2789.0,-1508.0
276.0,-586.0,-991.0,-748.0,-900.0,-1158.0,-2758.0,-1505.0
276.0,-588.0,-988.0,-747.0,-898.0,-1153.0,-2716.0,-1502.0
279.0,-590.0,-988.0,-747.0,-898.0,-1151.0,-2653.0,-1498.0
281.0,-589.0,-988.0,-749.0,-899.0,-1151.0,-2585.0,-1497.0
282.0,-584.0,-989.0,-749.0,-900.0,-1152.0,-2534.0,-1497.0
280.0,-576.0,-987.0,-749.0,-899.0,-1151.0,-2503.0,-1497.0
279.0,-570.0,-986.0,-748.0,-899.0,-1149.0,-2478.0,-1496.0
278.0,-568.0,-984.0,-747.0,-898.0,-1149.0,-2466.0,-1497.0
280.0,-569.0,-981.0,-746.0,-896.0,-1147.0,-2451.0,-1495.0
283.0,-576.0,-978.0,-744.0,-895.0,-1145.0,-2418.0,-1493.0
283.0,-581.0,-974.0,-742.0,-892.0,-1143.0,-2407.0,-1490.0
285.0,-588.0,-971.0,-739.0,-891.0,-1141.0,-2536.0,-1488.0
284.0,-589.0,-970.0,-738.0,-890.0,-1140.0,-2810.0,-1487.0
283.0,-586.0,-969.0,-738.0,-890.0,-1140.0,-2944.0,-1487.0
284.0,-583.0,-969.0,-739.0,-893.0,-1143.0,-2945.0,-1487.0
284.0,-577.0,-969.0,-740.0,-893.0,-1142.0,-3094.0,-1487.0
284.0,-572.0,-968.0,-739.0,-893.0,-1143.0,-3180.0,-1486.0
283.0,-570.0,-966.0,-738.0,-893.0,-1143.0,-3210.0,-1484.0
284.0,-573.0,-964.0,-736.0,-891.0,-1142.0,-3239.0,-1482.0
284.0,-577.0,-961.0,-734.0,-888.0,-1138.0,-3029.0,-1479.0
285.0,-581.0,-958.0,-731.0,-885.0,-1135.0,-2375.0,-1475.0
284.0,-585.0,-955.0,-728.0,-882.0,-1133.0,-1532.0,-1471.0
283.0,-585.0,-952.0,-726.0,-881.0,-1131.0,-940.0,-1469.0
279.0,-579.0,-950.0,-725.0,-880.0,-1130.0,-625.0,-1466.0
277.0,-572.0,-950.0,-726.0,-880.0,-1130.0,-347.0,-1466.0
279.0,-568.0,-951.0,-727.0,-882.0,-1132.0,-169.0,-1466.0
279.0,-564.0,-951.0,-727.0,-883.0,-1133.0,101.0,-1466.0
277.0,-561.0,-950.0,-727.0,-883.0,-1133.0,289.0,-1466.0
276.0,-562.0,-949.0,-726.0,-883.0,-1132.0,171.0,-1464.0
279.0,-568.0,-948.0,-725.0,-882.0,-1131.0,49.0,-1464.0
278.0,-574.0,-945.0,-722.0,-880.0,-1129.0,235.0,-1463.0
277.0,-578.0,-941.0,-719.0,-877.0,-1127.0,391.0,-1460.0
276.0,-578.0,-940.0,-718.0,-877.0,-1127.0,93.0,-1459.0
276.0,-574.0,-941.0,-718.0,-877.0,-1128.0,-100.0,-1458.0
274.0,-569.0,-941.0,-719.0,-878.0,-1128.0,-236.0,-1459.0
273.0,-562.0,-941.0,-720.0,-879.0,-1128.0,-519.0,-1459.0
271.0,-555.0,-941.0,-721.0,-881.0,-1129.0,-801.0,-1458.0
270.0,-553.0,-941.0,-720.0,-880.0,-1127.0,-982.0,-1457.0
269.0,-554.0,-939.0,-718.0,-878.0,-1123.0,-1099.0,-1453.0
268.0,-556.0,-937.0,-715.0,-875.0,-1121.0,-1184.0,-1450.0
267.0,-560.0,-935.0,-714.0,-875.0,-1120.0,-1244.0,-1449.0
265.0,-563.0,-932.0,-711.0,-872.0,-1118.0,-1307.0,-1448.0
261.0,-560.0,-929.0,-709.0,-870.0,-1116.0,-1365.0,-1445.0
257.0,-555.0,-928.0,-708.0,-870.0,-1116.0,-1448.0,-1445.0
258.0,-551.0,-929.0,-709.0,-871.0,-1117.0,-1539.0,-1444.0
259.0,-549.0,-932.0,-712.0,-874.0,-1119.0,-1611.0,-1444.0
259.0,-544.0,-932.0,-712.0,-874.0,-1118.0,-1665.0,-1442.0
258.0,-542.0,-932.0,-713.0,-875.0,-1118.0,-1721.0,-1443.0
256.0,-542.0,-930.0,-711.0,-873.0,-1117.0,-1773.0,-1441.0
255.0,-546.0,-927.0,-708.0,-871.0,-1114.0,-1820.0,-1439.0
256.0,-551.0,-926.0,-706.0,-869.0,-1113.0,-1861.0,-1439.0
254.0,-554.0,-924.0,-704.0,-868.0,-1112.0,-1899.0,-1438.0
250.0,-552.0,-923.0,-703.0,-867.0,-1111.0,-1929.0,-1436.0
248.0,-549.0,-923.0,-705.0,-869.0,-1112.0,-1957.0,-1436.0
251.0,-546.0,-924.0,-707.0,-870.0,-1114.0,-1987.0,-1437.0
252.0,-542.0,-925.0,-708.0,-871.0,-1116.0,-2019.0,-1437.0
251.0,-537.0,-925.0,-707.0,-871.0,-1117.0,-2050.0,-1435.0
250.0,-535.0,-924.0,-705.0,-871.0,-1115.0,-2079.0,-1433.0
248.0,-536.0,-923.0,-704.0,-870.0,-1113.0,-2110.0,-1431.0
248.0,-539.0,-922.0,-702.0,-869.0,-1110.0,-2144.0,-1429.0
248.0,-544.0,-920.0,-700.0,-867.0,-1109.0,-2178.0,-1427.0
247.0,-548.0,-917.0,-697.0,-865.0,-1107.0,-2204.0,-1424.0
245.0,-548.0,-915.0,-696.0,-864.0,-1106.0,-2225.0,-1424.0
244.0,-545.0,-915.0,-696.0,-864.0,-1107.0,-2241.0,-1426.0
243.0,-540.0,-916.0,-698.0,-866.0,-1109.0,-2255.0,-1427.0
243.0,-535.0,-918.0,-699.0,-868.0,-1111.0,-2269.0,-1428.0
243.0,-530.0,-918.0,-700.0,-869.0,-1111.0,-2283.0,-1427.0
243.0,-528.0,-918.0,-699.0,-868.0,-1110.0,-2296.0,-1425.0
241.0,-528.0,-916.0,-698.0,-866.0,-1108.0,-2310.0,-1422.0
242.0,-532.0,-914.0,-695.0,-864.0,-1104.0,-2322.0,-1419.0
240.0,-536.0,-912.0,-692.0,-861.0,-1101.0,-2331.0,-1417.0
239.0,-539.0,-910.0,-690.0,-859.0,-1098.0,-2343.0,-1415.0
240.0,-540.0,-909.0,-690.0,-859.0,-1099.0,-2357.0,-1416.0
239.0,-537.0,-910.0,-690.0,-861.0,-1102.0,-2372.0,-1416.0
238.0,-531.0,-912.0,-692.0,-864.0,-1107.0,-2387.0,-1417.0
237.0,-525.0,-914.0,-695.0,-869.0,-1112.0,-2402.0,-1419.0
234.0,-518.0,-915.0,-695.0,-870.0,-1112.0,-2409.0,-1419.0
236.0,-517.0,-914.0,-694.0,-869.0,-1110.0,-2412.0,-1418.0
236.0,-519.0,-912.0,-691.0,-866.0,-1106.0,-2413.0,-1415.0
234.0,-522.0,-909.0,-689.0,-864.0,-1101.0,-2419.0,-1413.0
233.0,-527.0,-907.0,-687.0,-861.0,-1097.0,-2423.0,-1411.0
233.0,-531.0,-905.0,-684.0,-858.0,-1093.0,-2425.0,-1408.0
232.0,-530.0,-904.0,-684.0,-858.0,-1090.0,-2429.0,-1404.0
233.0,-527.0,-904.0,-684.0,-858.0,-1089.0,-2435.0,-1404.0
232.0,-521.0,-904.0,-684.0,-857.0,-1087.0,-2442.0,-1404.0
230.0,-514.0,-904.0,-685.0,-857.0,-1086.0,-2449.0,-1403.0
229.0,-508.0,-905.0,-684.0,-857.0,-1085.0,-2449.0,-1404.0
227.0,-506.0,-905.0,-684.0,-857.0,-1085.0,-2446.0,-1406.0
227.0,-507.0,-905.0,-684.0,-858.0,-1084.0,-2445.0,-1406.0
226.0,-512.0,-904.0,-682.0,-857.0,-1083.0,-2440.0,-1404.0
227.0,-517.0,-901.0,-679.0,-855.0,-1081.0,-2443.0,-1400.0
227.0,-519.0,-898.0,-676.0,-851.0,-1078.0,-2457.0,-1395.0
225.0,-518.0,-895.0,-673.0,-849.0,-1076.0,-2476.0,-1392.0
224.0,-515.0,-894.0,-673.0,-849.0,-1077.0,-2497.0,-1392.0
224.0,-510.0,-894.0,-673.0,-850.0,-1077.0,-2514.0,-1391.0
226.0,-504.0,-896.0,-675.0,-851.0,-1079.0,-2546.0,-1392.0
228.0,-501.0,-898.0,-677.0,-853.0,-1081.0,-2587.0,-1392.0
227.0,-500.0,-897.0,-677.0,-854.0,-1082.0,-2609.0,-1393.0
226.0,-500.0,-895.0,-676.0,-853.0,-1080.0,-2607.0,-1392.0
227.0,-505.0,-892.0,-674.0,-851.0,-1077.0,-2610.0,-1391.0
227.0,-508.0,-890.0,-672.0,-850.0,-1075.0,-2622.0,-1388.0
227.0,-512.0,-889.0,-671.0,-848.0,-1072.0,-2624.0,-1385.0
229.0,-514.0,-888.0,-670.0,-847.0,-1071.0,-2625.0,-1384.0
231.0,-513.0,-889.0,-671.0,-848.0,-1072.0,-2628.0,-1384.0
230.0,-508.0,-889.0,-671.0,-849.0,-1072.0,-2637.0,-1383.0
230.0,-502.0,-891.0,-673.0,-850.0,-1073.0,-2648.0,-1384.0
231.0,-498.0,-892.0,-673.0,-850.0,-1073.0,-2654.0,-1383.0
232.0,-495.0,-891.0,-672.0,-849.0,-1071.0,-2656.0,-1381.0
230.0,-496.0,-889.0,-671.0,-848.0,-1070.0,-2689.0,-1381.0
230.0,-499.0,-887.0,-670.0,-847.0,-1070.0,-2702.0,-1380.0
231.0,-504.0,-885.0,-667.0,-844.0,-1068.0,-2688.0,-1376.0
231.0,-508.0,-883.0,-664.0,-842.0,-1066.0,-2687.0,-1373.0
229.0,-507.0,-882.0,-664.0,-841.0,-1065.0,-2703.0,-1373.0
231.0,-506.0,-882.0,-664.0,-842.0,-1066.0,-2702.0,-1374.0
231.0,-502.0,-882.0,-665.0,-843.0,-1067.0,-2700.0,-1375.0
232.0,-498.0,-884.0,-667.0,-845.0,-1069.0,-2669.0,-1378.0
232.0,-494.0,-884.0,-667.0,-846.0,-1072.0,-2642.0,-1380.0
231.0,-492.0,-884.0,-667.0,-846.0,-1071.0,-2606.0,-1380.0
231.0,-493.0,-883.0,-666.0,-844.0,-1068.0,-2661.0,-1379.0
233.0,-498.0,-881.0,-663.0,-841.0,-1065.0,-2788.0,-1377.0
235.0,-505.0,-878.0,-661.0,-840.0,-1061.0,-2829.0,-1374.0
235.0,-508.0,-875.0,-658.0,-837.0,-1057.0,-2743.0,-1370.0
234.0,-508.0,-874.0,-656.0,-834.0,-1053.0,-2554.0,-1365.0
231.0,-504.0,-872.0,-655.0,-833.0,-1052.0,-2185.0,-1363.0
229.0,-499.0,-872.0,-655.0,-834.0,-1052.0,-1727.0,-1362.0
235.0,-498.0,-873.0,-656.0,-835.0,-1053.0,-1380.0,-1364.0
236.0,-495.0,-872.0,-657.0,-837.0,-1054.0,-1257.0,-1366.0
235.0,-493.0,-871.0,-655.0,-836.0,-1055.0,-1106.0,-1367.0
235.0,-496.0,-870.0,-653.0,-835.0,-1054.0,-1010.0,-1366.0
235.0,-500.0,-869.0,-651.0,-833.0,-1053.0,-921.0,-1363.0
240.0,-508.0,-867.0,-649.0,-831.0,-1052.0,-864.0,-1360.0
241.0,-514.0,-866.0,-648.0,-830.0,-1051.0,-917.0,-1357.0
239.0,-513.0,-864.0,-646.0,-829.0,-1050.0,-986.0,-1352.0
238.0,-510.0,-863.0,-646.0,-829.0,-1050.0,-1079.0,-1350.0
235.0,-502.0,-862.0,-646.0,-829.0,-1049.0,-1185.0,-1348.0
233.0,-494.0,-862.0,-645.0,-829.0,-1046.0,-1188.0,-1348.0
230.0,-486.0,-860.0,-643.0,-826.0,-1042.0,-1207.0,-1347.0
229.0,-482.0,-859.0,-641.0,-825.0,-1039.0,-1311.0,-1346.0
230.0,-483.0,-856.0,-638.0,-821.0,-1035.0,-1409.0,-1345.0
231.0,-486.0,-854.0,-636.0,-819.0,-1033.0,-1493.0,-1344.0
231.0,-490.0,-851.0,-633.0,-818.0,-1033.0,-1589.0,-1343.0
234.0,-497.0,-850.0,-634.0,-818.0,-1035.0,-1698.0,-1343.0
237.0,-500.0,-852.0,-635.0,-819.0,-1036.0,-1810.0,-1342.0
238.0,-498.0,-853.0,-637.0,-821.0,-1037.0,-1905.0,-1341.0
240.0,-494.0,-854.0,-639.0,-823.0,-1037.0,-1979.0,-1339.0
241.0,-488.0,-855.0,-640.0,-824.0,-1038.0,-2039.0,-1339.0
240.0,-483.0,-856.0,-641.0,-824.0,-1040.0,-2083.0,-1341.0
238.0,-480.0,-855.0,-640.0,-825.0,-1041.0,-2114.0,-1343.0
238.0,-483.0,-853.0,-639.0,-825.0,-1041.0,-2133.0,-1342.0
238.0,-486.0,-850.0,-635.0,-822.0,-1039.0,-2145.0,-1338.0
236.0,-490.0,-848.0,-632.0,-820.0,-1037.0,-2162.0,-1336.0
236.0,-494.0,-846.0,-629.0,-818.0,-1034.0,-2175.0,-1333.0
235.0,-493.0,-845.0,-628.0,-815.0,-1030.0,-2184.0,-1331.0
234.0,-489.0,-844.0,-627.0,-814.0,-1027.0,-2190.0,-1332.0
233.0,-484.0,-844.0,-627.0,-814.0,-1028.0,-2199.0,-1332.0
234.0,-479.0,-844.0,-628.0,-816.0,-1030.0,-2199.0,-1332.0
235.0,-475.0,-846.0,-630.0,-817.0,-1031.0,-2191.0,-1331.0
236.0,-475.0,-847.0,-632.0,-819.0,-1031.0,-2187.0,-1331.0
238.0,-477.0,-846.0,-632.0,-819.0,-1030.0,-2182.0,-1329.0
237.0,-481.0,-844.0,-630.0,-817.0,-1030.0,-2178.0,-1328.0
237.0,-484.0,-842.0,-627.0,-816.0,-1029.0,-2172.0,-1325.0
235.0,-487.0,-840.0,-625.0,-815.0,-1028.0,-2160.0,-1323.0
235.0,-487.0,-839.0,-624.0,-814.0,-1027.0,-2146.0,-1324.0
235.0,-484.0,-840.0,-625.0,-815.0,-1026.0,-2134.0,-1323.0
234.0,-477.0,-839.0,-626.0,-815.0,-1025.0,-2124.0,-1323.0
234.0,-471.0,-839.0,-626.0,-814.0,-1024.0,-2117.0,-1324.0
233.0,-466.0,-838.0,-625.0,-813.0,-1023.0,-2109.0,-1324.0
232.0,-465.0,-838.0,-625.0,-814.0,-1025.0,-2108.0,-1324.0
232.0,-467.0,-837.0,-624.0,-814.0,-1026.0,-2100.0,-1324.0
232.0,-471.0,-835.0,-623.0,-813.0,-1025.0,-2088.0,-1322.0
231.0,-475.0,-833.0,-621.0,-812.0,-1024.0,-2070.0,-1319.0
231.0,-478.0,-831.0,-619.0,-810.0,-1022.0,-2045.0,-1317.0
231.0,-479.0,-829.0,-617.0,-808.0,-1020.0,-2019.0,-1314.0
231.0,-477.0,-829.0,-616.0,-807.0,-1020.0,-2004.0,-1314.0
230.0,-472.0,-830.0,-616.0,-807.0,-1019.0,-1992.0,-1314.0
231.0,-467.0,-831.0,-618.0,-809.0,-1018.0,-1982.0,-1315.0
233.0,-463.0,-830.0,-619.0,-809.0,-1017.0,-1974.0,-1315.0
231.0,-459.0,-828.0,-617.0,-808.0,-1015.0,-1962.0,-1314.0
229.0,-459.0,-825.0,-614.0,-805.0,-1013.0,-1950.0,-1312.0
229.0,-462.0,-821.0,-610.0,-801.0,-1009.0,-1942.0,-1310.0
230.0,-466.0,-818.0,-608.0,-799.0,-1007.0,-1938.0,-1309.0
229.0,-468.0,-815.0,-606.0,-798.0,-1006.0,-1934.0,-1306.0
229.0,-469.0,-813.0,-606.0,-799.0,-1007.0,-1930.0,-1306.0
229.0,-467.0,-813.0,-605.0,-799.0,-1008.0,-1926.0,-1307.0
229.0,-462.0,-813.0,-606.0,-800.0,-1009.0,-1926.0,-1309.0
231.0,-457.0,-815.0,-607.0,-801.0,-1011.0,-1932.0,-1311.0
229.0,-452.0,-815.0,-609.0,-802.0,-1011.0,-1930.0,-1311.0
227.0,-449.0,-812.0,-608.0,-801.0,-1010.0,-1929.0,-1310.0
226.0,-450.0,-810.0,-606.0,-800.0,-1008.0,-1936.0,-1306.0
228.0,-456.0,-806.0,-602.0,-797.0,-1005.0,-1941.0,-1303.0
228.0,-460.0,-803.0,-599.0,-793.0,-1002.0,-1940.0,-1300.0
231.0,-465.0,-801.0,-596.0,-790.0,-999.0,-1938.0,-1297.0
233.0,-466.0,-799.0,-595.0,-789.0,-998.0,-1939.0,-1295.0
235.0,-465.0,-798.0,-594.0,-789.0,-997.0,-1942.0,-1294.0
241.0,-462.0,-798.0,-594.0,-789.0,-997.0,-1948.0,-1293.0
245.0,-456.0,-797.0,-593.0,-788.0,-997.0,-1957.0,-1291.0
247.0,-449.0,-796.0,-591.0,-786.0,-994.0,-1961.0,-1287.0
249.0,-446.0,-794.0,-590.0,-784.0,-991.0,-1964.0,-1285.0
251.0,-449.0,-793.0,-589.0,-783.0,-991.0,-1967.0,-1283.0
255.0,-457.0,-793.0,-590.0,-783.0,-992.0,-1971.0,-1282.0
259.0,-466.0,-792.0,-590.0,-783.0,-992.0,-1973.0,-1282.0
261.0,-471.0,-791.0,-590.0,-783.0,-991.0,-1976.0,-1281.0
263.0,-473.0,-792.0,-590.0,-784.0,-991.0,-1978.0,-1279.0
264.0,-471.0,-794.0,-593.0,-787.0,-993.0,-1973.0,-1278.0
258.0,-466.0,-796.0,-598.0,-791.0,-995.0,-1970.0,-1279.0
244.0,-459.0,-787.0,-593.0,-785.0,-987.0,-1933.0,-1271.0
244.0,-463.0,-783.0,-590.0,-783.0,-983.0,-1922.0,-1268.0
241.0,-462.0,-781.0,-589.0,-783.0,-982.0,-1910.0,-1267.0
237.0,-458.0,-781.0,-591.0,-786.0,-985.0,-1900.0,-1268.0
233.0,-452.0,-781.0,-592.0,-787.0,-987.0,-1897.0,-1271.0
227.0,-444.0,-779.0,-592.0,-789.0,-990.0,-1897.0,-1274.0
221.0,-437.0,-778.0,-592.0,-789.0,-991.0,-1898.0,-1277.0
218.0,-435.0,-778.0,-593.0,-790.0,-992.0,-1903.0,-1279.0
219.0,-441.0,-778.0,-594.0,-791.0,-993.0,-1919.0,-1279.0
217.0,-446.0,-777.0,-594.0,-791.0,-992.0,-1929.0,-1278.0
215.0,-450.0,-775.0,-593.0,-789.0,-989.0,-1944.0,-1277.0
212.0,-451.0,-771.0,-591.0,-786.0,-985.0,-1958.0,-1273.0
210.0,-450.0,-770.0,-591.0,-785.0,-984.0,-1971.0,-1270.0
207.0,-445.0,-769.0,-591.0,-785.0,-984.0,-1985.0,-1270.0
201.0,-437.0,-768.0,-591.0,-786.0,-985.0,-1997.0,-1269.0
200.0,-431.0,-768.0,-592.0,-787.0,-986.0,-2009.0,-1269.0
201.0,-427.0,-770.0,-594.0,-790.0,-989.0,-2023.0,-1271.0
201.0,-427.0,-769.0,-594.0,-791.0,-991.0,-2044.0,-1273.0
201.0,-429.0,-769.0,-593.0,-792.0,-992.0,-2067.0,-1273.0
201.0,-435.0,-767.0,-592.0,-791.0,-991.0,-2091.0,-1273.0
201.0,-440.0,-765.0,-590.0,-788.0,-989.0,-2111.0,-1271.0
200.0,-444.0,-763.0,-587.0,-785.0,-986.0,-2136.0,-1269.0
199.0,-445.0,-762.0,-586.0,-784.0,-984.0,-2163.0,-1268.0
198.0,-442.0,-761.0,-587.0,-785.0,-985.0,-2184.0,-1269.0
195.0,-436.0,-761.0,-587.0,-786.0,-986.0,-2199.0,-1270.0
194.0,-430.0,-761.0,-589.0,-788.0,-988.0,-2209.0,-1271.0
194.0,-426.0,-762.0,-591.0,-790.0,-990.0,-2222.0,-1272.0
192.0,-423.0,-761.0,-590.0,-789.0,-990.0,-2239.0,-1270.0
191.0,-424.0,-759.0,-587.0,-786.0,-988.0,-2255.0,-1266.0
190.0,-427.0,-757.0,-584.0,-784.0,-986.0,-2271.0,-1263.0
192.0,-433.0,-754.0,-581.0,-781.0,-985.0,-2284.0,-1259.0
191.0,-437.0,-751.0,-579.0,-781.0,-985.0,-2293.0,-1259.0
189.0,-436.0,-749.0,-578.0,-780.0,-984.0,-2297.0,-1258.0
189.0,-433.0,-749.0,-578.0,-780.0,-984.0,-2297.0,-1254.0
192.0,-430.0,-751.0,-579.0,-781.0,-985.0,-2300.0,-1253.0
194.0,-425.0,-753.0,-580.0,-783.0,-986.0,-2305.0,-1254.0
192.0,-420.0,-753.0,-580.0,-783.0,-985.0,-2308.0,-1253.0
190.0,-416.0,-752.0,-579.0,-783.0,-982.0,-2313.0,-1252.0
185.0,-414.0,-748.0,-576.0,-779.0,-977.0,-2316.0,-1250.0
180.0,-411.0,-742.0,-570.0,-773.0,-971.0,-2317.0,-1246.0
173.0,-408.0,-731.0,-559.0,-763.0,-962.0,-2317.0,-1242.0
165.0,-403.0,-718.0,-544.0,-750.0,-952.0,-2316.0,-1236.0
155.0,-393.0,-706.0,-531.0,-739.0,-944.0,-2314.0,-1231.0
141.0,-379.0,-697.0,-520.0,-732.0,-938.0,-2311.0,-1230.0
137.0,-372.0,-693.0,-514.0,-728.0,-934.0,-2309.0,-1229.0
147.0,-374.0,-695.0,-513.0,-727.0,-933.0,-2314.0,-1227.0
158.0,-383.0,-698.0,-514.0,-730.0,-936.0,-2324.0,-1228.0
169.0,-400.0,-699.0,-513.0,-731.0,-939.0,-2336.0,-1231.0
183.0,-421.0,-696.0,-505.0,-729.0,-939.0,-2347.0,-1232.0
204.0,-447.0,-696.0,-498.0,-726.0,-939.0,-2358.0,-1231.0
240.0,-480.0,-699.0,-492.0,-721.0,-935.0,-2365.0,-1225.0
287.0,-519.0,-704.0,-486.0,-716.0,-930.0,-2376.0,-1219.0
347.0,-557.0,-708.0,-475.0,-704.0,-919.0,-2385.0,-1205.0
402.0,-586.0,-714.0,-468.0,-695.0,-908.0,-2390.0,-1190.0
455.0,-612.0,-724.0,-469.0,-693.0,-905.0,-2397.0,-1180.0
490.0,-638.0,-739.0,-483.0,-707.0,-918.0,-2417.0,-1186.0
507.0,-650.0,-757.0,-508.0,-728.0,-936.0,-2441.0,-1195.0
511.0,-649.0,-780.0,-540.0,-751.0,-951.0,-2462.0,-1200.0
504.0,-643.0,-809.0,-583.0,-776.0,-967.0,-2485.0,-1205.0
477.0,-623.0,-835.0,-628.0,-800.0,-984.0,-2506.0,-1207.0
435.0,-592.0,-850.0,-663.0,-821.0,-997.0,-2528.0,-1208.0
386.0,-560.0,-854.0,-692.0,-841.0,-1010.0,-2554.0,-1214.0
357.0,-544.0,-867.0,-723.0,-865.0,-1026.0,-2583.0,-1222.0
333.0,-532.0,-877.0,-746.0,-885.0,-1044.0,-2608.0,-1230.0
306.0,-522.0,-878.0,-755.0,-899.0,-1060.0,-2634.0,-1244.0
290.0,-517.0,-879.0,-755.0,-907.0,-1070.0,-2657.0,-1254.0
286.0,-511.0,-876.0,-747.0,-904.0,-1069.0,-2668.0,-1257.0
281.0,-503.0,-870.0,-737.0,-897.0,-1063.0,-2676.0,-1256.0
266.0,-493.0,-860.0,-724.0,-887.0,-1054.0,-2683.0,-1253.0
246.0,-483.0,-848.0,-709.0,-877.0,-1048.0,-2692.0,-1253.0
225.0,-475.0,-831.0,-690.0,-865.0,-1040.0,-2703.0,-1251.0
208.0,-470.0,-816.0,-671.0,-852.0,-1031.0,-2712.0,-1249.0
198.0,-464.0,-806.0,-658.0,-842.0,-1025.0,-2720.0,-1247.0
187.0,-455.0,-798.0,-647.0,-834.0,-1019.0,-2726.0,-1246.0
184.0,-448.0,-791.0,-637.0,-827.0,-1014.0,-2731.0,-1245.0
182.0,-440.0,-783.0,-626.0,-820.0,-1009.0,-2736.0,-1243.0
184.0,-435.0,-774.0,-613.0,-811.0,-1002.0,-2739.0,-1239.0
185.0,-432.0,-763.0,-601.0,-801.0,-994.0,-2736.0,-1234.0
183.0,-430.0,-754.0,-590.0,-793.0,-986.0,-2733.0,-1230.0
181.0,-431.0,-745.0,-580.0,-785.0,-979.0,-2723.0,-1225.0
177.0,-429.0,-734.0,-570.0,-776.0,-971.0,-2712.0,-1221.0
173.0,-429.0,-726.0,-563.0,-771.0,-966.0,-2709.0,-1217.0
170.0,-423.0,-719.0,-557.0,-766.0,-963.0,-2707.0,-1214.0
168.0,-416.0,-714.0,-551.0,-762.0,-960.0,-2708.0,-1213.0
168.0,-408.0,-711.0,-548.0,-760.0,-959.0,-2711.0,-1210.0
166.0,-398.0,-710.0,-547.0,-760.0,-959.0,-2714.0,-1209.0
168.0,-391.0,-711.0,-547.0,-760.0,-960.0,-2716.0,-1207.0
167.0,-386.0,-710.0,-545.0,-758.0,-958.0,-2717.0,-1204.0
166.0,-386.0,-707.0,-544.0,-756.0,-956.0,-2719.0,-1201.0
166.0,-390.0,-703.0,-541.0,-753.0,-951.0,-2719.0,-1197.0
167.0,-395.0,-699.0,-537.0,-748.0,-947.0,-2717.0,-1192.0
164.0,-397.0,-695.0,-534.0,-744.0,-944.0,-2717.0,-1189.0
163.0,-396.0,-694.0,-532.0,-743.0,-944.0,-2722.0,-1187.0
164.0,-394.0,-694.0,-532.0,-744.0,-944.0,-2728.0,-1186.0
162.0,-388.0,-694.0,-533.0,-745.0,-943.0,-2732.0,-1186.0
163.0,-382.0,-694.0,-534.0,-746.0,-944.0,-2735.0,-1185.0
163.0,-376.0,-694.0,-535.0,-746.0,-942.0,-2734.0,-1184.0
162.0,-374.0,-693.0,-534.0,-745.0,-941.0,-2733.0,-1183.0
160.0,-375.0,-690.0,-533.0,-744.0,-940.0,-2733.0,-1181.0
157.0,-376.0,-687.0,-532.0,-744.0,-939.0,-2732.0,-1179.0
155.0,-380.0,-684.0,-529.0,-741.0,-936.0,-2736.0,-1177.0
154.0,-384.0,-681.0,-526.0,-739.0,-933.0,-2740.0,-1175.0
156.0,-385.0,-679.0,-524.0,-737.0,-932.0,-2736.0,-1173.0
160.0,-386.0,-680.0,-523.0,-737.0,-933.0,-2735.0,-1174.0
160.0,-382.0,-680.0,-524.0,-739.0,-934.0,-2735.0,-1176.0
159.0,-378.0,-681.0,-526.0,-741.0,-936.0,-2739.0,-1179.0
161.0,-375.0,-682.0,-527.0,-742.0,-938.0,-2743.0,-1179.0
161.0,-374.0,-682.0,-528.0,-742.0,-938.0,-2744.0,-1179.0
158.0,-373.0,-680.0,-527.0,-740.0,-935.0,-2743.0,-1176.0
157.0,-376.0,-677.0,-526.0,-738.0,-934.0,-2744.0,-1176.0
158.0,-382.0,-675.0,-524.0,-735.0,-933.0,-2740.0,-1172.0
154.0,-384.0,-672.0,-522.0,-734.0,-931.0,-2726.0,-1167.0
151.0,-382.0,-669.0,-520.0,-732.0,-931.0,-2719.0,-1166.0
151.0,-379.0,-670.0,-520.0,-733.0,-932.0,-2719.0,-1165.0
151.0,-376.0,-671.0,-521.0,-736.0,-934.0,-2722.0,-1163.0
151.0,-372.0,-673.0,-523.0,-737.0,-935.0,-2723.0,-1163.0
151.0,-368.0,-674.0,-524.0,-738.0,-934.0,-2722.0,-1163.0
149.0,-364.0,-672.0,-524.0,-737.0,-933.0,-2715.0,-1160.0
149.0,-366.0,-668.0,-522.0,-734.0,-931.0,-2712.0,-1162.0
149.0,-369.0,-665.0,-520.0,-732.0,-930.0,-2711.0,-1163.0
149.0,-374.0,-663.0,-517.0,-730.0,-930.0,-2707.0,-1161.0
149.0,-379.0,-661.0,-515.0,-729.0,-928.0,-2704.0,-1158.0
149.0,-381.0,-660.0,-515.0,-728.0,-926.0,-2699.0,-1155.0
148.0,-377.0,-660.0,-515.0,-728.0,-923.0,-2694.0,-1152.0
148.0,-371.0,-660.0,-515.0,-727.0,-919.0,-2691.0,-1151.0
146.0,-365.0,-659.0,-516.0,-728.0,-919.0,-2694.0,-1152.0
145.0,-360.0,-659.0,-517.0,-729.0,-921.0,-2701.0,-1153.0
144.0,-358.0,-659.0,-518.0,-730.0,-923.0,-2705.0,-1152.0
144.0,-359.0,-657.0,-518.0,-729.0,-922.0,-2711.0,-1152.0
144.0,-362.0,-655.0,-516.0,-727.0,-920.0,-2713.0,-1153.0
144.0,-366.0,-651.0,-514.0,-725.0,-918.0,-2712.0,-1152.0
143.0,-371.0,-648.0,-511.0,-722.0,-916.0,-2711.0,-1148.0
143.0,-371.0,-646.0,-509.0,-721.0,-915.0,-2710.0,-1145.0
144.0,-369.0,-645.0,-509.0,-721.0,-915.0,-2712.0,-1141.0
144.0,-364.0,-644.0,-510.0,-721.0,-916.0,-2719.0,-1140.0
144.0,-358.0,-645.0,-512.0,-722.0,-917.0,-2723.0,-1139.0
144.0,-354.0,-645.0,-512.0,-722.0,-917.0,-2725.0,-1140.0
146.0,-354.0,-645.0,-512.0,-721.0,-916.0,-2727.0,-1140.0
144.0,-354.0,-642.0,-510.0,-719.0,-914.0,-2727.0,-1137.0
142.0,-355.0,-638.0,-508.0,-717.0,-913.0,-2727.0,-1134.0
143.0,-359.0,-634.0,-506.0,-715.0,-910.0,-2725.0,-1132.0
143.0,-364.0,-631.0,-504.0,-712.0,-906.0,-2721.0,-1131.0
143.0,-366.0,-629.0,-503.0,-711.0,-904.0,-2718.0,-1130.0
145.0,-365.0,-629.0,-503.0,-711.0,-902.0,-2716.0,-1130.0
147.0,-359.0,-630.0,-504.0,-711.0,-902.0,-2716.0,-1130.0
146.0,-351.0,-630.0,-504.0,-712.0,-903.0,-2714.0,-1130.0
147.0,-346.0,-629.0,-504.0,-711.0,-903.0,-2714.0,-1128.0
148.0,-346.0,-628.0,-503.0,-710.0,-902.0,-2718.0,-1128.0
147.0,-347.0,-625.0,-501.0,-709.0,-902.0,-2723.0,-1127.0
147.0,-350.0,-622.0,-498.0,-706.0,-900.0,-2727.0,-1125.0
148.0,-355.0,-618.0,-495.0,-703.0,-898.0,-2725.0,-1122.0
148.0,-359.0,-615.0,-493.0,-700.0,-894.0,-2722.0,-1119.0
148.0,-360.0,-613.0,-492.0,-699.0,-894.0,-2702.0,-1118.0
150.0,-359.0,-612.0,-492.0,-698.0,-893.0,-2666.0,-1118.0
150.0,-353.0,-611.0,-492.0,-697.0,-892.0,-2640.0,-1118.0
148.0,-345.0,-610.0,-492.0,-698.0,-892.0,-2625.0,-1117.0
148.0,-341.0,-609.0,-492.0,-697.0,-892.0,-2613.0,-1116.0
150.0,-340.0,-607.0,-491.0,-696.0,-891.0,-2613.0,-1115.0
151.0,-340.0,-604.0,-488.0,-694.0,-890.0,-2625.0,-1112.0
154.0,-345.0,-600.0,-486.0,-693.0,-889.0,-2636.0,-1110.0
154.0,-349.0,-597.0,-483.0,-691.0,-889.0,-2639.0,-1108.0
154.0,-354.0,-593.0,-480.0,-688.0,-887.0,-2639.0,-1106.0
154.0,-354.0,-590.0,-478.0,-686.0,-887.0,-2645.0,-1105.0
155.0,-352.0,-589.0,-478.0,-686.0,-886.0,-2655.0,-1106.0
156.0,-348.0,-588.0,-480.0,-686.0,-885.0,-2657.0,-1107.0
154.0,-341.0,-588.0,-482.0,-686.0,-885.0,-2654.0,-1108.0
154.0,-336.0,-588.0,-483.0,-686.0,-885.0,-2657.0,-1110.0
153.0,-333.0,-587.0,-484.0,-685.0,-885.0,-2668.0,-1112.0
154.0,-335.0,-585.0,-483.0,-684.0,-884.0,-2661.0,-1110.0
153.0,-339.0,-581.0,-482.0,-681.0,-881.0,-2653.0,-1106.0
152.0,-342.0,-576.0,-479.0,-678.0,-876.0,-2668.0,-1101.0
151.0,-346.0,-573.0,-479.0,-676.0,-873.0,-2691.0,-1097.0
150.0,-347.0,-571.0,-479.0,-675.0,-872.0,-2710.0,-1094.0
150.0,-343.0,-570.0,-481.0,-674.0,-871.0,-2726.0,-1093.0
149.0,-336.0,-567.0,-482.0,-673.0,-870.0,-2732.0,-1093.0
149.0,-329.0,-564.0,-483.0,-672.0,-870.0,-2730.0,-1093.0
149.0,-323.0,-565.0,-486.0,-673.0,-871.0,-2731.0,-1093.0
146.0,-320.0,-565.0,-487.0,-673.0,-870.0,-2741.0,-1092.0
146.0,-321.0,-565.0,-488.0,-672.0,-870.0,-2748.0,-1090.0
146.0,-324.0,-563.0,-488.0,-670.0,-868.0,-2749.0,-1088.0
147.0,-329.0,-559.0,-488.0,-668.0,-865.0,-2744.0,-1086.0
146.0,-331.0,-555.0,-488.0,-666.0,-863.0,-2748.0,-1084.0
145.0,-330.0,-552.0,-489.0,-665.0,-861.0,-2754.0,-1084.0
145.0,-327.0,-551.0,-490.0,-665.0,-860.0,-2771.0,-1083.0
145.0,-322.0,-551.0,-492.0,-665.0,-860.0,-2810.0,-1083.0
145.0,-317.0,-551.0,-496.0,-667.0,-863.0,-2855.0,-1083.0
144.0,-311.0,-552.0,-499.0,-670.0,-866.0,-2896.0,-1083.0
144.0,-309.0,-551.0,-502.0,-672.0,-868.0,-2933.0,-1083.0
143.0,-311.0,-550.0,-502.0,-670.0,-867.0,-2963.0,-1081.0
142.0,-313.0,-547.0,-502.0,-668.0,-865.0,-2995.0,-1078.0
142.0,-317.0,-544.0,-501.0,-666.0,-863.0,-3018.0,-1075.0
141.0,-321.0,-541.0,-502.0,-665.0,-862.0,-3038.0,-1073.0
141.0,-322.0,-541.0,-504.0,-665.0,-861.0,-3060.0,-1073.0
142.0,-319.0,-541.0,-507.0,-666.0,-861.0,-3110.0,-1073.0
142.0,-313.0,-542.0,-511.0,-668.0,-863.0,-3175.0,-1074.0
141.0,-305.0,-544.0,-515.0,-669.0,-862.0,-3232.0,-1075.0
142.0,-301.0,-545.0,-517.0,-670.0,-864.0,-3268.0,-1075.0
143.0,-300.0,-544.0,-520.0,-670.0,-865.0,-3289.0,-1075.0
145.0,-302.0,-543.0,-522.0,-671.0,-865.0,-3303.0,-1074.0
145.0,-306.0,-542.0,-523.0,-670.0,-865.0,-3305.0,-1073.0
144.0,-311.0,-541.0,-524.0,-669.0,-863.0,-3295.0,-1068.0
145.0,-316.0,-540.0,-524.0,-668.0,-860.0,-3294.0,-1065.0
145.0,-317.0,-540.0,-526.0,-667.0,-858.0,-3309.0,-1064.0
146.0,-315.0,-541.0,-528.0,-667.0,-857.0,-3329.0,-1065.0
147.0,-311.0,-543.0,-531.0,-669.0,-859.0,-3339.0,-1065.0
147.0,-305.0,-545.0,-535.0,-671.0,-862.0,-3328.0,-1064.0
147.0,-301.0,-547.0,-538.0,-673.0,-865.0,-3304.0,-1065.0
147.0,-300.0,-547.0,-541.0,-675.0,-866.0,-3273.0,-1064.0
147.0,-302.0,-546.0,-542.0,-674.0,-864.0,-3235.0,-1062.0
147.0,-306.0,-545.0,-543.0,-673.0,-861.0,-3211.0,-1061.0
149.0,-312.0,-544.0,-544.0,-672.0,-859.0,-3211.0,-1058.0
150.0,-317.0,-542.0,-544.0,-669.0,-857.0,-3230.0,-1055.0
150.0,-318.0,-543.0,-546.0,-669.0,-856.0,-3231.0,-1053.0
149.0,-314.0,-544.0,-547.0,-669.0,-857.0,-3243.0,-1051.0
149.0,-310.0,-546.0,-549.0,-671.0,-859.0,-3245.0,-1052.0
149.0,-304.0,-548.0,-553.0,-674.0,-861.0,-3255.0,-1053.0
149.0,-299.0,-549.0,-556.0,-675.0,-859.0,-3268.0,-1053.0
149.0,-298.0,-550.0,-557.0,-675.0,-857.0,-3277.0,-1053.0
148.0,-299.0,-548.0,-556.0,-674.0,-855.0,-3271.0,-1052.0
148.0,-302.0,-545.0,-554.0,-670.0,-852.0,-3279.0,-1050.0
149.0,-307.0,-543.0,-553.0,-670.0,-852.0,-3294.0,-1047.0
148.0,-312.0,-541.0,-553.0,-669.0,-853.0,-3295.0,-1046.0
149.0,-313.0,-540.0,-554.0,-669.0,-854.0,-3253.0,-1045.0
148.0,-311.0,-539.0,-555.0,-670.0,-854.0,-3181.0,-1045.0
147.0,-305.0,-540.0,-557.0,-671.0,-855.0,-3159.0,-1047.0
146.0,-299.0,-540.0,-558.0,-672.0,-855.0,-3169.0,-1047.0
147.0,-296.0,-541.0,-559.0,-672.0,-855.0,-3191.0,-1047.0
146.0,-294.0,-541.0,-559.0,-673.0,-855.0,-3196.0,-1046.0
145.0,-295.0,-540.0,-559.0,-672.0,-855.0,-3215.0,-1044.0
146.0,-300.0,-539.0,-558.0,-670.0,-854.0,-3278.0,-1042.0
145.0,-305.0,-536.0,-556.0,-668.0,-851.0,-3318.0,-1039.0
145.0,-308.0,-533.0,-555.0,-666.0,-848.0,-3346.0,-1036.0
143.0,-308.0,-531.0,-554.0,-664.0,-847.0,-3366.0,-1034.0
143.0,-306.0,-531.0,-556.0,-664.0,-848.0,-3338.0,-1034.0
142.0,-300.0,-531.0,-557.0,-666.0,-850.0,-3235.0,-1035.0
140.0,-293.0,-532.0,-560.0,-667.0,-852.0,-3162.0,-1035.0
140.0,-290.0,-533.0,-562.0,-669.0,-855.0,-3174.0,-1036.0
139.0,-287.0,-533.0,-563.0,-670.0,-855.0,-3185.0,-1038.0
138.0,-289.0,-531.0,-562.0,-669.0,-854.0,-3164.0,-1039.0
138.0,-294.0,-529.0,-561.0,-668.0,-853.0,-2976.0,-1039.0
139.0,-299.0,-526.0,-560.0,-666.0,-850.0,-2531.0,-1036.0
138.0,-303.0,-524.0,-558.0,-664.0,-847.0,-2220.0,-1031.0
136.0,-302.0,-522.0,-556.0,-663.0,-845.0,-2436.0,-1028.0
134.0,-298.0,-521.0,-556.0,-661.0,-843.0,-2749.0,-1025.0
134.0,-292.0,-521.0,-557.0,-661.0,-843.0,-2917.0,-1024.0
134.0,-288.0,-522.0,-560.0,-664.0,-845.0,-3027.0,-1025.0
134.0,-283.0,-522.0,-561.0,-664.0,-845.0,-2966.0,-1024.0
132.0,-279.0,-520.0,-560.0,-663.0,-846.0,-2842.0,-1023.0
132.0,-280.0,-518.0,-559.0,-662.0,-845.0,-2788.0,-1023.0
132.0,-284.0,-516.0,-557.0,-661.0,-845.0,-2675.0,-1021.0
136.0,-292.0,-515.0,-556.0,-660.0,-843.0,-2394.0,-1017.0
140.0,-299.0,-513.0,-555.0,-658.0,-840.0,-2141.0,-1013.0
138.0,-298.0,-511.0,-554.0,-655.0,-838.0,-1765.0,-1010.0
136.0,-294.0,-510.0,-554.0,-654.0,-837.0,-1446.0,-1010.0
137.0,-289.0,-510.0,-554.0,-654.0,-836.0,-1077.0,-1009.0
136.0,-282.0,-510.0,-555.0,-654.0,-836.0,-786.0,-1009.0
134.0,-276.0,-509.0,-555.0,-653.0,-834.0,-759.0,-1007.0
133.0,-274.0,-509.0,-555.0,-653.0,-832.0,-908.0,-1004.0
134.0,-277.0,-507.0,-554.0,-652.0,-831.0,-992.0,-1003.0
135.0,-280.0,-505.0,-552.0,-649.0,-829.0,-932.0,-998.0
134.0,-284.0,-502.0,-550.0,-647.0,-826.0,-847.0,-995.0
135.0,-289.0,-499.0,-548.0,-644.0,-824.0,-778.0,-993.0
135.0,-288.0,-497.0,-546.0,-643.0,-823.0,-654.0,-990.0
134.0,-285.0,-496.0,-546.0,-642.0,-823.0,-609.0,-989.0
134.0,-280.0,-497.0,-548.0,-643.0,-824.0,-635.0,-989.0
134.0,-273.0,-498.0,-550.0,-645.0,-825.0,-621.0,-990.0
133.0,-268.0,-499.0,-551.0,-647.0,-828.0,-553.0,-992.0
133.0,-266.0,-498.0,-551.0,-646.0,-827.0,-528.0,-991.0
135.0,-268.0,-497.0,-550.0,-645.0,-826.0,-535.0,-989.0
135.0,-272.0,-494.0,-548.0,-643.0,-824.0,-550.0,-986.0
137.0,-277.0,-491.0,-546.0,-640.0,-822.0,-489.0,-983.0
136.0,-281.0,-489.0,-544.0,-638.0,-820.0,-402.0,-981.0
134.0,-281.0,-488.0,-543.0,-638.0,-821.0,-333.0,-980.0
134.0,-278.0,-487.0,-543.0,-638.0,-821.0,-282.0,-981.0
135.0,-273.0,-487.0,-543.0,-638.0,-821.0,-272.0,-980.0
135.0,-266.0,-488.0,-544.0,-639.0,-821.0,-266.0,-980.0
135.0,-262.0,-489.0,-546.0,-639.0,-821.0,-260.0,-981.0
136.0,-260.0,-489.0,-546.0,-639.0,-820.0,-260.0,-979.0
134.0,-261.0,-487.0,-545.0,-637.0,-818.0,-269.0,-976.0
132.0,-263.0,-483.0,-542.0,-634.0,-815.0,-286.0,-973.0
133.0,-267.0,-480.0,-539.0,-631.0,-812.0,-319.0,-970.0
134.0,-270.0,-477.0,-536.0,-628.0,-810.0,-351.0,-968.0
134.0,-271.0,-477.0,-536.0,-628.0,-808.0,-382.0,-967.0
135.0,-268.0,-478.0,-536.0,-628.0,-808.0,-398.0,-968.0
137.0,-265.0,-478.0,-537.0,-629.0,-809.0,-421.0,-969.0
137.0,-260.0,-479.0,-539.0,-630.0,-812.0,-450.0,-970.0
137.0,-255.0,-479.0,-540.0,-632.0,-814.0,-453.0,-971.0
136.0,-253.0,-479.0,-540.0,-632.0,-815.0,-457.0,-971.0
136.0,-255.0,-478.0,-540.0,-631.0,-814.0,-467.0,-968.0
137.0,-259.0,-476.0,-539.0,-628.0,-811.0,-481.0,-965.0
137.0,-263.0,-473.0,-536.0,-625.0,-806.0,-505.0,-961.0
137.0,-267.0,-471.0,-534.0,-623.0,-803.0,-536.0,-958.0
136.0,-267.0,-470.0,-533.0,-622.0,-800.0,-554.0,-957.0
136.0,-264.0,-470.0,-533.0,-622.0,-799.0,-636.0,-957.0
135.0,-259.0,-471.0,-535.0,-623.0,-799.0,-632.0,-958.0
135.0,-253.0,-471.0,-536.0,-624.0,-800.0,-541.0,-960.0
135.0,-248.0,-472.0,-538.0,-625.0,-802.0,-464.0,-961.0
134.0,-246.0,-471.0,-537.0,-625.0,-803.0,-376.0,-962.0
134.0,-247.0,-470.0,-536.0,-625.0,-804.0,-195.0,-961.0
135.0,-251.0,-468.0,-535.0,-623.0,-804.0,13.0,-959.0
136.0,-256.0,-466.0,-534.0,-622.0,-805.0,233.0,-955.0
137.0,-262.0,-463.0,-532.0,-621.0,-802.0,414.0,-951.0
135.0,-261.0,-462.0,-531.0,-619.0,-799.0,629.0,-948.0
135.0,-258.0,-461.0,-531.0,-618.0,-796.0,947.0,-948.0
134.0,-252.0,-461.0,-531.0,-619.0,-795.0,1435.0,-947.0
132.0,-245.0,-462.0,-532.0,-618.0,-794.0,2017.0,-947.0
133.0,-241.0,-462.0,-532.0,-619.0,-795.0,2356.0,-946.0
135.0,-240.0,-462.0,-533.0,-619.0,-796.0,2568.0,-946.0
136.0,-241.0,-461.0,-532.0,-619.0,-795.0,2707.0,-944.0
135.0,-245.0,-459.0,-531.0,-617.0,-793.0,2789.0,-941.0
136.0,-250.0,-457.0,-529.0,-615.0,-791.0,2817.0,-940.0
136.0,-254.0,-454.0,-528.0,-613.0,-789.0,2815.0,-938.0
134.0,-254.0,-453.0,-528.0,-614.0,-790.0,2801.0,-937.0
133.0,-251.0,-453.0,-528.0,-614.0,-790.0,2793.0,-936.0
133.0,-245.0,-453.0,-528.0,-614.0,-791.0,2783.0,-938.0
133.0,-238.0,-455.0,-530.0,-616.0,-793.0,2788.0,-941.0
132.0,-233.0,-455.0,-532.0,-618.0,-795.0,2840.0,-941.0
134.0,-232.0,-456.0,-533.0,-618.0,-796.0,2977.0,-940.0
134.0,-234.0,-455.0,-533.0,-618.0,-796.0,3115.0,-939.0
132.0,-236.0,-453.0,-531.0,-616.0,-795.0,3185.0,-936.0
132.0,-240.0,-450.0,-528.0,-613.0,-792.0,3216.0,-933.0
133.0,-246.0,-448.0,-526.0,-612.0,-791.0,3231.0,-931.0
134.0,-249.0,-447.0,-526.0,-612.0,-792.0,3238.0,-930.0
133.0,-246.0,-446.0,-527.0,-613.0,-793.0,3234.0,-930.0
132.0,-240.0,-447.0,-528.0,-613.0,-791.0,3226.0,-929.0
133.0,-235.0,-448.0,-530.0,-615.0,-790.0,3218.0,-931.0
133.0,-231.0,-448.0,-530.0,-615.0,-789.0,3203.0,-932.0
131.0,-228.0,-448.0,-530.0,-614.0,-788.0,3190.0,-932.0
129.0,-228.0,-446.0,-528.0,-613.0,-785.0,3175.0,-930.0
130.0,-233.0,-445.0,-527.0,-611.0,-783.0,3158.0,-927.0
131.0,-238.0,-443.0,-525.0,-609.0,-781.0,3136.0,-924.0
129.0,-240.0,-440.0,-523.0,-606.0,-779.0,3104.0,-922.0
128.0,-240.0,-438.0,-522.0,-605.0,-779.0,3067.0,-921.0
128.0,-237.0,-438.0,-523.0,-606.0,-780.0,3021.0,-922.0
126.0,-231.0,-439.0,-524.0,-607.0,-782.0,2969.0,-925.0
128.0,-226.0,-441.0,-526.0,-610.0,-784.0,2910.0,-927.0
129.0,-224.0,-441.0,-528.0,-611.0,-786.0,2860.0,-928.0
128.0,-221.0,-441.0,-528.0,-611.0,-787.0,2811.0,-928.0
126.0,-221.0,-439.0,-526.0,-610.0,-786.0,2745.0,-925.0
126.0,-225.0,-437.0,-525.0,-608.0,-784.0,2682.0,-922.0
128.0,-230.0,-435.0,-523.0,-606.0,-782.0,2654.0,-919.0
129.0,-235.0,-433.0,-521.0,-604.0,-777.0,2645.0,-915.0
127.0,-234.0,-431.0,-520.0,-602.0,-774.0,2665.0,-913.0
125.0,-230.0,-430.0,-520.0,-602.0,-773.0,2673.0,-912.0
125.0,-225.0,-431.0,-521.0,-603.0,-772.0,2677.0,-912.0
125.0,-219.0,-432.0,-523.0,-604.0,-774.0,2670.0,-913.0
124.0,-215.0,-433.0,-524.0,-605.0,-775.0,2636.0,-915.0
123.0,-213.0,-432.0,-524.0,-605.0,-775.0,2620.0,-915.0
124.0,-215.0,-431.0,-523.0,-604.0,-774.0,2606.0,-915.0
124.0,-218.0,-429.0,-520.0,-602.0,-773.0,2580.0,-911.0
121.0,-222.0,-426.0,-519.0,-601.0,-772.0,2548.0,-909.0
121.0,-226.0,-424.0,-517.0,-599.0,-770.0,2515.0,-906.0
122.0,-227.0,-424.0,-517.0,-599.0,-771.0,2482.0,-906.0
122.0,-224.0,-424.0,-517.0,-599.0,-771.0,2464.0,-907.0
122.0,-220.0,-425.0,-519.0,-600.0,-772.0,2450.0,-908.0
122.0,-215.0,-427.0,-520.0,-602.0,-774.0,2441.0,-908.0
122.0,-209.0,-427.0,-522.0,-604.0,-775.0,2424.0,-909.0
122.0,-207.0,-427.0,-522.0,-604.0,-775.0,2398.0,-908.0
121.0,-208.0,-427.0,-521.0,-602.0,-773.0,2378.0,-905.0
121.0,-211.0,-425.0,-519.0,-600.0,-770.0,2382.0,-902.0
119.0,-214.0,-422.0,-518.0,-598.0,-768.0,2411.0,-898.0
120.0,-219.0,-420.0,-516.0,-596.0,-766.0,2434.0,-897.0
119.0,-220.0,-418.0,-515.0,-595.0,-766.0,2468.0,-896.0
119.0,-217.0,-419.0,-515.0,-596.0,-768.0,2506.0,-897.0
119.0,-213.0,-420.0,-517.0,-598.0,-770.0,2523.0,-897.0
117.0,-206.0,-421.0,-518.0,-600.0,-771.0,2529.0,-896.0
117.0,-201.0,-422.0,-520.0,-601.0,-772.0,2534.0,-898.0
115.0,-198.0,-421.0,-518.0,-599.0,-770.0,2553.0,-897.0
115.0,-199.0,-419.0,-517.0,-598.0,-769.0,2578.0,-896.0
116.0,-204.0,-418.0,-515.0,-596.0,-768.0,2590.0,-895.0
116.0,-209.0,-417.0,-514.0,-596.0,-766.0,2595.0,-893.0
116.0,-214.0,-416.0,-513.0,-595.0,-763.0,2570.0,-891.0
117.0,-215.0,-415.0,-512.0,-594.0,-761.0,2526.0,-891.0
116.0,-212.0,-415.0,-512.0,-593.0,-759.0,2501.0,-891.0
116.0,-207.0,-416.0,-513.0,-594.0,-760.0,2480.0,-892.0
113.0,-200.0,-417.0,-515.0,-596.0,-761.0,2461.0,-893.0
113.0,-194.0,-417.0,-515.0,-596.0,-762.0,2426.0,-892.0
113.0,-193.0,-416.0,-515.0,-596.0,-762.0,2396.0,-891.0
112.0,-194.0,-415.0,-514.0,-594.0,-760.0,2368.0,-890.0
111.0,-197.0,-414.0,-512.0,-593.0,-759.0,2323.0,-887.0
111.0,-202.0,-412.0,-510.0,-591.0,-757.0,2370.0,-885.0
111.0,-207.0,-409.0,-508.0,-590.0,-755.0,2558.0,-883.0
111.0,-207.0,-408.0,-507.0,-589.0,-755.0,2758.0,-883.0
110.0,-204.0,-408.0,-508.0,-590.0,-755.0,2957.0,-883.0
110.0,-199.0,-409.0,-509.0,-591.0,-755.0,3156.0,-883.0
107.0,-192.0,-410.0,-510.0,-592.0,-757.0,3562.0,-884.0
107.0,-188.0,-411.0,-511.0,-593.0,-759.0,4592.0,-885.0
107.0,-186.0,-411.0,-512.0,-594.0,-760.0,6406.0,-884.0
108.0,-188.0,-410.0,-510.0,-592.0,-758.0,8495.0,-882.0
108.0,-192.0,-408.0,-509.0,-591.0,-756.0,9767.0,-881.0
106.0,-196.0,-406.0,-506.0,-588.0,-753.0,11096.0,-880.0
106.0,-201.0,-403.0,-504.0,-585.0,-750.0,12279.0,-880.0
106.0,-201.0,-402.0,-503.0,-584.0,-749.0,13472.0,-878.0
106.0,-199.0,-403.0,-504.0,-585.0,-749.0,14290.0,-877.0
106.0,-194.0,-404.0,-506.0,-586.0,-751.0,16035.0,-877.0
105.0,-188.0,-404.0,-507.0,-587.0,-752.0,19213.0,-876.0
104.0,-182.0,-404.0,-507.0,-587.0,-752.0,22028.0,-875.0
104.0,-181.0,-404.0,-507.0,-588.0,-752.0,23461.0,-875.0
103.0,-182.0,-403.0,-506.0,-587.0,-751.0,23289.0,-874.0
103.0,-186.0,-400.0,-503.0,-585.0,-749.0,23128.0,-872.0
102.0,-190.0,-397.0,-500.0,-582.0,-747.0,22256.0,-869.0
101.0,-192.0,-394.0,-497.0,-580.0,-744.0,19879.0,-867.0
100.0,-191.0,-392.0,-496.0,-578.0,-742.0,17996.0,-866.0
101.0,-189.0,-391.0,-495.0,-577.0,-742.0,17516.0,-865.0
102.0,-186.0,-392.0,-495.0,-578.0,-744.0,17888.0,-866.0
102.0,-181.0,-393.0,-497.0,-580.0,-746.0,18216.0,-867.0
101.0,-176.0,-393.0,-498.0,-581.0,-746.0,18295.0,-868.0
100.0,-173.0,-392.0,-498.0,-580.0,-744.0,17891.0,-868.0
99.0,-173.0,-391.0,-497.0,-579.0,-743.0,16907.0,-867.0
99.0,-177.0,-390.0,-495.0,-578.0,-741.0,15894.0,-864.0
97.0,-182.0,-389.0,-493.0,-576.0,-738.0,14916.0,-861.0
98.0,-187.0,-386.0,-491.0,-573.0,-737.0,14090.0,-857.0
97.0,-187.0,-384.0,-489.0,-572.0,-736.0,13395.0,-855.0
99.0,-183.0,-383.0,-488.0,-571.0,-735.0,12864.0,-851.0
99.0,-178.0,-384.0,-489.0,-571.0,-735.0,12379.0,-850.0
100.0,-172.0,-385.0,-490.0,-572.0,-736.0,11888.0,-849.0
104.0,-168.0,-386.0,-491.0,-572.0,-736.0,11587.0,-850.0
105.0,-166.0,-385.0,-490.0,-571.0,-736.0,11541.0,-849.0
110.0,-169.0,-383.0,-487.0,-570.0,-733.0,11460.0,-845.0
114.0,-171.0,-381.0,-484.0,-565.0,-728.0,11315.0,-841.0
116.0,-175.0,-378.0,-481.0,-561.0,-724.0,11066.0,-838.0
119.0,-180.0,-376.0,-479.0,-560.0,-721.0,10774.0,-834.0
121.0,-182.0,-377.0,-479.0,-560.0,-721.0,10461.0,-832.0
125.0,-183.0,-379.0,-480.0,-560.0,-721.0,10046.0,-832.0
128.0,-180.0,-382.0,-482.0,-562.0,-722.0,9276.0,-833.0
127.0,-174.0,-385.0,-484.0,-564.0,-724.0,8383.0,-832.0
128.0,-170.0,-388.0,-489.0,-567.0,-727.0,7693.0,-832.0
125.0,-168.0,-390.0,-493.0,-570.0,-729.0,7129.0,-833.0
123.0,-170.0,-391.0,-494.0,-571.0,-730.0,6419.0,-832.0
122.0,-174.0,-390.0,-493.0,-571.0,-729.0,5740.0,-830.0
122.0,-180.0,-389.0,-491.0,-569.0,-727.0,5448.0,-826.0
121.0,-183.0,-386.0,-489.0,-566.0,-724.0,5367.0,-821.0
119.0,-182.0,-385.0,-488.0,-566.0,-723.0,5043.0,-817.0
118.0,-179.0,-385.0,-488.0,-567.0,-724.0,4578.0,-814.0
115.0,-174.0,-385.0,-490.0,-568.0,-727.0,4471.0,-812.0
113.0,-166.0,-385.0,-490.0,-570.0,-728.0,4375.0,-810.0
112.0,-160.0,-385.0,-491.0,-570.0,-727.0,4251.0,-808.0
110.0,-158.0,-384.0,-490.0,-570.0,-726.0,4317.0,-808.0
106.0,-158.0,-383.0,-488.0,-568.0,-725.0,4641.0,-807.0
102.0,-160.0,-380.0,-485.0,-566.0,-723.0,5216.0,-806.0
99.0,-162.0,-377.0,-483.0,-564.0,-720.0,5858.0,-804.0
96.0,-166.0,-376.0,-482.0,-563.0,-719.0,6397.0,-801.0
95.0,-169.0,-377.0,-484.0,-564.0,-720.0,6879.0,-801.0
93.0,-167.0,-378.0,-487.0,-567.0,-723.0,7396.0,-802.0
91.0,-161.0,-379.0,-489.0,-569.0,-725.0,7842.0,-803.0
89.0,-154.0,-379.0,-490.0,-570.0,-726.0,8291.0,-803.0
88.0,-150.0,-380.0,-491.0,-571.0,-726.0,8820.0,-804.0
87.0,-147.0,-381.0,-491.0,-572.0,-726.0,9464.0,-805.0
84.0,-147.0,-380.0,-490.0,-570.0,-725.0,10145.0,-805.0
84.0,-151.0,-378.0,-488.0,-568.0,-723.0,10831.0,-805.0
85.0,-156.0,-376.0,-486.0,-566.0,-722.0,11444.0,-804.0
82.0,-159.0,-373.0,-484.0,-565.0,-721.0,11897.0,-803.0
83.0,-161.0,-373.0,-484.0,-565.0,-721.0,12289.0,-803.0
83.0,-158.0,-373.0,-484.0,-565.0,-721.0,12675.0,-803.0
81.0,-152.0,-374.0,-485.0,-566.0,-722.0,13127.0,-801.0
80.0,-146.0,-374.0,-486.0,-567.0,-722.0,13946.0,-801.0
81.0,-143.0,-376.0,-487.0,-568.0,-723.0,15008.0,-802.0
82.0,-142.0,-376.0,-488.0,-568.0,-722.0,16026.0,-803.0
82.0,-143.0,-374.0,-487.0,-567.0,-721.0,16711.0,-804.0
82.0,-147.0,-372.0,-485.0,-565.0,-719.0,17038.0,-807.0
82.0,-151.0,-370.0,-482.0,-562.0,-717.0,16455.0,-810.0
79.0,-154.0,-368.0,-480.0,-560.0,-715.0,14875.0,-810.0
78.0,-154.0,-366.0,-479.0,-560.0,-714.0,13383.0,-808.0
78.0,-152.0,-367.0,-479.0,-560.0,-714.0,13391.0,-811.0
77.0,-146.0,-367.0,-480.0,-560.0,-715.0,13858.0,-816.0
75.0,-140.0,-368.0,-481.0,-561.0,-717.0,13809.0,-821.0
75.0,-135.0,-368.0,-482.0,-563.0,-718.0,13483.0,-823.0
75.0,-133.0,-368.0,-482.0,-564.0,-718.0,14041.0,-821.0
73.0,-133.0,-366.0,-481.0,-563.0,-716.0,15936.0,-819.0
73.0,-136.0,-364.0,-478.0,-560.0,-712.0,17158.0,-815.0
72.0,-140.0,-361.0,-476.0,-557.0,-709.0,16633.0,-813.0
71.0,-142.0,-358.0,-473.0,-554.0,-706.0,15914.0,-809.0
68.0,-139.0,-354.0,-469.0,-550.0,-703.0,16232.0,-803.0
63.0,-131.0,-349.0,-464.0,-546.0,-700.0,15653.0,-800.0
56.0,-118.0,-341.0,-454.0,-539.0,-695.0,13705.0,-798.0
46.0,-101.0,-331.0,-442.0,-530.0,-688.0,10527.0,-798.0
35.0,-85.0,-319.0,-430.0,-521.0,-682.0,9427.0,-796.0
25.0,-77.0,-309.0,-420.0,-513.0,-676.0,13539.0,-795.0
25.0,-79.0,-304.0,-412.0,-506.0,-669.0,19779.0,-789.0
35.0,-91.0,-303.0,-409.0,-502.0,-664.0,27240.0,-780.0
46.0,-110.0,-303.0,-406.0,-500.0,-662.0,-30497.0,-771.0
56.0,-132.0,-301.0,-400.0,-498.0,-662.0,-22745.0,-767.0
73.0,-154.0,-299.0,-393.0,-495.0,-662.0,-15072.0,-765.0
98.0,-174.0,-301.0,-388.0,-493.0,-660.0,-7491.0,-762.0
133.0,-196.0,-307.0,-382.0,-489.0,-656.0,-3943.0,-757.0
181.0,-226.0,-314.0,-376.0,-485.0,-651.0,-4712.0,-748.0
243.0,-259.0,-321.0,-367.0,-473.0,-639.0,-5471.0,-734.0
297.0,-285.0,-328.0,-364.0,-465.0,-628.0,-6222.0,-719.0
343.0,-315.0,-339.0,-370.0,-467.0,-628.0,-6962.0,-711.0
371.0,-348.0,-357.0,-391.0,-485.0,-646.0,-7694.0,-717.0
388.0,-372.0,-383.0,-424.0,-513.0,-671.0,-8416.0,-727.0
394.0,-381.0,-415.0,-468.0,-543.0,-693.0,-9129.0,-734.0
381.0,-374.0,-448.0,-517.0,-573.0,-714.0,-9834.0,-741.0
351.0,-350.0,-471.0,-561.0,-602.0,-735.0,-10529.0,-749.0
306.0,-313.0,-483.0,-596.0,-629.0,-756.0,-11216.0,-758.0
259.0,-275.0,-493.0,-631.0,-657.0,-778.0,-11895.0,-770.0
232.0,-254.0,-506.0,-662.0,-680.0,-796.0,-12565.0,-778.0
211.0,-244.0,-512.0,-679.0,-695.0,-809.0,-13226.0,-786.0
188.0,-242.0,-511.0,-680.0,-702.0,-818.0,-13879.0,-796.0
177.0,-244.0,-506.0,-670.0,-699.0,-818.0,-14525.0,-798.0
174.0,-246.0,-498.0,-657.0,-692.0,-813.0,-15162.0,-796.0
167.0,-244.0,-489.0,-644.0,-683.0,-807.0,-15791.0,-796.0
156.0,-234.0,-479.0,-631.0,-674.0,-800.0,-16412.0,-795.0
139.0,-219.0,-466.0,-614.0,-662.0,-791.0,-17025.0,-795.0
115.0,-199.0,-452.0,-596.0,-650.0,-784.0,-17631.0,-793.0
76.0,-164.0,-383.0,-509.0,-585.0,-734.0,-21110.0,-776.0
74.0,-165.0,-371.0,-496.0,-575.0,-727.0,-21665.0,-773.0
70.0,-160.0,-361.0,-485.0,-567.0,-721.0,-22213.0,-770.0
64.0,-152.0,-353.0,-476.0,-560.0,-716.0,-22754.0,-769.0
60.0,-142.0,-349.0,-472.0,-558.0,-715.0,-23288.0,-768.0
57.0,-131.0,-346.0,-469.0,-556.0,-714.0,-23816.0,-768.0
56.0,-123.0,-343.0,-467.0,-554.0,-712.0,-24337.0,-766.0
57.0,-117.0,-340.0,-463.0,-551.0,-709.0,-24852.0,-763.0
58.0,-116.0,-337.0,-460.0,-547.0,-706.0,-25360.0,-760.0
57.0,-116.0,-333.0,-456.0,-543.0,-701.0,-25861.0,-756.0
56.0,-116.0,-329.0,-452.0,-539.0,-697.0,-26357.0,-751.0
54.0,-118.0,-325.0,-448.0,-535.0,-694.0,-26846.0,-748.0
53.0,-117.0,-323.0,-446.0,-534.0,-692.0,-27329.0,-746.0
52.0,-114.0,-323.0,-446.0,-533.0,-692.0,-27806.0,-745.0
54.0,-110.0,-324.0,-446.0,-533.0,-693.0,-28278.0,-745.0
54.0,-103.0,-325.0,-447.0,-534.0,-695.0,-28743.0,-746.0
52.0,-97.0,-325.0,-447.0,-535.0,-696.0,-29202.0,-745.0
51.0,-95.0,-324.0,-446.0,-534.0,-695.0,-29656.0,-745.0
52.0,-98.0,-323.0,-445.0,-533.0,-694.0,-30104.0,-745.0
51.0,-100.0,-321.0,-443.0,-531.0,-692.0,-30547.0,-744.0
51.0,-105.0,-318.0,-440.0,-528.0,-689.0,-30984.0,-743.0
50.0,-108.0,-315.0,-437.0,-526.0,-687.0,-31415.0,-740.0
48.0,-107.0,-314.0,-435.0,-525.0,-686.0,-31841.0,-738.0
48.0,-105.0,-313.0,-434.0,-524.0,-686.0,-32262.0,-737.0
50.0,-101.0,-314.0,-436.0,-525.0,-687.0,-32678.0,-738.0
49.0,-96.0,-315.0,-436.0,-526.0,-689.0,32448.0,-738.0
49.0,-91.0,-316.0,-437.0,-527.0,-690.0,32043.0,-738.0
50.0,-89.0,-316.0,-437.0,-527.0,-690.0,31643.0,-737.0
50.0,-90.0,-314.0,-435.0,-526.0,-689.0,31248.0,-737.0
50.0,-94.0,-313.0,-433.0,-524.0,-688.0,30857.0,-737.0
50.0,-98.0,-310.0,-431.0,-522.0,-686.0,30472.0,-736.0
49.0,-103.0,-308.0,-429.0,-520.0,-684.0,30091.0,-735.0
49.0,-103.0,-307.0,-428.0,-519.0,-683.0,29716.0,-735.0
48.0,-99.0,-307.0,-428.0,-520.0,-683.0,29345.0,-735.0
47.0,-94.0,-308.0,-429.0,-520.0,-683.0,28978.0,-736.0
47.0,-88.0,-309.0,-430.0,-521.0,-684.0,28616.0,-737.0
46.0,-83.0,-309.0,-430.0,-521.0,-685.0,28259.0,-736.0
46.0,-81.0,-309.0,-430.0,-521.0,-685.0,27906.0,-736.0
45.0,-83.0,-308.0,-428.0,-520.0,-684.0,27557.0,-736.0
45.0,-87.0,-306.0,-427.0,-519.0,-682.0,27213.0,-734.0
45.0,-91.0,-304.0,-424.0,-517.0,-679.0,26873.0,-732.0
45.0,-95.0,-302.0,-422.0,-515.0,-677.0,26538.0,-730.0
45.0,-96.0,-300.0,-421.0,-513.0,-676.0,26206.0,-730.0
45.0,-94.0,-301.0,-421.0,-513.0,-677.0,25879.0,-731.0
45.0,-89.0,-302.0,-422.0,-515.0,-679.0,25556.0,-732.0
43.0,-82.0,-302.0,-422.0,-516.0,-680.0,25237.0,-734.0
42.0,-77.0,-303.0,-423.0,-516.0,-680.0,24922.0,-735.0
41.0,-75.0,-303.0,-423.0,-516.0,-680.0,24610.0,-736.0
41.0,-77.0,-302.0,-422.0,-515.0,-680.0,24303.0,-736.0
41.0,-81.0,-300.0,-420.0,-514.0,-680.0,24000.0,-734.0
41.0,-84.0,-298.0,-418.0,-512.0,-678.0,23700.0,-731.0
41.0,-89.0,-295.0,-415.0,-510.0,-675.0,23404.0,-727.0
39.0,-87.0,-293.0,-413.0,-508.0,-672.0,23112.0,-724.0
39.0,-85.0,-293.0,-412.0,-506.0,-671.0,22823.0,-723.0
40.0,-81.0,-294.0,-413.0,-507.0,-671.0,22538.0,-723.0
40.0,-76.0,-295.0,-414.0,-508.0,-672.0,22256.0,-725.0
39.0,-71.0,-296.0,-414.0,-509.0,-672.0,21978.0,-726.0
40.0,-71.0,-296.0,-414.0,-509.0,-673.0,21704.0,-728.0
39.0,-71.0,-294.0,-412.0,-508.0,-673.0,21433.0,-727.0
39.0,-74.0,-292.0,-410.0,-505.0,-671.0,21165.0,-726.0
40.0,-80.0,-289.0,-407.0,-504.0,-669.0,20901.0,-724.0
38.0,-83.0,-286.0,-405.0,-502.0,-667.0,20640.0,-721.0
37.0,-82.0,-285.0,-403.0,-500.0,-666.0,20382.0,-720.0
37.0,-80.0,-285.0,-402.0,-499.0,-666.0,20128.0,-720.0
36.0,-76.0,-286.0,-403.0,-501.0,-667.0,19876.0,-721.0
36.0,-70.0,-287.0,-403.0,-501.0,-668.0,19628.0,-723.0
35.0,-64.0,-287.0,-403.0,-501.0,-669.0,19383.0,-723.0
34.0,-61.0,-286.0,-402.0,-501.0,-669.0,19141.0,-723.0
35.0,-64.0,-285.0,-401.0,-499.0,-668.0,18902.0,-722.0
36.0,-67.0,-283.0,-398.0,-497.0,-666.0,18666.0,-720.0
37.0,-72.0,-281.0,-396.0,-494.0,-664.0,18433.0,-718.0
37.0,-77.0,-279.0,-393.0,-492.0,-663.0,18202.0,-716.0
36.0,-77.0,-277.0,-392.0,-491.0,-663.0,17975.0,-715.0
37.0,-75.0,-278.0,-392.0,-492.0,-664.0,17751.0,-715.0
36.0,-70.0,-278.0,-392.0,-492.0,-664.0,17529.0,-717.0
34.0,-62.0,-279.0,-392.0,-492.0,-666.0,17310.0,-721.0
34.0,-57.0,-279.0,-391.0,-493.0,-667.0,17094.0,-724.0
34.0,-56.0,-280.0,-391.0,-493.0,-668.0,16880.0,-725.0
34.0,-57.0,-277.0,-388.0,-491.0,-666.0,16670.0,-723.0
34.0,-61.0,-276.0,-385.0,-488.0,-664.0,16461.0,-720.0
35.0,-66.0,-273.0,-381.0,-485.0,-660.0,16256.0,-717.0
34.0,-70.0,-271.0,-378.0,-481.0,-656.0,16053.0,-715.0
34.0,-71.0,-270.0,-376.0,-479.0,-655.0,15852.0,-713.0
33.0,-67.0,-269.0,-374.0,-478.0,-654.0,15654.0,-712.0
31.0,-59.0,-269.0,-373.0,-478.0,-654.0,15459.0,-711.0
31.0,-54.0,-270.0,-373.0,-479.0,-654.0,15266.0,-714.0
31.0,-49.0,-270.0,-372.0,-478.0,-655.0,15075.0,-716.0
32.0,-48.0,-269.0,-371.0,-477.0,-654.0,14887.0,-717.0
33.0,-50.0,-267.0,-368.0,-475.0,-653.0,14701.0,-716.0
31.0,-51.0,-265.0,-364.0,-472.0,-650.0,14517.0,-713.0
30.0,-54.0,-261.0,-361.0,-469.0,-647.0,14336.0,-711.0
31.0,-58.0,-258.0,-357.0,-466.0,-645.0,14157.0,-709.0
31.0,-58.0,-256.0,-354.0,-464.0,-643.0,13980.0,-708.0
30.0,-55.0,-256.0,-353.0,-463.0,-643.0,13806.0,-708.0
30.0,-49.0,-256.0,-353.0,-464.0,-644.0,13633.0,-709.0
30.0,-43.0,-257.0,-354.0,-465.0,-645.0,13463.0,-711.0
29.0,-38.0,-257.0,-354.0,-465.0,-647.0,13295.0,-713.0
28.0,-34.0,-256.0,-353.0,-465.0,-648.0,13129.0,-713.0
29.0,-37.0,-254.0,-352.0,-464.0,-647.0,12965.0,-714.0
29.0,-41.0,-253.0,-350.0,-462.0,-646.0,12803.0,-714.0
28.0,-44.0,-250.0,-347.0,-460.0,-644.0,12643.0,-711.0
28.0,-48.0,-248.0,-344.0,-458.0,-642.0,12485.0,-709.0
27.0,-48.0,-247.0,-343.0,-457.0,-643.0,12329.0,-708.0
26.0,-45.0,-247.0,-343.0,-458.0,-644.0,12175.0,-708.0
23.0,-38.0,-247.0,-344.0,-459.0,-643.0,12023.0,-709.0
22.0,-31.0,-249.0,-345.0,-460.0,-644.0,11873.0,-712.0
21.0,-25.0,-250.0,-346.0,-461.0,-643.0,11725.0,-714.0
19.0,-22.0,-249.0,-345.0,-460.0,-642.0,11578.0,-714.0
19.0,-23.0,-248.0,-344.0,-460.0,-641.0,11434.0,-713.0
18.0,-26.0,-247.0,-344.0,-458.0,-640.0,11291.0,-712.0
17.0,-31.0,-245.0,-342.0,-457.0,-639.0,11150.0,-710.0
17.0,-35.0,-244.0,-342.0,-456.0,-638.0,11011.0,-709.0
17.0,-37.0,-244.0,-342.0,-456.0,-639.0,10873.0,-710.0
16.0,-35.0,-245.0,-343.0,-457.0,-641.0,10737.0,-713.0
14.0,-28.0,-246.0,-345.0,-458.0,-642.0,10603.0,-716.0
12.0,-21.0,-248.0,-347.0,-461.0,-644.0,10471.0,-718.0
13.0,-17.0,-250.0,-349.0,-463.0,-646.0,10340.0,-721.0
12.0,-15.0,-251.0,-351.0,-463.0,-647.0,10211.0,-723.0
12.0,-17.0,-251.0,-351.0,-464.0,-647.0,10083.0,-724.0
12.0,-21.0,-251.0,-352.0,-463.0,-646.0,9958.0,-723.0
10.0,-24.0,-250.0,-351.0,-461.0,-644.0,9833.0,-722.0
10.0,-28.0,-250.0,-351.0,-461.0,-643.0,9710.0,-721.0
10.0,-30.0,-250.0,-353.0,-461.0,-642.0,9589.0,-722.0
10.0,-27.0,-252.0,-355.0,-463.0,-643.0,9469.0,-723.0
10.0,-23.0,-255.0,-357.0,-465.0,-644.0,9351.0,-726.0
11.0,-18.0,-258.0,-361.0,-467.0,-647.0,9234.0,-729.0
10.0,-14.0,-261.0,-364.0,-470.0,-650.0,9119.0,-731.0
10.0,-13.0,-263.0,-366.0,-471.0,-651.0,9005.0,-732.0
11.0,-15.0,-264.0,-368.0,-472.0,-652.0,8893.0,-734.0
11.0,-20.0,-264.0,-369.0,-472.0,-651.0,8782.0,-733.0
10.0,-24.0,-264.0,-369.0,-470.0,-650.0,8672.0,-731.0
10.0,-29.0,-264.0,-368.0,-469.0,-648.0,8564.0,-729.0
11.0,-31.0,-265.0,-369.0,-469.0,-646.0,8457.0,-730.0
10.0,-29.0,-267.0,-371.0,-470.0,-646.0,8351.0,-732.0
11.0,-24.0,-270.0,-374.0,-472.0,-649.0,8247.0,-736.0
11.0,-18.0,-272.0,-376.0,-474.0,-650.0,8144.0,-739.0
10.0,-13.0,-274.0,-378.0,-475.0,-651.0,8042.0,-739.0
8.0,-11.0,-275.0,-379.0,-475.0,-651.0,7942.0,-739.0
9.0,-14.0,-275.0,-380.0,-475.0,-651.0,7842.0,-738.0
8.0,-18.0,-275.0,-379.0,-475.0,-650.0,7744.0,-738.0
8.0,-22.0,-274.0,-378.0,-474.0,-649.0,7648.0,-737.0
7.0,-26.0,-273.0,-378.0,-473.0,-648.0,7552.0,-737.0
6.0,-27.0,-273.0,-378.0,-472.0,-647.0,7458.0,-737.0
5.0,-24.0,-274.0,-379.0,-472.0,-648.0,7365.0,-738.0
5.0,-19.0,-275.0,-380.0,-473.0,-648.0,7273.0,-740.0
4.0,-13.0,-277.0,-382.0,-475.0,-650.0,7182.0,-743.0
4.0,-9.0,-278.0,-384.0,-476.0,-652.0,7092.0,-745.0
4.0,-7.0,-279.0,-384.0,-477.0,-652.0,7004.0,-747.0
2.0,-8.0,-279.0,-384.0,-476.0,-652.0,6916.0,-746.0
2.0,-12.0,-278.0,-383.0,-476.0,-651.0,6830.0,-745.0
4.0,-17.0,-276.0,-382.0,-474.0,-650.0,6745.0,-745.0
3.0,-22.0,-275.0,-380.0,-473.0,-649.0,6660.0,-745.0
2.0,-22.0,-275.0,-380.0,-472.0,-649.0,6577.0,-744.0
1.0,-19.0,-275.0,-380.0,-472.0,-649.0,6495.0,-743.0
0.0,-13.0,-276.0,-381.0,-473.0,-650.0,6414.0,-744.0
-1.0,-7.0,-278.0,-382.0,-475.0,-652.0,6334.0,-747.0
-2.0,-1.0,-279.0,-384.0,-476.0,-653.0,6255.0,-749.0
-2.0,0.0,-280.0,-384.0,-477.0,-654.0,6177.0,-750.0
-4.0,-1.0,-279.0,-384.0,-476.0,-654.0,6099.0,-750.0
-4.0,-5.0,-278.0,-382.0,-475.0,-653.0,6023.0,-748.0
-3.0,-11.0,-276.0,-380.0,-473.0,-651.0,5948.0,-747.0
-4.0,-15.0,-275.0,-379.0,-472.0,-649.0,5874.0,-744.0
-4.0,-16.0,-274.0,-378.0,-471.0,-649.0,5800.0,-744.0
-6.0,-12.0,-275.0,-378.0,-472.0,-650.0,5728.0,-745.0
-7.0,-7.0,-276.0,-379.0,-473.0,-650.0,5656.0,-747.0
-6.0,-2.0,-278.0,-381.0,-474.0,-653.0,5586.0,-751.0
-5.0,1.0,-279.0,-382.0,-476.0,-655.0,5516.0,-754.0
-6.0,2.0,-280.0,-382.0,-477.0,-656.0,5447.0,-755.0
-6.0,0.0,-279.0,-382.0,-476.0,-656.0,5379.0,-755.0
-7.0,-2.0,-277.0,-380.0,-474.0,-655.0,5312.0,-754.0
-9.0,-5.0,-275.0,-377.0,-472.0,-651.0,5246.0,-751.0
-10.0,-9.0,-273.0,-375.0,-469.0,-647.0,5180.0,-748.0
-10.0,-9.0,-272.0,-373.0,-467.0,-644.0,5115.0,-745.0
-12.0,-4.0,-272.0,-373.0,-466.0,-642.0,5051.0,-745.0
-11.0,-1.0,-273.0,-374.0,-467.0,-643.0,4988.0,-745.0
-12.0,5.0,-275.0,-375.0,-468.0,-644.0,4926.0,-746.0
-11.0,9.0,-276.0,-376.0,-470.0,-646.0,4865.0,-747.0
-11.0,10.0,-276.0,-376.0,-471.0,-646.0,4804.0,-747.0
-11.0,9.0,-276.0,-375.0,-469.0,-644.0,4744.0,-747.0
-11.0,4.0,-274.0,-373.0,-467.0,-642.0,4685.0,-746.0
-13.0,1.0,-272.0,-370.0,-464.0,-640.0,4626.0,-744.0
-13.0,-2.0,-270.0,-368.0,-462.0,-638.0,4568.0,-740.0
-12.0,-4.0,-270.0,-368.0,-462.0,-638.0,4511.0,-739.0
-11.0,-2.0,-271.0,-368.0,-462.0,-638.0,4455.0,-740.0
-12.0,2.0,-271.0,-369.0,-462.0,-638.0,4399.0,-741.0
-14.0,9.0,-273.0,-370.0,-463.0,-639.0,4344.0,-742.0
-15.0,14.0,-273.0,-370.0,-464.0,-641.0,4290.0,-744.0
-16.0,16.0,-274.0,-370.0,-463.0,-641.0,4236.0,-745.0
-16.0,14.0,-272.0,-369.0,-462.0,-639.0,4184.0,-743.0
-15.0,10.0,-271.0,-367.0,-460.0,-637.0,4131.0,-741.0
-15.0,5.0,-269.0,-365.0,-458.0,-635.0,4080.0,-738.0
-16.0,1.0,-267.0,-362.0,-455.0,-633.0,4029.0,-736.0
-16.0,1.0,-266.0,-360.0,-454.0,-632.0,3978.0,-736.0
-16.0,5.0,-266.0,-360.0,-455.0,-634.0,3929.0,-735.0
-16.0,9.0,-267.0,-361.0,-455.0,-636.0,3880.0,-738.0
-15.0,13.0,-269.0,-363.0,-457.0,-637.0,3831.0,-740.0
-15.0,18.0,-270.0,-363.0,-457.0,-637.0,3783.0,-741.0
-16.0,20.0,-269.0,-363.0,-457.0,-636.0,3736.0,-742.0
-15.0,18.0,-269.0,-362.0,-456.0,-634.0,3689.0,-740.0
-17.0,15.0,-268.0,-360.0,-454.0,-632.0,3643.0,-739.0
-18.0,11.0,-265.0,-358.0,-451.0,-628.0,3598.0,-737.0
-18.0,7.0,-263.0,-356.0,-449.0,-625.0,3553.0,-734.0
-20.0,8.0,-262.0,-355.0,-448.0,-624.0,3509.0,-733.0
-20.0,10.0,-262.0,-354.0,-448.0,-625.0,3465.0,-734.0
-20.0,15.0,-263.0,-355.0,-449.0,-627.0,3421.0,-735.0
-21.0,21.0,-265.0,-357.0,-451.0,-628.0,3379.0,-737.0
-21.0,25.0,-266.0,-358.0,-452.0,-629.0,3336.0,-738.0
-19.0,26.0,-267.0,-358.0,-452.0,-630.0,3295.0,-740.0
-20.0,25.0,-266.0,-357.0,-451.0,-630.0,3254.0,-742.0
-21.0,21.0,-264.0,-355.0,-450.0,-629.0,3213.0,-741.0
-23.0,18.0,-262.0,-354.0,-449.0,-629.0,3173.0,-740.0
-23.0,12.0,-260.0,-352.0,-447.0,-627.0,3133.0,-738.0
-23.0,11.0,-260.0,-351.0,-445.0,-626.0,3094.0,-735.0
-24.0,14.0,-260.0,-350.0,-445.0,-625.0,3055.0,-735.0
-23.0,18.0,-261.0,-351.0,-446.0,-626.0,3017.0,-734.0
-24.0,24.0,-263.0,-353.0,-448.0,-627.0,2980.0,-735.0
-24.0,29.0,-264.0,-354.0,-448.0,-626.0,2942.0,-736.0
-26.0,31.0,-264.0,-354.0,-447.0,-624.0,2906.0,-737.0
-26.0,30.0,-263.0,-352.0,-446.0,-621.0,2869.0,-736.0
-27.0,26.0,-261.0,-351.0,-445.0,-621.0,2834.0,-735.0
-27.0,22.0,-259.0,-349.0,-443.0,-618.0,2798.0,-732.0
-29.0,19.0,-258.0,-347.0,-441.0,-617.0,2763.0,-731.0
-29.0,19.0,-257.0,-346.0,-440.0,-617.0,2729.0,-730.0
-30.0,21.0,-257.0,-346.0,-441.0,-617.0,2695.0,-730.0
-30.0,27.0,-259.0,-348.0,-442.0,-619.0,2661.0,-733.0
-29.0,31.0,-261.0,-350.0,-444.0,-621.0,2628.0,-735.0
-29.0,35.0,-262.0,-351.0,-445.0,-621.0,2595.0,-736.0
-28.0,36.0,-263.0,-351.0,-446.0,-621.0,2562.0,-737.0
-30.0,35.0,-262.0,-350.0,-444.0,-619.0,2530.0,-736.0
-32.0,32.0,-261.0,-348.0,-442.0,-616.0,2499.0,-733.0
-31.0,27.0,-259.0,-346.0,-441.0,-615.0,2468.0,-732.0
-32.0,23.0,-257.0,-344.0,-439.0,-613.0,2437.0,-729.0
-32.0,22.0,-257.0,-344.0,-438.0,-613.0,2406.0,-729.0
-31.0,23.0,-258.0,-345.0,-439.0,-614.0,2376.0,-729.0
-33.0,29.0,-259.0,-345.0,-440.0,-615.0,2347.0,-729.0
-34.0,37.0,-260.0,-346.0,-441.0,-616.0,2317.0,-731.0
-35.0,42.0,-261.0,-347.0,-441.0,-616.0,2288.0,-731.0
-36.0,44.0,-261.0,-348.0,-441.0,-615.0,2260.0,-732.0
-37.0,43.0,-261.0,-347.0,-441.0,-614.0,2232.0,-731.0
-37.0,39.0,-259.0,-345.0,-439.0,-613.0,2204.0,-729.0
-38.0,35.0,-257.0,-344.0,-437.0,-611.0,2176.0,-727.0
-39.0,31.0,-256.0,-342.0,-436.0,-610.0,2149.0,-724.0
-39.0,31.0,-256.0,-342.0,-436.0,-608.0,2122.0,-722.0
-38.0,33.0,-257.0,-342.0,-436.0,-608.0,2096.0,-722.0
-41.0,38.0,-258.0,-343.0,-436.0,-609.0,2569.0,-725.0
-43.0,45.0,-259.0,-344.0,-437.0,-611.0,2567.0,-726.0
-42.0,50.0,-260.0,-346.0,-439.0,-614.0,2565.0,-727.0
-43.0,52.0,-261.0,-346.0,-440.0,-614.0,2564.0,-728.0
-42.0,49.0,-260.0,-345.0,-439.0,-613.0,2562.0,-727.0
-42.0,45.0,-259.0,-343.0,-437.0,-611.0,2561.0,-726.0
-42.0,40.0,-257.0,-342.0,-435.0,-609.0,2559.0,-725.0
-43.0,36.0,-255.0,-340.0,-434.0,-607.0,2557.0,-723.0
-44.0,35.0,-255.0,-339.0,-433.0,-606.0,2556.0,-724.0
-45.0,38.0,-255.0,-339.0,-433.0,-606.0,2554.0,-724.0
-46.0,43.0,-256.0,-340.0,-434.0,-607.0,2553.0,-724.0
-45.0,49.0,-258.0,-342.0,-436.0,-608.0,2551.0,-725.0
-46.0,54.0,-259.0,-343.0,-437.0,-609.0,2549.0,-726.0
-48.0,57.0,-259.0,-342.0,-437.0,-608.0,2548.0,-726.0
-49.0,56.0,-258.0,-341.0,-436.0,-606.0,2546.0,-724.0
-50.0,53.0,-257.0,-340.0,-435.0,-604.0,2545.0,-722.0
-51.0,47.0,-256.0,-338.0,-433.0,-601.0,2543.0,-721.0
-50.0,42.0,-254.0,-336.0,-430.0,-598.0,2541.0,-720.0
-52.0,42.0,-253.0,-335.0,-429.0,-597.0,2540.0,-719.0
-53.0,45.0,-253.0,-335.0,-429.0,-597.0,2538.0,-719.0
-55.0,50.0,-254.0,-336.0,-430.0,-597.0,2537.0,-719.0
-55.0,56.0,-256.0,-337.0,-432.0,-599.0,2535.0,-721.0
-55.0,60.0,-257.0,-338.0,-433.0,-601.0,2533.0,-722.0
-53.0,60.0,-258.0,-339.0,-433.0,-601.0,2532.0,-721.0
-53.0,58.0,-257.0,-338.0,-433.0,-601.0,2530.0,-719.0
-55.0,56.0,-256.0,-337.0,-432.0,-600.0,2529.0,-717.0
-55.0,51.0,-254.0,-335.0,-431.0,-597.0,2527.0,-716.0
-55.0,47.0,-253.0,-332.0,-428.0,-593.0,2525.0,-714.0
-56.0,47.0,-252.0,-331.0,-427.0,-592.0,2524.0,-713.0
-58.0,50.0,-252.0,-331.0,-428.0,-592.0,2522.0,-713.0
-60.0,56.0,-253.0,-332.0,-429.0,-592.0,2521.0,-714.0
-60.0,62.0,-255.0,-333.0,-429.0,-592.0,2519.0,-713.0
-60.0,66.0,-256.0,-334.0,-430.0,-593.0,2518.0,-715.0
-60.0,67.0,-256.0,-334.0,-430.0,-593.0,2516.0,-715.0
-60.0,66.0,-256.0,-333.0,-430.0,-592.0,2514.0,-713.0
-61.0,63.0,-254.0,-331.0,-428.0,-591.0,2513.0,-712.0
-61.0,58.0,-253.0,-329.0,-427.0,-590.0,2511.0,-710.0
-63.0,55.0,-251.0,-327.0,-425.0,-588.0,2510.0,-708.0
-62.0,53.0,-250.0,-326.0,-424.0,-587.0,2508.0,-706.0
-63.0,57.0,-251.0,-326.0,-424.0,-586.0,2507.0,-705.0
-65.0,63.0,-252.0,-327.0,-425.0,-586.0,2505.0,-706.0
-65.0,69.0,-253.0,-328.0,-426.0,-587.0,2503.0,-705.0
-65.0,73.0,-255.0,-330.0,-427.0,-588.0,2502.0,-705.0
-66.0,75.0,-255.0,-330.0,-428.0,-587.0,2500.0,-706.0
-66.0,73.0,-255.0,-329.0,-427.0,-586.0,2499.0,-705.0
-66.0,69.0,-254.0,-327.0,-426.0,-584.0,2497.0,-704.0
-67.0,64.0,-252.0,-326.0,-424.0,-583.0,2495.0,-702.0
-67.0,60.0,-251.0,-323.0,-422.0,-581.0,2494.0,-700.0
-69.0,60.0,-250.0,-322.0,-421.0,-581.0,2492.0,-698.0
-71.0,64.0,-250.0,-322.0,-421.0,-581.0,2491.0,-697.0
-72.0,69.0,-251.0,-322.0,-422.0,-581.0,2489.0,-696.0
-71.0,74.0,-253.0,-324.0,-424.0,-583.0,2488.0,-697.0
-71.0,78.0,-255.0,-325.0,-426.0,-584.0,2486.0,-700.0
-71.0,79.0,-256.0,-326.0,-426.0,-584.0,2485.0,-701.0
-72.0,78.0,-255.0,-325.0,-425.0,-583.0,2483.0,-700.0
-73.0,76.0,-253.0,-323.0,-423.0,-581.0,2481.0,-698.0
-74.0,72.0,-251.0,-322.0,-421.0,-578.0,2480.0,-694.0
-76.0,68.0,-249.0,-320.0,-419.0,-575.0,2478.0,-692.0
-75.0,67.0,-249.0,-319.0,-418.0,-574.0,2477.0,-692.0
-77.0,70.0,-249.0,-319.0,-418.0,-573.0,2475.0,-690.0
-78.0,75.0,-251.0,-320.0,-418.0,-573.0,2474.0,-691.0
-76.0,80.0,-252.0,-321.0,-420.0,-575.0,2472.0,-693.0
-76.0,84.0,-254.0,-323.0,-421.0,-577.0,2471.0,-694.0
-78.0,87.0,-255.0,-323.0,-422.0,-578.0,2469.0,-694.0
-79.0,86.0,-254.0,-323.0,-422.0,-577.0,2467.0,-694.0
-81.0,84.0,-253.0,-321.0,-420.0,-574.0,2466.0,-694.0
-81.0,79.0,-251.0,-319.0,-417.0,-570.0,2464.0,-692.0
-80.0,75.0,-249.0,-316.0,-415.0,-568.0,2463.0,-689.0
-80.0,74.0,-248.0,-316.0,-414.0,-568.0,2461.0,-687.0
-81.0,77.0,-249.0,-316.0,-415.0,-569.0,2460.0,-687.0
-84.0,82.0,-250.0,-317.0,-416.0,-570.0,2458.0,-689.0
-84.0,88.0,-252.0,-319.0,-417.0,-572.0,2457.0,-690.0
-83.0,91.0,-254.0,-320.0,-419.0,-574.0,2455.0,-692.0
-83.0,92.0,-254.0,-321.0,-420.0,-574.0,2453.0,-691.0
-84.0,92.0,-253.0,-320.0,-418.0,-572.0,2452.0,-690.0
-85.0,89.0,-252.0,-318.0,-416.0,-569.0,2450.0,-689.0
-85.0,84.0,-250.0,-316.0,-414.0,-566.0,2449.0,-687.0
-85.0,80.0,-248.0,-314.0,-412.0,-563.0,2447.0,-684.0
-87.0,79.0,-247.0,-313.0,-411.0,-562.0,2446.0,-683.0
-89.0,83.0,-248.0,-313.0,-412.0,-562.0,2444.0,-684.0
-89.0,87.0,-249.0,-315.0,-413.0,-564.0,2443.0,-687.0
-89.0,93.0,-251.0,-316.0,-415.0,-566.0,2441.0,-687.0
-90.0,98.0,-252.0,-317.0,-416.0,-568.0,2440.0,-688.0
-90.0,100.0,-253.0,-318.0,-417.0,-568.0,2438.0,-688.0
-90.0,98.0,-253.0,-317.0,-416.0,-567.0,2437.0,-688.0
-91.0,96.0,-251.0,-315.0,-415.0,-566.0,2435.0,-686.0
-92.0,91.0,-250.0,-314.0,-414.0,-565.0,2434.0,-684.0
-93.0,87.0,-248.0,-312.0,-412.0,-563.0,2432.0,-682.0
-94.0,86.0,-248.0,-311.0,-411.0,-563.0,2430.0,-681.0
-93.0,87.0,-249.0,-312.0,-411.0,-563.0,2429.0,-682.0
-92.0,92.0,-250.0,-313.0,-412.0,-564.0,2427.0,-684.0
-92.0,97.0,-252.0,-314.0,-414.0,-564.0,2426.0,-685.0
-94.0,102.0,-253.0,-314.0,-414.0,-564.0,2424.0,-686.0
-95.0,104.0,-253.0,-314.0,-414.0,-563.0,2423.0,-686.0
-97.0,104.0,-252.0,-313.0,-413.0,-562.0,2421.0,-685.0
-97.0,101.0,-251.0,-311.0,-411.0,-560.0,2420.0,-683.0
-95.0,95.0,-249.0,-309.0,-409.0,-558.0,2418.0,-682.0
-96.0,92.0,-247.0,-307.0,-407.0,-556.0,2417.0,-679.0
-97.0,91.0,-246.0,-305.0,-406.0,-556.0,2415.0,-680.0
-97.0,93.0,-246.0,-305.0,-406.0,-556.0,2414.0,-678.0
-99.0,99.0,-246.0,-305.0,-406.0,-557.0,2412.0,-678.0
-100.0,105.0,-247.0,-306.0,-408.0,-557.0,2411.0,-679.0
-100.0,109.0,-247.0,-306.0,-407.0,-557.0,2409.0,-680.0
-100.0,110.0,-248.0,-306.0,-408.0,-557.0,2408.0,-681.0
-99.0,108.0,-247.0,-306.0,-407.0,-556.0,2406.0,-681.0
-100.0,106.0,-245.0,-304.0,-405.0,-554.0,2405.0,-680.0
-102.0,103.0,-243.0,-301.0,-403.0,-552.0,2403.0,-679.0
-102.0,99.0,-241.0,-299.0,-400.0,-550.0,2402.0,-677.0
-102.0,97.0,-240.0,-298.0,-399.0,-550.0,2400.0,-676.0
-103.0,99.0,-241.0,-298.0,-400.0,-551.0,2399.0,-677.0
-106.0,105.0,-241.0,-298.0,-400.0,-552.0,2397.0,-679.0
-107.0,112.0,-242.0,-299.0,-402.0,-553.0,2396.0,-681.0
-107.0,116.0,-242.0,-299.0,-403.0,-551.0,2394.0,-681.0
-106.0,119.0,-242.0,-299.0,-402.0,-550.0,2393.0,-681.0
-103.0,117.0,-242.0,-298.0,-400.0,-547.0,2391.0,-677.0
-99.0,112.0,-241.0,-296.0,-399.0,-545.0,2390.0,-673.0
-97.0,106.0,-239.0,-292.0,-395.0,-542.0,2388.0,-670.0
-95.0,101.0,-236.0,-289.0,-391.0,-538.0,2387.0,-666.0
-92.0,101.0,-235.0,-287.0,-388.0,-535.0,2385.0,-665.0
-88.0,103.0,-235.0,-286.0,-388.0,-534.0,2384.0,-664.0
-86.0,108.0,-236.0,-287.0,-388.0,-533.0,2382.0,-663.0
-83.0,113.0,-239.0,-288.0,-389.0,-534.0,2381.0,-663.0
-80.0,114.0,-242.0,-290.0,-391.0,-535.0,2379.0,-663.0
-78.0,114.0,-243.0,-291.0,-391.0,-535.0,2378.0,-664.0
-77.0,111.0,-244.0,-291.0,-391.0,-535.0,2376.0,-663.0
-76.0,105.0,-246.0,-292.0,-391.0,-536.0,2375.0,-662.0
-77.0,99.0,-247.0,-294.0,-393.0,-537.0,2373.0,-663.0
-80.0,95.0,-247.0,-296.0,-394.0,-537.0,2372.0,-663.0
-83.0,94.0,-248.0,-296.0,-395.0,-537.0,2370.0,-663.0
-84.0,97.0,-249.0,-297.0,-395.0,-538.0,2369.0,-664.0
-85.0,103.0,-249.0,-298.0,-396.0,-539.0,2367.0,-665.0
-86.0,109.0,-250.0,-299.0,-397.0,-540.0,2366.0,-666.0
-89.0,114.0,-251.0,-300.0,-398.0,-541.0,2364.0,-668.0
-90.0,115.0,-251.0,-300.0,-398.0,-542.0,2363.0,-670.0
-91.0,114.0,-250.0,-299.0,-397.0,-541.0,2361.0,-670.0
-91.0,111.0,-249.0,-298.0,-396.0,-539.0,2360.0,-669.0
-94.0,107.0,-247.0,-295.0,-394.0,-537.0,2358.0,-667.0
-98.0,105.0,-244.0,-293.0,-393.0,-536.0,2357.0,-666.0
-103.0,107.0,-242.0,-291.0,-391.0,-536.0,2355.0,-664.0
-108.0,112.0,-241.0,-290.0,-391.0,-535.0,2354.0,-663.0
-109.0,116.0,-243.0,-292.0,-393.0,-538.0,2352.0,-663.0
-112.0,121.0,-246.0,-295.0,-396.0,-540.0,2351.0,-666.0
-113.0,125.0,-249.0,-298.0,-400.0,-544.0,2349.0,-669.0
-116.0,128.0,-250.0,-298.0,-400.0,-544.0,2348.0,-670.0
-120.0,129.0,-249.0,-297.0,-400.0,-543.0,2346.0,-670.0
-122.0,126.0,-248.0,-296.0,-399.0,-542.0,2345.0,-670.0
-123.0,120.0,-247.0,-295.0,-397.0,-540.0,2343.0,-669.0
-122.0,114.0,-246.0,-293.0,-396.0,-540.0,2342.0,-668.0
-123.0,114.0,-245.0,-293.0,-395.0,-540.0,2341.0,-667.0
-125.0,118.0,-245.0,-293.0,-396.0,-540.0,2339.0,-668.0
-127.0,124.0,-246.0,-294.0,-397.0,-540.0,2338.0,-669.0
-126.0,129.0,-248.0,-295.0,-398.0,-539.0,2336.0,-670.0
-127.0,134.0,-249.0,-296.0,-398.0,-538.0,2335.0,-670.0
-126.0,135.0,-249.0,-297.0,-399.0,-540.0,2333.0,-671.0
-128.0,135.0,-248.0,-296.0,-398.0,-541.0,2332.0,-671.0
-129.0,132.0,-247.0,-294.0,-397.0,-540.0,2330.0,-670.0
-130.0,128.0,-245.0,-292.0,-395.0,-539.0,2329.0,-669.0
-131.0,124.0,-243.0,-290.0,-394.0,-537.0,2327.0,-667.0
-133.0,124.0,-243.0,-289.0,-392.0,-536.0,2326.0,-666.0
-132.0,126.0,-243.0,-288.0,-392.0,-535.0,2324.0,-666.0
-134.0,131.0,-244.0,-289.0,-394.0,-536.0,2323.0,-666.0
-136.0,138.0,-245.0,-290.0,-394.0,-536.0,2321.0,-666.0
-137.0,143.0,-246.0,-292.0,-396.0,-537.0,2320.0,-666.0
-137.0,145.0,-247.0,-292.0,-396.0,-538.0,2319.0,-666.0
-136.0,142.0,-247.0,-292.0,-396.0,-537.0,2317.0,-666.0
-138.0,140.0,-246.0,-289.0,-394.0,-535.0,2316.0,-665.0
-135.0,133.0,-244.0,-287.0,-392.0,-533.0,2314.0,-662.0
-136.0,129.0,-243.0,-286.0,-390.0,-533.0,2313.0,-661.0
-140.0,130.0,-242.0,-284.0,-389.0,-533.0,2311.0,-662.0
-142.0,135.0,-242.0,-284.0,-389.0,-534.0,2310.0,-662.0
-142.0,140.0,-242.0,-284.0,-390.0,-535.0,2308.0,-661.0
-144.0,149.0,-242.0,-284.0,-390.0,-536.0,2307.0,-660.0
-149.0,160.0,-239.0,-281.0,-388.0,-533.0,2305.0,-660.0
-154.0,168.0,-232.0,-273.0,-382.0,-527.0,2304.0,-658.0
-160.0,174.0,-222.0,-260.0,-372.0,-518.0,2303.0,-656.0
-169.0,180.0,-210.0,-246.0,-360.0,-508.0,2301.0,-651.0
-183.0,188.0,-198.0,-231.0,-348.0,-498.0,2300.0,-646.0
-189.0,187.0,-190.0,-221.0,-340.0,-491.0,2298.0,-640.0
-183.0,182.0,-189.0,-216.0,-335.0,-486.0,2297.0,-634.0
-172.0,173.0,-191.0,-215.0,-334.0,-484.0,2295.0,-631.0
-161.0,161.0,-195.0,-215.0,-336.0,-486.0,2294.0,-633.0
-147.0,146.0,-197.0,-213.0,-337.0,-490.0,2292.0,-639.0
-124.0,126.0,-201.0,-211.0,-338.0,-492.0,2291.0,-642.0
-92.0,99.0,-207.0,-208.0,-336.0,-490.0,2290.0,-640.0
-50.0,64.0,-213.0,-202.0,-334.0,-487.0,2288.0,-638.0
5.0,21.0,-218.0,-194.0,-325.0,-478.0,2287.0,-629.0
64.0,-17.0,-224.0,-187.0,-314.0,-465.0,2285.0,-614.0
115.0,-51.0,-233.0,-189.0,-310.0,-458.0,2284.0,-603.0
156.0,-85.0,-248.0,-204.0,-324.0,-470.0,2282.0,-605.0
180.0,-112.0,-273.0,-233.0,-351.0,-497.0,2281.0,-621.0
187.0,-118.0,-303.0,-273.0,-382.0,-524.0,2280.0,-634.0
181.0,-111.0,-338.0,-323.0,-416.0,-549.0,2278.0,-644.0
156.0,-89.0,-366.0,-370.0,-446.0,-570.0,2277.0,-651.0
116.0,-58.0,-381.0,-405.0,-471.0,-587.0,2275.0,-660.0
63.0,-21.0,-387.0,-433.0,-491.0,-602.0,2274.0,-668.0
23.0,2.0,-395.0,-460.0,-509.0,-616.0,2272.0,-675.0
3.0,9.0,-402.0,-480.0,-524.0,-626.0,2271.0,-679.0
-19.0,13.0,-402.0,-486.0,-531.0,-633.0,2270.0,-685.0
-36.0,16.0,-400.0,-480.0,-532.0,-637.0,2268.0,-692.0
-43.0,22.0,-395.0,-471.0,-528.0,-636.0,2267.0,-694.0
-47.0,31.0,-390.0,-463.0,-524.0,-633.0,2265.0,-694.0
-57.0,47.0,-384.0,-453.0,-517.0,-629.0,2264.0,-694.0
-72.0,63.0,-375.0,-440.0,-509.0,-623.0,2262.0,-694.0
-92.0,78.0,-362.0,-422.0,-497.0,-616.0,2261.0,-695.0
-116.0,92.0,-346.0,-403.0,-484.0,-606.0,2260.0,-695.0
-133.0,101.0,-332.0,-386.0,-472.0,-597.0,2258.0,-691.0
-141.0,103.0,-320.0,-371.0,-460.0,-587.0,2257.0,-686.0
-145.0,103.0,-308.0,-355.0,-447.0,-576.0,2255.0,-679.0
-143.0,105.0,-297.0,-339.0,-434.0,-566.0,2254.0,-674.0
-143.0,109.0,-287.0,-324.0,-424.0,-559.0,2252.0,-670.0
-145.0,116.0,-279.0,-314.0,-417.0,-554.0,2251.0,-668.0
-148.0,125.0,-272.0,-305.0,-412.0,-551.0,2250.0,-667.0
-154.0,135.0,-264.0,-296.0,-405.0,-546.0,2248.0,-667.0
-160.0,144.0,-258.0,-289.0,-400.0,-544.0,2247.0,-667.0
-163.0,147.0,-253.0,-284.0,-397.0,-542.0,2245.0,-668.0
-165.0,147.0,-249.0,-279.0,-393.0,-540.0,2244.0,-665.0
-164.0,145.0,-244.0,-274.0,-387.0,-536.0,2243.0,-660.0
-163.0,143.0,-240.0,-269.0,-383.0,-531.0,2241.0,-654.0
-164.0,145.0,-238.0,-267.0,-381.0,-527.0,2240.0,-652.0
-163.0,150.0,-236.0,-265.0,-379.0,-523.0,2238.0,-649.0
-164.0,157.0,-236.0,-264.0,-378.0,-520.0,2237.0,-648.0
-166.0,164.0,-236.0,-263.0,-376.0,-517.0,2236.0,-647.0
-168.0,171.0,-236.0,-262.0,-374.0,-515.0,2234.0,-646.0
-169.0,173.0,-235.0,-261.0,-373.0,-515.0,2233.0,-646.0
-169.0,172.0,-233.0,-259.0,-372.0,-514.0,2231.0,-644.0
-167.0,167.0,-232.0,-257.0,-369.0,-512.0,2230.0,-641.0
-168.0,163.0,-230.0,-254.0,-367.0,-509.0,2229.0,-638.0
-169.0,160.0,-228.0,-252.0,-365.0,-506.0,2227.0,-637.0
-170.0,160.0,-226.0,-250.0,-363.0,-504.0,2226.0,-637.0
-171.0,163.0,-226.0,-249.0,-363.0,-504.0,2224.0,-636.0
-172.0,169.0,-227.0,-249.0,-363.0,-503.0,2223.0,-638.0
-173.0,176.0,-227.0,-250.0,-364.0,-505.0,2222.0,-640.0
-174.0,180.0,-228.0,-251.0,-365.0,-506.0,2220.0,-639.0
-173.0,181.0,-228.0,-251.0,-365.0,-507.0,2219.0,-638.0
-173.0,179.0,-227.0,-250.0,-364.0,-507.0,2217.0,-637.0
-174.0,176.0,-225.0,-248.0,-362.0,-505.0,2216.0,-636.0
-174.0,172.0,-223.0,-245.0,-360.0,-503.0,2215.0,-635.0
-174.0,168.0,-221.0,-243.0,-359.0,-502.0,2213.0,-635.0
-173.0,165.0,-221.0,-243.0,-358.0,-502.0,2212.0,-634.0
-174.0,168.0,-221.0,-243.0,-358.0,-502.0,2210.0,-634.0
-175.0,173.0,-222.0,-243.0,-359.0,-502.0,2209.0,-635.0
-175.0,179.0,-224.0,-244.0,-360.0,-504.0,2208.0,-636.0
-176.0,184.0,-225.0,-245.0,-361.0,-506.0,2206.0,-638.0
-176.0,186.0,-226.0,-245.0,-362.0,-505.0,2205.0,-639.0
-179.0,186.0,-224.0,-244.0,-361.0,-504.0,2203.0,-637.0
-178.0,182.0,-222.0,-242.0,-359.0,-502.0,2202.0,-636.0
-175.0,175.0,-220.0,-240.0,-356.0,-500.0,2201.0,-634.0
-176.0,171.0,-218.0,-237.0,-354.0,-498.0,2199.0,-633.0
-178.0,172.0,-217.0,-236.0,-353.0,-497.0,2198.0,-633.0
-177.0,172.0,-218.0,-237.0,-354.0,-498.0,2197.0,-634.0
-177.0,177.0,-220.0,-238.0,-355.0,-500.0,2195.0,-636.0
-179.0,184.0,-221.0,-239.0,-356.0,-500.0,2194.0,-637.0
-179.0,190.0,-221.0,-239.0,-357.0,-501.0,2192.0,-638.0
-181.0,193.0,-221.0,-239.0,-356.0,-501.0,2191.0,-638.0
-182.0,192.0,-220.0,-237.0,-355.0,-499.0,2190.0,-636.0
-180.0,187.0,-219.0,-236.0,-353.0,-497.0,2188.0,-634.0
-178.0,181.0,-217.0,-233.0,-352.0,-495.0,2187.0,-632.0
-178.0,176.0,-215.0,-231.0,-349.0,-493.0,2186.0,-630.0
-178.0,174.0,-215.0,-230.0,-348.0,-493.0,2184.0,-629.0
-179.0,178.0,-214.0,-229.0,-349.0,-493.0,2183.0,-629.0
-180.0,184.0,-215.0,-230.0,-350.0,-496.0,2181.0,-630.0
-180.0,189.0,-217.0,-231.0,-351.0,-498.0,2180.0,-631.0
-180.0,194.0,-217.0,-231.0,-352.0,-499.0,2179.0,-631.0
-180.0,196.0,-217.0,-231.0,-352.0,-499.0,2177.0,-633.0
-179.0,193.0,-216.0,-230.0,-351.0,-496.0,2176.0,-632.0
-179.0,189.0,-215.0,-228.0,-348.0,-493.0,2175.0,-630.0
-182.0,195.0,-211.0,-222.0,-344.0,-487.0,2166.0,-619.0
-182.0,199.0,-213.0,-223.0,-345.0,-486.0,2165.0,-620.0
-183.0,201.0,-211.0,-221.0,-343.0,-484.0,2164.0,-619.0
-182.0,199.0,-211.0,-219.0,-341.0,-484.0,2162.0,-619.0
-180.0,193.0,-209.0,-217.0,-341.0,-483.0,2161.0,-618.0
-180.0,188.0,-207.0,-215.0,-339.0,-482.0,2160.0,-615.0
-181.0,184.0,-205.0,-213.0,-337.0,-479.0,2158.0,-613.0
-181.0,183.0,-204.0,-211.0,-336.0,-478.0,2157.0,-612.0
-180.0,185.0,-204.0,-211.0,-335.0,-478.0,2155.0,-611.0
-179.0,190.0,-205.0,-211.0,-335.0,-478.0,2154.0,-611.0
-180.0,196.0,-206.0,-212.0,-336.0,-478.0,2153.0,-612.0
-180.0,201.0,-206.0,-211.0,-336.0,-479.0,2151.0,-614.0
-182.0,205.0,-205.0,-211.0,-335.0,-477.0,2150.0,-612.0
-181.0,202.0,-204.0,-209.0,-333.0,-475.0,2149.0,-611.0
-179.0,197.0,-202.0,-206.0,-331.0,-473.0,2147.0,-609.0
-178.0,191.0,-200.0,-204.0,-329.0,-471.0,2146.0,-606.0
-178.0,187.0,-198.0,-201.0,-326.0,-469.0,2145.0,-604.0
-179.0,188.0,-196.0,-198.0,-324.0,-468.0,2143.0,-603.0
-179.0,191.0,-196.0,-197.0,-324.0,-468.0,2142.0,-602.0
-180.0,196.0,-196.0,-196.0,-324.0,-469.0,2141.0,-604.0
-181.0,202.0,-196.0,-196.0,-324.0,-469.0,2139.0,-605.0
-179.0,205.0,-196.0,-196.0,-324.0,-470.0,2138.0,-605.0
-178.0,206.0,-196.0,-195.0,-324.0,-469.0,2137.0,-606.0
-179.0,206.0,-195.0,-193.0,-322.0,-468.0,2135.0,-605.0
-179.0,203.0,-192.0,-190.0,-320.0,-466.0,2134.0,-602.0
-179.0,199.0,-190.0,-187.0,-317.0,-463.0,2133.0,-600.0
-179.0,194.0,-187.0,-183.0,-314.0,-460.0,2131.0,-598.0
-178.0,193.0,-185.0,-181.0,-312.0,-459.0,2130.0,-597.0
-179.0,196.0,-185.0,-180.0,-311.0,-459.0,2129.0,-597.0
-179.0,202.0,-185.0,-180.0,-311.0,-459.0,2127.0,-596.0
-180.0,209.0,-186.0,-180.0,-312.0,-461.0,2126.0,-597.0
-180.0,214.0,-186.0,-180.0,-313.0,-461.0,2125.0,-599.0
-181.0,217.0,-185.0,-179.0,-312.0,-460.0,2123.0,-599.0
-180.0,216.0,-183.0,-176.0,-310.0,-458.0,2122.0,-597.0
-180.0,212.0,-181.0,-174.0,-308.0,-457.0,2121.0,-596.0
-179.0,208.0,-178.0,-172.0,-306.0,-454.0,2119.0,-594.0
-180.0,203.0,-176.0,-169.0,-304.0,-453.0,2118.0,-591.0
-179.0,201.0,-175.0,-168.0,-303.0,-452.0,2117.0,-589.0
-180.0,205.0,-175.0,-168.0,-303.0,-453.0,2115.0,-589.0
-182.0,212.0,-176.0,-168.0,-303.0,-452.0,2114.0,-590.0
-184.0,219.0,-177.0,-169.0,-304.0,-453.0,2113.0,-592.0
-184.0,224.0,-178.0,-170.0,-305.0,-454.0,2111.0,-594.0
-183.0,226.0,-178.0,-171.0,-306.0,-454.0,2110.0,-594.0
-184.0,226.0,-177.0,-170.0,-305.0,-454.0,2109.0,-592.0
-184.0,222.0,-176.0,-169.0,-304.0,-453.0,2107.0,-591.0
-184.0,217.0,-174.0,-166.0,-302.0,-452.0,2106.0,-590.0
-184.0,212.0,-172.0,-165.0,-301.0,-451.0,2105.0,-589.0
-186.0,212.0,-171.0,-165.0,-301.0,-451.0,2103.0,-588.0
-187.0,215.0,-171.0,-165.0,-300.0,-449.0,2102.0,-587.0
-188.0,219.0,-173.0,-167.0,-302.0,-450.0,2101.0,-587.0
-189.0,226.0,-174.0,-167.0,-302.0,-449.0,2099.0,-587.0
-190.0,231.0,-175.0,-169.0,-303.0,-449.0,2098.0,-586.0
-190.0,233.0,-176.0,-170.0,-304.0,-450.0,2097.0,-588.0
-191.0,233.0,-175.0,-170.0,-303.0,-449.0,2095.0,-588.0
-191.0,229.0,-175.0,-169.0,-302.0,-448.0,2094.0,-587.0
-191.0,224.0,-174.0,-169.0,-301.0,-446.0,2093.0,-586.0
-190.0,219.0,-173.0,-168.0,-300.0,-445.0,2091.0,-583.0
-191.0,218.0,-174.0,-169.0,-300.0,-445.0,2090.0,-582.0
-191.0,220.0,-175.0,-171.0,-301.0,-446.0,2089.0,-583.0
-191.0,224.0,-178.0,-174.0,-304.0,-448.0,2087.0,-584.0
-191.0,230.0,-181.0,-177.0,-307.0,-451.0,2086.0,-586.0
-192.0,235.0,-183.0,-180.0,-309.0,-454.0,2085.0,-588.0
-193.0,237.0,-185.0,-182.0,-311.0,-454.0,2084.0,-589.0
-193.0,234.0,-186.0,-183.0,-311.0,-454.0,2082.0,-589.0
-192.0,230.0,-186.0,-184.0,-311.0,-453.0,2081.0,-588.0
-192.0,223.0,-186.0,-184.0,-310.0,-451.0,2080.0,-586.0
-190.0,217.0,-186.0,-184.0,-309.0,-450.0,2078.0,-585.0
-189.0,216.0,-187.0,-186.0,-310.0,-451.0,2077.0,-585.0
-189.0,218.0,-189.0,-188.0,-311.0,-452.0,2076.0,-586.0
-189.0,222.0,-192.0,-191.0,-313.0,-454.0,2074.0,-588.0
-188.0,226.0,-195.0,-195.0,-316.0,-457.0,2073.0,-592.0
-188.0,230.0,-198.0,-198.0,-318.0,-460.0,2072.0,-594.0
-187.0,231.0,-200.0,-200.0,-320.0,-462.0,2070.0,-592.0
-186.0,228.0,-200.0,-201.0,-321.0,-462.0,2069.0,-591.0
-186.0,224.0,-200.0,-201.0,-320.0,-461.0,2068.0,-590.0
-187.0,219.0,-200.0,-201.0,-319.0,-459.0,2067.0,-588.0
-186.0,215.0,-199.0,-200.0,-317.0,-457.0,2065.0,-585.0
-187.0,213.0,-200.0,-201.0,-317.0,-456.0,2064.0,-585.0
-186.0,214.0,-201.0,-202.0,-318.0,-456.0,2063.0,-585.0
-187.0,219.0,-203.0,-204.0,-320.0,-457.0,2061.0,-587.0
-189.0,226.0,-206.0,-206.0,-321.0,-459.0,2060.0,-588.0
-190.0,230.0,-207.0,-207.0,-323.0,-459.0,2059.0,-590.0
-190.0,232.0,-208.0,-208.0,-323.0,-458.0,2058.0,-590.0
-189.0,231.0,-208.0,-209.0,-323.0,-458.0,2056.0,-590.0
-190.0,227.0,-207.0,-208.0,-322.0,-457.0,2055.0,-590.0
-190.0,223.0,-205.0,-207.0,-320.0,-456.0,2054.0,-590.0
-190.0,217.0,-204.0,-205.0,-319.0,-455.0,2052.0,-589.0
-191.0,216.0,-204.0,-205.0,-319.0,-456.0,2051.0,-589.0
-190.0,218.0,-206.0,-206.0,-320.0,-457.0,2050.0,-590.0
-189.0,221.0,-207.0,-209.0,-322.0,-461.0,2048.0,-592.0
-191.0,228.0,-209.0,-211.0,-324.0,-462.0,2047.0,-595.0
-192.0,233.0,-211.0,-212.0,-326.0,-464.0,2046.0,-597.0
-190.0,233.0,-212.0,-213.0,-327.0,-466.0,2045.0,-595.0
-189.0,231.0,-211.0,-212.0,-326.0,-464.0,2043.0,-592.0
-190.0,227.0,-210.0,-211.0,-324.0,-462.0,2042.0,-589.0
-191.0,224.0,-208.0,-209.0,-322.0,-458.0,2041.0,-586.0
-192.0,219.0,-206.0,-207.0,-319.0,-454.0,2039.0,-583.0
-193.0,218.0,-206.0,-207.0,-319.0,-453.0,2038.0,-582.0
-193.0,221.0,-205.0,-206.0,-318.0,-452.0,2037.0,-583.0
-192.0,225.0,-206.0,-208.0,-319.0,-456.0,2036.0,-585.0
-194.0,231.0,-208.0,-209.0,-321.0,-459.0,2034.0,-587.0
-196.0,237.0,-209.0,-210.0,-323.0,-460.0,2033.0,-588.0
-193.0,235.0,-210.0,-211.0,-324.0,-461.0,2032.0,-589.0
-191.0,231.0,-210.0,-211.0,-323.0,-461.0,2031.0,-590.0
-193.0,229.0,-209.0,-209.0,-321.0,-459.0,2029.0,-590.0
-194.0,225.0,-207.0,-207.0,-319.0,-455.0,2028.0,-589.0
-193.0,219.0,-205.0,-206.0,-317.0,-453.0,2027.0,-588.0
-193.0,219.0,-204.0,-205.0,-316.0,-452.0,2025.0,-586.0
-195.0,221.0,-204.0,-204.0,-316.0,-450.0,2024.0,-584.0
-195.0,226.0,-205.0,-205.0,-316.0,-448.0,2023.0,-584.0
-195.0,232.0,-206.0,-205.0,-316.0,-448.0,2022.0,-584.0
-195.0,237.0,-207.0,-206.0,-317.0,-449.0,2020.0,-583.0
-195.0,238.0,-207.0,-207.0,-318.0,-450.0,2019.0,-582.0
-195.0,237.0,-207.0,-206.0,-316.0,-449.0,2018.0,-581.0
-194.0,233.0,-205.0,-204.0,-315.0,-448.0,2017.0,-580.0
-193.0,227.0,-204.0,-203.0,-313.0,-446.0,2015.0,-580.0
-194.0,222.0,-202.0,-201.0,-311.0,-445.0,2014.0,-578.0
-195.0,221.0,-201.0,-200.0,-311.0,-444.0,2013.0,-578.0
-195.0,223.0,-202.0,-200.0,-312.0,-445.0,2011.0,-577.0
-194.0,228.0,-203.0,-201.0,-312.0,-445.0,2010.0,-579.0
-194.0,234.0,-205.0,-202.0,-313.0,-447.0,2009.0,-580.0
-194.0,239.0,-206.0,-203.0,-314.0,-448.0,2008.0,-581.0
-193.0,241.0,-206.0,-203.0,-314.0,-448.0,2006.0,-580.0
-194.0,240.0,-206.0,-202.0,-313.0,-447.0,2005.0,-579.0
-196.0,236.0,-204.0,-200.0,-312.0,-445.0,2004.0,-578.0
-195.0,232.0,-202.0,-198.0,-310.0,-444.0,2003.0,-576.0
-196.0,228.0,-200.0,-196.0,-307.0,-442.0,2001.0,-572.0
-196.0,227.0,-199.0,-195.0,-306.0,-440.0,2000.0,-570.0
-195.0,229.0,-200.0,-195.0,-307.0,-441.0,1999.0,-570.0
-196.0,234.0,-201.0,-196.0,-307.0,-442.0,1998.0,-570.0
-197.0,240.0,-202.0,-197.0,-309.0,-444.0,1996.0,-571.0
-196.0,245.0,-203.0,-198.0,-311.0,-446.0,1995.0,-572.0
-195.0,246.0,-204.0,-198.0,-311.0,-447.0,1994.0,-574.0
-196.0,246.0,-203.0,-197.0,-310.0,-446.0,1993.0,-573.0
-194.0,241.0,-202.0,-196.0,-309.0,-444.0,1991.0,-571.0
-191.0,234.0,-200.0,-194.0,-307.0,-443.0,1990.0,-570.0
-192.0,229.0,-198.0,-191.0,-305.0,-440.0,1989.0,-568.0
-194.0,230.0,-197.0,-190.0,-304.0,-440.0,1988.0,-566.0
-194.0,233.0,-197.0,-190.0,-304.0,-441.0,1986.0,-566.0
-192.0,237.0,-197.0,-191.0,-304.0,-442.0,1985.0,-568.0
-194.0,243.0,-198.0,-191.0,-305.0,-443.0,1984.0,-568.0
-194.0,247.0,-199.0,-192.0,-307.0,-445.0,1983.0,-568.0
-191.0,247.0,-201.0,-193.0,-307.0,-444.0,1981.0,-567.0
-192.0,247.0,-200.0,-192.0,-305.0,-441.0,1980.0,-564.0
-193.0,243.0,-198.0,-190.0,-304.0,-438.0,1979.0,-561.0
-194.0,239.0,-196.0,-188.0,-301.0,-435.0,1978.0,-559.0
-194.0,234.0,-194.0,-186.0,-299.0,-432.0,1976.0,-557.0
-194.0,234.0,-194.0,-185.0,-297.0,-429.0,1975.0,-558.0
-195.0,237.0,-194.0,-185.0,-297.0,-428.0,1974.0,-558.0
-196.0,243.0,-195.0,-186.0,-297.0,-427.0,1973.0,-557.0
-196.0,248.0,-196.0,-187.0,-298.0,-428.0,1971.0,-559.0
-195.0,253.0,-198.0,-189.0,-300.0,-428.0,1970.0,-559.0
-195.0,255.0,-198.0,-189.0,-300.0,-428.0,1969.0,-558.0
-195.0,253.0,-198.0,-187.0,-298.0,-427.0,1968.0,-557.0
-196.0,248.0,-197.0,-186.0,-297.0,-426.0,1966.0,-556.0
-197.0,245.0,-195.0,-184.0,-296.0,-425.0,1965.0,-553.0
-197.0,240.0,-193.0,-182.0,-294.0,-424.0,1964.0,-551.0
-197.0,238.0,-193.0,-182.0,-293.0,-424.0,1963.0,-550.0
-196.0,240.0,-193.0,-182.0,-294.0,-424.0,1962.0,-550.0
-196.0,245.0,-195.0,-183.0,-295.0,-425.0,1960.0,-552.0
-197.0,250.0,-196.0,-185.0,-296.0,-428.0,1959.0,-554.0
-197.0,255.0,-197.0,-186.0,-298.0,-429.0,1958.0,-554.0
-197.0,258.0,-197.0,-186.0,-297.0,-428.0,1957.0,-555.0
-197.0,256.0,-197.0,-185.0,-296.0,-427.0,1955.0,-553.0
-198.0,252.0,-196.0,-184.0,-295.0,-426.0,1954.0,-552.0
-198.0,247.0,-194.0,-182.0,-294.0,-424.0,1953.0,-550.0
-198.0,243.0,-193.0,-181.0,-292.0,-423.0,1952.0,-548.0
-198.0,242.0,-192.0,-180.0,-292.0,-422.0,1950.0,-548.0
-199.0,245.0,-193.0,-180.0,-292.0,-423.0,1949.0,-548.0
-199.0,249.0,-194.0,-182.0,-293.0,-424.0,1948.0,-549.0
-199.0,256.0,-196.0,-183.0,-295.0,-425.0,1947.0,-550.0
-200.0,260.0,-197.0,-185.0,-296.0,-426.0,1946.0,-551.0
-200.0,262.0,-198.0,-185.0,-297.0,-426.0,1944.0,-551.0
-199.0,260.0,-197.0,-184.0,-296.0,-426.0,1943.0,-552.0
-199.0,256.0,-196.0,-183.0,-295.0,-425.0,1942.0,-552.0
-199.0,251.0,-195.0,-182.0,-293.0,-424.0,1941.0,-551.0
-200.0,246.0,-193.0,-180.0,-292.0,-422.0,1939.0,-549.0
-200.0,245.0,-192.0,-180.0,-291.0,-422.0,1938.0,-548.0
-199.0,246.0,-193.0,-180.0,-292.0,-423.0,1937.0,-549.0
-200.0,251.0,-194.0,-181.0,-293.0,-425.0,1936.0,-550.0
-202.0,257.0,-196.0,-182.0,-295.0,-427.0,1935.0,-550.0
-203.0,261.0,-197.0,-184.0,-296.0,-427.0,1933.0,-551.0
-202.0,263.0,-198.0,-184.0,-296.0,-426.0,1932.0,-551.0
-201.0,261.0,-197.0,-183.0,-295.0,-425.0,1931.0,-548.0
-201.0,257.0,-196.0,-182.0,-294.0,-424.0,1930.0,-547.0
-202.0,254.0,-194.0,-180.0,-292.0,-422.0,1929.0,-544.0
-201.0,248.0,-192.0,-177.0,-290.0,-421.0,1927.0,-543.0
-200.0,246.0,-192.0,-177.0,-290.0,-422.0,1926.0,-543.0
-202.0,248.0,-192.0,-177.0,-291.0,-423.0,1925.0,-542.0
-203.0,253.0,-194.0,-179.0,-293.0,-425.0,1924.0,-544.0
-203.0,258.0,-195.0,-180.0,-295.0,-427.0,1922.0,-546.0
-203.0,263.0,-196.0,-181.0,-296.0,-428.0,1921.0,-547.0
-203.0,264.0,-197.0,-181.0,-295.0,-426.0,1920.0,-546.0
-203.0,262.0,-196.0,-180.0,-294.0,-423.0,1919.0,-545.0
-202.0,259.0,-194.0,-179.0,-292.0,-420.0,1918.0,-543.0
-202.0,254.0,-193.0,-177.0,-290.0,-417.0,1916.0,-540.0
-202.0,249.0,-191.0,-175.0,-287.0,-415.0,1915.0,-537.0
-204.0,250.0,-190.0,-174.0,-287.0,-414.0,1914.0,-535.0
-205.0,252.0,-191.0,-175.0,-288.0,-415.0,1913.0,-535.0
-205.0,257.0,-191.0,-176.0,-288.0,-415.0,1912.0,-537.0
-206.0,263.0,-193.0,-177.0,-290.0,-416.0,1910.0,-540.0
-206.0,268.0,-194.0,-178.0,-291.0,-416.0,1909.0,-541.0
-206.0,270.0,-194.0,-178.0,-291.0,-416.0,1908.0,-541.0
-207.0,268.0,-194.0,-177.0,-290.0,-416.0,1907.0,-540.0
-206.0,263.0,-193.0,-176.0,-289.0,-416.0,1906.0,-538.0
-206.0,258.0,-191.0,-175.0,-288.0,-415.0,1904.0,-536.0
-208.0,253.0,-190.0,-173.0,-287.0,-413.0,1903.0,-533.0
-208.0,254.0,-189.0,-173.0,-286.0,-413.0,1902.0,-532.0
-207.0,256.0,-190.0,-173.0,-286.0,-414.0,1901.0,-532.0
-208.0,260.0,-191.0,-174.0,-288.0,-416.0,1900.0,-534.0
-209.0,267.0,-193.0,-175.0,-289.0,-417.0,1898.0,-536.0
-209.0,271.0,-194.0,-177.0,-291.0,-419.0,1897.0,-538.0
-209.0,273.0,-194.0,-177.0,-291.0,-419.0,1896.0,-540.0
-210.0,271.0,-194.0,-177.0,-290.0,-418.0,1895.0,-540.0
-209.0,267.0,-192.0,-176.0,-289.0,-415.0,1894.0,-538.0
-210.0,261.0,-191.0,-174.0,-287.0,-413.0,1892.0,-536.0
-210.0,256.0,-189.0,-172.0,-285.0,-412.0,1891.0,-536.0
-210.0,256.0,-188.0,-171.0,-284.0,-411.0,1890.0,-534.0
-212.0,259.0,-188.0,-171.0,-284.0,-411.0,1889.0,-534.0
-213.0,264.0,-189.0,-172.0,-285.0,-411.0,1888.0,-534.0
-212.0,269.0,-190.0,-172.0,-285.0,-413.0,1887.0,-535.0
-211.0,274.0,-191.0,-173.0,-286.0,-413.0,1885.0,-534.0
-211.0,275.0,-192.0,-174.0,-286.0,-413.0,1884.0,-534.0
-211.0,273.0,-191.0,-173.0,-286.0,-412.0,1883.0,-534.0
-212.0,270.0,-190.0,-172.0,-285.0,-410.0,1882.0,-534.0
-212.0,265.0,-188.0,-170.0,-283.0,-409.0,1881.0,-532.0
-213.0,262.0,-186.0,-168.0,-281.0,-407.0,1879.0,-530.0
-212.0,260.0,-186.0,-168.0,-281.0,-408.0,1878.0,-530.0
-213.0,262.0,-187.0,-169.0,-282.0,-409.0,1877.0,-529.0
-213.0,265.0,-189.0,-170.0,-283.0,-411.0,1876.0,-531.0
-215.0,272.0,-190.0,-171.0,-285.0,-414.0,1875.0,-533.0
-217.0,278.0,-191.0,-171.0,-285.0,-414.0,1874.0,-532.0
-217.0,280.0,-191.0,-171.0,-285.0,-414.0,1872.0,-532.0
-217.0,278.0,-191.0,-171.0,-286.0,-413.0,1871.0,-531.0
-213.0,271.0,-190.0,-170.0,-285.0,-413.0,1870.0,-530.0
-212.0,266.0,-188.0,-168.0,-283.0,-411.0,1869.0,-528.0
-212.0,263.0,-186.0,-165.0,-280.0,-407.0,1868.0,-527.0
-212.0,262.0,-185.0,-164.0,-279.0,-407.0,1866.0,-528.0
-213.0,264.0,-186.0,-165.0,-280.0,-406.0,1865.0,-528.0
-213.0,270.0,-187.0,-165.0,-280.0,-406.0,1864.0,-528.0
-214.0,277.0,-188.0,-166.0,-281.0,-408.0,1863.0,-528.0
-216.0,284.0,-188.0,-166.0,-282.0,-408.0,1862.0,-528.0
-217.0,285.0,-189.0,-167.0,-283.0,-408.0,1861.0,-528.0
-218.0,283.0,-188.0,-166.0,-282.0,-407.0,1859.0,-528.0
-218.0,279.0,-186.0,-164.0,-280.0,-406.0,1858.0,-527.0
-218.0,274.0,-185.0,-162.0,-279.0,-405.0,1857.0,-524.0
-218.0,270.0,-184.0,-161.0,-278.0,-405.0,1856.0,-523.0
-215.0,265.0,-183.0,-161.0,-278.0,-405.0,1855.0,-523.0
-217.0,269.0,-184.0,-161.0,-278.0,-405.0,1854.0,-523.0
-219.0,275.0,-184.0,-161.0,-278.0,-406.0,1852.0,-525.0
-217.0,280.0,-186.0,-162.0,-279.0,-408.0,1851.0,-527.0
-215.0,285.0,-188.0,-163.0,-281.0,-411.0,1850.0,-529.0
-214.0,286.0,-189.0,-164.0,-282.0,-411.0,1849.0,-528.0
-215.0,285.0,-188.0,-162.0,-281.0,-409.0,1848.0,-527.0
-215.0,280.0,-187.0,-161.0,-279.0,-406.0,1847.0,-525.0
-216.0,276.0,-185.0,-159.0,-276.0,-401.0,1845.0,-521.0
-217.0,272.0,-183.0,-157.0,-273.0,-398.0,1844.0,-519.0
-218.0,270.0,-183.0,-156.0,-273.0,-398.0,1843.0,-520.0
-220.0,273.0,-183.0,-157.0,-273.0,-397.0,1842.0,-519.0
-223.0,280.0,-184.0,-158.0,-274.0,-399.0,1841.0,-520.0
-224.0,286.0,-185.0,-159.0,-276.0,-401.0,1840.0,-522.0
-225.0,291.0,-187.0,-160.0,-277.0,-402.0,1839.0,-523.0
-225.0,292.0,-187.0,-160.0,-277.0,-403.0,1837.0,-523.0
-224.0,290.0,-186.0,-159.0,-276.0,-401.0,1836.0,-522.0
-223.0,286.0,-185.0,-158.0,-275.0,-400.0,1835.0,-521.0
-222.0,278.0,-184.0,-157.0,-274.0,-399.0,1834.0,-519.0
-222.0,273.0,-182.0,-155.0,-272.0,-396.0,1833.0,-518.0
-224.0,276.0,-180.0,-153.0,-270.0,-394.0,1832.0,-515.0
-226.0,279.0,-181.0,-154.0,-271.0,-395.0,1830.0,-515.0
-227.0,284.0,-182.0,-154.0,-272.0,-397.0,1829.0,-518.0
-227.0,289.0,-184.0,-156.0,-274.0,-398.0,1828.0,-521.0
-225.0,292.0,-186.0,-158.0,-275.0,-399.0,1827.0,-522.0
-225.0,295.0,-186.0,-158.0,-275.0,-398.0,1826.0,-521.0
-224.0,293.0,-185.0,-157.0,-274.0,-397.0,1825.0,-520.0
-222.0,287.0,-185.0,-156.0,-273.0,-396.0,1824.0,-519.0
-221.0,282.0,-183.0,-154.0,-271.0,-395.0,1822.0,-518.0
-223.0,277.0,-182.0,-152.0,-269.0,-393.0,1821.0,-517.0
-225.0,278.0,-181.0,-151.0,-269.0,-392.0,1820.0,-516.0
-222.0,278.0,-182.0,-151.0,-269.0,-393.0,1819.0,-516.0
-220.0,283.0,-183.0,-152.0,-270.0,-394.0,1818.0,-517.0
-224.0,290.0,-186.0,-154.0,-272.0,-396.0,1817.0,-519.0
-226.0,292.0,-188.0,-157.0,-275.0,-399.0,1816.0,-521.0
-228.0,294.0,-189.0,-158.0,-276.0,-400.0,1814.0,-523.0
-232.0,293.0,-190.0,-158.0,-276.0,-400.0,1813.0,-524.0
-231.0,288.0,-189.0,-157.0,-276.0,-399.0,1812.0,-524.0
-229.0,282.0,-187.0,-155.0,-273.0,-397.0,1811.0,-521.0
-226.0,277.0,-185.0,-153.0,-271.0,-395.0,1810.0,-519.0
-224.0,277.0,-184.0,-152.0,-270.0,-393.0,1809.0,-517.0
-221.0,277.0,-184.0,-152.0,-270.0,-393.0,1808.0,-518.0
-217.0,280.0,-186.0,-153.0,-270.0,-392.0,1806.0,-517.0
-216.0,285.0,-188.0,-154.0,-271.0,-393.0,1805.0,-518.0
-218.0,289.0,-190.0,-156.0,-273.0,-394.0,1804.0,-521.0
-220.0,290.0,-191.0,-156.0,-274.0,-395.0,1803.0,-522.0
-222.0,289.0,-190.0,-155.0,-273.0,-395.0,1802.0,-521.0
-226.0,288.0,-188.0,-153.0,-272.0,-393.0,1801.0,-520.0
-225.0,282.0,-187.0,-152.0,-270.0,-391.0,1800.0,-520.0
-220.0,275.0,-186.0,-150.0,-269.0,-390.0,1799.0,-518.0
-217.0,271.0,-186.0,-150.0,-268.0,-390.0,1797.0,-519.0
-215.0,274.0,-187.0,-150.0,-269.0,-391.0,1796.0,-519.0
-215.0,277.0,-188.0,-151.0,-270.0,-393.0,1795.0,-519.0
-214.0,281.0,-190.0,-153.0,-272.0,-397.0,1794.0,-520.0
-211.0,283.0,-191.0,-154.0,-273.0,-400.0,1793.0,-522.0
-207.0,282.0,-192.0,-155.0,-274.0,-401.0,1792.0,-524.0
-210.0,283.0,-190.0,-153.0,-273.0,-398.0,1791.0,-523.0
-216.0,281.0,-188.0,-151.0,-271.0,-394.0,1789.0,-521.0
-218.0,278.0,-186.0,-149.0,-268.0,-390.0,1788.0,-518.0
-218.0,276.0,-182.0,-145.0,-263.0,-385.0,1787.0,-514.0
-216.0,274.0,-181.0,-144.0,-262.0,-384.0,1786.0,-514.0
-210.0,271.0,-183.0,-144.0,-262.0,-384.0,1785.0,-515.0
-209.0,274.0,-185.0,-146.0,-264.0,-386.0,1784.0,-517.0
-208.0,279.0,-186.0,-148.0,-266.0,-388.0,1783.0,-520.0
-206.0,281.0,-189.0,-150.0,-268.0,-390.0,1782.0,-522.0
-203.0,282.0,-189.0,-150.0,-268.0,-390.0,1781.0,-520.0
-196.0,278.0,-188.0,-148.0,-265.0,-388.0,1779.0,-518.0
-189.0,275.0,-185.0,-143.0,-260.0,-382.0,1778.0,-514.0
-185.0,274.0,-182.0,-139.0,-255.0,-378.0,1777.0,-509.0
-179.0,270.0,-179.0,-135.0,-252.0,-374.0,1776.0,-503.0
-175.0,268.0,-179.0,-134.0,-249.0,-371.0,1775.0,-501.0
-170.0,268.0,-181.0,-134.0,-249.0,-370.0,1774.0,-501.0
-166.0,269.0,-184.0,-136.0,-250.0,-370.0,1773.0,-501.0
-164.0,274.0,-187.0,-138.0,-252.0,-372.0,1772.0,-502.0
-161.0,276.0,-190.0,-141.0,-255.0,-374.0,1770.0,-505.0
-161.0,275.0,-194.0,-145.0,-258.0,-377.0,1769.0,-508.0
-163.0,273.0,-196.0,-148.0,-260.0,-379.0,1768.0,-509.0
-161.0,269.0,-196.0,-148.0,-261.0,-380.0,1767.0,-509.0
-160.0,264.0,-194.0,-147.0,-259.0,-379.0,1766.0,-508.0
-161.0,261.0,-192.0,-146.0,-257.0,-377.0,1765.0,-506.0
-163.0,261.0,-191.0,-146.0,-257.0,-377.0,1764.0,-506.0
-166.0,265.0,-191.0,-145.0,-256.0,-377.0,1763.0,-505.0
-168.0,272.0,-190.0,-145.0,-256.0,-376.0,1762.0,-505.0
-169.0,279.0,-191.0,-146.0,-257.0,-376.0,1760.0,-505.0
-168.0,283.0,-192.0,-147.0,-257.0,-377.0,1759.0,-506.0
-170.0,286.0,-191.0,-146.0,-256.0,-377.0,1758.0,-507.0
-176.0,288.0,-190.0,-146.0,-255.0,-376.0,1757.0,-507.0
-182.0,288.0,-188.0,-145.0,-254.0,-375.0,1756.0,-507.0
-183.0,284.0,-186.0,-143.0,-252.0,-373.0,1755.0,-505.0
-187.0,281.0,-184.0,-141.0,-251.0,-373.0,1754.0,-505.0
-193.0,279.0,-185.0,-142.0,-252.0,-375.0,1753.0,-508.0
-200.0,282.0,-187.0,-146.0,-255.0,-378.0,1752.0,-512.0
-205.0,288.0,-189.0,-149.0,-258.0,-382.0,1751.0,-515.0
-211.0,296.0,-190.0,-152.0,-261.0,-386.0,1749.0,-520.0
-216.0,300.0,-192.0,-156.0,-263.0,-390.0,1748.0,-525.0
-218.0,300.0,-193.0,-158.0,-266.0,-393.0,1747.0,-527.0
-221.0,298.0,-195.0,-160.0,-268.0,-396.0,1746.0,-529.0
-228.0,297.0,-193.0,-158.0,-267.0,-395.0,1745.0,-528.0
-229.0,292.0,-191.0,-156.0,-265.0,-393.0,1744.0,-527.0
-229.0,286.0,-188.0,-152.0,-262.0,-390.0,1743.0,-526.0
-227.0,284.0,-188.0,-150.0,-261.0,-389.0,1742.0,-525.0
-227.0,285.0,-190.0,-151.0,-262.0,-390.0,1741.0,-528.0
-229.0,289.0,-190.0,-151.0,-263.0,-391.0,1740.0,-529.0
-228.0,294.0,-191.0,-150.0,-263.0,-392.0,1738.0,-530.0
-225.0,297.0,-192.0,-150.0,-265.0,-393.0,1737.0,-532.0
-228.0,301.0,-192.0,-148.0,-264.0,-394.0,1736.0,-533.0
-227.0,300.0,-190.0,-145.0,-263.0,-394.0,1735.0,-532.0
-225.0,297.0,-186.0,-141.0,-260.0,-391.0,1734.0,-531.0
-226.0,295.0,-182.0,-136.0,-258.0,-389.0,1733.0,-529.0
-224.0,290.0,-179.0,-133.0,-255.0,-388.0,1732.0,-529.0
-223.0,287.0,-179.0,-133.0,-256.0,-389.0,1731.0,-531.0
-220.0,285.0,-180.0,-131.0,-258.0,-392.0,1730.0,-532.0
-220.0,287.0,-181.0,-129.0,-260.0,-396.0,1729.0,-535.0
-219.0,291.0,-183.0,-124.0,-262.0,-398.0,1728.0,-538.0
-221.0,295.0,-184.0,-116.0,-264.0,-399.0,1726.0,-540.0
-220.0,296.0,-184.0,-107.0,-264.0,-400.0,1725.0,-542.0
-217.0,293.0,-182.0,-96.0,-263.0,-399.0,1724.0,-543.0
-214.0,291.0,-178.0,-86.0,-259.0,-395.0,1723.0,-541.0
-213.0,288.0,-173.0,-77.0,-255.0,-391.0,1722.0,-537.0
-207.0,282.0,-169.0,-70.0,-251.0,-388.0,1721.0,-535.0
-204.0,282.0,-166.0,-64.0,-248.0,-384.0,1720.0,-535.0
-201.0,287.0,-163.0,-58.0,-244.0,-381.0,1719.0,-534.0
-200.0,297.0,-158.0,-52.0,-240.0,-378.0,1718.0,-531.0
-201.0,306.0,-153.0,-44.0,-236.0,-375.0,1717.0,-530.0
-207.0,318.0,-144.0,-33.0,-229.0,-371.0,1716.0,-529.0
-218.0,330.0,-132.0,-18.0,-219.0,-364.0,1715.0,-526.0
-232.0,342.0,-119.0,-3.0,-208.0,-356.0,1714.0,-522.0
-238.0,344.0,-108.0,9.0,-199.0,-348.0,1712.0,-520.0
-229.0,336.0,-103.0,18.0,-191.0,-336.0,1711.0,-514.0
-213.0,321.0,-101.0,23.0,-185.0,-329.0,1710.0,-510.0
-197.0,301.0,-103.0,26.0,-186.0,-330.0,1709.0,-512.0
-180.0,281.0,-105.0,29.0,-187.0,-334.0,1708.0,-518.0
-162.0,261.0,-108.0,32.0,-189.0,-337.0,1707.0,-524.0
-131.0,238.0,-114.0,32.0,-190.0,-338.0,1706.0,-526.0
-90.0,208.0,-123.0,33.0,-191.0,-340.0,1705.0,-528.0
-34.0,169.0,-131.0,38.0,-186.0,-335.0,1704.0,-523.0
26.0,129.0,-137.0,45.0,-176.0,-325.0,1703.0,-513.0
80.0,97.0,-144.0,45.0,-170.0,-316.0,1702.0,-502.0
126.0,60.0,-156.0,37.0,-176.0,-320.0,1701.0,-500.0
148.0,29.0,-173.0,15.0,-197.0,-339.0,1700.0,-511.0
156.0,16.0,-196.0,-16.0,-222.0,-358.0,1698.0,-523.0
156.0,17.0,-225.0,-58.0,-249.0,-379.0,1697.0,-533.0
140.0,37.0,-253.0,-104.0,-277.0,-397.0,1696.0,-540.0
109.0,68.0,-271.0,-141.0,-301.0,-414.0,1695.0,-549.0
60.0,110.0,-279.0,-170.0,-322.0,-429.0,1694.0,-558.0
14.0,145.0,-287.0,-196.0,-341.0,-443.0,1693.0,-567.0
-13.0,158.0,-295.0,-217.0,-357.0,-455.0,1692.0,-575.0
-38.0,163.0,-297.0,-227.0,-367.0,-465.0,1691.0,-588.0
-63.0,164.0,-295.0,-224.0,-370.0,-470.0,1690.0,-598.0
-71.0,162.0,-290.0,-214.0,-366.0,-468.0,1689.0,-601.0
-74.0,168.0,-282.0,-202.0,-358.0,-462.0,1688.0,-602.0
-82.0,180.0,-274.0,-191.0,-352.0,-459.0,1687.0,-603.0
-95.0,198.0,-265.0,-178.0,-343.0,-453.0,1686.0,-604.0
-115.0,218.0,-253.0,-162.0,-333.0,-447.0,1685.0,-607.0
-139.0,238.0,-239.0,-144.0,-320.0,-439.0,1684.0,-609.0
-161.0,254.0,-228.0,-130.0,-311.0,-431.0,1683.0,-610.0
-173.0,257.0,-220.0,-119.0,-304.0,-424.0,1681.0,-612.0
-177.0,255.0,-210.0,-106.0,-294.0,-414.0,1680.0,-611.0
-175.0,254.0,-198.0,-89.0,-280.0,-403.0,1679.0,-607.0
-170.0,249.0,-185.0,-71.0,-266.0,-391.0,1678.0,-603.0
-165.0,250.0,-174.0,-57.0,-255.0,-383.0,1677.0,-600.0
-163.0,254.0,-165.0,-46.0,-247.0,-377.0,1676.0,-598.0
-166.0,263.0,-156.0,-36.0,-240.0,-372.0,1675.0,-595.0
-170.0,276.0,-149.0,-28.0,-235.0,-368.0,1674.0,-591.0
-169.0,283.0,-145.0,-24.0,-232.0,-365.0,1673.0,-590.0
-170.0,288.0,-141.0,-21.0,-228.0,-359.0,1672.0,-588.0
-175.0,292.0,-137.0,-17.0,-225.0,-356.0,1671.0,-586.0
-182.0,295.0,-133.0,-13.0,-222.0,-354.0,1670.0,-585.0
-185.0,292.0,-130.0,-10.0,-219.0,-351.0,1669.0,-584.0
-187.0,289.0,-126.0,-8.0,-217.0,-351.0,1668.0,-584.0
-194.0,291.0,-126.0,-7.0,-217.0,-351.0,1667.0,-587.0
-204.0,299.0,-126.0,-7.0,-216.0,-350.0,1666.0,-591.0
-210.0,309.0,-127.0,-7.0,-216.0,-350.0,1665.0,-594.0
-206.0,315.0,-127.0,-7.0,-216.0,-349.0,1664.0,-597.0
-206.0,321.0,-126.0,-4.0,-215.0,-345.0,1663.0,-601.0
-211.0,326.0,-126.0,-3.0,-213.0,-341.0,1662.0,-605.0
-216.0,324.0,-127.0,-3.0,-213.0,-339.0,1660.0,-614.0
-218.0,318.0,-129.0,-4.0,-214.0,-340.0,1659.0,-617.0
-220.0,313.0,-127.0,-2.0,-213.0,-340.0,1658.0,-619.0
-219.0,309.0,-125.0,0.0,-211.0,-339.0,1657.0,-619.0
-210.0,304.0,-124.0,0.0,-211.0,-340.0,1656.0,-621.0
-206.0,304.0,-123.0,0.0,-212.0,-342.0,1655.0,-623.0
-207.0,310.0,-123.0,1.0,-212.0,-341.0,1654.0,-626.0
-208.0,316.0,-124.0,0.0,-214.0,-342.0,1653.0,-630.0
-205.0,318.0,-123.0,0.0,-214.0,-341.0,988.0,-632.0
-201.0,321.0,-120.0,3.0,-211.0,-336.0,-6175.0,-630.0
-194.0,321.0,-118.0,6.0,-209.0,-332.0,-12971.0,-629.0
-193.0,318.0,-115.0,8.0,-208.0,-331.0,-19144.0,-628.0
-193.0,312.0,-112.0,9.0,-208.0,-329.0,-23572.0,-624.0
-192.0,308.0,-109.0,11.0,-205.0,-326.0,-25978.0,-619.0
-191.0,311.0,-105.0,15.0,-202.0,-321.0,-26907.0,-616.0
-182.0,315.0,-101.0,19.0,-198.0,-317.0,-26504.0,-613.0
-177.0,321.0,-99.0,22.0,-196.0,-315.0,-27140.0,-611.0
-170.0,326.0,-97.0,23.0,-195.0,-312.0,-28921.0,-610.0
-155.0,327.0,-96.0,25.0,-194.0,-312.0,-31884.0,-610.0
-148.0,329.0,-94.0,27.0,-192.0,-312.0,30488.0,-608.0
-148.0,331.0,-91.0,30.0,-188.0,-311.0,27860.0,-603.0
-148.0,331.0,-87.0,34.0,-185.0,-309.0,25660.0,-598.0
-144.0,326.0,-83.0,37.0,-181.0,-304.0,23606.0,-594.0
-142.0,320.0,-80.0,41.0,-177.0,-298.0,21183.0,-595.0
-145.0,320.0,-78.0,42.0,-174.0,-294.0,18235.0,-603.0
-145.0,325.0,-77.0,43.0,-171.0,-294.0,15205.0,-609.0
-141.0,327.0,-78.0,42.0,-168.0,-295.0,12897.0,-614.0
-135.0,328.0,-81.0,40.0,-165.0,-299.0,11360.0,-620.0
-132.0,333.0,-83.0,39.0,-164.0,-300.0,10298.0,-620.0
-134.0,338.0,-83.0,39.0,-163.0,-300.0,9786.0,-619.0
-141.0,339.0,-83.0,38.0,-163.0,-302.0,9668.0,-622.0
-144.0,335.0,-83.0,38.0,-163.0,-303.0,9763.0,-623.0
-144.0,330.0,-81.0,40.0,-160.0,-301.0,9980.0,-620.0
-146.0,325.0,-79.0,42.0,-159.0,-301.0,10249.0,-619.0
-146.0,321.0,-79.0,41.0,-163.0,-303.0,10607.0,-622.0
-148.0,323.0,-79.0,41.0,-166.0,-303.0,10989.0,-626.0
-144.0,327.0,-79.0,42.0,-166.0,-300.0,11381.0,-627.0
-139.0,332.0,-80.0,42.0,-166.0,-294.0,11816.0,-630.0
-140.0,338.0,-80.0,42.0,-166.0,-291.0,12263.0,-631.0
-143.0,339.0,-79.0,43.0,-164.0,-290.0,12603.0,-632.0
-144.0,337.0,-78.0,45.0,-163.0,-291.0,12860.0,-634.0
-144.0,332.0,-76.0,46.0,-162.0,-291.0,13247.0,-634.0
-138.0,325.0,-75.0,48.0,-161.0,-291.0,13729.0,-635.0
-133.0,321.0,-71.0,52.0,-159.0,-288.0,14229.0,-634.0
-131.0,323.0,-68.0,54.0,-156.0,-285.0,14670.0,-631.0
-127.0,324.0,-67.0,57.0,-153.0,-281.0,15122.0,-629.0
-127.0,328.0,-69.0,57.0,-154.0,-279.0,15647.0,-628.0
-126.0,332.0,-74.0,53.0,-158.0,-280.0,16203.0,-629.0
-127.0,333.0,-79.0,49.0,-164.0,-284.0,16711.0,-633.0
-132.0,329.0,-82.0,45.0,-170.0,-288.0,17168.0,-638.0
-135.0,324.0,-83.0,44.0,-171.0,-287.0,17583.0,-640.0
-136.0,321.0,-81.0,47.0,-168.0,-284.0,18024.0,-641.0
-140.0,319.0,-79.0,50.0,-166.0,-281.0,18467.0,-639.0
-144.0,315.0,-77.0,52.0,-164.0,-278.0,18910.0,-638.0
-141.0,314.0,-74.0,55.0,-161.0,-274.0,19352.0,-636.0
-140.0,316.0,-71.0,58.0,-159.0,-272.0,19704.0,-633.0
-150.0,323.0,-70.0,58.0,-159.0,-272.0,20065.0,-634.0
-158.0,330.0,-71.0,55.0,-162.0,-275.0,20403.0,-639.0
-158.0,332.0,-73.0,53.0,-165.0,-278.0,20784.0,-643.0
-160.0,332.0,-76.0,51.0,-169.0,-280.0,21199.0,-645.0
-163.0,329.0,-78.0,50.0,-171.0,-280.0,21619.0,-645.0
-161.0,323.0,-78.0,51.0,-171.0,-280.0,22059.0,-641.0
-157.0,318.0,-76.0,53.0,-169.0,-278.0,22550.0,-637.0
-161.0,314.0,-74.0,56.0,-167.0,-277.0,22999.0,-635.0
-163.0,311.0,-73.0,56.0,-168.0,-279.0,23364.0,-637.0
-162.0,313.0,-73.0,55.0,-168.0,-279.0,23710.0,-638.0
-163.0,316.0,-75.0,54.0,-170.0,-281.0,24098.0,-641.0
-163.0,317.0,-78.0,51.0,-174.0,-285.0,24525.0,-645.0
-170.0,321.0,-80.0,50.0,-176.0,-288.0,25012.0,-647.0
-178.0,324.0,-81.0,49.0,-177.0,-289.0,25554.0,-650.0
-183.0,327.0,-80.0,51.0,-175.0,-287.0,26102.0,-651.0
-189.0,329.0,-78.0,54.0,-173.0,-286.0,26606.0,-651.0
-184.0,325.0,-76.0,57.0,-170.0,-283.0,27076.0,-649.0
-172.0,316.0,-74.0,62.0,-166.0,-279.0,27538.0,-644.0
-171.0,317.0,-72.0,66.0,-164.0,-275.0,28017.0,-640.0
-178.0,323.0,-72.0,67.0,-163.0,-273.0,28504.0,-640.0
-184.0,326.0,-73.0,65.0,-166.0,-274.0,28957.0,-646.0
-189.0,328.0,-74.0,63.0,-168.0,-277.0,29377.0,-654.0
-190.0,332.0,-73.0,62.0,-168.0,-278.0,29792.0,-662.0
-187.0,332.0,-72.0,62.0,-171.0,-280.0,30202.0,-667.0
-188.0,331.0,-72.0,63.0,-172.0,-280.0,30592.0,-669.0
-190.0,329.0,-72.0,65.0,-170.0,-276.0,30973.0,-669.0
-229.0,328.0,-81.0,62.0,-181.0,-279.0,-30679.0,-683.0
-224.0,320.0,-79.0,64.0,-178.0,-276.0,-30281.0,-679.0
-224.0,321.0,-79.0,64.0,-177.0,-272.0,-29900.0,-677.0
-229.0,327.0,-79.0,64.0,-178.0,-270.0,-29544.0,-678.0
-234.0,336.0,-80.0,63.0,-181.0,-271.0,-29200.0,-677.0
-239.0,347.0,-79.0,63.0,-179.0,-267.0,-28829.0,-675.0
-236.0,353.0,-79.0,64.0,-175.0,-262.0,-28449.0,-670.0
-238.0,355.0,-80.0,64.0,-176.0,-260.0,-28074.0,-666.0
-241.0,352.0,-81.0,62.0,-177.0,-261.0,-27719.0,-664.0
-240.0,344.0,-82.0,61.0,-178.0,-261.0,-27373.0,-662.0
-237.0,337.0,-83.0,61.0,-177.0,-261.0,-27017.0,-659.0
-239.0,333.0,-83.0,60.0,-178.0,-261.0,-26674.0,-657.0
-242.0,333.0,-84.0,56.0,-180.0,-265.0,-26362.0,-656.0
-235.0,332.0,-87.0,53.0,-182.0,-266.0,-26066.0,-654.0
-229.0,334.0,-90.0,48.0,-186.0,-271.0,-25770.0,-656.0
-222.0,335.0,-95.0,43.0,-189.0,-275.0,-25476.0,-659.0
-224.0,340.0,-99.0,38.0,-194.0,-282.0,-25180.0,-661.0
-231.0,344.0,-104.0,33.0,-200.0,-284.0,-24886.0,-662.0
-232.0,342.0,-108.0,32.0,-200.0,-282.0,-24596.0,-659.0
-237.0,338.0,-110.0,31.0,-200.0,-281.0,-24300.0,-656.0
-247.0,333.0,-113.0,30.0,-200.0,-282.0,-24016.0,-655.0
-257.0,331.0,-114.0,30.0,-199.0,-283.0,-23770.0,-653.0
-270.0,332.0,-116.0,25.0,-200.0,-287.0,-23526.0,-653.0
-290.0,334.0,-122.0,19.0,-205.0,-293.0,-23267.0,-654.0
-302.0,334.0,-128.0,12.0,-211.0,-299.0,-22998.0,-658.0
-306.0,338.0,-132.0,7.0,-214.0,-303.0,-22730.0,-662.0
-317.0,342.0,-137.0,3.0,-218.0,-310.0,-22465.0,-668.0
-321.0,343.0,-141.0,0.0,-220.0,-315.0,-22197.0,-669.0
-313.0,340.0,-140.0,0.0,-220.0,-312.0,-21914.0,-666.0
-315.0,336.0,-142.0,-2.0,-221.0,-312.0,-21638.0,-666.0
-315.0,330.0,-144.0,-3.0,-221.0,-312.0,-21365.0,-669.0
-314.0,323.0,-146.0,-5.0,-221.0,-310.0,-21090.0,-671.0
-323.0,321.0,-153.0,-10.0,-225.0,-309.0,-20822.0,-676.0
-330.0,321.0,-159.0,-16.0,-229.0,-311.0,-20560.0,-681.0
-342.0,327.0,-163.0,-20.0,-232.0,-315.0,-20303.0,-686.0
-349.0,329.0,-168.0,-25.0,-236.0,-321.0,-20059.0,-693.0
-360.0,331.0,-174.0,-31.0,-241.0,-329.0,-19817.0,-697.0
-370.0,337.0,-176.0,-34.0,-247.0,-335.0,-19571.0,-697.0
-372.0,343.0,-173.0,-31.0,-243.0,-331.0,-19320.0,-694.0
-367.0,347.0,-167.0,-24.0,-234.0,-321.0,-19070.0,-687.0
-357.0,345.0,-162.0,-17.0,-228.0,-315.0,-18826.0,-679.0
-346.0,343.0,-156.0,-10.0,-219.0,-305.0,-18585.0,-672.0
-341.0,340.0,-155.0,-8.0,-216.0,-299.0,-18348.0,-669.0
-350.0,340.0,-160.0,-11.0,-221.0,-301.0,-18116.0,-672.0
-355.0,341.0,-165.0,-15.0,-223.0,-302.0,-17893.0,-675.0
-364.0,343.0,-170.0,-19.0,-226.0,-303.0,-17673.0,-682.0
-372.0,346.0,-176.0,-24.0,-230.0,-306.0,-17448.0,-691.0
-378.0,347.0,-180.0,-28.0,-234.0,-310.0,-17226.0,-699.0
-389.0,344.0,-183.0,-31.0,-237.0,-314.0,-17009.0,-702.0
-396.0,340.0,-182.0,-30.0,-238.0,-316.0,-16799.0,-701.0
-401.0,332.0,-182.0,-30.0,-238.0,-317.0,-16599.0,-701.0
-407.0,327.0,-182.0,-30.0,-239.0,-318.0,-16399.0,-700.0
-414.0,329.0,-182.0,-30.0,-238.0,-317.0,-16195.0,-702.0
-416.0,332.0,-181.0,-30.0,-239.0,-318.0,-15985.0,-703.0
-419.0,338.0,-179.0,-29.0,-239.0,-319.0,-15768.0,-703.0
-422.0,348.0,-177.0,-28.0,-238.0,-319.0,-15550.0,-705.0
-418.0,355.0,-176.0,-27.0,-237.0,-319.0,-15331.0,-705.0
-417.0,361.0,-175.0,-25.0,-236.0,-317.0,-15124.0,-705.0
-422.0,360.0,-175.0,-25.0,-236.0,-318.0,-14917.0,-707.0
-428.0,356.0,-175.0,-25.0,-237.0,-319.0,-14721.0,-710.0
-439.0,356.0,-173.0,-23.0,-235.0,-317.0,-14529.0,-709.0
-444.0,358.0,-169.0,-20.0,-232.0,-314.0,-14342.0,-708.0
-445.0,358.0,-169.0,-20.0,-231.0,-314.0,-14163.0,-708.0
-442.0,356.0,-172.0,-21.0,-232.0,-314.0,-13979.0,-710.0
-449.0,357.0,-180.0,-27.0,-238.0,-320.0,-13796.0,-717.0
-463.0,361.0,-187.0,-35.0,-245.0,-328.0,-13620.0,-726.0
-473.0,363.0,-192.0,-40.0,-250.0,-335.0,-13445.0,-740.0
-486.0,365.0,-197.0,-44.0,-254.0,-340.0,-13277.0,-753.0
-498.0,366.0,-199.0,-45.0,-256.0,-342.0,-13111.0,-761.0
-513.0,369.0,-198.0,-44.0,-256.0,-341.0,-12945.0,-767.0
-531.0,373.0,-193.0,-42.0,-253.0,-338.0,-12778.0,-770.0
-551.0,377.0,-192.0,-40.0,-250.0,-335.0,-12614.0,-773.0
-564.0,380.0,-191.0,-41.0,-250.0,-335.0,-12452.0,-775.0
-562.0,382.0,-190.0,-40.0,-248.0,-335.0,-12301.0,-778.0
-554.0,388.0,-189.0,-37.0,-245.0,-331.0,-12153.0,-778.0
-560.0,404.0,-187.0,-34.0,-241.0,-327.0,-11996.0,-777.0
-565.0,406.0,-192.0,-38.0,-245.0,-330.0,-11843.0,-782.0
-565.0,398.0,-199.0,-44.0,-250.0,-335.0,-11705.0,-790.0
-566.0,386.0,-203.0,-50.0,-255.0,-340.0,-11589.0,-798.0
-563.0,374.0,-206.0,-53.0,-258.0,-343.0,-11471.0,-804.0
-557.0,363.0,-208.0,-55.0,-260.0,-345.0,-11341.0,-808.0
-545.0,348.0,-210.0,-58.0,-262.0,-348.0,-11227.0,-813.0
-538.0,339.0,-214.0,-62.0,-266.0,-352.0,-11129.0,-820.0
-536.0,339.0,-216.0,-66.0,-269.0,-356.0,-11035.0,-823.0
-541.0,341.0,-221.0,-72.0,-276.0,-362.0,-10919.0,-827.0
-554.0,348.0,-226.0,-77.0,-281.0,-368.0,-10770.0,-832.0
-565.0,358.0,-228.0,-79.0,-283.0,-371.0,-10603.0,-834.0
-571.0,362.0,-227.0,-78.0,-282.0,-369.0,-10395.0,-834.0
-579.0,364.0,-225.0,-77.0,-280.0,-367.0,-10056.0,-832.0
-583.0,360.0,-225.0,-76.0,-278.0,-365.0,-9657.0,-831.0
-586.0,354.0,-225.0,-76.0,-277.0,-364.0,-9263.0,-832.0
-598.0,355.0,-225.0,-75.0,-276.0,-363.0,-8847.0,-835.0
-609.0,358.0,-226.0,-76.0,-276.0,-364.0,-8412.0,-838.0
-616.0,361.0,-230.0,-79.0,-279.0,-365.0,-7988.0,-840.0
-612.0,362.0,-232.0,-81.0,-281.0,-366.0,-7546.0,-838.0
-603.0,365.0,-232.0,-80.0,-280.0,-365.0,-7006.0,-835.0
-607.0,371.0,-234.0,-82.0,-281.0,-368.0,-6496.0,-833.0
-608.0,371.0,-234.0,-83.0,-282.0,-369.0,-6061.0,-829.0
-612.0,369.0,-233.0,-83.0,-283.0,-368.0,-5577.0,-827.0
-622.0,367.0,-232.0,-83.0,-282.0,-367.0,-5121.0,-825.0
-629.0,366.0,-230.0,-82.0,-281.0,-364.0,-3571.0,-819.0
-639.0,366.0,-227.0,-80.0,-279.0,-361.0,1264.0,-813.0
-647.0,371.0,-224.0,-77.0,-275.0,-357.0,8485.0,-807.0
-650.0,379.0,-220.0,-75.0,-272.0,-355.0,15593.0,-805.0
-651.0,386.0,-217.0,-73.0,-271.0,-353.0,22442.0,-800.0
-651.0,391.0,-215.0,-74.0,-270.0,-349.0,28995.0,-790.0
-655.0,394.0,-219.0,-78.0,-276.0,-348.0,-30139.0,-767.0
-660.0,393.0,-225.0,-85.0,-282.0,-348.0,-23355.0,-757.0
-665.0,384.0,-232.0,-91.0,-288.0,-355.0,-16680.0,-753.0
-676.0,377.0,-238.0,-96.0,-294.0,-364.0,-10567.0,-750.0
-689.0,376.0,-239.0,-97.0,-293.0,-369.0,-5263.0,-748.0
-695.0,373.0,-232.0,-94.0,-288.0,-370.0,-3415.0,-742.0
-706.0,372.0,-227.0,-93.0,-286.0,-372.0,-4191.0,-738.0
-710.0,373.0,-225.0,-93.0,-286.0,-374.0,-4957.0,-734.0
-709.0,373.0,-228.0,-96.0,-289.0,-376.0,-5714.0,-732.0
-712.0,377.0,-232.0,-99.0,-292.0,-379.0,-6461.0,-733.0
-717.0,380.0,-236.0,-102.0,-296.0,-383.0,-7199.0,-735.0
-721.0,386.0,-237.0,-102.0,-297.0,-382.0,-7927.0,-735.0
-722.0,391.0,-235.0,-99.0,-293.0,-379.0,-8647.0,-732.0
-722.0,389.0,-232.0,-96.0,-290.0,-377.0,-9357.0,-729.0
-725.0,378.0,-237.0,-100.0,-294.0,-382.0,-10059.0,-732.0
-734.0,370.0,-244.0,-109.0,-301.0,-391.0,-10751.0,-737.0
-722.0,365.0,-246.0,-111.0,-303.0,-394.0,-11436.0,-735.0
-696.0,358.0,-244.0,-109.0,-301.0,-393.0,-12111.0,-729.0
-680.0,359.0,-243.0,-108.0,-299.0,-391.0,-12778.0,-724.0
-673.0,368.0,-239.0,-104.0,-294.0,-388.0,-13437.0,-721.0
-663.0,373.0,-235.0,-101.0,-291.0,-386.0,-14088.0,-718.0
-662.0,376.0,-231.0,-100.0,-290.0,-383.0,-14730.0,-717.0
-663.0,377.0,-226.0,-98.0,-286.0,-379.0,-15365.0,-716.0
-659.0,374.0,-222.0,-96.0,-282.0,-373.0,-15991.0,-713.0
-653.0,368.0,-218.0,-95.0,-279.0,-369.0,-16610.0,-711.0
-638.0,361.0,-212.0,-93.0,-274.0,-364.0,-17221.0,-706.0
-619.0,356.0,-207.0,-90.0,-270.0,-362.0,-17825.0,-701.0
-597.0,359.0,-201.0,-85.0,-263.0,-357.0,-18420.0,-693.0
-584.0,366.0,-195.0,-82.0,-259.0,-353.0,-19009.0,-686.0
-583.0,375.0,-193.0,-81.0,-258.0,-351.0,-19590.0,-681.0
-579.0,385.0,-189.0,-79.0,-255.0,-347.0,-20164.0,-672.0
-579.0,390.0,-191.0,-81.0,-257.0,-348.0,-20730.0,-667.0
-576.0,396.0,-203.0,-83.0,-255.0,-343.0,-21290.0,-661.0
-555.0,397.0,-226.0,-86.0,-249.0,-334.0,-21842.0,-651.0
-522.0,383.0,-251.0,-87.0,-244.0,-326.0,-22388.0,-644.0
-497.0,366.0,-271.0,-92.0,-243.0,-322.0,-22927.0,-638.0
-491.0,350.0,-282.0,-97.0,-245.0,-323.0,-23459.0,-639.0
-494.0,346.0,-280.0,-101.0,-246.0,-325.0,-23984.0,-643.0
-502.0,342.0,-273.0,-110.0,-253.0,-336.0,-24503.0,-654.0
-513.0,341.0,-264.0,-119.0,-262.0,-346.0,-25016.0,-662.0
-520.0,343.0,-253.0,-122.0,-265.0,-350.0,-25522.0,-666.0
-527.0,350.0,-238.0,-118.0,-263.0,-347.0,-26021.0,-665.0
-538.0,360.0,-224.0,-111.0,-258.0,-340.0,-26515.0,-659.0
-548.0,362.0,-216.0,-108.0,-256.0,-337.0,-27002.0,-657.0
-551.0,358.0,-213.0,-107.0,-256.0,-336.0,-27483.0,-655.0
-554.0,353.0,-210.0,-105.0,-255.0,-332.0,-27959.0,-653.0
-556.0,352.0,-210.0,-104.0,-255.0,-328.0,-28428.0,-655.0
-537.0,346.0,-210.0,-102.0,-254.0,-321.0,-28891.0,-652.0
-524.0,346.0,-209.0,-101.0,-251.0,-314.0,-29349.0,-640.0
-527.0,357.0,-207.0,-100.0,-248.0,-307.0,-29801.0,-609.0
-519.0,363.0,-207.0,-101.0,-249.0,-304.0,-30247.0,-572.0
-509.0,367.0,-202.0,-97.0,-245.0,-298.0,-30688.0,-550.0
-518.0,373.0,-196.0,-92.0,-241.0,-291.0,-31123.0,-537.0
-523.0,372.0,-190.0,-87.0,-237.0,-284.0,-31553.0,-526.0
-525.0,363.0,-187.0,-86.0,-236.0,-281.0,-31977.0,-520.0
-536.0,358.0,-184.0,-85.0,-236.0,-279.0,-32396.0,-518.0
-549.0,362.0,-180.0,-85.0,-234.0,-275.0,32726.0,-514.0
-543.0,356.0,-180.0,-86.0,-233.0,-272.0,32317.0,-512.0
-535.0,353.0,-181.0,-89.0,-234.0,-271.0,31914.0,-511.0
-530.0,351.0,-182.0,-92.0,-235.0,-271.0,31515.0,-511.0
-523.0,350.0,-178.0,-91.0,-234.0,-270.0,31121.0,-509.0
-511.0,351.0,-169.0,-85.0,-228.0,-266.0,30733.0,-503.0
-509.0,348.0,-165.0,-83.0,-226.0,-266.0,30349.0,-498.0
-526.0,345.0,-165.0,-87.0,-230.0,-271.0,29970.0,-497.0
-550.0,343.0,-167.0,-93.0,-236.0,-277.0,29596.0,-498.0
-581.0,345.0,-170.0,-99.0,-241.0,-282.0,29226.0,-502.0
-586.0,344.0,-172.0,-102.0,-243.0,-288.0,28861.0,-502.0
-565.0,340.0,-173.0,-101.0,-242.0,-290.0,28501.0,-491.0
-562.0,345.0,-174.0,-101.0,-242.0,-292.0,28145.0,-481.0
-566.0,350.0,-175.0,-102.0,-242.0,-294.0,27793.0,-481.0
-564.0,348.0,-179.0,-104.0,-244.0,-297.0,27446.0,-489.0
-548.0,340.0,-183.0,-104.0,-242.0,-297.0,27103.0,-497.0
-528.0,332.0,-185.0,-103.0,-239.0,-295.0,26765.0,-501.0
-515.0,326.0,-189.0,-104.0,-239.0,-292.0,26431.0,-496.0
-511.0,321.0,-194.0,-102.0,-238.0,-284.0,26101.0,-489.0
-517.0,317.0,-199.0,-103.0,-238.0,-279.0,25775.0,-484.0
-522.0,315.0,-206.0,-106.0,-241.0,-279.0,25453.0,-478.0
-518.0,309.0,-214.0,-109.0,-246.0,-282.0,25135.0,-477.0
-510.0,310.0,-218.0,-109.0,-245.0,-281.0,24821.0,-477.0
-511.0,320.0,-219.0,-106.0,-241.0,-279.0,24511.0,-474.0
-501.0,315.0,-224.0,-107.0,-243.0,-281.0,24205.0,-470.0
-486.0,299.0,-233.0,-113.0,-252.0,-287.0,23903.0,-468.0
-472.0,287.0,-240.0,-117.0,-261.0,-293.0,23604.0,-463.0
-452.0,275.0,-246.0,-120.0,-268.0,-295.0,23309.0,-452.0
-428.0,261.0,-248.0,-118.0,-271.0,-296.0,23018.0,-443.0
-409.0,252.0,-247.0,-114.0,-271.0,-292.0,22731.0,-433.0
-399.0,244.0,-250.0,-115.0,-279.0,-295.0,22447.0,-429.0
-395.0,242.0,-253.0,-114.0,-286.0,-298.0,22167.0,-422.0
-398.0,243.0,-256.0,-113.0,-289.0,-300.0,21890.0,-415.0
-390.0,242.0,-263.0,-116.0,-297.0,-306.0,21616.0,-405.0
-367.0,234.0,-268.0,-118.0,-301.0,-313.0,21346.0,-389.0
-358.0,233.0,-265.0,-114.0,-299.0,-313.0,21080.0,-382.0
-356.0,232.0,-262.0,-111.0,-299.0,-315.0,20817.0,-384.0
-338.0,216.0,-262.0,-112.0,-300.0,-318.0,20557.0,-393.0
-313.0,200.0,-262.0,-113.0,-302.0,-322.0,20300.0,-404.0
-294.0,189.0,-263.0,-115.0,-305.0,-327.0,20046.0,-396.0
-287.0,183.0,-263.0,-117.0,-307.0,-332.0,19796.0,-370.0
-289.0,177.0,-265.0,-122.0,-315.0,-342.0,19549.0,-332.0
-296.0,179.0,-269.0,-129.0,-322.0,-351.0,19305.0,-301.0
-295.0,186.0,-264.0,-125.0,-319.0,-349.0,19064.0,-275.0
-295.0,193.0,-257.0,-122.0,-315.0,-346.0,18826.0,-255.0
-303.0,199.0,-249.0,-119.0,-312.0,-344.0,18590.0,-237.0
-302.0,194.0,-240.0,-116.0,-308.0,-343.0,18358.0,-213.0
-308.0,185.0,-233.0,-114.0,-305.0,-340.0,18129.0,-170.0
-313.0,173.0,-229.0,-119.0,-309.0,-344.0,17903.0,-131.0
-300.0,153.0,-225.0,-123.0,-311.0,-344.0,17679.0,-86.0
-278.0,137.0,-217.0,-124.0,-311.0,-344.0,17458.0,-5.0
-263.0,127.0,-207.0,-124.0,-311.0,-346.0,17240.0,78.0
-247.0,119.0,-198.0,-127.0,-315.0,-351.0,17025.0,145.0
-238.0,120.0,-185.0,-127.0,-318.0,-357.0,16812.0,196.0
-239.0,130.0,-176.0,-126.0,-322.0,-362.0,16602.0,232.0
-246.0,139.0,-169.0,-125.0,-326.0,-367.0,16395.0,255.0
-259.0,145.0,-163.0,-125.0,-328.0,-370.0,16190.0,295.0
-291.0,152.0,-160.0,-128.0,-332.0,-376.0,15988.0,329.0
-310.0,161.0,-152.0,-126.0,-332.0,-377.0,15788.0,333.0
-311.0,159.0,-144.0,-124.0,-329.0,-375.0,15591.0,343.0
-314.0,158.0,-139.0,-122.0,-328.0,-375.0,15397.0,365.0
-319.0,160.0,-134.0,-119.0,-328.0,-375.0,15204.0,415.0
-306.0,161.0,-127.0,-112.0,-325.0,-372.0,15014.0,515.0
-285.0,160.0,-121.0,-107.0,-321.0,-370.0,14827.0,614.0
-279.0,160.0,-120.0,-107.0,-321.0,-370.0,14642.0,690.0
-272.0,151.0,-124.0,-108.0,-325.0,-375.0,14459.0,762.0
-278.0,146.0,-126.0,-110.0,-329.0,-381.0,14278.0,910.0
-298.0,146.0,-132.0,-116.0,-336.0,-389.0,14100.0,1096.0
-304.0,140.0,-138.0,-120.0,-341.0,-395.0,13924.0,1297.0
-318.0,137.0,-139.0,-122.0,-346.0,-400.0,13750.0,1729.0
-324.0,127.0,-144.0,-128.0,-355.0,-408.0,13578.0,2137.0
-315.0,120.0,-146.0,-130.0,-360.0,-409.0,13409.0,2546.0
-303.0,118.0,-151.0,-132.0,-366.0,-412.0,13241.0,3343.0
-264.0,109.0,-148.0,-123.0,-362.0,-404.0,13076.0,5350.0
-241.0,106.0,-142.0,-114.0,-353.0,-394.0,12913.0,9653.0
-239.0,109.0,-135.0,-110.0,-352.0,-394.0,12751.0,14737.0
-258.0,114.0,-137.0,-112.0,-356.0,-400.0,12592.0,19493.0
-305.0,131.0,-145.0,-117.0,-366.0,-413.0,12435.0,24015.0
-334.0,135.0,-159.0,-126.0,-372.0,-418.0,12279.0,28168.0
-329.0,117.0,-172.0,-138.0,-382.0,-432.0,12126.0,31470.0
-322.0,99.0,-181.0,-149.0,-393.0,-448.0,11975.0,-30184.0
-302.0,89.0,-184.0,-150.0,-392.0,-450.0,11825.0,-25702.0
-283.0,86.0,-183.0,-147.0,-391.0,-451.0,11677.0,-21424.0
-294.0,115.0,-188.0,-130.0,-375.0,-463.0,10829.0,0.0
-303.0,108.0,-197.0,-132.0,-379.0,-472.0,10694.0,0.0
-298.0,103.0,-200.0,-127.0,-380.0,-480.0,10561.0,0.0
-291.0,105.0,-200.0,-123.0,-380.0,-484.0,10429.0,0.0
-288.0,112.0,-202.0,-123.0,-379.0,-484.0,10298.0,0.0
-299.0,128.0,-203.0,-122.0,-376.0,-485.0,10170.0,0.0
-314.0,139.0,-208.0,-126.0,-378.0,-488.0,10043.0,0.0
-321.0,137.0,-219.0,-135.0,-392.0,-500.0,9917.0,0.0
-308.0,125.0,-222.0,-134.0,-405.0,-502.0,9793.0,0.0
-290.0,117.0,-220.0,-131.0,-411.0,-500.0,9671.0,0.0
-269.0,116.0,-213.0,-124.0,-409.0,-496.0,9550.0,0.0
-251.0,104.0,-213.0,-124.0,-412.0,-499.0,9431.0,0.0
-286.0,101.0,-227.0,-137.0,-428.0,-514.0,9313.0,0.0
-342.0,112.0,-246.0,-156.0,-451.0,-536.0,9197.0,-550.0
-390.0,134.0,-254.0,-162.0,-461.0,-546.0,9082.0,-1361.0
-409.0,154.0,-253.0,-159.0,-459.0,-543.0,8969.0,-2163.0
-395.0,158.0,-249.0,-153.0,-456.0,-536.0,8857.0,-2954.0
-376.0,156.0,-243.0,-142.0,-452.0,-527.0,8746.0,-3736.0
-356.0,144.0,-243.0,-139.0,-448.0,-522.0,8637.0,-4508.0
-339.0,126.0,-245.0,-140.0,-447.0,-522.0,8529.0,-5270.0
-336.0,117.0,-245.0,-142.0,-444.0,-521.0,8423.0,-6022.0
-341.0,110.0,-248.0,-145.0,-438.0,-521.0,8317.0,-6766.0
-327.0,86.0,-259.0,-156.0,-443.0,-528.0,8213.0,-7499.0
-318.0,78.0,-261.0,-158.0,-447.0,-530.0,8111.0,-8224.0
-320.0,82.0,-256.0,-157.0,-449.0,-530.0,8010.0,-8940.0
-302.0,80.0,-248.0,-154.0,-440.0,-522.0,7910.0,-9647.0
-304.0,91.0,-237.0,-150.0,-427.0,-510.0,7811.0,-10345.0
-312.0,97.0,-233.0,-152.0,-419.0,-506.0,7713.0,-11034.0
-325.0,91.0,-238.0,-162.0,-421.0,-515.0,7617.0,-11715.0
-349.0,95.0,-245.0,-169.0,-424.0,-527.0,7522.0,-12387.0
-349.0,95.0,-247.0,-164.0,-422.0,-531.0,7428.0,-13050.0
-342.0,89.0,-247.0,-159.0,-420.0,-529.0,7335.0,-13706.0
-323.0,88.0,-239.0,-149.0,-406.0,-518.0,7243.0,-14353.0
-328.0,91.0,-236.0,-147.0,-397.0,-518.0,7153.0,-14992.0
-352.0,99.0,-241.0,-154.0,-399.0,-532.0,7064.0,-15624.0
-386.0,107.0,-250.0,-166.0,-402.0,-548.0,6975.0,-16247.0
-421.0,119.0,-256.0,-176.0,-402.0,-555.0,6888.0,-16862.0
-440.0,123.0,-256.0,-178.0,-398.0,-547.0,6802.0,-17470.0
-442.0,123.0,-252.0,-173.0,-392.0,-529.0,6717.0,-18071.0
-437.0,127.0,-240.0,-160.0,-380.0,-508.0,6633.0,-18663.0
-444.0,138.0,-226.0,-146.0,-363.0,-489.0,6551.0,-19249.0
-450.0,146.0,-215.0,-137.0,-347.0,-482.0,6469.0,-19827.0
-436.0,149.0,-204.0,-128.0,-338.0,-481.0,6388.0,-20398.0
-428.0,157.0,-194.0,-118.0,-333.0,-485.0,6308.0,-20961.0
-429.0,167.0,-188.0,-109.0,-328.0,-483.0,6229.0,-21518.0
-456.0,183.0,-189.0,-110.0,-327.0,-476.0,6152.0,-22068.0
-515.0,215.0,-192.0,-117.0,-332.0,-466.0,6075.0,-22610.0
-578.0,247.0,-197.0,-125.0,-342.0,-458.0,5999.0,-23147.0
-606.0,276.0,-190.0,-120.0,-341.0,-442.0,5924.0,-23676.0
-601.0,301.0,-168.0,-98.0,-322.0,-416.0,5850.0,-24199.0
-609.0,330.0,-140.0,-74.0,-297.0,-396.0,5777.0,-24715.0
-622.0,349.0,-121.0,-60.0,-272.0,-377.0,5705.0,-25225.0
-625.0,354.0,-113.0,-56.0,-257.0,-362.0,5634.0,-25728.0
-656.0,373.0,-105.0,-54.0,-254.0,-358.0,5563.0,-26225.0
-690.0,397.0,-101.0,-58.0,-259.0,-361.0,5494.0,-26716.0
-721.0,419.0,-101.0,-70.0,-268.0,-365.0,5425.0,-27201.0
-754.0,438.0,-100.0,-82.0,-276.0,-370.0,5357.0,-27680.0
-778.0,452.0,-94.0,-82.0,-283.0,-372.0,5290.0,-28152.0
-791.0,462.0,-86.0,-78.0,-281.0,-371.0,5224.0,-28619.0
-796.0,472.0,-75.0,-73.0,-288.0,-368.0,5159.0,-29080.0
-794.0,485.0,-59.0,-58.0,-285.0,-361.0,5095.0,-29536.0
-799.0,508.0,-41.0,-40.0,-273.0,-350.0,5031.0,-29985.0
-805.0,535.0,-23.0,-19.0,-260.0,-337.0,4968.0,-30429.0
-793.0,561.0,-5.0,4.0,-249.0,-324.0,4906.0,-30868.0
-793.0,597.0,13.0,26.0,-245.0,-308.0,4845.0,-31301.0
-832.0,644.0,23.0,41.0,-248.0,-293.0,4784.0,-31728.0
-906.0,709.0,31.0,51.0,-249.0,-275.0,4725.0,-32150.0
-1002.0,774.0,27.0,49.0,-256.0,-268.0,4666.0,-32567.0
-1070.0,822.0,23.0,48.0,-258.0,-259.0,4607.0,32557.0
-1109.0,865.0,31.0,59.0,-249.0,-244.0,4550.0,32150.0
-1123.0,905.0,48.0,80.0,-230.0,-222.0,4493.0,31749.0
-1130.0,947.0,72.0,107.0,-206.0,-192.0,4437.0,31352.0
-1158.0,998.0,90.0,125.0,-190.0,-174.0,4381.0,30961.0
-1212.0,1064.0,97.0,130.0,-188.0,-170.0,4327.0,30574.0
-1301.0,1142.0,95.0,127.0,-193.0,-174.0,4273.0,30192.0
-1401.0,1228.0,96.0,132.0,-190.0,-173.0,4219.0,29815.0
-1515.0,1341.0,111.0,154.0,-169.0,-158.0,4167.0,29443.0
-1572.0,1405.0,117.0,175.0,-151.0,-143.0,4115.0,29075.0
-1577.0,1423.0,111.0,185.0,-141.0,-134.0,4063.0,28712.0
-1583.0,1434.0,113.0,200.0,-122.0,-118.0,4012.0,28354.0
-1562.0,1401.0,102.0,203.0,-114.0,-115.0,3962.0,28000.0
-1509.0,1342.0,86.0,201.0,-113.0,-122.0,3913.0,27650.0
-1464.0,1287.0,65.0,190.0,-113.0,-130.0,3864.0,27305.0
-1412.0,1238.0,42.0,177.0,-113.0,-138.0,3816.0,26964.0
-1361.0,1201.0,22.0,177.0,-107.0,-138.0,3768.0,26367.0
-1329.0,1186.0,4.0,182.0,-94.0,-129.0,3721.0,16797.0
-1290.0,1172.0,-14.0,185.0,-83.0,-121.0,3675.0,8035.0
-1204.0,1122.0,-44.0,173.0,-86.0,-125.0,3629.0,619.0
-1127.0,1065.0,-75.0,153.0,-103.0,-143.0,3583.0,-6051.0
-1102.0,1043.0,-101.0,132.0,-119.0,-157.0,3539.0,-14301.0
-1113.0,1046.0,-134.0,99.0,-141.0,-174.0,3494.0,-22082.0
-1144.0,1053.0,-181.0,40.0,-174.0,-204.0,3451.0,-27560.0
-1157.0,1049.0,-236.0,-34.0,-217.0,-242.0,3408.0,-30966.0
-1178.0,1065.0,-274.0,-95.0,-253.0,-272.0,3365.0,32226.0
-1216.0,1089.0,-294.0,-137.0,-280.0,-299.0,3323.0,30435.0
-1237.0,1105.0,-308.0,-163.0,-294.0,-315.0,3282.0,28963.0
-1264.0,1124.0,-315.0,-177.0,-298.0,-319.0,3241.0,27671.0
-1287.0,1130.0,-310.0,-176.0,-293.0,-319.0,3200.0,26646.0
-1283.0,1113.0,-302.0,-169.0,-283.0,-316.0,3160.0,25823.0
-1266.0,1097.0,-290.0,-157.0,-266.0,-308.0,3121.0,25176.0
-1255.0,1093.0,-272.0,-136.0,-245.0,-295.0,3082.0,24660.0
-1262.0,1105.0,-252.0,-111.0,-218.0,-281.0,3043.0,24199.0
-1246.0,1096.0,-241.0,-102.0,-202.0,-280.0,3005.0,23937.0
-1229.0,1062.0,-239.0,-104.0,-204.0,-292.0,2968.0,23774.0
-1232.0,1030.0,-244.0,-112.0,-211.0,-310.0,2931.0,23679.0
-1246.0,1010.0,-247.0,-120.0,-214.0,-327.0,2894.0,23626.0
-1286.0,1018.0,-244.0,-123.0,-213.0,-336.0,2858.0,23607.0
-1334.0,1045.0,-230.0,-112.0,-202.0,-328.0,2822.0,23691.0
-1357.0,1044.0,-221.0,-105.0,-198.0,-326.0,2787.0,23879.0
-1347.0,1017.0,-216.0,-99.0,-192.0,-325.0,1223.0,24111.0
-1314.0,988.0,-204.0,-85.0,-176.0,-316.0,-4537.0,24355.0
-1288.0,959.0,-194.0,-73.0,-162.0,-311.0,-9559.0,24616.0
-1265.0,933.0,-186.0,-66.0,-155.0,-311.0,-13885.0,24877.0
-1223.0,900.0,-179.0,-60.0,-152.0,-315.0,-17797.0,25148.0
-1175.0,875.0,-167.0,-49.0,-144.0,-313.0,-21343.0,25442.0
-1154.0,863.0,-158.0,-41.0,-139.0,-312.0,-24596.0,25698.0
-1151.0,857.0,-154.0,-37.0,-135.0,-311.0,-27718.0,25898.0
-1166.0,853.0,-155.0,-38.0,-133.0,-310.0,-30992.0,26072.0
-1166.0,821.0,-170.0,-55.0,-143.0,-321.0,30048.0,26253.0
-1118.0,776.0,-181.0,-65.0,-146.0,-325.0,23268.0,26490.0
-1059.0,728.0,-188.0,-72.0,-150.0,-326.0,17212.0,26782.0
-1012.0,681.0,-197.0,-81.0,-162.0,-333.0,12851.0,27084.0
-988.0,653.0,-203.0,-88.0,-175.0,-343.0,9899.0,27402.0
-967.0,630.0,-208.0,-96.0,-183.0,-354.0,7854.0,27727.0
-944.0,608.0,-218.0,-106.0,-193.0,-365.0,6437.0,28064.0
-926.0,588.0,-233.0,-119.0,-210.0,-377.0,5494.0,28438.0
-916.0,575.0,-246.0,-130.0,-226.0,-387.0,4914.0,28856.0
-905.0,560.0,-257.0,-140.0,-237.0,-394.0,4604.0,29276.0
-881.0,535.0,-268.0,-149.0,-246.0,-400.0,4471.0,29698.0
-855.0,510.0,-275.0,-157.0,-249.0,-407.0,4483.0,30085.0
-831.0,485.0,-283.0,-165.0,-253.0,-414.0,4605.0,30456.0
-799.0,450.0,-295.0,-176.0,-265.0,-424.0,4771.0,30844.0
-761.0,407.0,-313.0,-197.0,-287.0,-442.0,4951.0,31229.0
-721.0,364.0,-330.0,-217.0,-305.0,-461.0,5175.0,31604.0
-688.0,334.0,-343.0,-231.0,-314.0,-474.0,5458.0,31981.0
-650.0,308.0,-354.0,-241.0,-319.0,-483.0,5784.0,32370.0
-624.0,291.0,-363.0,-250.0,-324.0,-490.0,6125.0,32762.0
-601.0,269.0,-376.0,-263.0,-334.0,-499.0,6476.0,-32389.0
-588.0,241.0,-395.0,-282.0,-349.0,-515.0,6860.0,-32017.0
-579.0,213.0,-412.0,-298.0,-361.0,-530.0,7277.0,-31652.0
-565.0,189.0,-421.0,-305.0,-365.0,-541.0,7717.0,-31294.0
-538.0,164.0,-426.0,-309.0,-367.0,-548.0,8190.0,-30942.0
-510.0,140.0,-431.0,-313.0,-373.0,-558.0,8682.0,-30591.0
-489.0,121.0,-436.0,-319.0,-381.0,-568.0,9181.0,-30245.0
-467.0,103.0,-442.0,-327.0,-387.0,-573.0,9698.0,-29903.0
-454.0,93.0,-447.0,-334.0,-395.0,-574.0,10234.0,-29561.0
-445.0,81.0,-453.0,-343.0,-402.0,-575.0,10781.0,-29225.0
-438.0,66.0,-457.0,-350.0,-410.0,-582.0,11327.0,-28890.0
-426.0,47.0,-461.0,-357.0,-418.0,-591.0,11864.0,-28563.0
-409.0,18.0,-468.0,-366.0,-409.0,-610.0,12404.0,-28242.0
-394.0,-12.0,-480.0,-381.0,-375.0,-633.0,12961.0,-27921.0
-386.0,-34.0,-488.0,-388.0,-362.0,-640.0,13516.0,-27599.0
-374.0,-53.0,-493.0,-392.0,-361.0,-637.0,14054.0,-27278.0
-365.0,-65.0,-495.0,-394.0,-358.0,-632.0,14582.0,-26959.0
-357.0,-67.0,-494.0,-392.0,-356.0,-626.0,15115.0,-26642.0
-352.0,-65.0,-491.0,-389.0,-354.0,-619.0,15648.0,-26327.0
-341.0,-67.0,-488.0,-386.0,-349.0,-615.0,16175.0,-26011.0
-336.0,-69.0,-486.0,-384.0,-347.0,-618.0,16699.0,-25697.0
-338.0,-68.0,-483.0,-380.0,-349.0,-622.0,17221.0,-25382.0
-345.0,-63.0,-475.0,-372.0,-349.0,-622.0,17731.0,-25067.0
-366.0,-44.0,-460.0,-360.0,-341.0,-608.0,18238.0,-24753.0
-389.0,-21.0,-445.0,-346.0,-325.0,-591.0,18725.0,-24446.0
-372.0,-43.0,-451.0,-354.0,-333.0,-601.0,19161.0,-24167.0
-391.0,-32.0,-451.0,-361.0,-341.0,-608.0,19587.0,-23883.0
-436.0,-1.0,-446.0,-361.0,-342.0,-610.0,20018.0,-23592.0
-488.0,41.0,-439.0,-357.0,-334.0,-607.0,20448.0,-23300.0
-530.0,84.0,-429.0,-349.0,-322.0,-601.0,20858.0,-23010.0
-566.0,121.0,-418.0,-340.0,-316.0,-596.0,21252.0,-22725.0
-612.0,164.0,-402.0,-321.0,-308.0,-588.0,21658.0,-22438.0
-669.0,216.0,-383.0,-294.0,-296.0,-581.0,22073.0,-22150.0
-713.0,257.0,-367.0,-272.0,-293.0,-575.0,22490.0,-21868.0
-746.0,285.0,-357.0,-254.0,-299.0,-568.0,22914.0,-21593.0
-764.0,302.0,-353.0,-242.0,-299.0,-562.0,23342.0,-21328.0
-766.0,308.0,-354.0,-232.0,-287.0,-561.0,23775.0,-21066.0
-776.0,326.0,-350.0,-219.0,-264.0,-552.0,24222.0,-20753.0
-794.0,351.0,-344.0,-206.0,-239.0,-545.0,24676.0,-20421.0
-820.0,378.0,-337.0,-192.0,-200.0,-538.0,25135.0,-20151.0
-841.0,397.0,-333.0,-181.0,-175.0,-530.0,25602.0,-19894.0
-864.0,411.0,-329.0,-172.0,-165.0,-524.0,26075.0,-19645.0
-887.0,426.0,-324.0,-160.0,-158.0,-511.0,26555.0,-19399.0
-913.0,440.0,-319.0,-151.0,-150.0,-500.0,27038.0,-19153.0
-937.0,448.0,-316.0,-145.0,-137.0,-493.0,27518.0,-18914.0
-946.0,445.0,-315.0,-143.0,-129.0,-490.0,28047.0,-18682.0
-939.0,439.0,-319.0,-147.0,-130.0,-491.0,28599.0,-18449.0
-931.0,434.0,-322.0,-150.0,-138.0,-491.0,29106.0,-18218.0
-922.0,424.0,-329.0,-155.0,-148.0,-494.0,29577.0,-17993.0
-911.0,414.0,-334.0,-156.0,-158.0,-497.0,30034.0,-17768.0
-896.0,405.0,-336.0,-153.0,-167.0,-498.0,30474.0,-17544.0
-874.0,393.0,-336.0,-149.0,-168.0,-494.0,30901.0,-17322.0
-857.0,384.0,-334.0,-143.0,-171.0,-495.0,31317.0,-17107.0
-846.0,375.0,-331.0,-138.0,-181.0,-508.0,31717.0,-16898.0
-844.0,360.0,-334.0,-140.0,-193.0,-529.0,32108.0,-16687.0
-847.0,349.0,-342.0,-148.0,-202.0,-551.0,32490.0,-16447.0
-854.0,345.0,-351.0,-156.0,-202.0,-562.0,-32661.0,-16209.0
-858.0,345.0,-361.0,-163.0,-207.0,-561.0,-32265.0,-15999.0
-855.0,342.0,-369.0,-165.0,-217.0,-556.0,-31869.0,-15803.0
-849.0,337.0,-374.0,-164.0,-229.0,-545.0,-31481.0,-15611.0
-846.0,333.0,-377.0,-159.0,-229.0,-531.0,-31106.0,-15414.0
-834.0,320.0,-381.0,-156.0,-230.0,-522.0,-30747.0,-15224.0
-828.0,310.0,-382.0,-154.0,-235.0,-515.0,-30382.0,-15045.0
-830.0,306.0,-380.0,-146.0,-236.0,-509.0,-30007.0,-14861.0
-822.0,293.0,-382.0,-138.0,-241.0,-511.0,-29638.0,-14682.0
-814.0,285.0,-384.0,-127.0,-250.0,-513.0,-29273.0,-14509.0
-802.0,279.0,-385.0,-119.0,-261.0,-512.0,-28924.0,-14349.0
-784.0,268.0,-389.0,-115.0,-272.0,-514.0,-28592.0,-14186.0
-767.0,255.0,-398.0,-117.0,-285.0,-520.0,-28268.0,-13994.0
-757.0,243.0,-406.0,-120.0,-301.0,-530.0,-27942.0,-13779.0
-745.0,225.0,-419.0,-126.0,-326.0,-544.0,-27612.0,-13572.0
-732.0,210.0,-429.0,-129.0,-348.0,-550.0,-27278.0,-13377.0
-720.0,195.0,-435.0,-127.0,-366.0,-545.0,-26945.0,-13198.0
-711.0,176.0,-444.0,-129.0,-380.0,-543.0,-26600.0,-13029.0
-699.0,157.0,-453.0,-134.0,-390.0,-548.0,-26198.0,-12863.0
-683.0,137.0,-463.0,-139.0,-397.0,-553.0,-25819.0,-12698.0
-671.0,123.0,-470.0,-142.0,-401.0,-555.0,-25517.0,-12537.0
-650.0,107.0,-475.0,-145.0,-395.0,-559.0,-25190.0,-12384.0
-625.0,85.0,-484.0,-150.0,-378.0,-570.0,-24818.0,-12241.0
-602.0,60.0,-495.0,-157.0,-369.0,-585.0,-24447.0,-12100.0
-570.0,28.0,-509.0,-167.0,-379.0,-603.0,-24110.0,-11965.0
-543.0,0.0,-521.0,-176.0,-395.0,-616.0,-23797.0,-11835.0
-514.0,-30.0,-534.0,-185.0,-406.0,-626.0,-23510.0,-11707.0
-480.0,-64.0,-546.0,-193.0,-415.0,-633.0,-23227.0,-11575.0
-456.0,-97.0,-560.0,-203.0,-431.0,-641.0,-22945.0,-11455.0
-431.0,-131.0,-575.0,-212.0,-453.0,-651.0,-22638.0,-11341.0
-403.0,-160.0,-591.0,-221.0,-471.0,-655.0,-22337.0,-11224.0
-362.0,-200.0,-612.0,-236.0,-494.0,-666.0,-22019.0,-11112.0
-313.0,-246.0,-637.0,-254.0,-520.0,-686.0,-21708.0,-11002.0
-266.0,-294.0,-660.0,-273.0,-546.0,-709.0,-21397.0,-10897.0
-218.0,-346.0,-684.0,-295.0,-567.0,-725.0,-21010.0,-10793.0
-153.0,-410.0,-710.0,-317.0,-588.0,-737.0,-20680.0,-10690.0
-102.0,-460.0,-730.0,-331.0,-598.0,-750.0,-20386.0,-10579.0
-75.0,-486.0,-741.0,-338.0,-604.0,-765.0,-20063.0,-10467.0
-53.0,-508.0,-750.0,-345.0,-608.0,-775.0,-19763.0,-10361.0
-28.0,-529.0,-759.0,-353.0,-612.0,-779.0,-19536.0,-10250.0
-6.0,-550.0,-769.0,-362.0,-612.0,-784.0,-19265.0,-10127.0
13.0,-570.0,-779.0,-371.0,-609.0,-783.0,-18952.0,-10002.0
36.0,-589.0,-789.0,-381.0,-609.0,-778.0,-18683.0,-9892.0
60.0,-609.0,-798.0,-390.0,-612.0,-778.0,-18494.0,-9796.0
84.0,-632.0,-806.0,-400.0,-616.0,-785.0,-18314.0,-9690.0
109.0,-661.0,-815.0,-410.0,-618.0,-786.0,-18140.0,-9571.0
126.0,-685.0,-823.0,-419.0,-618.0,-787.0,-17991.0,-9462.0
135.0,-699.0,-827.0,-425.0,-615.0,-793.0,-17884.0,-9347.0
141.0,-708.0,-830.0,-431.0,-613.0,-789.0,-17750.0,-9236.0
150.0,-718.0,-834.0,-435.0,-610.0,-783.0,-17590.0,-9136.0
160.0,-725.0,-838.0,-436.0,-601.0,-778.0,-17464.0,-9036.0
162.0,-723.0,-838.0,-437.0,-593.0,-772.0,-17381.0,-8943.0
158.0,-714.0,-838.0,-437.0,-586.0,-758.0,-17292.0,-8844.0
147.0,-700.0,-835.0,-436.0,-578.0,-743.0,-17109.0,-8741.0
136.0,-691.0,-833.0,-436.0,-573.0,-738.0,-16927.0,-8634.0
130.0,-689.0,-832.0,-440.0,-567.0,-734.0,-16747.0,-8526.0
119.0,-682.0,-829.0,-442.0,-560.0,-728.0,-16556.0,-8416.0
118.0,-686.0,-831.0,-450.0,-553.0,-726.0,-16364.0,-8309.0
119.0,-690.0,-833.0,-457.0,-542.0,-723.0,-16178.0,-8194.0
109.0,-684.0,-836.0,-464.0,-528.0,-724.0,-15976.0,-8075.0
108.0,-685.0,-843.0,-474.0,-522.0,-731.0,-15750.0,-7958.0
108.0,-680.0,-849.0,-480.0,-516.0,-733.0,-15513.0,-7847.0
103.0,-656.0,-845.0,-480.0,-456.0,-721.0,-14335.0,-7229.0
94.0,-653.0,-845.0,-481.0,-451.0,-715.0,-14132.0,-7137.0
83.0,-648.0,-847.0,-483.0,-448.0,-708.0,-13931.0,-7047.0
65.0,-635.0,-849.0,-485.0,-446.0,-705.0,-13744.0,-6958.0
47.0,-617.0,-849.0,-488.0,-443.0,-701.0,-13573.0,-6872.0
45.0,-607.0,-854.0,-491.0,-444.0,-704.0,-13423.0,-6776.0
53.0,-608.0,-862.0,-495.0,-446.0,-708.0,-13262.0,-6684.0
63.0,-612.0,-869.0,-498.0,-450.0,-715.0,-13068.0,-6598.0
60.0,-611.0,-869.0,-498.0,-451.0,-719.0,-12886.0,-6515.0
52.0,-609.0,-868.0,-497.0,-448.0,-718.0,-12712.0,-6425.0
47.0,-607.0,-867.0,-495.0,-447.0,-716.0,-12549.0,-6331.0
53.0,-614.0,-867.0,-494.0,-444.0,-717.0,-12380.0,-6246.0
58.0,-619.0,-867.0,-495.0,-444.0,-719.0,-12208.0,-6169.0
53.0,-614.0,-867.0,-496.0,-444.0,-722.0,-12037.0,-6088.0
48.0,-607.0,-867.0,-497.0,-443.0,-723.0,-11868.0,-6007.0
45.0,-605.0,-867.0,-499.0,-445.0,-726.0,-11702.0,-5931.0
41.0,-599.0,-867.0,-502.0,-445.0,-728.0,-11538.0,-5854.0
40.0,-598.0,-867.0,-503.0,-447.0,-736.0,-11377.0,-5775.0
39.0,-600.0,-866.0,-503.0,-448.0,-739.0,-11216.0,-5697.0
36.0,-601.0,-863.0,-504.0,-449.0,-736.0,-11061.0,-5622.0
34.0,-605.0,-860.0,-506.0,-449.0,-732.0,-10903.0,-5544.0
32.0,-605.0,-857.0,-506.0,-446.0,-726.0,-10739.0,-5468.0
30.0,-604.0,-855.0,-508.0,-448.0,-728.0,-10582.0,-5389.0
26.0,-599.0,-853.0,-509.0,-450.0,-731.0,-10423.0,-5316.0
22.0,-593.0,-852.0,-511.0,-451.0,-735.0,-10255.0,-5245.0
24.0,-590.0,-852.0,-514.0,-455.0,-738.0,-10094.0,-5175.0
19.0,-584.0,-852.0,-516.0,-457.0,-743.0,-9945.0,-5107.0
11.0,-575.0,-851.0,-516.0,-457.0,-743.0,-9793.0,-5044.0
9.0,-574.0,-850.0,-517.0,-457.0,-739.0,-9648.0,-4982.0
10.0,-577.0,-849.0,-518.0,-456.0,-734.0,-9524.0,-4920.0
14.0,-584.0,-846.0,-518.0,-455.0,-734.0,-9393.0,-4857.0
7.0,-583.0,-843.0,-518.0,-455.0,-736.0,-9231.0,-4793.0
3.0,-583.0,-843.0,-521.0,-458.0,-746.0,-9065.0,-4732.0
5.0,-582.0,-844.0,-523.0,-459.0,-758.0,-8940.0,-4672.0
5.0,-577.0,-846.0,-526.0,-462.0,-767.0,-8828.0,-4607.0
6.0,-576.0,-851.0,-529.0,-470.0,-768.0,-8692.0,-4545.0
13.0,-578.0,-852.0,-524.0,-470.0,-756.0,-8550.0,-4485.0
15.0,-578.0,-853.0,-521.0,-473.0,-754.0,-8407.0,-4423.0
18.0,-580.0,-853.0,-517.0,-473.0,-756.0,-8257.0,-4362.0
26.0,-588.0,-852.0,-511.0,-468.0,-751.0,-8133.0,-4303.0
27.0,-595.0,-853.0,-508.0,-466.0,-739.0,-7994.0,-4240.0
22.0,-594.0,-849.0,-502.0,-456.0,-721.0,-7880.0,-4174.0
1.0,-583.0,-844.0,-495.0,-439.0,-710.0,-7835.0,-4113.0
-15.0,-573.0,-838.0,-489.0,-424.0,-708.0,-7810.0,-4060.0
-21.0,-568.0,-837.0,-488.0,-418.0,-708.0,-7751.0,-4017.0
-24.0,-563.0,-836.0,-486.0,-411.0,-704.0,-7649.0,-3977.0
-18.0,-564.0,-836.0,-488.0,-410.0,-710.0,-7526.0,-3937.0
-12.0,-570.0,-838.0,-490.0,-408.0,-719.0,-7372.0,-3900.0
-7.0,-571.0,-840.0,-490.0,-406.0,-731.0,-7161.0,-3848.0
-2.0,-573.0,-839.0,-488.0,-404.0,-736.0,-6971.0,-3799.0
-1.0,-574.0,-835.0,-483.0,-399.0,-726.0,-6833.0,-3752.0
-10.0,-567.0,-827.0,-474.0,-391.0,-708.0,-6707.0,-3699.0
-25.0,-555.0,-818.0,-467.0,-383.0,-693.0,-6556.0,-3650.0
-38.0,-542.0,-811.0,-464.0,-378.0,-684.0,-6417.0,-3606.0
-54.0,-523.0,-805.0,-462.0,-372.0,-675.0,-6324.0,-3565.0
-63.0,-507.0,-800.0,-461.0,-367.0,-666.0,-6248.0,-3523.0
-67.0,-498.0,-795.0,-460.0,-364.0,-661.0,-6156.0,-3482.0
-76.0,-485.0,-788.0,-458.0,-361.0,-656.0,-6089.0,-3441.0
-85.0,-474.0,-781.0,-457.0,-358.0,-652.0,-6020.0,-3402.0
-93.0,-466.0,-775.0,-457.0,-355.0,-653.0,-5883.0,-3359.0
-104.0,-457.0,-768.0,-456.0,-352.0,-660.0,-5733.0,-3306.0
-112.0,-450.0,-759.0,-453.0,-353.0,-667.0,-5609.0,-3247.0
-121.0,-439.0,-750.0,-448.0,-350.0,-660.0,-5519.0,-3194.0
-128.0,-431.0,-744.0,-443.0,-342.0,-641.0,-5473.0,-3144.0
-133.0,-422.0,-739.0,-441.0,-335.0,-626.0,-5444.0,-3095.0
-138.0,-414.0,-734.0,-441.0,-335.0,-623.0,-5442.0,-3051.0
-135.0,-413.0,-729.0,-444.0,-339.0,-626.0,-5398.0,-3002.0
-139.0,-406.0,-724.0,-447.0,-341.0,-625.0,-5310.0,-2952.0
-151.0,-396.0,-716.0,-446.0,-338.0,-619.0,-5206.0,-2906.0
-159.0,-389.0,-710.0,-445.0,-336.0,-613.0,-5073.0,-2859.0
-166.0,-386.0,-703.0,-446.0,-335.0,-611.0,-4955.0,-2814.0
-175.0,-382.0,-697.0,-448.0,-337.0,-613.0,-4851.0,-2768.0
-181.0,-382.0,-694.0,-451.0,-343.0,-620.0,-4776.0,-2729.0
-181.0,-385.0,-692.0,-452.0,-348.0,-621.0,-4695.0,-2696.0
-183.0,-380.0,-689.0,-452.0,-347.0,-612.0,-4603.0,-2663.0
-184.0,-374.0,-688.0,-454.0,-351.0,-610.0,-4518.0,-2625.0
-181.0,-373.0,-691.0,-460.0,-359.0,-621.0,-4449.0,-2587.0
-175.0,-343.0,-707.0,-484.0,-387.0,-641.0,-4389.0,-2560.0
-174.0,-300.0,-721.0,-499.0,-401.0,-650.0,-4304.0,-2535.0
-172.0,-317.0,-714.0,-490.0,-388.0,-631.0,-4175.0,-2496.0
-164.0,-341.0,-707.0,-482.0,-380.0,-610.0,-4057.0,-2450.0
-162.0,-355.0,-697.0,-472.0,-373.0,-592.0,-3940.0,-2403.0
-154.0,-380.0,-691.0,-467.0,-369.0,-583.0,-3774.0,-2355.0
-144.0,-401.0,-689.0,-465.0,-370.0,-581.0,-3615.0,-2314.0
-145.0,-404.0,-685.0,-464.0,-369.0,-583.0,-3488.0,-2281.0
-142.0,-406.0,-682.0,-464.0,-370.0,-588.0,-3405.0,-2249.0
-137.0,-406.0,-679.0,-468.0,-376.0,-593.0,-3324.0,-2219.0
-127.0,-413.0,-676.0,-469.0,-384.0,-589.0,-3281.0,-2183.0
-124.0,-416.0,-670.0,-469.0,-385.0,-584.0,-3323.0,-2154.0
-128.0,-415.0,-663.0,-470.0,-390.0,-587.0,-3408.0,-2127.0
-121.0,-427.0,-661.0,-474.0,-400.0,-596.0,-3451.0,-2096.0
-112.0,-442.0,-656.0,-475.0,-405.0,-592.0,-3404.0,-2097.0
-110.0,-448.0,-647.0,-471.0,-400.0,-576.0,-3284.0,-2089.0
-114.0,-447.0,-641.0,-470.0,-401.0,-564.0,-3292.0,-2089.0
-118.0,-443.0,-637.0,-470.0,-402.0,-558.0,-3379.0,-2084.0
-113.0,-443.0,-634.0,-471.0,-407.0,-558.0,-3387.0,-2077.0
-107.0,-443.0,-633.0,-472.0,-414.0,-559.0,-3261.0,-2074.0
-105.0,-444.0,-632.0,-476.0,-419.0,-558.0,-3165.0,-2075.0
-104.0,-445.0,-629.0,-476.0,-419.0,-556.0,-3146.0,-2075.0
-107.0,-443.0,-624.0,-476.0,-420.0,-547.0,-3090.0,-2074.0
-112.0,-440.0,-618.0,-476.0,-421.0,-536.0,-3089.0,-2077.0
-120.0,-435.0,-609.0,-471.0,-409.0,-523.0,-3097.0,-2077.0
-117.0,-440.0,-605.0,-472.0,-399.0,-520.0,-3141.0,-2076.0
-115.0,-443.0,-601.0,-474.0,-399.0,-519.0,-3236.0,-2077.0
-112.0,-443.0,-597.0,-475.0,-398.0,-515.0,-3290.0,-2082.0
-111.0,-442.0,-592.0,-473.0,-391.0,-513.0,-3285.0,-2086.0
-115.0,-441.0,-586.0,-473.0,-388.0,-512.0,-3270.0,-2091.0
-114.0,-444.0,-583.0,-476.0,-388.0,-514.0,-3264.0,-2094.0
-113.0,-447.0,-582.0,-480.0,-388.0,-513.0,-3233.0,-2093.0
-115.0,-449.0,-581.0,-484.0,-388.0,-512.0,-3185.0,-2093.0
-119.0,-451.0,-579.0,-482.0,-387.0,-510.0,-3115.0,-2092.0
-119.0,-457.0,-575.0,-480.0,-388.0,-512.0,-3052.0,-2090.0
-110.0,-468.0,-572.0,-478.0,-390.0,-515.0,-3031.0,-2088.0
-112.0,-467.0,-565.0,-472.0,-388.0,-516.0,-3036.0,-2083.0
-117.0,-466.0,-559.0,-467.0,-383.0,-514.0,-2954.0,-2082.0
-123.0,-463.0,-553.0,-462.0,-378.0,-509.0,-2870.0,-2081.0
-133.0,-456.0,-548.0,-458.0,-372.0,-506.0,-2863.0,-2081.0
-138.0,-452.0,-544.0,-457.0,-371.0,-503.0,-2855.0,-2081.0
-142.0,-450.0,-541.0,-455.0,-372.0,-499.0,-2825.0,-2084.0
-141.0,-453.0,-541.0,-455.0,-373.0,-496.0,-2804.0,-2086.0
-142.0,-456.0,-541.0,-456.0,-373.0,-495.0,-2776.0,-2089.0
-150.0,-452.0,-540.0,-457.0,-373.0,-493.0,-2722.0,-2090.0
-157.0,-448.0,-540.0,-458.0,-377.0,-500.0,-2737.0,-2087.0
-151.0,-450.0,-543.0,-465.0,-386.0,-516.0,-2787.0,-2083.0
-143.0,-455.0,-548.0,-470.0,-401.0,-532.0,-2795.0,-2082.0
-136.0,-459.0,-551.0,-472.0,-412.0,-533.0,-2785.0,-2084.0
-133.0,-458.0,-550.0,-469.0,-414.0,-525.0,-2755.0,-2089.0
-137.0,-452.0,-550.0,-471.0,-424.0,-521.0,-2728.0,-2089.0
-140.0,-450.0,-551.0,-473.0,-430.0,-511.0,-2702.0,-2084.0
-146.0,-446.0,-550.0,-470.0,-423.0,-502.0,-2699.0,-2086.0
-155.0,-443.0,-543.0,-465.0,-415.0,-497.0,-2665.0,-2084.0
-162.0,-444.0,-535.0,-464.0,-413.0,-500.0,-2642.0,-2083.0
-162.0,-446.0,-529.0,-463.0,-415.0,-503.0,-2630.0,-2077.0
-157.0,-447.0,-525.0,-464.0,-420.0,-506.0,-2616.0,-2072.0
-157.0,-437.0,-520.0,-462.0,-421.0,-514.0,-2635.0,-2071.0
-157.0,-426.0,-517.0,-461.0,-426.0,-520.0,-2659.0,-2069.0
-151.0,-423.0,-518.0,-464.0,-433.0,-521.0,-2621.0,-2068.0
-142.0,-424.0,-518.0,-463.0,-435.0,-516.0,-2529.0,-2061.0
-131.0,-433.0,-519.0,-461.0,-440.0,-519.0,-2420.0,-2052.0
-126.0,-439.0,-519.0,-461.0,-445.0,-523.0,-2306.0,-2045.0
-128.0,-434.0,-517.0,-458.0,-449.0,-522.0,-2225.0,-2038.0
-135.0,-429.0,-513.0,-453.0,-445.0,-519.0,-2159.0,-2029.0
-136.0,-432.0,-512.0,-454.0,-447.0,-515.0,-2141.0,-2024.0
-137.0,-431.0,-511.0,-450.0,-444.0,-503.0,-2125.0,-2023.0
-135.0,-429.0,-511.0,-445.0,-439.0,-486.0,-2063.0,-2027.0
-130.0,-430.0,-511.0,-443.0,-436.0,-477.0,-2038.0,-2028.0
-131.0,-424.0,-507.0,-438.0,-435.0,-470.0,-2017.0,-2022.0
-131.0,-419.0,-503.0,-437.0,-436.0,-471.0,-2029.0,-2024.0
-129.0,-421.0,-502.0,-438.0,-440.0,-474.0,-2064.0,-2024.0
-129.0,-424.0,-501.0,-438.0,-444.0,-475.0,-2130.0,-2018.0
-136.0,-421.0,-498.0,-435.0,-444.0,-474.0,-2204.0,-2017.0
-138.0,-424.0,-495.0,-433.0,-444.0,-469.0,-2283.0,-2010.0
-133.0,-429.0,-495.0,-432.0,-447.0,-466.0,-2363.0,-2005.0
-130.0,-430.0,-494.0,-432.0,-452.0,-462.0,-2380.0,-2000.0
-133.0,-427.0,-492.0,-432.0,-449.0,-459.0,-2338.0,-1994.0
-131.0,-426.0,-494.0,-432.0,-450.0,-459.0,-2253.0,-1986.0
-122.0,-430.0,-494.0,-432.0,-451.0,-453.0,-2187.0,-1983.0
-123.0,-429.0,-494.0,-431.0,-455.0,-451.0,-2163.0,-1978.0
-128.0,-426.0,-494.0,-431.0,-456.0,-450.0,-2162.0,-1973.0
-130.0,-425.0,-492.0,-430.0,-458.0,-452.0,-2131.0,-1966.0
-126.0,-431.0,-490.0,-428.0,-460.0,-455.0,-2098.0,-1959.0
-120.0,-443.0,-489.0,-428.0,-464.0,-457.0,-2078.0,-1952.0
-112.0,-457.0,-489.0,-430.0,-469.0,-461.0,-2060.0,-1947.0
-117.0,-455.0,-486.0,-425.0,-464.0,-456.0,-2042.0,-1945.0
-128.0,-444.0,-485.0,-424.0,-463.0,-454.0,-2033.0,-1941.0
-134.0,-436.0,-486.0,-423.0,-463.0,-449.0,-2027.0,-1927.0
-127.0,-438.0,-487.0,-422.0,-465.0,-446.0,-2028.0,-1913.0
-126.0,-434.0,-485.0,-420.0,-465.0,-448.0,-2028.0,-1904.0
-129.0,-431.0,-482.0,-418.0,-465.0,-453.0,-2033.0,-1897.0
-129.0,-431.0,-481.0,-417.0,-465.0,-454.0,-2039.0,-1888.0
-125.0,-440.0,-481.0,-417.0,-467.0,-452.0,-2036.0,-1875.0
-123.0,-445.0,-479.0,-414.0,-464.0,-449.0,-2023.0,-1866.0
-124.0,-444.0,-478.0,-411.0,-461.0,-449.0,-2009.0,-1861.0
-126.0,-439.0,-478.0,-410.0,-462.0,-444.0,-2001.0,-1856.0
-123.0,-435.0,-479.0,-410.0,-461.0,-437.0,-2003.0,-1857.0
-122.0,-428.0,-478.0,-409.0,-460.0,-436.0,-2016.0,-1861.0
-122.0,-421.0,-477.0,-407.0,-458.0,-438.0,-2028.0,-1862.0
-122.0,-419.0,-477.0,-407.0,-460.0,-439.0,-2039.0,-1865.0
-114.0,-424.0,-479.0,-408.0,-461.0,-438.0,-2050.0,-1868.0
-115.0,-424.0,-476.0,-405.0,-458.0,-433.0,-2067.0,-1869.0
-113.0,-425.0,-476.0,-404.0,-457.0,-433.0,-2094.0,-1872.0
-111.0,-429.0,-477.0,-402.0,-455.0,-432.0,-2120.0,-1874.0
-112.0,-429.0,-476.0,-400.0,-453.0,-430.0,-2133.0,-1875.0
-108.0,-431.0,-479.0,-402.0,-454.0,-432.0,-2133.0,-1875.0
-97.0,-433.0,-482.0,-405.0,-454.0,-434.0,-2118.0,-1874.0
-93.0,-432.0,-485.0,-407.0,-451.0,-437.0,-2087.0,-1877.0
-96.0,-423.0,-482.0,-405.0,-441.0,-438.0,-2050.0,-1878.0
-100.0,-412.0,-480.0,-404.0,-432.0,-437.0,-2004.0,-1883.0
-96.0,-410.0,-478.0,-400.0,-426.0,-439.0,-1953.0,-1889.0
-90.0,-417.0,-478.0,-402.0,-429.0,-452.0,-1907.0,-1886.0
-90.0,-420.0,-476.0,-401.0,-429.0,-456.0,-1871.0,-1880.0
-92.0,-422.0,-472.0,-396.0,-424.0,-455.0,-1880.0,-1878.0
-85.0,-427.0,-474.0,-399.0,-427.0,-449.0,-1878.0,-1875.0
-76.0,-431.0,-476.0,-402.0,-435.0,-441.0,-1865.0,-1871.0
-65.0,-435.0,-477.0,-399.0,-433.0,-433.0,-1857.0,-1872.0
-63.0,-431.0,-476.0,-398.0,-431.0,-430.0,-1850.0,-1876.0
-62.0,-424.0,-475.0,-397.0,-430.0,-427.0,-1846.0,-1877.0
-59.0,-421.0,-474.0,-395.0,-432.0,-423.0,-1838.0,-1872.0
-57.0,-420.0,-473.0,-392.0,-435.0,-417.0,-1826.0,-1866.0
-56.0,-415.0,-468.0,-388.0,-433.0,-412.0,-1812.0,-1861.0
-58.0,-412.0,-465.0,-384.0,-430.0,-412.0,-1797.0,-1859.0
-55.0,-415.0,-464.0,-383.0,-429.0,-415.0,-1777.0,-1859.0
-52.0,-417.0,-464.0,-383.0,-431.0,-417.0,-1766.0,-1862.0
-48.0,-419.0,-463.0,-381.0,-431.0,-417.0,-1767.0,-1866.0
-37.0,-421.0,-464.0,-380.0,-430.0,-417.0,-1776.0,-1872.0
-29.0,-419.0,-465.0,-379.0,-430.0,-416.0,-1786.0,-1878.0
-22.0,-419.0,-469.0,-380.0,-433.0,-416.0,-1792.0,-1886.0
-21.0,-419.0,-471.0,-384.0,-435.0,-417.0,-1799.0,-1888.0
-22.0,-418.0,-473.0,-387.0,-439.0,-418.0,-1804.0,-1887.0
-23.0,-418.0,-473.0,-388.0,-443.0,-421.0,-1806.0,-1885.0
-26.0,-417.0,-474.0,-391.0,-444.0,-422.0,-1807.0,-1886.0
-23.0,-422.0,-472.0,-390.0,-444.0,-421.0,-1802.0,-1888.0
-23.0,-421.0,-470.0,-388.0,-443.0,-417.0,-1798.0,-1891.0
-19.0,-420.0,-468.0,-387.0,-446.0,-413.0,-1796.0,-1892.0
-14.0,-421.0,-468.0,-387.0,-451.0,-412.0,-1797.0,-1895.0
-14.0,-417.0,-465.0,-385.0,-450.0,-412.0,-1806.0,-1901.0
-16.0,-410.0,-462.0,-382.0,-449.0,-413.0,-1811.0,-1905.0
-22.0,-402.0,-459.0,-381.0,-451.0,-414.0,-1815.0,-1909.0
-25.0,-398.0,-457.0,-380.0,-450.0,-413.0,-1814.0,-1910.0
-26.0,-400.0,-458.0,-380.0,-450.0,-411.0,-1804.0,-1913.0
-29.0,-401.0,-457.0,-379.0,-448.0,-406.0,-1793.0,-1916.0
-23.0,-408.0,-458.0,-377.0,-447.0,-403.0,-1790.0,-1920.0
-14.0,-413.0,-459.0,-376.0,-447.0,-403.0,-1800.0,-1920.0
-6.0,-415.0,-460.0,-377.0,-448.0,-407.0,-1808.0,-1916.0
0.0,-413.0,-460.0,-378.0,-449.0,-414.0,-1799.0,-1915.0
11.0,-412.0,-461.0,-379.0,-455.0,-418.0,-1798.0,-1907.0
14.0,-406.0,-460.0,-377.0,-451.0,-414.0,-1814.0,-1900.0
16.0,-404.0,-460.0,-375.0,-450.0,-408.0,-1812.0,-1892.0
14.0,-400.0,-456.0,-370.0,-448.0,-402.0,-1811.0,-1886.0
12.0,-397.0,-450.0,-363.0,-444.0,-396.0,-1802.0,-1878.0
12.0,-396.0,-446.0,-359.0,-441.0,-393.0,-1785.0,-1870.0
14.0,-398.0,-443.0,-356.0,-438.0,-389.0,-1778.0,-1860.0
18.0,-399.0,-444.0,-357.0,-439.0,-388.0,-1777.0,-1848.0
25.0,-403.0,-447.0,-360.0,-441.0,-392.0,-1768.0,-1839.0
32.0,-402.0,-449.0,-361.0,-441.0,-393.0,-1749.0,-1830.0
39.0,-402.0,-452.0,-361.0,-443.0,-394.0,-1737.0,-1827.0
49.0,-403.0,-453.0,-362.0,-446.0,-391.0,-1732.0,-1823.0
58.0,-404.0,-454.0,-361.0,-445.0,-386.0,-1728.0,-1821.0
64.0,-405.0,-453.0,-362.0,-446.0,-385.0,-1713.0,-1821.0
69.0,-407.0,-453.0,-362.0,-447.0,-386.0,-1695.0,-1821.0
66.0,-403.0,-449.0,-358.0,-444.0,-385.0,-1653.0,-1818.0
67.0,-403.0,-446.0,-354.0,-440.0,-381.0,-1600.0,-1812.0
72.0,-404.0,-444.0,-351.0,-438.0,-380.0,-1571.0,-1810.0
73.0,-401.0,-443.0,-348.0,-437.0,-380.0,-1544.0,-1810.0
71.0,-397.0,-442.0,-347.0,-438.0,-381.0,-1517.0,-1811.0
67.0,-391.0,-440.0,-345.0,-437.0,-381.0,-1492.0,-1810.0
65.0,-384.0,-437.0,-342.0,-437.0,-383.0,-1470.0,-1812.0
66.0,-380.0,-436.0,-342.0,-437.0,-384.0,-1448.0,-1809.0
67.0,-378.0,-436.0,-341.0,-438.0,-383.0,-1434.0,-1805.0
69.0,-379.0,-435.0,-339.0,-437.0,-382.0,-1424.0,-1802.0
63.0,-375.0,-432.0,-336.0,-435.0,-379.0,-1406.0,-1794.0
62.0,-375.0,-430.0,-332.0,-434.0,-378.0,-1386.0,-1792.0
58.0,-370.0,-425.0,-328.0,-432.0,-378.0,-1371.0,-1789.0
48.0,-358.0,-417.0,-318.0,-424.0,-374.0,-1356.0,-1783.0
42.0,-350.0,-410.0,-311.0,-421.0,-373.0,-1338.0,-1777.0
35.0,-339.0,-403.0,-303.0,-416.0,-367.0,-1322.0,-1774.0
29.0,-327.0,-395.0,-291.0,-407.0,-359.0,-1307.0,-1769.0
29.0,-321.0,-390.0,-281.0,-399.0,-351.0,-1304.0,-1761.0
42.0,-326.0,-391.0,-277.0,-394.0,-339.0,-1314.0,-1754.0
56.0,-343.0,-394.0,-275.0,-390.0,-334.0,-1335.0,-1753.0
63.0,-362.0,-396.0,-272.0,-391.0,-332.0,-1356.0,-1757.0
82.0,-392.0,-396.0,-266.0,-393.0,-337.0,-1383.0,-1764.0
104.0,-418.0,-397.0,-261.0,-392.0,-348.0,-1405.0,-1766.0
139.0,-449.0,-405.0,-261.0,-394.0,-358.0,-1422.0,-1763.0
197.0,-496.0,-419.0,-261.0,-397.0,-360.0,-1447.0,-1762.0
265.0,-539.0,-431.0,-255.0,-392.0,-342.0,-1468.0,-1752.0
331.0,-575.0,-440.0,-248.0,-380.0,-317.0,-1477.0,-1742.0
390.0,-610.0,-454.0,-253.0,-377.0,-303.0,-1463.0,-1740.0
432.0,-649.0,-470.0,-269.0,-394.0,-315.0,-1453.0,-1745.0
453.0,-670.0,-487.0,-291.0,-415.0,-337.0,-1451.0,-1754.0
462.0,-673.0,-507.0,-323.0,-440.0,-357.0,-1450.0,-1761.0
457.0,-667.0,-534.0,-365.0,-466.0,-373.0,-1462.0,-1768.0
429.0,-641.0,-558.0,-410.0,-492.0,-386.0,-1482.0,-1773.0
388.0,-601.0,-571.0,-448.0,-516.0,-401.0,-1498.0,-1780.0
336.0,-555.0,-575.0,-476.0,-538.0,-420.0,-1515.0,-1790.0
308.0,-532.0,-587.0,-507.0,-563.0,-441.0,-1532.0,-1802.0
288.0,-519.0,-595.0,-528.0,-581.0,-457.0,-1548.0,-1808.0
260.0,-507.0,-593.0,-531.0,-590.0,-468.0,-1558.0,-1818.0
237.0,-499.0,-587.0,-523.0,-591.0,-472.0,-1557.0,-1826.0
229.0,-492.0,-578.0,-508.0,-583.0,-468.0,-1540.0,-1827.0
224.0,-484.0,-567.0,-491.0,-572.0,-459.0,-1512.0,-1824.0
212.0,-471.0,-555.0,-476.0,-561.0,-451.0,-1495.0,-1820.0
197.0,-459.0,-542.0,-460.0,-549.0,-442.0,-1504.0,-1820.0
184.0,-452.0,-530.0,-444.0,-539.0,-435.0,-1518.0,-1823.0
174.0,-447.0,-522.0,-432.0,-533.0,-431.0,-1535.0,-1825.0
163.0,-439.0,-515.0,-424.0,-529.0,-428.0,-1536.0,-1827.0
151.0,-430.0,-508.0,-417.0,-525.0,-425.0,-1529.0,-1826.0
146.0,-424.0,-501.0,-408.0,-519.0,-419.0,-1516.0,-1823.0
146.0,-423.0,-493.0,-395.0,-510.0,-412.0,-1502.0,-1818.0
145.0,-421.0,-480.0,-379.0,-499.0,-404.0,-1494.0,-1812.0
143.0,-420.0,-468.0,-363.0,-487.0,-393.0,-1489.0,-1807.0
132.0,-416.0,-456.0,-349.0,-474.0,-385.0,-1488.0,-1801.0
132.0,-409.0,-443.0,-335.0,-461.0,-377.0,-1489.0,-1794.0
137.0,-411.0,-438.0,-330.0,-458.0,-375.0,-1497.0,-1788.0
137.0,-407.0,-436.0,-328.0,-458.0,-377.0,-1514.0,-1787.0
129.0,-392.0,-430.0,-323.0,-453.0,-367.0,-1535.0,-1778.0
123.0,-375.0,-423.0,-314.0,-446.0,-356.0,-1543.0,-1768.0
128.0,-369.0,-420.0,-308.0,-441.0,-350.0,-1551.0,-1762.0
135.0,-371.0,-419.0,-306.0,-440.0,-347.0,-1558.0,-1759.0
136.0,-371.0,-418.0,-304.0,-439.0,-346.0,-1564.0,-1757.0
140.0,-376.0,-418.0,-303.0,-440.0,-346.0,-1571.0,-1754.0
150.0,-386.0,-418.0,-303.0,-441.0,-347.0,-1581.0,-1752.0
155.0,-390.0,-415.0,-301.0,-439.0,-345.0,-1592.0,-1751.0
155.0,-387.0,-412.0,-299.0,-437.0,-343.0,-1601.0,-1750.0
148.0,-378.0,-410.0,-297.0,-435.0,-342.0,-1610.0,-1751.0
144.0,-369.0,-408.0,-294.0,-435.0,-343.0,-1619.0,-1751.0
149.0,-365.0,-406.0,-291.0,-434.0,-342.0,-1625.0,-1753.0
156.0,-364.0,-404.0,-289.0,-433.0,-340.0,-1631.0,-1752.0
164.0,-365.0,-403.0,-287.0,-431.0,-337.0,-1637.0,-1751.0
170.0,-368.0,-402.0,-284.0,-429.0,-334.0,-1643.0,-1751.0
177.0,-373.0,-401.0,-282.0,-427.0,-330.0,-1648.0,-1751.0
182.0,-377.0,-399.0,-281.0,-426.0,-326.0,-1650.0,-1750.0
184.0,-377.0,-397.0,-279.0,-425.0,-325.0,-1650.0,-1748.0
187.0,-378.0,-398.0,-282.0,-429.0,-331.0,-1653.0,-1747.0
189.0,-380.0,-401.0,-285.0,-433.0,-341.0,-1661.0,-1750.0
187.0,-377.0,-401.0,-285.0,-434.0,-344.0,-1670.0,-1754.0
184.0,-371.0,-400.0,-283.0,-433.0,-338.0,-1676.0,-1757.0
189.0,-371.0,-398.0,-282.0,-432.0,-330.0,-1682.0,-1757.0
194.0,-373.0,-398.0,-280.0,-431.0,-327.0,-1686.0,-1754.0
194.0,-373.0,-396.0,-279.0,-430.0,-325.0,-1685.0,-1752.0
200.0,-381.0,-399.0,-281.0,-433.0,-324.0,-1683.0,-1754.0
206.0,-391.0,-399.0,-282.0,-433.0,-322.0,-1682.0,-1757.0
204.0,-394.0,-400.0,-282.0,-431.0,-320.0,-1679.0,-1756.0
198.0,-389.0,-398.0,-281.0,-430.0,-321.0,-1677.0,-1755.0
190.0,-379.0,-395.0,-279.0,-429.0,-320.0,-1673.0,-1751.0
185.0,-368.0,-389.0,-273.0,-424.0,-315.0,-1668.0,-1746.0
182.0,-356.0,-384.0,-267.0,-418.0,-309.0,-1664.0,-1738.0
189.0,-354.0,-382.0,-265.0,-415.0,-308.0,-1663.0,-1732.0
199.0,-360.0,-383.0,-265.0,-417.0,-311.0,-1665.0,-1730.0
209.0,-370.0,-386.0,-268.0,-419.0,-315.0,-1668.0,-1729.0
222.0,-384.0,-390.0,-272.0,-422.0,-320.0,-1672.0,-1728.0
232.0,-394.0,-392.0,-274.0,-425.0,-322.0,-1675.0,-1726.0
234.0,-394.0,-390.0,-273.0,-421.0,-320.0,-1677.0,-1722.0
233.0,-393.0,-390.0,-274.0,-420.0,-318.0,-1680.0,-1720.0
231.0,-388.0,-390.0,-274.0,-420.0,-317.0,-1683.0,-1719.0
231.0,-382.0,-388.0,-272.0,-416.0,-314.0,-1680.0,-1714.0
235.0,-381.0,-386.0,-269.0,-412.0,-313.0,-1679.0,-1710.0
238.0,-382.0,-387.0,-270.0,-410.0,-311.0,-1679.0,-1711.0
242.0,-386.0,-385.0,-270.0,-409.0,-310.0,-1679.0,-1711.0
246.0,-391.0,-384.0,-270.0,-408.0,-313.0,-1685.0,-1710.0
247.0,-394.0,-382.0,-268.0,-407.0,-317.0,-1688.0,-1707.0
250.0,-396.0,-378.0,-265.0,-404.0,-319.0,-1684.0,-1701.0
253.0,-396.0,-375.0,-261.0,-401.0,-321.0,-1680.0,-1696.0
259.0,-395.0,-372.0,-258.0,-398.0,-319.0,-1675.0,-1692.0
266.0,-390.0,-368.0,-254.0,-393.0,-316.0,-1672.0,-1687.0
274.0,-386.0,-365.0,-252.0,-393.0,-320.0,-1669.0,-1683.0
279.0,-377.0,-360.0,-250.0,-392.0,-314.0,-1663.0,-1680.0
291.0,-371.0,-351.0,-238.0,-374.0,-294.0,-1656.0,-1675.0
310.0,-376.0,-347.0,-233.0,-365.0,-273.0,-1646.0,-1667.0
315.0,-372.0,-341.0,-225.0,-356.0,-255.0,-1635.0,-1661.0
328.0,-377.0,-336.0,-220.0,-348.0,-246.0,-1617.0,-1658.0
333.0,-379.0,-333.0,-217.0,-342.0,-242.0,-1601.0,-1658.0
347.0,-384.0,-330.0,-214.0,-339.0,-242.0,-1590.0,-1654.0
367.0,-385.0,-325.0,-210.0,-336.0,-240.0,-1580.0,-1649.0
386.0,-389.0,-321.0,-208.0,-334.0,-239.0,-1569.0,-1644.0
392.0,-386.0,-320.0,-208.0,-334.0,-239.0,-1562.0,-1639.0
393.0,-380.0,-317.0,-204.0,-331.0,-236.0,-1555.0,-1638.0
394.0,-374.0,-313.0,-201.0,-327.0,-234.0,-1553.0,-1634.0
397.0,-374.0,-311.0,-199.0,-326.0,-235.0,-1564.0,-1633.0
398.0,-374.0,-307.0,-194.0,-323.0,-234.0,-1569.0,-1629.0
401.0,-379.0,-304.0,-192.0,-321.0,-235.0,-1570.0,-1626.0
398.0,-381.0,-301.0,-188.0,-320.0,-235.0,-1569.0,-1626.0
392.0,-381.0,-299.0,-187.0,-321.0,-237.0,-1569.0,-1627.0
388.0,-383.0,-301.0,-189.0,-323.0,-237.0,-1569.0,-1629.0
384.0,-382.0,-303.0,-193.0,-327.0,-240.0,-1571.0,-1631.0
379.0,-379.0,-306.0,-196.0,-331.0,-244.0,-1573.0,-1633.0
372.0,-374.0,-309.0,-199.0,-335.0,-247.0,-1573.0,-1635.0
367.0,-371.0,-311.0,-200.0,-337.0,-250.0,-1573.0,-1635.0
361.0,-369.0,-310.0,-198.0,-337.0,-249.0,-1568.0,-1633.0
355.0,-370.0,-310.0,-198.0,-338.0,-248.0,-1565.0,-1632.0
348.0,-372.0,-311.0,-200.0,-340.0,-249.0,-1563.0,-1631.0
344.0,-376.0,-312.0,-201.0,-342.0,-251.0,-1560.0,-1629.0
346.0,-385.0,-315.0,-202.0,-346.0,-255.0,-1560.0,-1633.0
337.0,-383.0,-316.0,-201.0,-349.0,-255.0,-1560.0,-1634.0
328.0,-376.0,-314.0,-199.0,-348.0,-254.0,-1558.0,-1633.0
324.0,-372.0,-315.0,-198.0,-348.0,-256.0,-1558.0,-1633.0
320.0,-368.0,-316.0,-200.0,-352.0,-259.0,-1559.0,-1634.0
319.0,-365.0,-317.0,-199.0,-351.0,-257.0,-1555.0,-1630.0
326.0,-367.0,-316.0,-198.0,-352.0,-254.0,-1551.0,-1626.0
330.0,-370.0,-314.0,-197.0,-350.0,-248.0,-1547.0,-1623.0
339.0,-378.0,-313.0,-195.0,-349.0,-247.0,-1543.0,-1619.0
343.0,-383.0,-310.0,-191.0,-348.0,-245.0,-1540.0,-1618.0
335.0,-376.0,-306.0,-187.0,-346.0,-242.0,-1537.0,-1616.0
330.0,-370.0,-303.0,-185.0,-344.0,-241.0,-1534.0,-1614.0
332.0,-369.0,-303.0,-185.0,-345.0,-242.0,-1533.0,-1615.0
331.0,-364.0,-303.0,-186.0,-348.0,-244.0,-1533.0,-1615.0
333.0,-359.0,-302.0,-185.0,-348.0,-245.0,-1531.0,-1614.0
341.0,-360.0,-301.0,-183.0,-349.0,-244.0,-1533.0,-1613.0
343.0,-357.0,-298.0,-179.0,-345.0,-242.0,-1534.0,-1612.0
342.0,-355.0,-295.0,-176.0,-342.0,-242.0,-1533.0,-1611.0
344.0,-359.0,-294.0,-174.0,-343.0,-241.0,-1530.0,-1609.0
344.0,-360.0,-291.0,-171.0,-341.0,-235.0,-1524.0,-1607.0
340.0,-355.0,-288.0,-169.0,-338.0,-227.0,-1518.0,-1604.0
340.0,-354.0,-287.0,-167.0,-337.0,-221.0,-1516.0,-1602.0
341.0,-352.0,-289.0,-168.0,-338.0,-222.0,-1518.0,-1605.0
344.0,-352.0,-290.0,-170.0,-341.0,-224.0,-1519.0,-1608.0
344.0,-350.0,-291.0,-170.0,-342.0,-225.0,-1519.0,-1606.0
344.0,-349.0,-292.0,-171.0,-344.0,-230.0,-1522.0,-1606.0
340.0,-348.0,-290.0,-170.0,-345.0,-235.0,-1522.0,-1606.0
344.0,-350.0,-288.0,-169.0,-346.0,-237.0,-1520.0,-1604.0
350.0,-357.0,-288.0,-171.0,-347.0,-239.0,-1518.0,-1603.0
353.0,-364.0,-289.0,-173.0,-350.0,-239.0,-1516.0,-1601.0
351.0,-364.0,-288.0,-173.0,-350.0,-237.0,-1516.0,-1601.0
346.0,-358.0,-288.0,-173.0,-348.0,-233.0,-1515.0,-1601.0
350.0,-353.0,-286.0,-171.0,-346.0,-228.0,-1509.0,-1597.0
355.0,-348.0,-285.0,-170.0,-346.0,-222.0,-1505.0,-1597.0
358.0,-345.0,-285.0,-169.0,-345.0,-219.0,-1504.0,-1598.0
358.0,-342.0,-285.0,-170.0,-345.0,-218.0,-1502.0,-1599.0
361.0,-341.0,-282.0,-168.0,-343.0,-216.0,-1497.0,-1597.0
370.0,-342.0,-278.0,-164.0,-340.0,-212.0,-1491.0,-1592.0
380.0,-345.0,-273.0,-160.0,-336.0,-208.0,-1484.0,-1588.0
399.0,-352.0,-268.0,-156.0,-331.0,-202.0,-1479.0,-1583.0
419.0,-356.0,-262.0,-151.0,-327.0,-197.0,-1472.0,-1579.0
435.0,-357.0,-259.0,-149.0,-324.0,-194.0,-1467.0,-1575.0
449.0,-356.0,-258.0,-149.0,-323.0,-192.0,-1464.0,-1572.0
465.0,-355.0,-256.0,-148.0,-322.0,-190.0,-1459.0,-1567.0
482.0,-357.0,-255.0,-147.0,-322.0,-192.0,-1457.0,-1565.0
490.0,-355.0,-252.0,-145.0,-322.0,-193.0,-1454.0,-1561.0
492.0,-354.0,-249.0,-145.0,-323.0,-192.0,-1451.0,-1559.0
493.0,-356.0,-246.0,-144.0,-321.0,-189.0,-1449.0,-1556.0
503.0,-355.0,-238.0,-138.0,-313.0,-179.0,-1441.0,-1548.0
520.0,-363.0,-233.0,-135.0,-309.0,-174.0,-1438.0,-1545.0
522.0,-367.0,-233.0,-136.0,-309.0,-173.0,-1437.0,-1544.0
523.0,-366.0,-232.0,-138.0,-309.0,-173.0,-1437.0,-1544.0
527.0,-366.0,-231.0,-139.0,-310.0,-173.0,-1435.0,-1547.0
530.0,-366.0,-232.0,-142.0,-313.0,-173.0,-1430.0,-1547.0
531.0,-364.0,-231.0,-144.0,-315.0,-172.0,-1426.0,-1545.0
519.0,-358.0,-230.0,-147.0,-317.0,-172.0,-1426.0,-1549.0
498.0,-355.0,-232.0,-152.0,-321.0,-178.0,-1431.0,-1554.0
469.0,-358.0,-238.0,-160.0,-330.0,-187.0,-1440.0,-1563.0
433.0,-361.0,-246.0,-172.0,-342.0,-196.0,-1449.0,-1574.0
401.0,-363.0,-250.0,-179.0,-350.0,-203.0,-1456.0,-1582.0
375.0,-363.0,-253.0,-185.0,-355.0,-207.0,-1463.0,-1588.0
357.0,-362.0,-254.0,-190.0,-360.0,-212.0,-1470.0,-1594.0
341.0,-362.0,-257.0,-197.0,-367.0,-220.0,-1479.0,-1602.0
320.0,-358.0,-261.0,-204.0,-376.0,-228.0,-1490.0,-1612.0
301.0,-355.0,-263.0,-208.0,-382.0,-234.0,-1500.0,-1618.0
291.0,-356.0,-266.0,-213.0,-388.0,-240.0,-1507.0,-1623.0
283.0,-358.0,-269.0,-216.0,-392.0,-245.0,-1513.0,-1626.0
274.0,-358.0,-270.0,-218.0,-395.0,-249.0,-1517.0,-1628.0
263.0,-356.0,-270.0,-218.0,-396.0,-252.0,-1519.0,-1628.0
258.0,-356.0,-269.0,-215.0,-395.0,-254.0,-1521.0,-1626.0
257.0,-357.0,-269.0,-214.0,-396.0,-257.0,-1525.0,-1623.0
257.0,-354.0,-269.0,-214.0,-397.0,-256.0,-1529.0,-1621.0
258.0,-350.0,-270.0,-214.0,-396.0,-254.0,-1537.0,-1621.0
259.0,-344.0,-271.0,-215.0,-397.0,-259.0,-1542.0,-1620.0
266.0,-342.0,-273.0,-216.0,-399.0,-262.0,-1545.0,-1618.0
281.0,-344.0,-276.0,-217.0,-401.0,-263.0,-1550.0,-1615.0
290.0,-347.0,-277.0,-216.0,-401.0,-260.0,-1556.0,-1611.0
298.0,-351.0,-277.0,-215.0,-400.0,-258.0,-1560.0,-1610.0
305.0,-350.0,-274.0,-211.0,-396.0,-254.0,-1559.0,-1607.0
321.0,-361.0,-275.0,-210.0,-396.0,-255.0,-1561.0,-1607.0
344.0,-377.0,-278.0,-211.0,-398.0,-259.0,-1565.0,-1609.0
366.0,-388.0,-282.0,-213.0,-399.0,-260.0,-1568.0,-1610.0
391.0,-399.0,-287.0,-216.0,-402.0,-264.0,-1576.0,-1614.0
416.0,-412.0,-293.0,-221.0,-409.0,-271.0,-1584.0,-1616.0
438.0,-420.0,-296.0,-222.0,-411.0,-273.0,-1591.0,-1613.0
459.0,-428.0,-298.0,-220.0,-409.0,-275.0,-1599.0,-1612.0
474.0,-432.0,-298.0,-218.0,-409.0,-278.0,-1604.0,-1609.0
489.0,-438.0,-298.0,-215.0,-407.0,-276.0,-1608.0,-1606.0
514.0,-455.0,-300.0,-216.0,-408.0,-272.0,-1614.0,-1607.0
536.0,-471.0,-302.0,-217.0,-409.0,-269.0,-1613.0,-1606.0
552.0,-480.0,-302.0,-214.0,-405.0,-264.0,-1607.0,-1601.0
572.0,-488.0,-304.0,-215.0,-404.0,-250.0,-1607.0,-1602.0
588.0,-491.0,-305.0,-215.0,-405.0,-238.0,-1608.0,-1601.0
598.0,-490.0,-305.0,-214.0,-404.0,-221.0,-1607.0,-1599.0
613.0,-494.0,-305.0,-212.0,-401.0,-208.0,-1608.0,-1601.0
623.0,-497.0,-305.0,-210.0,-400.0,-205.0,-1609.0,-1603.0
637.0,-506.0,-306.0,-211.0,-402.0,-207.0,-1613.0,-1606.0
649.0,-515.0,-307.0,-211.0,-404.0,-207.0,-1614.0,-1607.0
660.0,-525.0,-307.0,-210.0,-404.0,-206.0,-1613.0,-1605.0
667.0,-532.0,-307.0,-210.0,-402.0,-204.0,-1615.0,-1604.0
671.0,-537.0,-308.0,-211.0,-403.0,-206.0,-1619.0,-1606.0
674.0,-540.0,-311.0,-213.0,-405.0,-208.0,-1623.0,-1606.0
677.0,-540.0,-313.0,-214.0,-407.0,-208.0,-1629.0,-1606.0
680.0,-539.0,-314.0,-215.0,-408.0,-208.0,-1633.0,-1607.0
681.0,-538.0,-316.0,-215.0,-409.0,-208.0,-1637.0,-1607.0
687.0,-543.0,-319.0,-218.0,-412.0,-210.0,-1641.0,-1610.0
694.0,-551.0,-323.0,-222.0,-415.0,-212.0,-1646.0,-1614.0
698.0,-560.0,-326.0,-224.0,-419.0,-217.0,-1654.0,-1617.0
705.0,-568.0,-326.0,-224.0,-420.0,-219.0,-1657.0,-1618.0
708.0,-574.0,-326.0,-225.0,-421.0,-221.0,-1658.0,-1619.0
713.0,-580.0,-329.0,-227.0,-423.0,-222.0,-1659.0,-1621.0
717.0,-583.0,-331.0,-228.0,-423.0,-219.0,-1659.0,-1622.0
720.0,-584.0,-332.0,-228.0,-423.0,-216.0,-1660.0,-1622.0
721.0,-582.0,-333.0,-229.0,-424.0,-214.0,-1663.0,-1625.0
719.0,-578.0,-333.0,-229.0,-425.0,-213.0,-1666.0,-1626.0
724.0,-580.0,-334.0,-228.0,-425.0,-213.0,-1670.0,-1628.0
730.0,-586.0,-334.0,-228.0,-425.0,-215.0,-1673.0,-1628.0
734.0,-590.0,-334.0,-228.0,-426.0,-217.0,-1677.0,-1631.0
739.0,-598.0,-334.0,-228.0,-426.0,-219.0,-1679.0,-1631.0
740.0,-603.0,-333.0,-228.0,-426.0,-219.0,-1680.0,-1630.0
742.0,-605.0,-333.0,-226.0,-425.0,-219.0,-1680.0,-1628.0
749.0,-610.0,-335.0,-227.0,-426.0,-221.0,-1682.0,-1630.0
752.0,-610.0,-336.0,-228.0,-428.0,-222.0,-1685.0,-1633.0
753.0,-605.0,-336.0,-228.0,-428.0,-221.0,-1687.0,-1635.0
755.0,-602.0,-335.0,-227.0,-427.0,-219.0,-1689.0,-1635.0
756.0,-597.0,-334.0,-226.0,-425.0,-217.0,-1690.0,-1637.0
759.0,-598.0,-334.0,-226.0,-425.0,-217.0,-1691.0,-1638.0
761.0,-600.0,-335.0,-226.0,-425.0,-218.0,-1693.0,-1640.0
767.0,-608.0,-334.0,-226.0,-425.0,-218.0,-1695.0,-1640.0
775.0,-617.0,-333.0,-224.0,-424.0,-218.0,-1696.0,-1641.0
783.0,-622.0,-331.0,-222.0,-422.0,-217.0,-1695.0,-1639.0
784.0,-619.0,-330.0,-221.0,-421.0,-216.0,-1694.0,-1639.0
781.0,-614.0,-330.0,-222.0,-421.0,-217.0,-1696.0,-1641.0
797.0,-615.0,-333.0,-223.0,-421.0,-220.0,-1705.0,-1657.0
799.0,-618.0,-331.0,-222.0,-420.0,-218.0,-1705.0,-1658.0
800.0,-620.0,-330.0,-220.0,-419.0,-218.0,-1706.0,-1656.0
800.0,-619.0,-330.0,-218.0,-418.0,-217.0,-1707.0,-1656.0
802.0,-618.0,-331.0,-219.0,-419.0,-219.0,-1710.0,-1656.0
805.0,-615.0,-332.0,-220.0,-420.0,-221.0,-1713.0,-1658.0
805.0,-611.0,-332.0,-220.0,-420.0,-223.0,-1715.0,-1661.0
803.0,-608.0,-331.0,-219.0,-421.0,-224.0,-1716.0,-1665.0
803.0,-608.0,-331.0,-219.0,-421.0,-224.0,-1718.0,-1668.0
805.0,-611.0,-330.0,-219.0,-421.0,-225.0,-1718.0,-1672.0
807.0,-615.0,-328.0,-217.0,-420.0,-224.0,-1720.0,-1677.0
810.0,-619.0,-326.0,-215.0,-418.0,-223.0,-1720.0,-1679.0
811.0,-621.0,-325.0,-214.0,-416.0,-222.0,-1719.0,-1680.0
811.0,-619.0,-324.0,-213.0,-416.0,-222.0,-1719.0,-1680.0
810.0,-613.0,-322.0,-212.0,-416.0,-221.0,-1720.0,-1681.0
810.0,-608.0,-322.0,-213.0,-416.0,-221.0,-1721.0,-1682.0
811.0,-603.0,-322.0,-212.0,-416.0,-222.0,-1722.0,-1683.0
817.0,-605.0,-322.0,-212.0,-416.0,-223.0,-1724.0,-1685.0
821.0,-607.0,-321.0,-211.0,-415.0,-223.0,-1729.0,-1687.0
825.0,-612.0,-321.0,-210.0,-415.0,-222.0,-1733.0,-1688.0
827.0,-616.0,-320.0,-208.0,-414.0,-221.0,-1734.0,-1687.0
828.0,-616.0,-317.0,-203.0,-410.0,-219.0,-1732.0,-1683.0
835.0,-619.0,-315.0,-201.0,-408.0,-217.0,-1731.0,-1679.0
843.0,-623.0,-316.0,-202.0,-408.0,-217.0,-1731.0,-1670.0
853.0,-623.0,-317.0,-202.0,-407.0,-215.0,-1730.0,-1661.0
861.0,-620.0,-318.0,-203.0,-407.0,-214.0,-1730.0,-1658.0
863.0,-614.0,-317.0,-201.0,-406.0,-213.0,-1730.0,-1661.0
869.0,-611.0,-313.0,-199.0,-404.0,-212.0,-1731.0,-1664.0
876.0,-611.0,-310.0,-195.0,-401.0,-210.0,-1729.0,-1661.0
882.0,-614.0,-308.0,-192.0,-399.0,-209.0,-1728.0,-1658.0
889.0,-616.0,-305.0,-189.0,-395.0,-206.0,-1727.0,-1655.0
894.0,-619.0,-302.0,-185.0,-393.0,-204.0,-1726.0,-1650.0
901.0,-622.0,-300.0,-184.0,-392.0,-203.0,-1727.0,-1643.0
909.0,-624.0,-298.0,-182.0,-391.0,-202.0,-1730.0,-1633.0
916.0,-623.0,-297.0,-182.0,-390.0,-203.0,-1733.0,-1626.0
922.0,-620.0,-297.0,-183.0,-390.0,-205.0,-1737.0,-1620.0
927.0,-618.0,-297.0,-183.0,-390.0,-205.0,-1741.0,-1615.0
932.0,-616.0,-297.0,-183.0,-389.0,-204.0,-1741.0,-1612.0
937.0,-616.0,-295.0,-180.0,-386.0,-201.0,-1737.0,-1607.0
941.0,-617.0,-293.0,-179.0,-384.0,-198.0,-1734.0,-1606.0
944.0,-619.0,-290.0,-176.0,-380.0,-193.0,-1731.0,-1604.0
945.0,-622.0,-288.0,-173.0,-377.0,-191.0,-1730.0,-1606.0
943.0,-622.0,-287.0,-173.0,-377.0,-191.0,-1729.0,-1613.0
943.0,-620.0,-287.0,-171.0,-375.0,-190.0,-1727.0,-1621.0
943.0,-617.0,-287.0,-171.0,-374.0,-191.0,-1727.0,-1625.0
940.0,-612.0,-287.0,-170.0,-375.0,-192.0,-1730.0,-1629.0
942.0,-609.0,-288.0,-171.0,-375.0,-194.0,-1733.0,-1632.0
944.0,-608.0,-288.0,-170.0,-375.0,-195.0,-1734.0,-1634.0
949.0,-612.0,-289.0,-172.0,-376.0,-196.0,-1737.0,-1633.0
951.0,-616.0,-288.0,-172.0,-376.0,-196.0,-1737.0,-1630.0
951.0,-619.0,-286.0,-170.0,-374.0,-196.0,-1734.0,-1627.0
952.0,-622.0,-284.0,-167.0,-371.0,-195.0,-1733.0,-1624.0
952.0,-623.0,-283.0,-166.0,-370.0,-196.0,-1732.0,-1624.0
953.0,-622.0,-282.0,-164.0,-370.0,-195.0,-1730.0,-1624.0
952.0,-620.0,-283.0,-165.0,-370.0,-194.0,-1729.0,-1623.0
952.0,-617.0,-283.0,-165.0,-370.0,-192.0,-1728.0,-1623.0
952.0,-614.0,-284.0,-166.0,-369.0,-192.0,-1727.0,-1623.0
954.0,-614.0,-285.0,-166.0,-370.0,-193.0,-1729.0,-1623.0
956.0,-616.0,-285.0,-167.0,-371.0,-195.0,-1730.0,-1621.0
958.0,-620.0,-285.0,-167.0,-370.0,-194.0,-1731.0,-1620.0
964.0,-627.0,-284.0,-166.0,-369.0,-195.0,-1731.0,-1618.0
963.0,-629.0,-281.0,-164.0,-366.0,-193.0,-1730.0,-1615.0
961.0,-627.0,-278.0,-160.0,-364.0,-193.0,-1731.0,-1613.0
961.0,-626.0,-278.0,-160.0,-364.0,-193.0,-1733.0,-1612.0
963.0,-624.0,-278.0,-160.0,-363.0,-193.0,-1735.0,-1612.0
966.0,-621.0,-277.0,-160.0,-363.0,-193.0,-1738.0,-1613.0
968.0,-617.0,-277.0,-161.0,-362.0,-193.0,-1740.0,-1612.0
969.0,-614.0,-276.0,-160.0,-361.0,-193.0,-1741.0,-1610.0
970.0,-613.0,-274.0,-159.0,-359.0,-192.0,-1741.0,-1607.0
974.0,-613.0,-272.0,-157.0,-356.0,-191.0,-1742.0,-1604.0
977.0,-616.0,-270.0,-155.0,-354.0,-191.0,-1746.0,-1603.0
982.0,-620.0,-267.0,-151.0,-350.0,-190.0,-1747.0,-1599.0
987.0,-622.0,-265.0,-149.0,-348.0,-190.0,-1748.0,-1597.0
986.0,-618.0,-262.0,-147.0,-346.0,-191.0,-1748.0,-1596.0
986.0,-615.0,-261.0,-146.0,-344.0,-192.0,-1751.0,-1596.0
985.0,-608.0,-260.0,-145.0,-343.0,-192.0,-1751.0,-1596.0
984.0,-603.0,-259.0,-144.0,-342.0,-191.0,-1748.0,-1596.0
985.0,-601.0,-259.0,-144.0,-342.0,-189.0,-1747.0,-1598.0
987.0,-603.0,-259.0,-144.0,-340.0,-186.0,-1745.0,-1599.0
990.0,-607.0,-259.0,-144.0,-339.0,-184.0,-1743.0,-1600.0
987.0,-606.0,-256.0,-142.0,-336.0,-182.0,-1739.0,-1598.0
985.0,-607.0,-254.0,-140.0,-333.0,-180.0,-1736.0,-1596.0
987.0,-610.0,-252.0,-140.0,-332.0,-181.0,-1737.0,-1595.0
987.0,-609.0,-253.0,-139.0,-331.0,-181.0,-1737.0,-1594.0
988.0,-607.0,-253.0,-139.0,-331.0,-182.0,-1738.0,-1593.0
988.0,-602.0,-253.0,-138.0,-331.0,-184.0,-1742.0,-1591.0
989.0,-597.0,-253.0,-138.0,-331.0,-186.0,-1746.0,-1590.0
988.0,-593.0,-253.0,-138.0,-330.0,-186.0,-1750.0,-1589.0
987.0,-591.0,-251.0,-137.0,-329.0,-186.0,-1752.0,-1587.0
986.0,-591.0,-250.0,-136.0,-327.0,-186.0,-1756.0,-1584.0
983.0,-591.0,-245.0,-132.0,-323.0,-183.0,-1747.0,-1581.0
978.0,-588.0,-241.0,-128.0,-319.0,-180.0,-1734.0,-1577.0
978.0,-589.0,-240.0,-128.0,-318.0,-181.0,-1731.0,-1576.0
980.0,-588.0,-239.0,-126.0,-316.0,-181.0,-1725.0,-1575.0
980.0,-586.0,-239.0,-127.0,-315.0,-182.0,-1719.0,-1573.0
982.0,-582.0,-240.0,-128.0,-316.0,-183.0,-1714.0,-1573.0
982.0,-577.0,-240.0,-128.0,-316.0,-184.0,-1709.0,-1573.0
984.0,-575.0,-240.0,-129.0,-317.0,-184.0,-1705.0,-1571.0
983.0,-574.0,-239.0,-128.0,-315.0,-184.0,-1707.0,-1568.0
980.0,-573.0,-237.0,-127.0,-315.0,-189.0,-1708.0,-1566.0
979.0,-574.0,-234.0,-126.0,-315.0,-194.0,-1706.0,-1562.0
978.0,-577.0,-231.0,-123.0,-313.0,-195.0,-1705.0,-1558.0
976.0,-575.0,-230.0,-121.0,-311.0,-191.0,-1705.0,-1555.0
973.0,-575.0,-230.0,-121.0,-311.0,-187.0,-1707.0,-1555.0
971.0,-571.0,-231.0,-121.0,-311.0,-183.0,-1703.0,-1557.0
969.0,-565.0,-230.0,-120.0,-309.0,-180.0,-1693.0,-1558.0
967.0,-560.0,-229.0,-119.0,-307.0,-178.0,-1687.0,-1559.0
961.0,-555.0,-226.0,-118.0,-306.0,-179.0,-1685.0,-1561.0
957.0,-555.0,-225.0,-116.0,-305.0,-180.0,-1685.0,-1562.0
951.0,-556.0,-224.0,-116.0,-305.0,-182.0,-1687.0,-1562.0
946.0,-557.0,-223.0,-116.0,-306.0,-185.0,-1690.0,-1562.0
942.0,-560.0,-223.0,-115.0,-306.0,-187.0,-1690.0,-1562.0
935.0,-559.0,-221.0,-114.0,-305.0,-187.0,-1691.0,-1562.0
926.0,-555.0,-220.0,-114.0,-304.0,-186.0,-1690.0,-1561.0
921.0,-549.0,-219.0,-114.0,-303.0,-183.0,-1690.0,-1560.0
919.0,-545.0,-220.0,-114.0,-302.0,-183.0,-1696.0,-1558.0
915.0,-540.0,-220.0,-115.0,-303.0,-186.0,-1705.0,-1558.0
911.0,-535.0,-219.0,-115.0,-302.0,-187.0,-1713.0,-1560.0
907.0,-532.0,-218.0,-114.0,-302.0,-187.0,-1717.0,-1560.0
902.0,-532.0,-217.0,-114.0,-301.0,-191.0,-1718.0,-1560.0
898.0,-533.0,-216.0,-113.0,-301.0,-191.0,-1719.0,-1559.0
899.0,-538.0,-214.0,-112.0,-299.0,-190.0,-1721.0,-1557.0
899.0,-540.0,-214.0,-111.0,-298.0,-191.0,-1721.0,-1557.0
897.0,-538.0,-213.0,-110.0,-297.0,-191.0,-1720.0,-1557.0
896.0,-535.0,-213.0,-112.0,-297.0,-191.0,-1720.0,-1559.0
895.0,-532.0,-214.0,-113.0,-299.0,-192.0,-1720.0,-1561.0
894.0,-528.0,-215.0,-114.0,-300.0,-192.0,-1720.0,-1563.0
892.0,-524.0,-215.0,-114.0,-299.0,-190.0,-1717.0,-1563.0
892.0,-523.0,-213.0,-111.0,-296.0,-188.0,-1710.0,-1561.0
895.0,-524.0,-210.0,-107.0,-292.0,-186.0,-1703.0,-1559.0
899.0,-526.0,-209.0,-104.0,-288.0,-184.0,-1696.0,-1556.0
903.0,-531.0,-207.0,-103.0,-287.0,-184.0,-1688.0,-1555.0
907.0,-534.0,-207.0,-101.0,-286.0,-185.0,-1679.0,-1554.0
911.0,-537.0,-208.0,-102.0,-286.0,-185.0,-1674.0,-1554.0
917.0,-540.0,-211.0,-105.0,-288.0,-188.0,-1673.0,-1556.0
921.0,-541.0,-214.0,-108.0,-290.0,-191.0,-1676.0,-1560.0
923.0,-541.0,-216.0,-111.0,-290.0,-192.0,-1673.0,-1561.0
928.0,-543.0,-220.0,-114.0,-293.0,-193.0,-1665.0,-1563.0
930.0,-546.0,-225.0,-117.0,-296.0,-193.0,-1658.0,-1564.0
922.0,-544.0,-225.0,-120.0,-297.0,-192.0,-1652.0,-1567.0
920.0,-547.0,-226.0,-122.0,-298.0,-194.0,-1644.0,-1568.0
919.0,-553.0,-224.0,-124.0,-299.0,-196.0,-1636.0,-1569.0
918.0,-553.0,-222.0,-123.0,-299.0,-197.0,-1626.0,-1569.0
917.0,-553.0,-221.0,-122.0,-298.0,-197.0,-1618.0,-1570.0
915.0,-550.0,-222.0,-123.0,-299.0,-199.0,-1610.0,-1571.0
912.0,-548.0,-223.0,-125.0,-300.0,-200.0,-1601.0,-1575.0
909.0,-543.0,-224.0,-126.0,-301.0,-200.0,-1595.0,-1577.0
906.0,-539.0,-225.0,-128.0,-301.0,-201.0,-1593.0,-1579.0
903.0,-540.0,-225.0,-128.0,-302.0,-203.0,-1593.0,-1581.0
898.0,-540.0,-223.0,-126.0,-301.0,-205.0,-1591.0,-1582.0
890.0,-538.0,-221.0,-124.0,-299.0,-204.0,-1590.0,-1580.0
886.0,-542.0,-219.0,-123.0,-299.0,-202.0,-1589.0,-1581.0
888.0,-546.0,-219.0,-124.0,-300.0,-203.0,-1589.0,-1583.0
887.0,-548.0,-220.0,-127.0,-302.0,-205.0,-1591.0,-1587.0
887.0,-547.0,-222.0,-130.0,-304.0,-208.0,-1594.0,-1589.0
880.0,-540.0,-223.0,-132.0,-304.0,-210.0,-1594.0,-1591.0
874.0,-534.0,-224.0,-133.0,-305.0,-213.0,-1595.0,-1594.0
871.0,-531.0,-224.0,-134.0,-306.0,-215.0,-1597.0,-1598.0
875.0,-538.0,-226.0,-135.0,-306.0,-217.0,-1598.0,-1602.0
875.0,-542.0,-226.0,-135.0,-306.0,-218.0,-1596.0,-1604.0
869.0,-541.0,-224.0,-133.0,-304.0,-218.0,-1593.0,-1605.0
866.0,-543.0,-222.0,-132.0,-303.0,-219.0,-1590.0,-1605.0
863.0,-545.0,-222.0,-132.0,-304.0,-220.0,-1590.0,-1606.0
863.0,-545.0,-223.0,-133.0,-305.0,-220.0,-1592.0,-1607.0
860.0,-541.0,-224.0,-134.0,-305.0,-220.0,-1593.0,-1608.0
854.0,-533.0,-224.0,-134.0,-305.0,-219.0,-1594.0,-1610.0
852.0,-531.0,-225.0,-135.0,-306.0,-216.0,-1596.0,-1612.0
852.0,-529.0,-226.0,-136.0,-306.0,-212.0,-1596.0,-1613.0
851.0,-530.0,-225.0,-135.0,-305.0,-211.0,-1598.0,-1613.0
841.0,-531.0,-225.0,-136.0,-306.0,-214.0,-1601.0,-1614.0
824.0,-533.0,-227.0,-138.0,-309.0,-217.0,-1606.0,-1617.0
808.0,-537.0,-232.0,-141.0,-312.0,-221.0,-1612.0,-1622.0
797.0,-538.0,-237.0,-145.0,-315.0,-224.0,-1616.0,-1624.0
785.0,-537.0,-241.0,-149.0,-319.0,-228.0,-1624.0,-1628.0
774.0,-536.0,-247.0,-153.0,-324.0,-233.0,-1633.0,-1632.0
762.0,-533.0,-252.0,-158.0,-329.0,-239.0,-1642.0,-1638.0
751.0,-529.0,-256.0,-164.0,-334.0,-244.0,-1649.0,-1643.0
737.0,-524.0,-259.0,-167.0,-337.0,-247.0,-1656.0,-1648.0
727.0,-523.0,-261.0,-169.0,-339.0,-249.0,-1661.0,-1651.0
714.0,-523.0,-262.0,-170.0,-341.0,-251.0,-1668.0,-1654.0
705.0,-525.0,-264.0,-172.0,-342.0,-253.0,-1680.0,-1656.0
696.0,-529.0,-266.0,-175.0,-345.0,-255.0,-1689.0,-1659.0
687.0,-528.0,-266.0,-175.0,-344.0,-255.0,-1691.0,-1659.0
671.0,-520.0,-264.0,-174.0,-343.0,-253.0,-1691.0,-1659.0
655.0,-510.0,-262.0,-171.0,-341.0,-251.0,-1693.0,-1662.0
640.0,-498.0,-257.0,-164.0,-336.0,-248.0,-1695.0,-1665.0
623.0,-483.0,-248.0,-154.0,-328.0,-242.0,-1693.0,-1665.0
604.0,-469.0,-239.0,-145.0,-322.0,-237.0,-1692.0,-1665.0
590.0,-465.0,-235.0,-138.0,-318.0,-235.0,-1695.0,-1668.0
589.0,-469.0,-233.0,-134.0,-313.0,-232.0,-1694.0,-1666.0
593.0,-483.0,-236.0,-134.0,-312.0,-233.0,-1696.0,-1665.0
597.0,-504.0,-241.0,-136.0,-317.0,-241.0,-1703.0,-1667.0
605.0,-529.0,-245.0,-135.0,-320.0,-248.0,-1710.0,-1672.0
616.0,-553.0,-250.0,-132.0,-322.0,-249.0,-1713.0,-1675.0
633.0,-575.0,-256.0,-130.0,-321.0,-244.0,-1712.0,-1674.0
667.0,-605.0,-268.0,-130.0,-321.0,-241.0,-1710.0,-1673.0
717.0,-643.0,-280.0,-128.0,-317.0,-236.0,-1702.0,-1666.0
773.0,-679.0,-291.0,-122.0,-309.0,-229.0,-1689.0,-1653.0
826.0,-713.0,-301.0,-121.0,-303.0,-223.0,-1677.0,-1640.0
871.0,-752.0,-315.0,-130.0,-313.0,-231.0,-1680.0,-1638.0
895.0,-784.0,-331.0,-149.0,-333.0,-252.0,-1697.0,-1649.0
902.0,-796.0,-350.0,-175.0,-355.0,-271.0,-1711.0,-1657.0
892.0,-791.0,-373.0,-211.0,-379.0,-288.0,-1722.0,-1664.0
863.0,-769.0,-401.0,-258.0,-408.0,-307.0,-1733.0,-1673.0
819.0,-730.0,-424.0,-304.0,-436.0,-326.0,-1743.0,-1680.0
762.0,-681.0,-436.0,-340.0,-462.0,-345.0,-1752.0,-1689.0
720.0,-652.0,-451.0,-376.0,-491.0,-369.0,-1767.0,-1702.0
701.0,-643.0,-467.0,-409.0,-517.0,-388.0,-1780.0,-1712.0
682.0,-644.0,-473.0,-424.0,-534.0,-403.0,-1794.0,-1726.0
663.0,-646.0,-471.0,-424.0,-541.0,-413.0,-1807.0,-1739.0
651.0,-645.0,-467.0,-416.0,-539.0,-413.0,-1812.0,-1744.0
646.0,-643.0,-460.0,-404.0,-531.0,-409.0,-1812.0,-1743.0
636.0,-632.0,-450.0,-390.0,-522.0,-405.0,-1810.0,-1742.0
622.0,-620.0,-441.0,-378.0,-514.0,-401.0,-1811.0,-1745.0
606.0,-607.0,-431.0,-363.0,-505.0,-394.0,-1810.0,-1751.0
591.0,-592.0,-418.0,-345.0,-491.0,-382.0,-1807.0,-1754.0
581.0,-579.0,-408.0,-332.0,-480.0,-372.0,-1802.0,-1755.0
577.0,-572.0,-398.0,-320.0,-472.0,-365.0,-1796.0,-1754.0
573.0,-569.0,-388.0,-308.0,-463.0,-358.0,-1790.0,-1753.0
573.0,-569.0,-378.0,-294.0,-452.0,-350.0,-1783.0,-1749.0
580.0,-573.0,-366.0,-277.0,-439.0,-341.0,-1776.0,-1743.0
588.0,-576.0,-353.0,-260.0,-426.0,-331.0,-1768.0,-1736.0
594.0,-576.0,-341.0,-246.0,-415.0,-321.0,-1759.0,-1731.0
596.0,-574.0,-334.0,-236.0,-408.0,-314.0,-1751.0,-1728.0
596.0,-567.0,-326.0,-228.0,-402.0,-308.0,-1743.0,-1725.0
597.0,-559.0,-320.0,-221.0,-397.0,-303.0,-1736.0,-1722.0
598.0,-552.0,-315.0,-215.0,-392.0,-300.0,-1731.0,-1721.0
601.0,-547.0,-311.0,-211.0,-388.0,-298.0,-1725.0,-1720.0
604.0,-543.0,-306.0,-205.0,-383.0,-293.0,-1718.0,-1716.0
609.0,-542.0,-300.0,-199.0,-379.0,-290.0,-1714.0,-1712.0
612.0,-542.0,-295.0,-194.0,-374.0,-286.0,-1710.0,-1708.0
619.0,-544.0,-291.0,-189.0,-370.0,-282.0,-1702.0,-1703.0
624.0,-544.0,-287.0,-186.0,-365.0,-278.0,-1693.0,-1700.0
628.0,-542.0,-284.0,-182.0,-362.0,-273.0,-1686.0,-1696.0
632.0,-538.0,-282.0,-179.0,-359.0,-270.0,-1682.0,-1694.0
635.0,-533.0,-280.0,-177.0,-358.0,-270.0,-1680.0,-1693.0
637.0,-528.0,-279.0,-175.0,-357.0,-270.0,-1678.0,-1691.0
645.0,-528.0,-278.0,-174.0,-356.0,-269.0,-1679.0,-1689.0
653.0,-531.0,-276.0,-172.0,-354.0,-266.0,-1678.0,-1687.0
656.0,-533.0,-275.0,-169.0,-352.0,-263.0,-1677.0,-1686.0
665.0,-540.0,-274.0,-166.0,-350.0,-262.0,-1678.0,-1685.0
677.0,-549.0,-273.0,-164.0,-348.0,-261.0,-1676.0,-1682.0
678.0,-548.0,-271.0,-161.0,-345.0,-257.0,-1673.0,-1678.0
681.0,-547.0,-269.0,-159.0,-344.0,-257.0,-1674.0,-1677.0
683.0,-544.0,-267.0,-159.0,-344.0,-257.0,-1673.0,-1677.0
688.0,-540.0,-266.0,-157.0,-343.0,-256.0,-1672.0,-1678.0
693.0,-539.0,-267.0,-157.0,-343.0,-256.0,-1673.0,-1683.0
696.0,-539.0,-267.0,-158.0,-344.0,-257.0,-1675.0,-1685.0
702.0,-543.0,-267.0,-158.0,-344.0,-255.0,-1673.0,-1684.0
707.0,-545.0,-267.0,-156.0,-342.0,-251.0,-1669.0,-1680.0
711.0,-548.0,-265.0,-153.0,-339.0,-247.0,-1665.0,-1680.0
713.0,-552.0,-262.0,-150.0,-335.0,-243.0,-1663.0,-1679.0
713.0,-553.0,-260.0,-149.0,-332.0,-240.0,-1661.0,-1679.0
714.0,-552.0,-260.0,-147.0,-331.0,-239.0,-1661.0,-1679.0
715.0,-550.0,-260.0,-148.0,-331.0,-240.0,-1662.0,-1681.0
715.0,-547.0,-261.0,-149.0,-333.0,-242.0,-1665.0,-1684.0
718.0,-545.0,-261.0,-150.0,-333.0,-243.0,-1667.0,-1686.0
719.0,-545.0,-262.0,-151.0,-334.0,-244.0,-1668.0,-1688.0
722.0,-547.0,-262.0,-151.0,-335.0,-245.0,-1670.0,-1692.0
724.0,-552.0,-262.0,-151.0,-334.0,-244.0,-1670.0,-1693.0
726.0,-557.0,-261.0,-152.0,-334.0,-244.0,-1670.0,-1694.0
729.0,-562.0,-259.0,-150.0,-333.0,-245.0,-1671.0,-1695.0
727.0,-563.0,-256.0,-148.0,-332.0,-246.0,-1671.0,-1696.0
729.0,-564.0,-255.0,-147.0,-331.0,-246.0,-1671.0,-1697.0
734.0,-563.0,-256.0,-146.0,-331.0,-243.0,-1670.0,-1698.0
734.0,-557.0,-257.0,-146.0,-331.0,-242.0,-1670.0,-1701.0
736.0,-556.0,-259.0,-148.0,-333.0,-242.0,-1671.0,-1704.0
739.0,-555.0,-258.0,-148.0,-333.0,-240.0,-1671.0,-1706.0
739.0,-554.0,-257.0,-148.0,-331.0,-238.0,-1670.0,-1705.0
739.0,-556.0,-255.0,-147.0,-330.0,-237.0,-1671.0,-1705.0
740.0,-559.0,-252.0,-145.0,-330.0,-240.0,-1671.0,-1704.0
747.0,-569.0,-251.0,-145.0,-331.0,-242.0,-1670.0,-1703.0
749.0,-572.0,-250.0,-143.0,-329.0,-241.0,-1668.0,-1701.0
747.0,-570.0,-249.0,-140.0,-328.0,-240.0,-1666.0,-1701.0
749.0,-567.0,-249.0,-140.0,-328.0,-240.0,-1665.0,-1701.0
747.0,-561.0,-248.0,-139.0,-328.0,-239.0,-1664.0,-1701.0
748.0,-558.0,-246.0,-138.0,-327.0,-241.0,-1664.0,-1703.0
750.0,-558.0,-245.0,-138.0,-327.0,-243.0,-1664.0,-1706.0
754.0,-562.0,-246.0,-138.0,-328.0,-243.0,-1664.0,-1707.0
759.0,-566.0,-244.0,-136.0,-326.0,-239.0,-1662.0,-1707.0
761.0,-570.0,-242.0,-134.0,-324.0,-233.0,-1660.0,-1706.0
764.0,-576.0,-240.0,-133.0,-322.0,-229.0,-1659.0,-1706.0
764.0,-577.0,-239.0,-132.0,-321.0,-228.0,-1658.0,-1708.0
766.0,-575.0,-239.0,-130.0,-320.0,-227.0,-1656.0,-1710.0
768.0,-573.0,-238.0,-130.0,-320.0,-227.0,-1655.0,-1711.0
771.0,-569.0,-237.0,-130.0,-319.0,-226.0,-1652.0,-1711.0
773.0,-565.0,-237.0,-130.0,-319.0,-226.0,-1650.0,-1712.0
775.0,-561.0,-236.0,-129.0,-318.0,-225.0,-1648.0,-1712.0
775.0,-561.0,-235.0,-127.0,-317.0,-224.0,-1646.0,-1713.0
777.0,-565.0,-233.0,-126.0,-317.0,-225.0,-1644.0,-1714.0
780.0,-570.0,-231.0,-124.0,-317.0,-225.0,-1642.0,-1714.0
782.0,-574.0,-229.0,-122.0,-316.0,-225.0,-1642.0,-1715.0
783.0,-577.0,-228.0,-121.0,-316.0,-225.0,-1643.0,-1716.0
785.0,-577.0,-227.0,-119.0,-315.0,-224.0,-1643.0,-1717.0
787.0,-576.0,-227.0,-119.0,-315.0,-224.0,-1644.0,-1719.0
787.0,-571.0,-226.0,-117.0,-314.0,-223.0,-1644.0,-1719.0
787.0,-566.0,-225.0,-116.0,-314.0,-224.0,-1643.0,-1719.0
790.0,-566.0,-224.0,-116.0,-313.0,-225.0,-1643.0,-1720.0
792.0,-568.0,-223.0,-114.0,-312.0,-224.0,-1642.0,-1719.0
796.0,-570.0,-221.0,-112.0,-310.0,-222.0,-1641.0,-1716.0
798.0,-573.0,-218.0,-111.0,-309.0,-222.0,-1640.0,-1714.0
798.0,-576.0,-216.0,-108.0,-308.0,-221.0,-1637.0,-1712.0
799.0,-578.0,-214.0,-106.0,-305.0,-218.0,-1634.0,-1711.0
801.0,-578.0,-213.0,-104.0,-304.0,-216.0,-1633.0,-1711.0
803.0,-575.0,-212.0,-104.0,-304.0,-214.0,-1631.0,-1709.0
804.0,-571.0,-211.0,-103.0,-302.0,-211.0,-1630.0,-1709.0
806.0,-567.0,-209.0,-100.0,-300.0,-208.0,-1628.0,-1707.0
809.0,-565.0,-208.0,-99.0,-299.0,-208.0,-1627.0,-1707.0
811.0,-566.0,-207.0,-97.0,-299.0,-210.0,-1628.0,-1705.0
811.0,-569.0,-204.0,-94.0,-297.0,-211.0,-1628.0,-1700.0
812.0,-572.0,-201.0,-91.0,-296.0,-211.0,-1625.0,-1698.0
812.0,-575.0,-199.0,-88.0,-294.0,-207.0,-1622.0,-1695.0
811.0,-573.0,-196.0,-85.0,-291.0,-202.0,-1617.0,-1693.0
811.0,-570.0,-194.0,-82.0,-288.0,-198.0,-1613.0,-1690.0
814.0,-567.0,-192.0,-81.0,-288.0,-197.0,-1611.0,-1688.0
814.0,-562.0,-192.0,-81.0,-288.0,-197.0,-1610.0,-1688.0
817.0,-559.0,-192.0,-81.0,-288.0,-198.0,-1608.0,-1688.0
816.0,-555.0,-190.0,-79.0,-288.0,-200.0,-1607.0,-1686.0
821.0,-558.0,-189.0,-78.0,-289.0,-201.0,-1606.0,-1689.0
822.0,-560.0,-188.0,-77.0,-288.0,-200.0,-1606.0,-1691.0
820.0,-562.0,-186.0,-75.0,-287.0,-199.0,-1604.0,-1689.0
822.0,-567.0,-183.0,-73.0,-287.0,-199.0,-1603.0,-1687.0
823.0,-568.0,-180.0,-72.0,-285.0,-197.0,-1601.0,-1687.0
822.0,-564.0,-178.0,-71.0,-284.0,-195.0,-1598.0,-1687.0
822.0,-559.0,-177.0,-70.0,-283.0,-192.0,-1595.0,-1687.0
824.0,-556.0,-176.0,-69.0,-283.0,-192.0,-1594.0,-1687.0
824.0,-551.0,-177.0,-69.0,-283.0,-186.0,-1593.0,-1686.0
823.0,-547.0,-178.0,-70.0,-284.0,-169.0,-1591.0,-1685.0
822.0,-545.0,-175.0,-70.0,-284.0,-155.0,-1589.0,-1684.0
821.0,-544.0,-173.0,-69.0,-285.0,-147.0,-1587.0,-1684.0
821.0,-546.0,-170.0,-68.0,-284.0,-139.0,-1581.0,-1682.0
823.0,-551.0,-168.0,-66.0,-282.0,-133.0,-1577.0,-1680.0
824.0,-553.0,-168.0,-64.0,-282.0,-131.0,-1577.0,-1680.0
824.0,-552.0,-168.0,-65.0,-285.0,-131.0,-1577.0,-1680.0
822.0,-547.0,-168.0,-66.0,-287.0,-133.0,-1577.0,-1680.0
823.0,-544.0,-170.0,-69.0,-290.0,-134.0,-1579.0,-1682.0
820.0,-538.0,-170.0,-70.0,-291.0,-133.0,-1578.0,-1682.0
821.0,-537.0,-171.0,-72.0,-294.0,-133.0,-1579.0,-1683.0
826.0,-541.0,-173.0,-75.0,-295.0,-133.0,-1578.0,-1683.0
827.0,-543.0,-172.0,-74.0,-295.0,-130.0,-1574.0,-1681.0
826.0,-545.0,-170.0,-73.0,-294.0,-126.0,-1570.0,-1679.0
823.0,-545.0,-168.0,-71.0,-292.0,-122.0,-1566.0,-1676.0
821.0,-543.0,-165.0,-70.0,-293.0,-124.0,-1564.0,-1673.0
826.0,-547.0,-167.0,-74.0,-298.0,-130.0,-1566.0,-1675.0
829.0,-547.0,-170.0,-78.0,-302.0,-134.0,-1567.0,-1675.0
829.0,-542.0,-173.0,-83.0,-308.0,-139.0,-1570.0,-1675.0
827.0,-540.0,-177.0,-87.0,-313.0,-141.0,-1573.0,-1677.0
814.0,-541.0,-185.0,-95.0,-319.0,-144.0,-1580.0,-1684.0
795.0,-542.0,-194.0,-105.0,-328.0,-149.0,-1584.0,-1692.0
777.0,-545.0,-200.0,-112.0,-336.0,-151.0,-1586.0,-1698.0
753.0,-544.0,-204.0,-116.0,-340.0,-151.0,-1585.0,-1703.0
735.0,-546.0,-208.0,-119.0,-344.0,-150.0,-1585.0,-1707.0
718.0,-549.0,-215.0,-127.0,-352.0,-153.0,-1587.0,-1711.0
706.0,-551.0,-221.0,-134.0,-362.0,-157.0,-1591.0,-1719.0
692.0,-547.0,-226.0,-138.0,-366.0,-159.0,-1597.0,-1727.0
677.0,-540.0,-231.0,-142.0,-370.0,-160.0,-1602.0,-1735.0
667.0,-536.0,-236.0,-148.0,-376.0,-164.0,-1604.0,-1741.0
659.0,-535.0,-241.0,-154.0,-383.0,-169.0,-1605.0,-1746.0
650.0,-536.0,-244.0,-157.0,-387.0,-172.0,-1605.0,-1751.0
642.0,-538.0,-247.0,-160.0,-390.0,-171.0,-1603.0,-1753.0
635.0,-541.0,-250.0,-162.0,-391.0,-171.0,-1603.0,-1755.0
630.0,-544.0,-251.0,-162.0,-391.0,-170.0,-1601.0,-1754.0
624.0,-546.0,-252.0,-164.0,-392.0,-172.0,-1601.0,-1754.0
619.0,-546.0,-254.0,-166.0,-395.0,-176.0,-1603.0,-1755.0
615.0,-545.0,-257.0,-169.0,-398.0,-180.0,-1606.0,-1757.0
611.0,-541.0,-259.0,-172.0,-402.0,-184.0,-1609.0,-1759.0
606.0,-536.0,-262.0,-174.0,-404.0,-187.0,-1612.0,-1761.0
602.0,-534.0,-265.0,-177.0,-406.0,-188.0,-1613.0,-1764.0
600.0,-534.0,-265.0,-177.0,-405.0,-188.0,-1613.0,-1765.0
599.0,-537.0,-264.0,-177.0,-404.0,-186.0,-1611.0,-1763.0
598.0,-542.0,-262.0,-177.0,-404.0,-186.0,-1609.0,-1760.0
597.0,-546.0,-261.0,-176.0,-404.0,-188.0,-1607.0,-1757.0
593.0,-547.0,-260.0,-177.0,-405.0,-190.0,-1608.0,-1757.0
591.0,-546.0,-261.0,-177.0,-406.0,-192.0,-1608.0,-1757.0
587.0,-541.0,-263.0,-178.0,-406.0,-193.0,-1608.0,-1757.0
583.0,-536.0,-264.0,-179.0,-407.0,-195.0,-1607.0,-1758.0
581.0,-533.0,-265.0,-180.0,-408.0,-197.0,-1607.0,-1760.0
579.0,-530.0,-266.0,-181.0,-409.0,-199.0,-1606.0,-1760.0
576.0,-529.0,-265.0,-181.0,-408.0,-199.0,-1606.0,-1759.0
571.0,-528.0,-263.0,-181.0,-407.0,-199.0,-1607.0,-1757.0
568.0,-530.0,-262.0,-180.0,-406.0,-199.0,-1606.0,-1754.0
571.0,-536.0,-262.0,-180.0,-405.0,-200.0,-1606.0,-1752.0
571.0,-539.0,-261.0,-179.0,-406.0,-199.0,-1606.0,-1751.0
570.0,-538.0,-261.0,-178.0,-405.0,-195.0,-1605.0,-1751.0
567.0,-533.0,-261.0,-177.0,-403.0,-191.0,-1603.0,-1751.0
565.0,-528.0,-261.0,-177.0,-402.0,-190.0,-1601.0,-1752.0
566.0,-525.0,-262.0,-178.0,-404.0,-191.0,-1599.0,-1751.0
565.0,-523.0,-263.0,-178.0,-405.0,-191.0,-1597.0,-1750.0
565.0,-525.0,-263.0,-178.0,-404.0,-189.0,-1595.0,-1750.0
564.0,-526.0,-262.0,-176.0,-403.0,-188.0,-1595.0,-1749.0
564.0,-528.0,-259.0,-174.0,-399.0,-186.0,-1594.0,-1747.0
564.0,-532.0,-256.0,-172.0,-397.0,-186.0,-1593.0,-1744.0
563.0,-533.0,-255.0,-170.0,-396.0,-185.0,-1590.0,-1742.0
564.0,-532.0,-254.0,-169.0,-396.0,-185.0,-1589.0,-1741.0
566.0,-529.0,-254.0,-168.0,-396.0,-186.0,-1587.0,-1742.0
567.0,-524.0,-254.0,-168.0,-397.0,-187.0,-1586.0,-1741.0
568.0,-519.0,-254.0,-168.0,-398.0,-188.0,-1586.0,-1742.0
570.0,-516.0,-253.0,-168.0,-399.0,-189.0,-1586.0,-1741.0
573.0,-515.0,-251.0,-166.0,-399.0,-188.0,-1584.0,-1738.0
579.0,-515.0,-247.0,-162.0,-394.0,-184.0,-1581.0,-1734.0
590.0,-520.0,-243.0,-158.0,-390.0,-181.0,-1577.0,-1729.0
606.0,-522.0,-236.0,-151.0,-384.0,-175.0,-1570.0,-1720.0
625.0,-521.0,-227.0,-142.0,-375.0,-166.0,-1560.0,-1710.0
648.0,-521.0,-219.0,-135.0,-367.0,-159.0,-1550.0,-1701.0
668.0,-521.0,-216.0,-131.0,-362.0,-155.0,-1544.0,-1696.0
683.0,-518.0,-211.0,-126.0,-356.0,-151.0,-1539.0,-1692.0
692.0,-512.0,-206.0,-122.0,-351.0,-146.0,-1535.0,-1688.0
700.0,-507.0,-203.0,-119.0,-348.0,-143.0,-1530.0,-1684.0
711.0,-508.0,-199.0,-114.0,-343.0,-141.0,-1527.0,-1680.0
722.0,-512.0,-196.0,-111.0,-341.0,-141.0,-1525.0,-1675.0
730.0,-516.0,-193.0,-109.0,-339.0,-143.0,-1524.0,-1671.0
735.0,-517.0,-189.0,-104.0,-336.0,-142.0,-1521.0,-1665.0
740.0,-517.0,-185.0,-100.0,-334.0,-139.0,-1520.0,-1660.0
745.0,-515.0,-181.0,-97.0,-331.0,-134.0,-1516.0,-1656.0
751.0,-512.0,-178.0,-95.0,-329.0,-127.0,-1513.0,-1654.0
757.0,-509.0,-178.0,-94.0,-329.0,-123.0,-1511.0,-1653.0
762.0,-505.0,-177.0,-92.0,-327.0,-119.0,-1509.0,-1651.0
765.0,-500.0,-175.0,-90.0,-325.0,-116.0,-1506.0,-1649.0
768.0,-499.0,-172.0,-88.0,-323.0,-112.0,-1500.0,-1645.0
769.0,-500.0,-169.0,-85.0,-322.0,-108.0,-1496.0,-1642.0
773.0,-503.0,-166.0,-82.0,-321.0,-108.0,-1492.0,-1638.0
777.0,-507.0,-163.0,-79.0,-320.0,-108.0,-1488.0,-1634.0
783.0,-511.0,-162.0,-77.0,-320.0,-110.0,-1487.0,-1630.0
786.0,-509.0,-160.0,-75.0,-320.0,-112.0,-1489.0,-1627.0
789.0,-505.0,-159.0,-74.0,-322.0,-114.0,-1489.0,-1624.0
794.0,-501.0,-158.0,-72.0,-323.0,-113.0,-1487.0,-1622.0
796.0,-497.0,-157.0,-71.0,-323.0,-112.0,-1485.0,-1621.0
799.0,-495.0,-156.0,-70.0,-322.0,-110.0,-1483.0,-1620.0
804.0,-497.0,-155.0,-68.0,-320.0,-108.0,-1482.0,-1620.0
807.0,-499.0,-153.0,-66.0,-319.0,-104.0,-1477.0,-1618.0
806.0,-500.0,-151.0,-64.0,-318.0,-98.0,-1473.0,-1616.0
807.0,-502.0,-148.0,-60.0,-315.0,-93.0,-1469.0,-1613.0
809.0,-503.0,-147.0,-59.0,-315.0,-92.0,-1468.0,-1611.0
813.0,-503.0,-146.0,-59.0,-316.0,-92.0,-1467.0,-1609.0
815.0,-500.0,-145.0,-58.0,-316.0,-91.0,-1468.0,-1606.0
819.0,-497.0,-146.0,-59.0,-318.0,-93.0,-1469.0,-1605.0
820.0,-494.0,-146.0,-60.0,-320.0,-96.0,-1469.0,-1604.0
821.0,-490.0,-145.0,-59.0,-320.0,-96.0,-1468.0,-1602.0
821.0,-490.0,-144.0,-59.0,-321.0,-95.0,-1467.0,-1599.0
822.0,-491.0,-143.0,-57.0,-319.0,-92.0,-1466.0,-1595.0
826.0,-496.0,-141.0,-55.0,-317.0,-88.0,-1464.0,-1591.0
828.0,-500.0,-139.0,-54.0,-316.0,-88.0,-1463.0,-1588.0
829.0,-501.0,-137.0,-52.0,-316.0,-87.0,-1462.0,-1585.0
828.0,-499.0,-136.0,-51.0,-315.0,-87.0,-1461.0,-1582.0
830.0,-496.0,-137.0,-51.0,-316.0,-88.0,-1461.0,-1580.0
830.0,-492.0,-137.0,-51.0,-317.0,-89.0,-1460.0,-1577.0
831.0,-488.0,-136.0,-51.0,-317.0,-90.0,-1459.0,-1574.0
832.0,-486.0,-136.0,-51.0,-317.0,-91.0,-1459.0,-1572.0
832.0,-485.0,-134.0,-50.0,-317.0,-90.0,-1458.0,-1568.0
832.0,-487.0,-133.0,-50.0,-317.0,-90.0,-1457.0,-1566.0
831.0,-490.0,-132.0,-49.0,-316.0,-89.0,-1456.0,-1562.0
830.0,-493.0,-131.0,-48.0,-315.0,-89.0,-1454.0,-1559.0
829.0,-495.0,-131.0,-48.0,-315.0,-90.0,-1455.0,-1558.0
828.0,-494.0,-131.0,-48.0,-316.0,-91.0,-1455.0,-1557.0
827.0,-491.0,-132.0,-51.0,-318.0,-94.0,-1457.0,-1558.0
825.0,-487.0,-132.0,-52.0,-319.0,-96.0,-1460.0,-1558.0
823.0,-483.0,-133.0,-53.0,-320.0,-97.0,-1462.0,-1557.0
817.0,-478.0,-134.0,-54.0,-321.0,-99.0,-1464.0,-1558.0
814.0,-478.0,-135.0,-55.0,-322.0,-100.0,-1466.0,-1558.0
812.0,-480.0,-135.0,-57.0,-322.0,-101.0,-1466.0,-1556.0
807.0,-484.0,-136.0,-58.0,-324.0,-102.0,-1466.0,-1556.0
801.0,-487.0,-136.0,-59.0,-325.0,-103.0,-1468.0,-1555.0
794.0,-490.0,-138.0,-62.0,-327.0,-104.0,-1471.0,-1556.0
783.0,-485.0,-139.0,-63.0,-328.0,-104.0,-1474.0,-1557.0
774.0,-480.0,-140.0,-66.0,-330.0,-107.0,-1476.0,-1559.0
767.0,-476.0,-144.0,-70.0,-334.0,-112.0,-1480.0,-1562.0
761.0,-473.0,-148.0,-74.0,-338.0,-117.0,-1485.0,-1565.0
754.0,-471.0,-150.0,-76.0,-341.0,-120.0,-1488.0,-1565.0
745.0,-470.0,-152.0,-78.0,-342.0,-122.0,-1489.0,-1566.0
738.0,-471.0,-152.0,-79.0,-343.0,-124.0,-1490.0,-1567.0
730.0,-472.0,-152.0,-80.0,-344.0,-126.0,-1491.0,-1566.0
720.0,-474.0,-152.0,-81.0,-346.0,-129.0,-1496.0,-1566.0
714.0,-477.0,-154.0,-83.0,-348.0,-133.0,-1501.0,-1567.0
714.0,-482.0,-158.0,-87.0,-352.0,-134.0,-1503.0,-1569.0
708.0,-480.0,-161.0,-89.0,-354.0,-134.0,-1502.0,-1571.0
699.0,-473.0,-163.0,-91.0,-355.0,-132.0,-1501.0,-1573.0
691.0,-467.0,-165.0,-93.0,-358.0,-132.0,-1502.0,-1575.0
683.0,-463.0,-167.0,-95.0,-359.0,-132.0,-1503.0,-1576.0
674.0,-460.0,-168.0,-96.0,-360.0,-132.0,-1503.0,-1577.0
667.0,-460.0,-168.0,-96.0,-359.0,-132.0,-1502.0,-1577.0
663.0,-465.0,-169.0,-97.0,-360.0,-134.0,-1504.0,-1577.0
657.0,-468.0,-168.0,-97.0,-361.0,-136.0,-1505.0,-1576.0
651.0,-469.0,-169.0,-98.0,-362.0,-138.0,-1507.0,-1574.0
647.0,-468.0,-170.0,-99.0,-363.0,-141.0,-1509.0,-1574.0
644.0,-465.0,-170.0,-102.0,-364.0,-144.0,-1512.0,-1574.0
640.0,-459.0,-171.0,-104.0,-365.0,-145.0,-1513.0,-1574.0
637.0,-455.0,-172.0,-106.0,-366.0,-144.0,-1514.0,-1574.0
635.0,-453.0,-173.0,-108.0,-367.0,-145.0,-1516.0,-1574.0
633.0,-455.0,-175.0,-110.0,-369.0,-147.0,-1518.0,-1573.0
628.0,-458.0,-176.0,-111.0,-370.0,-151.0,-1520.0,-1571.0
624.0,-463.0,-176.0,-113.0,-372.0,-154.0,-1521.0,-1568.0
620.0,-467.0,-176.0,-114.0,-374.0,-157.0,-1520.0,-1565.0
617.0,-470.0,-177.0,-115.0,-375.0,-158.0,-1521.0,-1564.0
612.0,-469.0,-179.0,-116.0,-376.0,-156.0,-1522.0,-1564.0
604.0,-463.0,-179.0,-116.0,-375.0,-155.0,-1523.0,-1564.0
598.0,-458.0,-182.0,-118.0,-378.0,-158.0,-1527.0,-1565.0
592.0,-454.0,-184.0,-121.0,-380.0,-161.0,-1530.0,-1567.0
588.0,-451.0,-186.0,-123.0,-381.0,-165.0,-1532.0,-1568.0
583.0,-451.0,-186.0,-124.0,-383.0,-168.0,-1533.0,-1570.0
578.0,-453.0,-186.0,-125.0,-384.0,-171.0,-1534.0,-1571.0
574.0,-455.0,-187.0,-126.0,-383.0,-170.0,-1534.0,-1572.0
568.0,-457.0,-186.0,-125.0,-382.0,-166.0,-1531.0,-1571.0
563.0,-459.0,-186.0,-125.0,-382.0,-165.0,-1531.0,-1573.0
559.0,-458.0,-187.0,-127.0,-383.0,-164.0,-1530.0,-1576.0
555.0,-455.0,-189.0,-128.0,-384.0,-166.0,-1531.0,-1577.0
531.0,-449.0,-195.0,-133.0,-315.0,-180.0,-1552.0,-1581.0
526.0,-452.0,-195.0,-134.0,-223.0,-180.0,-1552.0,-1579.0
522.0,-453.0,-195.0,-134.0,-180.0,-180.0,-1552.0,-1578.0
520.0,-453.0,-196.0,-135.0,-154.0,-182.0,-1554.0,-1579.0
517.0,-451.0,-198.0,-136.0,-137.0,-186.0,-1557.0,-1580.0
510.0,-445.0,-199.0,-138.0,-124.0,-189.0,-1559.0,-1581.0
505.0,-441.0,-201.0,-140.0,-116.0,-192.0,-1562.0,-1583.0
500.0,-437.0,-203.0,-141.0,-109.0,-193.0,-1564.0,-1583.0
497.0,-438.0,-204.0,-142.0,-102.0,-194.0,-1566.0,-1583.0
493.0,-441.0,-204.0,-142.0,-97.0,-195.0,-1567.0,-1582.0
487.0,-442.0,-203.0,-142.0,-92.0,-195.0,-1567.0,-1581.0
484.0,-446.0,-203.0,-141.0,-89.0,-195.0,-1567.0,-1581.0
480.0,-447.0,-204.0,-141.0,-85.0,-196.0,-1567.0,-1581.0
475.0,-445.0,-206.0,-142.0,-83.0,-198.0,-1567.0,-1582.0
469.0,-441.0,-207.0,-143.0,-83.0,-200.0,-1569.0,-1583.0
465.0,-437.0,-209.0,-145.0,-82.0,-203.0,-1571.0,-1584.0
460.0,-431.0,-210.0,-145.0,-82.0,-205.0,-1574.0,-1585.0
459.0,-429.0,-211.0,-147.0,-82.0,-208.0,-1576.0,-1586.0
458.0,-431.0,-212.0,-147.0,-81.0,-209.0,-1577.0,-1585.0
455.0,-433.0,-212.0,-147.0,-79.0,-210.0,-1579.0,-1585.0
455.0,-438.0,-213.0,-148.0,-78.0,-211.0,-1584.0,-1585.0
453.0,-443.0,-212.0,-147.0,-76.0,-212.0,-1586.0,-1583.0
447.0,-442.0,-211.0,-146.0,-74.0,-214.0,-1585.0,-1582.0
444.0,-440.0,-210.0,-145.0,-72.0,-213.0,-1582.0,-1581.0
440.0,-435.0,-210.0,-145.0,-72.0,-212.0,-1579.0,-1580.0
438.0,-431.0,-212.0,-147.0,-72.0,-211.0,-1578.0,-1580.0
436.0,-428.0,-213.0,-146.0,-72.0,-211.0,-1576.0,-1579.0
433.0,-426.0,-213.0,-146.0,-71.0,-209.0,-1575.0,-1581.0
426.0,-423.0,-212.0,-145.0,-68.0,-207.0,-1574.0,-1581.0
424.0,-425.0,-211.0,-144.0,-67.0,-206.0,-1573.0,-1580.0
423.0,-429.0,-211.0,-143.0,-65.0,-203.0,-1571.0,-1578.0
419.0,-432.0,-209.0,-141.0,-62.0,-200.0,-1571.0,-1578.0
416.0,-432.0,-208.0,-139.0,-61.0,-199.0,-1571.0,-1577.0
413.0,-432.0,-207.0,-138.0,-60.0,-200.0,-1571.0,-1575.0
412.0,-429.0,-209.0,-139.0,-61.0,-201.0,-1572.0,-1575.0
409.0,-425.0,-211.0,-140.0,-62.0,-205.0,-1574.0,-1576.0
406.0,-421.0,-212.0,-142.0,-63.0,-208.0,-1575.0,-1577.0
403.0,-417.0,-214.0,-143.0,-64.0,-209.0,-1575.0,-1577.0
399.0,-417.0,-214.0,-143.0,-64.0,-208.0,-1575.0,-1575.0
396.0,-419.0,-214.0,-142.0,-63.0,-207.0,-1572.0,-1573.0
392.0,-422.0,-212.0,-141.0,-61.0,-206.0,-1571.0,-1572.0
389.0,-425.0,-210.0,-139.0,-60.0,-205.0,-1570.0,-1570.0
384.0,-424.0,-209.0,-138.0,-59.0,-205.0,-1570.0,-1568.0
381.0,-423.0,-210.0,-138.0,-59.0,-205.0,-1570.0,-1568.0
382.0,-420.0,-210.0,-138.0,-59.0,-206.0,-1570.0,-1567.0
381.0,-415.0,-212.0,-141.0,-60.0,-208.0,-1572.0,-1567.0
381.0,-412.0,-214.0,-142.0,-62.0,-210.0,-1573.0,-1567.0
384.0,-411.0,-213.0,-141.0,-61.0,-210.0,-1571.0,-1565.0
386.0,-410.0,-213.0,-139.0,-58.0,-208.0,-1566.0,-1563.0
386.0,-411.0,-212.0,-138.0,-56.0,-206.0,-1562.0,-1560.0
385.0,-413.0,-211.0,-136.0,-55.0,-202.0,-1559.0,-1557.0
386.0,-418.0,-211.0,-136.0,-54.0,-200.0,-1557.0,-1556.0
387.0,-422.0,-213.0,-136.0,-54.0,-198.0,-1556.0,-1554.0
387.0,-424.0,-215.0,-137.0,-54.0,-198.0,-1556.0,-1554.0
386.0,-421.0,-217.0,-138.0,-55.0,-201.0,-1556.0,-1553.0
384.0,-418.0,-221.0,-141.0,-58.0,-205.0,-1558.0,-1555.0
379.0,-414.0,-225.0,-146.0,-62.0,-209.0,-1559.0,-1557.0
374.0,-411.0,-229.0,-150.0,-66.0,-210.0,-1559.0,-1558.0
370.0,-411.0,-231.0,-152.0,-67.0,-209.0,-1558.0,-1560.0
369.0,-416.0,-232.0,-152.0,-68.0,-208.0,-1555.0,-1560.0
367.0,-419.0,-231.0,-151.0,-66.0,-205.0,-1544.0,-1560.0
363.0,-422.0,-229.0,-151.0,-64.0,-204.0,-1536.0,-1558.0
357.0,-421.0,-228.0,-150.0,-64.0,-203.0,-1532.0,-1559.0
355.0,-421.0,-228.0,-151.0,-65.0,-205.0,-1531.0,-1560.0
354.0,-419.0,-230.0,-153.0,-67.0,-207.0,-1533.0,-1563.0
349.0,-412.0,-231.0,-154.0,-67.0,-209.0,-1534.0,-1564.0
343.0,-406.0,-232.0,-156.0,-68.0,-210.0,-1535.0,-1564.0
336.0,-402.0,-233.0,-156.0,-68.0,-212.0,-1538.0,-1566.0
329.0,-399.0,-232.0,-155.0,-67.0,-212.0,-1539.0,-1568.0
323.0,-398.0,-231.0,-154.0,-65.0,-211.0,-1540.0,-1567.0
318.0,-402.0,-230.0,-154.0,-65.0,-212.0,-1543.0,-1568.0
313.0,-406.0,-231.0,-156.0,-67.0,-214.0,-1547.0,-1569.0
311.0,-409.0,-233.0,-159.0,-69.0,-217.0,-1549.0,-1569.0
309.0,-410.0,-234.0,-160.0,-70.0,-218.0,-1551.0,-1570.0
305.0,-405.0,-235.0,-161.0,-71.0,-220.0,-1556.0,-1572.0
303.0,-401.0,-237.0,-163.0,-73.0,-224.0,-1560.0,-1575.0
300.0,-398.0,-238.0,-165.0,-74.0,-227.0,-1564.0,-1576.0
298.0,-396.0,-240.0,-167.0,-76.0,-229.0,-1567.0,-1578.0
294.0,-396.0,-239.0,-167.0,-75.0,-227.0,-1568.0,-1578.0
292.0,-396.0,-238.0,-166.0,-74.0,-224.0,-1567.0,-1576.0
290.0,-399.0,-238.0,-165.0,-73.0,-221.0,-1567.0,-1574.0
287.0,-402.0,-236.0,-163.0,-71.0,-219.0,-1567.0,-1572.0
284.0,-403.0,-235.0,-162.0,-70.0,-218.0,-1567.0,-1570.0
282.0,-402.0,-236.0,-162.0,-71.0,-219.0,-1569.0,-1569.0
279.0,-398.0,-236.0,-163.0,-72.0,-220.0,-1571.0,-1570.0
276.0,-394.0,-238.0,-165.0,-74.0,-223.0,-1574.0,-1572.0
275.0,-390.0,-239.0,-167.0,-76.0,-225.0,-1577.0,-1573.0
273.0,-387.0,-240.0,-169.0,-77.0,-226.0,-1579.0,-1574.0
271.0,-386.0,-240.0,-169.0,-77.0,-227.0,-1581.0,-1574.0
269.0,-388.0,-239.0,-169.0,-77.0,-226.0,-1581.0,-1574.0
267.0,-391.0,-238.0,-168.0,-76.0,-224.0,-1581.0,-1571.0
265.0,-394.0,-236.0,-166.0,-74.0,-221.0,-1580.0,-1569.0
262.0,-396.0,-235.0,-166.0,-74.0,-220.0,-1582.0,-1568.0
261.0,-394.0,-235.0,-165.0,-73.0,-218.0,-1583.0,-1566.0
259.0,-390.0,-235.0,-165.0,-74.0,-216.0,-1585.0,-1565.0
256.0,-385.0,-236.0,-166.0,-73.0,-215.0,-1588.0,-1567.0
255.0,-382.0,-238.0,-167.0,-73.0,-216.0,-1591.0,-1568.0
250.0,-378.0,-238.0,-168.0,-74.0,-217.0,-1593.0,-1568.0
247.0,-375.0,-237.0,-168.0,-74.0,-216.0,-1594.0,-1568.0
245.0,-377.0,-236.0,-166.0,-73.0,-215.0,-1594.0,-1566.0
243.0,-379.0,-234.0,-164.0,-71.0,-213.0,-1594.0,-1564.0
238.0,-378.0,-230.0,-161.0,-68.0,-210.0,-1593.0,-1562.0
235.0,-376.0,-225.0,-156.0,-64.0,-207.0,-1592.0,-1561.0
229.0,-369.0,-216.0,-146.0,-57.0,-202.0,-1591.0,-1559.0
219.0,-355.0,-206.0,-134.0,-47.0,-195.0,-1588.0,-1557.0
204.0,-338.0,-194.0,-122.0,-38.0,-187.0,-1585.0,-1556.0
192.0,-326.0,-185.0,-112.0,-30.0,-181.0,-1584.0,-1556.0
191.0,-324.0,-182.0,-106.0,-24.0,-176.0,-1583.0,-1554.0
199.0,-332.0,-184.0,-104.0,-19.0,-171.0,-1580.0,-1549.0
210.0,-349.0,-187.0,-103.0,-18.0,-171.0,-1581.0,-1548.0
220.0,-371.0,-187.0,-98.0,-15.0,-169.0,-1582.0,-1547.0
234.0,-394.0,-183.0,-87.0,-8.0,-165.0,-1581.0,-1544.0
256.0,-418.0,-183.0,-79.0,-2.0,-160.0,-1576.0,-1538.0
288.0,-442.0,-186.0,-72.0,3.0,-153.0,-1568.0,-1529.0
331.0,-471.0,-192.0,-64.0,11.0,-144.0,-1559.0,-1516.0
385.0,-498.0,-197.0,-51.0,26.0,-128.0,-1541.0,-1496.0
436.0,-521.0,-204.0,-44.0,38.0,-112.0,-1525.0,-1476.0
482.0,-548.0,-215.0,-48.0,38.0,-110.0,-1518.0,-1464.0
516.0,-581.0,-232.0,-66.0,21.0,-128.0,-1532.0,-1468.0
536.0,-606.0,-256.0,-96.0,-7.0,-154.0,-1551.0,-1476.0
540.0,-612.0,-284.0,-136.0,-37.0,-177.0,-1567.0,-1482.0
528.0,-607.0,-317.0,-185.0,-69.0,-198.0,-1580.0,-1485.0
499.0,-587.0,-346.0,-235.0,-103.0,-220.0,-1594.0,-1491.0
458.0,-556.0,-363.0,-277.0,-134.0,-243.0,-1611.0,-1500.0
411.0,-522.0,-375.0,-315.0,-166.0,-268.0,-1631.0,-1513.0
383.0,-503.0,-392.0,-351.0,-196.0,-290.0,-1646.0,-1523.0
358.0,-489.0,-400.0,-373.0,-215.0,-305.0,-1647.0,-1530.0
332.0,-480.0,-399.0,-377.0,-225.0,-317.0,-1650.0,-1541.0
318.0,-480.0,-398.0,-372.0,-227.0,-321.0,-1654.0,-1547.0
312.0,-478.0,-392.0,-361.0,-221.0,-316.0,-1652.0,-1547.0
307.0,-476.0,-384.0,-349.0,-213.0,-309.0,-1649.0,-1544.0
296.0,-470.0,-375.0,-336.0,-203.0,-301.0,-1646.0,-1541.0
280.0,-461.0,-364.0,-321.0,-193.0,-292.0,-1645.0,-1541.0
258.0,-447.0,-349.0,-301.0,-179.0,-282.0,-1644.0,-1541.0
238.0,-431.0,-336.0,-285.0,-168.0,-275.0,-1642.0,-1540.0
226.0,-419.0,-326.0,-274.0,-160.0,-270.0,-1641.0,-1538.0
217.0,-410.0,-317.0,-263.0,-152.0,-264.0,-1640.0,-1536.0
214.0,-406.0,-308.0,-251.0,-142.0,-256.0,-1636.0,-1531.0
216.0,-405.0,-298.0,-236.0,-131.0,-246.0,-1630.0,-1526.0
217.0,-405.0,-287.0,-221.0,-119.0,-235.0,-1624.0,-1519.0
216.0,-407.0,-276.0,-208.0,-108.0,-224.0,-1618.0,-1513.0
215.0,-407.0,-265.0,-196.0,-98.0,-215.0,-1612.0,-1507.0
209.0,-401.0,-255.0,-185.0,-89.0,-206.0,-1607.0,-1501.0
203.0,-395.0,-247.0,-178.0,-83.0,-200.0,-1604.0,-1498.0
199.0,-388.0,-243.0,-174.0,-80.0,-197.0,-1602.0,-1496.0
195.0,-378.0,-240.0,-171.0,-77.0,-193.0,-1601.0,-1493.0
195.0,-371.0,-237.0,-169.0,-75.0,-191.0,-1599.0,-1490.0
194.0,-364.0,-235.0,-167.0,-72.0,-188.0,-1597.0,-1488.0
192.0,-360.0,-232.0,-165.0,-70.0,-184.0,-1595.0,-1484.0
191.0,-358.0,-229.0,-162.0,-67.0,-180.0,-1592.0,-1480.0
190.0,-358.0,-227.0,-159.0,-64.0,-176.0,-1590.0,-1477.0
188.0,-359.0,-224.0,-157.0,-62.0,-172.0,-1587.0,-1473.0
188.0,-360.0,-222.0,-155.0,-60.0,-170.0,-1584.0,-1470.0
188.0,-359.0,-221.0,-154.0,-59.0,-169.0,-1584.0,-1470.0
188.0,-356.0,-221.0,-155.0,-59.0,-169.0,-1584.0,-1470.0
187.0,-351.0,-221.0,-154.0,-59.0,-169.0,-1585.0,-1469.0
187.0,-347.0,-221.0,-154.0,-60.0,-168.0,-1585.0,-1468.0
186.0,-344.0,-221.0,-153.0,-60.0,-167.0,-1584.0,-1468.0
185.0,-343.0,-220.0,-153.0,-59.0,-167.0,-1583.0,-1466.0
184.0,-345.0,-219.0,-152.0,-58.0,-167.0,-1583.0,-1466.0
182.0,-346.0,-217.0,-151.0,-57.0,-166.0,-1581.0,-1464.0
184.0,-350.0,-215.0,-149.0,-55.0,-163.0,-1578.0,-1461.0
186.0,-354.0,-214.0,-148.0,-55.0,-161.0,-1577.0,-1459.0
185.0,-352.0,-214.0,-148.0,-53.0,-159.0,-1576.0,-1458.0
184.0,-348.0,-214.0,-148.0,-53.0,-155.0,-1576.0,-1458.0
184.0,-344.0,-214.0,-149.0,-52.0,-154.0,-1577.0,-1458.0
184.0,-341.0,-215.0,-150.0,-54.0,-154.0,-1579.0,-1460.0
182.0,-338.0,-216.0,-152.0,-55.0,-154.0,-1579.0,-1460.0
181.0,-335.0,-214.0,-150.0,-54.0,-154.0,-1578.0,-1460.0
179.0,-336.0,-213.0,-149.0,-52.0,-152.0,-1576.0,-1460.0
179.0,-339.0,-211.0,-147.0,-50.0,-149.0,-1573.0,-1458.0
181.0,-344.0,-210.0,-146.0,-49.0,-145.0,-1571.0,-1457.0
182.0,-345.0,-209.0,-145.0,-47.0,-141.0,-1570.0,-1456.0
180.0,-343.0,-208.0,-144.0,-45.0,-138.0,-1571.0,-1456.0
179.0,-340.0,-208.0,-145.0,-45.0,-137.0,-1571.0,-1456.0
178.0,-336.0,-209.0,-146.0,-46.0,-137.0,-1572.0,-1458.0
179.0,-333.0,-210.0,-147.0,-47.0,-138.0,-1573.0,-1458.0
178.0,-330.0,-210.0,-147.0,-46.0,-138.0,-1573.0,-1456.0
177.0,-330.0,-210.0,-147.0,-47.0,-139.0,-1574.0,-1457.0
178.0,-332.0,-208.0,-146.0,-46.0,-139.0,-1574.0,-1457.0
179.0,-336.0,-207.0,-145.0,-45.0,-138.0,-1573.0,-1456.0
177.0,-339.0,-205.0,-143.0,-43.0,-137.0,-1572.0,-1455.0
176.0,-339.0,-204.0,-142.0,-41.0,-136.0,-1571.0,-1455.0
176.0,-339.0,-203.0,-142.0,-42.0,-136.0,-1570.0,-1455.0
175.0,-337.0,-204.0,-142.0,-42.0,-137.0,-1571.0,-1457.0
174.0,-332.0,-205.0,-144.0,-43.0,-138.0,-1572.0,-1459.0
174.0,-329.0,-206.0,-145.0,-45.0,-140.0,-1575.0,-1461.0
174.0,-327.0,-207.0,-145.0,-46.0,-141.0,-1577.0,-1463.0
173.0,-327.0,-206.0,-144.0,-45.0,-141.0,-1576.0,-1464.0
172.0,-327.0,-204.0,-143.0,-44.0,-140.0,-1574.0,-1463.0
172.0,-331.0,-203.0,-142.0,-43.0,-138.0,-1573.0,-1463.0
174.0,-336.0,-201.0,-140.0,-41.0,-137.0,-1571.0,-1463.0
176.0,-339.0,-200.0,-139.0,-40.0,-136.0,-1569.0,-1463.0
176.0,-338.0,-200.0,-139.0,-39.0,-135.0,-1567.0,-1462.0
173.0,-333.0,-199.0,-139.0,-39.0,-135.0,-1568.0,-1463.0
172.0,-328.0,-200.0,-139.0,-39.0,-136.0,-1569.0,-1466.0
172.0,-324.0,-201.0,-140.0,-40.0,-136.0,-1570.0,-1468.0
173.0,-323.0,-201.0,-140.0,-40.0,-136.0,-1569.0,-1469.0
173.0,-323.0,-199.0,-138.0,-38.0,-134.0,-1568.0,-1470.0
172.0,-323.0,-197.0,-136.0,-36.0,-132.0,-1566.0,-1470.0
173.0,-326.0,-196.0,-134.0,-34.0,-131.0,-1566.0,-1470.0
175.0,-332.0,-195.0,-132.0,-33.0,-130.0,-1566.0,-1471.0
174.0,-333.0,-193.0,-131.0,-32.0,-129.0,-1565.0,-1470.0
173.0,-330.0,-193.0,-131.0,-31.0,-129.0,-1565.0,-1470.0
172.0,-327.0,-193.0,-131.0,-31.0,-131.0,-1565.0,-1471.0
172.0,-323.0,-193.0,-130.0,-31.0,-133.0,-1565.0,-1472.0
172.0,-319.0,-193.0,-130.0,-32.0,-135.0,-1565.0,-1474.0
174.0,-319.0,-194.0,-131.0,-33.0,-137.0,-1566.0,-1474.0
174.0,-318.0,-193.0,-130.0,-32.0,-137.0,-1566.0,-1473.0
173.0,-319.0,-192.0,-129.0,-31.0,-138.0,-1565.0,-1473.0
171.0,-321.0,-190.0,-127.0,-29.0,-138.0,-1563.0,-1472.0
172.0,-325.0,-188.0,-124.0,-27.0,-135.0,-1560.0,-1469.0
170.0,-325.0,-187.0,-123.0,-26.0,-133.0,-1557.0,-1469.0
168.0,-324.0,-186.0,-122.0,-25.0,-130.0,-1553.0,-1469.0
168.0,-321.0,-186.0,-122.0,-24.0,-127.0,-1552.0,-1470.0
167.0,-316.0,-186.0,-121.0,-23.0,-125.0,-1550.0,-1471.0
164.0,-311.0,-186.0,-120.0,-22.0,-124.0,-1549.0,-1472.0
162.0,-306.0,-185.0,-119.0,-21.0,-124.0,-1547.0,-1473.0
163.0,-307.0,-184.0,-118.0,-20.0,-125.0,-1545.0,-1474.0
165.0,-311.0,-183.0,-117.0,-20.0,-127.0,-1544.0,-1474.0
166.0,-314.0,-181.0,-114.0,-18.0,-126.0,-1541.0,-1472.0
164.0,-316.0,-178.0,-111.0,-15.0,-123.0,-1538.0,-1469.0
163.0,-317.0,-176.0,-108.0,-14.0,-122.0,-1536.0,-1468.0
161.0,-315.0,-175.0,-107.0,-12.0,-121.0,-1536.0,-1469.0
162.0,-314.0,-175.0,-106.0,-12.0,-121.0,-1536.0,-1470.0
162.0,-310.0,-175.0,-105.0,-12.0,-122.0,-1536.0,-1469.0
161.0,-305.0,-175.0,-104.0,-13.0,-124.0,-1537.0,-1470.0
160.0,-302.0,-174.0,-104.0,-12.0,-124.0,-1538.0,-1470.0
159.0,-302.0,-173.0,-102.0,-12.0,-124.0,-1538.0,-1470.0
158.0,-304.0,-172.0,-100.0,-10.0,-124.0,-1537.0,-1470.0
157.0,-306.0,-170.0,-99.0,-8.0,-124.0,-1536.0,-1469.0
156.0,-309.0,-168.0,-96.0,-6.0,-123.0,-1533.0,-1468.0
154.0,-309.0,-166.0,-94.0,-4.0,-123.0,-1532.0,-1467.0
154.0,-308.0,-165.0,-93.0,-5.0,-124.0,-1531.0,-1468.0
152.0,-304.0,-165.0,-93.0,-5.0,-124.0,-1532.0,-1468.0
149.0,-299.0,-165.0,-92.0,-5.0,-122.0,-1533.0,-1470.0
144.0,-292.0,-165.0,-91.0,-4.0,-122.0,-1534.0,-1471.0
142.0,-288.0,-165.0,-91.0,-4.0,-123.0,-1533.0,-1471.0
140.0,-289.0,-165.0,-91.0,-5.0,-124.0,-1534.0,-1471.0
140.0,-291.0,-165.0,-92.0,-5.0,-125.0,-1534.0,-1471.0
141.0,-297.0,-164.0,-91.0,-4.0,-124.0,-1534.0,-1470.0
140.0,-300.0,-162.0,-90.0,-2.0,-124.0,-1535.0,-1470.0
135.0,-298.0,-161.0,-89.0,-1.0,-123.0,-1535.0,-1470.0
131.0,-294.0,-160.0,-88.0,-1.0,-123.0,-1535.0,-1469.0
128.0,-291.0,-160.0,-90.0,-2.0,-126.0,-1536.0,-1470.0
126.0,-287.0,-161.0,-92.0,-4.0,-128.0,-1536.0,-1471.0
124.0,-283.0,-162.0,-94.0,-6.0,-130.0,-1538.0,-1473.0
121.0,-278.0,-162.0,-94.0,-7.0,-132.0,-1538.0,-1474.0
119.0,-276.0,-161.0,-94.0,-7.0,-132.0,-1537.0,-1473.0
116.0,-276.0,-160.0,-93.0,-6.0,-133.0,-1536.0,-1471.0
112.0,-276.0,-159.0,-93.0,-5.0,-134.0,-1537.0,-1469.0
108.0,-277.0,-158.0,-92.0,-4.0,-133.0,-1537.0,-1468.0
106.0,-277.0,-157.0,-92.0,-3.0,-132.0,-1537.0,-1467.0
105.0,-277.0,-157.0,-93.0,-4.0,-131.0,-1537.0,-1468.0
102.0,-273.0,-159.0,-94.0,-4.0,-131.0,-1538.0,-1470.0
98.0,-267.0,-159.0,-96.0,-5.0,-132.0,-1539.0,-1471.0
98.0,-264.0,-161.0,-99.0,-8.0,-134.0,-1540.0,-1473.0
102.0,-264.0,-164.0,-102.0,-10.0,-137.0,-1541.0,-1473.0
101.0,-264.0,-165.0,-104.0,-11.0,-138.0,-1540.0,-1473.0
95.0,-262.0,-164.0,-104.0,-10.0,-137.0,-1538.0,-1471.0
93.0,-264.0,-164.0,-104.0,-10.0,-137.0,-1537.0,-1470.0
95.0,-269.0,-164.0,-105.0,-9.0,-136.0,-1537.0,-1470.0
94.0,-271.0,-165.0,-107.0,-11.0,-138.0,-1537.0,-1469.0
93.0,-269.0,-166.0,-108.0,-11.0,-139.0,-1537.0,-1468.0
92.0,-265.0,-168.0,-110.0,-13.0,-139.0,-1537.0,-1468.0
90.0,-260.0,-170.0,-113.0,-14.0,-140.0,-1538.0,-1469.0
89.0,-256.0,-172.0,-116.0,-17.0,-142.0,-1539.0,-1469.0
89.0,-254.0,-174.0,-119.0,-18.0,-143.0,-1540.0,-1469.0
89.0,-253.0,-175.0,-120.0,-19.0,-142.0,-1540.0,-1469.0
88.0,-254.0,-176.0,-121.0,-19.0,-140.0,-1538.0,-1467.0
89.0,-259.0,-177.0,-122.0,-19.0,-138.0,-1536.0,-1466.0
89.0,-262.0,-177.0,-123.0,-19.0,-136.0,-1535.0,-1466.0
90.0,-266.0,-178.0,-124.0,-18.0,-133.0,-1533.0,-1464.0
90.0,-266.0,-179.0,-125.0,-18.0,-132.0,-1532.0,-1464.0
88.0,-262.0,-180.0,-127.0,-19.0,-133.0,-1531.0,-1464.0
87.0,-258.0,-182.0,-129.0,-21.0,-135.0,-1531.0,-1465.0
86.0,-254.0,-184.0,-132.0,-23.0,-137.0,-1531.0,-1466.0
86.0,-251.0,-185.0,-133.0,-24.0,-138.0,-1533.0,-1467.0
87.0,-252.0,-186.0,-135.0,-25.0,-139.0,-1533.0,-1468.0
87.0,-254.0,-186.0,-135.0,-25.0,-138.0,-1530.0,-1466.0
88.0,-257.0,-185.0,-134.0,-24.0,-136.0,-1528.0,-1464.0
88.0,-260.0,-184.0,-133.0,-22.0,-134.0,-1526.0,-1462.0
87.0,-263.0,-184.0,-132.0,-21.0,-134.0,-1525.0,-1461.0
87.0,-261.0,-184.0,-133.0,-21.0,-134.0,-1525.0,-1460.0
86.0,-258.0,-185.0,-134.0,-22.0,-136.0,-1525.0,-1459.0
85.0,-255.0,-186.0,-136.0,-24.0,-139.0,-1527.0,-1460.0
86.0,-251.0,-187.0,-138.0,-26.0,-143.0,-1529.0,-1461.0
86.0,-248.0,-188.0,-138.0,-27.0,-145.0,-1530.0,-1462.0
87.0,-248.0,-188.0,-138.0,-27.0,-147.0,-1531.0,-1462.0
88.0,-250.0,-187.0,-138.0,-27.0,-145.0,-1531.0,-1462.0
88.0,-253.0,-186.0,-136.0,-25.0,-141.0,-1528.0,-1461.0
88.0,-257.0,-185.0,-134.0,-23.0,-136.0,-1526.0,-1459.0
89.0,-259.0,-184.0,-133.0,-22.0,-132.0,-1527.0,-1458.0
87.0,-256.0,-182.0,-132.0,-20.0,-130.0,-1526.0,-1458.0
86.0,-253.0,-183.0,-132.0,-21.0,-129.0,-1526.0,-1459.0
85.0,-248.0,-183.0,-133.0,-22.0,-129.0,-1526.0,-1460.0
88.0,-245.0,-184.0,-133.0,-22.0,-130.0,-1527.0,-1460.0
89.0,-244.0,-185.0,-134.0,-24.0,-132.0,-1529.0,-1461.0
89.0,-244.0,-185.0,-134.0,-24.0,-133.0,-1530.0,-1462.0
88.0,-243.0,-183.0,-132.0,-22.0,-132.0,-1529.0,-1461.0
88.0,-247.0,-181.0,-131.0,-21.0,-131.0,-1527.0,-1459.0
89.0,-252.0,-180.0,-129.0,-20.0,-130.0,-1526.0,-1457.0
89.0,-253.0,-179.0,-128.0,-19.0,-130.0,-1525.0,-1456.0
90.0,-252.0,-178.0,-128.0,-19.0,-131.0,-1526.0,-1455.0
90.0,-249.0,-178.0,-128.0,-19.0,-132.0,-1527.0,-1455.0
90.0,-245.0,-179.0,-129.0,-20.0,-133.0,-1528.0,-1455.0
92.0,-242.0,-179.0,-129.0,-21.0,-134.0,-1530.0,-1455.0
91.0,-237.0,-180.0,-129.0,-22.0,-134.0,-1531.0,-1455.0
91.0,-237.0,-179.0,-129.0,-22.0,-134.0,-1532.0,-1455.0
93.0,-240.0,-178.0,-128.0,-21.0,-133.0,-1532.0,-1455.0
95.0,-245.0,-177.0,-127.0,-19.0,-132.0,-1531.0,-1453.0
94.0,-247.0,-175.0,-125.0,-18.0,-132.0,-1532.0,-1452.0
92.0,-246.0,-172.0,-124.0,-17.0,-131.0,-1531.0,-1450.0
91.0,-244.0,-171.0,-123.0,-17.0,-132.0,-1533.0,-1449.0
92.0,-241.0,-172.0,-124.0,-17.0,-133.0,-1534.0,-1450.0
93.0,-238.0,-173.0,-125.0,-19.0,-134.0,-1537.0,-1450.0
92.0,-233.0,-173.0,-125.0,-19.0,-134.0,-1539.0,-1452.0
94.0,-232.0,-173.0,-126.0,-20.0,-134.0,-1540.0,-1453.0
100.0,-237.0,-175.0,-127.0,-20.0,-136.0,-1539.0,-1453.0
103.0,-242.0,-174.0,-127.0,-20.0,-135.0,-1538.0,-1453.0
102.0,-243.0,-172.0,-125.0,-17.0,-132.0,-1536.0,-1452.0
100.0,-243.0,-169.0,-121.0,-14.0,-127.0,-1532.0,-1449.0
102.0,-246.0,-168.0,-120.0,-14.0,-126.0,-1530.0,-1449.0
104.0,-246.0,-168.0,-120.0,-14.0,-126.0,-1531.0,-1449.0
103.0,-241.0,-168.0,-119.0,-13.0,-126.0,-1530.0,-1448.0
101.0,-236.0,-168.0,-119.0,-14.0,-127.0,-1531.0,-1448.0
103.0,-233.0,-169.0,-119.0,-15.0,-127.0,-1533.0,-1448.0
104.0,-231.0,-168.0,-119.0,-14.0,-127.0,-1535.0,-1448.0
104.0,-229.0,-168.0,-118.0,-12.0,-126.0,-1537.0,-1447.0
104.0,-231.0,-166.0,-117.0,-11.0,-126.0,-1536.0,-1446.0
106.0,-235.0,-164.0,-116.0,-10.0,-126.0,-1536.0,-1443.0
106.0,-239.0,-162.0,-114.0,-9.0,-125.0,-1537.0,-1442.0
107.0,-241.0,-161.0,-112.0,-8.0,-125.0,-1537.0,-1440.0
109.0,-241.0,-161.0,-112.0,-8.0,-126.0,-1539.0,-1439.0
110.0,-239.0,-162.0,-113.0,-10.0,-127.0,-1539.0,-1438.0
110.0,-235.0,-162.0,-113.0,-11.0,-128.0,-1540.0,-1439.0
112.0,-231.0,-163.0,-114.0,-14.0,-130.0,-1541.0,-1438.0
113.0,-228.0,-163.0,-113.0,-14.0,-128.0,-1540.0,-1437.0
112.0,-227.0,-162.0,-112.0,-13.0,-124.0,-1539.0,-1437.0
114.0,-229.0,-161.0,-111.0,-13.0,-121.0,-1538.0,-1436.0
114.0,-231.0,-160.0,-109.0,-12.0,-119.0,-1539.0,-1434.0
115.0,-235.0,-158.0,-107.0,-11.0,-117.0,-1541.0,-1432.0
116.0,-238.0,-156.0,-105.0,-10.0,-116.0,-1542.0,-1431.0
117.0,-237.0,-155.0,-104.0,-10.0,-115.0,-1543.0,-1430.0
118.0,-234.0,-154.0,-104.0,-11.0,-114.0,-1545.0,-1430.0
118.0,-229.0,-154.0,-105.0,-12.0,-114.0,-1547.0,-1431.0
118.0,-225.0,-155.0,-105.0,-14.0,-116.0,-1549.0,-1431.0
118.0,-222.0,-155.0,-106.0,-15.0,-118.0,-1552.0,-1430.0
119.0,-222.0,-154.0,-106.0,-15.0,-118.0,-1552.0,-1430.0
121.0,-225.0,-154.0,-104.0,-15.0,-117.0,-1552.0,-1427.0
120.0,-227.0,-151.0,-102.0,-14.0,-116.0,-1551.0,-1425.0
117.0,-227.0,-149.0,-100.0,-13.0,-114.0,-1548.0,-1423.0
117.0,-228.0,-148.0,-99.0,-13.0,-113.0,-1547.0,-1421.0
121.0,-230.0,-148.0,-99.0,-13.0,-113.0,-1549.0,-1422.0
127.0,-232.0,-150.0,-100.0,-15.0,-115.0,-1551.0,-1423.0
132.0,-233.0,-151.0,-102.0,-18.0,-118.0,-1552.0,-1425.0
131.0,-227.0,-151.0,-102.0,-18.0,-118.0,-1551.0,-1424.0
129.0,-222.0,-151.0,-102.0,-19.0,-118.0,-1549.0,-1424.0
130.0,-222.0,-150.0,-101.0,-20.0,-117.0,-1547.0,-1424.0
130.0,-223.0,-149.0,-100.0,-20.0,-116.0,-1544.0,-1422.0
131.0,-226.0,-148.0,-99.0,-19.0,-115.0,-1542.0,-1421.0
132.0,-229.0,-146.0,-97.0,-18.0,-114.0,-1539.0,-1420.0
133.0,-231.0,-145.0,-96.0,-17.0,-113.0,-1538.0,-1419.0
133.0,-230.0,-144.0,-96.0,-18.0,-113.0,-1537.0,-1418.0
135.0,-228.0,-144.0,-96.0,-19.0,-113.0,-1536.0,-1418.0
135.0,-223.0,-145.0,-97.0,-21.0,-116.0,-1536.0,-1419.0
135.0,-218.0,-145.0,-96.0,-22.0,-118.0,-1535.0,-1419.0
136.0,-216.0,-145.0,-97.0,-24.0,-119.0,-1533.0,-1417.0
138.0,-217.0,-146.0,-97.0,-25.0,-119.0,-1530.0,-1417.0
139.0,-219.0,-144.0,-96.0,-24.0,-119.0,-1528.0,-1417.0
139.0,-222.0,-142.0,-95.0,-23.0,-117.0,-1525.0,-1415.0
138.0,-224.0,-140.0,-93.0,-21.0,-116.0,-1522.0,-1413.0
140.0,-227.0,-140.0,-92.0,-21.0,-114.0,-1518.0,-1411.0
140.0,-225.0,-139.0,-92.0,-21.0,-111.0,-1515.0,-1412.0
141.0,-222.0,-139.0,-92.0,-20.0,-108.0,-1512.0,-1412.0
141.0,-219.0,-140.0,-92.0,-21.0,-108.0,-1509.0,-1414.0
141.0,-214.0,-140.0,-92.0,-22.0,-107.0,-1506.0,-1414.0
142.0,-211.0,-140.0,-93.0,-23.0,-107.0,-1504.0,-1414.0
145.0,-212.0,-140.0,-93.0,-24.0,-108.0,-1502.0,-1414.0
145.0,-213.0,-139.0,-92.0,-24.0,-109.0,-1500.0,-1412.0
146.0,-216.0,-137.0,-91.0,-23.0,-109.0,-1497.0,-1410.0
148.0,-221.0,-136.0,-90.0,-23.0,-109.0,-1496.0,-1408.0
151.0,-225.0,-136.0,-90.0,-24.0,-109.0,-1495.0,-1408.0
152.0,-224.0,-135.0,-89.0,-23.0,-108.0,-1494.0,-1407.0
150.0,-219.0,-135.0,-89.0,-23.0,-108.0,-1494.0,-1406.0
149.0,-214.0,-135.0,-90.0,-24.0,-107.0,-1494.0,-1406.0
151.0,-211.0,-136.0,-91.0,-25.0,-106.0,-1496.0,-1406.0
152.0,-209.0,-136.0,-91.0,-26.0,-106.0,-1496.0,-1407.0
151.0,-208.0,-136.0,-91.0,-26.0,-105.0,-1496.0,-1406.0
150.0,-210.0,-135.0,-90.0,-26.0,-104.0,-1495.0,-1405.0
149.0,-212.0,-133.0,-89.0,-25.0,-102.0,-1492.0,-1403.0
147.0,-212.0,-131.0,-87.0,-23.0,-99.0,-1490.0,-1401.0
146.0,-212.0,-130.0,-85.0,-22.0,-98.0,-1489.0,-1399.0
146.0,-212.0,-130.0,-85.0,-23.0,-98.0,-1489.0,-1398.0
155.0,-216.0,-132.0,-87.0,-25.0,-100.0,-1492.0,-1400.0
161.0,-217.0,-134.0,-89.0,-28.0,-103.0,-1495.0,-1402.0
158.0,-211.0,-134.0,-90.0,-29.0,-103.0,-1495.0,-1403.0
159.0,-210.0,-134.0,-91.0,-30.0,-104.0,-1495.0,-1402.0
159.0,-209.0,-134.0,-91.0,-31.0,-106.0,-1495.0,-1401.0
158.0,-210.0,-133.0,-90.0,-30.0,-104.0,-1493.0,-1400.0
159.0,-212.0,-131.0,-89.0,-30.0,-102.0,-1489.0,-1396.0
160.0,-217.0,-129.0,-87.0,-28.0,-98.0,-1486.0,-1393.0
160.0,-217.0,-128.0,-85.0,-26.0,-95.0,-1484.0,-1392.0
161.0,-217.0,-127.0,-84.0,-26.0,-94.0,-1483.0,-1392.0
162.0,-215.0,-127.0,-85.0,-27.0,-93.0,-1482.0,-1393.0
162.0,-211.0,-127.0,-85.0,-27.0,-92.0,-1483.0,-1393.0
162.0,-207.0,-127.0,-85.0,-27.0,-92.0,-1483.0,-1393.0
163.0,-204.0,-128.0,-85.0,-28.0,-93.0,-1482.0,-1393.0
165.0,-205.0,-128.0,-85.0,-28.0,-91.0,-1481.0,-1391.0
165.0,-207.0,-127.0,-84.0,-28.0,-89.0,-1478.0,-1391.0
165.0,-209.0,-125.0,-82.0,-26.0,-85.0,-1475.0,-1389.0
166.0,-212.0,-123.0,-81.0,-24.0,-83.0,-1472.0,-1386.0
166.0,-214.0,-122.0,-80.0,-24.0,-81.0,-1470.0,-1385.0
166.0,-213.0,-121.0,-79.0,-24.0,-80.0,-1470.0,-1384.0
167.0,-212.0,-121.0,-79.0,-25.0,-81.0,-1470.0,-1384.0
173.0,-212.0,-123.0,-81.0,-27.0,-83.0,-1472.0,-1386.0
173.0,-207.0,-122.0,-80.0,-27.0,-84.0,-1472.0,-1385.0
171.0,-202.0,-121.0,-80.0,-27.0,-85.0,-1471.0,-1384.0
173.0,-203.0,-121.0,-81.0,-28.0,-84.0,-1471.0,-1384.0
174.0,-205.0,-120.0,-79.0,-28.0,-82.0,-1470.0,-1382.0
177.0,-209.0,-118.0,-77.0,-26.0,-79.0,-1467.0,-1379.0
180.0,-214.0,-116.0,-75.0,-24.0,-76.0,-1463.0,-1376.0
181.0,-215.0,-115.0,-73.0,-22.0,-74.0,-1461.0,-1373.0
181.0,-214.0,-114.0,-73.0,-22.0,-74.0,-1461.0,-1372.0
182.0,-211.0,-114.0,-72.0,-23.0,-74.0,-1461.0,-1370.0
184.0,-207.0,-115.0,-73.0,-24.0,-74.0,-1461.0,-1370.0
185.0,-203.0,-115.0,-73.0,-25.0,-73.0,-1462.0,-1369.0
187.0,-201.0,-115.0,-73.0,-25.0,-73.0,-1463.0,-1369.0
189.0,-203.0,-114.0,-73.0,-25.0,-73.0,-1464.0,-1368.0
190.0,-204.0,-114.0,-72.0,-25.0,-73.0,-1462.0,-1367.0
190.0,-206.0,-112.0,-70.0,-23.0,-72.0,-1459.0,-1365.0
192.0,-210.0,-110.0,-69.0,-22.0,-71.0,-1458.0,-1363.0
194.0,-213.0,-109.0,-68.0,-22.0,-71.0,-1456.0,-1360.0
195.0,-213.0,-108.0,-66.0,-22.0,-71.0,-1454.0,-1357.0
196.0,-208.0,-108.0,-66.0,-22.0,-70.0,-1454.0,-1356.0
195.0,-202.0,-108.0,-67.0,-22.0,-70.0,-1455.0,-1356.0
196.0,-198.0,-108.0,-67.0,-23.0,-68.0,-1454.0,-1355.0
200.0,-198.0,-108.0,-67.0,-23.0,-66.0,-1456.0,-1355.0
202.0,-197.0,-107.0,-66.0,-22.0,-63.0,-1455.0,-1354.0
204.0,-200.0,-106.0,-65.0,-20.0,-62.0,-1453.0,-1354.0
211.0,-208.0,-106.0,-64.0,-20.0,-62.0,-1451.0,-1352.0
215.0,-212.0,-104.0,-62.0,-18.0,-59.0,-1446.0,-1350.0
215.0,-212.0,-101.0,-59.0,-15.0,-57.0,-1442.0,-1347.0
213.0,-208.0,-100.0,-58.0,-14.0,-54.0,-1440.0,-1345.0
215.0,-206.0,-100.0,-58.0,-15.0,-53.0,-1440.0,-1343.0
217.0,-202.0,-100.0,-59.0,-15.0,-53.0,-1440.0,-1343.0
219.0,-198.0,-100.0,-59.0,-15.0,-54.0,-1440.0,-1342.0
221.0,-195.0,-100.0,-59.0,-16.0,-55.0,-1438.0,-1342.0
222.0,-194.0,-98.0,-57.0,-15.0,-54.0,-1436.0,-1340.0
225.0,-195.0,-97.0,-57.0,-15.0,-55.0,-1435.0,-1339.0
227.0,-197.0,-95.0,-54.0,-13.0,-53.0,-1434.0,-1335.0
227.0,-200.0,-93.0,-52.0,-11.0,-50.0,-1432.0,-1333.0
229.0,-202.0,-91.0,-49.0,-9.0,-47.0,-1431.0,-1330.0
233.0,-202.0,-90.0,-49.0,-9.0,-45.0,-1430.0,-1328.0
240.0,-203.0,-91.0,-49.0,-9.0,-45.0,-1434.0,-1328.0
241.0,-198.0,-90.0,-48.0,-9.0,-43.0,-1435.0,-1328.0
241.0,-193.0,-89.0,-48.0,-8.0,-42.0,-1436.0,-1328.0
243.0,-191.0,-89.0,-48.0,-8.0,-42.0,-1436.0,-1328.0
246.0,-192.0,-88.0,-47.0,-8.0,-42.0,-1435.0,-1327.0
250.0,-194.0,-87.0,-46.0,-8.0,-40.0,-1433.0,-1325.0
252.0,-196.0,-84.0,-43.0,-6.0,-36.0,-1432.0,-1322.0
254.0,-199.0,-81.0,-40.0,-2.0,-30.0,-1432.0,-1319.0
256.0,-200.0,-79.0,-38.0,0.0,-27.0,-1431.0,-1316.0
258.0,-199.0,-78.0,-37.0,0.0,-26.0,-1430.0,-1315.0
261.0,-197.0,-78.0,-37.0,0.0,-27.0,-1430.0,-1314.0
262.0,-193.0,-79.0,-38.0,0.0,-28.0,-1431.0,-1314.0
263.0,-189.0,-78.0,-37.0,0.0,-29.0,-1431.0,-1312.0
265.0,-187.0,-78.0,-37.0,0.0,-29.0,-1432.0,-1311.0
268.0,-186.0,-76.0,-36.0,0.0,-28.0,-1429.0,-1309.0
271.0,-187.0,-74.0,-33.0,2.0,-24.0,-1425.0,-1305.0
272.0,-190.0,-72.0,-30.0,4.0,-22.0,-1423.0,-1304.0
274.0,-194.0,-69.0,-27.0,6.0,-20.0,-1420.0,-1302.0
276.0,-195.0,-66.0,-25.0,8.0,-19.0,-1417.0,-1300.0
278.0,-195.0,-64.0,-23.0,10.0,-17.0,-1416.0,-1298.0
279.0,-191.0,-63.0,-22.0,11.0,-16.0,-1414.0,-1296.0
281.0,-187.0,-63.0,-22.0,10.0,-17.0,-1414.0,-1296.0
286.0,-185.0,-64.0,-22.0,9.0,-17.0,-1414.0,-1294.0
289.0,-183.0,-63.0,-22.0,10.0,-15.0,-1415.0,-1294.0
292.0,-184.0,-62.0,-21.0,11.0,-14.0,-1416.0,-1293.0
294.0,-186.0,-60.0,-19.0,12.0,-13.0,-1416.0,-1290.0
295.0,-189.0,-57.0,-17.0,14.0,-11.0,-1416.0,-1287.0
296.0,-191.0,-54.0,-14.0,16.0,-7.0,-1416.0,-1283.0
299.0,-193.0,-52.0,-11.0,18.0,-5.0,-1416.0,-1280.0
304.0,-193.0,-51.0,-10.0,19.0,-5.0,-1415.0,-1277.0
309.0,-191.0,-51.0,-11.0,19.0,-4.0,-1411.0,-1275.0
313.0,-187.0,-51.0,-10.0,19.0,-3.0,-1395.0,-1273.0
319.0,-186.0,-50.0,-9.0,20.0,-2.0,-1385.0,-1271.0
324.0,-183.0,-49.0,-7.0,21.0,0.0,-1377.0,-1269.0
329.0,-182.0,-48.0,-5.0,24.0,4.0,-1370.0,-1265.0
337.0,-185.0,-47.0,-2.0,27.0,6.0,-1365.0,-1261.0
343.0,-190.0,-46.0,-1.0,27.0,7.0,-1361.0,-1258.0
349.0,-195.0,-45.0,0.0,28.0,9.0,-1358.0,-1254.0
350.0,-197.0,-45.0,1.0,30.0,11.0,-1355.0,-1251.0
349.0,-193.0,-44.0,2.0,31.0,11.0,-1352.0,-1249.0
350.0,-190.0,-45.0,0.0,30.0,10.0,-1351.0,-1248.0
352.0,-188.0,-49.0,-3.0,27.0,6.0,-1352.0,-1249.0
364.0,-195.0,-55.0,-10.0,20.0,0.0,-1355.0,-1253.0
372.0,-200.0,-58.0,-14.0,15.0,-4.0,-1358.0,-1255.0
371.0,-197.0,-57.0,-13.0,17.0,-1.0,-1355.0,-1252.0
371.0,-198.0,-55.0,-11.0,19.0,1.0,-1351.0,-1247.0
372.0,-199.0,-52.0,-8.0,23.0,5.0,-1349.0,-1245.0
372.0,-202.0,-48.0,-4.0,26.0,8.0,-1346.0,-1242.0
373.0,-203.0,-46.0,-2.0,27.0,10.0,-1344.0,-1240.0
375.0,-203.0,-46.0,-1.0,28.0,9.0,-1343.0,-1239.0
376.0,-199.0,-45.0,0.0,28.0,9.0,-1342.0,-1238.0
377.0,-193.0,-44.0,0.0,29.0,10.0,-1341.0,-1237.0
374.0,-188.0,-43.0,0.0,28.0,11.0,-1341.0,-1238.0
372.0,-184.0,-42.0,0.0,28.0,11.0,-1340.0,-1237.0
370.0,-180.0,-40.0,2.0,30.0,13.0,-1336.0,-1235.0
369.0,-180.0,-38.0,3.0,31.0,14.0,-1335.0,-1233.0
370.0,-182.0,-37.0,2.0,27.0,8.0,-1330.0,-1226.0
372.0,-179.0,-37.0,1.0,26.0,8.0,-1329.0,-1224.0
373.0,-177.0,-38.0,0.0,24.0,9.0,-1329.0,-1225.0
374.0,-176.0,-37.0,2.0,26.0,9.0,-1328.0,-1223.0
374.0,-176.0,-36.0,3.0,27.0,9.0,-1327.0,-1221.0
376.0,-179.0,-34.0,4.0,28.0,9.0,-1327.0,-1218.0
379.0,-185.0,-32.0,6.0,29.0,8.0,-1325.0,-1215.0
381.0,-187.0,-31.0,7.0,30.0,10.0,-1323.0,-1212.0
383.0,-186.0,-30.0,7.0,30.0,13.0,-1321.0,-1211.0
384.0,-183.0,-30.0,7.0,31.0,14.0,-1320.0,-1211.0
386.0,-180.0,-31.0,7.0,31.0,14.0,-1320.0,-1212.0
390.0,-179.0,-32.0,6.0,29.0,12.0,-1320.0,-1213.0
390.0,-176.0,-32.0,6.0,28.0,10.0,-1318.0,-1212.0
389.0,-174.0,-31.0,6.0,28.0,9.0,-1317.0,-1211.0
390.0,-176.0,-30.0,7.0,29.0,9.0,-1316.0,-1210.0
392.0,-179.0,-28.0,10.0,31.0,12.0,-1312.0,-1205.0
391.0,-180.0,-25.0,13.0,33.0,14.0,-1310.0,-1202.0
390.0,-181.0,-23.0,14.0,34.0,14.0,-1308.0,-1200.0
391.0,-181.0,-23.0,14.0,34.0,13.0,-1307.0,-1198.0
393.0,-179.0,-23.0,14.0,34.0,12.0,-1306.0,-1197.0
397.0,-178.0,-24.0,13.0,33.0,10.0,-1307.0,-1198.0
398.0,-176.0,-25.0,13.0,32.0,9.0,-1307.0,-1197.0
397.0,-171.0,-25.0,13.0,30.0,8.0,-1307.0,-1197.0
398.0,-171.0,-24.0,13.0,31.0,7.0,-1306.0,-1195.0
398.0,-171.0,-23.0,15.0,33.0,7.0,-1304.0,-1193.0
399.0,-174.0,-21.0,17.0,34.0,8.0,-1301.0,-1190.0
397.0,-172.0,-15.0,21.0,38.0,13.0,-1297.0,-1186.0
392.0,-167.0,-7.0,29.0,46.0,20.0,-1292.0,-1180.0
384.0,-157.0,2.0,41.0,55.0,29.0,-1286.0,-1176.0
375.0,-144.0,13.0,54.0,66.0,37.0,-1281.0,-1172.0
363.0,-126.0,25.0,66.0,75.0,44.0,-1276.0,-1170.0
353.0,-114.0,33.0,76.0,82.0,49.0,-1273.0,-1170.0
357.0,-113.0,36.0,82.0,88.0,53.0,-1269.0,-1166.0
369.0,-122.0,35.0,84.0,91.0,56.0,-1263.0,-1161.0
381.0,-139.0,33.0,87.0,92.0,56.0,-1263.0,-1160.0
393.0,-161.0,34.0,92.0,93.0,54.0,-1264.0,-1160.0
413.0,-188.0,36.0,100.0,96.0,55.0,-1262.0,-1157.0
442.0,-217.0,33.0,106.0,99.0,57.0,-1259.0,-1152.0
481.0,-247.0,29.0,112.0,104.0,61.0,-1253.0,-1146.0
535.0,-284.0,22.0,119.0,110.0,67.0,-1245.0,-1135.0
597.0,-317.0,14.0,126.0,121.0,79.0,-1230.0,-1117.0
650.0,-341.0,4.0,126.0,127.0,88.0,-1217.0,-1100.0
696.0,-369.0,-9.0,117.0,121.0,84.0,-1215.0,-1094.0
731.0,-407.0,-33.0,91.0,95.0,57.0,-1232.0,-1104.0
752.0,-435.0,-64.0,52.0,60.0,25.0,-1254.0,-1119.0
758.0,-447.0,-100.0,2.0,23.0,-5.0,-1270.0,-1128.0
743.0,-443.0,-132.0,-48.0,-11.0,-30.0,-1282.0,-1134.0
710.0,-423.0,-152.0,-89.0,-40.0,-51.0,-1295.0,-1142.0
665.0,-390.0,-162.0,-124.0,-67.0,-72.0,-1307.0,-1153.0
617.0,-352.0,-171.0,-157.0,-92.0,-92.0,-1318.0,-1163.0
590.0,-332.0,-182.0,-186.0,-115.0,-108.0,-1327.0,-1170.0
570.0,-318.0,-188.0,-202.0,-129.0,-119.0,-1333.0,-1177.0
550.0,-309.0,-187.0,-201.0,-133.0,-125.0,-1340.0,-1184.0
541.0,-304.0,-181.0,-190.0,-129.0,-125.0,-1341.0,-1187.0
539.0,-302.0,-174.0,-178.0,-122.0,-122.0,-1338.0,-1186.0
536.0,-299.0,-165.0,-165.0,-113.0,-116.0,-1334.0,-1184.0
525.0,-292.0,-154.0,-149.0,-101.0,-108.0,-1328.0,-1182.0
509.0,-282.0,-140.0,-131.0,-88.0,-100.0,-1324.0,-1181.0
484.0,-264.0,-123.0,-110.0,-74.0,-90.0,-1319.0,-1180.0
464.0,-246.0,-108.0,-93.0,-62.0,-81.0,-1315.0,-1180.0
456.0,-237.0,-97.0,-79.0,-52.0,-74.0,-1311.0,-1179.0
452.0,-227.0,-87.0,-65.0,-41.0,-67.0,-1306.0,-1176.0
450.0,-219.0,-75.0,-49.0,-29.0,-59.0,-1298.0,-1170.0
451.0,-216.0,-62.0,-32.0,-16.0,-49.0,-1290.0,-1165.0
451.0,-214.0,-50.0,-16.0,-4.0,-40.0,-1283.0,-1160.0
450.0,-213.0,-39.0,-3.0,5.0,-33.0,-1276.0,-1155.0
447.0,-211.0,-28.0,9.0,15.0,-26.0,-1268.0,-1149.0
443.0,-209.0,-20.0,17.0,21.0,-23.0,-1264.0,-1145.0
440.0,-205.0,-14.0,23.0,25.0,-21.0,-1262.0,-1142.0
437.0,-197.0,-10.0,26.0,28.0,-20.0,-1260.0,-1140.0
437.0,-188.0,-7.0,30.0,31.0,-14.0,-1256.0,-1138.0
435.0,-178.0,-4.0,33.0,35.0,-9.0,-1251.0,-1136.0
434.0,-170.0,-1.0,35.0,37.0,-5.0,-1247.0,-1133.0
435.0,-167.0,0.0,38.0,39.0,-2.0,-1243.0,-1131.0
437.0,-167.0,2.0,40.0,40.0,-1.0,-1240.0,-1129.0
439.0,-171.0,4.0,42.0,42.0,0.0,-1237.0,-1125.0
439.0,-174.0,7.0,45.0,44.0,1.0,-1233.0,-1121.0
441.0,-176.0,8.0,46.0,45.0,0.0,-1232.0,-1117.0
444.0,-177.0,9.0,47.0,45.0,0.0,-1232.0,-1115.0
445.0,-174.0,9.0,48.0,45.0,0.0,-1232.0,-1112.0
444.0,-169.0,9.0,48.0,44.0,-1.0,-1233.0,-1110.0
444.0,-165.0,9.0,48.0,43.0,-1.0,-1234.0,-1105.0
443.0,-161.0,10.0,48.0,42.0,-2.0,-1235.0,-1102.0
441.0,-158.0,11.0,50.0,43.0,-1.0,-1234.0,-1099.0
443.0,-162.0,13.0,51.0,45.0,0.0,-1233.0,-1097.0
444.0,-165.0,14.0,53.0,45.0,0.0,-1231.0,-1094.0
447.0,-170.0,16.0,54.0,47.0,0.0,-1228.0,-1090.0
449.0,-172.0,17.0,56.0,48.0,1.0,-1226.0,-1087.0
448.0,-171.0,18.0,57.0,48.0,1.0,-1224.0,-1084.0
448.0,-167.0,19.0,57.0,47.0,1.0,-1223.0,-1081.0
446.0,-162.0,18.0,57.0,47.0,0.0,-1223.0,-1079.0
450.0,-161.0,17.0,56.0,46.0,-2.0,-1224.0,-1078.0
452.0,-159.0,16.0,56.0,44.0,-4.0,-1224.0,-1076.0
453.0,-160.0,16.0,55.0,44.0,-5.0,-1222.0,-1073.0
453.0,-161.0,17.0,56.0,45.0,-4.0,-1220.0,-1071.0
453.0,-164.0,18.0,58.0,46.0,-4.0,-1218.0,-1069.0
455.0,-169.0,20.0,60.0,47.0,-4.0,-1215.0,-1063.0
454.0,-170.0,22.0,61.0,49.0,-3.0,-1212.0,-1059.0
455.0,-170.0,22.0,62.0,49.0,-3.0,-1212.0,-1057.0
454.0,-167.0,22.0,62.0,48.0,-3.0,-1212.0,-1055.0
455.0,-164.0,21.0,62.0,48.0,-2.0,-1213.0,-1055.0
455.0,-161.0,21.0,61.0,47.0,-3.0,-1214.0,-1054.0
456.0,-159.0,21.0,61.0,47.0,-4.0,-1213.0,-1053.0
457.0,-158.0,21.0,62.0,48.0,-4.0,-1211.0,-1051.0
458.0,-161.0,22.0,63.0,49.0,-4.0,-1209.0,-1048.0
459.0,-165.0,23.0,64.0,50.0,-4.0,-1207.0,-1045.0
460.0,-169.0,24.0,65.0,51.0,-3.0,-1205.0,-1044.0
460.0,-171.0,25.0,66.0,52.0,-2.0,-1203.0,-1041.0
459.0,-170.0,26.0,67.0,53.0,-1.0,-1202.0,-1039.0
459.0,-167.0,25.0,67.0,52.0,-3.0,-1202.0,-1038.0
461.0,-166.0,24.0,65.0,50.0,-6.0,-1203.0,-1038.0
461.0,-162.0,24.0,66.0,49.0,-6.0,-1203.0,-1038.0
461.0,-158.0,24.0,66.0,49.0,-6.0,-1203.0,-1037.0
462.0,-159.0,25.0,67.0,49.0,-5.0,-1203.0,-1035.0
463.0,-162.0,26.0,68.0,50.0,-4.0,-1203.0,-1033.0
461.0,-162.0,27.0,70.0,52.0,-3.0,-1201.0,-1029.0
462.0,-167.0,29.0,71.0,51.0,-4.0,-1200.0,-1026.0
465.0,-172.0,29.0,72.0,53.0,-4.0,-1200.0,-1024.0
466.0,-174.0,29.0,72.0,52.0,-6.0,-1201.0,-1025.0
467.0,-172.0,29.0,71.0,51.0,-7.0,-1202.0,-1024.0
468.0,-168.0,29.0,71.0,51.0,-8.0,-1201.0,-1023.0
469.0,-164.0,28.0,71.0,50.0,-9.0,-1200.0,-1023.0
468.0,-161.0,28.0,72.0,51.0,-9.0,-1199.0,-1023.0
467.0,-160.0,29.0,73.0,51.0,-8.0,-1199.0,-1022.0
467.0,-162.0,30.0,74.0,52.0,-7.0,-1198.0,-1022.0
467.0,-165.0,31.0,76.0,53.0,-4.0,-1197.0,-1021.0
466.0,-168.0,33.0,78.0,56.0,-1.0,-1196.0,-1021.0
467.0,-170.0,35.0,81.0,58.0,0.0,-1194.0,-1021.0
470.0,-172.0,35.0,81.0,57.0,0.0,-1192.0,-1021.0
470.0,-169.0,35.0,81.0,57.0,-1.0,-1191.0,-1021.0
470.0,-166.0,35.0,81.0,56.0,-2.0,-1190.0,-1021.0
469.0,-162.0,34.0,80.0,56.0,-2.0,-1189.0,-1021.0
471.0,-160.0,34.0,80.0,56.0,-2.0,-1188.0,-1021.0
474.0,-163.0,33.0,80.0,55.0,-3.0,-1188.0,-1022.0
475.0,-165.0,35.0,81.0,56.0,-2.0,-1188.0,-1022.0
474.0,-167.0,36.0,83.0,58.0,-1.0,-1185.0,-1019.0
474.0,-169.0,39.0,86.0,60.0,0.0,-1182.0,-1015.0
475.0,-172.0,40.0,88.0,62.0,0.0,-1180.0,-1011.0
476.0,-172.0,41.0,90.0,62.0,0.0,-1180.0,-1009.0
477.0,-171.0,41.0,89.0,62.0,0.0,-1181.0,-1008.0
477.0,-167.0,40.0,89.0,61.0,-1.0,-1182.0,-1009.0
476.0,-163.0,40.0,90.0,61.0,-2.0,-1183.0,-1010.0
476.0,-160.0,41.0,91.0,61.0,-2.0,-1182.0,-1008.0
476.0,-160.0,41.0,92.0,61.0,-1.0,-1181.0,-1008.0
476.0,-161.0,43.0,94.0,62.0,0.0,-1179.0,-1007.0
477.0,-165.0,45.0,97.0,64.0,0.0,-1176.0,-1005.0
476.0,-168.0,47.0,99.0,66.0,0.0,-1174.0,-1003.0
477.0,-170.0,49.0,101.0,68.0,2.0,-1172.0,-1000.0
478.0,-171.0,50.0,102.0,68.0,3.0,-1169.0,-997.0
480.0,-170.0,50.0,103.0,68.0,3.0,-1170.0,-998.0
481.0,-167.0,49.0,104.0,69.0,4.0,-1170.0,-997.0
481.0,-162.0,50.0,104.0,69.0,4.0,-1168.0,-997.0
479.0,-156.0,50.0,105.0,68.0,5.0,-1167.0,-997.0
481.0,-156.0,50.0,105.0,69.0,6.0,-1166.0,-997.0
482.0,-157.0,50.0,106.0,70.0,7.0,-1163.0,-996.0
484.0,-161.0,52.0,108.0,71.0,8.0,-1160.0,-993.0
484.0,-165.0,55.0,112.0,74.0,10.0,-1158.0,-989.0
484.0,-168.0,57.0,114.0,75.0,11.0,-1156.0,-988.0
485.0,-169.0,59.0,116.0,76.0,12.0,-1154.0,-987.0
485.0,-167.0,60.0,117.0,77.0,13.0,-1154.0,-987.0
483.0,-162.0,60.0,117.0,76.0,11.0,-1153.0,-988.0
483.0,-159.0,59.0,117.0,75.0,10.0,-1153.0,-988.0
484.0,-157.0,59.0,116.0,74.0,10.0,-1153.0,-989.0
484.0,-158.0,60.0,117.0,75.0,10.0,-1152.0,-988.0
484.0,-160.0,61.0,118.0,76.0,10.0,-1151.0,-987.0
485.0,-163.0,63.0,119.0,77.0,10.0,-1150.0,-984.0
486.0,-168.0,64.0,121.0,78.0,11.0,-1149.0,-983.0
485.0,-169.0,65.0,121.0,78.0,13.0,-1148.0,-982.0
485.0,-169.0,65.0,122.0,78.0,14.0,-1147.0,-983.0
485.0,-166.0,65.0,122.0,78.0,13.0,-1147.0,-983.0
482.0,-161.0,64.0,121.0,76.0,11.0,-1148.0,-984.0
485.0,-161.0,63.0,119.0,74.0,9.0,-1150.0,-985.0
487.0,-161.0,62.0,117.0,72.0,7.0,-1152.0,-986.0
487.0,-160.0,61.0,117.0,72.0,8.0,-1154.0,-988.0
486.0,-162.0,62.0,117.0,72.0,10.0,-1154.0,-989.0
485.0,-164.0,62.0,117.0,72.0,11.0,-1153.0,-988.0
486.0,-169.0,63.0,118.0,73.0,13.0,-1151.0,-987.0
485.0,-171.0,63.0,117.0,73.0,15.0,-1149.0,-988.0
485.0,-171.0,63.0,117.0,72.0,15.0,-1148.0,-987.0
486.0,-169.0,62.0,114.0,70.0,15.0,-1149.0,-987.0
484.0,-165.0,60.0,112.0,68.0,15.0,-1151.0,-989.0
484.0,-161.0,58.0,109.0,65.0,14.0,-1152.0,-991.0
486.0,-160.0,55.0,105.0,62.0,13.0,-1153.0,-992.0
486.0,-161.0,54.0,104.0,62.0,13.0,-1152.0,-991.0
487.0,-164.0,53.0,102.0,60.0,13.0,-1151.0,-990.0
487.0,-168.0,52.0,101.0,59.0,13.0,-1150.0,-990.0
487.0,-173.0,52.0,100.0,59.0,15.0,-1148.0,-988.0
487.0,-175.0,51.0,99.0,59.0,16.0,-1146.0,-986.0
488.0,-177.0,49.0,96.0,57.0,16.0,-1147.0,-985.0
489.0,-177.0,46.0,93.0,55.0,16.0,-1150.0,-985.0
489.0,-174.0,44.0,90.0,53.0,16.0,-1153.0,-985.0
489.0,-171.0,41.0,87.0,50.0,16.0,-1155.0,-986.0
491.0,-171.0,38.0,83.0,48.0,15.0,-1156.0,-987.0
491.0,-171.0,36.0,81.0,46.0,14.0,-1157.0,-987.0
492.0,-175.0,35.0,79.0,45.0,14.0,-1156.0,-986.0
492.0,-179.0,34.0,78.0,45.0,15.0,-1153.0,-985.0
492.0,-183.0,34.0,77.0,45.0,16.0,-1151.0,-983.0
493.0,-187.0,33.0,76.0,44.0,17.0,-1150.0,-982.0
492.0,-187.0,31.0,75.0,43.0,17.0,-1149.0,-981.0
493.0,-185.0,30.0,73.0,41.0,17.0,-1149.0,-980.0
493.0,-182.0,27.0,70.0,39.0,16.0,-1149.0,-980.0
493.0,-179.0,24.0,67.0,37.0,15.0,-1149.0,-981.0
493.0,-177.0,22.0,65.0,35.0,14.0,-1150.0,-982.0
491.0,-176.0,22.0,64.0,34.0,14.0,-1149.0,-981.0
492.0,-180.0,21.0,63.0,34.0,15.0,-1148.0,-980.0
493.0,-185.0,20.0,62.0,34.0,16.0,-1146.0,-979.0
493.0,-189.0,21.0,62.0,33.0,17.0,-1144.0,-979.0
494.0,-192.0,21.0,62.0,34.0,18.0,-1143.0,-977.0
492.0,-190.0,21.0,61.0,33.0,19.0,-1142.0,-976.0
490.0,-188.0,20.0,60.0,32.0,19.0,-1142.0,-976.0
489.0,-184.0,18.0,59.0,30.0,17.0,-1143.0,-976.0
489.0,-180.0,17.0,57.0,28.0,16.0,-1144.0,-975.0
492.0,-181.0,14.0,54.0,26.0,15.0,-1145.0,-976.0
493.0,-183.0,14.0,53.0,26.0,16.0,-1144.0,-975.0
492.0,-185.0,14.0,53.0,26.0,17.0,-1144.0,-973.0
488.0,-185.0,16.0,56.0,28.0,20.0,-1141.0,-970.0
490.0,-190.0,17.0,56.0,29.0,22.0,-1139.0,-968.0
490.0,-194.0,17.0,56.0,29.0,22.0,-1138.0,-967.0
489.0,-192.0,18.0,57.0,29.0,23.0,-1137.0,-965.0
489.0,-190.0,16.0,55.0,27.0,22.0,-1138.0,-965.0
489.0,-188.0,15.0,54.0,26.0,22.0,-1138.0,-966.0
490.0,-186.0,14.0,52.0,24.0,22.0,-1139.0,-967.0
491.0,-184.0,12.0,50.0,22.0,21.0,-1140.0,-968.0
489.0,-183.0,12.0,50.0,22.0,21.0,-1139.0,-967.0
488.0,-184.0,13.0,50.0,22.0,21.0,-1138.0,-965.0
489.0,-188.0,13.0,51.0,22.0,23.0,-1136.0,-963.0
490.0,-193.0,15.0,52.0,23.0,27.0,-1133.0,-961.0
491.0,-197.0,15.0,52.0,23.0,29.0,-1131.0,-960.0
491.0,-197.0,15.0,52.0,23.0,30.0,-1131.0,-959.0
488.0,-193.0,14.0,52.0,23.0,30.0,-1131.0,-958.0
487.0,-189.0,14.0,51.0,21.0,29.0,-1131.0,-958.0
486.0,-185.0,13.0,50.0,20.0,29.0,-1130.0,-958.0
486.0,-182.0,12.0,49.0,19.0,29.0,-1130.0,-958.0
485.0,-182.0,12.0,49.0,18.0,29.0,-1130.0,-957.0
485.0,-184.0,13.0,50.0,18.0,30.0,-1129.0,-956.0
486.0,-188.0,13.0,50.0,18.0,31.0,-1128.0,-955.0
486.0,-193.0,14.0,52.0,19.0,32.0,-1125.0,-953.0
484.0,-194.0,14.0,52.0,19.0,33.0,-1124.0,-952.0
482.0,-192.0,15.0,52.0,19.0,34.0,-1124.0,-951.0
482.0,-190.0,15.0,52.0,19.0,34.0,-1123.0,-950.0
484.0,-188.0,14.0,51.0,17.0,34.0,-1122.0,-951.0
486.0,-187.0,12.0,49.0,15.0,33.0,-1123.0,-951.0
487.0,-184.0,11.0,49.0,15.0,32.0,-1123.0,-951.0
484.0,-182.0,11.0,50.0,16.0,33.0,-1121.0,-949.0
483.0,-184.0,12.0,50.0,16.0,33.0,-1120.0,-948.0
481.0,-188.0,12.0,50.0,15.0,35.0,-1120.0,-948.0
475.0,-191.0,12.0,50.0,16.0,37.0,-1118.0,-946.0
470.0,-192.0,12.0,51.0,16.0,39.0,-1117.0,-947.0
467.0,-191.0,12.0,50.0,15.0,40.0,-1115.0,-946.0
463.0,-189.0,10.0,49.0,13.0,38.0,-1117.0,-948.0
461.0,-186.0,8.0,47.0,11.0,36.0,-1118.0,-949.0
460.0,-184.0,7.0,46.0,10.0,34.0,-1118.0,-950.0
458.0,-181.0,5.0,44.0,9.0,32.0,-1119.0,-951.0
455.0,-179.0,5.0,44.0,8.0,32.0,-1118.0,-951.0
452.0,-179.0,5.0,44.0,8.0,32.0,-1118.0,-949.0
450.0,-181.0,6.0,45.0,9.0,32.0,-1117.0,-947.0
448.0,-185.0,8.0,46.0,10.0,33.0,-1116.0,-944.0
448.0,-189.0,8.0,46.0,9.0,33.0,-1115.0,-942.0
448.0,-190.0,8.0,47.0,9.0,34.0,-1114.0,-941.0
445.0,-186.0,8.0,47.0,9.0,34.0,-1113.0,-941.0
444.0,-182.0,7.0,45.0,8.0,34.0,-1113.0,-943.0
442.0,-180.0,5.0,44.0,6.0,35.0,-1113.0,-944.0
440.0,-175.0,5.0,43.0,5.0,36.0,-1112.0,-943.0
439.0,-175.0,5.0,44.0,5.0,39.0,-1110.0,-943.0
438.0,-177.0,5.0,45.0,6.0,41.0,-1110.0,-943.0
438.0,-180.0,6.0,47.0,6.0,42.0,-1108.0,-941.0
438.0,-185.0,7.0,48.0,7.0,44.0,-1105.0,-939.0
437.0,-189.0,8.0,49.0,8.0,45.0,-1103.0,-938.0
437.0,-189.0,7.0,49.0,8.0,46.0,-1102.0,-936.0
435.0,-185.0,7.0,49.0,8.0,46.0,-1101.0,-935.0
432.0,-179.0,7.0,49.0,7.0,46.0,-1101.0,-934.0
433.0,-177.0,6.0,48.0,6.0,45.0,-1101.0,-935.0
431.0,-174.0,4.0,47.0,5.0,44.0,-1102.0,-935.0
430.0,-172.0,4.0,47.0,5.0,45.0,-1101.0,-934.0
429.0,-173.0,5.0,48.0,5.0,44.0,-1101.0,-933.0
427.0,-175.0,6.0,49.0,6.0,45.0,-1099.0,-930.0
429.0,-181.0,7.0,50.0,7.0,46.0,-1098.0,-929.0
428.0,-184.0,8.0,51.0,7.0,48.0,-1097.0,-929.0
427.0,-183.0,9.0,51.0,8.0,51.0,-1095.0,-928.0
425.0,-180.0,8.0,50.0,7.0,50.0,-1095.0,-927.0
423.0,-175.0,7.0,49.0,6.0,48.0,-1096.0,-926.0
422.0,-171.0,6.0,48.0,5.0,46.0,-1096.0,-927.0
422.0,-169.0,5.0,48.0,4.0,45.0,-1096.0,-926.0
422.0,-170.0,5.0,47.0,3.0,45.0,-1096.0,-927.0
420.0,-171.0,5.0,48.0,4.0,46.0,-1095.0,-926.0
419.0,-173.0,6.0,48.0,4.0,47.0,-1095.0,-924.0
419.0,-177.0,7.0,49.0,5.0,48.0,-1093.0,-923.0
418.0,-179.0,8.0,51.0,6.0,49.0,-1091.0,-921.0
420.0,-181.0,7.0,50.0,6.0,49.0,-1090.0,-921.0
418.0,-178.0,6.0,50.0,4.0,48.0,-1088.0,-921.0
415.0,-172.0,5.0,48.0,3.0,47.0,-1087.0,-921.0
413.0,-168.0,5.0,48.0,2.0,47.0,-1086.0,-919.0
413.0,-166.0,4.0,47.0,1.0,45.0,-1087.0,-919.0
412.0,-166.0,3.0,46.0,0.0,44.0,-1086.0,-918.0
413.0,-169.0,3.0,46.0,0.0,45.0,-1084.0,-917.0
412.0,-172.0,4.0,47.0,1.0,46.0,-1082.0,-915.0
409.0,-173.0,6.0,49.0,3.0,46.0,-1079.0,-913.0
409.0,-176.0,6.0,49.0,3.0,45.0,-1078.0,-912.0
409.0,-176.0,6.0,49.0,2.0,45.0,-1077.0,-912.0
407.0,-172.0,6.0,48.0,2.0,44.0,-1076.0,-912.0
406.0,-169.0,4.0,46.0,0.0,43.0,-1077.0,-913.0
405.0,-165.0,3.0,45.0,-1.0,41.0,-1078.0,-913.0
404.0,-161.0,2.0,45.0,-1.0,41.0,-1076.0,-912.0
404.0,-161.0,2.0,45.0,-2.0,40.0,-1076.0,-912.0
404.0,-164.0,1.0,44.0,-2.0,38.0,-1077.0,-912.0
404.0,-167.0,2.0,44.0,-2.0,38.0,-1075.0,-911.0
402.0,-171.0,4.0,46.0,-1.0,40.0,-1071.0,-909.0
402.0,-173.0,5.0,47.0,0.0,42.0,-1070.0,-908.0
403.0,-175.0,5.0,47.0,0.0,43.0,-1070.0,-907.0
401.0,-171.0,4.0,46.0,0.0,44.0,-1068.0,-907.0
398.0,-165.0,4.0,46.0,-1.0,43.0,-1066.0,-907.0
398.0,-162.0,2.0,44.0,-3.0,41.0,-1066.0,-907.0
398.0,-159.0,1.0,43.0,-5.0,39.0,-1066.0,-909.0
398.0,-159.0,1.0,42.0,-5.0,39.0,-1066.0,-909.0
397.0,-161.0,1.0,43.0,-5.0,39.0,-1064.0,-908.0
396.0,-164.0,2.0,44.0,-4.0,39.0,-1062.0,-907.0
395.0,-168.0,4.0,45.0,-3.0,41.0,-1060.0,-905.0
394.0,-170.0,4.0,45.0,-3.0,41.0,-1058.0,-904.0
393.0,-169.0,4.0,46.0,-3.0,41.0,-1058.0,-905.0
392.0,-166.0,4.0,46.0,-2.0,40.0,-1058.0,-906.0
390.0,-161.0,4.0,45.0,-3.0,37.0,-1059.0,-906.0
387.0,-155.0,3.0,44.0,-4.0,36.0,-1059.0,-906.0
385.0,-151.0,2.0,43.0,-5.0,35.0,-1058.0,-905.0
387.0,-152.0,1.0,42.0,-6.0,35.0,-1058.0,-905.0
389.0,-156.0,1.0,42.0,-6.0,35.0,-1058.0,-904.0
392.0,-163.0,1.0,42.0,-6.0,35.0,-1057.0,-901.0
392.0,-167.0,2.0,43.0,-6.0,36.0,-1054.0,-899.0
389.0,-167.0,3.0,45.0,-5.0,38.0,-1051.0,-897.0
388.0,-165.0,4.0,45.0,-4.0,38.0,-1049.0,-898.0
387.0,-163.0,3.0,45.0,-5.0,36.0,-1048.0,-898.0
386.0,-159.0,2.0,44.0,-7.0,34.0,-1047.0,-897.0
385.0,-154.0,2.0,43.0,-7.0,36.0,-1045.0,-897.0
385.0,-152.0,1.0,42.0,-7.0,38.0,-1046.0,-899.0
383.0,-151.0,1.0,42.0,-7.0,37.0,-1046.0,-898.0
382.0,-152.0,1.0,43.0,-7.0,36.0,-1045.0,-897.0
382.0,-155.0,2.0,44.0,-7.0,36.0,-1045.0,-896.0
381.0,-158.0,4.0,45.0,-6.0,35.0,-1044.0,-894.0
382.0,-162.0,4.0,45.0,-7.0,34.0,-1044.0,-893.0
381.0,-162.0,4.0,45.0,-7.0,34.0,-1043.0,-893.0
380.0,-159.0,4.0,45.0,-7.0,33.0,-1042.0,-893.0
378.0,-155.0,3.0,44.0,-8.0,32.0,-1042.0,-892.0
376.0,-149.0,3.0,44.0,-9.0,32.0,-1041.0,-892.0
375.0,-145.0,3.0,44.0,-9.0,30.0,-1041.0,-891.0
375.0,-146.0,2.0,42.0,-10.0,29.0,-1041.0,-891.0
374.0,-147.0,2.0,43.0,-10.0,30.0,-1041.0,-889.0
375.0,-151.0,3.0,45.0,-10.0,31.0,-1040.0,-889.0
375.0,-156.0,4.0,46.0,-9.0,33.0,-1038.0,-886.0
376.0,-159.0,4.0,46.0,-8.0,34.0,-1036.0,-884.0
375.0,-157.0,4.0,47.0,-9.0,34.0,-1036.0,-884.0
374.0,-155.0,4.0,46.0,-10.0,32.0,-1036.0,-883.0
372.0,-151.0,4.0,46.0,-12.0,30.0,-1036.0,-883.0
369.0,-145.0,3.0,45.0,-13.0,28.0,-1036.0,-884.0
370.0,-143.0,3.0,44.0,-13.0,28.0,-1035.0,-885.0
370.0,-143.0,2.0,44.0,-13.0,28.0,-1034.0,-885.0
369.0,-144.0,2.0,44.0,-13.0,30.0,-1033.0,-885.0
368.0,-146.0,3.0,45.0,-11.0,32.0,-1030.0,-882.0
367.0,-148.0,6.0,48.0,-9.0,35.0,-1028.0,-879.0
365.0,-149.0,7.0,49.0,-8.0,35.0,-1027.0,-877.0
363.0,-148.0,7.0,49.0,-8.0,33.0,-1028.0,-877.0
362.0,-145.0,6.0,48.0,-9.0,32.0,-1029.0,-877.0
364.0,-144.0,4.0,47.0,-11.0,30.0,-1031.0,-878.0
365.0,-142.0,3.0,46.0,-13.0,30.0,-1034.0,-879.0
365.0,-140.0,2.0,44.0,-14.0,29.0,-1035.0,-879.0
363.0,-138.0,2.0,45.0,-14.0,30.0,-1035.0,-878.0
362.0,-139.0,3.0,46.0,-12.0,31.0,-1034.0,-878.0
360.0,-141.0,4.0,47.0,-12.0,31.0,-1033.0,-875.0
359.0,-144.0,6.0,49.0,-10.0,33.0,-1031.0,-873.0
359.0,-146.0,7.0,50.0,-10.0,33.0,-1029.0,-872.0
359.0,-146.0,7.0,49.0,-10.0,33.0,-1029.0,-871.0
359.0,-144.0,6.0,48.0,-11.0,32.0,-1028.0,-872.0
360.0,-142.0,5.0,47.0,-13.0,30.0,-1029.0,-874.0
359.0,-137.0,3.0,46.0,-14.0,29.0,-1030.0,-874.0
356.0,-133.0,3.0,45.0,-15.0,29.0,-1030.0,-875.0
356.0,-133.0,3.0,45.0,-15.0,29.0,-1029.0,-874.0
355.0,-134.0,4.0,46.0,-15.0,29.0,-1027.0,-873.0
354.0,-136.0,5.0,47.0,-14.0,29.0,-1024.0,-872.0
353.0,-139.0,7.0,50.0,-12.0,31.0,-1022.0,-870.0
351.0,-140.0,8.0,51.0,-12.0,31.0,-1020.0,-868.0
350.0,-140.0,8.0,51.0,-12.0,31.0,-1018.0,-867.0
350.0,-138.0,7.0,50.0,-13.0,31.0,-1018.0,-867.0
348.0,-133.0,6.0,49.0,-14.0,30.0,-1019.0,-868.0
350.0,-132.0,4.0,47.0,-15.0,30.0,-1020.0,-869.0
350.0,-129.0,3.0,47.0,-15.0,31.0,-1020.0,-869.0
347.0,-125.0,4.0,47.0,-15.0,30.0,-1020.0,-869.0
345.0,-126.0,5.0,48.0,-14.0,30.0,-1019.0,-868.0
348.0,-130.0,5.0,49.0,-13.0,30.0,-1017.0,-867.0
349.0,-136.0,7.0,50.0,-12.0,31.0,-1014.0,-864.0
347.0,-138.0,7.0,50.0,-12.0,31.0,-1013.0,-863.0
347.0,-138.0,7.0,50.0,-12.0,32.0,-1012.0,-862.0
345.0,-133.0,8.0,50.0,-13.0,32.0,-1012.0,-862.0
344.0,-129.0,7.0,49.0,-14.0,31.0,-1014.0,-862.0
343.0,-126.0,5.0,48.0,-16.0,29.0,-1017.0,-864.0
342.0,-123.0,5.0,48.0,-16.0,28.0,-1017.0,-864.0
341.0,-120.0,5.0,48.0,-16.0,28.0,-1015.0,-862.0
339.0,-120.0,6.0,49.0,-16.0,28.0,-1015.0,-861.0
337.0,-123.0,7.0,50.0,-15.0,30.0,-1014.0,-859.0
337.0,-126.0,9.0,51.0,-13.0,32.0,-1012.0,-857.0
337.0,-129.0,9.0,51.0,-14.0,31.0,-1012.0,-856.0
340.0,-133.0,8.0,51.0,-15.0,28.0,-1012.0,-856.0
339.0,-130.0,8.0,50.0,-16.0,27.0,-1013.0,-856.0
337.0,-124.0,7.0,50.0,-17.0,26.0,-1013.0,-856.0
336.0,-120.0,6.0,49.0,-18.0,27.0,-1012.0,-855.0
336.0,-117.0,5.0,49.0,-19.0,28.0,-1011.0,-854.0
334.0,-116.0,6.0,50.0,-18.0,29.0,-1010.0,-853.0
334.0,-116.0,7.0,50.0,-18.0,30.0,-1009.0,-852.0
334.0,-120.0,8.0,51.0,-17.0,32.0,-1009.0,-851.0
333.0,-124.0,9.0,52.0,-15.0,34.0,-1006.0,-849.0
332.0,-126.0,10.0,53.0,-15.0,35.0,-1005.0,-848.0
331.0,-125.0,10.0,53.0,-15.0,36.0,-1004.0,-848.0
331.0,-123.0,10.0,53.0,-15.0,36.0,-1004.0,-848.0
330.0,-119.0,9.0,52.0,-16.0,35.0,-1004.0,-848.0
330.0,-115.0,8.0,51.0,-18.0,33.0,-1005.0,-849.0
330.0,-112.0,7.0,50.0,-19.0,32.0,-1006.0,-849.0
327.0,-110.0,8.0,51.0,-18.0,33.0,-1005.0,-848.0
327.0,-112.0,9.0,52.0,-17.0,34.0,-1004.0,-847.0
327.0,-114.0,10.0,54.0,-16.0,35.0,-1001.0,-845.0
327.0,-119.0,12.0,56.0,-15.0,37.0,-997.0,-840.0
327.0,-120.0,14.0,58.0,-13.0,38.0,-994.0,-837.0
327.0,-120.0,15.0,59.0,-11.0,38.0,-993.0,-836.0
327.0,-120.0,15.0,59.0,-12.0,35.0,-994.0,-836.0
328.0,-117.0,14.0,58.0,-15.0,32.0,-996.0,-837.0
325.0,-111.0,15.0,58.0,-14.0,32.0,-995.0,-838.0
326.0,-108.0,14.0,57.0,-15.0,31.0,-995.0,-838.0
327.0,-107.0,14.0,58.0,-14.0,32.0,-994.0,-837.0
327.0,-109.0,15.0,59.0,-14.0,34.0,-992.0,-836.0
326.0,-111.0,16.0,60.0,-12.0,36.0,-989.0,-834.0
323.0,-113.0,19.0,61.0,-11.0,37.0,-987.0,-832.0
321.0,-113.0,20.0,63.0,-9.0,37.0,-988.0,-830.0
318.0,-110.0,22.0,64.0,-9.0,38.0,-987.0,-829.0
319.0,-109.0,22.0,64.0,-9.0,38.0,-988.0,-829.0
322.0,-108.0,21.0,63.0,-10.0,38.0,-989.0,-829.0
321.0,-103.0,20.0,62.0,-10.0,38.0,-989.0,-827.0
323.0,-102.0,20.0,62.0,-11.0,37.0,-989.0,-826.0
327.0,-104.0,19.0,62.0,-11.0,38.0,-988.0,-826.0
330.0,-105.0,21.0,65.0,-9.0,40.0,-985.0,-823.0
333.0,-107.0,24.0,69.0,-5.0,44.0,-981.0,-819.0
337.0,-110.0,26.0,72.0,-2.0,48.0,-977.0,-815.0
341.0,-113.0,27.0,73.0,-1.0,50.0,-974.0,-810.0
345.0,-115.0,26.0,73.0,0.0,50.0,-973.0,-808.0
348.0,-114.0,24.0,72.0,0.0,50.0,-972.0,-807.0
351.0,-114.0,21.0,70.0,-2.0,48.0,-973.0,-807.0
351.0,-112.0,19.0,67.0,-5.0,46.0,-974.0,-808.0
349.0,-111.0,15.0,64.0,-9.0,42.0,-977.0,-811.0
347.0,-110.0,12.0,61.0,-11.0,40.0,-978.0,-811.0
344.0,-110.0,11.0,59.0,-13.0,39.0,-978.0,-810.0
344.0,-113.0,11.0,58.0,-13.0,39.0,-977.0,-808.0
343.0,-116.0,12.0,59.0,-12.0,40.0,-975.0,-805.0
341.0,-117.0,14.0,60.0,-11.0,40.0,-973.0,-802.0
339.0,-115.0,15.0,61.0,-11.0,40.0,-973.0,-800.0
336.0,-112.0,15.0,61.0,-11.0,39.0,-974.0,-800.0
334.0,-108.0,14.0,60.0,-13.0,37.0,-975.0,-800.0
336.0,-107.0,12.0,57.0,-15.0,35.0,-977.0,-800.0
337.0,-105.0,11.0,56.0,-17.0,34.0,-978.0,-800.0
335.0,-104.0,11.0,55.0,-18.0,34.0,-980.0,-801.0
329.0,-103.0,12.0,57.0,-17.0,35.0,-980.0,-800.0
324.0,-102.0,14.0,58.0,-15.0,37.0,-976.0,-797.0
319.0,-103.0,16.0,61.0,-14.0,38.0,-975.0,-797.0
315.0,-105.0,18.0,62.0,-13.0,38.0,-976.0,-797.0
314.0,-106.0,18.0,61.0,-15.0,38.0,-975.0,-798.0
312.0,-104.0,16.0,59.0,-16.0,37.0,-975.0,-798.0
311.0,-100.0,14.0,57.0,-19.0,34.0,-976.0,-797.0
308.0,-95.0,13.0,56.0,-20.0,31.0,-976.0,-797.0
305.0,-91.0,12.0,54.0,-22.0,28.0,-977.0,-799.0
302.0,-89.0,11.0,54.0,-25.0,26.0,-978.0,-801.0
299.0,-89.0,12.0,55.0,-24.0,28.0,-978.0,-802.0
296.0,-90.0,14.0,57.0,-22.0,31.0,-977.0,-802.0
296.0,-93.0,16.0,59.0,-20.0,32.0,-975.0,-801.0
296.0,-96.0,17.0,59.0,-20.0,32.0,-973.0,-801.0
296.0,-96.0,17.0,59.0,-21.0,30.0,-972.0,-802.0
296.0,-94.0,16.0,59.0,-21.0,30.0,-971.0,-804.0
293.0,-88.0,15.0,58.0,-22.0,29.0,-972.0,-805.0
294.0,-85.0,14.0,57.0,-23.0,28.0,-973.0,-807.0
293.0,-83.0,13.0,56.0,-24.0,27.0,-974.0,-809.0
291.0,-80.0,13.0,57.0,-24.0,27.0,-974.0,-810.0
290.0,-81.0,14.0,57.0,-24.0,26.0,-974.0,-809.0
293.0,-87.0,15.0,58.0,-24.0,28.0,-972.0,-809.0
294.0,-92.0,16.0,59.0,-22.0,31.0,-970.0,-809.0
291.0,-92.0,18.0,61.0,-20.0,33.0,-969.0,-808.0
289.0,-90.0,19.0,62.0,-20.0,35.0,-968.0,-806.0
286.0,-87.0,19.0,62.0,-20.0,34.0,-968.0,-806.0
285.0,-83.0,18.0,61.0,-21.0,33.0,-969.0,-807.0
287.0,-80.0,17.0,60.0,-22.0,32.0,-969.0,-808.0
287.0,-78.0,16.0,59.0,-23.0,30.0,-970.0,-809.0
287.0,-77.0,16.0,59.0,-23.0,30.0,-970.0,-807.0
286.0,-78.0,16.0,59.0,-23.0,30.0,-970.0,-806.0
284.0,-80.0,17.0,60.0,-23.0,30.0,-969.0,-805.0
283.0,-83.0,19.0,62.0,-21.0,32.0,-967.0,-802.0
282.0,-84.0,21.0,64.0,-20.0,33.0,-965.0,-801.0
282.0,-84.0,21.0,65.0,-19.0,33.0,-963.0,-800.0
280.0,-79.0,23.0,66.0,-18.0,35.0,-961.0,-799.0
275.0,-70.0,25.0,69.0,-16.0,38.0,-959.0,-799.0
270.0,-59.0,31.0,74.0,-12.0,42.0,-956.0,-798.0
261.0,-46.0,39.0,84.0,-4.0,50.0,-951.0,-796.0
250.0,-32.0,51.0,98.0,5.0,58.0,-945.0,-793.0
237.0,-21.0,63.0,111.0,16.0,66.0,-941.0,-790.0
226.0,-16.0,73.0,123.0,25.0,72.0,-937.0,-787.0
227.0,-21.0,78.0,130.0,32.0,78.0,-932.0,-782.0
238.0,-33.0,76.0,132.0,35.0,81.0,-929.0,-778.0
252.0,-51.0,73.0,133.0,34.0,79.0,-931.0,-779.0
266.0,-70.0,71.0,136.0,32.0,76.0,-933.0,-781.0
286.0,-90.0,69.0,140.0,32.0,74.0,-935.0,-783.0
313.0,-112.0,64.0,143.0,33.0,76.0,-932.0,-779.0
350.0,-139.0,57.0,147.0,35.0,77.0,-928.0,-774.0
401.0,-177.0,50.0,153.0,41.0,83.0,-919.0,-764.0
460.0,-215.0,43.0,161.0,52.0,96.0,-903.0,-746.0
596.0,-342.0,-98.0,-10.0,-75.0,-8.0,-961.0,-767.0
559.0,-311.0,-118.0,-51.0,-103.0,-28.0,-974.0,-776.0
509.0,-271.0,-127.0,-84.0,-128.0,-46.0,-985.0,-785.0
459.0,-234.0,-135.0,-114.0,-151.0,-63.0,-997.0,-793.0
433.0,-219.0,-145.0,-141.0,-171.0,-77.0,-1006.0,-800.0
410.0,-211.0,-148.0,-153.0,-182.0,-86.0,-1014.0,-806.0
387.0,-207.0,-144.0,-149.0,-183.0,-90.0,-1020.0,-813.0
378.0,-205.0,-138.0,-138.0,-178.0,-88.0,-1020.0,-816.0
372.0,-199.0,-131.0,-125.0,-171.0,-83.0,-1017.0,-816.0
366.0,-189.0,-124.0,-114.0,-163.0,-78.0,-1015.0,-815.0
351.0,-174.0,-115.0,-102.0,-155.0,-73.0,-1012.0,-814.0
331.0,-155.0,-103.0,-87.0,-144.0,-66.0,-1011.0,-816.0
308.0,-136.0,-88.0,-68.0,-133.0,-57.0,-1008.0,-818.0
286.0,-119.0,-74.0,-51.0,-121.0,-49.0,-1003.0,-817.0
274.0,-112.0,-63.0,-37.0,-110.0,-41.0,-998.0,-815.0
269.0,-108.0,-51.0,-21.0,-97.0,-30.0,-991.0,-810.0
268.0,-108.0,-39.0,-4.0,-83.0,-18.0,-984.0,-805.0
267.0,-108.0,-26.0,11.0,-71.0,-7.0,-978.0,-801.0
264.0,-104.0,-15.0,26.0,-59.0,2.0,-973.0,-798.0
261.0,-97.0,-6.0,37.0,-51.0,8.0,-969.0,-795.0
259.0,-90.0,1.0,46.0,-44.0,14.0,-965.0,-793.0
255.0,-82.0,7.0,53.0,-39.0,19.0,-963.0,-792.0
254.0,-77.0,11.0,57.0,-36.0,22.0,-962.0,-793.0
249.0,-71.0,15.0,61.0,-32.0,25.0,-959.0,-791.0
245.0,-66.0,20.0,66.0,-28.0,30.0,-955.0,-789.0
245.0,-66.0,24.0,70.0,-23.0,35.0,-950.0,-786.0
245.0,-66.0,28.0,74.0,-19.0,40.0,-945.0,-782.0
242.0,-64.0,31.0,78.0,-15.0,44.0,-941.0,-779.0
240.0,-61.0,33.0,81.0,-13.0,47.0,-938.0,-778.0
241.0,-57.0,34.0,81.0,-13.0,47.0,-937.0,-777.0
240.0,-52.0,34.0,82.0,-12.0,47.0,-938.0,-777.0
240.0,-48.0,33.0,82.0,-13.0,47.0,-938.0,-778.0
239.0,-45.0,33.0,81.0,-13.0,46.0,-937.0,-778.0
239.0,-43.0,34.0,82.0,-12.0,48.0,-936.0,-777.0
239.0,-44.0,35.0,84.0,-11.0,48.0,-935.0,-776.0
239.0,-47.0,37.0,85.0,-9.0,49.0,-933.0,-774.0
236.0,-50.0,40.0,88.0,-7.0,51.0,-930.0,-772.0
235.0,-52.0,41.0,89.0,-6.0,52.0,-929.0,-771.0
235.0,-52.0,42.0,90.0,-5.0,53.0,-929.0,-770.0
234.0,-49.0,42.0,90.0,-5.0,54.0,-928.0,-770.0
234.0,-45.0,41.0,90.0,-6.0,53.0,-929.0,-771.0
236.0,-42.0,41.0,91.0,-6.0,52.0,-930.0,-772.0
236.0,-40.0,40.0,90.0,-7.0,51.0,-930.0,-772.0
234.0,-37.0,40.0,90.0,-6.0,52.0,-930.0,-772.0
233.0,-38.0,42.0,91.0,-5.0,53.0,-929.0,-769.0
232.0,-41.0,43.0,92.0,-4.0,55.0,-928.0,-769.0
231.0,-43.0,44.0,93.0,-3.0,56.0,-927.0,-767.0
229.0,-44.0,45.0,95.0,-2.0,58.0,-925.0,-766.0
230.0,-46.0,46.0,96.0,-1.0,59.0,-924.0,-765.0
229.0,-43.0,46.0,96.0,0.0,59.0,-924.0,-765.0
229.0,-39.0,46.0,96.0,-1.0,57.0,-924.0,-765.0
228.0,-36.0,44.0,94.0,-3.0,55.0,-925.0,-765.0
227.0,-32.0,44.0,93.0,-4.0,54.0,-927.0,-765.0
225.0,-29.0,45.0,94.0,-3.0,55.0,-927.0,-765.0
223.0,-30.0,46.0,94.0,-2.0,55.0,-927.0,-765.0
227.0,-35.0,46.0,95.0,-2.0,56.0,-925.0,-765.0
226.0,-39.0,48.0,97.0,0.0,58.0,-923.0,-764.0
226.0,-44.0,48.0,98.0,0.0,59.0,-921.0,-765.0
226.0,-44.0,49.0,98.0,0.0,60.0,-919.0,-765.0
223.0,-39.0,49.0,99.0,2.0,62.0,-917.0,-763.0
223.0,-36.0,49.0,99.0,1.0,62.0,-918.0,-763.0
221.0,-31.0,49.0,99.0,1.0,61.0,-919.0,-764.0
222.0,-28.0,48.0,97.0,0.0,60.0,-920.0,-766.0
223.0,-29.0,47.0,97.0,0.0,59.0,-922.0,-767.0
222.0,-29.0,48.0,98.0,1.0,59.0,-923.0,-767.0
222.0,-32.0,49.0,100.0,2.0,60.0,-921.0,-765.0
220.0,-35.0,51.0,102.0,4.0,63.0,-918.0,-763.0
221.0,-37.0,52.0,103.0,5.0,64.0,-916.0,-762.0
219.0,-35.0,53.0,104.0,7.0,64.0,-914.0,-760.0
217.0,-32.0,53.0,105.0,7.0,63.0,-913.0,-759.0
218.0,-30.0,52.0,104.0,5.0,61.0,-914.0,-760.0
217.0,-26.0,52.0,103.0,5.0,62.0,-914.0,-760.0
217.0,-23.0,51.0,103.0,5.0,62.0,-915.0,-761.0
217.0,-23.0,51.0,104.0,6.0,63.0,-915.0,-761.0
216.0,-24.0,52.0,105.0,7.0,64.0,-914.0,-760.0
214.0,-26.0,54.0,107.0,8.0,65.0,-913.0,-759.0
214.0,-29.0,56.0,109.0,10.0,67.0,-911.0,-757.0
214.0,-32.0,58.0,110.0,12.0,69.0,-909.0,-756.0
215.0,-32.0,58.0,110.0,12.0,69.0,-908.0,-756.0
216.0,-31.0,58.0,110.0,12.0,68.0,-909.0,-757.0
215.0,-26.0,58.0,110.0,12.0,67.0,-909.0,-757.0
216.0,-23.0,57.0,110.0,11.0,65.0,-909.0,-757.0
216.0,-20.0,57.0,110.0,11.0,64.0,-910.0,-757.0
214.0,-18.0,57.0,111.0,11.0,64.0,-910.0,-757.0
212.0,-18.0,58.0,112.0,12.0,66.0,-908.0,-757.0
212.0,-20.0,60.0,113.0,14.0,68.0,-907.0,-756.0
211.0,-24.0,62.0,116.0,17.0,71.0,-903.0,-753.0
212.0,-27.0,64.0,118.0,19.0,73.0,-902.0,-751.0
211.0,-26.0,65.0,119.0,20.0,74.0,-902.0,-751.0
209.0,-22.0,65.0,120.0,20.0,73.0,-902.0,-751.0
209.0,-18.0,65.0,120.0,20.0,72.0,-902.0,-751.0
209.0,-15.0,65.0,120.0,19.0,70.0,-903.0,-751.0
209.0,-12.0,65.0,120.0,20.0,71.0,-903.0,-752.0
209.0,-12.0,65.0,121.0,21.0,71.0,-903.0,-752.0
210.0,-14.0,66.0,122.0,21.0,72.0,-902.0,-751.0
209.0,-16.0,68.0,125.0,23.0,73.0,-900.0,-749.0
208.0,-20.0,71.0,128.0,26.0,75.0,-898.0,-748.0
206.0,-21.0,72.0,130.0,27.0,76.0,-897.0,-747.0
207.0,-21.0,74.0,132.0,29.0,78.0,-895.0,-745.0
208.0,-20.0,74.0,133.0,29.0,78.0,-895.0,-745.0
207.0,-15.0,75.0,134.0,29.0,78.0,-896.0,-746.0
206.0,-10.0,75.0,135.0,30.0,78.0,-896.0,-746.0
206.0,-7.0,75.0,135.0,30.0,77.0,-896.0,-747.0
206.0,-5.0,76.0,136.0,31.0,77.0,-894.0,-746.0
207.0,-7.0,78.0,138.0,33.0,78.0,-892.0,-745.0
205.0,-9.0,80.0,142.0,35.0,80.0,-890.0,-744.0
204.0,-12.0,82.0,144.0,37.0,83.0,-888.0,-743.0
206.0,-14.0,83.0,146.0,39.0,85.0,-886.0,-740.0
205.0,-14.0,85.0,148.0,40.0,86.0,-885.0,-741.0
203.0,-10.0,86.0,149.0,40.0,87.0,-886.0,-741.0
202.0,-4.0,86.0,150.0,41.0,88.0,-885.0,-741.0
202.0,0.0,86.0,150.0,41.0,88.0,-885.0,-741.0
201.0,2.0,86.0,150.0,41.0,88.0,-886.0,-741.0
203.0,2.0,87.0,151.0,41.0,88.0,-885.0,-740.0
204.0,0.0,88.0,153.0,43.0,90.0,-884.0,-740.0
202.0,0.0,91.0,155.0,45.0,91.0,-882.0,-739.0
200.0,-2.0,93.0,158.0,48.0,94.0,-879.0,-738.0
200.0,-4.0,95.0,159.0,49.0,95.0,-878.0,-737.0
200.0,-5.0,95.0,160.0,49.0,95.0,-877.0,-736.0
200.0,-3.0,95.0,159.0,48.0,94.0,-878.0,-737.0
199.0,0.0,94.0,158.0,47.0,93.0,-878.0,-737.0
198.0,6.0,94.0,158.0,47.0,93.0,-878.0,-737.0
196.0,11.0,94.0,158.0,46.0,92.0,-879.0,-739.0
195.0,13.0,94.0,158.0,47.0,92.0,-878.0,-738.0
194.0,11.0,95.0,158.0,46.0,92.0,-878.0,-738.0
196.0,7.0,95.0,159.0,46.0,92.0,-877.0,-738.0
196.0,4.0,96.0,160.0,48.0,93.0,-875.0,-737.0
194.0,2.0,98.0,160.0,48.0,94.0,-873.0,-735.0
192.0,3.0,98.0,161.0,49.0,95.0,-872.0,-735.0
191.0,6.0,98.0,160.0,48.0,94.0,-873.0,-736.0
191.0,10.0,96.0,158.0,46.0,93.0,-874.0,-737.0
190.0,14.0,95.0,156.0,44.0,91.0,-874.0,-738.0
188.0,19.0,94.0,155.0,43.0,90.0,-874.0,-739.0
185.0,21.0,93.0,154.0,42.0,89.0,-875.0,-739.0
186.0,19.0,92.0,153.0,41.0,89.0,-875.0,-739.0
186.0,17.0,92.0,152.0,41.0,89.0,-873.0,-737.0
185.0,13.0,93.0,152.0,41.0,90.0,-872.0,-736.0
184.0,10.0,93.0,152.0,41.0,90.0,-872.0,-735.0
184.0,10.0,92.0,151.0,41.0,90.0,-872.0,-735.0
184.0,12.0,90.0,148.0,39.0,88.0,-873.0,-736.0
182.0,16.0,87.0,145.0,36.0,86.0,-873.0,-737.0
180.0,22.0,86.0,142.0,35.0,85.0,-875.0,-738.0
181.0,23.0,83.0,139.0,33.0,83.0,-876.0,-740.0
182.0,23.0,81.0,137.0,31.0,82.0,-876.0,-741.0
182.0,21.0,80.0,135.0,30.0,83.0,-875.0,-739.0
184.0,15.0,79.0,133.0,30.0,82.0,-875.0,-739.0
183.0,12.0,79.0,133.0,30.0,83.0,-873.0,-737.0
182.0,10.0,79.0,132.0,30.0,83.0,-872.0,-736.0
181.0,11.0,77.0,131.0,29.0,82.0,-873.0,-736.0
180.0,13.0,75.0,128.0,28.0,80.0,-874.0,-737.0
179.0,17.0,74.0,125.0,26.0,78.0,-874.0,-736.0
181.0,18.0,71.0,122.0,23.0,75.0,-876.0,-737.0
179.0,22.0,69.0,120.0,21.0,73.0,-877.0,-737.0
178.0,22.0,67.0,117.0,19.0,71.0,-877.0,-737.0
179.0,19.0,66.0,116.0,19.0,70.0,-877.0,-738.0
181.0,14.0,65.0,116.0,19.0,72.0,-875.0,-737.0
181.0,9.0,66.0,116.0,21.0,74.0,-872.0,-735.0
180.0,8.0,66.0,116.0,21.0,77.0,-871.0,-735.0
178.0,10.0,66.0,115.0,21.0,79.0,-870.0,-734.0
176.0,13.0,65.0,114.0,21.0,80.0,-869.0,-734.0
174.0,17.0,63.0,113.0,20.0,80.0,-870.0,-735.0
173.0,21.0,62.0,111.0,19.0,78.0,-872.0,-737.0
174.0,23.0,60.0,109.0,18.0,76.0,-872.0,-738.0
175.0,23.0,60.0,109.0,17.0,76.0,-873.0,-738.0
175.0,20.0,59.0,107.0,16.0,74.0,-874.0,-739.0
175.0,18.0,60.0,108.0,16.0,75.0,-873.0,-738.0
174.0,15.0,61.0,110.0,18.0,77.0,-872.0,-736.0
173.0,12.0,62.0,110.0,19.0,78.0,-871.0,-735.0
171.0,14.0,62.0,110.0,19.0,77.0,-870.0,-737.0
170.0,17.0,62.0,109.0,19.0,77.0,-869.0,-737.0
168.0,20.0,60.0,107.0,17.0,75.0,-868.0,-737.0
167.0,24.0,59.0,106.0,15.0,74.0,-869.0,-737.0
166.0,27.0,58.0,105.0,14.0,73.0,-869.0,-738.0
167.0,27.0,58.0,105.0,14.0,73.0,-869.0,-739.0
166.0,26.0,58.0,105.0,14.0,74.0,-867.0,-738.0
165.0,23.0,58.0,106.0,15.0,74.0,-866.0,-737.0
165.0,19.0,60.0,108.0,17.0,75.0,-865.0,-735.0
164.0,17.0,61.0,109.0,17.0,76.0,-863.0,-734.0
163.0,18.0,61.0,109.0,18.0,75.0,-863.0,-734.0
161.0,21.0,61.0,109.0,17.0,75.0,-863.0,-735.0
160.0,25.0,60.0,108.0,15.0,73.0,-864.0,-735.0
160.0,29.0,59.0,106.0,14.0,72.0,-866.0,-735.0
161.0,29.0,57.0,104.0,13.0,70.0,-869.0,-737.0
162.0,29.0,58.0,104.0,13.0,70.0,-869.0,-737.0
160.0,30.0,59.0,105.0,13.0,70.0,-867.0,-737.0
159.0,28.0,60.0,106.0,14.0,71.0,-865.0,-736.0
158.0,25.0,61.0,108.0,16.0,73.0,-863.0,-734.0
158.0,22.0,62.0,110.0,18.0,76.0,-861.0,-732.0
156.0,23.0,62.0,110.0,18.0,76.0,-860.0,-731.0
154.0,26.0,62.0,110.0,18.0,75.0,-860.0,-731.0
157.0,27.0,61.0,109.0,16.0,74.0,-861.0,-732.0
157.0,30.0,60.0,108.0,15.0,72.0,-863.0,-733.0
154.0,35.0,59.0,107.0,14.0,71.0,-864.0,-733.0
152.0,37.0,60.0,108.0,15.0,71.0,-865.0,-733.0
152.0,36.0,60.0,109.0,16.0,71.0,-864.0,-731.0
152.0,34.0,62.0,110.0,17.0,72.0,-862.0,-730.0
153.0,29.0,63.0,112.0,19.0,74.0,-860.0,-728.0
153.0,27.0,63.0,112.0,20.0,75.0,-859.0,-728.0
155.0,24.0,63.0,112.0,20.0,74.0,-860.0,-729.0
155.0,26.0,63.0,112.0,20.0,74.0,-860.0,-729.0
154.0,31.0,63.0,112.0,20.0,73.0,-860.0,-729.0
151.0,36.0,63.0,111.0,20.0,73.0,-861.0,-730.0
149.0,41.0,62.0,111.0,20.0,74.0,-861.0,-730.0
150.0,40.0,62.0,112.0,20.0,75.0,-862.0,-729.0
150.0,37.0,63.0,112.0,20.0,76.0,-862.0,-729.0
149.0,36.0,64.0,114.0,22.0,79.0,-859.0,-728.0
149.0,32.0,66.0,116.0,24.0,81.0,-857.0,-726.0
148.0,30.0,68.0,118.0,26.0,83.0,-855.0,-726.0
149.0,31.0,68.0,119.0,27.0,83.0,-854.0,-725.0
146.0,35.0,68.0,119.0,26.0,83.0,-854.0,-725.0
145.0,39.0,68.0,118.0,26.0,83.0,-854.0,-726.0
146.0,41.0,67.0,117.0,26.0,83.0,-855.0,-727.0
146.0,44.0,66.0,117.0,25.0,83.0,-855.0,-728.0
146.0,45.0,66.0,117.0,25.0,83.0,-854.0,-728.0
146.0,43.0,67.0,118.0,26.0,84.0,-852.0,-728.0
146.0,42.0,68.0,119.0,28.0,85.0,-850.0,-726.0
146.0,37.0,69.0,120.0,29.0,86.0,-849.0,-723.0
146.0,35.0,70.0,122.0,30.0,87.0,-847.0,-721.0
147.0,34.0,71.0,123.0,31.0,88.0,-846.0,-720.0
148.0,35.0,70.0,123.0,30.0,87.0,-846.0,-722.0
146.0,41.0,70.0,122.0,30.0,87.0,-846.0,-722.0
144.0,47.0,69.0,122.0,30.0,88.0,-846.0,-722.0
143.0,51.0,69.0,122.0,30.0,88.0,-846.0,-723.0
143.0,51.0,69.0,121.0,30.0,88.0,-846.0,-724.0
143.0,50.0,69.0,121.0,30.0,88.0,-845.0,-723.0
142.0,48.0,70.0,122.0,31.0,89.0,-843.0,-722.0
143.0,44.0,72.0,124.0,33.0,91.0,-842.0,-721.0
143.0,41.0,73.0,126.0,35.0,92.0,-840.0,-719.0
142.0,42.0,73.0,126.0,35.0,91.0,-839.0,-718.0
141.0,45.0,73.0,126.0,34.0,90.0,-839.0,-717.0
139.0,50.0,73.0,125.0,33.0,89.0,-841.0,-718.0
139.0,53.0,72.0,124.0,32.0,87.0,-843.0,-718.0
141.0,54.0,71.0,123.0,30.0,86.0,-843.0,-718.0
141.0,54.0,70.0,122.0,30.0,87.0,-844.0,-719.0
139.0,54.0,71.0,123.0,31.0,89.0,-843.0,-720.0
137.0,53.0,73.0,124.0,33.0,92.0,-840.0,-718.0
136.0,51.0,74.0,126.0,35.0,94.0,-838.0,-716.0
136.0,48.0,75.0,127.0,36.0,96.0,-837.0,-716.0
137.0,46.0,74.0,126.0,36.0,96.0,-837.0,-718.0
137.0,47.0,74.0,125.0,35.0,96.0,-837.0,-717.0
136.0,53.0,73.0,125.0,35.0,95.0,-837.0,-718.0
133.0,58.0,73.0,124.0,34.0,95.0,-838.0,-718.0
132.0,61.0,72.0,123.0,34.0,94.0,-838.0,-718.0
133.0,62.0,72.0,123.0,33.0,94.0,-838.0,-718.0
132.0,62.0,73.0,124.0,34.0,94.0,-838.0,-717.0
131.0,59.0,74.0,124.0,35.0,94.0,-837.0,-715.0
131.0,55.0,75.0,126.0,37.0,96.0,-835.0,-713.0
129.0,55.0,76.0,127.0,38.0,97.0,-836.0,-713.0
130.0,53.0,76.0,126.0,38.0,97.0,-836.0,-712.0
132.0,54.0,75.0,126.0,37.0,97.0,-837.0,-713.0
129.0,58.0,74.0,125.0,36.0,97.0,-837.0,-713.0
127.0,63.0,74.0,125.0,35.0,96.0,-838.0,-714.0
126.0,67.0,73.0,124.0,34.0,95.0,-839.0,-715.0
126.0,69.0,73.0,123.0,35.0,96.0,-839.0,-715.0
126.0,68.0,73.0,124.0,36.0,97.0,-838.0,-714.0
125.0,66.0,75.0,125.0,37.0,99.0,-836.0,-714.0
124.0,62.0,76.0,127.0,39.0,101.0,-834.0,-712.0
125.0,59.0,76.0,127.0,40.0,102.0,-834.0,-711.0
126.0,57.0,76.0,127.0,40.0,102.0,-835.0,-711.0
123.0,62.0,76.0,126.0,39.0,102.0,-835.0,-712.0
123.0,65.0,75.0,125.0,37.0,99.0,-835.0,-713.0
123.0,69.0,74.0,124.0,37.0,99.0,-835.0,-714.0
122.0,72.0,73.0,123.0,36.0,98.0,-834.0,-715.0
120.0,75.0,73.0,123.0,36.0,98.0,-835.0,-714.0
119.0,74.0,73.0,123.0,36.0,99.0,-834.0,-713.0
118.0,72.0,75.0,125.0,38.0,101.0,-833.0,-711.0
117.0,68.0,76.0,126.0,39.0,102.0,-833.0,-710.0
119.0,64.0,76.0,127.0,39.0,101.0,-832.0,-709.0
118.0,64.0,76.0,126.0,39.0,102.0,-833.0,-709.0
120.0,65.0,76.0,126.0,38.0,101.0,-835.0,-710.0
119.0,69.0,75.0,125.0,38.0,101.0,-836.0,-711.0
119.0,72.0,74.0,124.0,37.0,101.0,-836.0,-711.0
118.0,76.0,74.0,124.0,36.0,101.0,-836.0,-711.0
117.0,78.0,74.0,124.0,36.0,102.0,-837.0,-712.0
117.0,77.0,74.0,124.0,37.0,103.0,-836.0,-712.0
117.0,74.0,76.0,126.0,37.0,102.0,-835.0,-710.0
115.0,71.0,77.0,128.0,39.0,105.0,-832.0,-709.0
113.0,71.0,78.0,129.0,40.0,105.0,-830.0,-708.0
113.0,71.0,79.0,129.0,40.0,105.0,-829.0,-707.0
113.0,74.0,79.0,130.0,41.0,105.0,-827.0,-706.0
113.0,78.0,78.0,129.0,40.0,105.0,-828.0,-706.0
111.0,82.0,77.0,127.0,38.0,104.0,-830.0,-707.0
112.0,84.0,76.0,126.0,37.0,104.0,-830.0,-708.0
112.0,84.0,76.0,126.0,38.0,104.0,-829.0,-708.0
111.0,84.0,76.0,126.0,39.0,103.0,-828.0,-707.0
110.0,81.0,78.0,128.0,40.0,103.0,-825.0,-705.0
110.0,78.0,79.0,129.0,41.0,104.0,-823.0,-703.0
110.0,75.0,80.0,130.0,42.0,105.0,-822.0,-703.0
110.0,74.0,80.0,131.0,43.0,106.0,-821.0,-701.0
108.0,78.0,80.0,131.0,43.0,106.0,-820.0,-700.0
107.0,82.0,80.0,130.0,42.0,108.0,-820.0,-702.0
107.0,86.0,79.0,129.0,42.0,107.0,-821.0,-702.0
104.0,91.0,79.0,128.0,41.0,107.0,-821.0,-703.0
103.0,92.0,78.0,128.0,41.0,107.0,-822.0,-703.0
104.0,91.0,79.0,128.0,41.0,107.0,-822.0,-703.0
103.0,89.0,80.0,130.0,42.0,108.0,-821.0,-702.0
104.0,85.0,81.0,131.0,44.0,109.0,-820.0,-701.0
104.0,82.0,82.0,132.0,45.0,110.0,-819.0,-700.0
104.0,82.0,83.0,133.0,46.0,110.0,-818.0,-698.0
102.0,84.0,83.0,133.0,45.0,109.0,-819.0,-700.0
100.0,90.0,82.0,132.0,44.0,107.0,-820.0,-700.0
99.0,94.0,81.0,131.0,43.0,107.0,-820.0,-701.0
99.0,97.0,80.0,130.0,42.0,105.0,-821.0,-702.0
101.0,96.0,80.0,129.0,42.0,105.0,-821.0,-701.0
102.0,95.0,81.0,130.0,43.0,106.0,-820.0,-699.0
102.0,92.0,82.0,131.0,44.0,107.0,-819.0,-698.0
99.0,89.0,84.0,133.0,46.0,109.0,-818.0,-696.0
98.0,88.0,85.0,135.0,48.0,110.0,-817.0,-695.0
99.0,87.0,85.0,135.0,48.0,110.0,-816.0,-694.0
100.0,88.0,84.0,134.0,47.0,108.0,-817.0,-695.0
98.0,93.0,84.0,134.0,46.0,107.0,-816.0,-694.0
95.0,99.0,84.0,133.0,46.0,106.0,-817.0,-695.0
93.0,103.0,84.0,133.0,45.0,106.0,-817.0,-695.0
92.0,104.0,83.0,133.0,45.0,106.0,-817.0,-696.0
94.0,100.0,83.0,132.0,45.0,107.0,-818.0,-696.0
95.0,97.0,84.0,133.0,45.0,108.0,-818.0,-695.0
96.0,93.0,86.0,135.0,48.0,110.0,-816.0,-693.0
95.0,90.0,87.0,137.0,49.0,111.0,-815.0,-691.0
93.0,91.0,87.0,137.0,50.0,111.0,-814.0,-690.0
94.0,94.0,87.0,137.0,50.0,109.0,-814.0,-690.0
94.0,98.0,86.0,136.0,49.0,108.0,-815.0,-689.0
91.0,103.0,86.0,136.0,48.0,106.0,-815.0,-689.0
92.0,105.0,85.0,135.0,47.0,106.0,-816.0,-690.0
91.0,107.0,85.0,136.0,48.0,109.0,-816.0,-689.0
89.0,107.0,86.0,137.0,50.0,112.0,-815.0,-689.0
89.0,105.0,87.0,138.0,50.0,112.0,-815.0,-688.0
89.0,100.0,88.0,138.0,51.0,111.0,-815.0,-687.0
88.0,98.0,89.0,139.0,52.0,112.0,-814.0,-685.0
86.0,100.0,90.0,140.0,53.0,112.0,-813.0,-684.0
84.0,104.0,89.0,140.0,52.0,112.0,-812.0,-685.0
86.0,106.0,88.0,139.0,52.0,112.0,-812.0,-685.0
87.0,109.0,88.0,138.0,52.0,112.0,-813.0,-685.0
88.0,111.0,87.0,138.0,51.0,111.0,-815.0,-686.0
87.0,112.0,87.0,138.0,51.0,111.0,-814.0,-686.0
87.0,112.0,88.0,139.0,51.0,112.0,-812.0,-686.0
88.0,110.0,89.0,140.0,53.0,113.0,-811.0,-686.0
89.0,105.0,91.0,142.0,55.0,114.0,-809.0,-683.0
90.0,103.0,93.0,143.0,57.0,115.0,-807.0,-681.0
90.0,104.0,93.0,144.0,58.0,116.0,-805.0,-680.0
90.0,104.0,93.0,144.0,58.0,117.0,-805.0,-680.0
91.0,107.0,92.0,143.0,57.0,116.0,-806.0,-681.0
91.0,111.0,92.0,142.0,57.0,116.0,-806.0,-682.0
94.0,113.0,90.0,141.0,56.0,115.0,-807.0,-682.0
95.0,115.0,91.0,142.0,57.0,115.0,-806.0,-681.0
93.0,117.0,92.0,143.0,59.0,117.0,-805.0,-680.0
93.0,114.0,93.0,144.0,60.0,118.0,-804.0,-678.0
92.0,110.0,95.0,145.0,63.0,119.0,-802.0,-676.0
94.0,106.0,96.0,146.0,64.0,120.0,-802.0,-676.0
93.0,107.0,96.0,146.0,64.0,120.0,-802.0,-675.0
92.0,110.0,96.0,146.0,65.0,120.0,-803.0,-675.0
93.0,113.0,95.0,145.0,65.0,118.0,-804.0,-676.0
95.0,115.0,94.0,145.0,65.0,118.0,-804.0,-676.0
95.0,118.0,93.0,144.0,64.0,117.0,-804.0,-677.0
94.0,121.0,94.0,144.0,65.0,118.0,-804.0,-677.0
92.0,121.0,95.0,145.0,66.0,119.0,-803.0,-676.0
95.0,115.0,96.0,146.0,66.0,119.0,-802.0,-675.0
95.0,112.0,98.0,148.0,68.0,121.0,-800.0,-674.0
93.0,111.0,99.0,149.0,70.0,122.0,-798.0,-672.0
93.0,112.0,100.0,151.0,71.0,123.0,-797.0,-670.0
95.0,113.0,99.0,150.0,71.0,122.0,-798.0,-670.0
96.0,116.0,98.0,149.0,70.0,121.0,-800.0,-671.0
96.0,119.0,97.0,149.0,69.0,120.0,-802.0,-672.0
94.0,124.0,97.0,148.0,69.0,119.0,-803.0,-671.0
94.0,125.0,97.0,148.0,69.0,118.0,-803.0,-671.0
94.0,124.0,98.0,149.0,70.0,119.0,-801.0,-670.0
94.0,123.0,99.0,150.0,72.0,121.0,-799.0,-670.0
94.0,119.0,100.0,152.0,74.0,124.0,-796.0,-668.0
92.0,116.0,101.0,153.0,76.0,125.0,-795.0,-666.0
90.0,118.0,103.0,154.0,77.0,127.0,-794.0,-665.0
90.0,121.0,102.0,154.0,77.0,127.0,-794.0,-665.0
89.0,124.0,101.0,153.0,76.0,127.0,-795.0,-665.0
89.0,128.0,101.0,152.0,76.0,127.0,-795.0,-665.0
90.0,131.0,99.0,151.0,75.0,126.0,-795.0,-666.0
91.0,131.0,99.0,151.0,75.0,126.0,-796.0,-667.0
90.0,132.0,100.0,152.0,77.0,127.0,-794.0,-666.0
89.0,131.0,102.0,153.0,78.0,129.0,-791.0,-663.0
88.0,127.0,104.0,155.0,81.0,132.0,-789.0,-661.0
87.0,125.0,105.0,156.0,82.0,133.0,-789.0,-659.0
87.0,125.0,105.0,156.0,82.0,133.0,-788.0,-658.0
87.0,128.0,104.0,155.0,81.0,132.0,-789.0,-658.0
87.0,130.0,103.0,155.0,80.0,131.0,-789.0,-658.0
87.0,133.0,102.0,154.0,79.0,130.0,-790.0,-658.0
86.0,137.0,101.0,154.0,79.0,129.0,-790.0,-658.0
85.0,138.0,102.0,154.0,79.0,129.0,-791.0,-658.0
84.0,137.0,103.0,155.0,80.0,130.0,-791.0,-657.0
85.0,134.0,105.0,157.0,81.0,132.0,-789.0,-655.0
87.0,130.0,107.0,159.0,84.0,135.0,-787.0,-653.0
88.0,127.0,109.0,161.0,86.0,138.0,-785.0,-651.0
91.0,124.0,109.0,162.0,87.0,139.0,-785.0,-650.0
91.0,127.0,109.0,162.0,88.0,140.0,-785.0,-650.0
90.0,131.0,109.0,162.0,88.0,140.0,-786.0,-651.0
89.0,134.0,109.0,162.0,87.0,140.0,-786.0,-651.0
90.0,137.0,108.0,162.0,87.0,140.0,-787.0,-652.0
91.0,138.0,108.0,162.0,88.0,140.0,-787.0,-651.0
92.0,137.0,109.0,163.0,89.0,140.0,-786.0,-648.0
91.0,135.0,111.0,165.0,91.0,142.0,-784.0,-645.0
90.0,134.0,114.0,168.0,94.0,145.0,-783.0,-642.0
90.0,131.0,115.0,169.0,95.0,146.0,-782.0,-641.0
87.0,134.0,116.0,170.0,96.0,149.0,-780.0,-641.0
86.0,137.0,117.0,169.0,97.0,153.0,-778.0,-642.0
87.0,140.0,117.0,170.0,97.0,154.0,-777.0,-642.0
87.0,143.0,115.0,168.0,96.0,153.0,-778.0,-643.0
90.0,144.0,114.0,167.0,95.0,153.0,-779.0,-644.0
95.0,142.0,113.0,167.0,95.0,153.0,-779.0,-644.0
98.0,139.0,114.0,169.0,97.0,154.0,-778.0,-642.0
101.0,136.0,116.0,172.0,100.0,158.0,-775.0,-638.0
104.0,133.0,119.0,176.0,104.0,162.0,-771.0,-635.0
108.0,131.0,121.0,178.0,106.0,164.0,-768.0,-630.0
114.0,129.0,121.0,179.0,108.0,166.0,-767.0,-627.0
118.0,131.0,121.0,180.0,109.0,167.0,-765.0,-624.0
123.0,132.0,119.0,179.0,109.0,167.0,-766.0,-622.0
127.0,132.0,116.0,177.0,108.0,167.0,-766.0,-622.0
125.0,135.0,113.0,174.0,106.0,166.0,-768.0,-624.0
122.0,136.0,110.0,171.0,103.0,165.0,-769.0,-626.0
119.0,135.0,109.0,169.0,102.0,164.0,-769.0,-625.0
122.0,130.0,108.0,168.0,102.0,164.0,-769.0,-625.0
122.0,127.0,109.0,168.0,103.0,165.0,-768.0,-621.0
118.0,128.0,111.0,169.0,104.0,166.0,-766.0,-619.0
120.0,126.0,111.0,169.0,105.0,166.0,-766.0,-619.0
119.0,128.0,111.0,168.0,103.0,165.0,-768.0,-620.0
119.0,130.0,110.0,167.0,103.0,164.0,-768.0,-621.0
120.0,133.0,109.0,166.0,102.0,163.0,-770.0,-622.0
118.0,138.0,108.0,165.0,101.0,163.0,-771.0,-621.0
117.0,138.0,108.0,165.0,101.0,163.0,-773.0,-622.0
115.0,138.0,109.0,166.0,102.0,164.0,-772.0,-622.0
113.0,136.0,111.0,167.0,104.0,166.0,-770.0,-620.0
110.0,134.0,113.0,169.0,105.0,168.0,-767.0,-618.0
106.0,134.0,115.0,170.0,105.0,168.0,-766.0,-617.0
104.0,134.0,115.0,170.0,105.0,168.0,-766.0,-617.0
100.0,139.0,116.0,171.0,105.0,168.0,-766.0,-618.0
98.0,143.0,114.0,169.0,104.0,167.0,-768.0,-620.0
96.0,147.0,112.0,168.0,102.0,166.0,-770.0,-623.0
95.0,151.0,111.0,166.0,101.0,164.0,-772.0,-624.0
92.0,153.0,111.0,166.0,100.0,163.0,-772.0,-626.0
91.0,151.0,111.0,166.0,100.0,162.0,-774.0,-627.0
93.0,146.0,112.0,166.0,100.0,162.0,-775.0,-627.0
92.0,142.0,113.0,167.0,101.0,162.0,-775.0,-626.0
91.0,140.0,114.0,168.0,103.0,162.0,-774.0,-626.0
91.0,140.0,114.0,168.0,103.0,162.0,-774.0,-625.0
91.0,142.0,114.0,168.0,104.0,161.0,-774.0,-623.0
89.0,147.0,114.0,167.0,103.0,160.0,-775.0,-623.0
88.0,152.0,113.0,167.0,103.0,162.0,-775.0,-622.0
89.0,155.0,112.0,165.0,102.0,163.0,-775.0,-621.0
87.0,157.0,112.0,165.0,102.0,165.0,-775.0,-621.0
86.0,157.0,113.0,166.0,102.0,165.0,-774.0,-620.0
86.0,154.0,114.0,166.0,104.0,167.0,-772.0,-618.0
87.0,149.0,115.0,168.0,105.0,168.0,-770.0,-617.0
86.0,146.0,116.0,169.0,107.0,169.0,-767.0,-616.0
86.0,146.0,117.0,170.0,107.0,170.0,-766.0,-615.0
85.0,149.0,117.0,170.0,107.0,170.0,-764.0,-614.0
83.0,154.0,118.0,170.0,107.0,170.0,-765.0,-615.0
83.0,157.0,117.0,170.0,107.0,169.0,-767.0,-615.0
83.0,161.0,116.0,169.0,106.0,168.0,-768.0,-615.0
82.0,163.0,116.0,169.0,107.0,168.0,-769.0,-615.0
81.0,162.0,116.0,170.0,108.0,169.0,-769.0,-615.0
81.0,159.0,117.0,172.0,110.0,170.0,-768.0,-615.0
82.0,154.0,119.0,173.0,111.0,173.0,-767.0,-613.0
82.0,151.0,121.0,175.0,113.0,175.0,-765.0,-611.0
82.0,152.0,122.0,175.0,114.0,175.0,-767.0,-611.0
80.0,154.0,121.0,175.0,112.0,173.0,-769.0,-612.0
78.0,160.0,122.0,175.0,113.0,173.0,-770.0,-611.0
74.0,169.0,124.0,177.0,115.0,175.0,-769.0,-610.0
70.0,177.0,127.0,180.0,117.0,177.0,-768.0,-610.0
64.0,186.0,133.0,187.0,122.0,182.0,-766.0,-607.0
55.0,194.0,144.0,199.0,132.0,191.0,-761.0,-603.0
44.0,205.0,156.0,213.0,144.0,202.0,-755.0,-598.0
31.0,212.0,168.0,226.0,155.0,211.0,-749.0,-595.0
25.0,213.0,175.0,235.0,162.0,217.0,-746.0,-594.0
31.0,209.0,176.0,239.0,167.0,222.0,-742.0,-589.0
44.0,197.0,172.0,238.0,167.0,221.0,-743.0,-590.0
57.0,181.0,169.0,238.0,164.0,216.0,-748.0,-592.0
69.0,166.0,168.0,242.0,163.0,214.0,-752.0,-595.0
91.0,144.0,165.0,245.0,163.0,212.0,-755.0,-595.0
123.0,116.0,159.0,247.0,164.0,212.0,-754.0,-592.0
166.0,79.0,152.0,251.0,166.0,214.0,-752.0,-585.0
224.0,35.0,146.0,260.0,176.0,224.0,-740.0,-571.0
283.0,-3.0,140.0,268.0,187.0,237.0,-724.0,-553.0
336.0,-38.0,130.0,266.0,191.0,244.0,-713.0,-538.0
381.0,-78.0,114.0,254.0,178.0,232.0,-720.0,-541.0
407.0,-109.0,91.0,227.0,151.0,205.0,-740.0,-554.0
423.0,-121.0,62.0,189.0,121.0,179.0,-757.0,-564.0
420.0,-114.0,30.0,143.0,89.0,155.0,-770.0,-571.0
399.0,-90.0,3.0,96.0,59.0,134.0,-782.0,-576.0
364.0,-57.0,-12.0,58.0,35.0,117.0,-792.0,-582.0
316.0,-19.0,-18.0,29.0,14.0,102.0,-802.0,-589.0
281.0,3.0,-28.0,0.0,-8.0,87.0,-812.0,-597.0
258.0,14.0,-35.0,-20.0,-24.0,76.0,-819.0,-601.0
231.0,23.0,-34.0,-26.0,-32.0,68.0,-827.0,-610.0
213.0,29.0,-30.0,-22.0,-34.0,66.0,-831.0,-618.0
205.0,37.0,-25.0,-12.0,-28.0,69.0,-830.0,-619.0
202.0,46.0,-18.0,-1.0,-22.0,73.0,-829.0,-619.0
191.0,61.0,-11.0,8.0,-15.0,77.0,-827.0,-620.0
176.0,77.0,-2.0,21.0,-6.0,81.0,-826.0,-621.0
155.0,93.0,11.0,39.0,5.0,88.0,-824.0,-623.0
135.0,105.0,26.0,58.0,18.0,100.0,-821.0,-623.0
118.0,114.0,40.0,73.0,30.0,109.0,-817.0,-622.0
108.0,119.0,52.0,88.0,40.0,118.0,-811.0,-619.0
105.0,119.0,62.0,101.0,50.0,127.0,-805.0,-616.0
106.0,120.0,72.0,116.0,62.0,136.0,-800.0,-612.0
108.0,123.0,82.0,131.0,73.0,144.0,-795.0,-609.0
109.0,129.0,92.0,143.0,82.0,151.0,-791.0,-606.0
104.0,138.0,99.0,153.0,88.0,155.0,-789.0,-606.0
96.0,147.0,106.0,161.0,93.0,160.0,-787.0,-606.0
88.0,154.0,113.0,168.0,100.0,166.0,-785.0,-605.0
81.0,157.0,117.0,172.0,103.0,169.0,-785.0,-605.0
75.0,158.0,120.0,175.0,104.0,171.0,-784.0,-603.0
72.0,157.0,123.0,179.0,107.0,173.0,-781.0,-601.0
70.0,158.0,128.0,183.0,111.0,177.0,-775.0,-599.0
65.0,164.0,131.0,187.0,115.0,181.0,-770.0,-595.0
61.0,170.0,132.0,188.0,117.0,184.0,-768.0,-592.0
47.0,182.0,131.0,188.0,114.0,181.0,-773.0,-594.0
46.0,179.0,132.0,189.0,115.0,183.0,-772.0,-593.0
44.0,177.0,133.0,190.0,116.0,184.0,-770.0,-591.0
42.0,177.0,134.0,190.0,116.0,183.0,-770.0,-590.0
40.0,180.0,134.0,190.0,115.0,181.0,-772.0,-590.0
37.0,184.0,133.0,190.0,114.0,178.0,-774.0,-591.0
33.0,190.0,133.0,189.0,113.0,177.0,-774.0,-591.0
32.0,193.0,131.0,188.0,112.0,177.0,-774.0,-590.0
31.0,194.0,131.0,188.0,112.0,178.0,-773.0,-590.0
31.0,193.0,131.0,189.0,112.0,179.0,-774.0,-591.0
30.0,189.0,132.0,189.0,113.0,180.0,-774.0,-591.0
28.0,186.0,134.0,192.0,115.0,182.0,-772.0,-589.0
28.0,184.0,135.0,193.0,116.0,183.0,-771.0,-588.0
28.0,184.0,135.0,193.0,116.0,183.0,-771.0,-588.0
28.0,184.0,133.0,192.0,115.0,182.0,-774.0,-590.0
26.0,189.0,133.0,191.0,114.0,182.0,-775.0,-590.0
23.0,193.0,133.0,191.0,113.0,181.0,-776.0,-591.0
24.0,194.0,131.0,190.0,111.0,180.0,-777.0,-593.0
24.0,194.0,130.0,189.0,110.0,178.0,-778.0,-592.0
25.0,194.0,132.0,190.0,111.0,179.0,-777.0,-591.0
24.0,192.0,134.0,192.0,113.0,181.0,-775.0,-588.0
24.0,188.0,135.0,194.0,115.0,184.0,-775.0,-587.0
25.0,182.0,136.0,195.0,115.0,185.0,-775.0,-585.0
25.0,182.0,136.0,195.0,115.0,185.0,-773.0,-584.0
23.0,185.0,135.0,195.0,114.0,184.0,-773.0,-585.0
24.0,186.0,133.0,194.0,113.0,183.0,-774.0,-586.0
23.0,191.0,133.0,194.0,112.0,182.0,-774.0,-586.0
22.0,194.0,132.0,193.0,112.0,182.0,-776.0,-586.0
22.0,195.0,132.0,193.0,111.0,183.0,-777.0,-586.0
20.0,195.0,132.0,194.0,112.0,185.0,-777.0,-585.0
19.0,192.0,133.0,195.0,113.0,186.0,-776.0,-583.0
20.0,189.0,135.0,197.0,115.0,188.0,-774.0,-582.0
20.0,185.0,137.0,198.0,116.0,188.0,-774.0,-580.0
21.0,183.0,136.0,198.0,116.0,187.0,-776.0,-579.0
20.0,185.0,136.0,199.0,116.0,186.0,-777.0,-579.0
21.0,187.0,136.0,198.0,114.0,186.0,-778.0,-581.0
18.0,192.0,136.0,198.0,113.0,187.0,-778.0,-581.0
18.0,196.0,135.0,197.0,113.0,188.0,-778.0,-581.0
18.0,197.0,134.0,197.0,112.0,188.0,-779.0,-581.0
18.0,196.0,135.0,197.0,113.0,190.0,-778.0,-579.0
17.0,194.0,136.0,199.0,113.0,190.0,-777.0,-577.0
16.0,190.0,138.0,200.0,115.0,192.0,-777.0,-575.0
16.0,186.0,139.0,202.0,116.0,192.0,-777.0,-575.0
18.0,185.0,139.0,203.0,116.0,192.0,-776.0,-574.0
18.0,186.0,138.0,203.0,116.0,193.0,-775.0,-574.0
15.0,192.0,138.0,202.0,115.0,193.0,-776.0,-574.0
14.0,196.0,138.0,201.0,114.0,191.0,-777.0,-575.0
12.0,201.0,138.0,201.0,113.0,189.0,-777.0,-576.0
11.0,203.0,139.0,203.0,114.0,188.0,-778.0,-577.0
15.0,198.0,139.0,204.0,115.0,187.0,-778.0,-578.0
16.0,194.0,139.0,204.0,114.0,186.0,-778.0,-576.0
15.0,190.0,140.0,206.0,116.0,189.0,-777.0,-574.0
16.0,186.0,142.0,207.0,117.0,192.0,-776.0,-574.0
13.0,188.0,143.0,208.0,118.0,195.0,-776.0,-574.0
14.0,189.0,144.0,209.0,119.0,196.0,-775.0,-574.0
11.0,193.0,144.0,209.0,118.0,196.0,-776.0,-575.0
9.0,198.0,144.0,210.0,118.0,196.0,-778.0,-575.0
12.0,200.0,143.0,210.0,118.0,196.0,-779.0,-575.0
12.0,201.0,144.0,211.0,119.0,198.0,-778.0,-575.0
12.0,199.0,145.0,212.0,119.0,199.0,-778.0,-574.0
12.0,196.0,146.0,214.0,121.0,201.0,-777.0,-573.0
12.0,193.0,149.0,217.0,124.0,205.0,-774.0,-571.0
13.0,191.0,150.0,219.0,126.0,207.0,-771.0,-570.0
15.0,189.0,150.0,220.0,128.0,207.0,-771.0,-570.0
17.0,189.0,150.0,220.0,128.0,208.0,-770.0,-569.0
17.0,193.0,151.0,221.0,128.0,208.0,-770.0,-569.0
15.0,198.0,152.0,221.0,128.0,207.0,-771.0,-570.0
17.0,200.0,152.0,222.0,129.0,206.0,-772.0,-571.0
19.0,201.0,152.0,223.0,130.0,207.0,-773.0,-571.0
17.0,202.0,153.0,225.0,132.0,208.0,-772.0,-570.0
15.0,200.0,155.0,226.0,133.0,207.0,-771.0,-568.0
15.0,197.0,158.0,230.0,136.0,209.0,-769.0,-566.0
14.0,194.0,159.0,231.0,137.0,210.0,-768.0,-565.0
16.0,193.0,160.0,233.0,138.0,211.0,-769.0,-564.0
18.0,194.0,161.0,234.0,139.0,210.0,-770.0,-565.0
17.0,198.0,161.0,235.0,139.0,210.0,-771.0,-566.0
16.0,202.0,162.0,236.0,139.0,209.0,-771.0,-565.0
17.0,204.0,161.0,236.0,138.0,207.0,-773.0,-567.0
18.0,205.0,162.0,237.0,139.0,206.0,-773.0,-567.0
16.0,204.0,164.0,240.0,140.0,206.0,-772.0,-566.0
17.0,200.0,165.0,241.0,141.0,207.0,-771.0,-565.0
18.0,197.0,167.0,243.0,143.0,209.0,-769.0,-562.0
18.0,195.0,169.0,246.0,144.0,210.0,-769.0,-560.0
18.0,195.0,170.0,247.0,144.0,210.0,-768.0,-558.0
17.0,198.0,170.0,246.0,144.0,209.0,-769.0,-559.0
16.0,202.0,170.0,246.0,144.0,208.0,-770.0,-559.0
15.0,208.0,171.0,246.0,143.0,207.0,-772.0,-560.0
16.0,211.0,170.0,246.0,141.0,205.0,-773.0,-560.0
15.0,213.0,170.0,246.0,141.0,206.0,-772.0,-561.0
14.0,212.0,170.0,247.0,141.0,207.0,-771.0,-560.0
15.0,207.0,170.0,247.0,139.0,204.0,-772.0,-560.0
18.0,202.0,172.0,247.0,139.0,203.0,-771.0,-558.0
18.0,199.0,174.0,249.0,140.0,204.0,-770.0,-557.0
17.0,200.0,174.0,249.0,140.0,206.0,-768.0,-556.0
15.0,204.0,175.0,249.0,140.0,209.0,-767.0,-556.0
14.0,208.0,174.0,249.0,139.0,210.0,-766.0,-557.0
12.0,212.0,173.0,248.0,139.0,210.0,-766.0,-559.0
13.0,216.0,172.0,246.0,137.0,208.0,-766.0,-559.0
13.0,215.0,170.0,244.0,134.0,205.0,-770.0,-561.0
13.0,215.0,170.0,243.0,132.0,205.0,-771.0,-562.0
13.0,213.0,171.0,243.0,134.0,208.0,-768.0,-561.0
13.0,209.0,172.0,243.0,134.0,211.0,-764.0,-560.0
14.0,207.0,173.0,244.0,135.0,213.0,-759.0,-559.0
13.0,207.0,172.0,243.0,134.0,214.0,-757.0,-558.0
12.0,209.0,171.0,241.0,133.0,213.0,-757.0,-560.0
12.0,211.0,169.0,239.0,130.0,210.0,-758.0,-562.0
11.0,215.0,167.0,237.0,128.0,209.0,-758.0,-563.0
11.0,218.0,165.0,234.0,125.0,207.0,-758.0,-564.0
14.0,217.0,163.0,232.0,124.0,206.0,-759.0,-564.0
13.0,216.0,162.0,230.0,123.0,206.0,-759.0,-565.0
15.0,211.0,161.0,228.0,122.0,206.0,-759.0,-564.0
16.0,206.0,160.0,227.0,122.0,206.0,-758.0,-564.0
15.0,204.0,161.0,226.0,121.0,207.0,-757.0,-563.0
16.0,202.0,159.0,224.0,120.0,206.0,-756.0,-563.0
16.0,203.0,157.0,222.0,118.0,205.0,-757.0,-564.0
16.0,206.0,154.0,219.0,116.0,203.0,-757.0,-565.0
16.0,208.0,151.0,216.0,113.0,202.0,-756.0,-566.0
17.0,211.0,148.0,213.0,111.0,201.0,-756.0,-567.0
16.0,211.0,145.0,211.0,109.0,200.0,-756.0,-567.0
16.0,209.0,144.0,209.0,108.0,200.0,-756.0,-567.0
19.0,204.0,143.0,208.0,107.0,200.0,-755.0,-565.0
20.0,199.0,143.0,207.0,106.0,200.0,-753.0,-563.0
20.0,195.0,142.0,207.0,106.0,201.0,-752.0,-562.0
17.0,196.0,143.0,206.0,105.0,201.0,-750.0,-561.0
15.0,199.0,141.0,204.0,103.0,199.0,-750.0,-563.0
15.0,201.0,139.0,202.0,101.0,198.0,-752.0,-565.0
14.0,204.0,137.0,199.0,98.0,196.0,-753.0,-566.0
14.0,208.0,135.0,197.0,96.0,194.0,-753.0,-566.0
13.0,209.0,134.0,197.0,95.0,193.0,-754.0,-567.0
13.0,207.0,134.0,196.0,94.0,192.0,-755.0,-567.0
15.0,202.0,134.0,195.0,93.0,191.0,-756.0,-567.0
16.0,195.0,134.0,195.0,93.0,192.0,-756.0,-567.0
18.0,192.0,135.0,196.0,94.0,195.0,-754.0,-566.0
20.0,190.0,134.0,196.0,94.0,196.0,-753.0,-566.0
18.0,193.0,135.0,198.0,95.0,197.0,-753.0,-567.0
13.0,200.0,134.0,198.0,93.0,196.0,-752.0,-567.0
12.0,203.0,132.0,195.0,91.0,195.0,-754.0,-569.0
13.0,204.0,130.0,194.0,89.0,194.0,-756.0,-571.0
13.0,205.0,129.0,192.0,88.0,192.0,-757.0,-572.0
14.0,204.0,129.0,192.0,87.0,192.0,-757.0,-572.0
14.0,201.0,130.0,192.0,87.0,193.0,-756.0,-571.0
12.0,198.0,132.0,192.0,88.0,194.0,-755.0,-570.0
10.0,195.0,133.0,193.0,89.0,195.0,-754.0,-569.0
10.0,194.0,133.0,193.0,89.0,194.0,-755.0,-569.0
10.0,195.0,132.0,193.0,88.0,194.0,-756.0,-570.0
11.0,198.0,131.0,192.0,87.0,192.0,-758.0,-570.0
10.0,202.0,130.0,192.0,85.0,190.0,-760.0,-572.0
10.0,206.0,128.0,190.0,82.0,187.0,-761.0,-574.0
10.0,206.0,128.0,190.0,81.0,187.0,-761.0,-574.0
10.0,203.0,129.0,190.0,81.0,188.0,-759.0,-574.0
11.0,200.0,129.0,190.0,81.0,188.0,-759.0,-574.0
9.0,196.0,131.0,192.0,83.0,189.0,-759.0,-574.0
10.0,191.0,131.0,193.0,83.0,188.0,-758.0,-573.0
10.0,190.0,131.0,193.0,83.0,189.0,-758.0,-573.0
9.0,193.0,131.0,194.0,84.0,190.0,-757.0,-572.0
10.0,195.0,129.0,192.0,82.0,190.0,-758.0,-575.0
10.0,198.0,127.0,190.0,80.0,188.0,-760.0,-576.0
8.0,203.0,126.0,188.0,79.0,186.0,-760.0,-577.0
7.0,205.0,126.0,188.0,78.0,184.0,-759.0,-575.0
7.0,202.0,127.0,188.0,78.0,184.0,-757.0,-574.0
8.0,199.0,128.0,189.0,79.0,185.0,-755.0,-573.0
9.0,194.0,129.0,191.0,80.0,188.0,-752.0,-572.0
7.0,192.0,130.0,192.0,81.0,190.0,-750.0,-573.0
6.0,192.0,129.0,192.0,80.0,190.0,-749.0,-574.0
7.0,193.0,128.0,192.0,80.0,190.0,-750.0,-575.0
6.0,196.0,128.0,192.0,80.0,189.0,-752.0,-576.0
5.0,199.0,128.0,191.0,79.0,188.0,-755.0,-579.0
7.0,201.0,127.0,190.0,78.0,188.0,-756.0,-579.0
8.0,202.0,126.0,190.0,77.0,190.0,-756.0,-579.0
6.0,202.0,127.0,191.0,79.0,192.0,-755.0,-579.0
3.0,201.0,128.0,191.0,80.0,194.0,-753.0,-578.0
3.0,196.0,130.0,193.0,80.0,195.0,-751.0,-578.0
5.0,193.0,131.0,194.0,81.0,197.0,-749.0,-577.0
3.0,194.0,132.0,195.0,82.0,199.0,-748.0,-577.0
4.0,195.0,132.0,195.0,82.0,199.0,-748.0,-577.0
5.0,198.0,130.0,194.0,81.0,198.0,-750.0,-578.0
5.0,201.0,130.0,194.0,80.0,197.0,-752.0,-579.0
4.0,205.0,129.0,193.0,78.0,195.0,-756.0,-581.0
4.0,205.0,128.0,192.0,77.0,193.0,-759.0,-581.0
5.0,203.0,129.0,193.0,77.0,192.0,-757.0,-580.0
7.0,199.0,129.0,193.0,77.0,191.0,-756.0,-580.0
7.0,195.0,130.0,194.0,79.0,192.0,-755.0,-577.0
5.0,193.0,131.0,195.0,80.0,194.0,-753.0,-574.0
3.0,195.0,131.0,196.0,81.0,196.0,-753.0,-576.0
2.0,197.0,131.0,196.0,81.0,199.0,-752.0,-576.0
3.0,200.0,130.0,194.0,79.0,201.0,-750.0,-576.0
2.0,204.0,130.0,194.0,80.0,204.0,-747.0,-577.0
0.0,207.0,129.0,193.0,80.0,205.0,-747.0,-577.0
0.0,209.0,128.0,193.0,80.0,204.0,-747.0,-578.0
3.0,206.0,127.0,193.0,78.0,201.0,-748.0,-578.0
0.0,205.0,129.0,194.0,79.0,199.0,-747.0,-577.0
-1.0,200.0,131.0,196.0,80.0,198.0,-747.0,-578.0
0.0,195.0,131.0,197.0,80.0,197.0,-747.0,-577.0
0.0,193.0,131.0,197.0,80.0,196.0,-748.0,-576.0
-1.0,194.0,130.0,196.0,79.0,196.0,-749.0,-576.0
-2.0,197.0,128.0,195.0,77.0,198.0,-752.0,-579.0
-4.0,200.0,127.0,193.0,76.0,201.0,-755.0,-580.0
-4.0,203.0,127.0,194.0,77.0,202.0,-755.0,-581.0
-5.0,204.0,127.0,194.0,77.0,203.0,-757.0,-580.0
-5.0,202.0,126.0,194.0,78.0,204.0,-758.0,-580.0
-6.0,199.0,127.0,194.0,78.0,204.0,-758.0,-580.0
-7.0,196.0,128.0,195.0,79.0,207.0,-756.0,-579.0
-8.0,194.0,128.0,196.0,80.0,209.0,-753.0,-578.0
-10.0,194.0,128.0,195.0,80.0,210.0,-751.0,-578.0
-12.0,198.0,128.0,195.0,79.0,212.0,-750.0,-579.0
-13.0,199.0,127.0,194.0,78.0,211.0,-750.0,-581.0
-13.0,202.0,126.0,194.0,77.0,211.0,-750.0,-581.0
-13.0,204.0,124.0,191.0,75.0,209.0,-752.0,-582.0
-13.0,206.0,123.0,191.0,73.0,208.0,-752.0,-583.0
-14.0,207.0,124.0,192.0,73.0,208.0,-752.0,-582.0
-12.0,203.0,125.0,192.0,73.0,207.0,-752.0,-582.0
-9.0,198.0,126.0,193.0,74.0,208.0,-751.0,-580.0
-11.0,195.0,128.0,195.0,76.0,209.0,-750.0,-578.0
-11.0,195.0,128.0,196.0,76.0,210.0,-749.0,-576.0
-13.0,197.0,128.0,195.0,75.0,209.0,-750.0,-577.0
-14.0,202.0,126.0,193.0,74.0,207.0,-750.0,-577.0
-15.0,204.0,126.0,191.0,72.0,206.0,-751.0,-577.0
-16.0,208.0,124.0,189.0,70.0,204.0,-753.0,-580.0
-16.0,209.0,124.0,189.0,70.0,204.0,-754.0,-580.0
-17.0,208.0,124.0,188.0,71.0,205.0,-754.0,-578.0
-18.0,206.0,125.0,189.0,71.0,206.0,-754.0,-578.0
-19.0,202.0,126.0,190.0,72.0,207.0,-753.0,-576.0
-17.0,198.0,127.0,191.0,73.0,209.0,-751.0,-573.0
-20.0,200.0,128.0,192.0,74.0,209.0,-751.0,-573.0
-20.0,201.0,126.0,192.0,72.0,207.0,-751.0,-573.0
-18.0,203.0,125.0,191.0,71.0,206.0,-751.0,-573.0
-20.0,207.0,123.0,188.0,68.0,203.0,-753.0,-574.0
-19.0,209.0,122.0,186.0,66.0,201.0,-755.0,-576.0
-19.0,210.0,121.0,186.0,65.0,203.0,-755.0,-578.0
-22.0,211.0,122.0,187.0,66.0,208.0,-752.0,-578.0
-21.0,208.0,122.0,187.0,67.0,213.0,-750.0,-577.0
-23.0,203.0,122.0,188.0,68.0,216.0,-748.0,-576.0
-24.0,202.0,123.0,189.0,69.0,217.0,-747.0,-574.0
-27.0,202.0,124.0,189.0,69.0,216.0,-748.0,-574.0
-28.0,203.0,124.0,188.0,68.0,215.0,-749.0,-574.0
-28.0,205.0,123.0,186.0,67.0,214.0,-750.0,-575.0
-26.0,208.0,122.0,186.0,67.0,213.0,-749.0,-575.0
-26.0,212.0,121.0,186.0,66.0,213.0,-747.0,-573.0
-25.0,212.0,121.0,185.0,64.0,212.0,-748.0,-573.0
-25.0,210.0,121.0,184.0,63.0,212.0,-748.0,-573.0
-26.0,207.0,120.0,183.0,62.0,210.0,-748.0,-574.0
-27.0,203.0,121.0,184.0,63.0,211.0,-747.0,-572.0
-29.0,201.0,122.0,186.0,64.0,212.0,-746.0,-571.0
-31.0,201.0,122.0,186.0,65.0,212.0,-745.0,-570.0
-33.0,203.0,120.0,185.0,64.0,212.0,-746.0,-571.0
-34.0,205.0,119.0,184.0,63.0,211.0,-748.0,-573.0
-35.0,209.0,118.0,182.0,60.0,209.0,-749.0,-574.0
-37.0,212.0,117.0,181.0,58.0,207.0,-750.0,-574.0
-37.0,213.0,117.0,180.0,58.0,207.0,-751.0,-575.0
-38.0,212.0,117.0,180.0,57.0,208.0,-751.0,-576.0
-39.0,208.0,116.0,179.0,56.0,207.0,-751.0,-576.0
-37.0,203.0,116.0,180.0,56.0,208.0,-749.0,-573.0
-36.0,199.0,117.0,182.0,57.0,210.0,-747.0,-571.0
-39.0,199.0,117.0,182.0,58.0,210.0,-747.0,-571.0
-41.0,201.0,118.0,181.0,58.0,210.0,-747.0,-572.0
-42.0,206.0,117.0,180.0,57.0,210.0,-748.0,-573.0
-45.0,210.0,117.0,179.0,56.0,209.0,-749.0,-574.0
-44.0,214.0,115.0,178.0,56.0,208.0,-749.0,-575.0
-42.0,214.0,114.0,177.0,55.0,208.0,-750.0,-575.0
-43.0,213.0,115.0,177.0,55.0,209.0,-749.0,-573.0
-43.0,211.0,116.0,177.0,55.0,210.0,-747.0,-572.0
-46.0,209.0,117.0,178.0,55.0,212.0,-745.0,-570.0
-47.0,206.0,117.0,179.0,56.0,213.0,-744.0,-568.0
-48.0,205.0,117.0,179.0,56.0,214.0,-742.0,-567.0
-46.0,205.0,117.0,178.0,55.0,212.0,-743.0,-569.0
-48.0,208.0,116.0,177.0,53.0,210.0,-745.0,-571.0
-46.0,210.0,115.0,176.0,52.0,208.0,-746.0,-570.0
-44.0,211.0,114.0,175.0,51.0,206.0,-748.0,-570.0
-44.0,211.0,113.0,174.0,50.0,205.0,-748.0,-569.0
-41.0,206.0,113.0,174.0,49.0,205.0,-750.0,-569.0
-43.0,206.0,114.0,175.0,50.0,205.0,-749.0,-567.0
-44.0,204.0,116.0,176.0,51.0,205.0,-747.0,-565.0
-41.0,200.0,116.0,176.0,52.0,203.0,-745.0,-563.0
-42.0,200.0,117.0,177.0,53.0,203.0,-744.0,-562.0
-44.0,204.0,117.0,177.0,52.0,203.0,-743.0,-561.0
-43.0,207.0,117.0,176.0,51.0,204.0,-744.0,-562.0
-43.0,210.0,116.0,175.0,51.0,208.0,-744.0,-563.0
-44.0,215.0,115.0,174.0,51.0,212.0,-743.0,-563.0
-44.0,217.0,116.0,174.0,52.0,212.0,-742.0,-563.0
-45.0,215.0,117.0,176.0,53.0,212.0,-742.0,-564.0
-45.0,213.0,118.0,177.0,54.0,213.0,-740.0,-562.0
-43.0,208.0,119.0,178.0,55.0,214.0,-738.0,-559.0
-41.0,204.0,119.0,178.0,55.0,214.0,-737.0,-557.0
-37.0,199.0,117.0,177.0,54.0,211.0,-739.0,-557.0
-34.0,198.0,116.0,176.0,53.0,209.0,-740.0,-557.0
-35.0,202.0,116.0,177.0,53.0,209.0,-741.0,-557.0
-36.0,207.0,116.0,176.0,52.0,209.0,-742.0,-558.0
-36.0,210.0,115.0,174.0,50.0,208.0,-743.0,-558.0
-36.0,212.0,114.0,174.0,49.0,208.0,-743.0,-556.0
-37.0,211.0,114.0,174.0,49.0,208.0,-743.0,-555.0
-36.0,207.0,115.0,175.0,50.0,208.0,-741.0,-553.0
-37.0,202.0,116.0,176.0,50.0,207.0,-739.0,-551.0
-34.0,197.0,116.0,177.0,50.0,207.0,-737.0,-549.0
-34.0,196.0,117.0,177.0,51.0,207.0,-735.0,-547.0
-35.0,198.0,116.0,175.0,50.0,207.0,-735.0,-547.0
-36.0,202.0,116.0,175.0,50.0,207.0,-735.0,-548.0
-38.0,206.0,115.0,174.0,48.0,206.0,-736.0,-548.0
-40.0,210.0,115.0,173.0,47.0,204.0,-738.0,-549.0
-38.0,209.0,115.0,173.0,47.0,202.0,-741.0,-550.0
-38.0,207.0,114.0,173.0,47.0,202.0,-743.0,-549.0
-36.0,203.0,113.0,172.0,47.0,202.0,-743.0,-549.0
-37.0,199.0,114.0,173.0,46.0,202.0,-741.0,-548.0
-37.0,196.0,116.0,174.0,47.0,204.0,-739.0,-547.0
-37.0,196.0,116.0,175.0,49.0,207.0,-736.0,-547.0
-36.0,196.0,116.0,174.0,49.0,207.0,-736.0,-548.0
-38.0,200.0,115.0,174.0,48.0,206.0,-736.0,-550.0
-37.0,204.0,114.0,172.0,47.0,207.0,-735.0,-551.0
-35.0,205.0,112.0,170.0,46.0,206.0,-733.0,-551.0
-35.0,206.0,112.0,170.0,46.0,206.0,-731.0,-551.0
-35.0,205.0,113.0,171.0,46.0,205.0,-730.0,-549.0
-35.0,202.0,114.0,172.0,46.0,205.0,-729.0,-549.0
-32.0,196.0,115.0,174.0,47.0,205.0,-725.0,-547.0
-30.0,192.0,116.0,174.0,48.0,205.0,-722.0,-546.0
-33.0,194.0,117.0,174.0,48.0,206.0,-719.0,-545.0
-35.0,198.0,117.0,174.0,48.0,208.0,-719.0,-545.0
-36.0,201.0,117.0,173.0,47.0,206.0,-721.0,-546.0
-35.0,204.0,115.0,173.0,46.0,204.0,-721.0,-546.0
-30.0,207.0,113.0,172.0,46.0,202.0,-720.0,-546.0
-28.0,207.0,112.0,171.0,44.0,200.0,-720.0,-547.0
-29.0,205.0,112.0,171.0,43.0,201.0,-720.0,-547.0
-28.0,201.0,114.0,172.0,43.0,203.0,-718.0,-546.0
-27.0,197.0,116.0,173.0,45.0,205.0,-716.0,-546.0
-27.0,194.0,117.0,175.0,46.0,207.0,-713.0,-545.0
-25.0,191.0,116.0,176.0,48.0,209.0,-710.0,-544.0
-26.0,193.0,117.0,176.0,48.0,207.0,-710.0,-544.0
-24.0,195.0,116.0,176.0,46.0,205.0,-710.0,-546.0
-25.0,201.0,116.0,176.0,46.0,203.0,-708.0,-546.0
-27.0,205.0,116.0,175.0,44.0,202.0,-708.0,-547.0
-24.0,203.0,114.0,174.0,43.0,202.0,-707.0,-547.0
-23.0,201.0,114.0,174.0,43.0,201.0,-705.0,-546.0
-19.0,195.0,113.0,173.0,42.0,200.0,-704.0,-545.0
-17.0,190.0,113.0,173.0,43.0,201.0,-702.0,-543.0
-19.0,189.0,115.0,174.0,44.0,203.0,-700.0,-542.0
-18.0,188.0,116.0,176.0,46.0,206.0,-698.0,-540.0
-16.0,190.0,116.0,175.0,47.0,208.0,-696.0,-539.0
-17.0,193.0,115.0,174.0,45.0,207.0,-696.0,-540.0
-16.0,197.0,115.0,174.0,45.0,206.0,-696.0,-542.0
-15.0,199.0,113.0,173.0,43.0,204.0,-696.0,-541.0
-13.0,198.0,113.0,173.0,42.0,203.0,-696.0,-541.0
-15.0,197.0,113.0,173.0,42.0,202.0,-696.0,-541.0
-15.0,195.0,114.0,174.0,42.0,200.0,-696.0,-540.0
-13.0,190.0,116.0,177.0,44.0,201.0,-695.0,-539.0
-9.0,186.0,118.0,178.0,46.0,202.0,-694.0,-538.0
-8.0,185.0,120.0,180.0,47.0,205.0,-694.0,-536.0
-7.0,185.0,120.0,181.0,47.0,206.0,-696.0,-537.0
-7.0,187.0,120.0,180.0,46.0,206.0,-695.0,-536.0
-7.0,191.0,119.0,178.0,45.0,205.0,-697.0,-537.0
-7.0,196.0,118.0,178.0,44.0,202.0,-698.0,-537.0
-6.0,197.0,118.0,178.0,43.0,200.0,-699.0,-537.0
-4.0,195.0,119.0,179.0,44.0,200.0,-697.0,-534.0
-1.0,191.0,121.0,181.0,46.0,201.0,-696.0,-533.0
-1.0,187.0,123.0,183.0,48.0,206.0,-695.0,-531.0
-1.0,184.0,124.0,185.0,49.0,210.0,-693.0,-529.0
0.0,182.0,124.0,184.0,49.0,210.0,-694.0,-529.0
0.0,183.0,125.0,185.0,49.0,209.0,-694.0,-529.0
-1.0,187.0,125.0,184.0,48.0,207.0,-694.0,-531.0
-1.0,192.0,124.0,183.0,47.0,206.0,-693.0,-531.0
0.0,193.0,122.0,182.0,45.0,205.0,-692.0,-530.0
3.0,192.0,119.0,180.0,45.0,205.0,-692.0,-530.0
5.0,190.0,120.0,181.0,46.0,207.0,-692.0,-530.0
6.0,187.0,122.0,184.0,49.0,210.0,-691.0,-528.0
8.0,182.0,125.0,188.0,53.0,213.0,-688.0,-524.0
13.0,178.0,127.0,191.0,55.0,215.0,-687.0,-521.0
23.0,174.0,127.0,192.0,55.0,215.0,-688.0,-520.0
30.0,174.0,126.0,191.0,54.0,214.0,-688.0,-518.0
37.0,177.0,126.0,191.0,55.0,215.0,-685.0,-514.0
39.0,181.0,126.0,191.0,56.0,218.0,-684.0,-512.0
39.0,185.0,124.0,190.0,56.0,218.0,-685.0,-512.0
40.0,183.0,121.0,188.0,54.0,216.0,-687.0,-513.0
40.0,180.0,117.0,185.0,51.0,213.0,-688.0,-513.0
37.0,177.0,115.0,182.0,48.0,210.0,-689.0,-513.0
41.0,169.0,113.0,179.0,45.0,207.0,-691.0,-513.0
46.0,162.0,112.0,177.0,44.0,204.0,-691.0,-510.0
45.0,163.0,112.0,176.0,43.0,204.0,-692.0,-508.0
44.0,165.0,112.0,176.0,42.0,206.0,-695.0,-507.0
43.0,168.0,111.0,175.0,42.0,205.0,-699.0,-508.0
40.0,173.0,110.0,175.0,42.0,205.0,-702.0,-510.0
42.0,175.0,109.0,174.0,41.0,204.0,-705.0,-512.0
44.0,176.0,109.0,173.0,41.0,204.0,-707.0,-514.0
44.0,173.0,110.0,174.0,41.0,205.0,-708.0,-514.0
41.0,171.0,111.0,175.0,42.0,206.0,-710.0,-516.0
38.0,167.0,112.0,177.0,43.0,208.0,-711.0,-515.0
35.0,165.0,113.0,177.0,43.0,207.0,-711.0,-515.0
31.0,167.0,113.0,177.0,43.0,208.0,-711.0,-516.0
27.0,171.0,115.0,178.0,44.0,208.0,-710.0,-517.0
26.0,174.0,115.0,177.0,43.0,206.0,-711.0,-518.0
27.0,176.0,112.0,174.0,40.0,202.0,-715.0,-522.0
27.0,176.0,109.0,170.0,35.0,199.0,-720.0,-525.0
28.0,176.0,106.0,168.0,33.0,196.0,-723.0,-527.0
27.0,176.0,106.0,167.0,32.0,194.0,-724.0,-527.0
25.0,173.0,108.0,168.0,33.0,194.0,-724.0,-526.0
24.0,168.0,109.0,169.0,34.0,194.0,-724.0,-526.0
22.0,165.0,109.0,168.0,33.0,193.0,-723.0,-524.0
22.0,165.0,109.0,169.0,33.0,193.0,-724.0,-525.0
24.0,166.0,109.0,168.0,32.0,190.0,-725.0,-526.0
23.0,170.0,107.0,167.0,31.0,189.0,-726.0,-526.0
24.0,173.0,106.0,165.0,30.0,189.0,-727.0,-526.0
24.0,177.0,106.0,162.0,29.0,189.0,-730.0,-527.0
25.0,178.0,106.0,162.0,29.0,189.0,-732.0,-527.0
23.0,179.0,107.0,164.0,30.0,191.0,-733.0,-526.0
23.0,176.0,108.0,167.0,31.0,192.0,-734.0,-525.0
24.0,170.0,108.0,167.0,31.0,191.0,-736.0,-524.0
26.0,165.0,107.0,168.0,30.0,190.0,-736.0,-523.0
23.0,164.0,108.0,168.0,30.0,189.0,-736.0,-521.0
22.0,166.0,109.0,167.0,30.0,189.0,-737.0,-522.0
24.0,168.0,108.0,166.0,29.0,187.0,-739.0,-523.0
28.0,167.0,108.0,166.0,28.0,184.0,-742.0,-524.0
28.0,169.0,106.0,164.0,27.0,179.0,-744.0,-523.0
27.0,170.0,105.0,164.0,27.0,180.0,-744.0,-523.0
27.0,170.0,107.0,165.0,27.0,181.0,-742.0,-522.0
28.0,168.0,107.0,166.0,28.0,182.0,-740.0,-520.0
31.0,162.0,108.0,167.0,29.0,185.0,-737.0,-516.0
31.0,160.0,108.0,168.0,30.0,188.0,-734.0,-513.0
30.0,159.0,108.0,168.0,30.0,191.0,-735.0,-510.0
29.0,161.0,108.0,167.0,30.0,192.0,-735.0,-508.0
29.0,165.0,108.0,166.0,29.0,191.0,-736.0,-507.0
25.0,172.0,108.0,166.0,30.0,190.0,-738.0,-507.0
21.0,180.0,111.0,168.0,32.0,191.0,-738.0,-505.0
18.0,185.0,116.0,174.0,36.0,195.0,-737.0,-503.0
11.0,194.0,126.0,184.0,44.0,203.0,-734.0,-500.0
3.0,201.0,137.0,197.0,54.0,211.0,-728.0,-495.0
-6.0,207.0,149.0,210.0,64.0,219.0,-723.0,-491.0
-16.0,210.0,160.0,222.0,72.0,224.0,-719.0,-489.0
-16.0,209.0,163.0,229.0,78.0,228.0,-716.0,-484.0
-7.0,201.0,160.0,230.0,80.0,229.0,-715.0,-481.0
0.0,190.0,155.0,229.0,77.0,224.0,-720.0,-482.0
12.0,173.0,154.0,231.0,76.0,221.0,-723.0,-484.0
34.0,152.0,154.0,238.0,78.0,219.0,-726.0,-485.0
56.0,131.0,153.0,246.0,83.0,223.0,-722.0,-480.0
89.0,105.0,150.0,253.0,89.0,231.0,-714.0,-470.0
137.0,68.0,145.0,262.0,98.0,242.0,-702.0,-456.0
193.0,32.0,143.0,277.0,115.0,261.0,-682.0,-435.0
247.0,0.0,138.0,286.0,129.0,279.0,-665.0,-416.0
297.0,-36.0,127.0,284.0,130.0,283.0,-659.0,-407.0
326.0,-65.0,113.0,268.0,113.0,264.0,-672.0,-414.0
344.0,-78.0,89.0,239.0,86.0,238.0,-690.0,-424.0
351.0,-78.0,60.0,200.0,58.0,215.0,-704.0,-430.0
342.0,-68.0,26.0,151.0,26.0,191.0,-716.0,-437.0
314.0,-45.0,-4.0,102.0,-5.0,168.0,-729.0,-447.0
276.0,-13.0,-23.0,60.0,-34.0,147.0,-740.0,-455.0
232.0,13.0,-36.0,24.0,-64.0,124.0,-756.0,-467.0
206.0,22.0,-52.0,-10.0,-91.0,104.0,-768.0,-476.0
183.0,27.0,-58.0,-31.0,-108.0,90.0,-779.0,-488.0
157.0,32.0,-55.0,-34.0,-117.0,80.0,-793.0,-503.0
144.0,35.0,-53.0,-29.0,-120.0,76.0,-801.0,-513.0
140.0,39.0,-48.0,-20.0,-115.0,77.0,-804.0,-517.0
133.0,49.0,-42.0,-10.0,-109.0,80.0,-804.0,-519.0
115.0,66.0,-35.0,0.0,-103.0,83.0,-805.0,-522.0
99.0,76.0,-25.0,13.0,-96.0,87.0,-808.0,-527.0
82.0,85.0,-11.0,30.0,-84.0,95.0,-809.0,-528.0
65.0,95.0,2.0,46.0,-74.0,102.0,-807.0,-526.0
55.0,98.0,13.0,57.0,-66.0,108.0,-805.0,-521.0
47.0,100.0,23.0,69.0,-57.0,115.0,-803.0,-516.0
45.0,101.0,32.0,82.0,-47.0,123.0,-799.0,-511.0
50.0,100.0,41.0,95.0,-38.0,130.0,-795.0,-508.0
51.0,105.0,51.0,108.0,-28.0,138.0,-791.0,-504.0
48.0,112.0,61.0,120.0,-19.0,144.0,-787.0,-500.0
46.0,120.0,68.0,129.0,-13.0,147.0,-784.0,-499.0
46.0,124.0,76.0,138.0,-7.0,152.0,-782.0,-497.0
42.0,128.0,82.0,146.0,-1.0,156.0,-779.0,-494.0
38.0,130.0,88.0,151.0,3.0,160.0,-774.0,-489.0
37.0,129.0,94.0,156.0,7.0,164.0,-770.0,-485.0
36.0,131.0,99.0,161.0,12.0,168.0,-766.0,-480.0
36.0,134.0,103.0,165.0,16.0,173.0,-762.0,-476.0
35.0,140.0,106.0,168.0,19.0,177.0,-759.0,-473.0
38.0,145.0,107.0,170.0,21.0,180.0,-756.0,-471.0
39.0,151.0,108.0,171.0,22.0,181.0,-755.0,-471.0
38.0,157.0,109.0,171.0,22.0,180.0,-756.0,-472.0
39.0,158.0,109.0,171.0,21.0,180.0,-758.0,-472.0
39.0,156.0,110.0,172.0,21.0,181.0,-758.0,-472.0
40.0,153.0,111.0,173.0,21.0,182.0,-758.0,-471.0
41.0,149.0,112.0,175.0,23.0,185.0,-758.0,-470.0
42.0,146.0,113.0,176.0,24.0,185.0,-758.0,-468.0
42.0,147.0,115.0,177.0,25.0,184.0,-758.0,-467.0
44.0,147.0,114.0,177.0,25.0,183.0,-758.0,-466.0
45.0,148.0,112.0,176.0,25.0,183.0,-756.0,-466.0
45.0,151.0,113.0,177.0,25.0,184.0,-755.0,-465.0
45.0,155.0,113.0,177.0,25.0,184.0,-755.0,-464.0
45.0,157.0,114.0,177.0,25.0,186.0,-756.0,-464.0
44.0,156.0,115.0,178.0,27.0,188.0,-753.0,-462.0
44.0,153.0,116.0,179.0,27.0,188.0,-751.0,-461.0
45.0,148.0,118.0,181.0,29.0,191.0,-748.0,-458.0
48.0,143.0,118.0,181.0,30.0,192.0,-747.0,-457.0
48.0,143.0,119.0,182.0,30.0,192.0,-746.0,-456.0
49.0,144.0,119.0,182.0,30.0,192.0,-746.0,-456.0
48.0,148.0,119.0,182.0,30.0,192.0,-745.0,-456.0
49.0,152.0,117.0,181.0,30.0,192.0,-747.0,-456.0
49.0,155.0,115.0,180.0,28.0,189.0,-749.0,-456.0
49.0,156.0,114.0,178.0,26.0,188.0,-751.0,-457.0
49.0,155.0,115.0,179.0,26.0,187.0,-751.0,-457.0
52.0,151.0,117.0,179.0,27.0,187.0,-751.0,-456.0
51.0,148.0,119.0,182.0,29.0,188.0,-749.0,-454.0
49.0,145.0,119.0,183.0,28.0,189.0,-749.0,-454.0
49.0,144.0,120.0,183.0,29.0,191.0,-748.0,-454.0
50.0,146.0,120.0,184.0,30.0,194.0,-747.0,-454.0
49.0,151.0,121.0,185.0,31.0,195.0,-746.0,-454.0
50.0,153.0,119.0,183.0,30.0,193.0,-748.0,-456.0
52.0,153.0,117.0,182.0,28.0,191.0,-750.0,-458.0
53.0,153.0,117.0,182.0,28.0,190.0,-750.0,-458.0
53.0,153.0,118.0,183.0,29.0,191.0,-749.0,-458.0
57.0,148.0,119.0,183.0,29.0,191.0,-750.0,-457.0
57.0,144.0,120.0,185.0,31.0,192.0,-750.0,-456.0
58.0,140.0,121.0,187.0,32.0,194.0,-749.0,-454.0
57.0,140.0,121.0,187.0,33.0,194.0,-749.0,-454.0
58.0,141.0,121.0,188.0,33.0,193.0,-750.0,-453.0
61.0,145.0,119.0,185.0,29.0,188.0,-755.0,-457.0
62.0,139.0,121.0,187.0,31.0,188.0,-753.0,-456.0
63.0,136.0,122.0,188.0,31.0,188.0,-752.0,-455.0
63.0,135.0,123.0,190.0,32.0,188.0,-752.0,-454.0
64.0,135.0,123.0,190.0,31.0,187.0,-752.0,-454.0
64.0,138.0,122.0,189.0,30.0,188.0,-753.0,-454.0
62.0,143.0,122.0,189.0,31.0,191.0,-754.0,-455.0
62.0,147.0,121.0,190.0,32.0,192.0,-753.0,-454.0
60.0,150.0,122.0,190.0,32.0,193.0,-752.0,-454.0
63.0,147.0,122.0,191.0,33.0,193.0,-752.0,-454.0
69.0,139.0,122.0,191.0,33.0,192.0,-753.0,-455.0
72.0,134.0,123.0,193.0,33.0,193.0,-752.0,-455.0
70.0,133.0,125.0,195.0,35.0,194.0,-750.0,-455.0
67.0,133.0,126.0,196.0,36.0,195.0,-750.0,-456.0
67.0,135.0,126.0,195.0,36.0,196.0,-749.0,-454.0
66.0,139.0,126.0,196.0,36.0,194.0,-750.0,-455.0
67.0,141.0,126.0,195.0,34.0,191.0,-751.0,-456.0
67.0,144.0,125.0,195.0,34.0,192.0,-751.0,-456.0
68.0,145.0,125.0,196.0,35.0,193.0,-750.0,-455.0
67.0,146.0,127.0,198.0,37.0,196.0,-748.0,-454.0
68.0,143.0,129.0,200.0,39.0,199.0,-746.0,-452.0
72.0,136.0,129.0,202.0,40.0,201.0,-744.0,-450.0
73.0,131.0,130.0,203.0,42.0,202.0,-744.0,-450.0
72.0,130.0,132.0,206.0,43.0,202.0,-744.0,-449.0
73.0,130.0,132.0,206.0,43.0,201.0,-745.0,-450.0
74.0,133.0,132.0,205.0,41.0,200.0,-747.0,-450.0
74.0,137.0,132.0,206.0,42.0,199.0,-748.0,-451.0
75.0,140.0,132.0,206.0,42.0,199.0,-749.0,-452.0
76.0,141.0,133.0,208.0,43.0,200.0,-749.0,-451.0
76.0,140.0,135.0,211.0,45.0,202.0,-747.0,-449.0
78.0,136.0,136.0,213.0,46.0,203.0,-746.0,-445.0
79.0,131.0,138.0,214.0,46.0,203.0,-745.0,-443.0
79.0,129.0,140.0,216.0,47.0,203.0,-745.0,-441.0
79.0,130.0,142.0,217.0,49.0,203.0,-745.0,-439.0
78.0,132.0,142.0,218.0,48.0,202.0,-745.0,-438.0
78.0,135.0,142.0,220.0,49.0,202.0,-744.0,-438.0
79.0,139.0,143.0,220.0,50.0,203.0,-742.0,-438.0
80.0,142.0,142.0,220.0,50.0,203.0,-741.0,-438.0
81.0,143.0,143.0,221.0,50.0,204.0,-740.0,-437.0
82.0,142.0,144.0,223.0,51.0,206.0,-740.0,-437.0
83.0,139.0,145.0,224.0,52.0,207.0,-740.0,-436.0
84.0,135.0,148.0,227.0,54.0,209.0,-738.0,-435.0
83.0,132.0,150.0,229.0,56.0,211.0,-737.0,-433.0
82.0,132.0,151.0,230.0,57.0,212.0,-735.0,-431.0
83.0,134.0,151.0,230.0,56.0,211.0,-736.0,-431.0
85.0,136.0,151.0,229.0,55.0,210.0,-736.0,-431.0
84.0,140.0,151.0,229.0,55.0,209.0,-737.0,-431.0
83.0,144.0,151.0,227.0,53.0,206.0,-738.0,-430.0
84.0,144.0,150.0,227.0,52.0,204.0,-740.0,-431.0
82.0,144.0,151.0,228.0,52.0,202.0,-740.0,-430.0
82.0,142.0,153.0,229.0,53.0,202.0,-740.0,-429.0
83.0,137.0,154.0,230.0,54.0,203.0,-738.0,-427.0
83.0,135.0,155.0,231.0,55.0,206.0,-737.0,-426.0
84.0,132.0,155.0,230.0,55.0,205.0,-736.0,-426.0
85.0,133.0,154.0,229.0,53.0,204.0,-736.0,-427.0
83.0,137.0,154.0,227.0,52.0,205.0,-737.0,-428.0
80.0,143.0,153.0,225.0,51.0,206.0,-738.0,-429.0
80.0,147.0,152.0,224.0,50.0,206.0,-740.0,-429.0
81.0,148.0,151.0,222.0,50.0,206.0,-740.0,-429.0
80.0,147.0,151.0,220.0,49.0,205.0,-739.0,-427.0
81.0,145.0,151.0,220.0,49.0,205.0,-737.0,-426.0
80.0,142.0,152.0,221.0,49.0,207.0,-734.0,-424.0
80.0,138.0,153.0,221.0,50.0,208.0,-733.0,-422.0
80.0,136.0,153.0,221.0,50.0,209.0,-732.0,-421.0
82.0,136.0,150.0,218.0,48.0,206.0,-735.0,-422.0
82.0,139.0,148.0,215.0,45.0,202.0,-736.0,-422.0
82.0,141.0,146.0,211.0,42.0,198.0,-738.0,-423.0
81.0,145.0,144.0,208.0,40.0,195.0,-739.0,-425.0
82.0,147.0,143.0,207.0,39.0,193.0,-739.0,-426.0
83.0,145.0,142.0,206.0,39.0,192.0,-739.0,-425.0
84.0,141.0,141.0,204.0,38.0,191.0,-740.0,-424.0
86.0,136.0,141.0,203.0,37.0,189.0,-739.0,-423.0
86.0,132.0,140.0,201.0,36.0,190.0,-739.0,-422.0
86.0,130.0,138.0,199.0,35.0,191.0,-739.0,-422.0
85.0,130.0,134.0,196.0,33.0,192.0,-740.0,-422.0
86.0,132.0,131.0,193.0,32.0,191.0,-742.0,-424.0
84.0,136.0,130.0,191.0,32.0,191.0,-741.0,-424.0
84.0,138.0,127.0,189.0,30.0,190.0,-740.0,-425.0
85.0,139.0,125.0,187.0,29.0,188.0,-740.0,-427.0
85.0,137.0,124.0,185.0,28.0,189.0,-738.0,-426.0
86.0,132.0,124.0,184.0,29.0,191.0,-736.0,-424.0
89.0,124.0,122.0,183.0,30.0,193.0,-734.0,-422.0
89.0,122.0,122.0,183.0,31.0,194.0,-732.0,-420.0
90.0,120.0,122.0,183.0,30.0,195.0,-731.0,-419.0
89.0,122.0,121.0,181.0,29.0,193.0,-731.0,-419.0
88.0,126.0,119.0,178.0,27.0,189.0,-733.0,-419.0
87.0,131.0,118.0,177.0,27.0,188.0,-733.0,-419.0
89.0,132.0,115.0,174.0,24.0,183.0,-735.0,-420.0
92.0,130.0,112.0,172.0,21.0,180.0,-736.0,-420.0
93.0,128.0,111.0,172.0,22.0,180.0,-736.0,-420.0
92.0,126.0,111.0,171.0,21.0,179.0,-737.0,-420.0
91.0,122.0,111.0,171.0,21.0,180.0,-737.0,-419.0
89.0,120.0,113.0,173.0,22.0,185.0,-736.0,-419.0
89.0,119.0,113.0,172.0,23.0,188.0,-736.0,-419.0
89.0,120.0,112.0,171.0,22.0,187.0,-736.0,-419.0
89.0,124.0,111.0,170.0,22.0,188.0,-736.0,-420.0
88.0,127.0,110.0,169.0,21.0,187.0,-738.0,-421.0
90.0,128.0,108.0,167.0,19.0,182.0,-741.0,-423.0
93.0,127.0,107.0,167.0,18.0,180.0,-741.0,-423.0
91.0,127.0,107.0,166.0,18.0,178.0,-741.0,-423.0
88.0,126.0,107.0,166.0,17.0,177.0,-740.0,-420.0
87.0,122.0,109.0,167.0,19.0,180.0,-738.0,-419.0
86.0,119.0,111.0,168.0,20.0,184.0,-736.0,-418.0
88.0,116.0,111.0,168.0,21.0,185.0,-735.0,-419.0
88.0,117.0,110.0,167.0,21.0,184.0,-735.0,-418.0
87.0,121.0,109.0,166.0,19.0,182.0,-735.0,-418.0
88.0,123.0,107.0,165.0,18.0,181.0,-735.0,-419.0
88.0,126.0,105.0,164.0,17.0,180.0,-736.0,-419.0
88.0,128.0,105.0,164.0,17.0,179.0,-736.0,-418.0
86.0,129.0,107.0,164.0,17.0,179.0,-736.0,-418.0
87.0,126.0,107.0,165.0,17.0,179.0,-735.0,-417.0
88.0,122.0,109.0,166.0,19.0,181.0,-733.0,-416.0
88.0,118.0,110.0,167.0,20.0,181.0,-731.0,-415.0
89.0,117.0,111.0,168.0,21.0,182.0,-730.0,-415.0
91.0,116.0,110.0,167.0,20.0,182.0,-729.0,-415.0
90.0,119.0,109.0,167.0,19.0,180.0,-729.0,-415.0
88.0,124.0,109.0,167.0,18.0,179.0,-730.0,-415.0
89.0,127.0,108.0,167.0,18.0,178.0,-731.0,-416.0
87.0,129.0,107.0,167.0,17.0,177.0,-732.0,-416.0
86.0,128.0,107.0,166.0,16.0,174.0,-734.0,-417.0
88.0,124.0,108.0,166.0,15.0,173.0,-735.0,-416.0
91.0,116.0,108.0,166.0,15.0,173.0,-735.0,-416.0
93.0,111.0,109.0,167.0,16.0,173.0,-735.0,-415.0
92.0,110.0,109.0,167.0,17.0,173.0,-735.0,-414.0
92.0,111.0,109.0,167.0,18.0,174.0,-736.0,-413.0
91.0,115.0,108.0,166.0,18.0,175.0,-736.0,-413.0
91.0,118.0,107.0,166.0,17.0,176.0,-736.0,-414.0
90.0,121.0,106.0,165.0,17.0,175.0,-736.0,-415.0
90.0,122.0,106.0,166.0,17.0,175.0,-735.0,-414.0
89.0,121.0,107.0,166.0,17.0,175.0,-734.0,-414.0
89.0,120.0,107.0,167.0,18.0,176.0,-732.0,-413.0
88.0,117.0,109.0,168.0,20.0,177.0,-730.0,-411.0
90.0,114.0,110.0,169.0,22.0,179.0,-729.0,-410.0
91.0,111.0,110.0,170.0,22.0,179.0,-729.0,-410.0
89.0,113.0,110.0,170.0,22.0,179.0,-730.0,-409.0
88.0,117.0,110.0,170.0,22.0,180.0,-731.0,-408.0
90.0,118.0,108.0,169.0,21.0,180.0,-733.0,-409.0
90.0,121.0,107.0,168.0,20.0,179.0,-734.0,-410.0
90.0,121.0,106.0,167.0,19.0,177.0,-734.0,-410.0
91.0,120.0,106.0,167.0,19.0,177.0,-734.0,-409.0
90.0,119.0,108.0,168.0,20.0,178.0,-734.0,-408.0
88.0,117.0,110.0,170.0,22.0,179.0,-732.0,-405.0
89.0,112.0,110.0,171.0,23.0,179.0,-732.0,-405.0
89.0,111.0,110.0,171.0,22.0,177.0,-733.0,-405.0
90.0,111.0,108.0,171.0,22.0,176.0,-735.0,-405.0
91.0,113.0,108.0,171.0,22.0,177.0,-735.0,-405.0
91.0,117.0,107.0,170.0,21.0,176.0,-736.0,-406.0
90.0,121.0,106.0,169.0,20.0,176.0,-736.0,-406.0
91.0,122.0,107.0,168.0,21.0,177.0,-736.0,-405.0
93.0,120.0,108.0,169.0,22.0,178.0,-734.0,-403.0
92.0,119.0,109.0,170.0,23.0,179.0,-732.0,-402.0
94.0,114.0,109.0,171.0,25.0,180.0,-730.0,-398.0
94.0,109.0,109.0,172.0,26.0,180.0,-731.0,-397.0
93.0,108.0,110.0,172.0,26.0,179.0,-733.0,-397.0
92.0,110.0,108.0,172.0,24.0,178.0,-733.0,-397.0
93.0,113.0,108.0,170.0,23.0,177.0,-734.0,-398.0
92.0,117.0,108.0,170.0,23.0,176.0,-735.0,-398.0
92.0,120.0,107.0,170.0,23.0,176.0,-735.0,-400.0
91.0,121.0,107.0,169.0,23.0,177.0,-735.0,-399.0
92.0,120.0,105.0,169.0,22.0,176.0,-734.0,-399.0
90.0,118.0,106.0,170.0,23.0,176.0,-733.0,-398.0
90.0,115.0,107.0,170.0,25.0,177.0,-730.0,-395.0
90.0,111.0,107.0,171.0,25.0,179.0,-729.0,-394.0
89.0,110.0,108.0,171.0,25.0,180.0,-729.0,-393.0
87.0,112.0,108.0,171.0,26.0,180.0,-728.0,-393.0
86.0,116.0,107.0,170.0,25.0,179.0,-727.0,-394.0
86.0,118.0,106.0,168.0,23.0,177.0,-727.0,-396.0
86.0,121.0,105.0,166.0,21.0,174.0,-728.0,-397.0
87.0,122.0,106.0,167.0,21.0,174.0,-727.0,-397.0
85.0,123.0,106.0,168.0,22.0,175.0,-726.0,-396.0
85.0,121.0,105.0,167.0,23.0,175.0,-725.0,-395.0
88.0,115.0,106.0,167.0,23.0,176.0,-723.0,-393.0
87.0,111.0,106.0,168.0,23.0,177.0,-723.0,-392.0
87.0,110.0,106.0,168.0,23.0,177.0,-723.0,-392.0
86.0,111.0,106.0,168.0,23.0,177.0,-722.0,-392.0
85.0,115.0,105.0,167.0,23.0,176.0,-723.0,-391.0
83.0,119.0,104.0,166.0,22.0,174.0,-726.0,-392.0
83.0,122.0,103.0,164.0,19.0,171.0,-730.0,-394.0
82.0,123.0,102.0,162.0,18.0,170.0,-731.0,-394.0
81.0,124.0,103.0,162.0,19.0,172.0,-730.0,-393.0
82.0,121.0,104.0,162.0,19.0,173.0,-729.0,-393.0
83.0,116.0,104.0,164.0,21.0,174.0,-728.0,-392.0
83.0,112.0,105.0,165.0,22.0,174.0,-726.0,-390.0
81.0,112.0,105.0,165.0,23.0,175.0,-723.0,-388.0
78.0,115.0,105.0,165.0,23.0,173.0,-724.0,-387.0
80.0,117.0,104.0,163.0,20.0,170.0,-726.0,-389.0
79.0,121.0,103.0,162.0,19.0,168.0,-728.0,-388.0
79.0,123.0,102.0,160.0,17.0,165.0,-730.0,-389.0
80.0,123.0,101.0,158.0,15.0,163.0,-732.0,-391.0
80.0,121.0,100.0,158.0,14.0,164.0,-732.0,-391.0
78.0,120.0,101.0,159.0,16.0,167.0,-731.0,-389.0
78.0,117.0,102.0,160.0,18.0,170.0,-730.0,-387.0
77.0,114.0,104.0,162.0,19.0,171.0,-728.0,-385.0
78.0,112.0,103.0,161.0,19.0,171.0,-727.0,-386.0
77.0,113.0,102.0,161.0,19.0,170.0,-727.0,-386.0
75.0,118.0,102.0,160.0,18.0,169.0,-727.0,-387.0
76.0,119.0,100.0,158.0,17.0,168.0,-728.0,-388.0
75.0,124.0,99.0,157.0,16.0,166.0,-728.0,-389.0
74.0,125.0,98.0,156.0,14.0,165.0,-729.0,-390.0
72.0,125.0,98.0,155.0,14.0,165.0,-730.0,-390.0
72.0,122.0,99.0,156.0,15.0,166.0,-730.0,-390.0
74.0,117.0,100.0,156.0,15.0,168.0,-730.0,-389.0
73.0,113.0,100.0,156.0,17.0,169.0,-728.0,-387.0
71.0,112.0,100.0,156.0,17.0,169.0,-728.0,-386.0
69.0,115.0,100.0,156.0,16.0,167.0,-730.0,-388.0
68.0,118.0,100.0,155.0,14.0,164.0,-732.0,-390.0
67.0,121.0,99.0,154.0,13.0,161.0,-733.0,-391.0
67.0,125.0,97.0,153.0,12.0,158.0,-734.0,-391.0
67.0,126.0,95.0,152.0,11.0,157.0,-735.0,-392.0
66.0,125.0,94.0,151.0,10.0,157.0,-736.0,-391.0
66.0,122.0,95.0,152.0,10.0,159.0,-735.0,-390.0
64.0,118.0,98.0,153.0,12.0,161.0,-733.0,-388.0
65.0,115.0,99.0,154.0,13.0,162.0,-732.0,-387.0
65.0,113.0,99.0,154.0,14.0,162.0,-731.0,-387.0
63.0,115.0,99.0,154.0,14.0,162.0,-730.0,-387.0
61.0,119.0,98.0,153.0,14.0,162.0,-731.0,-388.0
61.0,123.0,97.0,152.0,13.0,161.0,-731.0,-389.0
60.0,126.0,96.0,151.0,11.0,159.0,-733.0,-390.0
60.0,127.0,94.0,150.0,9.0,157.0,-734.0,-391.0
59.0,125.0,93.0,150.0,8.0,156.0,-735.0,-391.0
58.0,124.0,94.0,150.0,9.0,156.0,-735.0,-391.0
59.0,119.0,96.0,152.0,10.0,157.0,-733.0,-389.0
57.0,118.0,97.0,153.0,12.0,159.0,-731.0,-388.0
56.0,117.0,98.0,153.0,13.0,160.0,-731.0,-387.0
56.0,116.0,96.0,152.0,12.0,159.0,-732.0,-389.0
57.0,118.0,95.0,151.0,10.0,159.0,-733.0,-390.0
55.0,122.0,95.0,149.0,9.0,157.0,-735.0,-392.0
53.0,127.0,93.0,148.0,8.0,156.0,-736.0,-393.0
52.0,129.0,92.0,147.0,7.0,154.0,-737.0,-392.0
50.0,129.0,92.0,148.0,8.0,154.0,-737.0,-392.0
50.0,126.0,93.0,148.0,8.0,154.0,-738.0,-391.0
50.0,123.0,94.0,150.0,9.0,155.0,-738.0,-390.0
49.0,119.0,95.0,151.0,11.0,156.0,-738.0,-389.0
50.0,116.0,95.0,151.0,11.0,157.0,-737.0,-389.0
49.0,117.0,95.0,150.0,10.0,156.0,-738.0,-389.0
49.0,119.0,94.0,148.0,9.0,154.0,-738.0,-390.0
47.0,123.0,94.0,148.0,8.0,152.0,-741.0,-391.0
45.0,127.0,92.0,146.0,5.0,148.0,-743.0,-392.0
46.0,127.0,90.0,144.0,3.0,145.0,-744.0,-393.0
45.0,126.0,90.0,144.0,3.0,146.0,-745.0,-393.0
44.0,125.0,90.0,145.0,4.0,148.0,-744.0,-393.0
45.0,119.0,91.0,145.0,5.0,150.0,-743.0,-391.0
44.0,115.0,92.0,146.0,5.0,151.0,-744.0,-390.0
42.0,115.0,93.0,147.0,7.0,152.0,-744.0,-389.0
40.0,117.0,93.0,146.0,7.0,152.0,-746.0,-389.0
37.0,121.0,92.0,145.0,6.0,151.0,-747.0,-390.0
38.0,124.0,91.0,144.0,5.0,150.0,-747.0,-391.0
38.0,127.0,89.0,143.0,4.0,149.0,-749.0,-393.0
36.0,129.0,89.0,142.0,4.0,150.0,-749.0,-394.0
34.0,129.0,88.0,143.0,4.0,151.0,-749.0,-394.0
33.0,127.0,88.0,143.0,4.0,150.0,-750.0,-393.0
32.0,124.0,89.0,144.0,5.0,151.0,-750.0,-391.0
31.0,120.0,90.0,145.0,6.0,151.0,-750.0,-390.0
30.0,118.0,90.0,144.0,5.0,150.0,-751.0,-389.0
30.0,119.0,90.0,143.0,4.0,150.0,-753.0,-390.0
28.0,124.0,89.0,142.0,3.0,148.0,-754.0,-390.0
28.0,127.0,87.0,141.0,3.0,147.0,-755.0,-390.0
28.0,130.0,86.0,140.0,2.0,145.0,-757.0,-393.0
26.0,131.0,85.0,138.0,0.0,143.0,-759.0,-394.0
22.0,131.0,85.0,137.0,0.0,143.0,-760.0,-395.0
21.0,129.0,85.0,138.0,0.0,143.0,-760.0,-396.0
20.0,125.0,88.0,140.0,1.0,145.0,-758.0,-394.0
20.0,120.0,88.0,141.0,2.0,145.0,-758.0,-394.0
20.0,118.0,87.0,141.0,2.0,144.0,-759.0,-394.0
18.0,120.0,87.0,140.0,0.0,143.0,-759.0,-394.0
15.0,124.0,86.0,139.0,0.0,142.0,-760.0,-393.0
12.0,129.0,84.0,137.0,0.0,141.0,-763.0,-395.0
10.0,133.0,82.0,135.0,-2.0,139.0,-766.0,-396.0
10.0,133.0,81.0,134.0,-4.0,137.0,-768.0,-397.0
9.0,132.0,81.0,133.0,-4.0,137.0,-768.0,-397.0
6.0,130.0,81.0,134.0,-3.0,137.0,-768.0,-396.0
7.0,126.0,83.0,134.0,-2.0,138.0,-767.0,-397.0
7.0,121.0,83.0,134.0,-2.0,138.0,-766.0,-397.0
5.0,120.0,82.0,135.0,-2.0,139.0,-765.0,-396.0
1.0,122.0,82.0,134.0,-3.0,138.0,-765.0,-397.0
1.0,124.0,80.0,132.0,-4.0,138.0,-766.0,-398.0
0.0,128.0,79.0,131.0,-6.0,135.0,-769.0,-400.0
-2.0,132.0,77.0,129.0,-8.0,133.0,-772.0,-402.0
-4.0,134.0,76.0,127.0,-9.0,131.0,-773.0,-403.0
-6.0,134.0,75.0,127.0,-10.0,130.0,-774.0,-403.0
-8.0,133.0,75.0,127.0,-9.0,131.0,-774.0,-404.0
-9.0,128.0,76.0,128.0,-8.0,133.0,-773.0,-403.0
-9.0,124.0,78.0,130.0,-6.0,134.0,-771.0,-401.0
-12.0,123.0,79.0,130.0,-6.0,135.0,-772.0,-401.0
-15.0,125.0,78.0,130.0,-6.0,134.0,-774.0,-403.0
-15.0,127.0,77.0,128.0,-7.0,133.0,-775.0,-403.0
-16.0,131.0,76.0,127.0,-8.0,132.0,-776.0,-405.0
-18.0,134.0,74.0,125.0,-9.0,129.0,-777.0,-407.0
-20.0,136.0,72.0,124.0,-10.0,127.0,-779.0,-409.0
-21.0,133.0,71.0,123.0,-11.0,127.0,-780.0,-410.0
-23.0,130.0,71.0,123.0,-12.0,128.0,-780.0,-410.0
-25.0,127.0,73.0,125.0,-10.0,131.0,-778.0,-409.0
-27.0,124.0,73.0,126.0,-9.0,133.0,-775.0,-409.0
-28.0,124.0,74.0,126.0,-9.0,133.0,-773.0,-410.0
-31.0,126.0,73.0,126.0,-9.0,131.0,-772.0,-412.0
-33.0,129.0,72.0,125.0,-11.0,129.0,-772.0,-413.0
-36.0,133.0,71.0,123.0,-12.0,127.0,-773.0,-413.0
-37.0,136.0,69.0,122.0,-14.0,126.0,-774.0,-413.0
-37.0,136.0,68.0,121.0,-14.0,125.0,-773.0,-412.0
-38.0,137.0,68.0,121.0,-14.0,125.0,-772.0,-412.0
-37.0,131.0,68.0,121.0,-14.0,125.0,-772.0,-412.0
-36.0,126.0,68.0,121.0,-14.0,125.0,-772.0,-412.0
-40.0,124.0,69.0,121.0,-14.0,125.0,-771.0,-411.0
-43.0,125.0,69.0,122.0,-13.0,126.0,-770.0,-410.0
-46.0,127.0,69.0,122.0,-13.0,126.0,-770.0,-410.0
-47.0,130.0,68.0,120.0,-15.0,124.0,-770.0,-411.0
-49.0,134.0,67.0,119.0,-15.0,124.0,-769.0,-411.0
-51.0,138.0,66.0,117.0,-17.0,123.0,-769.0,-412.0
-51.0,140.0,65.0,116.0,-18.0,122.0,-769.0,-413.0
-52.0,139.0,65.0,116.0,-18.0,121.0,-768.0,-413.0
-55.0,137.0,66.0,117.0,-18.0,122.0,-766.0,-412.0
-56.0,134.0,68.0,119.0,-15.0,123.0,-764.0,-410.0
-57.0,131.0,69.0,120.0,-14.0,124.0,-762.0,-408.0
-56.0,126.0,69.0,121.0,-14.0,123.0,-762.0,-409.0
-58.0,127.0,69.0,120.0,-15.0,122.0,-761.0,-410.0
-62.0,131.0,69.0,119.0,-15.0,121.0,-762.0,-412.0
-66.0,136.0,69.0,120.0,-15.0,121.0,-760.0,-411.0
-65.0,139.0,68.0,119.0,-16.0,120.0,-761.0,-413.0
-63.0,138.0,66.0,118.0,-18.0,119.0,-763.0,-414.0
-68.0,140.0,67.0,118.0,-18.0,120.0,-762.0,-415.0
-70.0,138.0,68.0,119.0,-16.0,122.0,-762.0,-415.0
-70.0,132.0,69.0,120.0,-15.0,122.0,-761.0,-414.0
-75.0,131.0,70.0,121.0,-15.0,119.0,-761.0,-415.0
-77.0,131.0,71.0,121.0,-15.0,116.0,-761.0,-414.0
-76.0,130.0,69.0,120.0,-17.0,115.0,-762.0,-414.0
-77.0,133.0,68.0,119.0,-17.0,116.0,-763.0,-415.0
-80.0,136.0,67.0,117.0,-19.0,117.0,-766.0,-416.0
-79.0,139.0,65.0,117.0,-19.0,119.0,-768.0,-417.0
-78.0,140.0,64.0,116.0,-18.0,120.0,-767.0,-417.0
-76.0,139.0,64.0,117.0,-16.0,121.0,-764.0,-416.0
-75.0,137.0,66.0,120.0,-14.0,123.0,-760.0,-415.0
-72.0,134.0,68.0,122.0,-11.0,126.0,-755.0,-413.0
-67.0,129.0,69.0,124.0,-9.0,129.0,-750.0,-409.0
-63.0,127.0,68.0,125.0,-8.0,130.0,-746.0,-407.0
-60.0,128.0,66.0,124.0,-7.0,130.0,-744.0,-404.0
-58.0,128.0,62.0,121.0,-9.0,128.0,-746.0,-403.0
-61.0,131.0,59.0,117.0,-13.0,125.0,-750.0,-407.0
-68.0,136.0,55.0,112.0,-18.0,121.0,-753.0,-410.0
-72.0,138.0,52.0,109.0,-21.0,117.0,-754.0,-412.0
-75.0,136.0,49.0,106.0,-24.0,113.0,-754.0,-412.0
-76.0,133.0,48.0,104.0,-26.0,110.0,-753.0,-411.0
-77.0,128.0,48.0,103.0,-26.0,109.0,-752.0,-410.0
-80.0,125.0,49.0,103.0,-26.0,108.0,-752.0,-408.0
-82.0,123.0,48.0,103.0,-27.0,108.0,-754.0,-408.0
-84.0,124.0,47.0,102.0,-28.0,109.0,-755.0,-410.0
-87.0,126.0,46.0,101.0,-29.0,107.0,-757.0,-412.0
-89.0,130.0,44.0,99.0,-30.0,106.0,-758.0,-415.0
-91.0,134.0,42.0,97.0,-32.0,104.0,-760.0,-418.0
-95.0,136.0,42.0,96.0,-33.0,105.0,-762.0,-420.0
-100.0,138.0,42.0,97.0,-32.0,109.0,-761.0,-419.0
-104.0,137.0,43.0,97.0,-31.0,109.0,-759.0,-420.0
-109.0,135.0,44.0,98.0,-31.0,109.0,-756.0,-421.0
-115.0,134.0,46.0,100.0,-29.0,111.0,-754.0,-423.0
-120.0,135.0,47.0,100.0,-28.0,111.0,-752.0,-424.0
-124.0,136.0,45.0,99.0,-30.0,110.0,-753.0,-425.0
-126.0,138.0,42.0,95.0,-33.0,108.0,-756.0,-427.0
-129.0,141.0,39.0,92.0,-36.0,106.0,-759.0,-429.0
-133.0,145.0,37.0,89.0,-39.0,103.0,-762.0,-431.0
-138.0,148.0,36.0,88.0,-41.0,98.0,-765.0,-433.0
-140.0,148.0,36.0,87.0,-43.0,95.0,-767.0,-434.0
-143.0,145.0,36.0,86.0,-44.0,93.0,-768.0,-434.0
-145.0,142.0,37.0,87.0,-43.0,93.0,-767.0,-434.0
-148.0,140.0,39.0,88.0,-42.0,94.0,-765.0,-433.0
-149.0,138.0,38.0,88.0,-41.0,94.0,-764.0,-434.0
-150.0,138.0,37.0,87.0,-42.0,94.0,-763.0,-435.0
-151.0,141.0,35.0,86.0,-43.0,94.0,-763.0,-436.0
-154.0,146.0,34.0,85.0,-44.0,93.0,-763.0,-436.0
-157.0,150.0,32.0,83.0,-46.0,90.0,-765.0,-438.0
-159.0,150.0,32.0,81.0,-47.0,88.0,-767.0,-440.0
-161.0,150.0,32.0,81.0,-48.0,87.0,-766.0,-440.0
-164.0,148.0,32.0,82.0,-47.0,87.0,-765.0,-439.0
-165.0,144.0,33.0,82.0,-47.0,87.0,-765.0,-439.0
-167.0,141.0,34.0,83.0,-47.0,87.0,-766.0,-437.0
-168.0,140.0,34.0,83.0,-46.0,87.0,-767.0,-437.0
-169.0,140.0,33.0,83.0,-47.0,85.0,-767.0,-438.0
-172.0,145.0,32.0,82.0,-48.0,84.0,-767.0,-439.0
-175.0,150.0,32.0,81.0,-49.0,83.0,-766.0,-438.0
-177.0,153.0,30.0,80.0,-51.0,81.0,-767.0,-439.0
-178.0,154.0,29.0,79.0,-52.0,80.0,-768.0,-440.0
-177.0,152.0,29.0,79.0,-51.0,81.0,-769.0,-441.0
-180.0,152.0,30.0,79.0,-50.0,81.0,-767.0,-439.0
-182.0,149.0,31.0,81.0,-49.0,82.0,-764.0,-438.0
-185.0,147.0,32.0,82.0,-47.0,84.0,-762.0,-436.0
-188.0,147.0,33.0,83.0,-47.0,84.0,-763.0,-436.0
-190.0,149.0,34.0,83.0,-46.0,84.0,-763.0,-435.0
-197.0,159.0,37.0,85.0,-44.0,86.0,-762.0,-435.0
-206.0,172.0,43.0,91.0,-40.0,90.0,-761.0,-434.0
-215.0,185.0,52.0,101.0,-32.0,95.0,-759.0,-434.0
-225.0,197.0,62.0,113.0,-23.0,100.0,-756.0,-434.0
-239.0,207.0,73.0,124.0,-15.0,106.0,-753.0,-434.0
-248.0,211.0,82.0,134.0,-7.0,111.0,-751.0,-434.0
-246.0,204.0,85.0,140.0,-1.0,118.0,-745.0,-429.0
-237.0,190.0,83.0,143.0,1.0,122.0,-743.0,-426.0
-229.0,173.0,83.0,146.0,2.0,123.0,-743.0,-426.0
-218.0,155.0,83.0,153.0,4.0,123.0,-744.0,-428.0
-201.0,136.0,82.0,160.0,6.0,122.0,-747.0,-430.0
-175.0,115.0,78.0,166.0,10.0,123.0,-743.0,-426.0
-139.0,89.0,73.0,173.0,15.0,127.0,-736.0,-417.0
-90.0,57.0,67.0,184.0,26.0,138.0,-723.0,-403.0
-35.0,26.0,63.0,196.0,42.0,155.0,-704.0,-383.0
16.0,-4.0,54.0,198.0,51.0,168.0,-688.0,-365.0
60.0,-44.0,40.0,189.0,45.0,164.0,-687.0,-361.0
89.0,-83.0,16.0,163.0,20.0,139.0,-703.0,-371.0
103.0,-102.0,-15.0,123.0,-12.0,110.0,-720.0,-380.0
102.0,-104.0,-53.0,73.0,-47.0,83.0,-735.0,-389.0
83.0,-89.0,-89.0,20.0,-84.0,56.0,-749.0,-399.0
51.0,-63.0,-113.0,-25.0,-116.0,32.0,-765.0,-410.0
4.0,-26.0,-126.0,-64.0,-148.0,7.0,-782.0,-424.0
-36.0,2.0,-141.0,-104.0,-180.0,-18.0,-798.0,-437.0
-60.0,14.0,-154.0,-136.0,-205.0,-37.0,-810.0,-446.0
-84.0,21.0,-158.0,-150.0,-219.0,-50.0,-821.0,-456.0
-107.0,20.0,-155.0,-147.0,-222.0,-57.0,-831.0,-468.0
-116.0,21.0,-149.0,-134.0,-217.0,-54.0,-831.0,-472.0
-122.0,25.0,-141.0,-122.0,-209.0,-49.0,-828.0,-472.0
-134.0,36.0,-133.0,-111.0,-202.0,-44.0,-826.0,-475.0
-149.0,50.0,-124.0,-99.0,-193.0,-39.0,-825.0,-478.0
-168.0,65.0,-111.0,-82.0,-182.0,-33.0,-823.0,-482.0
-194.0,86.0,-96.0,-63.0,-169.0,-25.0,-822.0,-486.0
-214.0,99.0,-84.0,-49.0,-159.0,-19.0,-821.0,-489.0
-225.0,105.0,-74.0,-37.0,-151.0,-14.0,-820.0,-490.0
-230.0,106.0,-64.0,-24.0,-142.0,-7.0,-817.0,-488.0
-230.0,103.0,-53.0,-9.0,-130.0,1.0,-812.0,-485.0
-232.0,102.0,-40.0,6.0,-118.0,10.0,-808.0,-481.0
-236.0,105.0,-28.0,20.0,-107.0,18.0,-802.0,-477.0
-239.0,111.0,-18.0,31.0,-98.0,25.0,-798.0,-475.0
-246.0,120.0,-9.0,41.0,-92.0,29.0,-794.0,-473.0
-252.0,130.0,-2.0,47.0,-86.0,33.0,-791.0,-472.0
-259.0,139.0,1.0,51.0,-84.0,35.0,-789.0,-471.0
-263.0,146.0,4.0,54.0,-81.0,36.0,-786.0,-468.0
-265.0,149.0,7.0,58.0,-79.0,37.0,-784.0,-466.0
-267.0,152.0,10.0,61.0,-76.0,41.0,-783.0,-462.0
-268.0,153.0,14.0,65.0,-72.0,45.0,-780.0,-458.0
-268.0,152.0,16.0,67.0,-69.0,48.0,-777.0,-455.0
-269.0,153.0,19.0,70.0,-66.0,53.0,-774.0,-452.0
-271.0,156.0,20.0,71.0,-65.0,55.0,-773.0,-451.0
-273.0,161.0,21.0,71.0,-65.0,56.0,-772.0,-452.0
-277.0,167.0,21.0,71.0,-64.0,56.0,-772.0,-452.0
-279.0,173.0,21.0,72.0,-63.0,56.0,-770.0,-451.0
-281.0,176.0,22.0,72.0,-63.0,56.0,-770.0,-450.0
-283.0,176.0,22.0,72.0,-63.0,56.0,-771.0,-450.0
-281.0,171.0,21.0,73.0,-63.0,55.0,-771.0,-450.0
-278.0,165.0,22.0,74.0,-62.0,55.0,-770.0,-450.0
-280.0,163.0,23.0,75.0,-61.0,55.0,-769.0,-449.0
-281.0,163.0,24.0,77.0,-59.0,56.0,-768.0,-447.0
-283.0,164.0,24.0,77.0,-60.0,56.0,-770.0,-446.0
-285.0,168.0,23.0,77.0,-60.0,56.0,-770.0,-446.0
-285.0,171.0,23.0,76.0,-60.0,55.0,-772.0,-447.0
-286.0,175.0,21.0,75.0,-61.0,55.0,-773.0,-448.0
-288.0,177.0,22.0,75.0,-61.0,54.0,-774.0,-448.0
-289.0,177.0,22.0,75.0,-62.0,52.0,-776.0,-449.0
-290.0,175.0,23.0,75.0,-62.0,53.0,-775.0,-449.0
-291.0,172.0,24.0,76.0,-61.0,55.0,-773.0,-448.0
-292.0,168.0,25.0,78.0,-59.0,56.0,-771.0,-447.0
-293.0,166.0,26.0,78.0,-59.0,56.0,-771.0,-448.0
-294.0,168.0,26.0,78.0,-59.0,55.0,-771.0,-448.0
-296.0,172.0,26.0,78.0,-60.0,53.0,-772.0,-448.0
-298.0,177.0,25.0,77.0,-61.0,51.0,-773.0,-448.0
-299.0,181.0,24.0,75.0,-61.0,51.0,-774.0,-448.0
-298.0,180.0,23.0,74.0,-62.0,51.0,-774.0,-449.0
-300.0,181.0,23.0,75.0,-61.0,51.0,-773.0,-449.0
-300.0,178.0,24.0,76.0,-60.0,52.0,-772.0,-448.0
-300.0,174.0,25.0,77.0,-60.0,52.0,-772.0,-448.0
-300.0,171.0,27.0,79.0,-58.0,54.0,-769.0,-445.0
-301.0,170.0,28.0,79.0,-57.0,55.0,-768.0,-443.0
-300.0,170.0,27.0,79.0,-58.0,54.0,-769.0,-444.0
-300.0,172.0,26.0,78.0,-59.0,54.0,-771.0,-446.0
-301.0,176.0,25.0,78.0,-59.0,53.0,-773.0,-447.0
-301.0,179.0,24.0,77.0,-60.0,52.0,-774.0,-448.0
-302.0,182.0,24.0,77.0,-60.0,51.0,-773.0,-450.0
-302.0,181.0,25.0,78.0,-59.0,52.0,-771.0,-449.0
-302.0,179.0,26.0,78.0,-59.0,53.0,-770.0,-449.0
-304.0,176.0,28.0,80.0,-57.0,53.0,-770.0,-447.0
-304.0,173.0,28.0,81.0,-57.0,52.0,-769.0,-444.0
-304.0,172.0,29.0,82.0,-56.0,53.0,-769.0,-442.0
-305.0,174.0,29.0,82.0,-54.0,55.0,-768.0,-442.0
-305.0,175.0,28.0,81.0,-55.0,54.0,-769.0,-444.0
-303.0,177.0,27.0,79.0,-57.0,53.0,-769.0,-445.0
-305.0,181.0,27.0,79.0,-57.0,53.0,-768.0,-446.0
-306.0,183.0,27.0,80.0,-56.0,53.0,-767.0,-446.0
-307.0,183.0,27.0,81.0,-56.0,52.0,-766.0,-446.0
-307.0,181.0,29.0,83.0,-54.0,55.0,-764.0,-443.0
-305.0,175.0,30.0,84.0,-54.0,56.0,-764.0,-442.0
-304.0,172.0,31.0,85.0,-53.0,55.0,-764.0,-441.0
-306.0,170.0,32.0,86.0,-53.0,54.0,-765.0,-440.0
-307.0,171.0,32.0,87.0,-52.0,53.0,-767.0,-440.0
-308.0,175.0,32.0,87.0,-52.0,53.0,-768.0,-442.0
-308.0,178.0,32.0,87.0,-53.0,52.0,-770.0,-444.0
-308.0,182.0,31.0,86.0,-54.0,51.0,-773.0,-446.0
-308.0,184.0,30.0,86.0,-53.0,50.0,-773.0,-447.0
-308.0,184.0,31.0,86.0,-53.0,50.0,-773.0,-448.0
-309.0,182.0,32.0,87.0,-52.0,50.0,-773.0,-449.0
-309.0,179.0,34.0,89.0,-51.0,52.0,-770.0,-447.0
-309.0,177.0,36.0,91.0,-48.0,54.0,-767.0,-445.0
-311.0,176.0,37.0,92.0,-47.0,55.0,-766.0,-444.0
-312.0,178.0,37.0,93.0,-47.0,55.0,-766.0,-445.0
-311.0,178.0,36.0,92.0,-48.0,54.0,-769.0,-447.0
-310.0,181.0,36.0,92.0,-48.0,53.0,-771.0,-448.0
-311.0,184.0,35.0,92.0,-49.0,51.0,-773.0,-450.0
-312.0,186.0,35.0,93.0,-49.0,50.0,-774.0,-452.0
-313.0,186.0,36.0,94.0,-48.0,50.0,-774.0,-454.0
-313.0,184.0,37.0,95.0,-47.0,50.0,-774.0,-455.0
-313.0,180.0,39.0,98.0,-45.0,51.0,-772.0,-457.0
-314.0,177.0,40.0,100.0,-43.0,54.0,-768.0,-459.0
-314.0,176.0,42.0,102.0,-41.0,57.0,-765.0,-463.0
-316.0,177.0,42.0,103.0,-41.0,58.0,-765.0,-468.0
-319.0,187.0,45.0,108.0,-38.0,52.0,-770.0,-476.0
-318.0,182.0,47.0,111.0,-37.0,54.0,-770.0,-475.0
-319.0,179.0,48.0,113.0,-35.0,57.0,-769.0,-473.0
-319.0,177.0,50.0,114.0,-34.0,59.0,-769.0,-474.0
-320.0,179.0,52.0,115.0,-33.0,59.0,-769.0,-474.0
-321.0,182.0,52.0,115.0,-33.0,59.0,-768.0,-474.0
-321.0,186.0,52.0,116.0,-33.0,58.0,-767.0,-473.0
-323.0,191.0,52.0,116.0,-33.0,56.0,-768.0,-475.0
-323.0,192.0,51.0,116.0,-33.0,55.0,-769.0,-478.0
-323.0,193.0,52.0,116.0,-33.0,56.0,-769.0,-479.0
-324.0,192.0,54.0,118.0,-32.0,58.0,-768.0,-478.0
-323.0,187.0,55.0,119.0,-31.0,60.0,-769.0,-478.0
-324.0,184.0,57.0,121.0,-29.0,61.0,-768.0,-477.0
-327.0,184.0,58.0,122.0,-28.0,61.0,-768.0,-475.0
-327.0,185.0,59.0,122.0,-28.0,59.0,-769.0,-475.0
-327.0,187.0,58.0,121.0,-30.0,57.0,-771.0,-476.0
-327.0,191.0,57.0,120.0,-31.0,56.0,-771.0,-478.0
-329.0,195.0,56.0,119.0,-33.0,54.0,-772.0,-479.0
-329.0,196.0,55.0,118.0,-34.0,53.0,-773.0,-479.0
-329.0,195.0,55.0,118.0,-34.0,54.0,-774.0,-479.0
-330.0,194.0,56.0,118.0,-34.0,54.0,-774.0,-479.0
-332.0,190.0,57.0,119.0,-33.0,54.0,-774.0,-477.0
-332.0,187.0,58.0,119.0,-32.0,55.0,-775.0,-476.0
-333.0,186.0,59.0,119.0,-32.0,55.0,-776.0,-476.0
-335.0,187.0,58.0,118.0,-33.0,53.0,-777.0,-476.0
-336.0,190.0,57.0,116.0,-35.0,51.0,-778.0,-479.0
-335.0,192.0,55.0,114.0,-37.0,47.0,-780.0,-480.0
-334.0,194.0,53.0,111.0,-40.0,45.0,-782.0,-482.0
-335.0,196.0,52.0,109.0,-41.0,44.0,-783.0,-483.0
-336.0,197.0,51.0,107.0,-42.0,43.0,-782.0,-483.0
-335.0,193.0,50.0,106.0,-43.0,42.0,-782.0,-483.0
-334.0,188.0,50.0,105.0,-44.0,41.0,-781.0,-483.0
-337.0,187.0,50.0,105.0,-43.0,42.0,-778.0,-481.0
-339.0,187.0,49.0,104.0,-44.0,42.0,-777.0,-480.0
-339.0,187.0,47.0,101.0,-46.0,40.0,-778.0,-482.0
-335.0,187.0,44.0,97.0,-48.0,38.0,-780.0,-483.0
-335.0,190.0,42.0,94.0,-50.0,36.0,-782.0,-485.0
-338.0,195.0,39.0,91.0,-53.0,35.0,-783.0,-487.0
-337.0,195.0,36.0,87.0,-55.0,33.0,-783.0,-488.0
-336.0,193.0,34.0,85.0,-56.0,32.0,-783.0,-488.0
-334.0,188.0,33.0,83.0,-57.0,31.0,-783.0,-488.0
-335.0,184.0,32.0,82.0,-57.0,31.0,-781.0,-487.0
-334.0,181.0,31.0,80.0,-58.0,31.0,-781.0,-486.0
-336.0,179.0,30.0,78.0,-58.0,31.0,-780.0,-486.0
-336.0,179.0,29.0,76.0,-59.0,29.0,-780.0,-486.0
-335.0,180.0,25.0,73.0,-61.0,27.0,-782.0,-487.0
-332.0,181.0,22.0,70.0,-63.0,24.0,-783.0,-489.0
-331.0,182.0,18.0,67.0,-67.0,21.0,-785.0,-491.0
-331.0,182.0,16.0,64.0,-69.0,19.0,-786.0,-492.0
-332.0,182.0,15.0,62.0,-69.0,19.0,-786.0,-492.0
-332.0,180.0,14.0,61.0,-69.0,20.0,-784.0,-492.0
-332.0,177.0,14.0,61.0,-68.0,21.0,-781.0,-490.0
-332.0,171.0,13.0,60.0,-68.0,22.0,-780.0,-490.0
-330.0,168.0,12.0,59.0,-70.0,21.0,-780.0,-489.0
-331.0,169.0,11.0,57.0,-71.0,21.0,-779.0,-488.0
-331.0,171.0,10.0,56.0,-71.0,20.0,-780.0,-487.0
-331.0,173.0,8.0,53.0,-73.0,20.0,-781.0,-488.0
-331.0,177.0,6.0,51.0,-75.0,18.0,-782.0,-489.0
-332.0,179.0,5.0,49.0,-77.0,15.0,-784.0,-491.0
-331.0,178.0,4.0,48.0,-77.0,14.0,-784.0,-491.0
-330.0,174.0,4.0,48.0,-77.0,14.0,-782.0,-490.0
-330.0,171.0,5.0,49.0,-75.0,16.0,-780.0,-488.0
-330.0,167.0,5.0,49.0,-75.0,16.0,-779.0,-487.0
-331.0,166.0,5.0,49.0,-75.0,15.0,-778.0,-486.0
-333.0,169.0,4.0,48.0,-76.0,14.0,-778.0,-486.0
-334.0,171.0,3.0,46.0,-77.0,13.0,-779.0,-487.0
-333.0,173.0,2.0,45.0,-78.0,13.0,-778.0,-487.0
-332.0,177.0,1.0,44.0,-78.0,12.0,-777.0,-486.0
-332.0,178.0,0.0,43.0,-79.0,11.0,-776.0,-486.0
-332.0,177.0,0.0,42.0,-80.0,10.0,-776.0,-486.0
-331.0,173.0,0.0,42.0,-80.0,10.0,-776.0,-484.0
-331.0,169.0,0.0,43.0,-79.0,10.0,-775.0,-482.0
-330.0,165.0,1.0,43.0,-78.0,10.0,-775.0,-481.0
-329.0,161.0,1.0,43.0,-78.0,9.0,-775.0,-480.0
-327.0,160.0,0.0,41.0,-79.0,8.0,-776.0,-481.0
-325.0,161.0,0.0,40.0,-80.0,7.0,-778.0,-481.0
-327.0,166.0,0.0,40.0,-81.0,6.0,-779.0,-482.0
-328.0,170.0,-1.0,39.0,-82.0,5.0,-780.0,-483.0
-328.0,171.0,-2.0,38.0,-83.0,3.0,-781.0,-485.0
-327.0,171.0,-3.0,38.0,-83.0,2.0,-780.0,-486.0
-327.0,169.0,-1.0,39.0,-82.0,2.0,-778.0,-485.0
-327.0,165.0,0.0,40.0,-81.0,3.0,-775.0,-483.0
-328.0,162.0,0.0,41.0,-80.0,4.0,-773.0,-482.0
-328.0,161.0,0.0,41.0,-79.0,5.0,-771.0,-481.0
-327.0,161.0,0.0,41.0,-79.0,5.0,-770.0,-481.0
-325.0,162.0,-1.0,40.0,-80.0,4.0,-770.0,-482.0
-325.0,166.0,-1.0,38.0,-82.0,3.0,-770.0,-483.0
-325.0,169.0,-2.0,37.0,-83.0,1.0,-771.0,-484.0
-325.0,172.0,-2.0,37.0,-82.0,0.0,-770.0,-484.0
-325.0,171.0,-2.0,37.0,-82.0,0.0,-769.0,-484.0
-325.0,168.0,-2.0,38.0,-82.0,0.0,-768.0,-483.0
-326.0,164.0,-1.0,39.0,-81.0,-1.0,-768.0,-483.0
-324.0,160.0,0.0,40.0,-80.0,-1.0,-766.0,-481.0
-321.0,156.0,0.0,41.0,-80.0,-1.0,-765.0,-480.0
-320.0,155.0,0.0,40.0,-81.0,-1.0,-764.0,-480.0
-320.0,159.0,0.0,40.0,-80.0,1.0,-763.0,-479.0
-319.0,162.0,0.0,40.0,-80.0,1.0,-763.0,-481.0
-320.0,166.0,0.0,39.0,-81.0,0.0,-764.0,-483.0
-318.0,166.0,-1.0,39.0,-81.0,-1.0,-764.0,-485.0
-319.0,167.0,-1.0,39.0,-81.0,-1.0,-762.0,-485.0
-319.0,165.0,0.0,40.0,-81.0,0.0,-761.0,-486.0
-319.0,161.0,1.0,41.0,-79.0,1.0,-758.0,-485.0
-317.0,156.0,2.0,43.0,-76.0,3.0,-756.0,-485.0
-317.0,154.0,3.0,44.0,-76.0,3.0,-755.0,-485.0
-315.0,154.0,2.0,43.0,-76.0,3.0,-753.0,-486.0
-314.0,156.0,2.0,43.0,-76.0,3.0,-753.0,-486.0
-314.0,160.0,1.0,43.0,-76.0,3.0,-752.0,-486.0
-314.0,165.0,1.0,43.0,-76.0,1.0,-751.0,-487.0
-313.0,167.0,1.0,42.0,-77.0,0.0,-751.0,-487.0
-312.0,166.0,0.0,42.0,-76.0,0.0,-752.0,-488.0
-310.0,164.0,1.0,43.0,-75.0,0.0,-751.0,-486.0
-309.0,159.0,3.0,45.0,-73.0,1.0,-750.0,-483.0
-309.0,156.0,4.0,46.0,-72.0,4.0,-748.0,-482.0
-309.0,155.0,5.0,47.0,-70.0,6.0,-746.0,-481.0
-309.0,156.0,5.0,47.0,-70.0,5.0,-746.0,-481.0
-307.0,157.0,4.0,46.0,-71.0,2.0,-747.0,-481.0
-306.0,159.0,3.0,45.0,-72.0,0.0,-747.0,-481.0
-306.0,163.0,3.0,45.0,-72.0,0.0,-747.0,-482.0
-305.0,165.0,2.0,44.0,-73.0,-1.0,-746.0,-483.0
-304.0,164.0,2.0,44.0,-73.0,-1.0,-745.0,-483.0
-301.0,160.0,3.0,44.0,-72.0,0.0,-744.0,-483.0
-299.0,155.0,3.0,45.0,-71.0,0.0,-741.0,-480.0
-298.0,152.0,5.0,47.0,-69.0,2.0,-738.0,-478.0
-298.0,151.0,6.0,48.0,-68.0,2.0,-737.0,-476.0
-298.0,152.0,7.0,47.0,-68.0,2.0,-737.0,-475.0
-298.0,155.0,6.0,47.0,-68.0,2.0,-738.0,-473.0
-298.0,158.0,6.0,47.0,-69.0,1.0,-737.0,-473.0
-295.0,160.0,4.0,45.0,-70.0,0.0,-739.0,-473.0
-293.0,160.0,2.0,44.0,-71.0,-1.0,-739.0,-472.0
-294.0,161.0,3.0,44.0,-71.0,-1.0,-738.0,-472.0
-292.0,158.0,4.0,45.0,-69.0,-1.0,-736.0,-470.0
-290.0,153.0,5.0,47.0,-68.0,0.0,-733.0,-469.0
-290.0,150.0,7.0,48.0,-66.0,2.0,-730.0,-467.0
-291.0,149.0,8.0,49.0,-65.0,2.0,-729.0,-466.0
-290.0,150.0,8.0,49.0,-65.0,2.0,-729.0,-466.0
-288.0,151.0,7.0,48.0,-66.0,0.0,-730.0,-466.0
-288.0,154.0,6.0,48.0,-66.0,0.0,-729.0,-466.0
-288.0,159.0,6.0,47.0,-67.0,-1.0,-730.0,-467.0
-288.0,160.0,5.0,45.0,-68.0,-3.0,-730.0,-468.0
-288.0,160.0,5.0,45.0,-67.0,-3.0,-730.0,-468.0
-285.0,156.0,5.0,45.0,-67.0,-4.0,-729.0,-466.0
-283.0,151.0,7.0,46.0,-67.0,-3.0,-727.0,-464.0
-282.0,147.0,8.0,47.0,-66.0,-2.0,-725.0,-462.0
-283.0,146.0,9.0,48.0,-65.0,-1.0,-724.0,-461.0
-282.0,148.0,9.0,48.0,-64.0,-2.0,-724.0,-461.0
-282.0,151.0,8.0,48.0,-65.0,-4.0,-724.0,-461.0
-280.0,154.0,7.0,46.0,-66.0,-6.0,-724.0,-462.0
-279.0,157.0,5.0,45.0,-68.0,-8.0,-725.0,-463.0
-278.0,159.0,5.0,45.0,-68.0,-7.0,-724.0,-463.0
-277.0,158.0,6.0,45.0,-68.0,-7.0,-723.0,-463.0
-276.0,157.0,6.0,45.0,-67.0,-6.0,-722.0,-461.0
-277.0,153.0,8.0,46.0,-66.0,-3.0,-719.0,-460.0
-277.0,149.0,9.0,47.0,-64.0,-2.0,-717.0,-460.0
-275.0,146.0,10.0,48.0,-64.0,-1.0,-715.0,-459.0
-272.0,146.0,11.0,48.0,-63.0,-1.0,-714.0,-459.0
-272.0,149.0,10.0,48.0,-63.0,-2.0,-714.0,-459.0
-270.0,153.0,9.0,46.0,-64.0,-4.0,-714.0,-459.0
-268.0,155.0,9.0,46.0,-65.0,-5.0,-715.0,-459.0
-267.0,156.0,8.0,45.0,-66.0,-6.0,-716.0,-460.0
-266.0,156.0,8.0,45.0,-65.0,-5.0,-714.0,-458.0
-265.0,154.0,10.0,46.0,-64.0,-5.0,-714.0,-458.0
-263.0,149.0,10.0,46.0,-63.0,-5.0,-714.0,-457.0
-262.0,146.0,11.0,47.0,-62.0,-4.0,-715.0,-456.0
-261.0,143.0,12.0,48.0,-61.0,-4.0,-715.0,-454.0
-260.0,144.0,12.0,48.0,-62.0,-4.0,-716.0,-455.0
-260.0,148.0,12.0,47.0,-62.0,-3.0,-716.0,-455.0
-259.0,151.0,12.0,47.0,-62.0,-4.0,-716.0,-456.0
-256.0,153.0,10.0,45.0,-64.0,-7.0,-718.0,-456.0
-256.0,155.0,9.0,44.0,-65.0,-10.0,-718.0,-456.0
-256.0,156.0,9.0,45.0,-64.0,-9.0,-717.0,-454.0
-253.0,153.0,11.0,46.0,-63.0,-8.0,-718.0,-453.0
-252.0,148.0,12.0,47.0,-63.0,-8.0,-719.0,-453.0
-251.0,144.0,13.0,47.0,-61.0,-5.0,-718.0,-451.0
-250.0,142.0,15.0,49.0,-59.0,-3.0,-717.0,-450.0
-249.0,143.0,15.0,48.0,-59.0,-3.0,-717.0,-451.0
-248.0,146.0,14.0,47.0,-60.0,-5.0,-718.0,-453.0
-247.0,149.0,13.0,47.0,-61.0,-6.0,-720.0,-453.0
-247.0,153.0,12.0,45.0,-63.0,-9.0,-723.0,-455.0
-247.0,155.0,11.0,44.0,-63.0,-9.0,-724.0,-455.0
-244.0,152.0,12.0,44.0,-63.0,-8.0,-725.0,-455.0
-239.0,148.0,12.0,45.0,-62.0,-8.0,-725.0,-454.0
-240.0,146.0,13.0,46.0,-61.0,-8.0,-723.0,-452.0
-240.0,142.0,14.0,47.0,-59.0,-8.0,-721.0,-449.0
-239.0,139.0,15.0,48.0,-58.0,-7.0,-720.0,-448.0
-238.0,140.0,15.0,48.0,-58.0,-7.0,-719.0,-447.0
-238.0,143.0,15.0,48.0,-58.0,-7.0,-719.0,-447.0
-238.0,147.0,15.0,47.0,-58.0,-7.0,-720.0,-447.0
-238.0,150.0,14.0,46.0,-59.0,-8.0,-721.0,-449.0
-236.0,152.0,13.0,45.0,-59.0,-8.0,-722.0,-449.0
-234.0,151.0,14.0,45.0,-59.0,-8.0,-721.0,-447.0
-233.0,149.0,15.0,46.0,-59.0,-8.0,-721.0,-446.0
-233.0,146.0,17.0,48.0,-57.0,-7.0,-720.0,-445.0
-232.0,142.0,18.0,50.0,-56.0,-6.0,-719.0,-442.0
-231.0,139.0,19.0,51.0,-55.0,-7.0,-720.0,-442.0
-229.0,139.0,18.0,50.0,-55.0,-8.0,-722.0,-444.0
-228.0,141.0,17.0,49.0,-56.0,-10.0,-723.0,-444.0
-229.0,146.0,17.0,49.0,-56.0,-11.0,-723.0,-444.0
-228.0,150.0,17.0,48.0,-56.0,-10.0,-722.0,-446.0
-226.0,152.0,16.0,47.0,-57.0,-10.0,-722.0,-446.0
-223.0,150.0,16.0,47.0,-57.0,-10.0,-722.0,-446.0
-221.0,146.0,16.0,47.0,-56.0,-10.0,-722.0,-445.0
-221.0,142.0,18.0,48.0,-55.0,-9.0,-720.0,-443.0
-222.0,141.0,20.0,51.0,-54.0,-8.0,-718.0,-441.0
-222.0,141.0,21.0,52.0,-52.0,-7.0,-716.0,-440.0
-221.0,140.0,21.0,52.0,-53.0,-8.0,-716.0,-440.0
-220.0,143.0,20.0,51.0,-53.0,-9.0,-716.0,-441.0
-217.0,144.0,19.0,50.0,-55.0,-12.0,-718.0,-442.0
-215.0,146.0,18.0,48.0,-56.0,-14.0,-719.0,-444.0
-215.0,149.0,17.0,48.0,-56.0,-14.0,-718.0,-444.0
-215.0,150.0,18.0,48.0,-55.0,-12.0,-716.0,-443.0
-214.0,147.0,20.0,50.0,-53.0,-11.0,-716.0,-441.0
-212.0,143.0,21.0,51.0,-52.0,-10.0,-714.0,-438.0
-211.0,140.0,22.0,52.0,-51.0,-10.0,-714.0,-437.0
-210.0,138.0,23.0,53.0,-51.0,-10.0,-713.0,-437.0
-208.0,137.0,23.0,53.0,-51.0,-10.0,-711.0,-436.0
-208.0,141.0,23.0,53.0,-51.0,-10.0,-710.0,-436.0
-207.0,145.0,22.0,52.0,-52.0,-11.0,-710.0,-437.0
-206.0,147.0,20.0,50.0,-53.0,-13.0,-711.0,-439.0
-205.0,148.0,20.0,49.0,-54.0,-14.0,-712.0,-440.0
-204.0,148.0,20.0,50.0,-53.0,-14.0,-711.0,-439.0
-203.0,145.0,21.0,51.0,-52.0,-15.0,-711.0,-437.0
-202.0,141.0,23.0,52.0,-51.0,-16.0,-709.0,-436.0
-202.0,138.0,24.0,54.0,-50.0,-16.0,-711.0,-435.0
-201.0,136.0,25.0,54.0,-49.0,-17.0,-712.0,-435.0
-200.0,137.0,24.0,54.0,-49.0,-16.0,-714.0,-436.0
-198.0,139.0,24.0,54.0,-49.0,-16.0,-715.0,-435.0
-197.0,143.0,23.0,53.0,-50.0,-16.0,-716.0,-436.0
-198.0,148.0,23.0,52.0,-50.0,-15.0,-716.0,-435.0
-197.0,150.0,22.0,52.0,-51.0,-16.0,-717.0,-437.0
-196.0,149.0,23.0,52.0,-50.0,-16.0,-717.0,-437.0
-195.0,146.0,23.0,53.0,-49.0,-17.0,-715.0,-436.0
-194.0,141.0,25.0,55.0,-48.0,-17.0,-713.0,-435.0
-192.0,138.0,26.0,56.0,-46.0,-16.0,-712.0,-434.0
-189.0,134.0,26.0,56.0,-46.0,-15.0,-711.0,-433.0
-189.0,135.0,26.0,56.0,-46.0,-15.0,-711.0,-432.0
-189.0,137.0,27.0,56.0,-46.0,-16.0,-712.0,-432.0
-188.0,140.0,25.0,55.0,-47.0,-18.0,-714.0,-433.0
-187.0,143.0,24.0,54.0,-48.0,-21.0,-717.0,-434.0
-188.0,145.0,23.0,53.0,-49.0,-23.0,-718.0,-434.0
-187.0,144.0,23.0,53.0,-49.0,-23.0,-719.0,-434.0
-185.0,142.0,24.0,54.0,-48.0,-23.0,-718.0,-434.0
-183.0,139.0,27.0,56.0,-46.0,-21.0,-715.0,-432.0
-182.0,135.0,28.0,58.0,-44.0,-20.0,-713.0,-430.0
-182.0,133.0,29.0,59.0,-43.0,-19.0,-712.0,-428.0
-181.0,134.0,28.0,58.0,-43.0,-20.0,-713.0,-428.0
-180.0,136.0,27.0,57.0,-44.0,-21.0,-714.0,-428.0
-180.0,139.0,27.0,57.0,-45.0,-23.0,-717.0,-429.0
-178.0,142.0,26.0,55.0,-46.0,-25.0,-720.0,-430.0
-177.0,144.0,25.0,55.0,-47.0,-26.0,-722.0,-432.0
-176.0,145.0,26.0,55.0,-46.0,-27.0,-724.0,-432.0
-176.0,143.0,26.0,56.0,-46.0,-27.0,-724.0,-431.0
-175.0,139.0,28.0,58.0,-44.0,-24.0,-722.0,-429.0
-175.0,136.0,30.0,60.0,-42.0,-22.0,-720.0,-427.0
-170.0,132.0,30.0,60.0,-41.0,-23.0,-718.0,-426.0
-169.0,132.0,30.0,60.0,-41.0,-22.0,-718.0,-427.0
-170.0,135.0,30.0,60.0,-41.0,-22.0,-717.0,-427.0
-169.0,138.0,30.0,59.0,-41.0,-21.0,-717.0,-427.0
-167.0,142.0,29.0,59.0,-41.0,-21.0,-718.0,-428.0
-167.0,144.0,28.0,58.0,-41.0,-23.0,-718.0,-428.0
-167.0,144.0,29.0,58.0,-41.0,-24.0,-719.0,-428.0
-164.0,140.0,29.0,58.0,-41.0,-24.0,-720.0,-428.0
-164.0,137.0,30.0,60.0,-39.0,-24.0,-719.0,-426.0
-164.0,134.0,31.0,61.0,-38.0,-23.0,-718.0,-424.0
-163.0,132.0,33.0,62.0,-37.0,-21.0,-718.0,-423.0
-161.0,131.0,33.0,62.0,-38.0,-22.0,-721.0,-423.0
-159.0,133.0,32.0,61.0,-39.0,-24.0,-723.0,-425.0
-158.0,135.0,32.0,60.0,-40.0,-24.0,-725.0,-426.0
-157.0,139.0,30.0,59.0,-40.0,-25.0,-727.0,-426.0
-158.0,142.0,30.0,59.0,-41.0,-28.0,-728.0,-427.0
-157.0,142.0,30.0,58.0,-41.0,-30.0,-728.0,-427.0
-157.0,140.0,31.0,59.0,-40.0,-30.0,-727.0,-426.0
-155.0,135.0,32.0,61.0,-39.0,-30.0,-725.0,-424.0
-155.0,132.0,33.0,62.0,-38.0,-29.0,-722.0,-422.0
-155.0,131.0,35.0,63.0,-36.0,-28.0,-720.0,-422.0
-154.0,131.0,35.0,63.0,-36.0,-27.0,-719.0,-421.0
-154.0,134.0,35.0,62.0,-36.0,-27.0,-719.0,-422.0
-151.0,135.0,34.0,61.0,-37.0,-27.0,-719.0,-422.0
-151.0,139.0,33.0,61.0,-37.0,-26.0,-718.0,-422.0
-151.0,141.0,33.0,61.0,-37.0,-27.0,-717.0,-423.0
-151.0,141.0,34.0,61.0,-37.0,-27.0,-716.0,-423.0
-149.0,137.0,34.0,61.0,-36.0,-28.0,-715.0,-422.0
-146.0,132.0,36.0,64.0,-35.0,-27.0,-713.0,-420.0
-144.0,128.0,37.0,66.0,-33.0,-25.0,-712.0,-419.0
-145.0,127.0,39.0,67.0,-30.0,-23.0,-712.0,-417.0
-145.0,129.0,40.0,69.0,-29.0,-22.0,-711.0,-416.0
-142.0,130.0,40.0,68.0,-30.0,-24.0,-711.0,-416.0
-141.0,133.0,40.0,68.0,-31.0,-27.0,-711.0,-417.0
-140.0,137.0,39.0,67.0,-32.0,-28.0,-711.0,-418.0
-138.0,138.0,39.0,66.0,-32.0,-28.0,-712.0,-419.0
-138.0,137.0,39.0,67.0,-31.0,-27.0,-711.0,-418.0
-136.0,135.0,40.0,68.0,-30.0,-24.0,-710.0,-416.0
-135.0,131.0,42.0,70.0,-28.0,-20.0,-708.0,-415.0
-135.0,129.0,44.0,72.0,-26.0,-18.0,-705.0,-414.0
-134.0,126.0,45.0,73.0,-25.0,-20.0,-704.0,-412.0
-133.0,126.0,45.0,72.0,-26.0,-23.0,-704.0,-413.0
-132.0,130.0,45.0,72.0,-26.0,-23.0,-703.0,-413.0
-134.0,135.0,45.0,72.0,-26.0,-23.0,-702.0,-413.0
-134.0,139.0,45.0,71.0,-26.0,-24.0,-703.0,-414.0
-131.0,139.0,44.0,71.0,-26.0,-23.0,-702.0,-413.0
-128.0,137.0,44.0,71.0,-26.0,-24.0,-702.0,-414.0
-123.0,132.0,44.0,72.0,-26.0,-23.0,-700.0,-414.0
-119.0,127.0,45.0,74.0,-23.0,-21.0,-691.0,-410.0
-114.0,123.0,48.0,77.0,-19.0,-17.0,-678.0,-407.0
-110.0,121.0,50.0,80.0,-16.0,-15.0,-669.0,-403.0
-106.0,122.0,50.0,80.0,-16.0,-15.0,-666.0,-402.0
-98.0,123.0,49.0,80.0,-15.0,-14.0,-662.0,-400.0
-92.0,124.0,48.0,80.0,-14.0,-12.0,-657.0,-398.0
-86.0,125.0,45.0,78.0,-16.0,-13.0,-654.0,-398.0
-86.0,125.0,42.0,76.0,-17.0,-15.0,-653.0,-401.0
-89.0,126.0,40.0,73.0,-20.0,-18.0,-651.0,-402.0
-90.0,123.0,39.0,70.0,-22.0,-20.0,-650.0,-403.0
-92.0,120.0,39.0,70.0,-22.0,-20.0,-646.0,-402.0
-91.0,116.0,38.0,69.0,-22.0,-20.0,-642.0,-400.0
-91.0,114.0,39.0,69.0,-22.0,-21.0,-638.0,-399.0
-90.0,114.0,38.0,68.0,-23.0,-22.0,-635.0,-400.0
-87.0,115.0,37.0,67.0,-24.0,-23.0,-634.0,-402.0
-88.0,118.0,37.0,65.0,-26.0,-25.0,-634.0,-403.0
-87.0,121.0,36.0,64.0,-27.0,-27.0,-632.0,-403.0
-88.0,125.0,35.0,64.0,-27.0,-27.0,-629.0,-403.0
-89.0,126.0,36.0,64.0,-27.0,-27.0,-624.0,-403.0
-88.0,121.0,36.0,64.0,-27.0,-27.0,-619.0,-404.0
-87.0,116.0,37.0,65.0,-26.0,-26.0,-614.0,-405.0
-90.0,116.0,39.0,66.0,-25.0,-26.0,-608.0,-405.0
-95.0,116.0,40.0,67.0,-24.0,-25.0,-602.0,-403.0
-99.0,118.0,42.0,69.0,-23.0,-25.0,-598.0,-403.0
-101.0,121.0,41.0,68.0,-24.0,-26.0,-597.0,-405.0
-101.0,124.0,40.0,66.0,-27.0,-29.0,-596.0,-407.0
-101.0,126.0,38.0,63.0,-30.0,-33.0,-595.0,-409.0
-100.0,126.0,36.0,61.0,-32.0,-35.0,-594.0,-411.0
-104.0,129.0,36.0,61.0,-32.0,-36.0,-591.0,-411.0
-107.0,128.0,36.0,61.0,-32.0,-36.0,-589.0,-411.0
-107.0,124.0,37.0,62.0,-32.0,-36.0,-585.0,-410.0
-107.0,122.0,39.0,63.0,-30.0,-33.0,-581.0,-409.0
-107.0,121.0,40.0,63.0,-29.0,-33.0,-578.0,-408.0
-107.0,122.0,40.0,63.0,-30.0,-35.0,-575.0,-408.0
-106.0,124.0,40.0,62.0,-29.0,-36.0,-573.0,-408.0
-104.0,125.0,38.0,60.0,-31.0,-38.0,-572.0,-409.0
-102.0,127.0,36.0,58.0,-33.0,-41.0,-571.0,-410.0
-102.0,130.0,36.0,57.0,-34.0,-42.0,-569.0,-411.0
-103.0,130.0,36.0,58.0,-33.0,-42.0,-567.0,-411.0
-101.0,128.0,37.0,59.0,-32.0,-41.0,-563.0,-411.0
-101.0,125.0,38.0,60.0,-31.0,-39.0,-560.0,-411.0
-100.0,121.0,40.0,61.0,-29.0,-36.0,-556.0,-409.0
-99.0,118.0,41.0,62.0,-28.0,-35.0,-553.0,-409.0
-99.0,119.0,41.0,62.0,-28.0,-35.0,-551.0,-408.0
-100.0,122.0,41.0,62.0,-29.0,-36.0,-549.0,-409.0
-99.0,125.0,40.0,61.0,-29.0,-36.0,-547.0,-409.0
-100.0,129.0,39.0,60.0,-30.0,-37.0,-545.0,-410.0
-99.0,130.0,39.0,59.0,-30.0,-37.0,-543.0,-410.0
-99.0,130.0,39.0,60.0,-30.0,-37.0,-541.0,-410.0
-99.0,129.0,40.0,61.0,-29.0,-37.0,-539.0,-409.0
-99.0,125.0,42.0,62.0,-28.0,-36.0,-536.0,-406.0
-100.0,123.0,44.0,63.0,-27.0,-35.0,-533.0,-405.0
-100.0,121.0,45.0,64.0,-26.0,-35.0,-531.0,-404.0
-100.0,122.0,45.0,65.0,-26.0,-35.0,-530.0,-404.0
-96.0,123.0,44.0,64.0,-25.0,-34.0,-530.0,-404.0
-94.0,125.0,44.0,64.0,-25.0,-34.0,-528.0,-405.0
-96.0,132.0,46.0,66.0,-24.0,-31.0,-526.0,-405.0
-101.0,141.0,51.0,72.0,-19.0,-28.0,-523.0,-404.0
-110.0,151.0,61.0,82.0,-11.0,-21.0,-518.0,-401.0
-118.0,161.0,73.0,96.0,0.0,-12.0,-511.0,-398.0
-129.0,171.0,87.0,111.0,11.0,-3.0,-503.0,-393.0
-139.0,176.0,98.0,124.0,21.0,4.0,-499.0,-390.0
-141.0,175.0,103.0,132.0,28.0,9.0,-495.0,-388.0
-130.0,168.0,102.0,134.0,32.0,13.0,-490.0,-383.0
-117.0,155.0,98.0,134.0,30.0,12.0,-491.0,-383.0
-104.0,138.0,96.0,136.0,29.0,10.0,-495.0,-386.0
-87.0,120.0,95.0,141.0,30.0,8.0,-498.0,-389.0
-61.0,96.0,91.0,145.0,32.0,11.0,-496.0,-388.0
-27.0,68.0,86.0,151.0,36.0,15.0,-490.0,-383.0
21.0,28.0,81.0,158.0,42.0,21.0,-483.0,-374.0
80.0,-12.0,77.0,169.0,55.0,35.0,-466.0,-357.0
134.0,-43.0,70.0,174.0,66.0,49.0,-448.0,-339.0
184.0,-77.0,59.0,168.0,66.0,52.0,-439.0,-328.0
223.0,-118.0,37.0,147.0,44.0,30.0,-453.0,-337.0
248.0,-148.0,6.0,110.0,10.0,-1.0,-476.0,-353.0
255.0,-156.0,-30.0,62.0,-25.0,-31.0,-493.0,-363.0
245.0,-147.0,-67.0,7.0,-62.0,-59.0,-508.0,-374.0
217.0,-126.0,-93.0,-38.0,-94.0,-82.0,-522.0,-384.0
176.0,-96.0,-105.0,-75.0,-121.0,-102.0,-535.0,-395.0
127.0,-60.0,-113.0,-108.0,-146.0,-120.0,-546.0,-403.0
96.0,-43.0,-123.0,-138.0,-168.0,-136.0,-557.0,-410.0
75.0,-34.0,-129.0,-157.0,-183.0,-147.0,-566.0,-415.0
54.0,-30.0,-129.0,-159.0,-189.0,-155.0,-577.0,-424.0
41.0,-25.0,-124.0,-150.0,-186.0,-156.0,-582.0,-429.0
35.0,-16.0,-117.0,-137.0,-179.0,-152.0,-581.0,-430.0
31.0,-7.0,-111.0,-127.0,-174.0,-150.0,-581.0,-430.0
21.0,6.0,-104.0,-116.0,-166.0,-147.0,-582.0,-431.0
5.0,20.0,-92.0,-101.0,-155.0,-140.0,-582.0,-433.0
-15.0,35.0,-76.0,-82.0,-142.0,-130.0,-580.0,-434.0
-37.0,49.0,-60.0,-63.0,-128.0,-117.0,-576.0,-434.0
-52.0,58.0,-45.0,-46.0,-114.0,-104.0,-570.0,-431.0
-57.0,60.0,-33.0,-31.0,-102.0,-93.0,-565.0,-429.0
-58.0,62.0,-21.0,-15.0,-89.0,-82.0,-559.0,-425.0
-56.0,63.0,-10.0,0.0,-78.0,-74.0,-556.0,-423.0
-58.0,69.0,0.0,13.0,-67.0,-66.0,-552.0,-421.0
-62.0,78.0,9.0,24.0,-58.0,-60.0,-549.0,-420.0
-65.0,87.0,18.0,34.0,-51.0,-54.0,-546.0,-418.0
-68.0,93.0,25.0,42.0,-45.0,-49.0,-543.0,-416.0
-70.0,95.0,30.0,47.0,-42.0,-46.0,-541.0,-416.0
-73.0,98.0,34.0,51.0,-38.0,-42.0,-538.0,-414.0
-73.0,99.0,39.0,55.0,-33.0,-37.0,-533.0,-410.0
-73.0,100.0,44.0,60.0,-28.0,-32.0,-528.0,-404.0
-73.0,102.0,47.0,64.0,-24.0,-29.0,-525.0,-401.0
-73.0,106.0,50.0,66.0,-22.0,-27.0,-524.0,-400.0
-73.0,110.0,51.0,67.0,-20.0,-26.0,-524.0,-399.0
-71.0,113.0,51.0,68.0,-20.0,-26.0,-525.0,-398.0
-71.0,117.0,51.0,68.0,-20.0,-27.0,-526.0,-398.0
-73.0,121.0,52.0,67.0,-21.0,-27.0,-526.0,-399.0
-71.0,121.0,53.0,69.0,-19.0,-25.0,-525.0,-398.0
-72.0,122.0,55.0,70.0,-17.0,-22.0,-524.0,-398.0
-72.0,117.0,56.0,72.0,-15.0,-20.0,-522.0,-397.0
-71.0,114.0,58.0,74.0,-13.0,-19.0,-521.0,-396.0
-71.0,112.0,59.0,75.0,-12.0,-17.0,-518.0,-394.0
-70.0,112.0,59.0,75.0,-12.0,-16.0,-518.0,-394.0
-68.0,113.0,59.0,75.0,-12.0,-17.0,-519.0,-394.0
-67.0,116.0,59.0,75.0,-13.0,-17.0,-520.0,-394.0
-70.0,121.0,58.0,74.0,-14.0,-19.0,-520.0,-394.0
-71.0,125.0,58.0,74.0,-14.0,-19.0,-519.0,-394.0
-68.0,124.0,58.0,75.0,-13.0,-19.0,-518.0,-394.0
-67.0,122.0,59.0,76.0,-12.0,-19.0,-518.0,-394.0
-66.0,118.0,61.0,77.0,-10.0,-17.0,-516.0,-394.0
-65.0,114.0,62.0,79.0,-9.0,-15.0,-515.0,-393.0
-66.0,113.0,63.0,80.0,-8.0,-15.0,-516.0,-391.0
-68.0,115.0,64.0,81.0,-7.0,-13.0,-516.0,-390.0
-68.0,119.0,64.0,80.0,-7.0,-14.0,-517.0,-390.0
-65.0,118.0,62.0,78.0,-9.0,-16.0,-520.0,-392.0
-64.0,121.0,61.0,77.0,-10.0,-17.0,-521.0,-394.0
-65.0,124.0,61.0,77.0,-10.0,-17.0,-521.0,-393.0
-63.0,123.0,61.0,77.0,-10.0,-18.0,-521.0,-393.0
-62.0,120.0,62.0,77.0,-9.0,-16.0,-520.0,-392.0
-60.0,116.0,64.0,79.0,-8.0,-15.0,-519.0,-391.0
-59.0,112.0,65.0,81.0,-7.0,-14.0,-519.0,-390.0
-61.0,111.0,66.0,82.0,-6.0,-13.0,-519.0,-390.0
-61.0,112.0,66.0,82.0,-5.0,-12.0,-518.0,-389.0
-58.0,114.0,66.0,81.0,-6.0,-13.0,-519.0,-388.0
-57.0,115.0,65.0,80.0,-7.0,-13.0,-520.0,-389.0
-57.0,119.0,64.0,80.0,-8.0,-15.0,-522.0,-392.0
-56.0,122.0,63.0,79.0,-9.0,-17.0,-523.0,-393.0
-54.0,121.0,64.0,80.0,-8.0,-16.0,-522.0,-392.0
-53.0,119.0,65.0,81.0,-7.0,-15.0,-522.0,-391.0
-53.0,116.0,67.0,83.0,-5.0,-13.0,-520.0,-390.0
-53.0,111.0,68.0,84.0,-3.0,-10.0,-518.0,-389.0
-55.0,110.0,69.0,86.0,-2.0,-8.0,-517.0,-389.0
-53.0,110.0,69.0,86.0,-1.0,-8.0,-517.0,-388.0
-52.0,112.0,69.0,86.0,-1.0,-8.0,-517.0,-388.0
-52.0,115.0,69.0,86.0,-2.0,-9.0,-517.0,-388.0
-50.0,117.0,68.0,85.0,-3.0,-10.0,-519.0,-389.0
-49.0,119.0,68.0,85.0,-3.0,-10.0,-520.0,-390.0
-48.0,119.0,68.0,85.0,-3.0,-10.0,-520.0,-390.0
-47.0,116.0,69.0,86.0,-3.0,-10.0,-519.0,-389.0
-46.0,113.0,70.0,87.0,-1.0,-9.0,-517.0,-387.0
-47.0,109.0,72.0,89.0,0.0,-8.0,-515.0,-385.0
-46.0,106.0,73.0,90.0,0.0,-6.0,-516.0,-384.0
-45.0,106.0,73.0,90.0,0.0,-7.0,-517.0,-384.0
-45.0,109.0,73.0,90.0,0.0,-8.0,-518.0,-384.0
-46.0,113.0,73.0,90.0,1.0,-8.0,-518.0,-383.0
-46.0,117.0,72.0,90.0,0.0,-9.0,-519.0,-384.0
-45.0,119.0,72.0,89.0,0.0,-9.0,-519.0,-384.0
-43.0,117.0,72.0,90.0,0.0,-8.0,-519.0,-385.0
-42.0,114.0,73.0,91.0,0.0,-7.0,-520.0,-385.0
-43.0,111.0,75.0,93.0,2.0,-5.0,-519.0,-383.0
-43.0,108.0,77.0,95.0,5.0,-4.0,-517.0,-381.0
-43.0,107.0,79.0,97.0,6.0,-3.0,-518.0,-380.0
-40.0,105.0,78.0,97.0,6.0,-5.0,-520.0,-381.0
-38.0,106.0,78.0,97.0,5.0,-6.0,-520.0,-381.0
-38.0,110.0,77.0,97.0,4.0,-5.0,-520.0,-382.0
-40.0,115.0,77.0,97.0,5.0,-4.0,-520.0,-382.0
-42.0,119.0,77.0,97.0,5.0,-2.0,-521.0,-383.0
-41.0,119.0,78.0,99.0,6.0,-1.0,-522.0,-383.0
-39.0,116.0,79.0,100.0,7.0,-1.0,-521.0,-382.0
-37.0,111.0,80.0,102.0,9.0,-1.0,-522.0,-381.0
-36.0,107.0,82.0,104.0,10.0,0.0,-523.0,-379.0
-37.0,106.0,84.0,106.0,13.0,1.0,-525.0,-377.0
-35.0,106.0,85.0,108.0,14.0,2.0,-526.0,-376.0
-34.0,108.0,86.0,109.0,14.0,2.0,-530.0,-376.0
-33.0,111.0,86.0,109.0,14.0,1.0,-533.0,-378.0
-31.0,113.0,85.0,109.0,14.0,-1.0,-535.0,-379.0
-31.0,116.0,85.0,109.0,14.0,-1.0,-536.0,-380.0
-30.0,116.0,87.0,111.0,15.0,0.0,-536.0,-379.0
-30.0,113.0,88.0,113.0,17.0,1.0,-536.0,-378.0
-29.0,110.0,90.0,116.0,19.0,5.0,-536.0,-375.0
-27.0,106.0,93.0,119.0,22.0,10.0,-536.0,-374.0
-26.0,104.0,95.0,121.0,24.0,11.0,-535.0,-372.0
-24.0,104.0,96.0,123.0,25.0,10.0,-536.0,-372.0
-23.0,107.0,96.0,124.0,26.0,10.0,-536.0,-374.0
-25.0,113.0,98.0,125.0,27.0,11.0,-536.0,-373.0
-24.0,117.0,97.0,125.0,26.0,10.0,-536.0,-374.0
-23.0,118.0,97.0,126.0,26.0,10.0,-536.0,-374.0
-22.0,118.0,98.0,127.0,27.0,11.0,-536.0,-374.0
-21.0,117.0,100.0,128.0,29.0,12.0,-535.0,-375.0
-19.0,113.0,102.0,131.0,31.0,13.0,-533.0,-372.0
-18.0,109.0,104.0,134.0,33.0,16.0,-532.0,-370.0
-18.0,108.0,106.0,135.0,35.0,18.0,-530.0,-368.0
-18.0,109.0,107.0,136.0,35.0,18.0,-529.0,-368.0
-17.0,111.0,107.0,135.0,34.0,18.0,-527.0,-369.0
-17.0,115.0,107.0,135.0,34.0,17.0,-527.0,-369.0
-17.0,120.0,106.0,135.0,34.0,16.0,-526.0,-369.0
-18.0,122.0,106.0,135.0,33.0,16.0,-526.0,-370.0
-17.0,121.0,107.0,135.0,33.0,16.0,-526.0,-370.0
-17.0,120.0,108.0,136.0,34.0,16.0,-524.0,-369.0
-15.0,116.0,110.0,137.0,35.0,16.0,-523.0,-368.0
-14.0,112.0,111.0,139.0,37.0,17.0,-520.0,-365.0
-15.0,111.0,112.0,140.0,38.0,19.0,-520.0,-365.0
-15.0,111.0,112.0,139.0,37.0,19.0,-521.0,-365.0
-15.0,114.0,111.0,138.0,36.0,18.0,-523.0,-366.0
-16.0,118.0,110.0,137.0,35.0,18.0,-524.0,-368.0
-15.0,121.0,109.0,135.0,33.0,17.0,-524.0,-369.0
-14.0,122.0,108.0,133.0,32.0,15.0,-523.0,-369.0
-13.0,123.0,107.0,132.0,31.0,14.0,-523.0,-370.0
-14.0,117.0,106.0,127.0,29.0,12.0,-522.0,-366.0
-14.0,119.0,104.0,124.0,27.0,10.0,-524.0,-367.0
-12.0,121.0,100.0,119.0,23.0,7.0,-526.0,-370.0
-10.0,122.0,98.0,116.0,21.0,6.0,-528.0,-370.0
-8.0,120.0,96.0,114.0,20.0,6.0,-528.0,-371.0
-7.0,117.0,96.0,112.0,20.0,6.0,-528.0,-371.0
-5.0,113.0,95.0,111.0,20.0,6.0,-529.0,-370.0
-6.0,110.0,94.0,110.0,20.0,5.0,-528.0,-370.0
-6.0,109.0,94.0,109.0,20.0,5.0,-527.0,-369.0
-5.0,107.0,92.0,106.0,18.0,4.0,-526.0,-369.0
-4.0,108.0,89.0,103.0,16.0,2.0,-527.0,-370.0
-4.0,110.0,87.0,100.0,15.0,1.0,-527.0,-371.0
-3.0,113.0,84.0,97.0,13.0,1.0,-527.0,-371.0
-2.0,115.0,81.0,94.0,12.0,2.0,-526.0,-372.0
-2.0,115.0,80.0,92.0,11.0,3.0,-525.0,-373.0
-1.0,112.0,79.0,90.0,11.0,3.0,-525.0,-372.0
1.0,107.0,78.0,90.0,11.0,3.0,-524.0,-370.0
1.0,103.0,79.0,89.0,11.0,2.0,-523.0,-368.0
1.0,100.0,78.0,89.0,11.0,2.0,-524.0,-366.0
0.0,101.0,77.0,88.0,10.0,2.0,-525.0,-366.0
1.0,103.0,75.0,86.0,9.0,2.0,-526.0,-368.0
4.0,104.0,73.0,84.0,8.0,2.0,-525.0,-368.0
4.0,106.0,72.0,81.0,6.0,1.0,-525.0,-369.0
4.0,109.0,70.0,79.0,5.0,1.0,-524.0,-370.0
5.0,109.0,69.0,78.0,4.0,0.0,-524.0,-371.0
5.0,107.0,69.0,78.0,5.0,1.0,-522.0,-370.0
5.0,103.0,70.0,79.0,6.0,3.0,-520.0,-369.0
5.0,99.0,71.0,80.0,7.0,5.0,-519.0,-368.0
6.0,97.0,72.0,80.0,8.0,6.0,-517.0,-367.0
6.0,97.0,72.0,80.0,7.0,6.0,-517.0,-367.0
6.0,99.0,71.0,79.0,7.0,5.0,-518.0,-367.0
7.0,101.0,69.0,77.0,5.0,3.0,-519.0,-368.0
7.0,104.0,68.0,75.0,3.0,1.0,-520.0,-369.0
8.0,106.0,67.0,75.0,3.0,0.0,-520.0,-370.0
9.0,107.0,66.0,74.0,2.0,0.0,-521.0,-370.0
9.0,105.0,67.0,74.0,2.0,0.0,-522.0,-369.0
10.0,100.0,68.0,75.0,3.0,0.0,-522.0,-367.0
10.0,96.0,69.0,76.0,4.0,0.0,-520.0,-366.0
10.0,94.0,69.0,76.0,4.0,0.0,-519.0,-365.0
11.0,94.0,69.0,76.0,4.0,0.0,-520.0,-365.0
12.0,95.0,68.0,75.0,3.0,0.0,-521.0,-366.0
13.0,98.0,68.0,74.0,2.0,0.0,-521.0,-365.0
13.0,102.0,67.0,73.0,2.0,-1.0,-523.0,-367.0
14.0,103.0,65.0,72.0,1.0,-1.0,-524.0,-368.0
16.0,101.0,65.0,72.0,1.0,0.0,-525.0,-369.0
14.0,100.0,65.0,72.0,2.0,0.0,-525.0,-369.0
14.0,98.0,67.0,74.0,4.0,0.0,-525.0,-367.0
14.0,95.0,68.0,75.0,5.0,1.0,-523.0,-366.0
16.0,91.0,68.0,75.0,5.0,0.0,-524.0,-364.0
18.0,90.0,68.0,74.0,5.0,0.0,-526.0,-365.0
17.0,93.0,68.0,73.0,4.0,0.0,-526.0,-365.0
17.0,97.0,67.0,73.0,3.0,-2.0,-526.0,-366.0
18.0,100.0,66.0,71.0,2.0,-4.0,-527.0,-368.0
16.0,103.0,66.0,71.0,1.0,-5.0,-526.0,-368.0
17.0,103.0,66.0,71.0,1.0,-6.0,-524.0,-366.0
17.0,100.0,65.0,72.0,2.0,-4.0,-524.0,-365.0
19.0,95.0,67.0,73.0,4.0,-1.0,-523.0,-365.0
24.0,90.0,69.0,75.0,6.0,1.0,-521.0,-363.0
22.0,89.0,70.0,77.0,8.0,5.0,-519.0,-362.0
21.0,91.0,71.0,77.0,8.0,5.0,-517.0,-362.0
22.0,93.0,70.0,77.0,8.0,5.0,-515.0,-362.0
23.0,95.0,69.0,76.0,7.0,3.0,-515.0,-363.0
25.0,97.0,68.0,75.0,5.0,1.0,-517.0,-365.0
26.0,99.0,67.0,74.0,5.0,0.0,-518.0,-364.0
26.0,100.0,68.0,75.0,5.0,1.0,-517.0,-364.0
27.0,99.0,69.0,76.0,7.0,4.0,-515.0,-362.0
25.0,97.0,71.0,78.0,9.0,7.0,-513.0,-360.0
26.0,93.0,72.0,79.0,10.0,8.0,-513.0,-359.0
27.0,91.0,73.0,80.0,11.0,9.0,-512.0,-358.0
27.0,92.0,73.0,81.0,12.0,9.0,-512.0,-357.0
30.0,92.0,73.0,80.0,11.0,7.0,-512.0,-357.0
31.0,95.0,72.0,80.0,10.0,6.0,-512.0,-358.0
32.0,98.0,71.0,79.0,10.0,5.0,-512.0,-359.0
31.0,102.0,71.0,79.0,10.0,5.0,-512.0,-359.0
30.0,104.0,71.0,80.0,11.0,6.0,-512.0,-358.0
32.0,100.0,72.0,80.0,11.0,7.0,-511.0,-358.0
34.0,95.0,74.0,82.0,14.0,10.0,-509.0,-356.0
34.0,92.0,75.0,84.0,16.0,12.0,-508.0,-354.0
35.0,89.0,76.0,85.0,17.0,13.0,-507.0,-354.0
34.0,90.0,77.0,86.0,18.0,14.0,-507.0,-354.0
36.0,92.0,76.0,85.0,17.0,13.0,-507.0,-353.0
36.0,97.0,76.0,85.0,17.0,12.0,-508.0,-353.0
36.0,100.0,75.0,84.0,15.0,11.0,-509.0,-354.0
38.0,102.0,74.0,83.0,15.0,10.0,-510.0,-355.0
40.0,101.0,74.0,83.0,15.0,10.0,-509.0,-355.0
41.0,99.0,75.0,84.0,16.0,11.0,-508.0,-354.0
43.0,96.0,76.0,86.0,18.0,13.0,-506.0,-352.0
44.0,92.0,78.0,88.0,19.0,14.0,-505.0,-349.0
44.0,91.0,79.0,89.0,20.0,15.0,-503.0,-348.0
44.0,91.0,79.0,89.0,20.0,15.0,-503.0,-348.0
45.0,93.0,78.0,88.0,20.0,14.0,-504.0,-348.0
45.0,96.0,78.0,88.0,19.0,13.0,-505.0,-347.0
46.0,100.0,77.0,86.0,18.0,12.0,-506.0,-348.0
47.0,101.0,76.0,86.0,18.0,11.0,-507.0,-348.0
46.0,103.0,77.0,86.0,18.0,10.0,-506.0,-348.0
46.0,103.0,78.0,87.0,19.0,10.0,-506.0,-348.0
49.0,97.0,79.0,88.0,21.0,12.0,-504.0,-346.0
53.0,91.0,80.0,89.0,21.0,14.0,-502.0,-345.0
55.0,88.0,81.0,90.0,23.0,18.0,-501.0,-345.0
54.0,88.0,82.0,91.0,25.0,22.0,-500.0,-344.0
54.0,91.0,82.0,91.0,25.0,22.0,-499.0,-344.0
54.0,96.0,81.0,91.0,24.0,21.0,-499.0,-345.0
55.0,99.0,80.0,89.0,23.0,20.0,-499.0,-347.0
58.0,99.0,79.0,88.0,22.0,18.0,-500.0,-347.0
57.0,99.0,79.0,87.0,21.0,16.0,-502.0,-347.0
56.0,100.0,80.0,88.0,22.0,17.0,-500.0,-346.0
57.0,96.0,81.0,89.0,23.0,18.0,-500.0,-345.0
61.0,91.0,82.0,90.0,23.0,19.0,-498.0,-344.0
61.0,88.0,83.0,91.0,24.0,19.0,-497.0,-343.0
62.0,87.0,82.0,91.0,25.0,18.0,-496.0,-343.0
63.0,89.0,82.0,90.0,24.0,17.0,-497.0,-343.0
63.0,93.0,81.0,89.0,23.0,16.0,-499.0,-343.0
64.0,97.0,80.0,88.0,22.0,14.0,-501.0,-343.0
64.0,99.0,79.0,87.0,22.0,13.0,-502.0,-342.0
63.0,100.0,79.0,87.0,21.0,14.0,-502.0,-343.0
63.0,98.0,81.0,88.0,22.0,17.0,-499.0,-342.0
65.0,94.0,82.0,88.0,23.0,18.0,-496.0,-342.0
64.0,91.0,84.0,90.0,25.0,22.0,-492.0,-340.0
64.0,90.0,85.0,92.0,28.0,25.0,-489.0,-340.0
66.0,89.0,85.0,92.0,28.0,25.0,-488.0,-340.0
66.0,93.0,84.0,91.0,27.0,24.0,-489.0,-340.0
66.0,95.0,83.0,89.0,26.0,21.0,-490.0,-341.0
67.0,98.0,82.0,88.0,24.0,19.0,-490.0,-342.0
69.0,100.0,81.0,87.0,23.0,19.0,-490.0,-342.0
69.0,100.0,81.0,87.0,23.0,19.0,-489.0,-342.0
70.0,98.0,81.0,87.0,24.0,20.0,-488.0,-340.0
71.0,94.0,82.0,88.0,25.0,22.0,-486.0,-338.0
71.0,91.0,83.0,89.0,26.0,21.0,-486.0,-336.0
72.0,87.0,84.0,90.0,27.0,22.0,-485.0,-336.0
72.0,88.0,85.0,90.0,27.0,22.0,-484.0,-335.0
73.0,91.0,84.0,90.0,27.0,23.0,-484.0,-335.0
73.0,94.0,83.0,89.0,25.0,23.0,-485.0,-336.0
74.0,98.0,82.0,89.0,24.0,23.0,-486.0,-337.0
73.0,101.0,82.0,88.0,24.0,23.0,-487.0,-338.0
73.0,103.0,82.0,89.0,25.0,23.0,-487.0,-337.0
72.0,101.0,83.0,89.0,25.0,22.0,-487.0,-336.0
74.0,97.0,84.0,90.0,26.0,23.0,-487.0,-335.0
78.0,91.0,85.0,91.0,26.0,23.0,-486.0,-333.0
81.0,86.0,86.0,91.0,27.0,22.0,-485.0,-333.0
81.0,86.0,86.0,92.0,27.0,21.0,-484.0,-333.0
81.0,89.0,85.0,91.0,27.0,20.0,-484.0,-333.0
82.0,92.0,85.0,91.0,27.0,20.0,-485.0,-333.0
82.0,97.0,84.0,90.0,26.0,21.0,-486.0,-334.0
84.0,99.0,84.0,89.0,26.0,23.0,-486.0,-335.0
85.0,99.0,84.0,89.0,27.0,25.0,-486.0,-335.0
85.0,97.0,85.0,90.0,27.0,25.0,-486.0,-335.0
86.0,93.0,86.0,91.0,28.0,27.0,-485.0,-334.0
89.0,88.0,87.0,92.0,30.0,28.0,-483.0,-332.0
89.0,86.0,88.0,93.0,31.0,29.0,-482.0,-330.0
90.0,87.0,88.0,94.0,31.0,28.0,-482.0,-329.0
90.0,89.0,88.0,93.0,31.0,27.0,-482.0,-328.0
91.0,92.0,88.0,92.0,31.0,27.0,-483.0,-328.0
90.0,97.0,87.0,91.0,30.0,27.0,-484.0,-329.0
90.0,99.0,86.0,90.0,29.0,26.0,-485.0,-331.0
93.0,99.0,87.0,90.0,29.0,26.0,-485.0,-330.0
93.0,98.0,87.0,91.0,30.0,26.0,-483.0,-329.0
94.0,95.0,89.0,92.0,31.0,27.0,-481.0,-329.0
95.0,91.0,90.0,93.0,32.0,28.0,-480.0,-327.0
96.0,88.0,91.0,94.0,33.0,29.0,-478.0,-326.0
96.0,88.0,91.0,94.0,33.0,30.0,-477.0,-326.0
97.0,91.0,90.0,93.0,33.0,30.0,-478.0,-326.0
96.0,95.0,90.0,93.0,33.0,30.0,-479.0,-327.0
96.0,99.0,90.0,92.0,32.0,29.0,-479.0,-327.0
98.0,100.0,89.0,91.0,32.0,28.0,-479.0,-327.0
100.0,99.0,88.0,91.0,31.0,28.0,-480.0,-327.0
102.0,97.0,89.0,92.0,32.0,29.0,-479.0,-326.0
104.0,93.0,91.0,94.0,33.0,30.0,-478.0,-322.0
104.0,89.0,92.0,95.0,34.0,31.0,-477.0,-321.0
105.0,87.0,94.0,96.0,35.0,33.0,-476.0,-320.0
105.0,89.0,95.0,97.0,36.0,34.0,-476.0,-319.0
104.0,93.0,94.0,97.0,37.0,34.0,-476.0,-319.0
105.0,95.0,93.0,96.0,36.0,33.0,-476.0,-319.0
108.0,97.0,92.0,94.0,34.0,31.0,-478.0,-320.0
109.0,99.0,92.0,94.0,33.0,30.0,-478.0,-320.0
109.0,100.0,92.0,94.0,34.0,29.0,-478.0,-319.0
111.0,98.0,93.0,94.0,34.0,29.0,-478.0,-318.0
113.0,93.0,94.0,96.0,35.0,30.0,-476.0,-317.0
113.0,90.0,96.0,97.0,37.0,33.0,-474.0,-315.0
113.0,89.0,97.0,98.0,39.0,34.0,-473.0,-314.0
113.0,89.0,97.0,99.0,39.0,35.0,-472.0,-313.0
114.0,91.0,96.0,99.0,39.0,36.0,-471.0,-313.0
116.0,94.0,96.0,98.0,38.0,36.0,-471.0,-313.0
117.0,98.0,95.0,97.0,38.0,36.0,-473.0,-314.0
118.0,101.0,95.0,97.0,38.0,35.0,-473.0,-314.0
119.0,100.0,95.0,97.0,38.0,35.0,-473.0,-313.0
121.0,98.0,95.0,97.0,38.0,35.0,-473.0,-312.0
122.0,93.0,97.0,99.0,39.0,36.0,-472.0,-310.0
121.0,92.0,98.0,100.0,40.0,38.0,-471.0,-310.0
121.0,90.0,99.0,101.0,42.0,40.0,-470.0,-309.0
122.0,90.0,100.0,102.0,42.0,40.0,-469.0,-309.0
123.0,93.0,100.0,101.0,42.0,40.0,-469.0,-309.0
124.0,96.0,99.0,100.0,43.0,40.0,-469.0,-309.0
125.0,98.0,98.0,99.0,42.0,38.0,-471.0,-310.0
126.0,101.0,97.0,99.0,41.0,37.0,-472.0,-311.0
127.0,102.0,97.0,98.0,41.0,37.0,-472.0,-310.0
128.0,99.0,98.0,98.0,41.0,36.0,-472.0,-311.0
129.0,96.0,100.0,100.0,43.0,39.0,-468.0,-308.0
130.0,93.0,101.0,102.0,45.0,42.0,-466.0,-307.0
130.0,91.0,102.0,103.0,46.0,44.0,-464.0,-306.0
130.0,92.0,102.0,104.0,47.0,44.0,-463.0,-306.0
132.0,93.0,102.0,103.0,46.0,44.0,-463.0,-305.0
134.0,95.0,101.0,103.0,45.0,43.0,-464.0,-305.0
134.0,99.0,100.0,101.0,44.0,43.0,-466.0,-305.0
133.0,103.0,100.0,101.0,44.0,42.0,-467.0,-305.0
133.0,105.0,100.0,101.0,44.0,41.0,-468.0,-306.0
134.0,101.0,101.0,102.0,44.0,42.0,-467.0,-305.0
137.0,96.0,101.0,103.0,45.0,42.0,-466.0,-305.0
138.0,93.0,102.0,104.0,46.0,43.0,-464.0,-304.0
138.0,90.0,104.0,105.0,48.0,44.0,-463.0,-304.0
138.0,92.0,104.0,105.0,48.0,44.0,-462.0,-303.0
141.0,93.0,103.0,104.0,47.0,42.0,-463.0,-304.0
143.0,94.0,103.0,103.0,47.0,42.0,-463.0,-304.0
142.0,99.0,102.0,103.0,46.0,43.0,-463.0,-305.0
141.0,102.0,101.0,102.0,45.0,43.0,-465.0,-306.0
140.0,104.0,101.0,102.0,46.0,44.0,-465.0,-304.0
143.0,102.0,102.0,103.0,47.0,44.0,-464.0,-304.0
146.0,97.0,103.0,104.0,48.0,46.0,-463.0,-303.0
146.0,93.0,105.0,105.0,49.0,46.0,-461.0,-301.0
145.0,91.0,106.0,107.0,50.0,47.0,-459.0,-300.0
145.0,91.0,107.0,108.0,51.0,49.0,-459.0,-300.0
147.0,93.0,107.0,107.0,50.0,49.0,-458.0,-301.0
147.0,97.0,106.0,106.0,50.0,49.0,-458.0,-302.0
148.0,100.0,105.0,105.0,49.0,48.0,-459.0,-304.0
149.0,102.0,104.0,104.0,49.0,47.0,-459.0,-304.0
150.0,102.0,105.0,104.0,49.0,47.0,-459.0,-303.0
151.0,100.0,105.0,105.0,49.0,48.0,-459.0,-303.0
152.0,96.0,106.0,105.0,50.0,49.0,-458.0,-301.0
153.0,92.0,108.0,107.0,52.0,50.0,-458.0,-301.0
151.0,92.0,110.0,109.0,54.0,51.0,-458.0,-299.0
151.0,92.0,110.0,109.0,54.0,52.0,-457.0,-299.0
153.0,94.0,110.0,110.0,54.0,51.0,-455.0,-299.0
156.0,95.0,109.0,109.0,53.0,50.0,-456.0,-299.0
160.0,95.0,107.0,107.0,51.0,47.0,-456.0,-301.0
159.0,98.0,105.0,106.0,49.0,46.0,-458.0,-303.0
159.0,99.0,105.0,106.0,50.0,46.0,-458.0,-302.0
159.0,98.0,106.0,106.0,51.0,47.0,-458.0,-302.0
160.0,95.0,108.0,108.0,53.0,49.0,-457.0,-301.0
158.0,93.0,109.0,110.0,54.0,49.0,-454.0,-297.0
159.0,90.0,111.0,111.0,55.0,50.0,-454.0,-295.0
161.0,89.0,111.0,112.0,55.0,52.0,-454.0,-295.0
161.0,93.0,111.0,112.0,55.0,53.0,-453.0,-296.0
163.0,95.0,110.0,111.0,54.0,51.0,-455.0,-297.0
164.0,97.0,109.0,109.0,53.0,50.0,-456.0,-298.0
165.0,98.0,108.0,109.0,53.0,50.0,-457.0,-299.0
165.0,98.0,109.0,109.0,53.0,51.0,-455.0,-300.0
165.0,97.0,110.0,110.0,54.0,53.0,-453.0,-300.0
165.0,93.0,111.0,112.0,56.0,56.0,-451.0,-299.0
165.0,89.0,113.0,113.0,57.0,58.0,-449.0,-297.0
168.0,86.0,115.0,115.0,59.0,59.0,-447.0,-295.0
169.0,87.0,116.0,116.0,60.0,60.0,-446.0,-293.0
170.0,90.0,116.0,116.0,61.0,59.0,-446.0,-292.0
169.0,93.0,116.0,116.0,60.0,57.0,-447.0,-293.0
170.0,97.0,116.0,115.0,60.0,56.0,-447.0,-293.0
172.0,98.0,115.0,115.0,58.0,55.0,-449.0,-294.0
173.0,98.0,116.0,115.0,59.0,55.0,-448.0,-294.0
176.0,96.0,117.0,116.0,61.0,57.0,-447.0,-294.0
178.0,92.0,118.0,117.0,62.0,59.0,-444.0,-292.0
177.0,89.0,120.0,120.0,65.0,61.0,-442.0,-290.0
178.0,87.0,121.0,122.0,66.0,62.0,-441.0,-289.0
177.0,87.0,122.0,122.0,67.0,63.0,-441.0,-288.0
178.0,90.0,121.0,122.0,66.0,62.0,-442.0,-288.0
176.0,94.0,122.0,121.0,66.0,62.0,-443.0,-289.0
175.0,100.0,121.0,120.0,65.0,61.0,-445.0,-290.0
175.0,102.0,121.0,120.0,64.0,61.0,-446.0,-292.0
176.0,102.0,120.0,120.0,65.0,61.0,-445.0,-292.0
178.0,99.0,120.0,121.0,65.0,62.0,-444.0,-291.0
182.0,94.0,121.0,122.0,67.0,63.0,-442.0,-290.0
188.0,87.0,122.0,123.0,69.0,64.0,-440.0,-287.0
193.0,83.0,124.0,127.0,71.0,66.0,-438.0,-286.0
198.0,82.0,126.0,129.0,74.0,68.0,-435.0,-282.0
201.0,86.0,126.0,130.0,75.0,70.0,-433.0,-279.0
207.0,88.0,125.0,130.0,76.0,71.0,-431.0,-278.0
213.0,90.0,123.0,129.0,75.0,71.0,-431.0,-276.0
218.0,91.0,121.0,127.0,74.0,70.0,-431.0,-276.0
222.0,87.0,118.0,126.0,73.0,69.0,-432.0,-276.0
219.0,85.0,117.0,124.0,72.0,68.0,-433.0,-277.0
218.0,81.0,116.0,122.0,71.0,66.0,-435.0,-278.0
217.0,77.0,115.0,121.0,69.0,65.0,-436.0,-278.0
216.0,75.0,114.0,120.0,69.0,66.0,-435.0,-278.0
216.0,75.0,113.0,119.0,68.0,66.0,-435.0,-277.0
215.0,78.0,112.0,117.0,67.0,66.0,-436.0,-279.0
216.0,81.0,112.0,116.0,65.0,64.0,-437.0,-281.0
216.0,85.0,111.0,114.0,64.0,62.0,-438.0,-282.0
216.0,87.0,110.0,114.0,63.0,60.0,-439.0,-283.0
216.0,88.0,110.0,114.0,63.0,59.0,-439.0,-283.0
215.0,87.0,110.0,114.0,63.0,61.0,-439.0,-282.0
213.0,85.0,112.0,115.0,65.0,64.0,-437.0,-281.0
212.0,81.0,113.0,116.0,66.0,66.0,-435.0,-280.0
208.0,80.0,115.0,117.0,67.0,67.0,-434.0,-280.0
205.0,82.0,115.0,118.0,67.0,66.0,-434.0,-281.0
202.0,85.0,115.0,117.0,67.0,65.0,-434.0,-282.0
197.0,92.0,115.0,117.0,66.0,64.0,-436.0,-283.0
195.0,96.0,114.0,115.0,64.0,62.0,-438.0,-285.0
195.0,98.0,112.0,113.0,62.0,60.0,-440.0,-287.0
195.0,97.0,110.0,111.0,60.0,58.0,-442.0,-288.0
193.0,97.0,111.0,111.0,60.0,57.0,-442.0,-288.0
190.0,95.0,113.0,112.0,61.0,59.0,-441.0,-288.0
190.0,91.0,113.0,113.0,61.0,59.0,-441.0,-288.0
190.0,89.0,114.0,113.0,61.0,59.0,-441.0,-288.0
189.0,90.0,114.0,113.0,62.0,59.0,-441.0,-288.0
191.0,91.0,114.0,112.0,61.0,58.0,-441.0,-288.0
191.0,95.0,113.0,112.0,61.0,57.0,-441.0,-289.0
190.0,99.0,112.0,111.0,60.0,56.0,-442.0,-289.0
191.0,100.0,111.0,110.0,59.0,55.0,-443.0,-291.0
191.0,101.0,111.0,109.0,58.0,55.0,-444.0,-291.0
192.0,99.0,112.0,110.0,59.0,55.0,-444.0,-290.0
192.0,95.0,112.0,111.0,60.0,56.0,-443.0,-289.0
192.0,92.0,114.0,112.0,61.0,58.0,-441.0,-288.0
191.0,90.0,115.0,114.0,62.0,58.0,-440.0,-287.0
192.0,90.0,116.0,115.0,62.0,58.0,-439.0,-286.0
191.0,94.0,116.0,115.0,62.0,58.0,-440.0,-287.0
192.0,96.0,115.0,114.0,61.0,57.0,-441.0,-288.0
193.0,99.0,113.0,113.0,60.0,56.0,-442.0,-289.0
194.0,101.0,112.0,111.0,58.0,56.0,-443.0,-290.0
193.0,102.0,112.0,111.0,58.0,55.0,-442.0,-289.0
194.0,101.0,113.0,111.0,59.0,56.0,-441.0,-289.0
194.0,97.0,115.0,112.0,60.0,57.0,-440.0,-288.0
195.0,93.0,117.0,115.0,62.0,59.0,-438.0,-286.0
195.0,91.0,117.0,116.0,64.0,60.0,-437.0,-285.0
194.0,91.0,118.0,117.0,65.0,61.0,-436.0,-284.0
195.0,94.0,117.0,116.0,64.0,60.0,-436.0,-284.0
198.0,95.0,116.0,115.0,63.0,59.0,-437.0,-285.0
196.0,101.0,117.0,115.0,63.0,59.0,-437.0,-286.0
192.0,110.0,118.0,116.0,64.0,61.0,-437.0,-285.0
189.0,116.0,123.0,121.0,68.0,64.0,-435.0,-283.0
183.0,123.0,132.0,130.0,76.0,70.0,-431.0,-281.0
173.0,132.0,144.0,144.0,87.0,79.0,-425.0,-277.0
162.0,140.0,157.0,158.0,99.0,89.0,-419.0,-272.0
151.0,148.0,168.0,170.0,109.0,96.0,-414.0,-270.0
148.0,150.0,173.0,178.0,116.0,102.0,-411.0,-268.0
157.0,146.0,172.0,181.0,120.0,106.0,-407.0,-265.0
170.0,134.0,169.0,181.0,120.0,106.0,-407.0,-266.0
184.0,118.0,165.0,182.0,117.0,102.0,-412.0,-270.0
199.0,100.0,164.0,186.0,117.0,100.0,-415.0,-273.0
223.0,75.0,161.0,191.0,119.0,101.0,-415.0,-272.0
257.0,44.0,156.0,195.0,122.0,104.0,-411.0,-267.0
304.0,3.0,151.0,200.0,126.0,108.0,-405.0,-259.0
365.0,-41.0,145.0,210.0,137.0,119.0,-392.0,-244.0
425.0,-78.0,138.0,215.0,146.0,131.0,-377.0,-227.0
478.0,-110.0,126.0,209.0,147.0,135.0,-369.0,-216.0
519.0,-146.0,107.0,191.0,129.0,117.0,-380.0,-222.0
541.0,-175.0,79.0,160.0,97.0,87.0,-404.0,-238.0
549.0,-184.0,46.0,115.0,62.0,57.0,-423.0,-250.0
543.0,-180.0,9.0,62.0,26.0,29.0,-440.0,-260.0
518.0,-161.0,-17.0,15.0,-5.0,7.0,-453.0,-268.0
475.0,-131.0,-30.0,-19.0,-29.0,-11.0,-465.0,-277.0
423.0,-95.0,-35.0,-49.0,-52.0,-28.0,-476.0,-285.0
388.0,-72.0,-44.0,-77.0,-73.0,-42.0,-484.0,-291.0
365.0,-62.0,-51.0,-98.0,-88.0,-54.0,-491.0,-298.0
340.0,-52.0,-52.0,-102.0,-95.0,-62.0,-499.0,-306.0
325.0,-44.0,-48.0,-97.0,-95.0,-65.0,-503.0,-312.0
320.0,-36.0,-43.0,-85.0,-89.0,-61.0,-502.0,-313.0
316.0,-26.0,-36.0,-75.0,-82.0,-56.0,-500.0,-313.0
305.0,-12.0,-28.0,-63.0,-74.0,-50.0,-496.0,-313.0
290.0,0.0,-17.0,-48.0,-63.0,-41.0,-492.0,-313.0
271.0,11.0,-2.0,-29.0,-50.0,-32.0,-489.0,-314.0
251.0,23.0,13.0,-8.0,-36.0,-20.0,-484.0,-313.0
237.0,30.0,26.0,5.0,-24.0,-12.0,-480.0,-313.0
232.0,31.0,36.0,19.0,-14.0,-3.0,-475.0,-310.0
231.0,35.0,46.0,34.0,-3.0,4.0,-470.0,-308.0
230.0,41.0,57.0,49.0,8.0,13.0,-465.0,-305.0
229.0,48.0,68.0,64.0,19.0,21.0,-461.0,-301.0
225.0,56.0,77.0,75.0,27.0,27.0,-458.0,-303.0
221.0,62.0,85.0,84.0,33.0,33.0,-454.0,-300.0
215.0,68.0,93.0,93.0,40.0,38.0,-452.0,-299.0
210.0,72.0,99.0,100.0,45.0,42.0,-450.0,-298.0
207.0,71.0,105.0,105.0,50.0,46.0,-446.0,-295.0
207.0,70.0,109.0,109.0,54.0,51.0,-443.0,-291.0
204.0,74.0,113.0,113.0,58.0,55.0,-439.0,-287.0
203.0,77.0,116.0,116.0,61.0,59.0,-436.0,-286.0
204.0,81.0,118.0,118.0,63.0,61.0,-435.0,-284.0
203.0,88.0,119.0,119.0,65.0,63.0,-434.0,-284.0
202.0,94.0,119.0,119.0,64.0,62.0,-435.0,-284.0
201.0,98.0,119.0,119.0,64.0,62.0,-434.0,-286.0
203.0,98.0,119.0,120.0,65.0,63.0,-434.0,-286.0
205.0,95.0,120.0,122.0,66.0,63.0,-433.0,-286.0
205.0,92.0,121.0,124.0,68.0,65.0,-431.0,-285.0
204.0,89.0,123.0,126.0,70.0,68.0,-428.0,-283.0
205.0,87.0,125.0,127.0,72.0,70.0,-426.0,-281.0
205.0,89.0,127.0,128.0,73.0,71.0,-424.0,-280.0
205.0,92.0,127.0,129.0,74.0,72.0,-423.0,-279.0
204.0,97.0,127.0,129.0,74.0,72.0,-422.0,-279.0
204.0,99.0,126.0,127.0,73.0,71.0,-424.0,-280.0
205.0,101.0,125.0,127.0,72.0,71.0,-424.0,-281.0
205.0,101.0,126.0,127.0,72.0,71.0,-424.0,-281.0
205.0,98.0,125.0,127.0,72.0,71.0,-424.0,-281.0
205.0,95.0,126.0,129.0,73.0,73.0,-423.0,-280.0
205.0,91.0,128.0,130.0,74.0,74.0,-422.0,-279.0
207.0,88.0,129.0,131.0,75.0,76.0,-420.0,-277.0
208.0,88.0,130.0,132.0,76.0,77.0,-419.0,-277.0
208.0,89.0,130.0,132.0,76.0,77.0,-420.0,-277.0
208.0,91.0,128.0,130.0,74.0,75.0,-421.0,-278.0
207.0,96.0,127.0,130.0,73.0,74.0,-423.0,-280.0
208.0,98.0,126.0,129.0,73.0,75.0,-423.0,-280.0
208.0,99.0,126.0,129.0,73.0,75.0,-423.0,-280.0
206.0,99.0,128.0,129.0,73.0,76.0,-422.0,-279.0
205.0,97.0,129.0,131.0,75.0,79.0,-420.0,-277.0
205.0,93.0,131.0,132.0,76.0,81.0,-419.0,-275.0
209.0,88.0,131.0,133.0,77.0,82.0,-418.0,-275.0
213.0,84.0,130.0,132.0,77.0,81.0,-419.0,-274.0
213.0,85.0,129.0,131.0,75.0,79.0,-420.0,-275.0
211.0,90.0,128.0,131.0,75.0,79.0,-420.0,-275.0
210.0,95.0,128.0,130.0,74.0,78.0,-420.0,-276.0
209.0,99.0,128.0,129.0,73.0,79.0,-420.0,-277.0
209.0,99.0,128.0,129.0,73.0,80.0,-420.0,-277.0
211.0,96.0,128.0,130.0,74.0,82.0,-419.0,-276.0
214.0,91.0,129.0,132.0,76.0,84.0,-417.0,-275.0
214.0,88.0,130.0,134.0,77.0,87.0,-415.0,-274.0
215.0,83.0,131.0,135.0,78.0,87.0,-413.0,-273.0
212.0,85.0,132.0,136.0,79.0,88.0,-412.0,-273.0
214.0,85.0,131.0,136.0,78.0,86.0,-412.0,-275.0
214.0,88.0,131.0,136.0,78.0,86.0,-412.0,-276.0
214.0,92.0,130.0,135.0,77.0,85.0,-412.0,-276.0
215.0,94.0,130.0,135.0,77.0,85.0,-412.0,-277.0
215.0,95.0,130.0,135.0,76.0,86.0,-412.0,-276.0
217.0,91.0,130.0,135.0,77.0,89.0,-412.0,-275.0
218.0,88.0,132.0,136.0,78.0,90.0,-410.0,-274.0
218.0,85.0,133.0,137.0,80.0,92.0,-408.0,-272.0
218.0,83.0,134.0,139.0,81.0,94.0,-407.0,-272.0
217.0,85.0,135.0,139.0,82.0,94.0,-407.0,-271.0
220.0,84.0,134.0,139.0,82.0,94.0,-408.0,-273.0
222.0,85.0,133.0,138.0,81.0,93.0,-409.0,-273.0
223.0,90.0,133.0,137.0,79.0,92.0,-410.0,-274.0
223.0,94.0,132.0,137.0,79.0,92.0,-411.0,-275.0
223.0,95.0,132.0,136.0,78.0,91.0,-411.0,-275.0
222.0,96.0,132.0,136.0,78.0,91.0,-411.0,-275.0
220.0,93.0,134.0,139.0,80.0,93.0,-409.0,-274.0
220.0,90.0,136.0,142.0,83.0,96.0,-405.0,-271.0
221.0,85.0,137.0,144.0,84.0,98.0,-404.0,-270.0
225.0,80.0,137.0,143.0,84.0,99.0,-404.0,-270.0
229.0,79.0,136.0,143.0,83.0,99.0,-405.0,-271.0
229.0,84.0,137.0,144.0,84.0,101.0,-404.0,-271.0
229.0,87.0,137.0,144.0,85.0,102.0,-404.0,-270.0
227.0,91.0,137.0,145.0,85.0,103.0,-404.0,-271.0
226.0,91.0,138.0,146.0,86.0,104.0,-404.0,-271.0
227.0,89.0,139.0,148.0,86.0,105.0,-403.0,-272.0
227.0,85.0,140.0,150.0,88.0,107.0,-401.0,-270.0
229.0,80.0,142.0,152.0,90.0,109.0,-400.0,-270.0
229.0,77.0,143.0,154.0,91.0,110.0,-399.0,-268.0
228.0,76.0,143.0,154.0,91.0,110.0,-398.0,-268.0
227.0,80.0,144.0,155.0,92.0,111.0,-398.0,-269.0
227.0,82.0,144.0,156.0,92.0,111.0,-398.0,-269.0
229.0,84.0,143.0,155.0,91.0,111.0,-398.0,-268.0
229.0,87.0,143.0,156.0,91.0,111.0,-399.0,-268.0
230.0,87.0,144.0,157.0,92.0,112.0,-399.0,-267.0
230.0,86.0,144.0,159.0,92.0,113.0,-399.0,-266.0
229.0,83.0,146.0,161.0,94.0,115.0,-396.0,-264.0
231.0,78.0,147.0,163.0,96.0,116.0,-395.0,-263.0
234.0,73.0,149.0,165.0,98.0,119.0,-393.0,-262.0
233.0,73.0,151.0,167.0,99.0,120.0,-393.0,-261.0
234.0,75.0,151.0,168.0,99.0,120.0,-393.0,-261.0
232.0,80.0,151.0,169.0,100.0,120.0,-393.0,-263.0
231.0,85.0,151.0,169.0,99.0,120.0,-394.0,-263.0
232.0,88.0,151.0,170.0,100.0,120.0,-394.0,-262.0
232.0,88.0,152.0,171.0,100.0,120.0,-394.0,-262.0
233.0,85.0,153.0,172.0,100.0,120.0,-394.0,-262.0
235.0,80.0,154.0,174.0,102.0,121.0,-393.0,-261.0
235.0,77.0,156.0,176.0,103.0,124.0,-392.0,-259.0
232.0,77.0,158.0,179.0,106.0,126.0,-391.0,-258.0
234.0,76.0,159.0,181.0,107.0,128.0,-390.0,-258.0
234.0,79.0,159.0,180.0,106.0,129.0,-389.0,-258.0
233.0,83.0,160.0,181.0,106.0,130.0,-388.0,-258.0
233.0,87.0,159.0,180.0,105.0,130.0,-388.0,-259.0
237.0,85.0,158.0,179.0,104.0,129.0,-389.0,-260.0
239.0,83.0,157.0,178.0,103.0,129.0,-390.0,-260.0
237.0,84.0,159.0,179.0,104.0,131.0,-387.0,-258.0
235.0,83.0,160.0,181.0,106.0,134.0,-385.0,-256.0
233.0,81.0,162.0,182.0,107.0,136.0,-384.0,-255.0
233.0,79.0,163.0,183.0,108.0,138.0,-383.0,-254.0
232.0,79.0,163.0,183.0,108.0,138.0,-383.0,-256.0
233.0,80.0,163.0,182.0,107.0,138.0,-384.0,-257.0
233.0,83.0,162.0,181.0,106.0,138.0,-385.0,-258.0
232.0,88.0,160.0,179.0,104.0,136.0,-388.0,-259.0
231.0,91.0,160.0,178.0,102.0,135.0,-391.0,-260.0
232.0,91.0,159.0,177.0,101.0,134.0,-391.0,-261.0
231.0,90.0,159.0,177.0,101.0,135.0,-390.0,-260.0
231.0,85.0,160.0,176.0,101.0,135.0,-389.0,-259.0
232.0,81.0,159.0,176.0,101.0,138.0,-387.0,-259.0
231.0,78.0,160.0,177.0,102.0,140.0,-386.0,-258.0
230.0,77.0,159.0,175.0,101.0,141.0,-385.0,-258.0
230.0,79.0,157.0,173.0,99.0,143.0,-386.0,-260.0
230.0,82.0,155.0,170.0,98.0,144.0,-387.0,-261.0
231.0,84.0,152.0,167.0,96.0,143.0,-389.0,-262.0
230.0,89.0,150.0,164.0,93.0,142.0,-390.0,-264.0
232.0,88.0,148.0,162.0,92.0,142.0,-391.0,-265.0
232.0,85.0,147.0,159.0,91.0,142.0,-391.0,-266.0
230.0,82.0,147.0,158.0,91.0,143.0,-390.0,-266.0
232.0,77.0,147.0,158.0,91.0,145.0,-389.0,-265.0
233.0,74.0,146.0,157.0,92.0,146.0,-388.0,-263.0
233.0,74.0,145.0,154.0,91.0,147.0,-388.0,-262.0
233.0,75.0,142.0,152.0,88.0,147.0,-388.0,-262.0
234.0,77.0,139.0,148.0,86.0,146.0,-390.0,-262.0
234.0,80.0,136.0,144.0,82.0,144.0,-393.0,-263.0
235.0,81.0,133.0,141.0,79.0,141.0,-396.0,-265.0
237.0,80.0,131.0,138.0,78.0,141.0,-396.0,-264.0
237.0,79.0,130.0,137.0,78.0,142.0,-395.0,-263.0
238.0,74.0,129.0,136.0,78.0,143.0,-396.0,-262.0
242.0,67.0,128.0,135.0,78.0,144.0,-396.0,-262.0
243.0,63.0,128.0,135.0,78.0,145.0,-394.0,-260.0
241.0,64.0,127.0,133.0,77.0,145.0,-394.0,-261.0
237.0,67.0,125.0,131.0,75.0,144.0,-396.0,-262.0
237.0,69.0,123.0,129.0,73.0,143.0,-396.0,-264.0
239.0,71.0,121.0,127.0,72.0,142.0,-397.0,-265.0
241.0,71.0,119.0,125.0,71.0,141.0,-398.0,-265.0
243.0,70.0,117.0,124.0,69.0,140.0,-397.0,-265.0
245.0,59.0,118.0,122.0,71.0,148.0,-392.0,-259.0
246.0,61.0,117.0,121.0,70.0,148.0,-393.0,-261.0
246.0,64.0,116.0,119.0,69.0,147.0,-395.0,-262.0
244.0,68.0,114.0,118.0,67.0,146.0,-397.0,-262.0
244.0,69.0,114.0,117.0,66.0,145.0,-398.0,-263.0
244.0,67.0,113.0,116.0,67.0,145.0,-398.0,-263.0
244.0,63.0,114.0,117.0,68.0,145.0,-397.0,-262.0
245.0,58.0,115.0,118.0,69.0,145.0,-397.0,-261.0
247.0,54.0,116.0,118.0,70.0,146.0,-396.0,-261.0
249.0,52.0,116.0,119.0,70.0,146.0,-396.0,-261.0
251.0,52.0,115.0,119.0,69.0,147.0,-396.0,-261.0
249.0,57.0,115.0,118.0,69.0,148.0,-396.0,-260.0
249.0,62.0,114.0,117.0,68.0,147.0,-396.0,-261.0
252.0,63.0,111.0,114.0,65.0,145.0,-398.0,-263.0
252.0,63.0,110.0,113.0,64.0,144.0,-398.0,-263.0
253.0,61.0,110.0,113.0,64.0,144.0,-398.0,-262.0
255.0,56.0,111.0,114.0,65.0,146.0,-396.0,-261.0
256.0,51.0,112.0,116.0,68.0,148.0,-394.0,-258.0
256.0,50.0,113.0,118.0,70.0,150.0,-392.0,-256.0
257.0,49.0,114.0,118.0,69.0,149.0,-392.0,-255.0
259.0,50.0,113.0,118.0,68.0,148.0,-393.0,-256.0
257.0,53.0,113.0,117.0,68.0,148.0,-394.0,-257.0
257.0,57.0,112.0,116.0,67.0,148.0,-394.0,-258.0
259.0,58.0,110.0,114.0,65.0,147.0,-395.0,-260.0
259.0,60.0,110.0,114.0,65.0,147.0,-395.0,-261.0
259.0,58.0,111.0,114.0,66.0,148.0,-394.0,-261.0
260.0,55.0,112.0,116.0,67.0,149.0,-392.0,-260.0
260.0,50.0,113.0,118.0,69.0,151.0,-391.0,-259.0
259.0,47.0,115.0,119.0,70.0,152.0,-390.0,-258.0
258.0,47.0,114.0,119.0,70.0,151.0,-390.0,-258.0
258.0,49.0,113.0,117.0,68.0,149.0,-392.0,-259.0
259.0,51.0,113.0,116.0,68.0,149.0,-393.0,-258.0
262.0,52.0,112.0,115.0,67.0,148.0,-394.0,-258.0
261.0,55.0,110.0,114.0,65.0,146.0,-396.0,-259.0
261.0,56.0,110.0,113.0,65.0,146.0,-397.0,-258.0
261.0,54.0,110.0,113.0,65.0,146.0,-397.0,-258.0
261.0,51.0,111.0,114.0,67.0,148.0,-395.0,-257.0
262.0,46.0,112.0,116.0,67.0,149.0,-392.0,-256.0
263.0,43.0,113.0,117.0,69.0,152.0,-393.0,-256.0
260.0,45.0,115.0,118.0,70.0,155.0,-395.0,-256.0
260.0,48.0,114.0,117.0,70.0,155.0,-394.0,-256.0
260.0,50.0,113.0,117.0,69.0,154.0,-394.0,-257.0
261.0,52.0,112.0,115.0,67.0,153.0,-395.0,-259.0
262.0,54.0,110.0,114.0,66.0,152.0,-394.0,-260.0
264.0,54.0,109.0,114.0,65.0,151.0,-391.0,-259.0
263.0,52.0,109.0,114.0,65.0,151.0,-388.0,-259.0
264.0,48.0,110.0,115.0,66.0,152.0,-384.0,-256.0
263.0,45.0,112.0,117.0,69.0,154.0,-380.0,-254.0
261.0,43.0,112.0,117.0,69.0,154.0,-378.0,-254.0
265.0,39.0,112.0,117.0,70.0,155.0,-377.0,-254.0
266.0,39.0,112.0,116.0,69.0,154.0,-376.0,-254.0
265.0,43.0,111.0,116.0,68.0,153.0,-376.0,-255.0
265.0,47.0,109.0,114.0,67.0,152.0,-377.0,-256.0
265.0,50.0,108.0,114.0,66.0,152.0,-377.0,-256.0
265.0,51.0,108.0,114.0,67.0,152.0,-376.0,-256.0
265.0,50.0,109.0,114.0,67.0,153.0,-376.0,-255.0
265.0,46.0,110.0,115.0,68.0,153.0,-374.0,-254.0
265.0,42.0,111.0,116.0,69.0,154.0,-373.0,-253.0
265.0,39.0,112.0,117.0,69.0,154.0,-372.0,-252.0
265.0,38.0,112.0,117.0,70.0,155.0,-370.0,-251.0
267.0,39.0,111.0,116.0,69.0,154.0,-368.0,-251.0
267.0,42.0,110.0,115.0,69.0,155.0,-366.0,-251.0
267.0,46.0,108.0,113.0,68.0,154.0,-367.0,-252.0
265.0,49.0,107.0,112.0,67.0,152.0,-368.0,-253.0
264.0,51.0,107.0,112.0,67.0,153.0,-367.0,-253.0
262.0,51.0,108.0,113.0,68.0,153.0,-367.0,-253.0
265.0,46.0,109.0,113.0,68.0,153.0,-366.0,-251.0
265.0,41.0,110.0,115.0,69.0,154.0,-365.0,-252.0
265.0,37.0,111.0,115.0,71.0,155.0,-364.0,-251.0
265.0,37.0,110.0,116.0,71.0,155.0,-362.0,-249.0
264.0,39.0,109.0,115.0,70.0,154.0,-361.0,-250.0
262.0,43.0,109.0,115.0,69.0,153.0,-361.0,-250.0
263.0,46.0,108.0,114.0,68.0,151.0,-362.0,-251.0
267.0,45.0,105.0,111.0,66.0,149.0,-363.0,-253.0
270.0,45.0,104.0,111.0,66.0,149.0,-362.0,-253.0
271.0,43.0,104.0,111.0,67.0,150.0,-362.0,-254.0
269.0,40.0,106.0,112.0,67.0,151.0,-360.0,-253.0
266.0,38.0,107.0,112.0,68.0,152.0,-358.0,-252.0
265.0,35.0,108.0,113.0,68.0,153.0,-356.0,-250.0
263.0,36.0,108.0,113.0,68.0,152.0,-356.0,-252.0
265.0,35.0,107.0,113.0,68.0,151.0,-356.0,-252.0
267.0,36.0,107.0,113.0,68.0,150.0,-356.0,-252.0
266.0,40.0,106.0,112.0,67.0,148.0,-357.0,-252.0
265.0,43.0,104.0,110.0,65.0,146.0,-357.0,-253.0
262.0,46.0,103.0,109.0,64.0,144.0,-357.0,-254.0
261.0,45.0,104.0,109.0,64.0,144.0,-356.0,-253.0
262.0,40.0,106.0,110.0,65.0,145.0,-355.0,-250.0
263.0,35.0,106.0,111.0,65.0,145.0,-355.0,-248.0
263.0,32.0,107.0,111.0,66.0,147.0,-356.0,-247.0
264.0,31.0,106.0,111.0,67.0,147.0,-358.0,-247.0
265.0,32.0,104.0,110.0,65.0,146.0,-360.0,-249.0
264.0,34.0,102.0,108.0,63.0,144.0,-363.0,-251.0
263.0,39.0,101.0,107.0,62.0,142.0,-366.0,-255.0
264.0,42.0,100.0,106.0,61.0,142.0,-367.0,-258.0
265.0,42.0,100.0,105.0,61.0,141.0,-369.0,-253.0
262.0,42.0,101.0,104.0,60.0,140.0,-368.0,-240.0
260.0,40.0,103.0,106.0,62.0,142.0,-369.0,-223.0
260.0,37.0,105.0,108.0,64.0,144.0,-373.0,-208.0
261.0,32.0,104.0,109.0,64.0,147.0,-379.0,-195.0
260.0,32.0,103.0,108.0,64.0,148.0,-370.0,-183.0
260.0,33.0,102.0,107.0,62.0,148.0,-345.0,-174.0
260.0,36.0,102.0,106.0,61.0,147.0,-337.0,-167.0
259.0,40.0,100.0,104.0,59.0,144.0,-327.0,-162.0
261.0,41.0,99.0,103.0,59.0,143.0,-323.0,-159.0
260.0,42.0,99.0,103.0,59.0,144.0,-317.0,-153.0
259.0,40.0,100.0,104.0,60.0,145.0,-309.0,-144.0
260.0,36.0,100.0,105.0,61.0,146.0,-302.0,-135.0
259.0,33.0,101.0,106.0,63.0,148.0,-294.0,-129.0
258.0,30.0,101.0,105.0,62.0,147.0,-289.0,-125.0
258.0,29.0,100.0,104.0,62.0,147.0,-286.0,-122.0
259.0,29.0,98.0,102.0,60.0,146.0,-284.0,-120.0
260.0,31.0,97.0,100.0,59.0,146.0,-283.0,-120.0
259.0,35.0,97.0,100.0,59.0,146.0,-283.0,-120.0
257.0,39.0,96.0,98.0,57.0,145.0,-284.0,-121.0
256.0,42.0,97.0,99.0,57.0,145.0,-287.0,-122.0
256.0,41.0,97.0,99.0,57.0,146.0,-289.0,-121.0
256.0,37.0,97.0,100.0,58.0,146.0,-291.0,-120.0
256.0,33.0,98.0,101.0,58.0,147.0,-294.0,-120.0
256.0,31.0,99.0,102.0,59.0,147.0,-296.0,-119.0
257.0,30.0,99.0,102.0,59.0,147.0,-298.0,-120.0
258.0,31.0,98.0,102.0,59.0,147.0,-300.0,-121.0
262.0,30.0,96.0,100.0,57.0,146.0,-301.0,-122.0
262.0,34.0,95.0,98.0,56.0,145.0,-304.0,-124.0
260.0,37.0,95.0,97.0,55.0,144.0,-308.0,-127.0
258.0,38.0,94.0,97.0,54.0,143.0,-311.0,-128.0
258.0,36.0,94.0,97.0,53.0,142.0,-314.0,-129.0
257.0,33.0,94.0,97.0,54.0,143.0,-314.0,-130.0
258.0,28.0,95.0,97.0,54.0,144.0,-313.0,-129.0
257.0,24.0,96.0,98.0,55.0,145.0,-312.0,-129.0
255.0,25.0,96.0,99.0,54.0,144.0,-311.0,-130.0
254.0,27.0,96.0,99.0,54.0,144.0,-311.0,-131.0
254.0,29.0,94.0,97.0,52.0,143.0,-311.0,-134.0
252.0,33.0,92.0,95.0,51.0,142.0,-310.0,-134.0
251.0,35.0,90.0,94.0,51.0,142.0,-309.0,-137.0
253.0,35.0,90.0,93.0,50.0,141.0,-306.0,-137.0
254.0,32.0,89.0,93.0,50.0,141.0,-304.0,-138.0
253.0,29.0,90.0,95.0,51.0,143.0,-300.0,-137.0
252.0,26.0,91.0,96.0,52.0,144.0,-299.0,-138.0
252.0,23.0,92.0,96.0,53.0,145.0,-297.0,-138.0
252.0,22.0,91.0,96.0,53.0,146.0,-297.0,-140.0
250.0,24.0,91.0,96.0,52.0,146.0,-297.0,-141.0
248.0,28.0,90.0,94.0,51.0,145.0,-297.0,-143.0
247.0,32.0,89.0,93.0,50.0,144.0,-298.0,-146.0
246.0,35.0,87.0,92.0,48.0,143.0,-301.0,-149.0
246.0,35.0,86.0,91.0,48.0,142.0,-303.0,-150.0
245.0,34.0,85.0,91.0,48.0,143.0,-305.0,-152.0
243.0,31.0,86.0,91.0,49.0,143.0,-306.0,-154.0
242.0,28.0,88.0,92.0,50.0,145.0,-307.0,-155.0
242.0,25.0,89.0,93.0,52.0,146.0,-308.0,-156.0
242.0,24.0,89.0,94.0,52.0,146.0,-310.0,-158.0
244.0,24.0,89.0,94.0,50.0,144.0,-313.0,-161.0
242.0,27.0,87.0,93.0,49.0,143.0,-315.0,-162.0
242.0,30.0,85.0,90.0,46.0,140.0,-318.0,-165.0
241.0,33.0,83.0,87.0,43.0,137.0,-322.0,-168.0
239.0,34.0,83.0,87.0,42.0,136.0,-326.0,-171.0
238.0,34.0,83.0,87.0,42.0,137.0,-328.0,-172.0
238.0,30.0,83.0,87.0,43.0,139.0,-330.0,-169.0
236.0,27.0,84.0,88.0,44.0,141.0,-333.0,-167.0
235.0,24.0,84.0,88.0,45.0,143.0,-335.0,-165.0
236.0,21.0,84.0,88.0,45.0,142.0,-338.0,-166.0
236.0,21.0,83.0,87.0,43.0,141.0,-342.0,-167.0
235.0,22.0,81.0,85.0,41.0,139.0,-344.0,-168.0
234.0,26.0,79.0,84.0,39.0,138.0,-348.0,-170.0
232.0,30.0,78.0,83.0,38.0,137.0,-350.0,-172.0
230.0,31.0,78.0,84.0,39.0,137.0,-352.0,-172.0
230.0,30.0,78.0,85.0,39.0,137.0,-353.0,-172.0
228.0,27.0,79.0,86.0,41.0,138.0,-353.0,-171.0
229.0,21.0,79.0,87.0,41.0,138.0,-355.0,-172.0
230.0,17.0,80.0,87.0,41.0,139.0,-355.0,-172.0
229.0,17.0,79.0,86.0,40.0,138.0,-356.0,-171.0
226.0,21.0,80.0,86.0,40.0,138.0,-356.0,-170.0
225.0,24.0,79.0,85.0,39.0,137.0,-354.0,-171.0
226.0,25.0,77.0,83.0,37.0,134.0,-357.0,-174.0
225.0,30.0,75.0,82.0,36.0,134.0,-358.0,-174.0
225.0,31.0,75.0,82.0,36.0,134.0,-358.0,-175.0
227.0,28.0,74.0,81.0,36.0,135.0,-359.0,-174.0
227.0,25.0,76.0,82.0,37.0,136.0,-358.0,-173.0
226.0,20.0,76.0,82.0,38.0,137.0,-358.0,-173.0
227.0,15.0,76.0,82.0,38.0,137.0,-358.0,-173.0
227.0,14.0,75.0,82.0,38.0,136.0,-359.0,-172.0
226.0,16.0,74.0,82.0,37.0,135.0,-360.0,-172.0
226.0,17.0,74.0,81.0,36.0,135.0,-362.0,-173.0
222.0,24.0,73.0,80.0,35.0,134.0,-363.0,-173.0
219.0,29.0,72.0,79.0,33.0,131.0,-365.0,-177.0
218.0,29.0,72.0,79.0,32.0,129.0,-366.0,-179.0
219.0,26.0,72.0,79.0,32.0,130.0,-366.0,-179.0
220.0,21.0,72.0,79.0,33.0,131.0,-366.0,-181.0
220.0,16.0,72.0,79.0,33.0,131.0,-366.0,-181.0
215.0,15.0,73.0,81.0,34.0,131.0,-366.0,-181.0
214.0,15.0,73.0,81.0,34.0,131.0,-365.0,-180.0
215.0,16.0,72.0,81.0,34.0,129.0,-366.0,-179.0
215.0,18.0,71.0,80.0,33.0,128.0,-367.0,-180.0
213.0,23.0,71.0,79.0,32.0,128.0,-368.0,-181.0
212.0,26.0,69.0,77.0,31.0,129.0,-367.0,-181.0
213.0,25.0,67.0,75.0,29.0,129.0,-367.0,-182.0
212.0,24.0,66.0,74.0,29.0,130.0,-368.0,-181.0
214.0,19.0,67.0,75.0,31.0,131.0,-366.0,-179.0
210.0,17.0,68.0,77.0,32.0,133.0,-364.0,-177.0
208.0,16.0,68.0,77.0,33.0,134.0,-364.0,-177.0
207.0,15.0,68.0,77.0,32.0,132.0,-364.0,-178.0
206.0,17.0,69.0,76.0,31.0,130.0,-365.0,-180.0
205.0,20.0,68.0,76.0,31.0,129.0,-366.0,-182.0
204.0,25.0,67.0,75.0,29.0,128.0,-367.0,-185.0
204.0,28.0,65.0,74.0,28.0,127.0,-367.0,-187.0
204.0,27.0,64.0,74.0,27.0,128.0,-367.0,-188.0
205.0,25.0,65.0,75.0,28.0,129.0,-366.0,-187.0
205.0,21.0,66.0,76.0,29.0,131.0,-365.0,-186.0
204.0,17.0,67.0,77.0,31.0,134.0,-362.0,-183.0
202.0,15.0,68.0,78.0,32.0,137.0,-361.0,-182.0
202.0,14.0,68.0,77.0,30.0,137.0,-362.0,-182.0
201.0,14.0,67.0,75.0,28.0,136.0,-363.0,-183.0
204.0,16.0,67.0,76.0,28.0,136.0,-364.0,-184.0
204.0,21.0,67.0,77.0,28.0,136.0,-364.0,-184.0
204.0,24.0,67.0,76.0,28.0,135.0,-365.0,-184.0
200.0,26.0,66.0,76.0,27.0,133.0,-366.0,-184.0
199.0,26.0,67.0,76.0,27.0,133.0,-366.0,-183.0
199.0,22.0,68.0,78.0,27.0,134.0,-365.0,-181.0
197.0,19.0,69.0,79.0,29.0,136.0,-363.0,-180.0
196.0,15.0,69.0,81.0,31.0,140.0,-360.0,-179.0
199.0,12.0,68.0,81.0,32.0,141.0,-358.0,-178.0
202.0,11.0,67.0,79.0,30.0,142.0,-358.0,-178.0
203.0,14.0,65.0,77.0,29.0,142.0,-356.0,-178.0
203.0,18.0,64.0,76.0,28.0,142.0,-352.0,-177.0
205.0,22.0,64.0,77.0,28.0,143.0,-347.0,-177.0
211.0,22.0,65.0,79.0,31.0,147.0,-340.0,-173.0
214.0,23.0,66.0,82.0,35.0,152.0,-332.0,-168.0
218.0,19.0,67.0,83.0,37.0,155.0,-326.0,-164.0
220.0,14.0,66.0,83.0,37.0,155.0,-323.0,-161.0
220.0,10.0,65.0,82.0,36.0,155.0,-321.0,-159.0
223.0,6.0,63.0,81.0,35.0,155.0,-319.0,-157.0
223.0,6.0,60.0,79.0,33.0,154.0,-318.0,-157.0
221.0,6.0,57.0,75.0,30.0,152.0,-318.0,-157.0
221.0,7.0,51.0,69.0,25.0,147.0,-320.0,-159.0
218.0,11.0,48.0,65.0,21.0,143.0,-320.0,-161.0
215.0,12.0,45.0,63.0,18.0,141.0,-318.0,-161.0
214.0,10.0,43.0,62.0,16.0,138.0,-318.0,-159.0
212.0,6.0,44.0,63.0,16.0,138.0,-316.0,-157.0
209.0,2.0,45.0,63.0,15.0,137.0,-314.0,-156.0
209.0,-1.0,45.0,62.0,15.0,136.0,-313.0,-155.0
206.0,-3.0,45.0,62.0,15.0,137.0,-311.0,-156.0
202.0,0.0,45.0,61.0,14.0,138.0,-309.0,-157.0
198.0,4.0,44.0,60.0,14.0,139.0,-307.0,-158.0
193.0,9.0,42.0,59.0,12.0,137.0,-307.0,-160.0
189.0,12.0,40.0,58.0,10.0,136.0,-308.0,-163.0
184.0,14.0,40.0,58.0,9.0,135.0,-308.0,-164.0
179.0,16.0,41.0,58.0,10.0,136.0,-306.0,-164.0
177.0,12.0,42.0,59.0,9.0,135.0,-305.0,-165.0
177.0,5.0,41.0,57.0,8.0,133.0,-305.0,-166.0
174.0,2.0,40.0,54.0,6.0,131.0,-305.0,-167.0
173.0,1.0,39.0,54.0,6.0,131.0,-304.0,-167.0
172.0,2.0,38.0,53.0,4.0,131.0,-305.0,-168.0
169.0,5.0,36.0,51.0,3.0,131.0,-305.0,-169.0
167.0,10.0,35.0,49.0,2.0,130.0,-305.0,-169.0
167.0,12.0,34.0,47.0,0.0,128.0,-307.0,-171.0
165.0,14.0,34.0,47.0,0.0,127.0,-308.0,-172.0
164.0,11.0,33.0,46.0,-1.0,125.0,-308.0,-173.0
164.0,7.0,34.0,48.0,-1.0,125.0,-307.0,-171.0
163.0,3.0,35.0,49.0,0.0,125.0,-304.0,-169.0
161.0,1.0,36.0,50.0,0.0,126.0,-301.0,-168.0
162.0,0.0,36.0,49.0,0.0,125.0,-300.0,-168.0
163.0,0.0,34.0,48.0,-2.0,124.0,-300.0,-168.0
163.0,1.0,33.0,47.0,-1.0,125.0,-299.0,-168.0
161.0,7.0,33.0,47.0,-2.0,125.0,-299.0,-169.0
157.0,13.0,32.0,45.0,-3.0,124.0,-299.0,-171.0
158.0,12.0,31.0,45.0,-4.0,124.0,-298.0,-172.0
159.0,10.0,31.0,44.0,-4.0,123.0,-297.0,-172.0
159.0,7.0,32.0,45.0,-4.0,124.0,-295.0,-172.0
158.0,4.0,33.0,47.0,-3.0,125.0,-292.0,-170.0
157.0,1.0,34.0,47.0,-2.0,127.0,-289.0,-170.0
156.0,0.0,35.0,48.0,-2.0,127.0,-289.0,-170.0
155.0,1.0,34.0,47.0,-3.0,125.0,-291.0,-171.0
156.0,3.0,32.0,45.0,-5.0,123.0,-296.0,-172.0
157.0,5.0,30.0,43.0,-7.0,121.0,-302.0,-173.0
156.0,8.0,30.0,43.0,-8.0,120.0,-304.0,-173.0
155.0,9.0,31.0,43.0,-7.0,120.0,-304.0,-173.0
153.0,7.0,30.0,43.0,-7.0,119.0,-305.0,-173.0
154.0,3.0,31.0,45.0,-5.0,120.0,-304.0,-172.0
151.0,3.0,34.0,48.0,-3.0,123.0,-301.0,-170.0
148.0,5.0,38.0,51.0,0.0,126.0,-299.0,-168.0
141.0,12.0,45.0,58.0,5.0,131.0,-296.0,-167.0
133.0,23.0,55.0,70.0,15.0,139.0,-292.0,-165.0
126.0,34.0,64.0,81.0,24.0,146.0,-289.0,-163.0
114.0,46.0,73.0,89.0,30.0,150.0,-289.0,-164.0
109.0,51.0,78.0,96.0,34.0,152.0,-290.0,-165.0
113.0,49.0,79.0,99.0,37.0,156.0,-286.0,-163.0
121.0,36.0,76.0,100.0,37.0,157.0,-286.0,-161.0
131.0,15.0,74.0,101.0,36.0,155.0,-289.0,-163.0
144.0,-8.0,74.0,107.0,38.0,155.0,-290.0,-163.0
164.0,-35.0,74.0,115.0,42.0,156.0,-289.0,-160.0
192.0,-59.0,72.0,121.0,46.0,160.0,-285.0,-155.0
230.0,-89.0,66.0,127.0,50.0,164.0,-279.0,-146.0
282.0,-122.0,61.0,136.0,60.0,175.0,-266.0,-132.0
333.0,-147.0,55.0,146.0,73.0,188.0,-249.0,-115.0
388.0,-176.0,44.0,148.0,78.0,196.0,-236.0,-101.0
430.0,-210.0,30.0,139.0,69.0,187.0,-240.0,-100.0
453.0,-236.0,13.0,119.0,48.0,166.0,-253.0,-109.0
466.0,-250.0,-8.0,88.0,24.0,144.0,-266.0,-114.0
464.0,-250.0,-36.0,48.0,-1.0,126.0,-275.0,-118.0
444.0,-235.0,-66.0,1.0,-29.0,107.0,-284.0,-124.0
411.0,-206.0,-91.0,-44.0,-57.0,89.0,-293.0,-131.0
363.0,-164.0,-103.0,-80.0,-84.0,69.0,-305.0,-138.0
326.0,-139.0,-117.0,-118.0,-115.0,45.0,-321.0,-152.0
304.0,-126.0,-133.0,-149.0,-141.0,25.0,-334.0,-161.0
276.0,-115.0,-136.0,-161.0,-156.0,9.0,-349.0,-177.0
252.0,-111.0,-136.0,-161.0,-164.0,-1.0,-361.0,-191.0
244.0,-111.0,-134.0,-155.0,-163.0,-3.0,-365.0,-196.0
239.0,-109.0,-128.0,-143.0,-156.0,1.0,-361.0,-196.0
231.0,-107.0,-120.0,-132.0,-149.0,5.0,-359.0,-197.0
219.0,-102.0,-111.0,-120.0,-140.0,9.0,-359.0,-201.0
199.0,-91.0,-97.0,-103.0,-129.0,16.0,-357.0,-204.0
184.0,-81.0,-84.0,-86.0,-118.0,22.0,-357.0,-206.0
170.0,-70.0,-74.0,-74.0,-109.0,26.0,-355.0,-208.0
157.0,-59.0,-67.0,-66.0,-104.0,30.0,-354.0,-209.0
151.0,-52.0,-60.0,-58.0,-99.0,34.0,-354.0,-210.0
150.0,-52.0,-51.0,-45.0,-90.0,41.0,-349.0,-207.0
154.0,-56.0,-41.0,-30.0,-78.0,49.0,-344.0,-203.0
154.0,-57.0,-30.0,-16.0,-67.0,59.0,-337.0,-199.0
151.0,-56.0,-20.0,-4.0,-57.0,67.0,-331.0,-197.0
149.0,-57.0,-12.0,5.0,-49.0,73.0,-325.0,-196.0
144.0,-51.0,-3.0,14.0,-43.0,79.0,-320.0,-194.0
138.0,-42.0,2.0,19.0,-39.0,82.0,-317.0,-192.0
136.0,-36.0,5.0,22.0,-37.0,84.0,-314.0,-192.0
135.0,-28.0,8.0,25.0,-34.0,87.0,-311.0,-192.0
134.0,-21.0,10.0,27.0,-32.0,89.0,-308.0,-191.0
135.0,-17.0,12.0,30.0,-29.0,92.0,-306.0,-191.0
133.0,-14.0,14.0,32.0,-26.0,95.0,-303.0,-190.0
135.0,-15.0,18.0,35.0,-23.0,96.0,-302.0,-188.0
135.0,-18.0,21.0,37.0,-21.0,97.0,-301.0,-185.0
134.0,-19.0,23.0,40.0,-18.0,99.0,-300.0,-184.0
133.0,-19.0,24.0,42.0,-17.0,100.0,-301.0,-184.0
134.0,-18.0,23.0,41.0,-18.0,98.0,-303.0,-184.0
134.0,-15.0,22.0,40.0,-19.0,95.0,-305.0,-186.0
134.0,-11.0,21.0,40.0,-21.0,94.0,-304.0,-187.0
132.0,-6.0,22.0,41.0,-21.0,94.0,-301.0,-188.0
131.0,-5.0,22.0,40.0,-20.0,95.0,-299.0,-189.0
130.0,-6.0,22.0,41.0,-19.0,99.0,-296.0,-189.0
132.0,-9.0,23.0,43.0,-16.0,103.0,-294.0,-188.0
132.0,-13.0,25.0,44.0,-14.0,104.0,-293.0,-188.0
134.0,-18.0,26.0,46.0,-13.0,103.0,-293.0,-188.0
137.0,-21.0,26.0,46.0,-13.0,101.0,-295.0,-189.0
136.0,-19.0,25.0,45.0,-14.0,98.0,-296.0,-190.0
136.0,-17.0,24.0,45.0,-15.0,98.0,-297.0,-192.0
135.0,-13.0,22.0,43.0,-17.0,96.0,-298.0,-193.0
135.0,-10.0,22.0,41.0,-18.0,96.0,-299.0,-193.0
135.0,-8.0,22.0,41.0,-18.0,97.0,-297.0,-192.0
136.0,-11.0,23.0,42.0,-17.0,97.0,-296.0,-191.0
138.0,-15.0,23.0,43.0,-16.0,96.0,-296.0,-190.0
139.0,-21.0,23.0,42.0,-17.0,95.0,-295.0,-188.0
139.0,-23.0,25.0,43.0,-17.0,94.0,-291.0,-185.0
139.0,-23.0,26.0,44.0,-17.0,94.0,-289.0,-182.0
137.0,-20.0,27.0,44.0,-17.0,93.0,-290.0,-183.0
138.0,-18.0,26.0,44.0,-17.0,93.0,-290.0,-184.0
138.0,-16.0,24.0,43.0,-18.0,91.0,-293.0,-187.0
139.0,-13.0,22.0,43.0,-18.0,91.0,-293.0,-189.0
139.0,-13.0,21.0,42.0,-19.0,90.0,-293.0,-189.0
138.0,-13.0,22.0,42.0,-18.0,89.0,-293.0,-191.0
140.0,-17.0,23.0,43.0,-18.0,90.0,-292.0,-191.0
139.0,-22.0,24.0,45.0,-16.0,91.0,-290.0,-188.0
140.0,-25.0,25.0,45.0,-16.0,92.0,-288.0,-188.0
141.0,-27.0,25.0,46.0,-15.0,92.0,-288.0,-187.0
142.0,-27.0,24.0,45.0,-17.0,90.0,-289.0,-188.0
142.0,-24.0,23.0,44.0,-18.0,90.0,-289.0,-188.0
141.0,-19.0,22.0,43.0,-19.0,88.0,-290.0,-190.0
144.0,-17.0,22.0,41.0,-20.0,87.0,-290.0,-191.0
145.0,-17.0,22.0,41.0,-20.0,88.0,-289.0,-191.0
142.0,-16.0,23.0,43.0,-18.0,88.0,-287.0,-190.0
140.0,-19.0,24.0,45.0,-16.0,90.0,-285.0,-189.0
142.0,-24.0,25.0,47.0,-15.0,90.0,-284.0,-188.0
143.0,-29.0,25.0,48.0,-15.0,90.0,-283.0,-186.0
143.0,-31.0,24.0,48.0,-16.0,87.0,-284.0,-188.0
144.0,-30.0,24.0,48.0,-16.0,87.0,-284.0,-189.0
146.0,-29.0,24.0,47.0,-16.0,86.0,-284.0,-191.0
144.0,-25.0,23.0,46.0,-17.0,85.0,-285.0,-193.0
143.0,-21.0,22.0,46.0,-17.0,84.0,-286.0,-193.0
144.0,-20.0,22.0,46.0,-17.0,83.0,-287.0,-194.0
147.0,-24.0,22.0,47.0,-17.0,83.0,-285.0,-193.0
149.0,-29.0,22.0,48.0,-18.0,82.0,-284.0,-192.0
149.0,-33.0,23.0,48.0,-18.0,82.0,-283.0,-191.0
149.0,-37.0,25.0,50.0,-17.0,83.0,-280.0,-189.0
148.0,-37.0,26.0,51.0,-15.0,85.0,-278.0,-188.0
149.0,-35.0,25.0,51.0,-14.0,86.0,-276.0,-187.0
150.0,-34.0,25.0,50.0,-15.0,86.0,-274.0,-187.0
151.0,-30.0,24.0,49.0,-15.0,85.0,-273.0,-187.0
149.0,-25.0,23.0,49.0,-16.0,84.0,-272.0,-187.0
149.0,-24.0,22.0,49.0,-17.0,83.0,-271.0,-186.0
147.0,-23.0,24.0,50.0,-16.0,83.0,-273.0,-185.0
148.0,-27.0,26.0,51.0,-15.0,84.0,-275.0,-183.0
149.0,-32.0,27.0,53.0,-14.0,85.0,-276.0,-182.0
151.0,-36.0,29.0,54.0,-13.0,85.0,-275.0,-181.0
150.0,-36.0,29.0,56.0,-12.0,86.0,-276.0,-181.0
150.0,-35.0,28.0,57.0,-12.0,85.0,-277.0,-181.0
150.0,-34.0,28.0,58.0,-12.0,83.0,-279.0,-182.0
151.0,-31.0,27.0,57.0,-13.0,81.0,-281.0,-183.0
151.0,-27.0,27.0,57.0,-13.0,80.0,-282.0,-184.0
153.0,-27.0,27.0,57.0,-14.0,80.0,-283.0,-185.0
153.0,-28.0,28.0,59.0,-12.0,81.0,-283.0,-183.0
151.0,-28.0,31.0,61.0,-10.0,84.0,-282.0,-182.0
152.0,-33.0,32.0,63.0,-9.0,86.0,-281.0,-180.0
153.0,-37.0,32.0,64.0,-8.0,86.0,-281.0,-180.0
151.0,-37.0,33.0,66.0,-7.0,85.0,-282.0,-180.0
151.0,-36.0,35.0,67.0,-8.0,84.0,-283.0,-181.0
154.0,-36.0,34.0,67.0,-8.0,83.0,-284.0,-182.0
154.0,-32.0,33.0,66.0,-9.0,82.0,-286.0,-183.0
155.0,-29.0,33.0,66.0,-9.0,82.0,-285.0,-183.0
154.0,-26.0,35.0,68.0,-8.0,83.0,-283.0,-182.0
154.0,-26.0,37.0,71.0,-5.0,84.0,-281.0,-181.0
157.0,-31.0,39.0,74.0,-3.0,86.0,-280.0,-179.0
160.0,-38.0,40.0,76.0,-2.0,86.0,-280.0,-179.0
158.0,-41.0,42.0,78.0,-2.0,85.0,-280.0,-178.0
158.0,-42.0,44.0,79.0,-1.0,86.0,-280.0,-177.0
158.0,-40.0,44.0,81.0,-1.0,86.0,-280.0,-177.0
156.0,-36.0,43.0,81.0,-1.0,85.0,-281.0,-177.0
158.0,-35.0,41.0,79.0,-3.0,84.0,-283.0,-178.0
158.0,-31.0,41.0,79.0,-2.0,84.0,-283.0,-177.0
160.0,-30.0,42.0,80.0,-1.0,85.0,-283.0,-177.0
161.0,-31.0,44.0,81.0,0.0,85.0,-282.0,-176.0
157.0,-32.0,46.0,82.0,0.0,87.0,-281.0,-174.0
157.0,-35.0,48.0,83.0,1.0,87.0,-280.0,-172.0
157.0,-40.0,49.0,84.0,1.0,87.0,-280.0,-172.0
157.0,-41.0,49.0,85.0,1.0,87.0,-279.0,-173.0
158.0,-39.0,49.0,85.0,2.0,87.0,-279.0,-173.0
160.0,-38.0,48.0,83.0,1.0,86.0,-280.0,-173.0
158.0,-33.0,47.0,81.0,0.0,85.0,-281.0,-175.0
158.0,-29.0,46.0,79.0,-2.0,82.0,-282.0,-176.0
156.0,-26.0,47.0,79.0,-2.0,82.0,-280.0,-175.0
157.0,-26.0,47.0,81.0,-1.0,83.0,-279.0,-174.0
157.0,-30.0,48.0,82.0,0.0,84.0,-277.0,-173.0
158.0,-35.0,50.0,82.0,0.0,83.0,-277.0,-173.0
158.0,-38.0,50.0,82.0,-2.0,81.0,-277.0,-173.0
158.0,-39.0,49.0,79.0,-4.0,78.0,-277.0,-173.0
157.0,-37.0,48.0,77.0,-5.0,77.0,-277.0,-173.0
155.0,-34.0,48.0,75.0,-7.0,75.0,-279.0,-173.0
152.0,-27.0,47.0,74.0,-8.0,75.0,-280.0,-174.0
153.0,-25.0,43.0,71.0,-10.0,73.0,-282.0,-176.0
152.0,-24.0,42.0,69.0,-11.0,72.0,-282.0,-176.0
154.0,-27.0,40.0,68.0,-13.0,69.0,-282.0,-176.0
152.0,-30.0,41.0,67.0,-14.0,68.0,-282.0,-175.0
154.0,-34.0,40.0,66.0,-13.0,69.0,-282.0,-173.0
154.0,-38.0,39.0,65.0,-13.0,69.0,-281.0,-172.0
152.0,-37.0,38.0,64.0,-13.0,69.0,-281.0,-171.0
152.0,-35.0,37.0,62.0,-14.0,68.0,-283.0,-170.0
150.0,-33.0,36.0,59.0,-16.0,66.0,-284.0,-171.0
150.0,-28.0,33.0,57.0,-18.0,66.0,-286.0,-173.0
153.0,-29.0,30.0,53.0,-19.0,64.0,-289.0,-175.0
157.0,-33.0,27.0,50.0,-21.0,62.0,-291.0,-176.0
159.0,-36.0,26.0,48.0,-23.0,62.0,-293.0,-176.0
160.0,-40.0,25.0,47.0,-22.0,63.0,-295.0,-175.0
159.0,-44.0,25.0,47.0,-22.0,64.0,-297.0,-173.0
159.0,-49.0,24.0,46.0,-23.0,64.0,-297.0,-173.0
160.0,-51.0,23.0,44.0,-23.0,66.0,-295.0,-171.0
160.0,-49.0,21.0,42.0,-24.0,65.0,-295.0,-172.0
159.0,-46.0,19.0,40.0,-26.0,64.0,-296.0,-172.0
158.0,-42.0,16.0,37.0,-28.0,63.0,-299.0,-173.0
161.0,-40.0,12.0,34.0,-30.0,62.0,-301.0,-174.0
162.0,-40.0,11.0,33.0,-30.0,62.0,-302.0,-174.0
163.0,-42.0,9.0,32.0,-30.0,61.0,-304.0,-174.0
163.0,-46.0,10.0,32.0,-30.0,62.0,-304.0,-172.0
162.0,-49.0,11.0,31.0,-30.0,63.0,-305.0,-173.0
160.0,-52.0,10.0,30.0,-30.0,62.0,-306.0,-172.0
162.0,-55.0,8.0,30.0,-31.0,61.0,-308.0,-174.0
162.0,-53.0,6.0,29.0,-32.0,59.0,-310.0,-174.0
163.0,-52.0,4.0,27.0,-34.0,56.0,-311.0,-175.0
163.0,-49.0,4.0,26.0,-34.0,54.0,-314.0,-175.0
162.0,-45.0,3.0,25.0,-35.0,53.0,-315.0,-177.0
160.0,-44.0,3.0,25.0,-36.0,53.0,-316.0,-177.0
159.0,-45.0,3.0,26.0,-35.0,53.0,-317.0,-176.0
158.0,-48.0,3.0,26.0,-35.0,54.0,-317.0,-175.0
158.0,-52.0,4.0,26.0,-36.0,53.0,-317.0,-175.0
158.0,-56.0,4.0,24.0,-38.0,52.0,-319.0,-175.0
159.0,-58.0,4.0,24.0,-39.0,50.0,-321.0,-175.0
161.0,-58.0,4.0,24.0,-39.0,49.0,-323.0,-175.0
162.0,-56.0,2.0,23.0,-39.0,48.0,-326.0,-176.0
162.0,-53.0,1.0,21.0,-40.0,47.0,-328.0,-177.0
161.0,-50.0,0.0,19.0,-42.0,46.0,-330.0,-178.0
160.0,-48.0,0.0,19.0,-41.0,48.0,-330.0,-177.0
158.0,-48.0,0.0,21.0,-39.0,51.0,-329.0,-175.0
161.0,-54.0,0.0,21.0,-39.0,52.0,-330.0,-173.0
157.0,-55.0,0.0,22.0,-38.0,52.0,-329.0,-172.0
155.0,-57.0,2.0,23.0,-38.0,52.0,-328.0,-172.0
157.0,-60.0,3.0,23.0,-38.0,51.0,-329.0,-172.0
159.0,-59.0,1.0,22.0,-39.0,49.0,-331.0,-173.0
158.0,-55.0,0.0,21.0,-41.0,47.0,-333.0,-174.0
158.0,-52.0,-1.0,20.0,-42.0,45.0,-335.0,-175.0
160.0,-51.0,-2.0,18.0,-44.0,42.0,-339.0,-177.0
162.0,-52.0,-3.0,17.0,-45.0,39.0,-343.0,-178.0
160.0,-52.0,-3.0,17.0,-45.0,38.0,-346.0,-178.0
161.0,-56.0,-3.0,18.0,-44.0,39.0,-346.0,-174.0
163.0,-62.0,-1.0,19.0,-43.0,40.0,-347.0,-174.0
162.0,-65.0,-1.0,20.0,-42.0,42.0,-346.0,-172.0
159.0,-64.0,-1.0,19.0,-41.0,45.0,-345.0,-171.0
159.0,-61.0,-1.0,19.0,-40.0,49.0,-342.0,-169.0
159.0,-58.0,-1.0,18.0,-40.0,52.0,-340.0,-169.0
160.0,-55.0,-2.0,17.0,-40.0,52.0,-340.0,-170.0
160.0,-51.0,-4.0,15.0,-42.0,51.0,-340.0,-170.0
161.0,-49.0,-5.0,16.0,-42.0,50.0,-340.0,-169.0
162.0,-51.0,-5.0,17.0,-42.0,50.0,-340.0,-168.0
161.0,-53.0,-2.0,19.0,-40.0,50.0,-339.0,-166.0
160.0,-56.0,-1.0,20.0,-40.0,49.0,-340.0,-165.0
161.0,-60.0,0.0,21.0,-39.0,50.0,-341.0,-166.0
159.0,-61.0,0.0,23.0,-38.0,49.0,-341.0,-166.0
158.0,-60.0,0.0,22.0,-39.0,46.0,-344.0,-166.0
158.0,-59.0,-1.0,22.0,-41.0,43.0,-348.0,-167.0
158.0,-58.0,-3.0,19.0,-44.0,39.0,-352.0,-170.0
160.0,-56.0,-5.0,17.0,-46.0,37.0,-356.0,-173.0
163.0,-57.0,-5.0,17.0,-47.0,36.0,-358.0,-173.0
162.0,-57.0,-5.0,18.0,-46.0,39.0,-358.0,-171.0
162.0,-59.0,-4.0,19.0,-44.0,42.0,-356.0,-169.0
164.0,-63.0,-4.0,20.0,-42.0,44.0,-352.0,-167.0
163.0,-66.0,-3.0,20.0,-42.0,44.0,-351.0,-165.0
163.0,-67.0,-2.0,21.0,-42.0,44.0,-351.0,-164.0
163.0,-53.0,-8.0,19.0,-42.0,45.0,-351.0,-148.0
162.0,-55.0,-6.0,20.0,-42.0,46.0,-351.0,-144.0
161.0,-58.0,-3.0,21.0,-40.0,46.0,-350.0,-140.0
161.0,-62.0,-2.0,21.0,-41.0,46.0,-350.0,-138.0
163.0,-64.0,-3.0,22.0,-40.0,47.0,-350.0,-134.0
162.0,-61.0,-3.0,22.0,-39.0,47.0,-350.0,-132.0
160.0,-56.0,-4.0,23.0,-38.0,49.0,-350.0,-130.0
161.0,-53.0,-5.0,23.0,-39.0,48.0,-352.0,-129.0
162.0,-51.0,-5.0,22.0,-41.0,46.0,-354.0,-130.0
161.0,-49.0,-7.0,19.0,-42.0,43.0,-355.0,-132.0
163.0,-52.0,-7.0,18.0,-44.0,41.0,-357.0,-132.0
165.0,-56.0,-6.0,19.0,-42.0,42.0,-357.0,-130.0
167.0,-60.0,-5.0,21.0,-40.0,45.0,-357.0,-126.0
167.0,-64.0,-4.0,23.0,-37.0,47.0,-357.0,-122.0
167.0,-64.0,-3.0,23.0,-37.0,47.0,-356.0,-117.0
166.0,-62.0,-4.0,22.0,-38.0,47.0,-356.0,-114.0
165.0,-59.0,-3.0,21.0,-40.0,46.0,-356.0,-110.0
165.0,-56.0,-5.0,19.0,-42.0,44.0,-357.0,-108.0
164.0,-52.0,-7.0,17.0,-44.0,43.0,-358.0,-106.0
167.0,-52.0,-8.0,18.0,-43.0,44.0,-357.0,-103.0
169.0,-56.0,-7.0,19.0,-42.0,44.0,-357.0,-101.0
166.0,-57.0,-5.0,21.0,-41.0,45.0,-356.0,-99.0
163.0,-58.0,-5.0,22.0,-41.0,45.0,-355.0,-97.0
163.0,-61.0,-5.0,21.0,-41.0,45.0,-354.0,-94.0
161.0,-60.0,-3.0,21.0,-40.0,45.0,-353.0,-92.0
160.0,-58.0,-2.0,22.0,-40.0,45.0,-353.0,-91.0
161.0,-56.0,-3.0,23.0,-40.0,44.0,-353.0,-91.0
162.0,-54.0,-5.0,22.0,-41.0,43.0,-355.0,-91.0
163.0,-52.0,-7.0,20.0,-43.0,40.0,-357.0,-93.0
163.0,-52.0,-9.0,19.0,-44.0,38.0,-358.0,-95.0
162.0,-52.0,-8.0,18.0,-45.0,38.0,-359.0,-95.0
162.0,-56.0,-7.0,18.0,-45.0,39.0,-359.0,-94.0
165.0,-61.0,-7.0,19.0,-43.0,42.0,-357.0,-91.0
165.0,-63.0,-6.0,20.0,-40.0,45.0,-355.0,-87.0
163.0,-63.0,-6.0,20.0,-39.0,46.0,-355.0,-85.0
163.0,-60.0,-5.0,20.0,-39.0,45.0,-356.0,-84.0
164.0,-59.0,-7.0,19.0,-40.0,44.0,-357.0,-83.0
165.0,-57.0,-9.0,18.0,-42.0,42.0,-359.0,-83.0
165.0,-54.0,-9.0,17.0,-42.0,41.0,-361.0,-83.0
161.0,-51.0,-9.0,16.0,-44.0,39.0,-363.0,-83.0
162.0,-53.0,-11.0,15.0,-46.0,39.0,-363.0,-81.0
161.0,-56.0,-10.0,14.0,-46.0,40.0,-361.0,-78.0
160.0,-58.0,-8.0,16.0,-44.0,42.0,-359.0,-74.0
159.0,-60.0,-8.0,17.0,-42.0,44.0,-357.0,-72.0
159.0,-61.0,-8.0,18.0,-41.0,45.0,-355.0,-70.0
158.0,-59.0,-8.0,18.0,-42.0,43.0,-356.0,-69.0
157.0,-57.0,-9.0,17.0,-43.0,41.0,-357.0,-68.0
156.0,-53.0,-8.0,15.0,-45.0,38.0,-360.0,-69.0
155.0,-51.0,-9.0,14.0,-46.0,35.0,-363.0,-70.0
158.0,-51.0,-10.0,13.0,-46.0,36.0,-364.0,-70.0
160.0,-53.0,-10.0,14.0,-46.0,38.0,-364.0,-68.0
158.0,-55.0,-9.0,14.0,-44.0,41.0,-361.0,-65.0
157.0,-58.0,-7.0,15.0,-44.0,42.0,-359.0,-62.0
157.0,-62.0,-6.0,17.0,-43.0,43.0,-357.0,-60.0
159.0,-64.0,-5.0,18.0,-43.0,41.0,-357.0,-59.0
157.0,-61.0,-7.0,16.0,-44.0,39.0,-355.0,-57.0
156.0,-57.0,-10.0,13.0,-46.0,37.0,-355.0,-56.0
157.0,-53.0,-11.0,12.0,-47.0,35.0,-357.0,-56.0
158.0,-50.0,-11.0,12.0,-47.0,35.0,-358.0,-56.0
158.0,-49.0,-12.0,13.0,-46.0,36.0,-359.0,-55.0
159.0,-52.0,-12.0,14.0,-45.0,36.0,-360.0,-55.0
158.0,-55.0,-11.0,14.0,-46.0,36.0,-360.0,-55.0
156.0,-57.0,-9.0,14.0,-45.0,37.0,-358.0,-53.0
153.0,-60.0,-8.0,14.0,-45.0,37.0,-357.0,-53.0
153.0,-60.0,-6.0,16.0,-45.0,38.0,-355.0,-53.0
153.0,-58.0,-7.0,16.0,-44.0,38.0,-354.0,-51.0
154.0,-58.0,-10.0,14.0,-46.0,36.0,-355.0,-51.0
157.0,-56.0,-12.0,12.0,-47.0,34.0,-355.0,-51.0
156.0,-51.0,-12.0,11.0,-49.0,33.0,-355.0,-52.0
155.0,-49.0,-12.0,11.0,-49.0,33.0,-355.0,-53.0
155.0,-49.0,-12.0,10.0,-49.0,34.0,-356.0,-53.0
157.0,-54.0,-10.0,12.0,-48.0,33.0,-355.0,-53.0
158.0,-58.0,-9.0,14.0,-46.0,34.0,-353.0,-52.0
157.0,-60.0,-8.0,15.0,-44.0,37.0,-350.0,-51.0
155.0,-60.0,-8.0,16.0,-43.0,38.0,-349.0,-51.0
155.0,-58.0,-9.0,15.0,-44.0,38.0,-348.0,-52.0
154.0,-55.0,-11.0,14.0,-46.0,37.0,-349.0,-54.0
155.0,-53.0,-13.0,12.0,-48.0,33.0,-351.0,-58.0
156.0,-50.0,-14.0,9.0,-49.0,31.0,-351.0,-60.0
155.0,-47.0,-13.0,10.0,-49.0,31.0,-349.0,-61.0
155.0,-48.0,-11.0,11.0,-47.0,32.0,-347.0,-63.0
156.0,-52.0,-10.0,13.0,-45.0,34.0,-343.0,-63.0
153.0,-55.0,-9.0,15.0,-43.0,38.0,-340.0,-63.0
154.0,-59.0,-8.0,15.0,-45.0,39.0,-337.0,-63.0
153.0,-60.0,-9.0,14.0,-45.0,38.0,-336.0,-64.0
153.0,-60.0,-9.0,14.0,-45.0,38.0,-335.0,-65.0
153.0,-58.0,-9.0,14.0,-46.0,37.0,-336.0,-66.0
153.0,-54.0,-10.0,13.0,-48.0,34.0,-339.0,-67.0
154.0,-52.0,-14.0,11.0,-49.0,33.0,-340.0,-69.0
155.0,-51.0,-15.0,11.0,-49.0,33.0,-340.0,-70.0
157.0,-52.0,-14.0,12.0,-48.0,35.0,-338.0,-70.0
157.0,-54.0,-11.0,13.0,-46.0,38.0,-336.0,-70.0
155.0,-57.0,-9.0,14.0,-45.0,39.0,-333.0,-70.0
153.0,-58.0,-8.0,15.0,-44.0,39.0,-331.0,-71.0
155.0,-60.0,-8.0,16.0,-45.0,39.0,-331.0,-73.0
155.0,-58.0,-10.0,14.0,-46.0,38.0,-332.0,-74.0
154.0,-54.0,-12.0,12.0,-47.0,38.0,-333.0,-75.0
153.0,-49.0,-13.0,12.0,-48.0,36.0,-334.0,-77.0
152.0,-44.0,-12.0,12.0,-48.0,34.0,-334.0,-78.0
150.0,-42.0,-11.0,12.0,-49.0,33.0,-334.0,-79.0
149.0,-43.0,-10.0,12.0,-50.0,33.0,-334.0,-79.0
149.0,-47.0,-10.0,12.0,-50.0,32.0,-333.0,-79.0
149.0,-51.0,-9.0,13.0,-48.0,35.0,-330.0,-77.0
149.0,-55.0,-10.0,14.0,-47.0,37.0,-327.0,-77.0
151.0,-57.0,-10.0,14.0,-46.0,38.0,-325.0,-77.0
154.0,-57.0,-10.0,14.0,-45.0,38.0,-324.0,-77.0
152.0,-54.0,-10.0,15.0,-45.0,37.0,-324.0,-77.0
150.0,-48.0,-11.0,14.0,-47.0,34.0,-325.0,-78.0
149.0,-44.0,-12.0,13.0,-49.0,31.0,-326.0,-80.0
149.0,-42.0,-12.0,12.0,-49.0,30.0,-326.0,-81.0
150.0,-43.0,-12.0,13.0,-49.0,29.0,-325.0,-82.0
152.0,-48.0,-11.0,14.0,-49.0,30.0,-324.0,-82.0
156.0,-55.0,-11.0,15.0,-47.0,33.0,-322.0,-81.0
155.0,-59.0,-10.0,15.0,-46.0,34.0,-320.0,-80.0
154.0,-61.0,-8.0,15.0,-46.0,34.0,-319.0,-78.0
152.0,-58.0,-8.0,16.0,-46.0,37.0,-317.0,-77.0
152.0,-57.0,-10.0,16.0,-45.0,39.0,-316.0,-76.0
153.0,-54.0,-13.0,15.0,-46.0,36.0,-318.0,-78.0
149.0,-49.0,-13.0,14.0,-47.0,34.0,-319.0,-78.0
151.0,-48.0,-13.0,12.0,-50.0,32.0,-319.0,-78.0
151.0,-50.0,-13.0,12.0,-50.0,32.0,-317.0,-78.0
148.0,-49.0,-11.0,13.0,-48.0,34.0,-314.0,-76.0
148.0,-53.0,-9.0,15.0,-46.0,35.0,-311.0,-74.0
150.0,-57.0,-8.0,18.0,-43.0,37.0,-308.0,-72.0
152.0,-60.0,-10.0,16.0,-44.0,36.0,-306.0,-71.0
151.0,-58.0,-11.0,14.0,-45.0,33.0,-306.0,-70.0
151.0,-55.0,-11.0,13.0,-46.0,33.0,-305.0,-69.0
150.0,-49.0,-9.0,14.0,-45.0,35.0,-303.0,-67.0
150.0,-44.0,-10.0,13.0,-45.0,35.0,-304.0,-68.0
148.0,-41.0,-12.0,12.0,-47.0,34.0,-304.0,-68.0
148.0,-42.0,-14.0,11.0,-49.0,32.0,-304.0,-69.0
145.0,-43.0,-11.0,13.0,-48.0,33.0,-302.0,-68.0
147.0,-48.0,-11.0,13.0,-47.0,34.0,-299.0,-67.0
150.0,-52.0,-10.0,13.0,-47.0,35.0,-296.0,-66.0
147.0,-51.0,-8.0,14.0,-47.0,36.0,-293.0,-64.0
147.0,-51.0,-7.0,14.0,-47.0,35.0,-292.0,-64.0
148.0,-52.0,-9.0,14.0,-47.0,34.0,-293.0,-66.0
145.0,-46.0,-11.0,13.0,-49.0,32.0,-294.0,-67.0
146.0,-42.0,-12.0,12.0,-51.0,30.0,-295.0,-67.0
145.0,-40.0,-13.0,9.0,-51.0,29.0,-294.0,-67.0
147.0,-43.0,-13.0,8.0,-51.0,30.0,-294.0,-67.0
147.0,-44.0,-12.0,9.0,-49.0,33.0,-292.0,-66.0
144.0,-45.0,-10.0,12.0,-45.0,36.0,-289.0,-64.0
143.0,-49.0,-8.0,16.0,-43.0,38.0,-287.0,-62.0
146.0,-52.0,-8.0,17.0,-42.0,37.0,-286.0,-60.0
146.0,-50.0,-7.0,18.0,-43.0,35.0,-286.0,-59.0
144.0,-46.0,-7.0,19.0,-43.0,33.0,-285.0,-58.0
145.0,-44.0,-7.0,18.0,-44.0,32.0,-284.0,-58.0
146.0,-42.0,-7.0,19.0,-45.0,32.0,-284.0,-57.0
146.0,-41.0,-8.0,19.0,-44.0,32.0,-283.0,-55.0
149.0,-43.0,-8.0,19.0,-44.0,33.0,-281.0,-52.0
146.0,-43.0,-8.0,17.0,-44.0,34.0,-279.0,-49.0
147.0,-44.0,-5.0,17.0,-43.0,34.0,-278.0,-46.0
146.0,-46.0,-1.0,21.0,-40.0,35.0,-278.0,-43.0
148.0,-49.0,0.0,24.0,-39.0,36.0,-278.0,-41.0
148.0,-49.0,-3.0,23.0,-41.0,33.0,-279.0,-41.0
142.0,-43.0,-5.0,20.0,-44.0,31.0,-278.0,-43.0
139.0,-37.0,-3.0,20.0,-44.0,31.0,-275.0,-43.0
139.0,-33.0,-1.0,21.0,-43.0,32.0,-273.0,-44.0
141.0,-33.0,-1.0,21.0,-42.0,33.0,-271.0,-44.0
145.0,-36.0,-3.0,22.0,-41.0,35.0,-268.0,-43.0
149.0,-41.0,-2.0,24.0,-40.0,36.0,-265.0,-41.0
152.0,-45.0,0.0,25.0,-38.0,37.0,-262.0,-39.0
154.0,-46.0,1.0,28.0,-35.0,40.0,-257.0,-36.0
158.0,-45.0,3.0,30.0,-32.0,43.0,-252.0,-33.0
162.0,-42.0,4.0,31.0,-29.0,46.0,-248.0,-30.0
164.0,-39.0,3.0,31.0,-28.0,48.0,-246.0,-28.0
167.0,-37.0,0.0,30.0,-29.0,46.0,-247.0,-29.0
171.0,-38.0,-3.0,27.0,-32.0,43.0,-249.0,-31.0
174.0,-38.0,-4.0,25.0,-33.0,41.0,-250.0,-33.0
175.0,-41.0,-5.0,25.0,-33.0,39.0,-251.0,-34.0
176.0,-47.0,-8.0,23.0,-35.0,37.0,-251.0,-34.0
174.0,-51.0,-11.0,20.0,-38.0,35.0,-251.0,-35.0
171.0,-53.0,-11.0,18.0,-40.0,34.0,-251.0,-35.0
169.0,-55.0,-12.0,16.0,-41.0,34.0,-250.0,-36.0
169.0,-54.0,-13.0,16.0,-41.0,34.0,-249.0,-36.0
170.0,-52.0,-12.0,16.0,-41.0,34.0,-249.0,-36.0
169.0,-50.0,-14.0,15.0,-43.0,32.0,-250.0,-38.0
167.0,-45.0,-14.0,14.0,-44.0,30.0,-251.0,-39.0
165.0,-42.0,-14.0,13.0,-44.0,29.0,-252.0,-40.0
163.0,-42.0,-13.0,14.0,-44.0,31.0,-250.0,-39.0
162.0,-42.0,-11.0,16.0,-42.0,34.0,-247.0,-37.0
160.0,-46.0,-11.0,17.0,-40.0,35.0,-246.0,-39.0
153.0,-46.0,-8.0,20.0,-38.0,38.0,-243.0,-38.0
150.0,-45.0,-7.0,21.0,-37.0,38.0,-242.0,-39.0
146.0,-43.0,-6.0,20.0,-37.0,36.0,-242.0,-40.0
146.0,-43.0,-7.0,19.0,-40.0,33.0,-244.0,-44.0
146.0,-42.0,-11.0,15.0,-44.0,28.0,-249.0,-49.0
146.0,-41.0,-14.0,12.0,-47.0,25.0,-252.0,-51.0
144.0,-40.0,-15.0,10.0,-49.0,22.0,-254.0,-53.0
143.0,-40.0,-15.0,9.0,-50.0,21.0,-255.0,-53.0
141.0,-40.0,-15.0,9.0,-50.0,21.0,-254.0,-53.0
142.0,-46.0,-15.0,8.0,-50.0,21.0,-253.0,-52.0
141.0,-48.0,-13.0,10.0,-49.0,23.0,-251.0,-51.0
139.0,-49.0,-12.0,10.0,-47.0,24.0,-249.0,-50.0
138.0,-46.0,-12.0,10.0,-47.0,25.0,-247.0,-49.0
136.0,-42.0,-13.0,8.0,-49.0,24.0,-246.0,-48.0
137.0,-39.0,-15.0,8.0,-49.0,24.0,-247.0,-50.0
137.0,-36.0,-15.0,8.0,-49.0,23.0,-247.0,-50.0
136.0,-34.0,-16.0,7.0,-51.0,20.0,-248.0,-51.0
135.0,-35.0,-16.0,6.0,-52.0,18.0,-248.0,-53.0
135.0,-36.0,-14.0,6.0,-51.0,20.0,-247.0,-53.0
136.0,-40.0,-12.0,7.0,-49.0,22.0,-244.0,-52.0
136.0,-44.0,-11.0,10.0,-47.0,25.0,-242.0,-51.0
133.0,-44.0,-9.0,12.0,-45.0,27.0,-240.0,-51.0
134.0,-44.0,-9.0,11.0,-46.0,25.0,-241.0,-52.0
134.0,-41.0,-10.0,10.0,-47.0,23.0,-241.0,-52.0
132.0,-37.0,-10.0,10.0,-48.0,22.0,-242.0,-54.0
133.0,-34.0,-11.0,10.0,-48.0,21.0,-242.0,-55.0
132.0,-32.0,-12.0,9.0,-49.0,20.0,-243.0,-55.0
129.0,-31.0,-12.0,9.0,-49.0,20.0,-242.0,-56.0
130.0,-35.0,-11.0,10.0,-48.0,21.0,-240.0,-55.0
131.0,-40.0,-9.0,11.0,-46.0,22.0,-239.0,-53.0
130.0,-42.0,-9.0,12.0,-45.0,24.0,-238.0,-51.0
130.0,-44.0,-9.0,13.0,-45.0,24.0,-239.0,-51.0
132.0,-44.0,-8.0,12.0,-45.0,22.0,-240.0,-53.0
129.0,-38.0,-6.0,13.0,-45.0,23.0,-239.0,-54.0
122.0,-26.0,-3.0,15.0,-43.0,24.0,-237.0,-53.0
118.0,-14.0,2.0,22.0,-38.0,28.0,-234.0,-52.0
111.0,-5.0,11.0,33.0,-28.0,36.0,-229.0,-51.0
102.0,4.0,23.0,45.0,-18.0,45.0,-224.0,-49.0
92.0,11.0,36.0,58.0,-8.0,53.0,-219.0,-46.0
83.0,13.0,45.0,68.0,0.0,60.0,-215.0,-45.0
86.0,7.0,49.0,75.0,7.0,68.0,-209.0,-39.0
94.0,-3.0,46.0,77.0,9.0,70.0,-205.0,-36.0
102.0,-16.0,45.0,81.0,9.0,68.0,-206.0,-37.0
112.0,-31.0,48.0,89.0,13.0,68.0,-207.0,-37.0
130.0,-49.0,50.0,100.0,17.0,71.0,-207.0,-37.0
153.0,-65.0,49.0,108.0,25.0,78.0,-199.0,-30.0
188.0,-90.0,46.0,119.0,34.0,86.0,-190.0,-20.0
237.0,-121.0,42.0,134.0,49.0,102.0,-172.0,-1.0
291.0,-150.0,39.0,148.0,69.0,123.0,-149.0,23.0
341.0,-176.0,31.0,153.0,81.0,138.0,-128.0,47.0
383.0,-211.0,16.0,143.0,76.0,134.0,-125.0,54.0
410.0,-244.0,-8.0,117.0,51.0,110.0,-140.0,46.0
425.0,-256.0,-40.0,79.0,21.0,83.0,-154.0,39.0
430.0,-257.0,-80.0,29.0,-13.0,57.0,-168.0,31.0
415.0,-244.0,-119.0,-28.0,-52.0,29.0,-184.0,21.0
383.0,-219.0,-146.0,-76.0,-87.0,1.0,-202.0,9.0
341.0,-189.0,-160.0,-117.0,-122.0,-26.0,-222.0,-7.0
305.0,-168.0,-175.0,-158.0,-156.0,-52.0,-241.0,-23.0
283.0,-160.0,-187.0,-189.0,-181.0,-70.0,-252.0,-32.0
259.0,-158.0,-189.0,-201.0,-195.0,-82.0,-263.0,-43.0
239.0,-162.0,-186.0,-198.0,-200.0,-90.0,-274.0,-57.0
230.0,-160.0,-180.0,-188.0,-198.0,-91.0,-278.0,-63.0
225.0,-156.0,-173.0,-177.0,-193.0,-90.0,-278.0,-65.0
214.0,-145.0,-165.0,-165.0,-186.0,-88.0,-277.0,-68.0
201.0,-132.0,-156.0,-153.0,-179.0,-85.0,-280.0,-74.0
186.0,-120.0,-144.0,-137.0,-169.0,-81.0,-281.0,-80.0
164.0,-104.0,-129.0,-120.0,-157.0,-73.0,-281.0,-86.0
146.0,-93.0,-115.0,-104.0,-145.0,-64.0,-279.0,-87.0
137.0,-89.0,-104.0,-92.0,-136.0,-57.0,-276.0,-88.0
132.0,-89.0,-92.0,-78.0,-126.0,-49.0,-271.0,-85.0
134.0,-90.0,-80.0,-63.0,-114.0,-39.0,-265.0,-81.0
135.0,-90.0,-68.0,-49.0,-103.0,-30.0,-260.0,-78.0
134.0,-87.0,-58.0,-36.0,-92.0,-22.0,-255.0,-76.0
132.0,-80.0,-48.0,-24.0,-84.0,-16.0,-250.0,-73.0
126.0,-69.0,-39.0,-15.0,-76.0,-10.0,-247.0,-72.0
121.0,-59.0,-32.0,-8.0,-71.0,-7.0,-244.0,-71.0
115.0,-51.0,-26.0,-3.0,-68.0,-5.0,-243.0,-71.0
114.0,-49.0,-22.0,1.0,-64.0,-2.0,-240.0,-69.0
113.0,-47.0,-17.0,5.0,-59.0,2.0,-236.0,-67.0
113.0,-48.0,-13.0,9.0,-55.0,5.0,-232.0,-64.0
113.0,-48.0,-9.0,13.0,-51.0,10.0,-227.0,-61.0
110.0,-44.0,-6.0,15.0,-48.0,14.0,-222.0,-59.0
109.0,-40.0,-5.0,17.0,-46.0,16.0,-219.0,-57.0
110.0,-35.0,-4.0,19.0,-45.0,17.0,-218.0,-56.0
108.0,-30.0,-3.0,19.0,-45.0,17.0,-220.0,-57.0
107.0,-26.0,-3.0,18.0,-46.0,15.0,-221.0,-58.0
108.0,-24.0,-4.0,18.0,-46.0,15.0,-222.0,-57.0
109.0,-25.0,-5.0,18.0,-46.0,16.0,-221.0,-57.0
108.0,-27.0,-4.0,19.0,-44.0,18.0,-219.0,-56.0
107.0,-28.0,-1.0,21.0,-42.0,20.0,-217.0,-55.0
108.0,-31.0,0.0,23.0,-40.0,22.0,-215.0,-54.0
109.0,-32.0,0.0,24.0,-39.0,22.0,-213.0,-53.0
108.0,-30.0,0.0,25.0,-39.0,22.0,-213.0,-53.0
106.0,-26.0,0.0,25.0,-39.0,22.0,-212.0,-54.0
106.0,-22.0,0.0,24.0,-40.0,20.0,-213.0,-56.0
105.0,-18.0,0.0,22.0,-41.0,20.0,-213.0,-58.0
105.0,-17.0,-1.0,21.0,-40.0,20.0,-212.0,-57.0
107.0,-18.0,-1.0,22.0,-40.0,20.0,-211.0,-57.0
108.0,-22.0,0.0,23.0,-39.0,21.0,-209.0,-56.0
109.0,-27.0,1.0,26.0,-38.0,22.0,-208.0,-53.0
107.0,-28.0,3.0,27.0,-37.0,23.0,-207.0,-53.0
106.0,-29.0,4.0,27.0,-37.0,22.0,-208.0,-53.0
105.0,-28.0,5.0,26.0,-38.0,21.0,-209.0,-55.0
104.0,-26.0,4.0,26.0,-39.0,20.0,-211.0,-55.0
105.0,-23.0,3.0,25.0,-39.0,18.0,-212.0,-55.0
105.0,-20.0,1.0,25.0,-40.0,16.0,-213.0,-56.0
106.0,-18.0,1.0,25.0,-40.0,16.0,-213.0,-55.0
106.0,-20.0,0.0,25.0,-40.0,17.0,-212.0,-56.0
107.0,-24.0,1.0,26.0,-38.0,19.0,-210.0,-54.0
107.0,-27.0,3.0,27.0,-37.0,21.0,-208.0,-52.0
105.0,-29.0,5.0,29.0,-35.0,23.0,-205.0,-50.0
104.0,-30.0,6.0,29.0,-35.0,23.0,-204.0,-49.0
104.0,-28.0,6.0,28.0,-36.0,21.0,-204.0,-50.0
103.0,-25.0,6.0,28.0,-36.0,21.0,-203.0,-49.0
104.0,-22.0,4.0,27.0,-37.0,21.0,-204.0,-51.0
102.0,-18.0,3.0,26.0,-37.0,21.0,-206.0,-51.0
102.0,-17.0,2.0,26.0,-38.0,19.0,-208.0,-52.0
103.0,-18.0,3.0,26.0,-39.0,17.0,-210.0,-53.0
104.0,-23.0,3.0,27.0,-38.0,16.0,-212.0,-54.0
106.0,-28.0,4.0,28.0,-37.0,17.0,-211.0,-56.0
104.0,-31.0,6.0,28.0,-36.0,18.0,-211.0,-56.0
104.0,-32.0,8.0,30.0,-34.0,20.0,-206.0,-54.0
104.0,-31.0,8.0,30.0,-34.0,21.0,-205.0,-53.0
104.0,-30.0,8.0,31.0,-33.0,22.0,-204.0,-53.0
106.0,-27.0,6.0,31.0,-33.0,21.0,-203.0,-53.0
105.0,-24.0,5.0,30.0,-35.0,20.0,-204.0,-53.0
105.0,-21.0,5.0,30.0,-35.0,19.0,-203.0,-53.0
104.0,-20.0,5.0,29.0,-35.0,19.0,-202.0,-54.0
104.0,-23.0,7.0,31.0,-33.0,21.0,-200.0,-53.0
104.0,-27.0,8.0,34.0,-31.0,23.0,-198.0,-52.0
103.0,-30.0,10.0,35.0,-29.0,25.0,-197.0,-50.0
103.0,-32.0,9.0,35.0,-30.0,24.0,-197.0,-49.0
104.0,-30.0,9.0,35.0,-30.0,24.0,-198.0,-50.0
102.0,-25.0,9.0,35.0,-30.0,23.0,-198.0,-50.0
103.0,-23.0,7.0,35.0,-31.0,22.0,-200.0,-51.0
104.0,-20.0,6.0,34.0,-31.0,21.0,-201.0,-51.0
104.0,-20.0,7.0,34.0,-32.0,20.0,-201.0,-52.0
105.0,-22.0,7.0,34.0,-32.0,20.0,-201.0,-53.0
104.0,-25.0,8.0,35.0,-31.0,20.0,-201.0,-52.0
103.0,-28.0,9.0,37.0,-30.0,20.0,-199.0,-52.0
104.0,-32.0,11.0,39.0,-28.0,22.0,-197.0,-50.0
104.0,-33.0,12.0,40.0,-27.0,21.0,-195.0,-49.0
103.0,-31.0,14.0,41.0,-27.0,21.0,-194.0,-49.0
103.0,-29.0,14.0,41.0,-27.0,22.0,-194.0,-50.0
103.0,-24.0,14.0,43.0,-27.0,22.0,-194.0,-50.0
103.0,-20.0,12.0,42.0,-27.0,22.0,-194.0,-51.0
102.0,-18.0,13.0,42.0,-27.0,22.0,-196.0,-51.0
101.0,-20.0,13.0,43.0,-28.0,21.0,-196.0,-52.0
103.0,-23.0,14.0,44.0,-26.0,22.0,-194.0,-50.0
102.0,-26.0,15.0,46.0,-24.0,24.0,-192.0,-50.0
101.0,-28.0,17.0,48.0,-22.0,27.0,-190.0,-49.0
100.0,-27.0,18.0,49.0,-21.0,28.0,-189.0,-49.0
100.0,-27.0,19.0,50.0,-21.0,28.0,-189.0,-49.0
101.0,-25.0,20.0,51.0,-20.0,29.0,-188.0,-48.0
98.0,-19.0,20.0,52.0,-20.0,28.0,-187.0,-49.0
97.0,-15.0,20.0,52.0,-21.0,26.0,-188.0,-50.0
98.0,-14.0,19.0,52.0,-21.0,25.0,-189.0,-50.0
98.0,-15.0,21.0,54.0,-20.0,25.0,-189.0,-49.0
99.0,-17.0,23.0,56.0,-17.0,26.0,-187.0,-48.0
99.0,-21.0,25.0,59.0,-16.0,27.0,-185.0,-47.0
97.0,-23.0,27.0,62.0,-14.0,29.0,-184.0,-46.0
98.0,-26.0,28.0,63.0,-13.0,30.0,-183.0,-45.0
99.0,-26.0,29.0,63.0,-12.0,31.0,-183.0,-46.0
100.0,-24.0,28.0,64.0,-12.0,31.0,-183.0,-46.0
97.0,-20.0,28.0,64.0,-12.0,31.0,-183.0,-47.0
95.0,-15.0,28.0,65.0,-12.0,31.0,-183.0,-47.0
94.0,-11.0,29.0,65.0,-11.0,31.0,-182.0,-47.0
95.0,-11.0,30.0,67.0,-11.0,31.0,-182.0,-48.0
95.0,-14.0,33.0,70.0,-9.0,33.0,-181.0,-47.0
94.0,-16.0,34.0,72.0,-8.0,33.0,-180.0,-46.0
91.0,-18.0,36.0,73.0,-7.0,33.0,-180.0,-45.0
92.0,-21.0,37.0,74.0,-7.0,33.0,-178.0,-44.0
95.0,-22.0,36.0,73.0,-8.0,32.0,-179.0,-44.0
95.0,-21.0,36.0,73.0,-9.0,31.0,-180.0,-45.0
94.0,-15.0,36.0,73.0,-9.0,30.0,-180.0,-45.0
91.0,-9.0,36.0,73.0,-9.0,30.0,-179.0,-45.0
88.0,-6.0,36.0,72.0,-10.0,28.0,-180.0,-46.0
89.0,-7.0,35.0,70.0,-11.0,27.0,-180.0,-48.0
89.0,-9.0,35.0,70.0,-11.0,27.0,-180.0,-48.0
87.0,-12.0,36.0,70.0,-12.0,27.0,-179.0,-46.0
88.0,-16.0,36.0,70.0,-12.0,27.0,-180.0,-46.0
86.0,-17.0,36.0,70.0,-12.0,28.0,-180.0,-46.0
84.0,-15.0,36.0,69.0,-14.0,27.0,-180.0,-46.0
83.0,-12.0,35.0,67.0,-15.0,25.0,-182.0,-49.0
82.0,-8.0,33.0,65.0,-17.0,23.0,-182.0,-50.0
81.0,-5.0,31.0,62.0,-19.0,21.0,-183.0,-53.0
80.0,-2.0,29.0,60.0,-20.0,20.0,-184.0,-54.0
78.0,-1.0,29.0,59.0,-21.0,19.0,-183.0,-54.0
78.0,-5.0,29.0,58.0,-21.0,18.0,-183.0,-53.0
76.0,-8.0,30.0,58.0,-21.0,18.0,-183.0,-52.0
73.0,-10.0,31.0,57.0,-21.0,17.0,-183.0,-51.0
75.0,-14.0,29.0,55.0,-22.0,16.0,-183.0,-50.0
76.0,-15.0,27.0,53.0,-24.0,15.0,-184.0,-50.0
75.0,-13.0,25.0,50.0,-25.0,14.0,-184.0,-51.0
73.0,-8.0,22.0,46.0,-27.0,13.0,-185.0,-53.0
72.0,-3.0,21.0,43.0,-29.0,13.0,-186.0,-53.0
71.0,-1.0,19.0,41.0,-29.0,13.0,-186.0,-54.0
71.0,-3.0,16.0,38.0,-31.0,11.0,-186.0,-55.0
70.0,-6.0,14.0,37.0,-32.0,11.0,-186.0,-55.0
70.0,-11.0,13.0,36.0,-33.0,9.0,-185.0,-54.0
71.0,-16.0,10.0,34.0,-35.0,8.0,-186.0,-54.0
69.0,-18.0,9.0,31.0,-37.0,6.0,-187.0,-54.0
69.0,-19.0,7.0,29.0,-38.0,6.0,-186.0,-54.0
70.0,-18.0,4.0,26.0,-39.0,4.0,-186.0,-55.0
68.0,-14.0,2.0,22.0,-42.0,1.0,-188.0,-57.0
66.0,-9.0,0.0,19.0,-44.0,0.0,-189.0,-59.0
65.0,-8.0,-2.0,17.0,-45.0,-1.0,-190.0,-60.0
65.0,-9.0,-5.0,14.0,-46.0,-1.0,-191.0,-61.0
65.0,-13.0,-6.0,13.0,-47.0,0.0,-190.0,-61.0
66.0,-17.0,-7.0,12.0,-46.0,1.0,-189.0,-60.0
67.0,-22.0,-7.0,12.0,-45.0,2.0,-187.0,-58.0
66.0,-23.0,-8.0,11.0,-45.0,2.0,-187.0,-58.0
65.0,-23.0,-10.0,9.0,-47.0,0.0,-187.0,-60.0
64.0,-21.0,-12.0,5.0,-50.0,-1.0,-188.0,-61.0
62.0,-17.0,-14.0,3.0,-52.0,-3.0,-189.0,-62.0
61.0,-13.0,-17.0,1.0,-54.0,-5.0,-191.0,-63.0
61.0,-12.0,-18.0,0.0,-54.0,-6.0,-191.0,-64.0
60.0,-13.0,-18.0,0.0,-54.0,-6.0,-191.0,-65.0
58.0,-15.0,-17.0,1.0,-53.0,-6.0,-189.0,-65.0
57.0,-19.0,-17.0,1.0,-53.0,-6.0,-188.0,-66.0
57.0,-23.0,-17.0,2.0,-52.0,-5.0,-188.0,-66.0
55.0,-24.0,-17.0,2.0,-52.0,-5.0,-187.0,-66.0
54.0,-23.0,-19.0,0.0,-53.0,-6.0,-187.0,-67.0
53.0,-22.0,-20.0,-1.0,-54.0,-6.0,-188.0,-68.0
54.0,-19.0,-22.0,-3.0,-55.0,-7.0,-188.0,-69.0
52.0,-15.0,-22.0,-4.0,-56.0,-9.0,-190.0,-70.0
51.0,-13.0,-23.0,-5.0,-57.0,-9.0,-191.0,-72.0
50.0,-13.0,-23.0,-6.0,-58.0,-10.0,-191.0,-73.0
48.0,-15.0,-24.0,-6.0,-58.0,-11.0,-192.0,-73.0
47.0,-20.0,-24.0,-6.0,-58.0,-10.0,-193.0,-73.0
48.0,-25.0,-23.0,-5.0,-57.0,-10.0,-193.0,-72.0
49.0,-28.0,-22.0,-5.0,-57.0,-12.0,-193.0,-73.0
49.0,-28.0,-23.0,-5.0,-58.0,-12.0,-194.0,-73.0
48.0,-27.0,-25.0,-7.0,-59.0,-13.0,-195.0,-74.0
45.0,-22.0,-27.0,-9.0,-61.0,-15.0,-197.0,-76.0
42.0,-17.0,-29.0,-10.0,-63.0,-16.0,-198.0,-77.0
43.0,-16.0,-29.0,-11.0,-64.0,-17.0,-198.0,-77.0
44.0,-17.0,-29.0,-12.0,-65.0,-18.0,-198.0,-77.0
44.0,-20.0,-29.0,-11.0,-65.0,-18.0,-197.0,-77.0
43.0,-23.0,-28.0,-10.0,-63.0,-17.0,-196.0,-76.0
42.0,-25.0,-27.0,-9.0,-62.0,-16.0,-194.0,-76.0
42.0,-28.0,-28.0,-9.0,-63.0,-17.0,-194.0,-76.0
42.0,-28.0,-28.0,-10.0,-63.0,-17.0,-194.0,-77.0
38.0,-23.0,-28.0,-10.0,-63.0,-18.0,-194.0,-77.0
37.0,-19.0,-30.0,-12.0,-65.0,-19.0,-195.0,-78.0
37.0,-16.0,-32.0,-13.0,-65.0,-20.0,-196.0,-79.0
38.0,-15.0,-32.0,-14.0,-66.0,-20.0,-197.0,-80.0
35.0,-13.0,-32.0,-13.0,-65.0,-19.0,-195.0,-79.0
35.0,-16.0,-31.0,-12.0,-65.0,-19.0,-195.0,-78.0
34.0,-19.0,-30.0,-12.0,-64.0,-19.0,-195.0,-78.0
33.0,-23.0,-30.0,-12.0,-64.0,-19.0,-194.0,-78.0
34.0,-26.0,-30.0,-13.0,-65.0,-20.0,-194.0,-78.0
33.0,-25.0,-31.0,-12.0,-65.0,-20.0,-193.0,-77.0
33.0,-23.0,-32.0,-12.0,-64.0,-20.0,-193.0,-78.0
31.0,-19.0,-32.0,-13.0,-65.0,-22.0,-195.0,-80.0
29.0,-14.0,-33.0,-15.0,-66.0,-24.0,-197.0,-81.0
28.0,-11.0,-34.0,-16.0,-67.0,-25.0,-198.0,-82.0
28.0,-12.0,-35.0,-16.0,-67.0,-26.0,-198.0,-82.0
28.0,-15.0,-34.0,-15.0,-66.0,-24.0,-197.0,-81.0
28.0,-20.0,-33.0,-14.0,-65.0,-23.0,-196.0,-80.0
27.0,-24.0,-32.0,-12.0,-64.0,-22.0,-195.0,-79.0
27.0,-26.0,-32.0,-11.0,-63.0,-21.0,-194.0,-78.0
26.0,-25.0,-32.0,-11.0,-63.0,-21.0,-194.0,-78.0
24.0,-22.0,-33.0,-12.0,-64.0,-22.0,-193.0,-79.0
23.0,-18.0,-34.0,-13.0,-65.0,-22.0,-194.0,-80.0
23.0,-16.0,-35.0,-15.0,-66.0,-22.0,-194.0,-82.0
25.0,-16.0,-35.0,-15.0,-65.0,-22.0,-193.0,-81.0
23.0,-15.0,-35.0,-14.0,-64.0,-20.0,-192.0,-80.0
22.0,-17.0,-34.0,-14.0,-64.0,-19.0,-191.0,-78.0
22.0,-20.0,-33.0,-12.0,-63.0,-18.0,-190.0,-76.0
22.0,-24.0,-33.0,-11.0,-62.0,-18.0,-189.0,-77.0
24.0,-28.0,-34.0,-12.0,-62.0,-19.0,-189.0,-77.0
21.0,-26.0,-35.0,-13.0,-63.0,-20.0,-189.0,-78.0
20.0,-23.0,-36.0,-13.0,-64.0,-21.0,-190.0,-78.0
22.0,-20.0,-36.0,-14.0,-65.0,-22.0,-191.0,-79.0
20.0,-15.0,-37.0,-15.0,-66.0,-23.0,-192.0,-79.0
19.0,-13.0,-37.0,-15.0,-66.0,-23.0,-191.0,-80.0
19.0,-14.0,-37.0,-15.0,-66.0,-24.0,-191.0,-80.0
20.0,-17.0,-36.0,-15.0,-66.0,-24.0,-191.0,-80.0
20.0,-21.0,-35.0,-13.0,-65.0,-24.0,-191.0,-81.0
18.0,-25.0,-34.0,-12.0,-63.0,-23.0,-190.0,-80.0
18.0,-26.0,-34.0,-12.0,-63.0,-23.0,-189.0,-81.0
16.0,-26.0,-34.0,-12.0,-64.0,-23.0,-189.0,-81.0
15.0,-24.0,-35.0,-13.0,-65.0,-24.0,-190.0,-82.0
18.0,-23.0,-37.0,-15.0,-66.0,-26.0,-192.0,-83.0
17.0,-19.0,-38.0,-16.0,-67.0,-27.0,-193.0,-83.0
18.0,-18.0,-39.0,-18.0,-68.0,-28.0,-194.0,-83.0
17.0,-18.0,-40.0,-18.0,-68.0,-28.0,-194.0,-82.0
15.0,-19.0,-39.0,-17.0,-67.0,-27.0,-193.0,-81.0
17.0,-23.0,-38.0,-16.0,-66.0,-25.0,-191.0,-79.0
15.0,-25.0,-36.0,-15.0,-64.0,-23.0,-190.0,-77.0
14.0,-26.0,-36.0,-15.0,-64.0,-23.0,-189.0,-76.0
12.0,-24.0,-37.0,-16.0,-64.0,-23.0,-190.0,-76.0
11.0,-21.0,-38.0,-17.0,-66.0,-25.0,-192.0,-77.0
11.0,-18.0,-40.0,-18.0,-67.0,-27.0,-194.0,-79.0
12.0,-16.0,-42.0,-20.0,-68.0,-29.0,-195.0,-80.0
11.0,-15.0,-43.0,-21.0,-69.0,-30.0,-196.0,-81.0
9.0,-14.0,-43.0,-21.0,-69.0,-30.0,-197.0,-81.0
7.0,-15.0,-42.0,-20.0,-68.0,-29.0,-196.0,-80.0
8.0,-19.0,-42.0,-19.0,-67.0,-28.0,-196.0,-79.0
8.0,-24.0,-41.0,-19.0,-66.0,-28.0,-197.0,-79.0
7.0,-26.0,-41.0,-19.0,-67.0,-29.0,-197.0,-78.0
7.0,-26.0,-41.0,-19.0,-68.0,-30.0,-198.0,-77.0
8.0,-26.0,-42.0,-20.0,-69.0,-31.0,-198.0,-78.0
6.0,-23.0,-43.0,-22.0,-70.0,-32.0,-198.0,-78.0
5.0,-18.0,-44.0,-23.0,-71.0,-32.0,-199.0,-79.0
5.0,-15.0,-46.0,-24.0,-72.0,-33.0,-198.0,-79.0
3.0,-13.0,-46.0,-24.0,-73.0,-33.0,-196.0,-77.0
1.0,-16.0,-45.0,-24.0,-72.0,-32.0,-195.0,-76.0
1.0,-20.0,-44.0,-23.0,-71.0,-31.0,-194.0,-74.0
0.0,-23.0,-44.0,-23.0,-70.0,-30.0,-192.0,-73.0
-1.0,-24.0,-44.0,-24.0,-70.0,-31.0,-192.0,-74.0
-2.0,-23.0,-44.0,-25.0,-71.0,-32.0,-194.0,-76.0
-1.0,-22.0,-46.0,-25.0,-72.0,-33.0,-194.0,-75.0
-1.0,-18.0,-47.0,-26.0,-74.0,-35.0,-194.0,-76.0
-3.0,-14.0,-48.0,-28.0,-75.0,-38.0,-195.0,-78.0
-3.0,-12.0,-49.0,-29.0,-77.0,-39.0,-197.0,-80.0
-4.0,-13.0,-49.0,-29.0,-77.0,-38.0,-197.0,-79.0
-6.0,-15.0,-48.0,-28.0,-75.0,-37.0,-196.0,-79.0
-6.0,-19.0,-48.0,-27.0,-75.0,-36.0,-196.0,-80.0
-6.0,-23.0,-48.0,-27.0,-75.0,-35.0,-196.0,-80.0
-7.0,-25.0,-47.0,-27.0,-75.0,-36.0,-196.0,-80.0
-10.0,-12.0,-52.0,-33.0,-79.0,-40.0,-198.0,-88.0
-11.0,-13.0,-52.0,-33.0,-78.0,-39.0,-197.0,-88.0
-13.0,-16.0,-50.0,-31.0,-77.0,-38.0,-197.0,-88.0
-13.0,-20.0,-50.0,-31.0,-76.0,-38.0,-197.0,-89.0
-10.0,-25.0,-51.0,-32.0,-77.0,-40.0,-198.0,-91.0
-11.0,-25.0,-51.0,-32.0,-78.0,-42.0,-198.0,-92.0
-12.0,-23.0,-52.0,-33.0,-80.0,-45.0,-199.0,-94.0
-13.0,-20.0,-53.0,-34.0,-81.0,-46.0,-201.0,-96.0
-13.0,-17.0,-55.0,-36.0,-82.0,-47.0,-202.0,-97.0
-16.0,-13.0,-55.0,-36.0,-82.0,-46.0,-203.0,-99.0
-18.0,-11.0,-55.0,-36.0,-81.0,-44.0,-202.0,-101.0
-18.0,-14.0,-54.0,-36.0,-81.0,-42.0,-202.0,-104.0
-18.0,-19.0,-53.0,-36.0,-80.0,-41.0,-200.0,-103.0
-16.0,-24.0,-53.0,-35.0,-80.0,-41.0,-199.0,-104.0
-15.0,-26.0,-53.0,-35.0,-79.0,-41.0,-197.0,-103.0
-16.0,-26.0,-53.0,-35.0,-80.0,-42.0,-198.0,-104.0
-18.0,-24.0,-54.0,-36.0,-80.0,-42.0,-198.0,-106.0
-21.0,-18.0,-55.0,-38.0,-81.0,-43.0,-200.0,-109.0
-22.0,-13.0,-56.0,-39.0,-82.0,-45.0,-201.0,-111.0
-23.0,-11.0,-57.0,-40.0,-83.0,-46.0,-202.0,-114.0
-22.0,-13.0,-57.0,-40.0,-83.0,-47.0,-204.0,-117.0
-23.0,-16.0,-56.0,-39.0,-82.0,-46.0,-203.0,-119.0
-23.0,-19.0,-56.0,-39.0,-82.0,-46.0,-203.0,-121.0
-22.0,-24.0,-55.0,-39.0,-82.0,-46.0,-203.0,-122.0
-22.0,-26.0,-55.0,-38.0,-81.0,-46.0,-202.0,-123.0
-24.0,-25.0,-55.0,-37.0,-81.0,-46.0,-203.0,-126.0
-24.0,-23.0,-56.0,-39.0,-82.0,-46.0,-204.0,-129.0
-25.0,-20.0,-57.0,-40.0,-83.0,-48.0,-206.0,-133.0
-26.0,-17.0,-58.0,-41.0,-85.0,-50.0,-209.0,-138.0
-26.0,-14.0,-59.0,-41.0,-85.0,-50.0,-209.0,-141.0
-29.0,-13.0,-60.0,-42.0,-85.0,-50.0,-210.0,-143.0
-29.0,-16.0,-59.0,-42.0,-86.0,-51.0,-211.0,-145.0
-28.0,-20.0,-59.0,-41.0,-85.0,-51.0,-210.0,-145.0
-29.0,-22.0,-58.0,-40.0,-84.0,-49.0,-209.0,-146.0
-28.0,-26.0,-58.0,-39.0,-84.0,-49.0,-209.0,-147.0
-29.0,-26.0,-58.0,-40.0,-84.0,-49.0,-209.0,-149.0
-28.0,-24.0,-60.0,-41.0,-85.0,-50.0,-210.0,-151.0
-29.0,-21.0,-61.0,-42.0,-86.0,-51.0,-211.0,-154.0
-30.0,-16.0,-62.0,-43.0,-87.0,-52.0,-212.0,-156.0
-32.0,-13.0,-63.0,-45.0,-88.0,-54.0,-213.0,-158.0
-33.0,-12.0,-62.0,-45.0,-89.0,-55.0,-215.0,-160.0
-35.0,-13.0,-61.0,-44.0,-88.0,-55.0,-214.0,-160.0
-35.0,-16.0,-60.0,-44.0,-88.0,-54.0,-214.0,-161.0
-35.0,-21.0,-60.0,-43.0,-86.0,-53.0,-215.0,-162.0
-35.0,-24.0,-60.0,-43.0,-87.0,-53.0,-216.0,-164.0
-34.0,-25.0,-61.0,-43.0,-87.0,-52.0,-215.0,-165.0
-34.0,-22.0,-61.0,-44.0,-87.0,-52.0,-216.0,-168.0
-36.0,-18.0,-62.0,-45.0,-88.0,-54.0,-217.0,-171.0
-37.0,-14.0,-63.0,-46.0,-90.0,-55.0,-219.0,-173.0
-37.0,-12.0,-64.0,-48.0,-90.0,-56.0,-221.0,-176.0
-38.0,-11.0,-64.0,-48.0,-90.0,-56.0,-221.0,-177.0
-39.0,-13.0,-64.0,-48.0,-90.0,-56.0,-222.0,-178.0
-38.0,-18.0,-63.0,-47.0,-90.0,-56.0,-222.0,-179.0
-38.0,-22.0,-62.0,-46.0,-89.0,-55.0,-221.0,-180.0
-39.0,-24.0,-63.0,-46.0,-89.0,-55.0,-220.0,-181.0
-40.0,-23.0,-62.0,-46.0,-90.0,-56.0,-220.0,-183.0
-41.0,-20.0,-62.0,-46.0,-89.0,-57.0,-220.0,-186.0
-42.0,-15.0,-64.0,-47.0,-90.0,-58.0,-221.0,-190.0
-42.0,-12.0,-66.0,-49.0,-92.0,-59.0,-222.0,-194.0
-41.0,-12.0,-67.0,-50.0,-93.0,-60.0,-223.0,-197.0
-42.0,-11.0,-67.0,-50.0,-93.0,-60.0,-223.0,-200.0
-41.0,-15.0,-66.0,-50.0,-92.0,-59.0,-222.0,-201.0
-42.0,-18.0,-65.0,-50.0,-92.0,-58.0,-222.0,-202.0
-44.0,-21.0,-64.0,-49.0,-91.0,-58.0,-221.0,-201.0
-44.0,-23.0,-63.0,-48.0,-91.0,-57.0,-220.0,-201.0
-44.0,-24.0,-64.0,-49.0,-91.0,-58.0,-221.0,-204.0
-44.0,-22.0,-65.0,-49.0,-91.0,-58.0,-221.0,-206.0
-46.0,-17.0,-66.0,-50.0,-93.0,-61.0,-221.0,-207.0
-46.0,-13.0,-67.0,-52.0,-94.0,-64.0,-221.0,-209.0
-46.0,-12.0,-68.0,-53.0,-95.0,-65.0,-223.0,-211.0
-47.0,-11.0,-68.0,-53.0,-95.0,-65.0,-223.0,-213.0
-49.0,-12.0,-67.0,-52.0,-94.0,-63.0,-221.0,-213.0
-49.0,-16.0,-66.0,-52.0,-93.0,-61.0,-219.0,-214.0
-49.0,-21.0,-66.0,-51.0,-92.0,-58.0,-216.0,-214.0
-50.0,-22.0,-65.0,-51.0,-91.0,-58.0,-215.0,-216.0
-52.0,-21.0,-65.0,-51.0,-92.0,-58.0,-214.0,-218.0
-52.0,-20.0,-66.0,-52.0,-92.0,-60.0,-214.0,-213.0
-53.0,-16.0,-68.0,-53.0,-93.0,-62.0,-215.0,-199.0
-54.0,-12.0,-69.0,-54.0,-96.0,-65.0,-217.0,-189.0
-55.0,-10.0,-71.0,-55.0,-98.0,-67.0,-219.0,-185.0
-53.0,-11.0,-71.0,-56.0,-98.0,-68.0,-220.0,-181.0
-54.0,-14.0,-70.0,-56.0,-98.0,-67.0,-220.0,-178.0
-53.0,-18.0,-69.0,-55.0,-96.0,-66.0,-219.0,-175.0
-53.0,-21.0,-68.0,-53.0,-94.0,-64.0,-217.0,-172.0
-54.0,-24.0,-69.0,-54.0,-95.0,-65.0,-216.0,-169.0
-55.0,-24.0,-69.0,-54.0,-95.0,-66.0,-216.0,-168.0
-56.0,-21.0,-69.0,-54.0,-96.0,-67.0,-216.0,-168.0
-58.0,-17.0,-70.0,-55.0,-96.0,-68.0,-216.0,-168.0
-59.0,-13.0,-72.0,-57.0,-97.0,-69.0,-217.0,-169.0
-60.0,-11.0,-73.0,-59.0,-99.0,-70.0,-217.0,-170.0
-60.0,-11.0,-72.0,-58.0,-99.0,-70.0,-217.0,-170.0
-62.0,-12.0,-71.0,-56.0,-98.0,-69.0,-216.0,-168.0
-61.0,-15.0,-70.0,-56.0,-97.0,-68.0,-216.0,-167.0
-62.0,-18.0,-69.0,-54.0,-95.0,-66.0,-215.0,-166.0
-64.0,-21.0,-68.0,-53.0,-94.0,-65.0,-215.0,-166.0
-62.0,-21.0,-68.0,-53.0,-94.0,-65.0,-215.0,-165.0
-60.0,-20.0,-69.0,-53.0,-95.0,-67.0,-217.0,-167.0
-62.0,-15.0,-69.0,-54.0,-96.0,-69.0,-218.0,-168.0
-65.0,-10.0,-69.0,-54.0,-97.0,-69.0,-218.0,-168.0
-67.0,-7.0,-70.0,-54.0,-97.0,-70.0,-219.0,-170.0
-68.0,-8.0,-70.0,-54.0,-96.0,-70.0,-219.0,-172.0
-66.0,-11.0,-70.0,-53.0,-96.0,-68.0,-217.0,-170.0
-63.0,-17.0,-69.0,-52.0,-94.0,-67.0,-216.0,-169.0
-64.0,-19.0,-67.0,-50.0,-92.0,-65.0,-215.0,-167.0
-64.0,-21.0,-66.0,-50.0,-92.0,-65.0,-215.0,-166.0
-63.0,-22.0,-66.0,-51.0,-93.0,-67.0,-218.0,-167.0
-66.0,-18.0,-66.0,-51.0,-93.0,-66.0,-219.0,-168.0
-71.0,-11.0,-66.0,-51.0,-93.0,-67.0,-220.0,-169.0
-69.0,-9.0,-67.0,-53.0,-95.0,-69.0,-222.0,-171.0
-66.0,-10.0,-68.0,-54.0,-95.0,-70.0,-224.0,-173.0
-67.0,-9.0,-68.0,-53.0,-94.0,-69.0,-223.0,-170.0
-67.0,-11.0,-68.0,-52.0,-94.0,-69.0,-224.0,-169.0
-64.0,-15.0,-67.0,-51.0,-94.0,-69.0,-223.0,-169.0
-60.0,-21.0,-66.0,-49.0,-93.0,-67.0,-222.0,-167.0
-56.0,-23.0,-64.0,-47.0,-90.0,-65.0,-219.0,-164.0
-53.0,-21.0,-62.0,-44.0,-86.0,-62.0,-216.0,-162.0
-48.0,-19.0,-62.0,-44.0,-85.0,-61.0,-216.0,-160.0
-45.0,-16.0,-64.0,-45.0,-86.0,-61.0,-217.0,-159.0
-43.0,-14.0,-66.0,-47.0,-87.0,-63.0,-219.0,-160.0
-38.0,-16.0,-70.0,-48.0,-88.0,-64.0,-220.0,-160.0
-35.0,-19.0,-72.0,-50.0,-89.0,-65.0,-222.0,-160.0
-35.0,-22.0,-73.0,-51.0,-90.0,-65.0,-223.0,-161.0
-36.0,-28.0,-76.0,-54.0,-92.0,-66.0,-224.0,-162.0
-38.0,-32.0,-77.0,-56.0,-93.0,-67.0,-225.0,-164.0
-38.0,-35.0,-79.0,-59.0,-95.0,-68.0,-226.0,-165.0
-38.0,-35.0,-80.0,-61.0,-96.0,-70.0,-228.0,-168.0
-39.0,-33.0,-81.0,-62.0,-97.0,-71.0,-230.0,-168.0
-44.0,-27.0,-81.0,-62.0,-97.0,-71.0,-231.0,-168.0
-46.0,-22.0,-82.0,-63.0,-98.0,-72.0,-233.0,-170.0
-47.0,-20.0,-82.0,-64.0,-98.0,-72.0,-234.0,-172.0
-48.0,-20.0,-83.0,-63.0,-98.0,-73.0,-235.0,-172.0
-50.0,-21.0,-82.0,-63.0,-98.0,-73.0,-236.0,-171.0
-53.0,-22.0,-81.0,-63.0,-98.0,-74.0,-237.0,-170.0
-53.0,-27.0,-79.0,-62.0,-98.0,-75.0,-238.0,-170.0
-56.0,-29.0,-78.0,-61.0,-98.0,-76.0,-240.0,-171.0
-62.0,-25.0,-77.0,-60.0,-97.0,-75.0,-241.0,-171.0
-66.0,-20.0,-76.0,-59.0,-97.0,-75.0,-243.0,-173.0
-70.0,-17.0,-79.0,-63.0,-100.0,-78.0,-247.0,-176.0
-70.0,-16.0,-82.0,-67.0,-104.0,-82.0,-251.0,-180.0
-70.0,-14.0,-84.0,-70.0,-106.0,-84.0,-253.0,-181.0
-71.0,-15.0,-85.0,-72.0,-108.0,-85.0,-254.0,-183.0
-74.0,-16.0,-84.0,-72.0,-107.0,-85.0,-254.0,-183.0
-75.0,-19.0,-84.0,-71.0,-106.0,-85.0,-255.0,-184.0
-75.0,-24.0,-83.0,-70.0,-106.0,-84.0,-256.0,-183.0
-77.0,-25.0,-83.0,-70.0,-106.0,-85.0,-258.0,-184.0
-79.0,-26.0,-83.0,-71.0,-107.0,-87.0,-259.0,-184.0
-79.0,-24.0,-84.0,-71.0,-108.0,-88.0,-260.0,-184.0
-80.0,-20.0,-85.0,-72.0,-109.0,-90.0,-261.0,-184.0
-81.0,-15.0,-86.0,-74.0,-111.0,-92.0,-263.0,-186.0
-80.0,-14.0,-88.0,-75.0,-112.0,-93.0,-265.0,-188.0
-80.0,-15.0,-88.0,-76.0,-113.0,-93.0,-264.0,-187.0
-80.0,-17.0,-87.0,-75.0,-112.0,-91.0,-264.0,-185.0
-80.0,-20.0,-86.0,-74.0,-110.0,-90.0,-263.0,-185.0
-81.0,-23.0,-85.0,-72.0,-108.0,-88.0,-261.0,-184.0
-83.0,-24.0,-85.0,-71.0,-107.0,-86.0,-259.0,-183.0
-83.0,-24.0,-85.0,-72.0,-107.0,-87.0,-259.0,-185.0
-83.0,-21.0,-85.0,-72.0,-108.0,-88.0,-259.0,-186.0
-83.0,-17.0,-85.0,-73.0,-109.0,-90.0,-260.0,-187.0
-84.0,-14.0,-87.0,-75.0,-110.0,-93.0,-261.0,-189.0
-84.0,-12.0,-87.0,-76.0,-111.0,-95.0,-263.0,-190.0
-84.0,-11.0,-86.0,-75.0,-111.0,-95.0,-263.0,-189.0
-85.0,-13.0,-86.0,-73.0,-110.0,-92.0,-262.0,-188.0
-83.0,-18.0,-86.0,-73.0,-109.0,-90.0,-262.0,-188.0
-82.0,-22.0,-85.0,-71.0,-108.0,-90.0,-261.0,-187.0
-84.0,-22.0,-84.0,-70.0,-108.0,-91.0,-260.0,-186.0
-86.0,-22.0,-84.0,-71.0,-108.0,-92.0,-261.0,-188.0
-86.0,-20.0,-84.0,-71.0,-109.0,-92.0,-262.0,-189.0
-86.0,-16.0,-84.0,-71.0,-109.0,-93.0,-263.0,-189.0
-87.0,-9.0,-83.0,-71.0,-108.0,-92.0,-262.0,-190.0
-92.0,-1.0,-78.0,-67.0,-104.0,-89.0,-260.0,-190.0
-99.0,6.0,-69.0,-56.0,-96.0,-83.0,-256.0,-189.0
-108.0,15.0,-56.0,-43.0,-84.0,-74.0,-250.0,-187.0
-121.0,26.0,-42.0,-28.0,-73.0,-63.0,-243.0,-184.0
-134.0,32.0,-30.0,-16.0,-62.0,-54.0,-237.0,-181.0
-135.0,31.0,-25.0,-8.0,-54.0,-47.0,-232.0,-178.0
-124.0,24.0,-26.0,-5.0,-50.0,-43.0,-226.0,-174.0
-113.0,11.0,-28.0,-3.0,-50.0,-43.0,-225.0,-175.0
-101.0,-1.0,-29.0,0.0,-49.0,-45.0,-228.0,-176.0
-84.0,-17.0,-27.0,8.0,-46.0,-44.0,-228.0,-177.0
-63.0,-35.0,-29.0,16.0,-42.0,-41.0,-225.0,-174.0
-30.0,-62.0,-32.0,25.0,-35.0,-35.0,-218.0,-167.0
13.0,-97.0,-35.0,36.0,-25.0,-27.0,-207.0,-156.0
69.0,-133.0,-38.0,52.0,-6.0,-9.0,-185.0,-135.0
122.0,-163.0,-44.0,58.0,6.0,7.0,-165.0,-114.0
170.0,-193.0,-56.0,53.0,7.0,11.0,-156.0,-100.0
205.0,-227.0,-77.0,33.0,-11.0,-5.0,-166.0,-105.0
227.0,-252.0,-107.0,-1.0,-42.0,-32.0,-187.0,-118.0
237.0,-259.0,-146.0,-49.0,-77.0,-61.0,-204.0,-126.0
233.0,-257.0,-188.0,-107.0,-116.0,-91.0,-222.0,-137.0
209.0,-237.0,-217.0,-156.0,-151.0,-116.0,-238.0,-148.0
172.0,-211.0,-233.0,-196.0,-183.0,-141.0,-256.0,-162.0
125.0,-181.0,-243.0,-234.0,-214.0,-167.0,-272.0,-176.0
95.0,-167.0,-256.0,-269.0,-241.0,-187.0,-284.0,-186.0
75.0,-162.0,-263.0,-291.0,-259.0,-202.0,-293.0,-192.0
52.0,-159.0,-263.0,-293.0,-268.0,-213.0,-304.0,-203.0
40.0,-157.0,-258.0,-285.0,-267.0,-215.0,-310.0,-211.0
35.0,-150.0,-252.0,-273.0,-261.0,-212.0,-310.0,-213.0
30.0,-143.0,-246.0,-262.0,-255.0,-210.0,-309.0,-215.0
19.0,-130.0,-237.0,-250.0,-247.0,-205.0,-309.0,-217.0
4.0,-116.0,-225.0,-234.0,-236.0,-198.0,-307.0,-219.0
-16.0,-102.0,-209.0,-215.0,-222.0,-189.0,-304.0,-222.0
-38.0,-88.0,-192.0,-197.0,-209.0,-180.0,-302.0,-223.0
-51.0,-83.0,-179.0,-182.0,-198.0,-172.0,-299.0,-223.0
-55.0,-84.0,-167.0,-168.0,-187.0,-164.0,-296.0,-222.0
-55.0,-84.0,-155.0,-153.0,-175.0,-154.0,-290.0,-219.0
-54.0,-81.0,-143.0,-137.0,-163.0,-144.0,-285.0,-215.0
-58.0,-73.0,-131.0,-123.0,-152.0,-136.0,-281.0,-213.0
-63.0,-64.0,-121.0,-112.0,-143.0,-129.0,-278.0,-212.0
-65.0,-54.0,-112.0,-101.0,-135.0,-123.0,-275.0,-211.0
-69.0,-46.0,-104.0,-93.0,-130.0,-118.0,-272.0,-209.0
-71.0,-42.0,-99.0,-88.0,-125.0,-115.0,-270.0,-208.0
-75.0,-40.0,-94.0,-83.0,-121.0,-112.0,-266.0,-206.0
-76.0,-39.0,-90.0,-78.0,-117.0,-108.0,-262.0,-204.0
-74.0,-38.0,-85.0,-74.0,-113.0,-104.0,-258.0,-201.0
-75.0,-36.0,-81.0,-70.0,-110.0,-101.0,-255.0,-198.0
-75.0,-33.0,-79.0,-68.0,-107.0,-98.0,-253.0,-196.0
-74.0,-29.0,-76.0,-66.0,-105.0,-96.0,-251.0,-194.0
-74.0,-24.0,-76.0,-65.0,-104.0,-96.0,-251.0,-195.0
-74.0,-20.0,-76.0,-65.0,-104.0,-97.0,-253.0,-197.0
-76.0,-15.0,-76.0,-65.0,-104.0,-97.0,-253.0,-197.0
-75.0,-16.0,-76.0,-65.0,-104.0,-97.0,-254.0,-197.0
-71.0,-20.0,-76.0,-64.0,-103.0,-96.0,-253.0,-196.0
-72.0,-23.0,-74.0,-61.0,-100.0,-93.0,-251.0,-194.0
-72.0,-24.0,-72.0,-59.0,-98.0,-91.0,-250.0,-192.0
-70.0,-27.0,-71.0,-58.0,-97.0,-90.0,-248.0,-191.0
-70.0,-27.0,-70.0,-57.0,-96.0,-89.0,-248.0,-192.0
-69.0,-26.0,-70.0,-57.0,-96.0,-89.0,-247.0,-192.0
-69.0,-22.0,-70.0,-57.0,-96.0,-89.0,-247.0,-192.0
-69.0,-17.0,-71.0,-58.0,-96.0,-89.0,-248.0,-193.0
-67.0,-15.0,-72.0,-58.0,-96.0,-90.0,-248.0,-193.0
-68.0,-15.0,-71.0,-58.0,-96.0,-91.0,-248.0,-194.0
-67.0,-17.0,-71.0,-57.0,-96.0,-93.0,-247.0,-192.0
-67.0,-20.0,-69.0,-56.0,-95.0,-93.0,-246.0,-191.0
-67.0,-24.0,-68.0,-54.0,-93.0,-92.0,-245.0,-190.0
-67.0,-26.0,-67.0,-54.0,-93.0,-90.0,-245.0,-190.0
-65.0,-26.0,-66.0,-53.0,-92.0,-87.0,-244.0,-190.0
-64.0,-24.0,-67.0,-53.0,-92.0,-85.0,-245.0,-190.0
-66.0,-19.0,-67.0,-54.0,-92.0,-86.0,-246.0,-191.0
-66.0,-15.0,-68.0,-54.0,-93.0,-87.0,-246.0,-193.0
-65.0,-13.0,-68.0,-55.0,-94.0,-88.0,-246.0,-194.0
-63.0,-14.0,-68.0,-55.0,-94.0,-89.0,-246.0,-194.0
-61.0,-18.0,-68.0,-54.0,-93.0,-88.0,-245.0,-193.0
-61.0,-20.0,-66.0,-53.0,-92.0,-86.0,-243.0,-192.0
-61.0,-24.0,-65.0,-50.0,-90.0,-84.0,-242.0,-190.0
-62.0,-26.0,-64.0,-49.0,-89.0,-82.0,-241.0,-189.0
