Lead 1,Lead 2,Lead 3,Lead 4,Lead 5,Lead 6,Lead 7,Lead 8
-17,-8,-12,2,-16,-26,-34,-34
-17,-8,-11,2,19805,-247,22514,-1831
-16,-8,-12,2,-264,-25,-315,-32
-16,-9,-12,2,-262,-25,-314,-32
-15,-9,-13,1,-262,-25,-314,-32
-14,-10,-13,1,-261,-25,-314,-31
-15,-9,-12,2,-261,-25,-313,-31
-16,-8,-12,1,-262,-26,-314,-32
-16,-8,-12,2,-262,-25,-314,-32
-16,-7,-12,2,-262,-25,-313,-32
-14,-10,-13,1,-259,-25,-312,-31
-15,-9,-12,2,-260,-25,-312,-31
-16,-9,-12,1,-261,-25,-312,-32
-16,-9,-12,1,-260,-25,-312,-32
-20,-8,-7,3,-262,-29,-314,-35
-26,-10,0,5,-268,-37,-321,-40
-29,-15,6,6,-270,-44,-327,-45
-34,-16,14,8,-273,-51,-332,-50
-37,-14,16,8,-275,-53,-335,-52
-34,-7,9,5,-273,-47,-329,-48
-27,0,-3,2,-266,-34,-319,-40
-15,18,-26,-3,-255,-10,-299,-24
3,44,-64,-15,-240,26,-270,-3
27,68,-105,-26,-221,66,-236,23
51,90,-146,-36,-200,108,-200,51
77,112,-189,-47,-181,149,-165,78
104,133,-232,-59,-160,191,-131,106
130,154,-274,-69,-140,233,-96,134
156,173,-315,-80,-119,273,-62,161
182,185,-353,-89,-100,309,-31,186
208,187,-385,-96,-81,340,-5,208
227,187,-407,-100,-66,364,15,226
241,191,-427,-104,-55,383,31,239
250,193,-439,-107,-48,394,42,248
255,185,-440,-106,-45,396,45,251
255,175,-435,-103,-46,392,42,249
251,165,-425,-100,-50,381,34,243
242,156,-409,-96,-56,366,21,233
230,145,-389,-90,-65,346,5,221
216,130,-364,-84,-77,321,-15,204
198,109,-331,-76,-92,288,-42,183
174,89,-292,-65,-109,251,-72,159
149,68,-250,-54,-130,209,-107,131
123,41,-206,-42,-150,164,-143,102
96,14,-159,-29,-171,120,-179,73
70,-5,-117,-18,-191,79,-213,46
45,-24,-77,-8,-211,39,-247,19
19,-42,-37,0,-231,0,-280,-7
-7,-59,-11,3,-252,-42,-316,-35
-35,-84,-9,2,-275,-89,-355,-66
-59,-93,-9,2,-292,-122,-383,-90
-74,-77,-7,3,-301,-130,-390,-98
-75,-62,-7,2,-301,-123,-386,-96
-63,-51,-7,3,-291,-103,-369,-83
-49,-37,-7,3,-280,-78,-349,-67
-37,-26,-6,3,-270,-57,-331,-53
-25,-17,-7,3,-261,-40,-316,-42
-18,-11,-7,3,-255,-29,-307,-34
-17,-10,-7,3,-254,-27,-305,-33
-16,-11,-8,2,-254,-28,-306,-33
-16,-12,-9,2,-253,-28,-305,-33
-17,-10,-7,3,-253,-28,-305,-33
-18,-10,-8,2,-254,-28,-305,-33
-18,-10,-8,2,-254,-28,-305,-34
-18,-9,-7,3,-254,-28,-305,-33
-19,-9,-6,3,-255,-28,-304,-33
-18,-10,-7,3,-254,-28,-305,-33
-17,-10,-7,3,-253,-28,-304,-33
-17,-10,-7,3,-253,-28,-304,-33
-17,-10,-8,2,-253,-29,-304,-33
-16,-11,-9,2,-252,-28,-304,-33
-17,-10,-7,3,-251,-27,-303,-32
-18,-10,-7,2,-252,-28,-304,-33
-18,-10,-8,2,-252,-28,-304,-34
-18,-9,-7,3,-252,-28,-303,-33
-19,-8,-6,3,-252,-27,-302,-33
-18,-10,-7,2,-252,-28,-303,-34
-17,-10,-7,3,-252,-28,-303,-33
-18,-10,-7,3,-251,-27,-302,-32
-17,-10,-8,2,-252,-28,-302,-33
-16,-11,-9,1,-251,-28,-302,-33
-17,-10,-8,2,-250,-28,-301,-32
-18,-10,-7,2,-251,-28,-301,-33
-17,-10,-8,2,-250,-28,-301,-33
-18,-9,-7,3,-250,-27,-301,-33
-19,-9,-6,3,-251,-27,-301,-33
-18,-9,-7,3,-251,-28,-301,-33
-17,-10,-7,3,-250,-27,-300,-32
-17,-10,-7,3,-250,-27,-300,-32
-16,-10,-8,2,-250,-28,-301,-33
-16,-11,-9,2,-249,-29,-300,-32
-16,-10,-7,3,-248,-27,-299,-32
-17,-10,-7,2,-249,-28,-300,-33
-17,-10,-8,2,-249,-28,-300,-33
-18,-9,-7,3,-249,-27,-299,-32
-19,-8,-6,3,-250,-26,-299,-33
-18,-9,-7,3,-249,-27,-299,-33
-16,-9,-6,3,-248,-26,-297,-31
-15,-8,-3,4,-246,-23,-294,-30
-14,-8,-3,4,-246,-23,-295,-29
-12,-9,-2,3,-244,-22,-293,-28
-11,-7,0,5,-242,-19,-290,-26
-10,-7,1,4,-243,-18,-290,-26
-9,-8,2,5,-242,-17,-289,-25
-10,-8,3,5,-241,-16,-288,-25
-11,-7,3,5,-242,-16,-287,-24
-8,-8,4,5,-241,-15,-286,-24
-6,-7,7,6,-239,-13,-284,-22
-6,-7,7,6,-238,-12,-283,-21
-5,-8,6,6,-238,-12,-283,-21
-3,-10,6,5,-236,-11,-282,-20
-3,-10,9,6,-235,-10,-281,-19
-3,-7,10,6,-235,-9,-280,-19
-3,-5,11,6,-236,-8,-280,-19
-2,-6,12,7,-235,-7,-278,-18
-2,-6,14,7,-234,-6,-277,-17
-1,-7,13,7,-234,-6,-277,-17
1,-6,16,7,-232,-3,-274,-14
3,-4,21,9,-229,0,-270,-11
7,-3,24,9,-227,4,-267,-9
10,-2,28,10,-224,8,-263,-6
11,-1,31,11,-222,11,-261,-4
12,0,33,11,-222,13,-259,-3
15,2,38,13,-220,17,-255,0
17,5,43,14,-217,22,-251,2
19,7,49,16,-215,27,-247,5
23,8,51,16,-213,30,-244,7
26,6,54,17,-211,33,-241,10
29,7,58,18,-208,37,-237,13
32,8,62,18,-205,41,-234,16
36,9,66,19,-203,45,-230,19
39,12,71,21,-200,50,-226,22
41,14,75,22,-199,54,-223,24
43,13,78,22,-196,57,-220,26
45,13,81,23,-194,60,-217,29
45,15,84,24,-194,62,-215,30
47,16,86,24,-193,64,-213,31
49,14,86,24,-191,65,-211,33
51,12,87,25,-189,67,-210,34
52,12,87,24,-190,67,-210,34
54,12,88,24,-189,67,-210,35
54,13,91,25,-186,70,-207,37
54,14,92,25,-187,70,-207,36
54,14,91,25,-187,70,-207,36
53,14,90,25,-188,69,-207,35
50,14,89,25,-189,67,-209,34
50,12,86,24,-189,65,-210,33
50,9,84,23,-189,63,-211,33
48,9,82,23,-190,61,-212,32
48,7,80,22,-191,59,-215,29
47,6,76,21,-192,56,-217,28
45,5,75,21,-193,54,-218,27
43,5,72,20,-195,51,-220,24
41,2,69,18,-196,48,-223,22
38,2,66,18,-198,45,-226,20
34,3,64,18,-201,42,-228,17
33,0,59,16,-202,39,-231,15
32,-3,56,16,-202,35,-233,13
30,-5,52,15,-203,32,-236,11
29,-10,47,13,-204,28,-239,9
28,-14,43,11,-206,23,-242,7
24,-14,40,11,-207,20,-245,5
21,-12,37,11,-210,17,-248,2
17,-10,35,11,-212,14,-250,0
14,-10,32,10,-214,12,-252,-2
12,-9,31,10,-216,10,-253,-3
12,-11,27,9,-217,7,-256,-5
11,-12,25,8,-217,5,-257,-6
9,-11,24,8,-218,4,-258,-7
7,-11,20,7,-220,1,-261,-9
7,-13,17,6,-220,0,-262,-10
5,-11,17,7,-220,0,-262,-11
2,-12,15,6,-222,-3,-265,-13
1,-11,13,5,-224,-6,-267,-15
0,-10,13,6,-224,-6,-267,-16
-3,-8,12,7,-225,-7,-268,-17
-3,-10,9,5,-227,-10,-270,-19
-4,-11,7,4,-227,-11,-271,-20
-4,-11,6,5,-227,-12,-271,-20
-5,-13,4,4,-228,-14,-273,-21
-5,-13,2,3,-228,-16,-274,-22
-7,-11,1,4,-229,-16,-274,-23
-10,-9,0,4,-231,-19,-277,-25
-13,-10,-3,3,-232,-21,-279,-27
-14,-10,-4,3,-233,-23,-280,-29
-16,-7,-4,4,-234,-23,-281,-29
-16,-7,-5,3,-235,-24,-281,-30
-15,-8,-5,3,-234,-24,-281,-29
-16,-8,-6,3,-234,-25,-281,-30
-17,-10,-9,2,-236,-28,-284,-32
-17,-11,-11,1,-236,-29,-285,-32
-17,-10,-9,2,-235,-28,-283,-32
-18,-10,-9,2,-236,-28,-284,-32
-18,-10,-10,1,-236,-29,-284,-33
-18,-10,-9,2,-236,-29,-284,-33
-19,-9,-8,2,-236,-28,-283,-32
-19,-9,-9,2,-235,-28,-283,-33
-18,-10,-9,2,-235,-28,-283,-32
-18,-10,-9,2,-234,-28,-282,-32
-17,-10,-9,2,-234,-28,-282,-32
-16,-11,-11,1,-234,-28,-283,-32
-17,-10,-10,2,-233,-28,-282,-32
-18,-10,-10,1,-234,-29,-282,-32
-18,-10,-9,2,-234,-28,-282,-32
-18,-9,-9,2,-234,-28,-281,-32
-19,-8,-8,2,-234,-27,-281,-32
-19,-9,-9,2,-234,-28,-281,-33
-18,-10,-9,2,-233,-28,-281,-32
-18,-10,-9,2,-233,-27,-280,-31
-18,-10,-9,2,-233,-28,-280,-32
-16,-11,-11,1,-233,-29,-281,-32
-17,-11,-10,2,-232,-28,-280,-31
-18,-10,-9,2,-232,-28,-280,-32
-17,-10,-9,1,-233,-28,-280,-33
-18,-9,-9,1,-232,-28,-280,-32
-19,-8,-8,2,-233,-28,-279,-32
-19,-9,-9,2,-233,-28,-280,-32
-18,-10,-9,2,-232,-28,-279,-32
-18,-10,-9,3,-231,-27,-278,-31
-17,-10,-9,2,-232,-28,-278,-31
-17,-11,-11,1,-231,-28,-279,-32
-17,-10,-9,2,-230,-28,-277,-31
-18,-9,-9,2,-231,-28,-278,-32
-18,-9,-9,1,-231,-28,-278,-32
-18,-9,-9,2,-231,-28,-278,-32
-19,-8,-8,3,-231,-27,-277,-32
-19,-8,-9,2,-232,-28,-278,-32
-18,-9,-9,2,-231,-28,-278,-32
-18,-9,-9,2,-230,-27,-277,-31
-17,-9,-9,2,-230,-27,-277,-32
-16,-10,-11,1,-230,-28,-277,-32
-17,-10,-9,2,-229,-27,-276,-31
-18,-10,-9,2,-229,-27,-276,-31
-18,-10,-10,2,-230,-28,-277,-32
-18,-10,-9,2,-229,-28,-276,-32
-19,-8,-8,2,-230,-27,-276,-32
-18,-8,-9,2,-230,-28,-276,-32
-18,-9,-9,2,-229,-27,-275,-31
-17,-9,-8,2,-228,-27,-275,-31
-17,-9,-9,2,-229,-28,-275,-31
-16,-11,-10,1,-229,-28,-276,-31
-17,-10,-9,2,-228,-27,-275,-30
-17,-9,-9,2,-228,-27,-275,-31
-18,-9,-9,1,-228,-28,-275,-32
-18,-9,-9,2,-228,-27,-274,-32
-19,-8,-8,3,-228,-27,-274,-31
-19,-8,-9,2,-228,-27,-274,-32
-17,-9,-9,1,-228,-28,-274,-31
-17,-9,-9,2,-227,-27,-273,-31
-17,-9,-9,2,-227,-27,-273,-31
-16,-11,-10,1,-227,-28,-274,-31
-16,-10,-9,2,-226,-27,-273,-31
-17,-10,-9,2,-227,-27,-273,-31
-18,-9,-9,1,-227,-28,-273,-32
-18,-9,-9,1,-227,-27,-273,-32
-19,-8,-8,2,-227,-27,-272,-32
-18,-9,-9,2,-227,-27,-272,-32
-17,-9,-9,2,-226,-27,-272,-31
-17,-9,-8,2,-225,-26,-271,-30
-17,-9,-9,2,-225,-27,-271,-31
-16,-11,-10,1,-225,-28,-272,-31
-17,-10,-9,1,-225,-27,-271,-30
-17,-9,-9,1,-225,-27,-271,-31
-17,-9,-9,1,-226,-27,-271,-31
-17,-9,-9,1,-225,-27,-272,-31
-18,-8,-8,2,-226,-27,-271,-31
-18,-8,-8,2,-226,-27,-271,-31
-17,-9,-9,2,-225,-27,-270,-31
-17,-9,-9,2,-224,-27,-270,-31
-17,-9,-9,2,-225,-27,-270,-30
-16,-10,-10,1,-224,-27,-270,-31
-16,-10,-9,2,-223,-27,-269,-30
-17,-9,-9,2,-223,-27,-269,-31
-17,-9,-9,1,-224,-27,-270,-31
-18,-9,-9,1,-224,-27,-270,-31
-19,-8,-8,2,-224,-26,-269,-31
-18,-8,-9,2,-224,-27,-269,-31
-17,-9,-9,2,-224,-27,-269,-31
-17,-9,-8,2,-223,-26,-268,-30
-17,-9,-9,2,-223,-27,-268,-30
-16,-10,-10,1,-223,-28,-269,-31
-16,-10,-9,1,-222,-27,-268,-30
-17,-9,-9,2,-222,-27,-268,-30
-17,-9,-9,2,-223,-27,-268,-31
-17,-9,-9,1,-222,-27,-268,-31
-18,-8,-8,2,-223,-26,-267,-31
-18,-8,-8,2,-223,-26,-267,-31
-17,-9,-9,2,-222,-27,-267,-31
-17,-9,-8,2,-221,-26,-266,-30
-17,-9,-9,2,-222,-26,-267,-30
-18,-8,-8,2,-221,-26,-265,-30
-18,-8,-8,2,-221,-26,-266,-31
-17,-9,-9,1,-221,-27,-266,-31
-17,-9,-9,2,-220,-26,-264,-30
-17,-9,-9,2,-220,-26,-264,-30
-16,-10,-10,1,-220,-27,-265,-30
-16,-10,-9,2,-219,-26,-264,-29
-17,-9,-9,2,-220,-26,-265,-30
-17,-9,-9,1,-220,-26,-265,-31
-17,-9,-9,2,-220,-27,-264,-30
-18,-8,-8,2,-220,-26,-264,-31
-18,-8,-8,2,-221,-26,-264,-31
-17,-9,-9,1,-219,-26,-264,-30
-17,-9,-8,2,-218,-26,-262,-29
-17,-9,-9,2,-219,-26,-262,-30
-15,-10,-10,1,-219,-27,-263,-30
-15,-10,-9,2,-218,-26,-263,-30
-16,-9,-9,2,-218,-27,-263,-30
-17,-9,-9,1,-219,-27,-263,-30
-17,-9,-9,1,-219,-27,-263,-31
-18,-8,-8,2,-219,-26,-262,-30
-18,-8,-8,2,-219,-26,-262,-30
-17,-9,-9,1,-218,-26,-262,-31
-17,-9,-8,2,-217,-26,-261,-30
-17,-9,-9,2,-217,-26,-261,-30
-15,-10,-10,1,-217,-26,-262,-30
-15,-10,-9,2,-215,-26,-261,-29
-17,-9,-9,1,-216,-26,-261,-29
-17,-9,-9,1,-217,-26,-262,-30
-17,-9,-9,1,-217,-26,-261,-30
-18,-8,-8,2,-217,-26,-260,-30
-18,-7,-8,2,-217,-26,-261,-30
-17,-9,-9,1,-217,-26,-261,-30
-17,-9,-8,2,-216,-26,-260,-29
-17,-9,-9,2,-216,-25,-260,-29
-16,-10,-9,1,-216,-26,-260,-30
-16,-10,-9,1,-215,-26,-260,-29
-16,-9,-9,2,-215,-26,-259,-30
-17,-9,-9,1,-215,-26,-260,-30
-17,-9,-9,1,-215,-26,-260,-30
-18,-8,-7,2,-215,-26,-259,-30
-18,-7,-8,2,-216,-26,-259,-30
-17,-9,-8,2,-215,-26,-258,-30
-17,-9,-8,2,-215,-25,-258,-29
-15,-8,-6,2,-214,-23,-256,-27
-11,-7,-3,2,-211,-20,-253,-25
-10,-6,-1,3,-209,-17,-250,-23
-9,-5,2,4,-208,-14,-248,-21
-6,-5,5,5,-206,-12,-246,-19
-2,-7,9,5,-203,-8,-242,-16
-1,-6,13,6,-201,-4,-239,-14
0,-5,15,7,-200,-2,-237,-12
3,-7,17,6,-198,0,-234,-10
4,-7,18,7,-197,1,-232,-9
5,-4,20,8,-196,3,-231,-8
6,-4,20,7,-196,3,-231,-7
8,-6,21,8,-194,4,-230,-6
8,-6,22,8,-194,5,-229,-6
7,-6,22,8,-194,5,-229,-6
7,-6,22,8,-194,4,-229,-7
6,-5,23,8,-194,5,-228,-6
6,-5,23,8,-195,4,-229,-7
7,-9,20,7,-194,3,-230,-7
8,-11,20,7,-193,3,-229,-7
7,-11,19,7,-193,3,-229,-7
8,-11,18,6,-194,1,-231,-8
7,-10,18,7,-194,1,-231,-8
5,-8,18,7,-194,0,-231,-9
4,-8,18,6,-195,0,-231,-10
4,-8,16,6,-196,0,-232,-10
1,-8,15,6,-197,-2,-233,-11
0,-8,14,6,-198,-3,-234,-12
1,-10,12,5,-198,-4,-235,-13
0,-11,10,5,-198,-6,-237,-14
0,-10,8,5,-199,-7,-238,-15
-1,-10,6,4,-200,-9,-239,-16
-2,-11,4,4,-200,-11,-240,-17
-5,-11,3,4,-202,-13,-242,-19
-7,-9,1,3,-203,-15,-243,-21
-8,-8,0,3,-204,-16,-244,-22
-11,-7,0,3,-205,-17,-245,-23
-14,-7,-2,3,-207,-20,-248,-25
-14,-7,-5,2,-209,-22,-249,-27
-15,-7,-6,2,-208,-23,-250,-27
-16,-9,-8,2,-210,-25,-252,-29
-15,-10,-10,1,-210,-26,-252,-29
-15,-10,-10,1,-209,-26,-252,-29
-16,-9,-9,1,-209,-25,-252,-29
-16,-8,-9,1,-209,-26,-252,-30
-16,-9,-9,1,-209,-26,-252,-30
-17,-8,-8,2,-209,-25,-251,-29
-18,-7,-8,2,-210,-25,-251,-29
-17,-8,-9,1,-209,-26,-252,-30
-16,-9,-8,2,-209,-25,-251,-29
-16,-8,-9,2,-209,-26,-251,-29
-15,-9,-10,1,-209,-26,-251,-29
-15,-10,-9,1,-207,-25,-250,-28
-16,-8,-9,1,-207,-26,-250,-29
-17,-8,-9,1,-208,-26,-251,-29
-17,-8,-9,1,-208,-26,-250,-29
-17,-8,-8,2,-208,-25,-250,-29
-18,-7,-7,2,-208,-25,-249,-29
-17,-8,-9,1,-208,-26,-250,-29
-16,-8,-9,1,-207,-25,-249,-29
-16,-8,-9,2,-207,-25,-249,-28
-15,-9,-10,1,-207,-26,-249,-29
-15,-10,-9,1,-206,-25,-249,-28
-16,-9,-9,1,-207,-25,-249,-29
-16,-8,-9,1,-208,-26,-249,-29
-17,-8,-9,1,-207,-26,-249,-29
-17,-8,-8,2,-206,-25,-248,-29
-18,-7,-8,2,-207,-25,-248,-29
-17,-8,-9,1,-207,-25,-248,-29
-16,-8,-9,2,-206,-24,-247,-28
-16,-8,-8,2,-205,-25,-247,-28
-15,-9,-9,1,-206,-26,-248,-29
-15,-9,-9,1,-205,-25,-247,-28
-16,-9,-9,1,-205,-25,-247,-28
-16,-8,-9,1,-206,-25,-247,-29
-17,-8,-9,1,-206,-25,-248,-29
-20,-8,-5,3,-208,-29,-250,-31
-26,-10,3,5,-212,-36,-257,-37
-29,-14,9,6,-216,-44,-263,-42
-35,-16,17,8,-218,-51,-268,-46
-38,-14,20,8,-220,-54,-271,-48
-35,-7,12,5,-219,-48,-266,-45
-27,0,0,2,-212,-35,-255,-37
-16,16,-22,-3,-202,-12,-236,-23
1,42,-58,-14,-187,24,-207,-1
25,66,-99,-25,-167,64,-173,24
50,89,-141,-36,-147,106,-138,52
75,111,-183,-47,-127,147,-103,80
102,132,-226,-58,-107,188,-69,107
128,153,-268,-69,-86,231,-34,136
153,173,-309,-79,-66,271,0,162
180,185,-348,-89,-46,307,30,188
206,187,-380,-95,-27,338,57,211
225,187,-403,-99,-12,363,78,229
239,190,-422,-104,-2,381,94,242
249,193,-435,-107,4,394,105,250
253,186,-437,-106,8,397,108,254
254,176,-432,-103,8,392,106,253
251,166,-423,-101,4,382,97,246
242,157,-406,-96,-2,367,85,237
230,146,-387,-91,-11,347,69,224
217,131,-363,-85,-23,322,48,208
199,110,-330,-76,-36,289,22,187
175,91,-291,-66,-54,252,-7,163
149,69,-249,-55,-75,210,-42,135
123,43,-204,-43,-96,166,-78,107
97,16,-158,-30,-116,122,-114,79
70,-3,-115,-18,-136,81,-148,51
45,-22,-76,-9,-156,41,-182,23
20,-41,-35,0,-176,0,-216,-2
-7,-58,-9,2,-198,-40,-251,-31
-35,-82,-5,1,-220,-87,-289,-62
-60,-93,-5,1,-238,-122,-319,-85
-75,-78,-4,2,-248,-131,-327,-95
-76,-62,-4,2,-248,-124,-323,-93
-65,-51,-3,2,-238,-105,-307,-81
-51,-37,-3,3,-227,-80,-287,-65
-38,-26,-3,3,-217,-58,-269,-51
-26,-18,-4,2,-208,-41,-254,-39
-19,-11,-4,3,-202,-30,-244,-31
-18,-10,-4,3,-201,-28,-243,-29
-18,-10,-5,2,-201,-29,-243,-30
-17,-11,-5,2,-200,-29,-243,-30
-18,-10,-4,3,-201,-28,-242,-30
-18,-10,-4,3,-201,-28,-242,-30
-18,-10,-4,2,-201,-28,-243,-30
-19,-9,-4,3,-201,-28,-242,-30
-20,-8,-3,3,-201,-28,-242,-30
-19,-9,-4,2,-201,-28,-242,-31
-18,-10,-4,2,-200,-28,-242,-30
-18,-10,-4,3,-200,-28,-241,-30
-18,-10,-4,2,-200,-28,-241,-30
-17,-11,-5,2,-199,-28,-241,-30
-17,-10,-4,2,-199,-28,-241,-30
-18,-10,-4,2,-200,-28,-241,-31
-19,-10,-4,2,-200,-29,-241,-31
-19,-9,-4,3,-200,-28,-241,-30
-20,-8,-3,3,-200,-27,-240,-30
-19,-9,-4,2,-200,-28,-241,-30
-18,-10,-4,3,-199,-28,-240,-29
-18,-10,-4,3,-198,-27,-240,-29
-17,-10,-4,2,-199,-28,-240,-29
-16,-11,-5,2,-198,-28,-240,-30
-17,-10,-4,2,-198,-28,-239,-30
-18,-10,-4,2,-198,-28,-239,-30
-18,-10,-4,2,-198,-28,-240,-31
-19,-9,-3,2,-198,-28,-239,-30
-20,-9,-3,3,-198,-27,-239,-30
-18,-9,-4,2,-199,-28,-239,-30
-18,-10,-4,3,-198,-28,-239,-30
-18,-9,-4,3,-198,-28,-238,-29
-17,-10,-4,2,-198,-28,-239,-29
-16,-11,-5,2,-197,-28,-238,-29
-17,-10,-4,2,-197,-28,-238,-29
-18,-10,-4,2,-197,-28,-239,-30
-18,-10,-4,2,-197,-28,-239,-30
-18,-9,-4,3,-197,-28,-238,-30
-19,-8,-3,3,-197,-27,-237,-30
-18,-9,-4,2,-197,-28,-238,-30
-17,-9,-2,3,-196,-26,-236,-29
-16,-8,0,4,-194,-24,-233,-26
-14,-8,0,3,-194,-24,-233,-27
-12,-9,0,3,-192,-22,-232,-25
-12,-7,3,4,-191,-19,-229,-23
-12,-7,4,4,-191,-18,-229,-23
-10,-9,5,4,-190,-18,-228,-23
-10,-8,6,4,-189,-17,-227,-22
-11,-7,7,5,-190,-16,-226,-22
-9,-7,7,5,-189,-16,-226,-21
-7,-7,10,5,-187,-13,-223,-19
-6,-7,10,6,-186,-12,-222,-18
-6,-8,9,5,-187,-13,-223,-19
-3,-10,10,5,-185,-12,-222,-18
-3,-10,12,6,-183,-11,-220,-17
-4,-7,13,6,-184,-10,-220,-16
-4,-5,14,6,-184,-9,-219,-16
-3,-6,16,7,-183,-7,-217,-15
-3,-6,18,8,-182,-6,-216,-14
-1,-7,17,7,-182,-7,-216,-14
0,-6,19,8,-180,-4,-214,-12
2,-4,24,8,-177,0,-209,-8
6,-3,27,9,-175,4,-206,-5
9,-2,31,10,-172,8,-203,-3
10,-1,33,11,-171,10,-201,-2
12,0,37,12,-171,13,-199,0
14,2,41,13,-169,17,-195,1
16,4,46,14,-166,22,-191,5
18,7,51,15,-164,26,-187,8
22,8,54,16,-163,29,-184,10
25,6,57,17,-159,33,-181,13
28,7,61,17,-157,37,-177,16
32,8,65,18,-155,41,-174,18
36,9,69,19,-152,45,-170,21
37,12,74,21,-149,50,-165,25
39,14,78,22,-148,54,-163,27
42,13,81,22,-145,56,-160,29
44,14,85,24,-144,60,-157,31
44,15,87,24,-143,62,-156,32
47,16,88,24,-142,64,-154,34
49,14,89,24,-141,65,-152,36
50,13,91,24,-139,66,-151,37
51,12,90,24,-139,66,-151,37
53,11,91,24,-137,67,-149,38
54,13,94,25,-136,70,-147,40
53,14,95,25,-137,70,-147,39
53,14,95,25,-136,70,-147,39
52,14,94,25,-137,69,-148,39
49,14,92,25,-138,67,-149,37
49,12,90,23,-139,65,-151,36
49,9,88,23,-139,63,-152,35
48,9,86,23,-140,61,-153,34
47,7,83,22,-141,59,-156,32
47,6,80,21,-142,56,-157,31
44,5,78,21,-143,54,-159,30
42,4,76,20,-144,52,-161,27
40,2,73,18,-146,48,-164,25
37,2,70,18,-148,45,-167,23
34,3,67,18,-150,43,-169,20
33,0,63,17,-152,38,-172,18
32,-3,59,16,-152,35,-174,16
30,-5,54,15,-153,31,-177,14
29,-9,51,13,-155,27,-180,12
28,-13,46,11,-156,23,-183,10
24,-14,43,11,-158,19,-186,7
21,-12,40,10,-160,17,-189,4
17,-10,38,10,-162,14,-192,2
15,-10,35,10,-165,11,-194,0
12,-9,34,10,-165,10,-195,0
11,-11,31,9,-167,7,-197,-2
11,-12,29,8,-167,5,-198,-3
9,-11,27,8,-168,4,-199,-4
7,-11,23,8,-170,1,-202,-6
6,-13,21,7,-169,0,-203,-8
4,-11,20,7,-171,-1,-204,-9
2,-11,18,6,-173,-4,-207,-11
0,-11,16,5,-174,-6,-208,-13
0,-10,16,6,-175,-6,-209,-13
-3,-8,15,6,-176,-7,-210,-15
-3,-11,11,5,-178,-10,-212,-16
-4,-10,10,5,-178,-11,-213,-17
-5,-11,9,5,-178,-12,-213,-17
-5,-13,7,4,-178,-14,-215,-18
-6,-13,4,3,-179,-17,-217,-20
-7,-12,5,4,-179,-17,-216,-20
-10,-10,3,3,-181,-19,-218,-22
-13,-11,0,2,-183,-22,-221,-25
-14,-10,-1,3,-184,-23,-222,-26
-17,-7,0,3,-185,-23,-222,-27
-17,-7,-2,3,-186,-24,-223,-27
-16,-7,-2,2,-185,-24,-223,-27
-16,-8,-3,2,-185,-25,-223,-27
-18,-9,-6,1,-187,-28,-226,-29
-17,-11,-7,1,-186,-29,-226,-29
-18,-11,-6,2,-186,-28,-226,-29
-19,-10,-6,2,-187,-29,-226,-30
-18,-10,-6,1,-187,-29,-226,-30
-19,-10,-6,2,-186,-29,-226,-30
-20,-9,-5,2,-186,-28,-225,-29
-19,-9,-6,1,-187,-29,-226,-30
-18,-9,-6,2,-186,-28,-225,-29
-18,-10,-6,2,-185,-28,-225,-29
-18,-10,-6,1,-186,-28,-224,-29
-17,-11,-7,1,-185,-29,-225,-30
-18,-10,-7,2,-185,-29,-225,-29
-18,-9,-6,1,-185,-28,-224,-29
-18,-10,-6,1,-186,-29,-225,-30
-19,-9,-6,1,-185,-29,-224,-30
-20,-8,-5,2,-186,-28,-224,-29
-19,-9,-6,2,-186,-28,-224,-30
-18,-10,-6,2,-185,-28,-223,-29
-19,-9,-6,2,-184,-28,-223,-29
-18,-10,-6,1,-185,-28,-223,-29
-17,-10,-7,0,-184,-29,-223,-29
-18,-10,-6,1,-183,-28,-223,-29
-18,-9,-6,2,-184,-28,-223,-29
-19,-9,-7,1,-185,-28,-223,-30
-19,-9,-6,1,-184,-28,-223,-30
-20,-8,-5,3,-184,-27,-222,-29
-19,-9,-6,2,-185,-28,-222,-29
-18,-9,-6,2,-184,-28,-222,-29
-18,-9,-6,2,-183,-27,-221,-29
-18,-9,-6,2,-183,-28,-222,-29
-17,-10,-7,1,-182,-28,-222,-29
-17,-10,-6,2,-182,-28,-221,-28
-18,-9,-6,2,-183,-28,-221,-29
-18,-9,-6,1,-184,-28,-222,-30
-18,-9,-6,1,-183,-28,-222,-30
-20,-8,-5,2,-183,-27,-221,-29
-19,-8,-6,1,-184,-28,-222,-30
-19,-9,-6,1,-183,-28,-221,-29
-18,-9,-6,2,-182,-28,-221,-28
-18,-9,-6,2,-183,-28,-221,-29
-16,-11,-7,1,-182,-29,-221,-29
-17,-10,-7,1,-181,-28,-220,-28
-18,-9,-6,2,-182,-28,-220,-29
-18,-9,-6,1,-182,-28,-221,-30
-18,-9,-6,1,-182,-28,-220,-29
-20,-8,-5,2,-182,-27,-219,-29
-19,-8,-6,2,-183,-28,-220,-29
-18,-9,-6,2,-182,-28,-220,-29
-18,-9,-6,2,-181,-27,-219,-28
-17,-9,-6,2,-182,-28,-219,-29
-16,-10,-7,1,-181,-28,-219,-28
-17,-10,-7,2,-180,-28,-219,-28
-18,-10,-6,2,-181,-28,-219,-28
-18,-9,-7,2,-181,-28,-219,-29
-18,-9,-6,2,-180,-28,-219,-29
-19,-8,-5,2,-181,-27,-218,-29
-19,-9,-6,2,-182,-28,-218,-29
-19,-9,-6,2,-180,-28,-218,-28
-18,-9,-6,2,-180,-27,-218,-28
-18,-9,-6,1,-180,-28,-218,-28
-16,-11,-7,1,-180,-28,-218,-28
-17,-10,-6,1,-179,-28,-218,-28
-18,-10,-6,1,-180,-28,-217,-28
-18,-9,-6,1,-180,-28,-218,-29
-18,-9,-6,1,-180,-28,-217,-29
-19,-8,-5,2,-180,-27,-217,-28
-19,-9,-5,1,-180,-27,-217,-29
-18,-9,-6,2,-179,-27,-217,-28
-18,-9,-6,2,-179,-27,-216,-28
-18,-9,-6,1,-179,-27,-217,-28
-16,-10,-7,1,-179,-28,-217,-28
-17,-10,-7,1,-178,-27,-216,-28
-18,-10,-6,1,-178,-27,-216,-28
-18,-9,-7,1,-179,-28,-217,-29
-18,-9,-6,1,-179,-27,-216,-29
-19,-8,-5,2,-178,-26,-215,-28
-19,-8,-6,2,-179,-27,-216,-29
-18,-9,-6,1,-178,-27,-215,-28
-18,-9,-6,2,-178,-27,-215,-28
-18,-9,-6,2,-178,-27,-215,-28
-16,-11,-7,1,-177,-27,-215,-28
-17,-10,-7,1,-177,-27,-215,-28
-18,-9,-6,1,-177,-27,-215,-28
-18,-9,-6,1,-178,-28,-215,-29
-18,-9,-6,1,-177,-27,-215,-29
-19,-8,-5,2,-178,-27,-214,-28
-19,-8,-6,1,-178,-27,-215,-29
-18,-9,-6,1,-177,-27,-214,-28
-18,-9,-6,2,-176,-26,-214,-27
-17,-9,-6,2,-177,-27,-214,-28
-16,-11,-7,1,-176,-28,-214,-28
-17,-10,-6,1,-176,-27,-213,-27
-18,-9,-6,2,-176,-27,-213,-27
-18,-9,-6,1,-176,-27,-214,-28
-18,-9,-6,1,-176,-27,-213,-28
-19,-8,-5,2,-176,-27,-212,-28
-19,-8,-5,1,-177,-27,-213,-29
-18,-9,-6,1,-176,-27,-213,-28
-17,-9,-6,2,-175,-27,-212,-27
-17,-9,-6,1,-176,-26,-212,-27
-16,-10,-7,1,-175,-27,-212,-27
-17,-10,-7,1,-174,-27,-212,-27
-18,-9,-6,2,-175,-27,-212,-28
-17,-9,-6,1,-175,-27,-212,-28
-17,-9,-6,1,-175,-27,-212,-28
-19,-8,-4,2,-174,-26,-211,-27
-18,-8,-5,1,-175,-27,-212,-28
-17,-9,-6,1,-175,-27,-211,-28
-17,-9,-6,2,-174,-26,-211,-27
-17,-9,-6,2,-174,-26,-211,-27
-16,-10,-7,1,-174,-27,-211,-28
-16,-10,-7,1,-174,-27,-211,-27
-17,-9,-6,2,-174,-27,-210,-27
-18,-9,-6,1,-174,-27,-211,-28
-18,-9,-6,1,-174,-27,-211,-28
-19,-8,-5,2,-174,-26,-210,-28
-18,-8,-5,1,-175,-27,-211,-28
-17,-9,-5,1,-173,-26,-210,-28
-17,-9,-5,2,-173,-26,-210,-27
-17,-9,-6,1,-173,-26,-210,-27
-16,-10,-7,1,-173,-27,-210,-28
-16,-10,-6,1,-172,-26,-209,-28
-17,-9,-6,1,-173,-26,-209,-28
-17,-9,-6,0,-174,-27,-210,-28
-17,-9,-6,1,-174,-27,-210,-28
-18,-8,-5,2,-173,-26,-209,-27
-18,-7,-6,1,-174,-26,-209,-28
-18,-8,-6,1,-173,-26,-209,-28
-17,-9,-6,2,-172,-26,-208,-27
-17,-9,-6,1,-172,-26,-208,-27
-16,-10,-7,0,-171,-26,-209,-28
-16,-10,-6,1,-171,-26,-208,-27
-17,-9,-6,1,-172,-26,-208,-27
-17,-9,-6,1,-172,-27,-208,-28
-17,-8,-6,1,-172,-26,-208,-28
-18,-8,-5,2,-172,-26,-207,-27
-18,-8,-5,2,-173,-26,-208,-28
-17,-9,-6,1,-172,-26,-207,-27
-17,-9,-5,2,-171,-26,-207,-27
-17,-9,-6,2,-171,-26,-207,-27
-16,-10,-6,1,-171,-27,-207,-27
-16,-10,-6,1,-170,-26,-206,-27
-17,-9,-5,1,-170,-26,-206,-27
-17,-9,-6,1,-171,-26,-207,-28
-17,-9,-6,1,-171,-27,-207,-28
-18,-8,-5,2,-170,-26,-206,-27
-19,-7,-5,2,-171,-26,-206,-28
-17,-9,-6,1,-171,-26,-206,-28
-17,-9,-6,1,-170,-26,-206,-27
-15,-8,-3,2,-169,-23,-203,-25
-11,-7,0,2,-166,-20,-200,-23
-10,-6,2,3,-164,-17,-198,-21
-9,-4,5,4,-163,-14,-196,-19
-7,-5,7,4,-162,-12,-193,-17
-3,-6,12,5,-159,-8,-190,-14
-1,-6,16,7,-156,-4,-187,-12
0,-5,18,7,-156,-2,-185,-10
3,-6,20,6,-154,0,-182,-8
4,-7,21,7,-152,1,-180,-6
4,-4,23,8,-152,2,-180,-6
6,-5,23,7,-152,2,-179,-6
8,-6,24,7,-150,4,-178,-4
7,-5,25,8,-150,5,-177,-3
7,-5,25,8,-150,4,-177,-4
7,-6,25,7,-150,4,-177,-4
6,-5,26,8,-149,5,-177,-4
6,-6,25,8,-150,4,-177,-4
7,-9,23,7,-150,3,-178,-5
7,-11,23,7,-149,3,-178,-4
8,-11,23,7,-149,3,-177,-4
8,-11,21,6,-150,1,-178,-5
6,-9,20,7,-150,1,-179,-5
4,-8,21,7,-150,1,-179,-6
4,-8,20,6,-152,0,-180,-8
4,-8,19,6,-152,0,-181,-8
1,-8,18,6,-152,-2,-181,-9
1,-8,17,6,-154,-3,-183,-10
1,-10,15,5,-154,-4,-183,-11
0,-11,12,5,-154,-6,-185,-12
-1,-11,11,4,-155,-7,-186,-13
-2,-10,9,4,-156,-9,-187,-14
-3,-11,7,3,-157,-12,-189,-15
-5,-10,6,3,-158,-13,-191,-17
-7,-9,5,3,-160,-15,-192,-18
-9,-8,4,3,-161,-16,-193,-19
-11,-8,3,3,-161,-17,-194,-20
-14,-7,0,2,-164,-20,-197,-23
-14,-7,-2,2,-165,-22,-198,-24
-15,-7,-4,2,-165,-23,-199,-25
-17,-9,-6,2,-166,-25,-200,-26
-16,-9,-7,1,-166,-26,-201,-27
-15,-10,-7,1,-165,-26,-201,-26
-17,-9,-6,1,-165,-25,-200,-26
-17,-9,-7,1,-165,-26,-201,-27
-17,-9,-6,1,-166,-26,-201,-27
-18,-8,-5,2,-166,-26,-200,-27
-18,-7,-5,2,-166,-26,-200,-27
-17,-8,-6,1,-166,-26,-200,-27
-17,-8,-6,1,-165,-26,-200,-26
-17,-9,-6,1,-165,-26,-200,-26
-16,-9,-7,1,-165,-26,-200,-26
-16,-10,-7,1,-164,-26,-200,-26
-17,-9,-6,1,-164,-26,-199,-26
-17,-8,-6,1,-165,-26,-200,-27
-17,-8,-6,1,-165,-26,-200,-27
-18,-8,-5,2,-164,-25,-199,-26
-19,-7,-5,1,-166,-25,-199,-27
-18,-8,-6,1,-165,-26,-199,-27
-17,-9,-6,1,-164,-25,-199,-26
-17,-8,-6,1,-163,-26,-198,-27
-18,-7,-5,2,-163,-25,-198,-27
-18,-7,-5,2,-164,-25,-198,-27
-17,-8,-6,1,-163,-25,-198,-27
-16,-8,-6,2,-162,-25,-197,-26
-16,-8,-6,1,-163,-25,-197,-26
-16,-9,-7,1,-163,-26,-198,-26
-15,-10,-7,1,-162,-26,-197,-26
-16,-9,-6,1,-162,-25,-197,-26
-17,-8,-6,1,-163,-26,-198,-27
-17,-8,-6,1,-163,-26,-198,-27
-20,-8,-2,2,-165,-28,-199,-29
-26,-10,5,4,-170,-37,-207,-35
-30,-14,12,5,-173,-44,-213,-40
-35,-16,19,7,-176,-51,-218,-44
-38,-14,23,8,-178,-54,-221,-46
-36,-7,15,5,-176,-48,-216,-43
-28,0,3,1,-170,-36,-206,-35
-17,16,-18,-3,-160,-13,-187,-21
0,42,-55,-14,-145,22,-158,0
24,66,-96,-25,-126,63,-125,26
48,89,-137,-35,-105,105,-89,54
74,111,-180,-47,-86,146,-55,81
100,132,-223,-58,-65,188,-20,109
127,153,-265,-69,-44,230,14,137
152,172,-306,-79,-24,270,48,164
179,185,-345,-89,-5,306,79,189
205,187,-376,-95,14,337,106,212
225,187,-400,-100,29,362,127,231
239,190,-420,-104,39,381,143,244
248,193,-432,-107,46,393,154,253
253,187,-434,-106,50,396,158,256
254,176,-430,-104,49,392,155,255
251,166,-421,-101,46,382,147,249
242,157,-405,-97,39,367,135,239
230,146,-385,-91,30,347,119,227
217,131,-361,-85,19,322,98,211
199,111,-328,-77,5,290,72,190
175,91,-289,-66,-12,253,41,166
150,70,-248,-56,-33,211,7,138
123,44,-203,-44,-53,167,-28,109
97,16,-156,-31,-73,123,-64,81
70,-3,-114,-20,-95,82,-99,53
46,-22,-74,-10,-115,42,-133,26
20,-41,-34,0,-134,1,-166,0
-7,-58,-7,2,-156,-40,-202,-28
-35,-82,-2,1,-178,-86,-240,-59
-59,-93,-2,1,-196,-121,-270,-83
-75,-78,-1,2,-206,-130,-278,-92
-77,-62,-2,2,-206,-124,-274,-91
-65,-52,-2,2,-197,-106,-259,-79
-52,-37,-1,3,-186,-81,-238,-62
-39,-26,-1,3,-176,-59,-220,-48
-27,-18,-2,2,-167,-42,-206,-37
-20,-11,-1,2,-160,-29,-196,-29
-18,-10,-1,2,-160,-28,-194,-27
-17,-11,-2,2,-160,-28,-195,-28
-17,-11,-2,2,-159,-28,-194,-27
-18,-10,-2,3,-159,-28,-194,-27
-18,-10,-1,2,-160,-29,-194,-28
-19,-10,-2,1,-160,-29,-195,-29
-19,-9,-1,2,-159,-28,-194,-28
-20,-8,-1,3,-160,-28,-194,-28
-19,-9,-2,2,-160,-29,-194,-28
-18,-10,-1,3,-159,-28,-193,-27
-18,-10,-1,3,-159,-28,-193,-27
-18,-10,-2,2,-158,-28,-193,-27
-17,-11,-3,1,-158,-28,-193,-28
-18,-10,-2,2,-158,-28,-193,-27
-18,-10,-2,2,-159,-29,-193,-28
-18,-10,-2,2,-159,-29,-193,-29
-19,-9,-1,2,-158,-28,-193,-28
-20,-8,-1,2,-159,-28,-193,-28
-19,-9,-2,2,-159,-28,-193,-28
-18,-10,-1,3,-158,-28,-192,-27
-18,-10,-1,3,-158,-28,-192,-27
-17,-11,-2,2,-158,-28,-192,-28
-17,-11,-3,2,-157,-29,-192,-27
-18,-10,-2,3,-157,-28,-191,-27
-18,-10,-2,2,-157,-28,-192,-28
-18,-10,-2,1,-158,-29,-192,-28
-19,-9,-1,2,-157,-28,-192,-28
-20,-8,-1,3,-158,-28,-192,-28
-19,-9,-2,2,-158,-28,-192,-28
-19,-10,-2,2,-157,-28,-191,-27
-18,-10,-2,3,-157,-28,-191,-27
-18,-10,-2,2,-157,-28,-191,-27
-17,-11,-3,2,-156,-28,-191,-27
-17,-10,-2,2,-156,-28,-191,-27
-18,-10,-2,2,-157,-28,-191,-28
-18,-10,-2,2,-157,-28,-191,-28
-18,-10,-1,3,-156,-27,-190,-28
-19,-8,-1,3,-157,-27,-190,-28
-19,-9,-2,2,-157,-28,-191,-28
-17,-9,0,2,-155,-26,-189,-26
-15,-8,1,3,-154,-24,-186,-24
-15,-8,1,3,-154,-23,-186,-24
-13,-8,2,3,-152,-23,-185,-23
-12,-6,5,4,-151,-19,-182,-21
-11,-7,6,4,-151,-19,-182,-21
-10,-8,7,4,-150,-18,-181,-20
-11,-8,8,4,-149,-17,-180,-20
-11,-7,9,5,-149,-16,-180,-20
-9,-8,10,5,-148,-16,-178,-19
-7,-7,12,5,-146,-13,-176,-17
-7,-7,12,5,-147,-13,-175,-16
-6,-7,12,5,-146,-13,-176,-16
-4,-10,12,4,-144,-12,-175,-15
-3,-10,14,5,-144,-11,-173,-14
-4,-7,16,6,-144,-10,-173,-14
-4,-5,17,6,-144,-9,-172,-14
-3,-6,18,7,-143,-7,-171,-13
-3,-7,20,7,-143,-6,-170,-12
-2,-7,19,6,-142,-6,-170,-12
0,-6,21,7,-140,-3,-167,-10
3,-4,26,8,-137,0,-163,-6
6,-3,30,9,-135,4,-159,-4
9,-3,33,9,-133,7,-157,-1
10,-1,36,11,-132,10,-154,0
11,0,39,11,-131,12,-152,1
13,2,43,12,-129,16,-149,3
16,4,49,14,-126,21,-145,6
18,7,53,15,-125,25,-141,10
21,8,56,16,-123,29,-138,12
25,6,59,16,-120,33,-135,15
28,6,63,18,-117,37,-131,18
31,8,67,18,-115,41,-127,21
35,10,71,18,-112,44,-124,23
37,12,76,20,-109,50,-119,27
39,14,81,22,-108,53,-116,29
42,13,83,22,-106,56,-114,31
44,14,87,23,-104,59,-111,34
44,15,89,24,-104,62,-109,35
47,15,91,24,-103,64,-107,36
49,15,92,23,-101,65,-106,38
50,13,93,24,-100,66,-105,39
51,12,92,23,-100,66,-104,39
53,11,93,23,-99,66,-104,40
54,13,97,24,-97,69,-101,42
53,14,97,25,-97,70,-101,41
53,14,97,25,-97,70,-101,41
52,14,97,25,-97,69,-101,41
49,14,94,24,-99,67,-103,39
49,12,92,23,-100,65,-105,38
50,9,90,23,-100,63,-106,37
48,9,88,22,-101,61,-107,36
47,7,85,22,-102,59,-109,34
46,6,82,20,-103,56,-112,33
44,5,81,20,-104,54,-113,32
42,5,79,20,-105,51,-115,29
40,2,75,18,-107,48,-118,27
37,2,72,18,-109,45,-121,25
33,3,70,18,-111,43,-123,22
33,0,65,16,-113,39,-126,20
32,-3,62,15,-113,36,-128,19
29,-5,57,14,-114,31,-131,16
28,-9,53,12,-116,28,-134,14
27,-13,48,11,-117,23,-137,11
23,-14,45,11,-119,20,-140,9
20,-12,43,10,-122,16,-143,6
17,-10,40,10,-124,14,-146,4
14,-9,38,10,-125,12,-148,2
11,-10,36,10,-127,10,-149,1
11,-11,33,9,-129,7,-151,0
10,-12,31,8,-128,5,-152,-1
9,-10,30,8,-129,4,-153,-2
7,-11,26,7,-131,1,-156,-4
6,-13,23,6,-132,0,-158,-6
4,-11,23,7,-132,-1,-159,-7
2,-12,21,6,-134,-4,-161,-8
0,-11,19,6,-135,-6,-163,-10
0,-10,18,6,-136,-6,-163,-11
-3,-8,17,6,-138,-8,-164,-12
-4,-10,14,5,-139,-10,-167,-14
-5,-10,12,5,-139,-12,-167,-14
-5,-11,12,5,-139,-12,-168,-15
-5,-13,9,4,-140,-15,-170,-16
-5,-13,7,3,-141,-17,-171,-18
-8,-11,7,4,-141,-17,-171,-18
-11,-10,5,3,-143,-19,-173,-20
-13,-10,2,2,-145,-22,-176,-23
-15,-9,1,2,-145,-23,-176,-23
-18,-7,1,3,-147,-24,-177,-25
-17,-7,0,2,-148,-25,-179,-26
-16,-8,0,2,-147,-24,-178,-25
-17,-8,-1,3,-147,-25,-179,-25
-18,-10,-4,2,-148,-28,-181,-27
-17,-11,-5,0,-148,-29,-182,-27
-18,-10,-4,1,-148,-29,-181,-27
-19,-10,-4,1,-149,-29,-181,-28
-19,-9,-4,1,-149,-29,-181,-28
-20,-9,-3,2,-148,-28,-181,-28
-21,-8,-3,2,-148,-28,-180,-28
-20,-9,-4,1,-149,-28,-181,-28
-19,-9,-4,1,-148,-28,-180,-28
-19,-9,-4,1,-148,-28,-180,-27
-19,-10,-4,1,-148,-28,-180,-27
-17,-11,-5,0,-148,-29,-180,-27
-18,-10,-4,2,-147,-28,-180,-27
-19,-10,-4,1,-148,-28,-180,-27
-19,-9,-4,1,-148,-29,-180,-28
-19,-9,-4,1,-147,-28,-180,-28
-20,-8,-3,2,-148,-28,-179,-27
-20,-9,-3,2,-148,-28,-180,-28
-19,-10,-4,1,-147,-29,-179,-28
-19,-9,-4,1,-147,-28,-179,-27
-18,-10,-4,1,-147,-28,-179,-27
-17,-11,-5,1,-146,-29,-179,-27
-18,-10,-4,1,-146,-28,-178,-27
-19,-9,-4,1,-147,-28,-179,-27
-19,-9,-4,1,-148,-29,-180,-28
-19,-9,-4,1,-147,-28,-179,-27
-20,-8,-3,2,-147,-28,-178,-27
-19,-9,-4,2,-147,-28,-178,-28
-19,-9,-4,1,-147,-28,-178,-27
-19,-9,-4,1,-146,-28,-178,-27
-18,-9,-4,1,-145,-28,-177,-27
-17,-11,-5,1,-145,-29,-178,-27
-18,-10,-4,1,-145,-28,-177,-26
-19,-9,-4,1,-145,-28,-177,-27
-18,-9,-4,1,-146,-28,-177,-27
-19,-9,-4,1,-145,-28,-177,-27
-20,-8,-3,2,-146,-28,-177,-27
-19,-9,-4,1,-146,-28,-177,-28
-18,-9,-4,1,-145,-28,-177,-27
-18,-9,-3,2,-145,-28,-176,-26
-18,-10,-4,1,-145,-28,-176,-27
-17,-10,-5,0,-144,-29,-177,-27
-18,-10,-4,1,-144,-28,-176,-26
-18,-9,-4,1,-145,-28,-176,-27
-18,-10,-4,1,-145,-28,-177,-28
-18,-9,-4,1,-145,-28,-176,-27
-20,-8,-3,2,-145,-27,-176,-27
-19,-9,-4,1,-145,-28,-176,-28
-18,-9,-4,1,-144,-28,-176,-27
-18,-9,-3,1,-144,-28,-176,-26
-18,-10,-4,1,-144,-28,-175,-26
-17,-11,-5,0,-144,-29,-176,-27
-17,-10,-4,1,-143,-28,-175,-26
-18,-9,-4,1,-143,-28,-175,-27
-18,-9,-4,1,-144,-28,-176,-27
-19,-9,-4,1,-143,-28,-175,-27
-20,-8,-3,2,-144,-27,-175,-27
-19,-8,-4,1,-145,-28,-175,-27
-19,-9,-4,1,-144,-28,-175,-27
-18,-9,-4,1,-143,-27,-174,-26
-18,-9,-4,1,-143,-27,-174,-26
-17,-10,-5,0,-143,-28,-175,-27
-17,-10,-4,1,-142,-28,-174,-26
-18,-9,-4,1,-143,-28,-174,-27
-19,-9,-4,1,-143,-28,-175,-27
-19,-9,-4,1,-143,-28,-175,-27
-20,-8,-3,2,-143,-27,-174,-27
-19,-8,-3,1,-144,-28,-174,-27
-18,-9,-4,2,-142,-27,-174,-26
-18,-9,-4,2,-142,-27,-173,-26
-18,-9,-4,1,-142,-27,-174,-26
-17,-11,-5,0,-142,-28,-174,-27
-17,-10,-4,1,-141,-27,-173,-26
-18,-9,-4,1,-142,-28,-173,-26
-18,-9,-4,1,-143,-28,-174,-27
-18,-9,-4,1,-142,-27,-173,-26
-20,-8,-3,2,-142,-27,-173,-26
-19,-8,-3,1,-142,-27,-173,-27
-18,-9,-3,1,-141,-27,-172,-26
-18,-9,-3,1,-141,-27,-172,-25
-18,-9,-4,1,-141,-27,-172,-26
-17,-11,-5,0,-141,-28,-173,-27
-17,-10,-4,1,-140,-27,-172,-26
-18,-9,-4,1,-141,-27,-172,-26
-18,-9,-4,1,-141,-28,-173,-27
-18,-9,-4,1,-141,-27,-172,-27
-20,-8,-3,2,-142,-27,-172,-26
-19,-8,-4,1,-142,-27,-172,-26
-18,-9,-4,1,-141,-27,-171,-26
-18,-9,-4,1,-140,-27,-171,-25
-18,-9,-4,1,-140,-27,-171,-26
-17,-10,-5,1,-140,-28,-172,-26
-17,-10,-4,1,-139,-27,-171,-25
-18,-9,-4,1,-140,-27,-171,-26
-18,-9,-4,1,-140,-27,-171,-26
-18,-9,-3,1,-140,-27,-171,-27
-20,-8,-3,2,-140,-27,-170,-26
-19,-8,-3,1,-141,-27,-171,-26
-18,-9,-4,1,-140,-27,-171,-26
-18,-9,-4,1,-140,-27,-170,-25
-18,-9,-4,1,-140,-27,-170,-26
-17,-10,-5,1,-139,-28,-171,-26
-17,-10,-4,1,-139,-27,-170,-25
-17,-9,-4,1,-139,-27,-170,-25
-18,-9,-4,1,-139,-27,-170,-26
-18,-9,-4,1,-139,-27,-170,-26
-19,-8,-3,2,-139,-27,-169,-26
-19,-8,-3,1,-140,-27,-170,-26
-18,-9,-4,1,-139,-27,-169,-26
-17,-9,-3,1,-139,-27,-169,-25
-18,-9,-4,1,-139,-27,-169,-25
-16,-10,-5,0,-139,-28,-170,-26
-17,-9,-4,1,-138,-27,-169,-25
-18,-9,-3,1,-138,-26,-168,-25
-18,-9,-4,1,-139,-27,-169,-26
-18,-9,-4,1,-138,-27,-169,-26
-19,-8,-3,2,-139,-27,-168,-26
-19,-8,-3,1,-139,-27,-169,-26
-18,-9,-3,1,-138,-27,-168,-26
-18,-9,-3,1,-138,-27,-168,-25
-17,-9,-4,2,-138,-26,-168,-25
-16,-10,-5,0,-137,-27,-169,-26
-17,-10,-4,1,-137,-26,-168,-25
-18,-9,-4,1,-137,-26,-168,-25
-18,-9,-4,1,-138,-27,-168,-26
-18,-9,-4,1,-138,-27,-168,-25
-19,-8,-2,2,-138,-26,-167,-25
-19,-8,-3,1,-138,-26,-168,-26
-18,-9,-4,1,-137,-26,-167,-26
-17,-9,-3,2,-137,-26,-167,-25
-17,-9,-3,2,-137,-26,-167,-25
-16,-10,-4,1,-136,-27,-168,-26
-16,-10,-4,1,-135,-26,-167,-25
-18,-9,-4,2,-136,-27,-167,-25
-18,-9,-4,1,-137,-27,-167,-26
-18,-8,-4,1,-137,-27,-167,-26
-19,-7,-3,2,-137,-26,-167,-25
-18,-8,-3,1,-138,-27,-167,-26
-18,-8,-4,1,-137,-26,-166,-25
-17,-9,-4,1,-136,-26,-166,-25
-17,-9,-4,1,-136,-26,-166,-25
-16,-10,-5,1,-136,-27,-167,-25
-16,-10,-4,1,-135,-26,-166,-25
-17,-9,-3,1,-135,-26,-166,-25
-18,-9,-3,1,-136,-27,-166,-26
-18,-9,-3,1,-136,-27,-166,-26
-19,-8,-2,2,-136,-26,-165,-25
-19,-8,-3,1,-136,-26,-165,-25
-18,-9,-4,1,-136,-26,-165,-25
-17,-8,-3,1,-135,-26,-165,-25
-16,-7,-1,2,-134,-23,-163,-23
-12,-7,1,2,-132,-20,-160,-21
-11,-6,3,3,-130,-18,-157,-19
-10,-5,7,4,-129,-15,-155,-17
-7,-5,10,4,-127,-12,-153,-15
-3,-6,13,5,-124,-8,-149,-12
-2,-5,17,6,-123,-5,-146,-10
0,-5,20,7,-122,-2,-144,-8
2,-7,22,7,-119,0,-142,-6
4,-7,23,7,-118,1,-140,-4
4,-4,24,8,-117,2,-139,-4
5,-4,24,7,-117,2,-139,-3
7,-6,26,8,-115,4,-137,-1
7,-6,27,8,-115,5,-136,-2
6,-5,27,7,-116,4,-137,-3
7,-6,27,7,-116,4,-137,-3
6,-5,28,8,-116,5,-136,-2
5,-5,27,8,-116,4,-137,-2
6,-9,25,7,-115,3,-138,-3
7,-10,25,7,-115,2,-137,-2
7,-11,24,6,-115,2,-137,-3
8,-11,23,6,-116,1,-138,-3
6,-9,22,6,-115,0,-139,-4
4,-7,23,7,-116,0,-139,-5
4,-7,22,6,-117,0,-140,-5
3,-8,22,6,-117,0,-140,-6
0,-8,20,6,-119,-2,-142,-7
0,-8,19,5,-120,-3,-142,-8
0,-9,17,5,-120,-4,-143,-9
0,-11,15,5,-120,-7,-145,-10
-1,-11,13,4,-121,-7,-146,-11
-2,-10,11,3,-122,-9,-147,-13
-3,-11,9,3,-123,-11,-149,-14
-6,-10,8,3,-124,-13,-151,-15
-8,-9,6,3,-126,-15,-152,-17
-9,-8,6,3,-126,-16,-153,-18
-12,-7,5,3,-128,-17,-154,-18
-14,-7,2,3,-130,-20,-157,-21
-15,-7,0,2,-130,-22,-158,-22
-15,-8,-2,2,-131,-23,-159,-23
-17,-8,-4,1,-132,-26,-161,-24
-16,-10,-5,0,-132,-27,-162,-25
-16,-10,-4,1,-131,-26,-161,-24
-17,-9,-4,1,-131,-26,-161,-25
-17,-8,-4,1,-133,-26,-161,-25
-17,-9,-4,1,-132,-26,-161,-25
-18,-8,-3,2,-132,-25,-161,-25
-18,-7,-3,1,-133,-26,-161,-25
-17,-8,-4,1,-132,-26,-161,-25
-17,-8,-4,1,-132,-26,-160,-24
-17,-9,-4,2,-132,-25,-160,-24
-16,-9,-5,1,-132,-26,-160,-25
-16,-10,-5,0,-131,-26,-160,-24
-17,-9,-4,1,-131,-26,-160,-24
-17,-9,-4,1,-132,-26,-160,-25
-18,-8,-4,1,-131,-26,-160,-25
-19,-7,-4,1,-131,-26,-160,-25
-18,-7,-4,1,-132,-26,-160,-25
-17,-8,-4,1,-131,-26,-159,-24
-17,-8,-4,1,-130,-26,-159,-24
-17,-9,-4,1,-130,-25,-159,-24
-16,-10,-5,0,-131,-26,-160,-25
-15,-9,-5,1,-130,-26,-159,-24
-17,-8,-4,1,-130,-26,-159,-24
-17,-9,-5,1,-131,-26,-160,-25
-17,-8,-4,1,-131,-26,-159,-25
-18,-8,-3,2,-130,-25,-159,-25
-18,-7,-3,2,-131,-26,-158,-25
-17,-8,-4,1,-130,-26,-159,-25
-17,-8,-4,1,-130,-25,-158,-24
-16,-8,-4,1,-130,-25,-158,-24
-16,-9,-5,0,-130,-26,-159,-25
-15,-9,-5,0,-129,-26,-158,-24
-17,-9,-4,1,-129,-25,-158,-24
-17,-8,-4,0,-131,-26,-159,-25
-17,-8,-4,1,-130,-26,-159,-25
-21,-8,0,2,-131,-28,-161,-27
-26,-10,7,4,-136,-37,-168,-33
-30,-14,13,5,-140,-44,-173,-38
-35,-16,21,7,-143,-51,-179,-42
-38,-15,25,8,-145,-54,-182,-44
-36,-8,17,5,-143,-49,-178,-42
-29,0,5,2,-137,-37,-168,-34
-18,15,-15,-3,-128,-14,-149,-20
0,41,-52,-14,-112,21,-120,1
23,65,-93,-25,-94,61,-87,27
47,88,-134,-36,-73,103,-52,55
73,110,-177,-47,-54,144,-17,82
100,131,-220,-58,-33,186,17,110
126,152,-262,-69,-12,228,51,138
151,171,-303,-80,7,268,85,165
178,185,-342,-89,27,305,116,190
204,188,-373,-95,46,337,143,213
223,187,-397,-99,61,361,165,232
238,190,-417,-104,72,380,182,245
248,193,-430,-107,79,393,193,254
253,187,-432,-106,83,396,196,258
254,176,-428,-104,82,392,194,257
250,166,-419,-102,79,382,186,251
242,158,-403,-97,72,367,173,242
230,147,-383,-92,63,348,158,229
217,131,-360,-86,52,323,137,213
199,112,-327,-77,38,291,111,192
175,92,-289,-67,20,254,81,168
150,70,-247,-56,0,212,46,140
124,44,-202,-44,-20,169,10,112
98,17,-155,-31,-41,124,-25,83
71,-3,-113,-20,-61,83,-60,56
46,-22,-74,-10,-81,43,-93,29
20,-40,-32,0,-101,3,-127,2
-7,-57,-5,2,-122,-38,-162,-25
-34,-81,-1,1,-145,-85,-200,-56
-59,-92,0,1,-163,-121,-231,-80
-75,-78,0,2,-173,-131,-241,-91
-77,-63,0,2,-174,-125,-237,-89
-66,-52,0,2,-165,-107,-222,-77
-53,-37,0,3,-154,-81,-201,-61
-40,-26,1,3,-144,-60,-183,-48
-27,-19,0,2,-135,-42,-168,-36
-20,-11,0,2,-128,-30,-158,-26
-19,-10,0,2,-128,-28,-156,-25
-18,-10,0,2,-127,-29,-157,-26
-17,-11,-1,2,-127,-29,-157,-26
-19,-10,0,2,-127,-29,-157,-26
-19,-10,0,2,-128,-29,-157,-27
-19,-9,0,2,-128,-29,-157,-27
-20,-9,0,2,-127,-28,-156,-26
-21,-8,1,2,-128,-28,-156,-27
-19,-9,0,2,-128,-29,-156,-27
-19,-10,0,2,-127,-28,-156,-26
-19,-10,0,2,-126,-28,-155,-26
-18,-10,0,2,-127,-29,-156,-26
-17,-11,-1,1,-126,-29,-156,-26
-18,-10,0,2,-126,-28,-155,-25
-19,-10,0,2,-127,-29,-156,-27
-19,-10,0,2,-127,-29,-156,-27
-20,-9,0,2,-127,-28,-155,-26
-20,-9,0,2,-127,-28,-155,-26
-19,-9,0,2,-127,-28,-155,-27
-19,-10,0,2,-126,-28,-155,-26
-19,-9,0,2,-126,-28,-154,-25
-18,-10,0,1,-126,-29,-155,-26
-17,-11,-1,2,-125,-29,-154,-25
-18,-10,0,2,-125,-28,-154,-25
-19,-10,0,2,-126,-28,-154,-26
-19,-10,0,2,-126,-29,-155,-27
-20,-9,0,2,-126,-28,-154,-26
-20,-8,0,2,-127,-28,-154,-26
-19,-9,0,2,-127,-28,-154,-26
-19,-9,0,2,-126,-28,-153,-25
-19,-9,0,2,-125,-28,-153,-25
-18,-10,0,1,-126,-29,-154,-26
-17,-11,-1,1,-125,-28,-154,-25
-18,-10,0,2,-125,-28,-153,-25
-19,-9,0,2,-125,-29,-154,-26
-19,-9,0,2,-125,-28,-153,-26
-19,-9,0,2,-125,-28,-153,-26
-20,-8,0,2,-125,-27,-153,-26
-19,-9,0,2,-125,-28,-153,-26
-17,-9,1,2,-123,-26,-152,-25
-16,-8,4,3,-122,-24,-149,-23
-16,-8,3,2,-123,-24,-149,-23
-14,-8,4,3,-121,-23,-148,-21
-13,-6,8,4,-119,-19,-145,-19
-12,-6,8,4,-119,-19,-145,-19
-11,-8,10,4,-118,-17,-144,-19
-11,-8,10,4,-118,-17,-143,-18
-12,-8,11,5,-118,-17,-143,-18
-9,-8,12,4,-117,-16,-142,-17
-5,-7,17,5,-113,-10,-136,-13
-4,-5,19,6,-112,-9,-135,-12
-3,-6,20,6,-112,-8,-134,-11
-3,-6,21,7,-112,-7,-133,-10
-2,-7,20,6,-111,-7,-133,-11
0,-6,23,7,-109,-4,-131,-8
2,-5,28,9,-106,0,-126,-5
5,-3,31,9,-104,3,-123,-2
9,-2,35,10,-102,7,-120,0
9,0,38,11,-101,10,-118,1
10,0,41,11,-100,12,-116,2
13,2,45,12,-98,16,-113,5
15,5,50,14,-96,21,-109,8
17,7,55,15,-94,26,-104,11
21,7,58,15,-92,29,-101,14
25,6,61,16,-89,32,-98,16
28,7,65,17,-86,36,-95,19
31,8,69,18,-84,41,-92,22
35,9,73,19,-81,45,-88,25
37,12,78,20,-79,50,-84,28
39,14,82,21,-78,53,-81,30
42,13,85,21,-76,56,-78,32
43,14,89,23,-74,59,-75,35
44,16,91,23,-74,61,-74,36
46,16,92,23,-72,63,-72,38
48,15,94,24,-71,65,-70,39
50,13,95,24,-69,66,-68,41
51,12,94,23,-69,66,-68,41
53,12,95,23,-68,67,-68,42
53,14,98,25,-66,69,-65,43
53,14,99,25,-67,70,-65,43
53,15,99,25,-67,70,-65,43
51,15,98,24,-67,69,-66,42
49,15,96,24,-69,67,-68,40
50,12,94,23,-70,65,-69,39
49,9,92,22,-69,63,-70,39
47,9,90,22,-70,61,-72,38
47,7,87,21,-72,58,-74,36
46,6,84,20,-72,56,-76,35
44,5,82,20,-73,54,-77,33
42,5,80,20,-75,51,-80,31
40,2,77,19,-76,48,-83,29
37,2,74,18,-78,45,-85,26
33,4,71,18,-80,42,-87,24
32,0,67,16,-82,38,-91,22
31,-3,63,15,-83,35,-93,20
29,-5,59,14,-84,31,-96,18
28,-8,55,13,-86,27,-99,15
27,-12,51,11,-86,23,-102,14
23,-13,47,11,-89,20,-105,11
20,-12,44,10,-92,16,-108,8
17,-10,42,10,-93,14,-110,6
14,-10,40,10,-95,11,-112,4
12,-9,38,10,-97,10,-114,2
11,-11,35,8,-98,7,-116,0
10,-12,33,8,-98,5,-117,0
8,-11,31,8,-98,4,-118,0
6,-11,28,7,-101,1,-121,-3
6,-13,25,6,-101,0,-123,-4
3,-11,25,7,-102,-1,-124,-5
1,-12,22,6,-104,-4,-126,-8
0,-11,20,5,-105,-6,-128,-9
-1,-9,20,6,-107,-7,-128,-10
-3,-8,19,6,-108,-7,-129,-11
-4,-10,16,5,-109,-10,-131,-12
-4,-10,14,4,-109,-11,-132,-13
-5,-10,13,5,-109,-12,-133,-13
-6,-13,11,4,-110,-14,-134,-15
-6,-13,9,3,-110,-17,-136,-16
-8,-11,9,4,-110,-17,-136,-16
-11,-10,7,3,-113,-19,-139,-19
-14,-10,4,2,-115,-22,-141,-21
-15,-10,3,2,-116,-23,-142,-22
-17,-7,3,3,-117,-24,-143,-23
-17,-7,1,2,-118,-25,-144,-24
-17,-8,1,2,-117,-25,-143,-23
-17,-8,0,3,-117,-25,-143,-23
-18,-10,-2,2,-119,-28,-146,-25
-18,-11,-3,1,-118,-30,-147,-26
-18,-10,-2,1,-118,-29,-146,-25
-19,-9,-2,1,-119,-29,-147,-26
-19,-9,-2,1,-119,-29,-146,-26
-20,-9,-2,1,-119,-29,-146,-26
-21,-8,-1,2,-120,-28,-146,-26
-20,-9,-2,1,-120,-29,-146,-27
-20,-9,-2,1,-118,-28,-146,-25
-19,-10,-2,2,-118,-28,-145,-25
-18,-10,-3,1,-119,-29,-146,-26
-17,-11,-3,1,-118,-29,-146,-25
-18,-10,-2,2,-117,-28,-145,-25
-19,-10,-2,1,-118,-29,-146,-26
-19,-9,-3,1,-118,-29,-146,-26
-19,-9,-2,2,-118,-29,-145,-26
-21,-8,-1,2,-118,-29,-145,-26
-20,-9,-2,1,-118,-29,-145,-26
-19,-9,-2,1,-118,-28,-145,-26
-19,-9,-2,1,-118,-28,-145,-25
-18,-10,-3,1,-117,-29,-145,-26
-17,-11,-3,0,-117,-29,-145,-26
-18,-10,-3,1,-117,-29,-144,-25
-19,-9,-2,1,-118,-29,-145,-26
-19,-9,-2,1,-118,-29,-145,-26
-19,-10,-2,1,-117,-29,-144,-26
-21,-8,-1,2,-118,-28,-144,-25
-20,-8,-2,1,-118,-29,-145,-26
-19,-9,-2,1,-117,-28,-144,-26
-19,-9,-2,2,-116,-28,-144,-25
-18,-10,-3,1,-116,-28,-144,-25
-17,-11,-3,1,-116,-29,-144,-25
-18,-10,-3,1,-116,-28,-144,-25
-18,-9,-2,1,-117,-28,-144,-26
-18,-9,-2,1,-116,-28,-144,-26
-19,-9,-2,1,-117,-28,-144,-26
-20,-8,-1,2,-117,-28,-143,-25
-19,-9,-2,1,-118,-28,-143,-26
-19,-9,-2,1,-116,-28,-143,-25
-19,-9,-2,1,-116,-28,-143,-25
-18,-9,-3,1,-116,-28,-143,-25
-17,-11,-3,0,-115,-29,-143,-25
-18,-10,-2,1,-115,-28,-142,-25
-19,-9,-2,1,-116,-28,-143,-26
-19,-9,-2,1,-116,-28,-143,-26
-19,-9,-2,1,-116,-28,-143,-26
-20,-8,-1,2,-116,-27,-142,-26
-20,-8,-2,1,-116,-28,-143,-26
-19,-9,-2,1,-116,-28,-142,-25
-18,-9,-2,2,-115,-27,-142,-24
-18,-9,-2,1,-115,-28,-142,-25
-17,-11,-3,0,-115,-28,-143,-25
-18,-10,-2,1,-114,-28,-142,-24
-18,-9,-2,1,-115,-28,-142,-25
-19,-9,-2,1,-115,-28,-142,-26
-19,-9,-2,1,-115,-28,-142,-26
-20,-8,-1,2,-116,-27,-141,-25
-19,-9,-2,1,-116,-28,-142,-25
-19,-9,-2,2,-115,-28,-141,-25
-18,-9,-2,1,-114,-27,-141,-24
-18,-10,-2,1,-115,-28,-141,-25
-17,-10,-4,1,-115,-28,-141,-25
-18,-10,-2,1,-114,-27,-141,-24
-19,-9,-2,1,-115,-28,-141,-25
-19,-9,-2,1,-115,-28,-142,-26
-19,-9,-2,1,-114,-28,-141,-25
-20,-8,-1,2,-114,-27,-140,-25
-19,-8,-2,1,-115,-28,-141,-26
-19,-9,-2,1,-114,-28,-140,-25
-19,-9,-2,1,-114,-27,-140,-24
-18,-10,-3,1,-114,-27,-140,-25
-17,-11,-3,0,-113,-28,-141,-25
-17,-10,-3,1,-113,-28,-140,-24
-19,-9,-2,1,-114,-28,-140,-25
-18,-9,-2,1,-114,-28,-140,-25
-18,-9,-2,1,-114,-28,-140,-25
-20,-8,-1,2,-114,-27,-140,-25
-19,-8,-2,1,-115,-28,-140,-25
-18,-9,-2,1,-114,-27,-140,-25
-18,-9,-2,2,-113,-27,-139,-24
-18,-9,-3,1,-113,-27,-139,-24
-17,-10,-3,1,-113,-28,-140,-24
-17,-10,-2,1,-112,-27,-139,-24
-18,-9,-2,1,-113,-27,-139,-25
-18,-9,-2,1,-113,-27,-140,-25
-19,-9,-2,1,-114,-28,-140,-25
-20,-7,-1,2,-114,-27,-139,-25
-20,-8,-2,1,-114,-27,-139,-26
-18,-9,-2,1,-113,-27,-139,-25
-18,-9,-2,2,-113,-27,-138,-24
-18,-9,-2,1,-113,-27,-139,-24
-17,-10,-3,0,-112,-28,-139,-25
-18,-10,-2,1,-111,-27,-138,-24
-18,-9,-2,1,-113,-27,-138,-25
-19,-9,-2,1,-113,-28,-139,-25
-19,-9,-2,1,-112,-27,-138,-25
-20,-8,-1,2,-112,-26,-138,-25
-19,-8,-2,1,-113,-27,-139,-25
-18,-9,-2,1,-113,-27,-138,-25
-18,-9,-2,1,-112,-27,-137,-24
-18,-9,-2,1,-112,-26,-138,-24
-17,-10,-3,1,-111,-27,-138,-24
-17,-10,-2,1,-111,-27,-137,-24
-18,-9,-2,1,-111,-27,-137,-25
-18,-9,-2,1,-112,-27,-138,-25
-19,-9,-2,1,-112,-27,-138,-25
-20,-8,-1,2,-112,-27,-137,-24
-19,-8,-2,1,-112,-27,-137,-25
-18,-9,-2,1,-112,-27,-137,-24
-18,-9,-2,1,-111,-26,-136,-24
-18,-9,-2,1,-111,-27,-137,-24
-17,-10,-3,1,-111,-28,-137,-24
-17,-10,-2,1,-110,-27,-136,-23
-17,-9,-2,1,-111,-27,-136,-24
-18,-9,-2,1,-111,-27,-137,-24
-18,-9,-2,1,-111,-27,-137,-25
-19,-7,-1,2,-111,-26,-136,-24
-19,-8,-2,1,-111,-27,-136,-25
-18,-9,-2,1,-111,-27,-136,-25
-17,-9,-2,1,-110,-26,-136,-24
-17,-9,-2,1,-111,-27,-136,-24
-16,-10,-3,1,-110,-27,-136,-24
-17,-9,-2,1,-109,-26,-135,-23
-17,-9,-2,1,-110,-27,-136,-24
-18,-9,-2,1,-110,-27,-136,-25
-18,-8,-2,1,-110,-27,-136,-24
-20,-7,-1,2,-111,-26,-136,-24
-20,-7,-2,1,-111,-27,-136,-25
-18,-8,-2,1,-110,-27,-135,-24
-18,-9,-2,2,-109,-26,-134,-23
-17,-9,-2,1,-110,-27,-135,-24
-16,-10,-3,0,-109,-27,-135,-24
-17,-10,-2,1,-109,-26,-134,-23
-18,-9,-2,1,-109,-26,-135,-24
-17,-9,-2,1,-110,-27,-135,-24
-17,-8,-2,1,-110,-27,-135,-24
-19,-7,-1,2,-110,-26,-134,-24
-18,-8,-2,1,-110,-26,-135,-24
-18,-9,-2,1,-110,-26,-135,-24
-18,-9,-2,1,-109,-26,-134,-23
-17,-9,-2,1,-109,-26,-134,-23
-16,-10,-3,0,-108,-27,-134,-24
-16,-10,-2,1,-107,-26,-133,-23
-17,-8,-2,1,-108,-27,-134,-24
-18,-8,-2,1,-109,-26,-134,-24
-18,-9,-2,1,-109,-27,-134,-24
-19,-7,-1,1,-109,-26,-134,-24
-19,-7,-1,1,-110,-26,-134,-24
-17,-8,-2,1,-109,-27,-134,-24
-17,-8,-2,1,-108,-26,-133,-23
-16,-8,0,2,-107,-24,-132,-22
-12,-7,2,2,-105,-21,-129,-19
-11,-6,5,3,-103,-17,-126,-17
-10,-4,8,4,-102,-15,-123,-16
-7,-5,11,4,-100,-12,-121,-14
-4,-6,15,5,-97,-8,-118,-11
-2,-5,19,6,-95,-5,-114,-8
0,-5,21,6,-95,-3,-113,-7
2,-6,24,6,-92,0,-110,-4
4,-7,25,7,-91,1,-108,-3
4,-5,26,7,-91,2,-108,-2
5,-4,26,7,-90,2,-107,-2
7,-6,28,8,-88,4,-105,0
7,-6,29,8,-89,4,-105,0
7,-6,29,7,-89,4,-106,-1
7,-6,29,7,-89,4,-106,-1
5,-5,30,8,-89,5,-105,0
5,-5,29,8,-89,4,-105,-1
6,-9,27,7,-89,2,-106,-1
7,-10,26,7,-88,2,-106,-1
7,-11,26,7,-89,2,-106,-1
7,-11,25,6,-88,1,-107,-1
5,-9,24,6,-89,0,-108,-2
4,-8,24,6,-90,0,-108,-3
4,-7,24,6,-90,0,-108,-3
3,-8,23,6,-91,0,-109,-4
0,-8,22,6,-92,-2,-110,-5
0,-8,20,6,-93,-3,-111,-7
0,-9,19,5,-93,-4,-112,-7
0,-11,16,5,-93,-6,-113,-8
-1,-11,14,4,-95,-8,-115,-9
-2,-10,12,3,-96,-10,-117,-11
-4,-10,11,4,-96,-11,-118,-12
-6,-10,9,3,-98,-13,-120,-13
-8,-9,8,3,-99,-15,-121,-15
-9,-8,7,3,-100,-16,-122,-16
-12,-7,7,3,-101,-17,-123,-17
-15,-7,3,2,-103,-20,-126,-19
-15,-7,1,2,-104,-22,-127,-20
-16,-8,0,2,-105,-23,-128,-21
-17,-8,-2,1,-106,-26,-130,-23
-16,-9,-3,0,-106,-27,-131,-23
-16,-10,-3,1,-105,-26,-130,-23
-17,-8,-2,1,-106,-26,-130,-23
-18,-8,-3,0,-106,-27,-131,-24
-18,-8,-3,1,-106,-27,-131,-24
-19,-7,-2,1,-106,-26,-130,-24
-18,-7,-2,1,-107,-26,-130,-24
-17,-8,-2,1,-106,-26,-130,-24
-17,-8,-2,1,-105,-25,-129,-23
-17,-8,-2,1,-105,-26,-129,-23
-16,-9,-3,0,-105,-27,-130,-24
-16,-9,-3,0,-104,-26,-129,-23
-17,-9,-2,1,-105,-26,-129,-23
-17,-8,-2,1,-105,-25,-129,-23
-17,-8,-3,0,-105,-26,-130,-24
-18,-8,-2,1,-105,-25,-129,-23
-19,-7,-2,1,-106,-26,-129,-24
-18,-8,-3,1,-105,-26,-129,-24
-17,-8,-2,1,-105,-25,-128,-23
-17,-8,-3,1,-105,-26,-129,-23
-16,-9,-3,0,-104,-26,-129,-23
-16,-9,-3,1,-104,-26,-129,-22
-17,-9,-2,1,-104,-25,-129,-23
-17,-9,-3,1,-105,-26,-129,-23
-17,-8,-3,1,-105,-26,-129,-24
-19,-7,-1,2,-104,-25,-128,-23
-18,-7,-2,1,-105,-25,-128,-24
-17,-8,-3,0,-105,-26,-129,-24
-17,-8,-2,1,-104,-25,-128,-23
-17,-8,-2,1,-104,-25,-128,-22
-15,-10,-3,0,-104,-26,-128,-23
-15,-10,-3,1,-103,-26,-128,-22
-17,-9,-2,0,-104,-25,-128,-23
-17,-9,-2,0,-104,-26,-128,-23
-17,-8,-2,1,-104,-26,-128,-24
-21,-8,0,2,-106,-28,-130,-26
-27,-10,8,3,-111,-37,-137,-31
-30,-14,15,5,-113,-44,-143,-36
-35,-16,23,7,-116,-50,-148,-40
-39,-15,26,8,-119,-54,-152,-43
-36,-7,19,5,-118,-49,-148,-41
-30,0,7,2,-111,-37,-138,-32
-19,15,-13,-3,-102,-15,-120,-19
-1,41,-49,-14,-87,20,-91,2
22,65,-91,-25,-69,60,-58,28
47,88,-132,-35,-48,102,-22,56
72,110,-174,-47,-28,144,11,83
99,131,-217,-58,-8,185,45,110
125,152,-259,-69,12,227,80,139
151,171,-300,-80,32,267,114,166
177,184,-339,-89,52,304,146,191
203,187,-371,-95,72,336,173,214
223,187,-395,-100,86,360,194,233
238,190,-415,-104,97,380,211,247
247,193,-428,-107,104,392,222,256
252,187,-430,-107,108,396,226,260
254,176,-427,-105,107,392,223,258
251,166,-418,-102,104,382,215,253
242,158,-402,-97,98,368,204,244
230,147,-382,-92,89,348,188,231
218,132,-359,-86,77,324,167,215
200,112,-326,-77,64,292,142,195
176,92,-288,-67,46,255,111,170
151,71,-247,-57,26,213,77,143
124,45,-202,-45,5,169,40,114
98,18,-155,-31,-15,125,4,85
71,-2,-112,-20,-36,84,-30,57
47,-21,-73,-11,-56,43,-63,31
21,-39,-31,-1,-75,3,-97,4
-6,-57,-4,2,-98,-38,-132,-23
-33,-81,0,1,-120,-85,-171,-54
-59,-93,0,1,-138,-120,-201,-79
-75,-79,1,2,-148,-131,-211,-89
-77,-63,1,2,-149,-125,-208,-88
-67,-52,1,1,-140,-107,-192,-76
-54,-37,2,2,-129,-82,-172,-60
-40,-26,2,2,-119,-60,-154,-47
-27,-19,1,2,-110,-43,-139,-34
-20,-11,1,2,-103,-31,-129,-26
-19,-10,1,2,-103,-29,-127,-24
-18,-10,0,1,-103,-29,-128,-25
-18,-11,0,1,-102,-29,-127,-24
-19,-10,1,2,-102,-29,-127,-24
-19,-10,1,2,-103,-29,-127,-25
-19,-9,1,1,-103,-29,-128,-25
-20,-9,2,2,-102,-28,-127,-25
-20,-9,2,2,-104,-29,-127,-25
-19,-9,1,2,-103,-29,-127,-25
-19,-9,2,2,-101,-28,-126,-24
-19,-10,1,2,-102,-28,-126,-24
-18,-10,0,1,-102,-28,-127,-25
-17,-11,0,1,-101,-29,-127,-24
-19,-10,1,2,-102,-28,-126,-24
-19,-9,1,1,-102,-29,-127,-25
-19,-9,1,2,-103,-29,-127,-25
-20,-8,2,2,-102,-28,-126,-24
-20,-8,2,2,-103,-28,-126,-25
-19,-9,1,2,-102,-29,-126,-25
-18,-9,1,2,-101,-28,-125,-24
-19,-10,1,2,-101,-28,-125,-24
-18,-10,0,2,-101,-28,-126,-24
-18,-11,0,1,-100,-29,-125,-24
-18,-10,1,1,-101,-28,-125,-24
-19,-10,1,2,-102,-29,-126,-25
-19,-10,1,2,-101,-29,-126,-25
-20,-9,2,2,-101,-28,-125,-25
-20,-8,2,2,-102,-28,-125,-25
-19,-9,1,2,-102,-29,-126,-25
-18,-10,2,2,-100,-28,-124,-24
-19,-10,1,2,-101,-28,-125,-24
-18,-10,0,1,-101,-28,-125,-24
-17,-11,0,2,-100,-28,-125,-24
-18,-10,1,2,-100,-28,-124,-24
-19,-9,1,2,-100,-28,-125,-25
-19,-10,1,2,-100,-29,-125,-25
-20,-9,2,2,-100,-28,-124,-24
-20,-8,2,2,-101,-28,-124,-25
-19,-9,1,2,-101,-28,-125,-25
-18,-9,2,3,-99,-27,-123,-23
-17,-8,5,3,-98,-24,-121,-21
-15,-8,5,2,-98,-24,-121,-21
-13,-8,5,3,-96,-23,-119,-20
-13,-6,9,4,-95,-19,-117,-18
-12,-7,10,4,-95,-19,-116,-18
-11,-8,11,4,-94,-18,-115,-17
-11,-8,12,5,-93,-17,-114,-16
-12,-7,12,4,-94,-17,-114,-17
-10,-8,13,4,-93,-16,-114,-16
-8,-7,15,5,-91,-13,-111,-13
-8,-6,16,6,-91,-13,-110,-13
-7,-7,15,5,-91,-13,-110,-13
-4,-9,16,5,-89,-12,-109,-12
-4,-9,18,5,-89,-11,-108,-11
-5,-7,19,6,-89,-10,-108,-11
-5,-5,20,6,-89,-9,-107,-11
-4,-6,22,7,-88,-7,-105,-10
-4,-6,23,7,-87,-6,-104,-9
-2,-7,23,6,-87,-6,-105,-9
-1,-7,25,7,-84,-3,-102,-6
1,-5,29,8,-83,0,-99,-4
5,-4,33,9,-81,3,-95,-1
9,-2,37,9,-78,7,-91,1
9,0,39,10,-77,10,-89,3
10,0,43,11,-76,12,-88,3
13,2,47,12,-74,16,-85,6
15,5,52,14,-72,21,-80,9
17,7,57,15,-70,25,-76,13
21,7,60,15,-68,29,-73,15
25,6,63,16,-65,33,-70,18
27,7,66,17,-63,36,-67,21
31,8,71,18,-60,40,-63,24
34,9,75,18,-57,45,-59,27
36,12,80,20,-55,49,-55,30
39,14,84,21,-54,53,-52,32
41,13,87,21,-52,56,-50,34
43,14,91,23,-50,59,-47,37
43,15,92,23,-50,61,-45,37
46,15,94,23,-49,63,-43,39
48,14,95,24,-46,65,-42,41
50,13,96,24,-45,66,-41,42
51,12,96,23,-45,66,-41,42
52,12,97,23,-44,66,-40,43
53,14,100,24,-43,69,-37,45
52,15,101,24,-42,69,-37,44
52,14,101,24,-43,69,-37,44
51,15,100,24,-43,69,-38,44
48,14,98,24,-45,66,-39,42
49,12,96,23,-46,64,-41,41
48,9,93,23,-46,63,-42,40
47,9,91,22,-47,61,-44,39
47,7,89,21,-48,58,-46,37
46,6,86,20,-48,56,-48,36
44,5,84,20,-49,55,-49,35
41,5,82,19,-51,52,-52,32
39,2,78,18,-53,48,-55,30
36,2,76,18,-55,45,-57,28
33,3,73,18,-57,43,-59,25
32,0,68,16,-58,38,-63,23
31,-3,65,15,-59,35,-65,22
29,-5,61,14,-61,31,-68,19
28,-9,56,12,-62,27,-71,17
27,-13,52,11,-63,23,-74,15
23,-14,49,10,-65,20,-77,13
20,-13,46,10,-68,16,-80,10
16,-10,44,10,-70,14,-82,7
14,-9,41,10,-71,11,-85,5
11,-9,40,9,-73,10,-86,3
10,-11,36,8,-74,7,-89,2
10,-12,34,8,-74,6,-89,1
8,-11,33,8,-76,4,-91,0
7,-11,29,7,-78,1,-94,-1
6,-13,27,6,-78,0,-95,-2
3,-11,27,7,-79,-1,-96,-3
1,-11,24,5,-81,-4,-98,-6
0,-11,22,5,-82,-6,-100,-8
-1,-9,22,6,-83,-6,-100,-8
-4,-8,21,6,-84,-7,-101,-9
-4,-10,17,5,-85,-10,-104,-11
-5,-10,16,5,-86,-11,-105,-12
-6,-10,15,4,-86,-12,-105,-12
-6,-13,13,3,-87,-15,-107,-13
-6,-13,10,3,-87,-16,-109,-15
-8,-11,11,4,-88,-17,-109,-15
-11,-9,9,3,-90,-19,-111,-17
-13,-10,5,2,-92,-22,-114,-20
-15,-10,4,2,-93,-23,-115,-21
-18,-7,4,3,-94,-24,-116,-22
-17,-7,2,1,-96,-26,-117,-23
-17,-8,3,2,-94,-24,-115,-22
-17,-8,1,2,-94,-25,-116,-22
-18,-10,-1,1,-96,-28,-119,-24
-18,-11,-2,0,-95,-29,-119,-25
-19,-10,-1,1,-95,-29,-119,-24
-20,-9,-1,1,-96,-29,-119,-25
-20,-9,-1,1,-96,-29,-120,-25
-20,-9,0,1,-96,-29,-119,-25
-21,-8,0,2,-96,-28,-119,-25
-20,-9,-1,1,-96,-29,-119,-25
-19,-9,-1,1,-95,-28,-119,-25
-19,-9,-1,1,-96,-29,-119,-24
-19,-9,-1,1,-96,-29,-119,-24
-18,-10,-2,1,-95,-29,-119,-24
-19,-10,-1,2,-95,-29,-118,-24
-19,-9,-1,1,-95,-29,-118,-25
-20,-9,-1,1,-96,-29,-119,-25
-20,-9,0,1,-95,-28,-118,-25
-21,-8,0,2,-95,-28,-118,-25
-20,-9,-1,1,-96,-29,-119,-25
-19,-9,-1,1,-95,-29,-118,-24
-19,-9,-1,1,-95,-29,-117,-24
-19,-10,-1,1,-95,-28,-118,-25
-18,-11,-2,1,-94,-29,-118,-24
-19,-10,-1,1,-94,-29,-117,-24
-19,-9,-1,1,-95,-28,-118,-25
-19,-10,-1,1,-95,-29,-118,-25
-20,-9,0,1,-95,-29,-118,-25
-21,-8,0,1,-95,-28,-117,-25
-20,-9,-1,1,-95,-29,-118,-25
-19,-9,-1,1,-94,-28,-117,-24
-19,-9,-1,1,-94,-28,-117,-24
-18,-10,-1,1,-94,-29,-117,-24
-18,-11,-2,0,-94,-29,-117,-24
-20,-9,0,1,-95,-28,-117,-25
-19,-9,-1,1,-94,-28,-117,-24
-19,-9,-1,1,-94,-28,-116,-24
-18,-10,-1,1,-94,-28,-116,-24
-18,-11,-2,0,-93,-29,-117,-24
-18,-9,-1,1,-93,-28,-116,-24
-19,-9,-1,1,-94,-28,-116,-24
-19,-9,-1,0,-94,-29,-117,-25
-20,-9,-1,1,-94,-28,-116,-24
-21,-8,0,1,-94,-28,-116,-24
-20,-9,-1,1,-95,-28,-117,-25
-19,-9,-1,1,-93,-28,-116,-24
-19,-9,0,1,-93,-27,-115,-23
-18,-10,-1,1,-93,-28,-116,-23
-18,-10,-2,0,-92,-29,-116,-24
-18,-10,-1,1,-92,-28,-115,-23
-18,-9,-1,1,-92,-28,-115,-24
-19,-9,-1,1,-93,-28,-116,-24
-19,-9,0,1,-93,-28,-116,-24
-20,-8,0,2,-93,-27,-115,-24
-20,-8,-1,1,-93,-28,-115,-25
-19,-9,-1,1,-92,-28,-115,-24
-19,-9,0,1,-92,-28,-115,-23
-18,-9,-1,1,-93,-28,-115,-24
-17,-10,-1,1,-92,-28,-115,-24
-18,-9,0,1,-92,-28,-114,-23
-19,-9,-1,1,-92,-28,-115,-24
-19,-9,-1,1,-93,-28,-115,-24
-19,-9,0,1,-92,-28,-115,-24
-20,-8,0,2,-92,-27,-114,-24
-19,-8,-1,1,-93,-28,-115,-25
-18,-9,-1,1,-92,-28,-114,-24
-19,-9,0,2,-92,-27,-114,-23
-18,-9,-1,1,-92,-28,-114,-24
-17,-10,-2,0,-92,-28,-115,-24
-18,-10,-1,1,-91,-28,-114,-23
-19,-9,-1,1,-92,-28,-114,-24
-19,-9,-1,0,-92,-28,-114,-24
-19,-9,-1,1,-92,-28,-114,-24
-20,-8,0,2,-92,-27,-113,-24
-19,-8,0,1,-92,-27,-114,-24
-18,-9,0,1,-91,-27,-113,-23
-18,-9,0,1,-91,-27,-113,-23
-18,-9,-1,1,-92,-27,-114,-23
-16,-10,-2,0,-91,-28,-114,-24
-18,-10,-1,1,-90,-28,-113,-23
-19,-9,-1,1,-91,-28,-113,-24
-19,-9,-1,0,-92,-28,-114,-24
-19,-9,0,1,-91,-28,-113,-24
-20,-8,0,2,-91,-27,-113,-23
-19,-9,0,1,-92,-28,-113,-24
-19,-9,-1,1,-91,-28,-113,-24
-19,-9,0,1,-91,-27,-112,-23
-18,-9,-1,1,-91,-27,-112,-23
-17,-10,-2,0,-90,-28,-113,-24
-17,-9,-1,1,-90,-27,-113,-23
-18,-9,0,1,-90,-27,-112,-23
-19,-9,-1,1,-91,-28,-113,-24
-19,-9,-1,1,-91,-28,-113,-24
-20,-7,0,2,-91,-27,-112,-23
-20,-8,-1,1,-92,-27,-113,-24
-19,-8,-1,1,-90,-27,-112,-23
-18,-9,0,1,-90,-27,-112,-23
-18,-9,-1,1,-90,-27,-112,-23
-17,-10,-2,0,-90,-28,-112,-23
-17,-10,-1,1,-89,-27,-111,-23
-18,-9,0,1,-89,-27,-111,-23
-18,-9,-1,1,-90,-28,-112,-24
-19,-9,-1,1,-90,-27,-112,-24
-20,-7,0,2,-90,-27,-111,-23
-20,-8,0,1,-91,-27,-112,-24
-18,-9,0,1,-90,-27,-112,-24
-18,-8,0,1,-90,-27,-111,-23
-18,-9,-1,1,-90,-27,-111,-23
-17,-10,-2,0,-89,-28,-112,-23
-17,-9,-1,1,-89,-27,-111,-22
-18,-9,-1,1,-90,-27,-111,-23
-18,-9,-1,1,-90,-27,-112,-24
-19,-8,0,1,-89,-27,-111,-24
-20,-8,0,2,-89,-26,-111,-23
-19,-8,-1,1,-90,-27,-111,-24
-18,-9,0,1,-90,-27,-111,-23
-18,-9,0,1,-89,-26,-110,-23
-18,-9,0,1,-89,-27,-111,-23
-17,-10,-2,0,-89,-28,-111,-23
-17,-9,-1,1,-88,-27,-111,-22
-18,-9,0,1,-89,-26,-110,-23
-18,-9,-1,1,-89,-27,-111,-23
-18,-9,0,1,-89,-27,-110,-23
-19,-8,0,2,-89,-26,-110,-23
-19,-8,0,1,-90,-27,-111,-24
-18,-9,0,1,-88,-26,-110,-23
-18,-9,0,1,-88,-26,-110,-23
-18,-9,0,1,-88,-27,-110,-22
-16,-10,-2,0,-88,-27,-110,-22
-17,-10,-1,1,-87,-27,-110,-22
-18,-9,0,1,-88,-27,-110,-23
-18,-8,-1,1,-89,-27,-110,-24
-18,-9,0,1,-88,-27,-110,-23
-19,-7,0,1,-89,-26,-109,-23
-19,-8,0,1,-89,-27,-110,-23
-18,-9,-1,1,-88,-26,-110,-23
-18,-9,-1,2,-88,-26,-109,-22
-18,-9,-1,1,-88,-26,-109,-22
-17,-10,-2,0,-87,-27,-109,-23
-17,-10,-1,1,-87,-26,-109,-22
-18,-8,0,1,-88,-27,-109,-22
-18,-9,0,1,-88,-27,-109,-23
-18,-9,0,1,-88,-27,-109,-22
-19,-7,0,2,-88,-26,-108,-22
-19,-8,0,1,-89,-27,-109,-23
-18,-9,-1,1,-88,-26,-109,-22
-18,-8,0,1,-87,-26,-108,-22
-16,-8,0,1,-86,-24,-107,-21
-12,-8,4,2,-84,-21,-104,-18
-11,-6,6,3,-82,-18,-101,-17
-11,-4,9,4,-81,-15,-99,-15
-8,-5,12,4,-80,-13,-97,-13
-5,-6,17,5,-77,-9,-93,-10
-3,-5,20,6,-75,-5,-90,-7
-1,-5,22,6,-74,-3,-88,-6
2,-6,25,6,-71,0,-85,-3
4,-7,26,6,-71,0,-84,-2
4,-5,27,7,-70,2,-83,-1
5,-4,28,7,-69,2,-83,0
7,-6,29,7,-67,4,-81,0
6,-6,30,7,-67,4,-81,0
6,-6,30,7,-68,4,-81,0
6,-5,30,7,-68,4,-81,0
4,-4,31,8,-68,5,-80,0
5,-5,30,7,-69,4,-81,0
6,-9,28,7,-68,3,-82,0
6,-10,28,7,-68,2,-81,0
7,-11,27,6,-68,2,-82,0
7,-11,26,5,-68,1,-82,-1
5,-9,25,6,-69,1,-83,-1
3,-8,26,6,-70,0,-83,-2
3,-8,25,6,-70,0,-84,-3
2,-8,24,6,-70,0,-85,-3
0,-8,23,6,-72,-2,-86,-5
0,-8,21,5,-73,-3,-87,-6
0,-9,21,5,-72,-4,-87,-6
-1,-11,18,4,-73,-6,-90,-7
-1,-11,16,4,-74,-8,-91,-8
-2,-10,13,3,-75,-10,-92,-10
-4,-10,13,4,-75,-11,-93,-10
-6,-10,11,4,-77,-13,-95,-12
-8,-9,9,3,-79,-15,-97,-14
-10,-7,9,3,-80,-16,-98,-15
-12,-7,8,3,-80,-17,-98,-16
-14,-7,4,2,-83,-20,-101,-18
-15,-7,2,2,-84,-22,-103,-20
-16,-7,1,2,-84,-24,-104,-20
-17,-9,-1,1,-85,-26,-105,-22
-16,-10,-2,0,-85,-27,-107,-22
-16,-10,-2,0,-85,-26,-106,-22
-17,-9,-1,1,-85,-26,-106,-22
-18,-9,-1,0,-86,-27,-106,-23
-18,-9,-1,1,-85,-26,-106,-23
-19,-7,0,2,-86,-26,-106,-22
-19,-8,-1,1,-87,-26,-106,-23
-18,-8,-1,1,-86,-26,-106,-23
-18,-8,-1,1,-85,-26,-105,-22
-18,-9,-1,1,-85,-26,-105,-22
-17,-10,-3,0,-85,-27,-106,-22
-16,-9,-2,1,-84,-26,-105,-21
-17,-8,-1,1,-84,-26,-105,-22
-18,-8,-2,0,-85,-26,-106,-23
-18,-8,-1,1,-85,-26,-106,-23
-19,-7,0,1,-85,-26,-105,-22
-19,-7,-1,1,-86,-26,-105,-23
-18,-8,-1,0,-85,-26,-105,-22
-17,-8,-1,1,-85,-26,-104,-21
-17,-8,-1,1,-85,-26,-105,-21
-16,-9,-2,0,-84,-26,-105,-22
-17,-9,-2,0,-83,-26,-105,-21
-18,-8,-1,1,-84,-26,-105,-22
-18,-8,-1,1,-85,-26,-105,-22
-18,-8,-1,1,-84,-26,-105,-22
-19,-7,0,2,-84,-25,-104,-22
-19,-8,-1,1,-85,-26,-105,-23
-18,-8,-1,1,-84,-26,-105,-22
-18,-8,-1,1,-84,-25,-104,-21
-17,-8,-1,1,-84,-25,-104,-21
-16,-9,-2,0,-84,-26,-104,-22
-16,-10,-1,0,-83,-26,-104,-21
-17,-8,-1,1,-84,-25,-104,-21
-17,-8,-1,0,-84,-26,-104,-22
-18,-8,-1,1,-84,-26,-104,-22
-21,-8,1,2,-86,-28,-106,-24
-26,-10,9,3,-91,-36,-113,-30
-30,-14,16,5,-93,-43,-119,-34
-35,-16,23,7,-97,-51,-125,-39
-38,-15,27,7,-100,-55,-129,-42
-36,-8,21,5,-98,-50,-125,-40
-30,-1,9,2,-92,-38,-115,-32
-20,13,-10,-3,-83,-16,-98,-19
-2,39,-46,-13,-69,17,-70,2
20,64,-86,-24,-50,58,-36,28
45,86,-127,-34,-29,100,-1,55
70,108,-170,-46,-10,141,32,82
97,129,-213,-58,10,182,67,110
123,150,-255,-68,31,224,102,138
149,170,-297,-79,50,264,136,165
176,183,-336,-89,71,302,167,191
201,188,-368,-95,90,334,194,214
222,188,-392,-99,105,359,217,233
237,190,-413,-104,116,379,233,247
247,193,-426,-107,124,392,245,257
252,188,-429,-107,127,396,249,261
254,177,-426,-105,127,392,247,259
251,167,-417,-102,125,383,240,254
242,158,-402,-98,118,369,228,245
231,148,-382,-93,109,349,212,233
219,133,-360,-87,98,325,192,217
200,114,-327,-78,84,294,167,197
177,94,-289,-68,67,258,137,173
151,72,-248,-58,46,216,102,145
125,47,-203,-46,25,172,66,117
99,20,-156,-32,4,128,29,88
73,-1,-114,-21,-15,86,-4,60
49,-20,-74,-11,-35,46,-38,34
23,-39,-33,-1,-55,6,-71,7
-4,-55,-3,2,-76,-35,-106,-21
-32,-80,1,1,-98,-82,-145,-51
-58,-93,1,1,-118,-119,-176,-77
-75,-80,2,2,-129,-131,-188,-88
-78,-63,2,2,-130,-126,-185,-87
-68,-52,3,2,-121,-108,-170,-76
-54,-38,3,2,-110,-83,-150,-60
-41,-27,3,2,-100,-62,-132,-46
-29,-19,2,2,-91,-44,-117,-34
-21,-11,2,2,-84,-31,-106,-25
-19,-10,2,2,-83,-28,-104,-23
-18,-11,1,1,-83,-29,-105,-24
-19,-11,1,1,-83,-29,-105,-24
-19,-10,2,2,-83,-28,-104,-23
-20,-10,2,1,-84,-29,-105,-25
-20,-9,2,2,-83,-29,-105,-24
-21,-9,3,2,-83,-28,-104,-24
-21,-9,3,2,-84,-29,-104,-24
-20,-10,2,1,-84,-29,-104,-24
-19,-10,2,2,-83,-29,-104,-23
-19,-9,2,2,-83,-28,-104,-23
-18,-10,1,1,-83,-29,-104,-24
-18,-11,1,1,-82,-29,-104,-23
-19,-10,2,2,-82,-28,-103,-23
-20,-9,2,1,-83,-29,-104,-24
-19,-9,2,2,-83,-29,-104,-24
-20,-9,3,3,-83,-28,-103,-23
-20,-9,3,2,-83,-28,-104,-24
-19,-9,2,2,-83,-28,-104,-24
-19,-9,2,2,-82,-28,-103,-23
-19,-9,3,2,-82,-28,-102,-23
-18,-11,1,1,-82,-29,-103,-24
-18,-11,2,1,-81,-29,-103,-23
-19,-10,2,2,-82,-28,-103,-23
-19,-9,2,1,-82,-29,-104,-24
-20,-9,2,1,-82,-29,-103,-24
-20,-9,3,2,-82,-28,-103,-23
-20,-8,3,2,-84,-28,-103,-24
-19,-9,2,2,-83,-28,-103,-24
-19,-9,3,2,-82,-28,-102,-23
-19,-9,2,2,-82,-28,-102,-23
-18,-11,1,1,-82,-29,-103,-23
-17,-11,1,1,-81,-28,-102,-23
-19,-10,2,2,-80,-28,-101,-23
-19,-9,2,1,-82,-29,-103,-24
-19,-9,2,1,-81,-29,-103,-23
-20,-9,3,2,-81,-28,-102,-23
-21,-8,2,2,-83,-29,-102,-24
-19,-9,2,2,-82,-28,-102,-24
-18,-9,3,2,-81,-27,-101,-22
-17,-8,6,3,-80,-24,-98,-20
-16,-8,6,2,-79,-24,-98,-20
-14,-8,7,3,-77,-23,-97,-19
-14,-6,10,4,-76,-20,-94,-17
-13,-7,11,4,-77,-19,-94,-17
-11,-8,12,4,-75,-18,-93,-16
-12,-8,13,4,-74,-17,-92,-15
-12,-7,13,4,-76,-17,-92,-16
-10,-8,14,4,-75,-17,-91,-15
-8,-7,17,5,-72,-13,-89,-12
-7,-7,17,5,-72,-13,-88,-12
-7,-7,16,5,-72,-13,-88,-12
-5,-9,17,4,-71,-12,-88,-11
-5,-9,19,5,-70,-10,-86,-10
-5,-7,20,5,-70,-10,-86,-10
-5,-5,21,6,-70,-9,-85,-10
-4,-6,23,7,-69,-7,-84,-9
-3,-6,24,6,-69,-7,-83,-8
-2,-7,24,6,-68,-7,-83,-8
-1,-7,26,7,-66,-4,-80,-6
1,-5,30,8,-64,0,-76,-3
5,-3,34,8,-62,3,-73,0
8,-2,38,9,-59,7,-69,2
8,-1,41,11,-58,10,-67,3
10,0,43,11,-58,12,-66,5
12,2,47,12,-56,16,-63,7
14,5,53,14,-53,21,-58,10
17,7,57,15,-51,25,-54,13
21,7,61,15,-49,29,-51,16
24,6,64,16,-46,32,-48,19
27,6,68,17,-44,36,-45,22
30,8,71,17,-42,40,-42,24
34,9,75,18,-39,44,-38,27
36,12,80,20,-37,49,-34,31
39,14,85,21,-35,53,-31,33
41,13,88,21,-34,55,-28,35
43,14,92,23,-32,59,-25,38
43,15,93,23,-32,60,-24,38
46,16,95,23,-30,63,-22,40
47,15,96,23,-28,65,-20,42
49,13,97,24,-27,66,-19,43
51,12,96,23,-27,66,-19,43
52,12,97,23,-25,67,-18,44
52,14,101,25,-24,70,-15,46
53,14,102,24,-25,70,-15,45
52,14,102,24,-25,69,-15,45
50,15,101,25,-25,69,-16,45
48,15,99,24,-27,66,-18,43
49,12,97,23,-27,65,-19,42
49,10,94,22,-27,63,-21,42
47,9,92,22,-29,61,-22,41
47,7,90,21,-30,58,-24,39
45,6,87,20,-30,56,-26,37
43,6,85,21,-31,54,-27,36
41,5,83,19,-33,51,-30,33
40,2,80,18,-34,48,-33,31
36,2,77,18,-36,46,-35,29
33,4,74,18,-39,43,-38,27
32,0,70,17,-40,38,-41,24
31,-3,67,15,-41,35,-43,23
29,-5,62,14,-43,31,-46,20
28,-8,57,13,-44,28,-50,18
27,-12,53,11,-45,23,-53,16
23,-13,51,11,-47,20,-55,14
19,-12,47,10,-50,16,-59,10
17,-10,45,10,-52,14,-61,8
14,-9,42,10,-53,12,-63,6
11,-9,40,10,-55,10,-65,5
10,-11,37,8,-56,7,-67,3
10,-12,36,8,-56,5,-68,2
8,-11,34,8,-57,4,-69,1
6,-11,30,7,-59,1,-72,0
6,-13,28,6,-59,0,-74,-1
3,-11,27,7,-61,-1,-75,-2
1,-11,25,6,-63,-4,-77,-5
0,-11,23,5,-64,-6,-79,-6
-2,-9,23,6,-65,-6,-79,-7
-4,-8,22,6,-66,-7,-80,-8
-4,-10,19,5,-67,-10,-83,-10
-5,-11,17,5,-67,-11,-84,-10
-6,-10,16,4,-68,-12,-84,-11
-6,-13,13,3,-68,-15,-86,-12
-6,-14,11,3,-69,-17,-88,-14
-9,-12,11,4,-70,-17,-88,-14
-12,-10,9,3,-72,-19,-90,-16
-14,-10,7,2,-74,-22,-93,-19
-15,-10,6,2,-74,-23,-93,-20
-18,-7,5,3,-77,-24,-95,-21
-18,-7,4,2,-77,-25,-95,-21
-17,-7,4,2,-76,-25,-95,-21
-18,-8,3,2,-77,-25,-95,-21
-19,-10,0,1,-78,-28,-98,-23
-18,-11,-1,0,-77,-29,-98,-23
-20,-10,0,1,-77,-28,-97,-23
-20,-9,0,1,-78,-29,-98,-24
-20,-9,0,1,-78,-30,-98,-24
-21,-9,0,1,-78,-29,-98,-24
-21,-8,0,2,-79,-28,-98,-24
-20,-9,0,1,-79,-29,-98,-24
-20,-9,0,1,-78,-29,-98,-23
-20,-9,0,1,-78,-29,-97,-23
-19,-10,0,1,-78,-29,-98,-23
-18,-10,-1,0,-77,-29,-98,-23
-19,-10,0,1,-77,-28,-97,-23
-19,-10,0,1,-78,-29,-98,-24
-19,-9,0,1,-77,-29,-98,-24
-20,-9,0,2,-77,-29,-97,-24
-21,-8,0,2,-78,-29,-97,-24
-20,-9,0,1,-78,-29,-98,-24
-19,-9,0,1,-77,-29,-97,-23
-19,-9,0,2,-77,-28,-96,-23
-19,-10,0,0,-77,-29,-97,-23
-18,-11,-1,0,-77,-29,-98,-23
-19,-10,0,2,-76,-28,-96,-22
-20,-9,0,1,-77,-29,-97,-24
-20,-9,0,1,-77,-29,-97,-24
-20,-9,0,1,-77,-29,-97,-24
-21,-8,0,2,-77,-28,-97,-24
-20,-9,0,1,-77,-29,-97,-24
-19,-9,0,1,-77,-28,-96,-24
-19,-9,0,1,-76,-28,-96,-23
-19,-10,0,1,-77,-28,-96,-23
-18,-11,0,0,-76,-29,-96,-23
-19,-9,0,1,-76,-28,-96,-23
-19,-9,0,1,-77,-29,-97,-24
-19,-9,0,1,-77,-29,-97,-24
-20,-9,0,1,-76,-28,-96,-23
-21,-8,1,2,-77,-28,-96,-23
-20,-9,0,1,-77,-29,-96,-24
-19,-9,0,1,-76,-28,-96,-23
-19,-9,0,2,-76,-28,-95,-22
-19,-10,0,1,-76,-28,-95,-23
-18,-11,-1,0,-75,-29,-96,-23
-19,-10,0,1,-75,-28,-95,-23
-19,-9,0,1,-76,-28,-96,-23
-19,-9,0,1,-76,-29,-96,-24
-20,-9,0,1,-76,-28,-96,-23
-20,-8,1,1,-77,-28,-95,-23
-20,-8,0,1,-77,-28,-96,-24
-19,-9,0,1,-76,-28,-95,-23
-19,-9,0,1,-75,-28,-95,-23
-19,-9,0,1,-76,-28,-95,-22
-18,-11,-1,0,-75,-29,-96,-23
-19,-10,0,1,-74,-27,-94,-22
-19,-9,0,1,-76,-28,-95,-23
-19,-9,0,1,-76,-28,-95,-24
-20,-9,0,1,-76,-28,-95,-23
-20,-7,0,2,-76,-27,-95,-23
-20,-8,0,1,-77,-28,-95,-24
-19,-9,0,1,-76,-28,-95,-23
-19,-9,0,1,-76,-28,-94,-22
-19,-10,0,1,-75,-28,-95,-22
-17,-11,0,1,-75,-28,-95,-22
-18,-10,0,1,-74,-28,-94,-22
-19,-9,0,1,-75,-28,-95,-23
-19,-9,0,0,-75,-28,-95,-23
-20,-9,0,1,-75,-28,-94,-23
-20,-8,0,1,-76,-27,-94,-23
-20,-8,0,1,-76,-28,-95,-23
-19,-9,0,1,-75,-28,-94,-23
-19,-9,0,1,-75,-28,-93,-22
-18,-9,0,1,-75,-28,-94,-22
-17,-10,-1,0,-75,-28,-95,-22
-18,-10,0,1,-74,-28,-93,-22
-19,-9,0,1,-75,-28,-94,-23
-19,-9,0,0,-75,-28,-94,-23
-19,-9,0,1,-74,-28,-94,-23
-20,-8,0,2,-75,-27,-94,-23
-19,-9,0,1,-75,-28,-94,-23
-19,-9,0,1,-74,-28,-94,-23
-19,-9,0,1,-74,-28,-93,-22
-18,-9,0,1,-74,-28,-93,-22
-17,-10,-1,0,-74,-28,-94,-23
-18,-9,0,1,-74,-27,-93,-22
-19,-9,0,1,-75,-28,-94,-23
-19,-9,0,0,-75,-28,-94,-23
-19,-8,0,1,-74,-27,-93,-23
-20,-7,0,1,-75,-27,-93,-23
-20,-8,0,1,-75,-28,-94,-23
-19,-9,0,1,-74,-27,-93,-22
-19,-9,0,1,-73,-27,-92,-22
-18,-9,0,1,-73,-27,-93,-22
-17,-10,-1,0,-73,-28,-93,-22
-18,-9,0,1,-73,-27,-93,-22
-19,-9,0,1,-74,-28,-93,-22
-19,-9,0,1,-74,-28,-94,-23
-19,-9,0,1,-74,-27,-93,-23
-20,-7,0,1,-75,-27,-92,-22
-20,-8,0,1,-75,-27,-93,-23
-19,-9,0,1,-73,-27,-93,-22
-18,-9,0,1,-73,-27,-92,-22
-18,-10,0,1,-73,-28,-92,-22
-17,-10,-1,0,-73,-28,-93,-22
-18,-10,0,1,-72,-27,-92,-22
-18,-9,0,1,-73,-27,-92,-22
-19,-9,0,0,-74,-28,-93,-23
-19,-9,0,1,-73,-27,-92,-23
-20,-8,0,2,-74,-27,-92,-22
-19,-8,0,1,-74,-27,-93,-23
-18,-9,0,1,-74,-27,-92,-22
-18,-9,0,1,-73,-27,-91,-22
-18,-9,0,1,-73,-27,-92,-22
-17,-10,-1,0,-72,-28,-92,-22
-18,-10,0,1,-72,-27,-91,-21
-18,-9,0,1,-73,-27,-92,-22
-18,-9,0,0,-73,-28,-92,-23
-19,-8,0,1,-72,-27,-92,-22
-20,-7,0,1,-73,-26,-91,-22
-19,-8,0,1,-73,-27,-92,-23
-18,-9,0,1,-72,-27,-91,-22
-18,-9,0,1,-72,-26,-91,-22
-18,-9,0,1,-73,-27,-91,-22
-17,-10,-1,0,-72,-27,-92,-22
-18,-9,0,1,-71,-26,-91,-21
-18,-9,0,0,-72,-27,-91,-22
-19,-9,0,0,-73,-27,-92,-23
-18,-8,0,1,-72,-27,-91,-23
-20,-7,1,2,-73,-26,-91,-22
-19,-8,0,1,-73,-27,-91,-22
-18,-9,0,1,-72,-27,-91,-22
-18,-9,0,1,-72,-27,-91,-22
-18,-9,0,1,-72,-27,-90,-22
-17,-10,-1,0,-71,-27,-91,-22
-18,-9,0,1,-71,-27,-90,-21
-18,-9,0,1,-72,-27,-91,-22
-19,-9,0,1,-72,-27,-91,-22
-19,-8,0,1,-72,-27,-90,-22
-20,-7,1,2,-72,-26,-90,-21
-19,-8,0,1,-73,-27,-91,-22
-18,-9,0,1,-72,-26,-90,-22
-18,-9,0,1,-71,-26,-90,-21
-18,-9,0,1,-71,-26,-90,-22
-20,-7,0,2,-72,-26,-90,-22
-19,-8,0,1,-72,-26,-90,-22
-18,-8,0,1,-71,-26,-90,-21
-18,-8,0,1,-71,-26,-89,-21
-16,-8,1,1,-70,-24,-87,-20
-13,-7,4,2,-68,-21,-84,-17
-12,-6,8,3,-65,-17,-81,-15
-11,-4,10,4,-65,-15,-80,-14
-8,-5,13,4,-64,-13,-78,-12
-5,-6,17,4,-60,-9,-74,-9
-4,-5,22,6,-59,-5,-71,-6
-1,-5,23,6,-58,-3,-69,-5
2,-6,26,6,-55,0,-66,-2
3,-7,27,7,-54,0,-65,0
4,-5,29,7,-53,2,-64,0
5,-5,28,7,-53,2,-63,0
6,-6,30,8,-51,3,-62,1
6,-6,31,7,-52,4,-62,1
6,-5,31,7,-52,4,-62,0
6,-6,31,7,-51,4,-62,1
4,-4,32,8,-52,4,-61,1
5,-6,31,7,-53,4,-62,0
6,-9,29,7,-52,3,-63,0
6,-10,28,7,-52,2,-62,0
6,-10,28,6,-52,2,-63,0
7,-11,27,6,-52,1,-64,0
5,-9,27,7,-52,1,-64,0
3,-8,26,6,-53,0,-65,-1
3,-8,26,6,-54,0,-66,-2
2,-8,26,6,-54,0,-66,-2
0,-8,24,6,-55,-2,-67,-3
0,-8,23,5,-56,-3,-68,-5
0,-9,21,5,-56,-4,-69,-5
-1,-10,19,4,-57,-6,-70,-6
-2,-10,17,4,-58,-8,-72,-7
-2,-10,15,3,-59,-10,-74,-8
-4,-10,14,4,-59,-11,-74,-9
-7,-10,12,3,-62,-14,-77,-11
-8,-9,10,3,-63,-15,-78,-13
-10,-7,9,3,-64,-16,-79,-14
-12,-7,9,4,-65,-17,-80,-15
-14,-8,5,2,-67,-20,-83,-17
-15,-6,3,2,-67,-22,-84,-18
-16,-7,2,2,-68,-23,-84,-19
-18,-8,0,1,-69,-26,-87,-21
-17,-10,-1,0,-69,-26,-88,-21
-17,-9,-1,1,-69,-26,-87,-21
-18,-9,0,1,-69,-26,-87,-22
-18,-9,0,1,-70,-27,-88,-22
-18,-8,0,1,-69,-27,-87,-22
-19,-7,0,1,-70,-26,-87,-21
-19,-7,0,1,-70,-26,-87,-22
-18,-8,0,1,-70,-26,-88,-21
-18,-8,0,1,-69,-26,-87,-21
-18,-9,0,1,-69,-26,-87,-21
-16,-10,-1,0,-69,-27,-87,-21
-17,-9,0,1,-68,-26,-86,-20
-18,-8,0,1,-69,-26,-87,-21
-18,-8,0,0,-70,-27,-87,-21
-18,-8,0,0,-69,-26,-87,-22
-20,-7,0,1,-69,-25,-86,-21
-19,-7,0,1,-70,-26,-87,-22
-18,-8,0,0,-69,-26,-87,-21
-18,-8,0,1,-69,-26,-86,-21
-18,-8,0,1,-69,-26,-86,-21
-16,-10,-1,0,-68,-26,-87,-21
-16,-9,0,0,-68,-26,-86,-20
-18,-8,0,1,-68,-25,-86,-21
-18,-8,0,1,-69,-26,-87,-21
-18,-8,0,1,-69,-26,-86,-21
-19,-7,0,1,-69,-25,-86,-21
-19,-7,0,1,-70,-26,-87,-22
-18,-8,0,1,-68,-26,-86,-21
-18,-8,0,1,-68,-25,-85,-21
-17,-8,0,1,-68,-25,-86,-21
-17,-9,-2,0,-69,-26,-87,-21
-16,-9,0,1,-67,-25,-86,-20
-17,-8,0,1,-67,-25,-86,-21
-18,-8,0,1,-68,-26,-86,-22
-18,-8,0,1,-68,-26,-86,-21
-21,-7,3,2,-70,-28,-88,-23
-27,-9,10,3,-74,-36,-94,-29
-30,-14,16,5,-78,-44,-101,-33
-35,-16,24,7,-81,-50,-106,-38
-39,-15,28,7,-84,-54,-110,-41
-37,-9,22,5,-82,-50,-107,-39
-31,0,11,2,-77,-38,-97,-31
-21,13,-9,-3,-69,-18,-80,-19
-3,39,-44,-13,-54,16,-52,2
19,63,-84,-24,-35,57,-19,28
43,87,-126,-35,-15,98,15,56
69,108,-169,-46,4,140,50,83
97,129,-212,-57,25,181,84,111
122,150,-253,-68,46,224,119,139
148,170,-295,-78,66,264,153,166
175,183,-335,-89,86,301,184,191
200,188,-366,-95,105,333,213,215
220,188,-391,-99,120,359,234,234
236,190,-412,-104,131,378,251,247
246,194,-426,-107,139,392,263,257
251,189,-428,-106,142,396,267,261
253,177,-425,-104,143,393,265,260
251,167,-416,-102,140,383,258,255
242,159,-401,-98,134,369,247,246
231,148,-382,-93,124,350,230,234
219,133,-359,-88,113,325,210,218
201,115,-327,-78,100,295,185,198
177,94,-289,-68,81,258,155,174
152,73,-248,-58,61,217,121,147
126,47,-203,-45,41,173,85,118
99,20,-156,-32,20,129,49,90
74,0,-114,-21,0,86,13,62
49,-20,-74,-12,-20,46,-20,35
22,-38,-33,-1,-39,6,-52,8
-4,-55,-3,2,-61,-34,-88,-19
-31,-79,1,1,-83,-81,-127,-50
-58,-92,3,1,-102,-118,-158,-76
-75,-80,3,2,-113,-131,-170,-87
-78,-64,3,1,-115,-126,-167,-87
-69,-53,4,2,-106,-109,-153,-76
-56,-39,4,3,-95,-84,-133,-60
-41,-27,4,2,-85,-62,-115,-45
-29,-19,3,2,-76,-44,-100,-33
-21,-12,3,2,-70,-31,-88,-24
-19,-10,3,2,-68,-29,-86,-22
-18,-11,2,1,-69,-29,-87,-23
-18,-11,2,1,-68,-29,-87,-22
-19,-10,3,2,-68,-29,-86,-23
-20,-10,3,2,-69,-29,-87,-23
-20,-10,3,2,-68,-29,-87,-23
-21,-9,4,3,-68,-28,-86,-23
-21,-8,4,2,-68,-29,-86,-24
-20,-9,3,2,-68,-29,-87,-23
-20,-9,3,2,-67,-29,-86,-23
-19,-9,3,2,-68,-28,-85,-22
-18,-11,2,1,-67,-29,-86,-23
-18,-11,2,1,-67,-29,-86,-22
-19,-10,3,2,-68,-29,-86,-22
-19,-10,3,2,-68,-29,-86,-23
-20,-10,3,2,-68,-29,-86,-23
-21,-9,4,3,-68,-28,-86,-22
-21,-9,4,2,-69,-29,-86,-23
-20,-10,3,1,-68,-29,-86,-23
-19,-10,4,2,-67,-28,-85,-22
-19,-10,3,2,-67,-28,-85,-22
-18,-11,2,1,-67,-29,-86,-23
-18,-11,3,1,-66,-29,-85,-22
-19,-10,3,2,-67,-28,-85,-23
-19,-10,3,2,-68,-29,-86,-23
-19,-10,3,2,-67,-29,-85,-23
-20,-9,4,2,-68,-28,-85,-22
-20,-8,4,2,-68,-28,-85,-23
-20,-9,3,2,-68,-29,-85,-23
-19,-9,3,2,-67,-28,-85,-22
-19,-9,3,2,-67,-28,-85,-22
-18,-10,2,1,-67,-29,-85,-23
-18,-10,3,2,-65,-29,-84,-22
-19,-10,3,2,-66,-28,-85,-22
-20,-10,3,1,-67,-29,-85,-23
-20,-10,3,2,-67,-29,-85,-23
-21,-8,4,2,-67,-28,-85,-23
-20,-9,4,2,-67,-28,-85,-23
-20,-10,3,2,-67,-28,-85,-23
-19,-9,4,3,-66,-27,-83,-21
-17,-8,7,3,-64,-24,-81,-19
-15,-9,7,2,-64,-24,-81,-19
-14,-8,8,3,-63,-23,-80,-18
-14,-6,11,4,-62,-20,-78,-17
-13,-6,12,4,-62,-19,-77,-16
-12,-8,13,4,-60,-18,-76,-15
-12,-8,14,4,-60,-17,-75,-14
-12,-7,14,4,-61,-17,-75,-15
-10,-8,14,4,-60,-17,-74,-14
-8,-7,18,5,-57,-13,-71,-11
-8,-7,18,5,-58,-13,-71,-11
-7,-7,17,4,-58,-14,-72,-12
-5,-9,18,5,-56,-13,-70,-10
-5,-10,19,5,-56,-11,-69,-10
-5,-7,20,5,-56,-11,-69,-10
-5,-5,22,5,-55,-9,-68,-9
-5,-5,24,6,-55,-8,-66,-8
-4,-6,24,7,-54,-7,-65,-8
-3,-7,24,6,-53,-7,-65,-7
-1,-6,27,7,-51,-4,-62,-5
1,-5,31,8,-49,0,-59,-2
5,-4,34,8,-48,3,-56,0
7,-2,38,9,-45,7,-53,3
8,0,41,10,-44,9,-51,4
9,0,44,11,-44,12,-49,5
12,2,48,12,-41,16,-45,8
14,4,54,14,-39,21,-41,11
17,7,58,15,-37,25,-38,14
20,7,62,15,-35,28,-34,17
24,7,65,16,-32,32,-30,20
26,7,68,17,-29,36,-28,22
30,8,71,17,-28,39,-25,25
34,9,76,18,-24,44,-21,28
35,12,81,20,-22,49,-17,31
37,14,85,21,-21,52,-14,33
40,13,88,21,-19,55,-11,35
42,14,92,22,-18,58,-8,38
42,15,94,23,-17,60,-7,39
45,16,96,23,-16,63,-5,41
47,15,97,23,-14,65,-3,42
48,14,98,23,-13,66,-2,44
50,12,98,23,-12,65,-2,44
51,12,99,23,-11,66,-1,45
52,14,102,24,-10,69,0,46
52,15,103,24,-10,69,0,46
52,15,102,24,-10,69,1,46
50,15,102,25,-11,69,0,46
49,14,100,24,-12,66,-1,44
49,12,97,22,-14,64,-3,43
48,10,96,23,-13,63,-3,43
46,10,93,22,-14,61,-5,41
47,7,90,21,-15,58,-8,39
45,7,88,21,-15,56,-10,38
43,6,87,20,-17,54,-11,37
41,5,84,19,-19,51,-13,34
40,2,81,18,-20,48,-16,32
36,2,78,18,-22,45,-19,29
33,4,75,18,-24,42,-21,27
32,0,71,16,-26,38,-24,25
31,-2,67,15,-26,36,-26,24
28,-5,63,14,-28,31,-29,21
28,-9,58,12,-30,27,-33,19
26,-12,55,11,-30,24,-35,17
23,-13,52,11,-33,20,-38,14
19,-13,48,10,-35,16,-42,11
16,-10,46,10,-37,14,-45,9
13,-9,44,10,-39,11,-46,7
11,-9,42,9,-41,10,-48,6
11,-11,38,8,-42,6,-51,3
10,-12,36,8,-42,5,-51,3
8,-11,35,8,-43,4,-52,2
6,-11,31,6,-45,1,-56,0
5,-12,29,6,-45,0,-57,0
3,-10,29,7,-47,-1,-58,-2
1,-11,26,6,-49,-4,-60,-4
0,-11,24,5,-50,-6,-62,-5
-2,-9,24,6,-50,-6,-62,-6
-4,-8,23,6,-52,-7,-64,-8
-4,-10,19,4,-53,-10,-66,-9
-6,-10,18,4,-53,-11,-67,-9
-6,-10,17,5,-54,-12,-67,-10
-5,-13,14,3,-55,-15,-69,-12
-7,-13,12,3,-55,-17,-71,-13
-9,-11,13,3,-56,-17,-71,-14
-12,-9,11,3,-58,-19,-73,-16
-15,-10,7,2,-60,-22,-76,-18
-16,-9,6,2,-61,-23,-77,-18
-18,-7,6,3,-62,-24,-78,-20
-18,-7,4,2,-63,-25,-79,-21
-17,-7,5,2,-62,-25,-78,-20
-18,-8,4,2,-62,-25,-79,-20
-19,-10,0,1,-64,-29,-82,-22
-19,-11,0,1,-63,-29,-82,-22
-19,-10,0,1,-63,-28,-81,-23
-20,-9,0,1,-64,-29,-82,-23
-20,-9,0,1,-64,-29,-82,-24
-21,-8,1,2,-64,-29,-81,-23
-22,-8,1,2,-65,-29,-81,-23
-21,-9,0,1,-65,-29,-82,-23
-20,-9,0,1,-64,-29,-81,-23
-20,-9,1,1,-63,-28,-80,-22
-19,-10,0,1,-64,-29,-81,-22
-18,-11,0,1,-63,-29,-81,-22
-20,-10,0,1,-63,-29,-81,-22
-20,-9,0,1,-64,-29,-81,-23
-20,-9,0,1,-63,-29,-81,-23
-21,-9,1,1,-64,-29,-81,-23
-22,-8,1,1,-65,-28,-81,-23
-20,-9,0,1,-64,-29,-81,-23
-20,-9,0,1,-63,-29,-81,-22
-20,-10,0,1,-63,-28,-80,-22
-19,-10,0,0,-64,-29,-81,-23
-18,-10,0,1,-62,-29,-81,-22
-19,-10,0,1,-63,-29,-80,-23
-20,-9,0,1,-64,-29,-81,-23
-20,-9,0,1,-64,-29,-81,-23
-21,-8,1,1,-63,-29,-80,-23
-21,-8,1,1,-64,-28,-80,-23
-20,-9,0,0,-64,-29,-81,-23
-20,-9,0,1,-63,-28,-80,-22
-20,-9,0,1,-63,-28,-80,-22
-19,-10,0,1,-63,-29,-80,-22
-18,-11,0,0,-62,-29,-80,-22
-19,-10,0,1,-63,-28,-80,-22
-20,-9,0,1,-63,-29,-80,-23
-20,-9,0,1,-63,-29,-81,-23
-21,-8,0,1,-63,-29,-80,-22
-21,-8,1,2,-64,-28,-80,-23
-20,-9,0,1,-63,-29,-80,-23
-20,-9,0,1,-62,-28,-80,-22
-19,-9,1,2,-62,-28,-79,-22
-18,-10,0,1,-63,-29,-80,-23
-18,-11,0,1,-62,-29,-80,-22
-19,-10,0,1,-62,-28,-79,-22
-20,-9,0,1,-62,-29,-80,-22
-20,-9,0,1,-63,-29,-80,-23
-20,-9,1,1,-63,-28,-80,-23
-21,-7,1,2,-63,-28,-79,-23
-20,-9,0,1,-63,-28,-80,-23
-19,-9,0,1,-62,-28,-79,-22
-19,-9,0,1,-62,-28,-79,-22
-19,-9,0,1,-62,-28,-80,-22
-18,-10,0,1,-61,-28,-79,-22
-19,-9,0,1,-61,-28,-79,-22
-19,-9,0,1,-62,-28,-80,-23
-20,-9,0,1,-63,-29,-80,-23
-20,-8,1,1,-62,-28,-79,-22
-21,-7,1,2,-63,-27,-79,-22
-20,-9,0,1,-63,-28,-79,-23
-19,-9,0,1,-62,-28,-79,-22
-19,-9,1,1,-62,-27,-78,-21
-19,-9,0,1,-62,-28,-79,-22
-18,-10,0,0,-61,-28,-79,-22
-19,-9,0,1,-61,-28,-79,-21
-20,-9,0,1,-62,-28,-79,-22
-20,-9,0,1,-61,-28,-79,-23
-20,-8,0,1,-62,-28,-79,-22
-21,-8,1,2,-62,-27,-78,-22
-20,-9,0,1,-62,-28,-79,-23
-19,-9,0,1,-61,-28,-78,-22
-19,-9,0,1,-62,-28,-78,-22
-18,-9,0,1,-62,-28,-78,-22
-17,-10,0,0,-61,-28,-78,-22
-18,-9,0,1,-61,-27,-78,-21
-19,-9,0,1,-61,-28,-78,-22
-19,-9,0,1,-61,-28,-79,-22
-20,-8,0,1,-61,-28,-78,-22
-21,-8,1,2,-61,-27,-78,-22
-20,-9,0,1,-62,-28,-79,-23
-19,-9,0,1,-61,-28,-78,-22
-19,-9,0,1,-61,-27,-78,-21
-18,-9,0,1,-61,-28,-78,-22
-17,-10,0,1,-60,-28,-78,-21
-18,-9,0,1,-61,-28,-78,-21
-19,-9,0,1,-62,-28,-78,-22
-20,-9,0,1,-61,-28,-78,-22
-20,-8,0,1,-61,-27,-78,-22
-20,-7,1,2,-61,-27,-77,-22
-20,-8,0,1,-62,-28,-78,-23
-19,-9,0,1,-61,-28,-77,-21
-19,-9,0,1,-60,-27,-77,-21
-18,-9,0,1,-61,-27,-78,-22
-17,-11,0,0,-60,-28,-78,-21
-19,-10,0,1,-60,-27,-77,-21
-19,-9,0,1,-61,-27,-78,-22
-19,-9,0,1,-61,-28,-78,-22
-20,-8,0,1,-61,-27,-78,-22
-20,-7,1,1,-61,-27,-77,-22
-20,-8,0,1,-61,-28,-77,-22
-19,-9,0,1,-60,-27,-77,-21
-19,-9,1,1,-60,-27,-77,-21
-18,-9,0,1,-60,-28,-77,-21
-18,-10,0,0,-59,-28,-77,-21
-18,-9,0,1,-59,-27,-76,-21
-19,-9,0,1,-60,-28,-77,-22
-19,-8,0,1,-61,-28,-77,-23
-19,-9,1,1,-60,-27,-77,-22
-20,-7,1,1,-61,-27,-77,-22
-19,-8,0,0,-61,-28,-77,-22
-19,-9,0,1,-60,-27,-77,-21
-18,-9,0,1,-60,-27,-76,-21
-18,-9,0,0,-61,-28,-77,-21
-17,-10,0,0,-59,-28,-77,-21
-18,-9,0,1,-59,-27,-76,-21
-18,-9,0,1,-60,-28,-77,-21
-19,-9,0,0,-60,-28,-77,-22
-19,-8,0,1,-60,-27,-76,-22
-20,-7,1,2,-60,-26,-76,-21
-20,-8,0,1,-61,-27,-77,-22
-18,-9,0,1,-60,-27,-76,-21
-18,-9,0,1,-59,-26,-75,-21
-18,-10,0,0,-60,-27,-76,-21
-17,-10,0,0,-59,-28,-76,-21
-18,-10,0,1,-59,-27,-75,-21
-18,-9,0,1,-59,-27,-76,-21
-18,-9,0,0,-60,-27,-76,-22
-19,-8,0,1,-59,-27,-76,-21
-20,-7,1,1,-59,-26,-75,-21
-19,-8,0,1,-60,-27,-76,-22
-18,-9,0,1,-59,-27,-76,-21
-18,-9,0,1,-59,-27,-76,-21
-18,-9,0,1,-59,-27,-76,-21
-17,-10,0,0,-59,-28,-76,-21
-18,-9,0,1,-59,-27,-75,-21
-18,-9,0,1,-60,-27,-75,-21
-19,-8,0,1,-60,-27,-76,-22
-19,-9,0,1,-59,-27,-75,-21
-20,-8,1,2,-60,-26,-75,-21
-19,-8,0,1,-60,-27,-76,-22
-19,-8,0,1,-59,-27,-75,-21
-19,-8,1,1,-58,-26,-74,-21
-18,-9,0,0,-59,-27,-75,-21
-17,-10,0,0,-58,-27,-75,-21
-18,-9,0,1,-58,-27,-75,-21
-19,-8,0,1,-59,-27,-75,-21
-18,-9,0,1,-59,-27,-76,-21
-19,-8,0,1,-59,-27,-75,-22
-20,-7,2,2,-59,-26,-74,-21
-19,-8,0,1,-59,-27,-75,-22
-18,-8,0,1,-58,-26,-74,-21
-18,-9,0,1,-58,-26,-74,-20
-17,-8,2,1,-58,-25,-73,-20
-13,-7,5,1,-55,-21,-70,-17
-12,-6,8,2,-53,-18,-67,-15
-11,-4,10,3,-53,-16,-66,-14
-9,-5,14,4,-51,-13,-63,-12
-5,-6,18,5,-48,-9,-59,-9
-3,-5,22,6,-46,-5,-56,-6
-1,-5,24,6,-46,-4,-55,-5
1,-6,27,6,-43,0,-52,-1
3,-7,28,7,-41,0,-50,0
3,-5,29,7,-41,1,-49,0
5,-5,29,6,-41,2,-49,0
6,-5,31,7,-39,4,-47,1
6,-5,32,7,-39,4,-47,1
6,-6,32,7,-39,4,-47,1
5,-6,32,7,-39,4,-47,1
4,-4,33,8,-39,5,-46,1
5,-5,32,7,-40,4,-47,1
6,-9,30,6,-39,3,-48,1
6,-10,29,6,-39,2,-48,1
6,-11,28,6,-40,2,-49,0
7,-11,28,6,-39,2,-49,1
5,-9,27,7,-40,1,-49,0
3,-8,27,6,-41,0,-50,-1
2,-8,27,6,-42,0,-50,-1
2,-8,27,6,-41,0,-51,-1
0,-7,25,6,-43,-2,-52,-3
0,-9,23,5,-44,-4,-54,-4
0,-10,22,5,-44,-4,-54,-4
-1,-11,20,5,-45,-6,-56,-5
-2,-11,18,5,-46,-8,-57,-6
-2,-11,16,3,-46,-10,-59,-8
-4,-10,15,4,-47,-11,-60,-8
-7,-10,13,3,-49,-14,-62,-11
-8,-9,11,3,-50,-15,-63,-12
-10,-7,10,3,-51,-16,-64,-13
-12,-6,10,3,-52,-17,-65,-14
-14,-8,6,2,-55,-20,-68,-17
-15,-7,4,2,-55,-22,-69,-18
-16,-7,3,2,-55,-23,-70,-18
-17,-9,0,1,-57,-26,-73,-20
-16,-10,0,0,-57,-27,-73,-20
-17,-9,0,1,-56,-26,-73,-20
-18,-8,0,1,-57,-26,-73,-20
-18,-8,0,0,-58,-27,-74,-21
-19,-8,0,0,-58,-27,-74,-21
-20,-7,1,2,-58,-25,-72,-21
-19,-8,0,1,-58,-26,-73,-21
-18,-9,0,1,-57,-26,-73,-21
-18,-8,0,1,-57,-25,-72,-20
-18,-8,0,1,-57,-26,-73,-20
-17,-10,0,0,-56,-27,-73,-20
-17,-9,0,1,-56,-26,-73,-20
-18,-8,0,1,-57,-26,-73,-21
-18,-8,0,0,-57,-27,-73,-21
-18,-8,0,0,-57,-26,-73,-21
-19,-7,1,1,-57,-26,-72,-20
-19,-8,0,1,-58,-26,-73,-21
-18,-8,0,1,-57,-26,-73,-20
-18,-8,0,1,-56,-25,-72,-20
-18,-8,0,0,-57,-26,-72,-20
-16,-9,0,0,-56,-27,-73,-20
-17,-9,0,0,-55,-26,-72,-20
-18,-8,0,1,-56,-26,-72,-21
-18,-8,0,0,-56,-26,-73,-21
-18,-8,0,0,-57,-27,-73,-21
-19,-7,0,1,-57,-26,-72,-21
-19,-7,0,0,-57,-26,-72,-21
-17,-8,0,0,-56,-26,-72,-20
-18,-8,0,1,-56,-25,-71,-20
-18,-8,0,1,-56,-26,-72,-21
-17,-10,0,0,-56,-26,-72,-20
-17,-9,0,1,-55,-25,-71,-20
-18,-8,0,1,-56,-25,-72,-20
-18,-8,0,0,-56,-26,-72,-21
-18,-8,0,1,-56,-26,-72,-21
-21,-7,3,2,-57,-28,-73,-22
-26,-10,10,3,-62,-36,-81,-29
-30,-14,17,5,-66,-43,-87,-33
-35,-16,25,7,-69,-50,-92,-36
-39,-15,29,8,-72,-54,-96,-40
-37,-9,23,5,-70,-50,-93,-38
-32,-1,13,2,-65,-39,-83,-31
-22,12,-6,-3,-57,-19,-67,-19
-4,37,-41,-13,-43,14,-40,1
18,62,-81,-23,-24,54,-7,27
42,85,-122,-33,-4,96,28,55
68,106,-165,-45,15,137,62,82
95,127,-208,-57,36,179,97,110
120,149,-250,-67,57,221,132,138
146,168,-292,-78,76,261,165,164
174,182,-331,-88,96,299,197,191
199,188,-363,-95,116,332,225,214
219,187,-389,-100,131,357,247,233
235,190,-409,-104,143,377,264,247
246,193,-424,-107,150,391,276,258
251,189,-427,-107,154,396,281,262
253,177,-425,-106,154,392,279,261
251,167,-417,-102,152,384,272,257
243,159,-401,-98,146,370,261,248
232,149,-383,-94,137,351,246,235
219,134,-360,-88,126,327,226,220
201,115,-328,-79,113,297,201,201
179,95,-290,-69,95,260,171,176
154,74,-250,-58,75,220,137,149
-2,-54,-3,1,-47,-31,-71,-16
-29,-78,3,0,-70,-78,-110,-47
-56,-93,3,1,-89,-116,-143,-74
-74,-81,4,1,-101,-131,-156,-87
-79,-64,4,1,-103,-127,-154,-87
-69,-54,4,1,-95,-110,-140,-76
-56,-39,5,2,-84,-86,-120,-60
-42,-28,5,2,-74,-64,-102,-46
-30,-20,4,2,-64,-45,-86,-33
-21,-12,4,2,-57,-31,-74,-24
-19,-10,4,1,-57,-29,-73,-22
-18,-11,3,1,-56,-29,-73,-22
-18,-11,3,2,-55,-29,-72,-22
-19,-10,4,2,-56,-29,-73,-22
-20,-9,4,1,-57,-29,-73,-23
-20,-10,4,1,-56,-29,-73,-22
-21,-9,5,2,-56,-28,-72,-22
-20,-9,4,2,-57,-29,-73,-23
-20,-9,4,1,-57,-29,-73,-23
-19,-10,4,2,-56,-28,-72,-22
-20,-10,4,1,-56,-28,-72,-22
-18,-10,3,1,-56,-29,-73,-22
-19,-10,3,1,-56,-29,-73,-22
-19,-10,4,2,-56,-29,-72,-22
-20,-10,4,1,-57,-29,-73,-23
-20,-9,4,2,-56,-29,-73,-22
-21,-8,5,2,-56,-28,-72,-22
-21,-9,5,2,-56,-28,-72,-23
-19,-9,4,1,-56,-28,-72,-22
-19,-10,4,2,-55,-28,-71,-21
-19,-10,4,2,-56,-29,-72,-22
-18,-11,3,1,-56,-29,-72,-22
-18,-11,3,2,-54,-29,-71,-22
-19,-10,4,2,-55,-29,-72,-22
-20,-9,3,1,-56,-29,-72,-23
-20,-9,4,1,-56,-29,-72,-23
-21,-9,5,2,-56,-28,-71,-22
-20,-9,4,2,-57,-28,-72,-23
-19,-9,4,1,-56,-29,-72,-22
-19,-10,4,2,-55,-28,-71,-21
-19,-10,4,2,-55,-28,-71,-21
-18,-11,3,1,-55,-28,-72,-22
-18,-10,3,1,-54,-28,-72,-22
-19,-9,4,2,-55,-28,-71,-22
-20,-9,4,1,-55,-29,-72,-22
-20,-9,4,1,-56,-28,-71,-22
-21,-8,5,2,-56,-28,-71,-22
-21,-8,4,1,-57,-28,-71,-22
-19,-9,3,1,-56,-28,-72,-22
-19,-9,5,2,-54,-27,-70,-20
-17,-8,7,3,-53,-24,-68,-19
-15,-9,7,2,-53,-24,-67,-19
-15,-9,9,3,-51,-23,-66,-17
-14,-6,12,4,-50,-20,-64,-16
-13,-6,13,3,-50,-19,-63,-16
-12,-8,14,3,-49,-18,-62,-15
-12,-7,15,4,-49,-17,-61,-14
-12,-8,15,4,-50,-17,-62,-15
-10,-8,16,4,-48,-17,-61,-13
-9,-7,18,5,-46,-14,-58,-11
-8,-7,18,5,-47,-13,-58,-11
-7,-7,18,4,-46,-14,-58,-11
-6,-9,19,5,-44,-12,-57,-10
-5,-9,21,5,-44,-11,-56,-9
-5,-7,21,5,-44,-10,-56,-9
-5,-5,23,6,-44,-9,-55,-9
-5,-5,25,7,-43,-7,-53,-7
-4,-6,25,6,-43,-7,-53,-7
-3,-7,25,6,-42,-7,-52,-7
-1,-6,28,7,-40,-4,-50,-4
1,-5,31,7,-39,0,-46,-2
5,-4,34,8,-37,2,-44,0
7,-2,39,9,-34,7,-40,3
8,0,42,10,-33,9,-38,5
9,0,45,10,-32,11,-36,6
12,2,49,11,-30,15,-33,8
13,5,55,13,-28,21,-28,12
16,7,58,14,-26,25,-25,14
20,7,62,15,-23,29,-21,17
23,7,65,16,-20,32,-18,20
27,6,69,16,-19,35,-15,22
30,8,72,17,-16,39,-12,25
33,9,77,18,-13,44,-8,29
35,12,82,20,-12,49,-4,32
38,14,86,20,-10,52,-1,33
40,13,89,21,-8,55,0,36
42,14,93,23,-6,59,4,39
43,15,95,23,-6,60,5,40
46,16,97,23,-4,62,7,41
47,15,98,23,-3,64,9,43
49,13,99,23,-2,66,10,44
51,12,98,22,-1,65,10,44
51,12,99,23,0,66,11,45
52,14,103,25,0,69,13,47
52,15,103,24,0,69,14,47
52,15,104,24,0,69,13,46
50,15,104,25,0,69,13,46
48,14,101,24,-2,67,11,44
48,12,98,23,-2,65,10,44
48,10,97,23,-1,64,9,43
47,9,94,22,-3,61,7,41
46,7,91,20,-4,58,4,40
45,6,89,20,-4,56,3,39
43,6,87,20,-6,55,2,37
41,5,84,19,-8,52,0,35
39,2,82,18,-9,48,-3,33
36,3,79,18,-10,46,-5,31
33,4,76,17,-13,43,-8,28
32,0,72,16,-15,39,-11,26
31,-2,68,15,-15,36,-13,25
29,-5,64,14,-18,31,-16,22
28,-9,59,12,-19,27,-20,20
26,-12,56,11,-19,24,-22,18
22,-13,53,10,-22,20,-26,15
19,-12,49,9,-25,16,-29,12
16,-10,47,9,-26,14,-32,10
13,-8,45,10,-28,12,-33,8
11,-9,42,9,-30,9,-35,6
10,-11,39,8,-31,7,-37,5
9,-12,37,8,-31,5,-39,4
8,-11,36,8,-32,4,-40,3
7,-12,32,6,-34,1,-43,0
6,-13,30,6,-35,0,-44,0
3,-10,30,7,-36,-1,-45,-1
1,-11,27,5,-38,-4,-48,-3
0,-11,24,5,-39,-6,-50,-5
-2,-9,25,6,-39,-6,-50,-5
-4,-8,23,5,-41,-8,-51,-7
-4,-10,20,4,-42,-10,-53,-8
-5,-10,19,5,-42,-11,-54,-9
-6,-10,18,4,-43,-13,-55,-9
-6,-13,15,3,-44,-15,-56,-10
-7,-13,13,3,-44,-17,-58,-12
-9,-11,13,3,-45,-17,-58,-13
-12,-9,12,3,-47,-19,-60,-15
-14,-10,8,2,-49,-22,-63,-18
-16,-9,8,2,-50,-23,-64,-18
-18,-7,7,2,-52,-24,-65,-20
-18,-7,6,2,-51,-25,-66,-20
-17,-7,6,2,-51,-25,-65,-19
-18,-8,5,2,-51,-25,-66,-19
-19,-9,1,1,-52,-28,-69,-21
-19,-11,0,0,-53,-29,-69,-22
-20,-10,1,1,-53,-29,-69,-22
-20,-9,1,1,-54,-29,-70,-23
-20,-10,1,1,-53,-29,-69,-23
-21,-9,2,1,-53,-29,-69,-22
-22,-8,2,1,-55,-29,-69,-23
-21,-9,1,1,-54,-29,-70,-23
-20,-10,1,1,-53,-29,-69,-22
-20,-10,1,1,-53,-29,-69,-22
-19,-10,0,0,-53,-29,-69,-22
-18,-11,0,0,-52,-29,-69,-22
-20,-10,1,1,-52,-29,-68,-22
-20,-9,1,1,-53,-29,-69,-23
-20,-9,1,1,-54,-29,-69,-23
-21,-9,2,2,-53,-28,-68,-22
-21,-8,2,2,-53,-28,-68,-22
-20,-9,1,1,-53,-29,-69,-23
-20,-10,1,1,-53,-29,-68,-22
-20,-10,1,1,-53,-29,-68,-22
-19,-10,0,0,-53,-29,-69,-22
-18,-11,0,0,-52,-29,-68,-21
-19,-10,1,1,-52,-28,-68,-22
-20,-9,1,1,-53,-29,-68,-22
-20,-9,1,1,-53,-29,-68,-22
-21,-8,2,2,-52,-28,-68,-22
-21,-8,1,2,-53,-28,-68,-22
-20,-9,1,1,-53,-29,-68,-23
-20,-9,1,1,-52,-28,-68,-22
-20,-9,1,1,-52,-28,-68,-21
-19,-10,0,1,-52,-29,-68,-22
-18,-10,0,1,-52,-29,-68,-22
-19,-9,1,1,-52,-28,-68,-21
-19,-9,1,1,-52,-28,-68,-22
-20,-9,1,1,-52,-29,-68,-22
-21,-9,2,1,-52,-28,-68,-22
-21,-8,2,1,-53,-28,-67,-22
-20,-9,1,1,-53,-29,-68,-23
-20,-9,1,1,-52,-28,-67,-21
-19,-9,1,1,-52,-28,-67,-22
-19,-9,0,0,-52,-29,-68,-22
-18,-11,0,0,-51,-29,-67,-21
-19,-9,1,1,-51,-28,-67,-21
-20,-9,1,0,-52,-29,-68,-22
-20,-9,1,0,-53,-29,-68,-22
-20,-8,2,1,-52,-28,-67,-22
-21,-8,2,1,-53,-28,-67,-22
-20,-9,1,1,-53,-29,-68,-23
-20,-9,1,1,-52,-28,-67,-22
-20,-9,1,1,-52,-28,-67,-22
-19,-10,0,0,-52,-28,-67,-22
-18,-11,0,0,-51,-29,-67,-22
-19,-10,1,1,-51,-29,-67,-21
-20,-9,1,1,-52,-29,-67,-22
-20,-9,1,0,-52,-29,-67,-22
-20,-9,1,1,-52,-28,-67,-22
-21,-8,2,1,-53,-28,-67,-22
-19,-9,1,0,-53,-29,-67,-22
-19,-9,1,1,-52,-28,-67,-21
-19,-9,1,1,-52,-28,-66,-21
-19,-9,0,0,-52,-28,-67,-21
-18,-10,0,0,-51,-29,-67,-21
-19,-10,1,1,-51,-28,-66,-21
-20,-9,1,1,-51,-28,-66,-22
-19,-9,1,0,-52,-28,-66,-22
-20,-9,2,1,-51,-28,-66,-22
-21,-7,2,1,-52,-27,-66,-22
-20,-8,1,0,-52,-28,-67,-22
-19,-9,1,1,-52,-28,-66,-21
-19,-9,1,1,-52,-27,-66,-21
-18,-10,1,1,-51,-28,-66,-21
-18,-10,0,0,-50,-28,-67,-21
-19,-9,1,1,-50,-28,-66,-21
-19,-9,1,1,-51,-28,-67,-22
-19,-9,0,0,-51,-28,-67,-22
-20,-8,1,1,-51,-28,-66,-22
-21,-8,2,1,-51,-27,-66,-22
-20,-8,1,1,-51,-28,-66,-22
-19,-9,1,1,-51,-27,-65,-21
-19,-9,1,1,-50,-27,-65,-21
-18,-10,0,1,-51,-28,-66,-21
-17,-11,0,0,-50,-29,-66,-21
-19,-9,1,1,-51,-27,-65,-21
-20,-9,1,1,-51,-28,-66,-21
-19,-9,0,1,-51,-28,-66,-22
-20,-8,1,1,-51,-27,-66,-22
-21,-7,2,1,-52,-27,-65,-22
-20,-8,1,1,-52,-27,-66,-22
-19,-9,1,1,-50,-27,-65,-21
-19,-9,1,1,-50,-27,-65,-21
-18,-10,0,1,-50,-27,-65,-21
-18,-10,0,0,-50,-28,-65,-21
-19,-9,1,1,-50,-27,-65,-20
-19,-9,1,1,-51,-28,-66,-21
-19,-8,0,0,-51,-28,-66,-22
-20,-8,1,1,-50,-27,-65,-21
-21,-8,2,1,-51,-27,-65,-22
-19,-8,1,1,-51,-28,-65,-22
-19,-9,1,1,-50,-27,-65,-21
-19,-9,1,1,-50,-27,-64,-21
-18,-9,1,0,-50,-27,-64,-21
-17,-10,0,0,-49,-28,-65,-21
-18,-9,1,0,-49,-27,-65,-21
-19,-9,1,0,-50,-28,-65,-21
-19,-9,0,0,-50,-28,-65,-21
-19,-9,1,1,-50,-27,-65,-21
-20,-8,2,1,-51,-27,-65,-21
-20,-8,1,1,-51,-27,-65,-22
-19,-9,1,1,-50,-27,-64,-21
-18,-9,1,1,-50,-27,-64,-20
-18,-9,0,0,-50,-28,-64,-21
-17,-10,0,0,-49,-27,-65,-21
-18,-9,1,1,-49,-27,-64,-20
-19,-9,1,0,-49,-27,-64,-21
-19,-9,0,0,-50,-27,-65,-22
-19,-8,1,1,-50,-27,-64,-21
-20,-7,2,1,-51,-26,-64,-21
-19,-8,1,1,-51,-27,-65,-22
-19,-9,1,1,-50,-27,-64,-21
-19,-9,1,1,-50,-27,-64,-20
-18,-9,0,0,-50,-27,-64,-21
-17,-10,0,0,-49,-27,-64,-20
-18,-9,1,1,-49,-27,-63,-20
-19,-9,1,1,-50,-27,-64,-21
-19,-9,1,0,-50,-27,-64,-21
-20,-8,1,1,-49,-27,-63,-21
-20,-7,2,1,-50,-27,-64,-21
-20,-8,1,1,-50,-27,-65,-22
-19,-9,1,1,-49,-27,-64,-20
-19,-9,1,1,-49,-26,-64,-20
-18,-9,0,0,-49,-27,-64,-21
-17,-10,0,0,-49,-27,-64,-21
-18,-9,1,1,-49,-27,-63,-20
-19,-9,1,1,-49,-27,-64,-21
-19,-9,1,1,-49,-27,-64,-22
-19,-9,1,1,-49,-27,-64,-21
-20,-7,2,2,-50,-26,-64,-21
-19,-8,1,1,-50,-27,-64,-21
-19,-8,1,1,-49,-26,-63,-20
-18,-9,1,1,-49,-26,-63,-20
-18,-9,1,1,-49,-26,-63,-20
-17,-10,0,1,-48,-27,-63,-20
-18,-9,1,1,-48,-26,-63,-20
-19,-9,1,1,-49,-27,-63,-21
-18,-9,0,0,-50,-27,-64,-22
-19,-8,1,1,-49,-27,-63,-21
-20,-7,2,2,-50,-26,-63,-21
-19,-8,1,1,-50,-27,-64,-21
-19,-8,1,1,-49,-26,-63,-20
-18,-8,1,1,-49,-26,-62,-20
-17,-8,2,1,-47,-24,-61,-19
-13,-8,5,1,-45,-21,-58,-17
-12,-5,9,3,-44,-18,-56,-14
-12,-4,11,3,-43,-16,-54,-13
-9,-4,14,4,-41,-13,-52,-11
-6,-6,18,5,-38,-9,-48,-8
-4,-5,23,6,-37,-5,-45,-5
-1,-5,24,6,-36,-4,-43,-4
1,-6,27,7,-33,0,-40,-1
3,-7,29,7,-31,0,-38,0
3,-6,29,7,-31,2,-38,0
5,-5,30,7,-31,2,-37,0
5,-5,32,8,-29,4,-36,2
5,-5,33,7,-29,4,-35,2
6,-6,32,7,-30,3,-36,1
5,-5,32,7,-30,4,-36,1
4,-4,33,7,-30,5,-35,1
5,-5,32,7,-30,4,-36,1
6,-9,31,7,-30,3,-36,1
6,-10,30,6,-30,2,-36,1
6,-11,30,6,-30,2,-36,1
7,-11,28,5,-29,1,-38,1
4,-9,28,6,-30,0,-38,0
2,-8,28,6,-32,0,-39,0
2,-8,28,6,-32,0,-40,-1
2,-7,28,6,-31,0,-39,0
0,-7,26,6,-33,-2,-41,-2
0,-9,24,5,-34,-4,-43,-4
0,-10,23,5,-34,-4,-42,-3
-1,-11,20,4,-35,-6,-44,-5
-2,-11,18,4,-36,-8,-46,-6
-3,-10,16,3,-37,-10,-48,-8
-5,-9,16,4,-37,-11,-48,-8
-7,-10,13,3,-39,-14,-51,-10
-8,-9,12,2,-41,-15,-52,-12
-10,-8,11,3,-42,-16,-53,-12
-12,-7,11,3,-43,-16,-54,-13
-14,-7,7,2,-45,-20,-57,-16
-15,-7,5,2,-45,-21,-58,-17
-16,-7,3,1,-46,-23,-59,-18
-17,-8,0,0,-48,-26,-61,-20
-16,-10,0,0,-47,-27,-62,-20
-17,-9,0,1,-47,-26,-62,-20
-18,-8,1,1,-48,-26,-62,-20
-18,-8,0,0,-48,-27,-63,-21
-18,-8,1,0,-48,-27,-62,-20
-20,-7,1,1,-48,-26,-61,-20
-19,-8,0,1,-48,-26,-62,-21
-18,-8,0,1,-48,-26,-61,-20
-18,-8,0,1,-48,-26,-61,-20
-18,-8,0,1,-47,-26,-61,-20
-17,-9,0,0,-47,-27,-62,-20
-17,-9,0,1,-46,-26,-61,-20
-18,-8,0,1,-47,-26,-62,-20
-18,-8,0,0,-48,-26,-62,-21
-19,-8,1,1,-47,-26,-61,-20
-20,-7,1,1,-48,-26,-61,-20
-19,-7,0,0,-49,-27,-62,-21
-18,-8,0,1,-47,-26,-61,-20
-18,-8,0,1,-47,-26,-61,-20
-18,-8,0,1,-47,-26,-61,-20
-17,-9,0,0,-47,-27,-61,-20
-18,-9,0,1,-46,-26,-61,-19
-18,-8,0,1,-47,-26,-61,-20
-18,-8,0,0,-47,-26,-62,-21
-19,-8,0,1,-47,-26,-61,-20
-20,-7,1,2,-47,-25,-60,-20
-19,-7,0,1,-48,-26,-61,-21
-18,-8,0,1,-47,-26,-61,-20
-18,-8,0,1,-47,-26,-61,-20
-17,-9,0,1,-47,-26,-60,-20
-16,-10,0,0,-46,-26,-61,-20
-17,-9,0,1,-46,-26,-60,-19
-18,-8,0,0,-47,-26,-61,-20
-18,-8,0,0,-47,-26,-61,-20
-18,-8,0,1,-46,-26,-60,-20
-22,-7,3,1,-48,-28,-62,-22
-26,-9,10,2,-53,-36,-69,-27
-30,-13,17,4,-56,-43,-75,-32
-35,-15,24,6,-59,-50,-81,-36
-39,-16,29,7,-63,-55,-85,-40
-37,-10,24,4,-62,-51,-82,-38
-32,-1,13,2,-57,-40,-73,-31
-23,11,-4,-2,-48,-20,-57,-19
-5,36,-39,-12,-34,13,-30,1
17,61,-79,-23,-15,53,2,26
41,84,-121,-34,4,95,37,54
67,106,-164,-45,23,136,71,81
93,127,-206,-56,45,177,107,109
120,148,-248,-67,65,219,141,137
146,168,-290,-78,85,260,175,164
172,182,-330,-88,105,298,206,190
197,188,-362,-95,124,331,235,214
218,187,-388,-99,140,356,257,233
235,189,-409,-104,151,376,275,247
245,193,-423,-107,160,391,287,258
250,190,-427,-107,164,396,293,262
253,178,-425,-106,164,393,291,261
251,168,-416,-103,162,385,284,257
243,159,-401,-98,156,371,273,249
232,149,-383,-94,147,352,257,236
220,134,-361,-88,136,328,237,221
202,116,-329,-79,122,298,213,202
179,96,-291,-69,104,261,183,178
154,75,-251,-59,84,220,149,150
128,50,-206,-47,64,177,113,122
101,23,-159,-33,43,133,77,94
75,0,-116,-22,22,90,41,65
50,-18,-76,-12,3,51,8,39
25,-36,-35,-2,-16,10,-24,12
-1,-53,-4,1,-38,-30,-60,-15
-29,-77,3,1,-60,-77,-98,-46
-56,-92,4,1,-79,-116,-131,-72
-75,-82,5,1,-91,-131,-145,-86
-79,-65,4,1,-95,-128,-144,-87
-70,-54,5,2,-86,-111,-130,-76
-57,-40,5,2,-75,-86,-110,-60
-42,-28,4,1,-65,-64,-92,-46
-30,-20,4,1,-55,-46,-76,-33
-21,-12,5,2,-49,-32,-65,-24
-20,-10,5,2,-47,-29,-62,-21
-18,-11,3,1,-47,-30,-63,-22
-19,-11,4,1,-46,-29,-62,-21
-20,-10,4,2,-47,-29,-62,-22
-20,-9,4,1,-48,-29,-62,-23
-20,-10,5,1,-47,-29,-62,-22
-22,-8,6,2,-47,-28,-61,-22
-21,-8,5,1,-48,-29,-62,-23
-20,-10,4,1,-47,-29,-62,-22
-20,-9,5,2,-47,-28,-61,-22
-20,-9,5,2,-47,-29,-61,-22
-18,-11,3,1,-47,-30,-62,-22
-19,-11,4,2,-47,-29,-62,-21
-20,-10,4,2,-47,-29,-61,-21
-20,-9,4,1,-47,-29,-62,-22
-20,-9,4,1,-47,-29,-62,-22
-21,-8,5,2,-47,-28,-61,-22
-21,-8,5,2,-47,-28,-62,-22
-20,-9,4,2,-46,-28,-61,-22
-20,-10,5,2,-46,-28,-61,-21
-19,-10,4,2,-47,-28,-61,-21
-18,-11,3,1,-47,-29,-62,-22
-19,-10,4,2,-46,-29,-61,-21
-20,-10,4,1,-46,-29,-61,-22
-20,-10,4,1,-48,-29,-62,-22
-20,-9,4,2,-47,-29,-61,-22
-21,-9,5,2,-47,-28,-61,-22
-21,-9,5,2,-48,-29,-61,-22
-20,-9,4,1,-47,-29,-61,-22
-20,-9,4,2,-46,-28,-60,-21
-19,-9,4,2,-46,-28,-60,-21
-18,-11,3,1,-46,-29,-61,-21
-18,-10,4,1,-46,-29,-60,-21
-19,-10,4,1,-46,-28,-61,-22
-20,-10,4,1,-47,-29,-61,-22
-20,-9,4,1,-46,-29,-61,-22
-21,-8,5,2,-47,-28,-60,-22
-21,-8,4,2,-48,-28,-61,-22
-20,-9,4,1,-47,-29,-61,-21
-19,-9,5,2,-46,-27,-59,-21
-17,-8,8,2,-45,-25,-57,-19
-15,-8,8,2,-44,-24,-57,-18
-15,-8,9,3,-42,-23,-56,-17
-14,-6,12,4,-41,-20,-53,-16
-13,-6,13,3,-41,-19,-53,-16
-12,-8,14,4,-40,-18,-52,-14
-12,-7,16,4,-40,-17,-51,-14
-12,-7,15,4,-40,-18,-51,-14
-10,-8,16,4,-40,-17,-50,-13
-9,-7,18,5,-38,-14,-48,-11
-8,-7,19,5,-38,-13,-47,-10
-7,-8,18,5,-37,-14,-47,-10
-6,-9,19,5,-36,-13,-46,-9
-6,-9,21,5,-35,-11,-45,-9
-6,-8,22,5,-35,-11,-45,-9
-5,-5,24,6,-35,-9,-44,-8
-6,-5,26,7,-34,-8,-42,-7
-4,-6,26,6,-34,-7,-42,-7
-3,-7,25,6,-33,-7,-42,-6
-1,-7,27,7,-32,-4,-40,-4
0,-5,31,7,-30,-1,-37,-2
5,-5,35,8,-27,2,-33,0
7,-2,39,9,-25,7,-29,4
8,0,43,11,-24,9,-27,5
8,0,45,11,-23,11,-26,6
11,2,49,12,-21,15,-22,9
13,5,55,13,-19,20,-18,12
16,6,59,14,-17,24,-14,15
20,7,62,15,-14,28,-11,18
23,7,65,16,-12,32,-8,20
26,7,69,16,-10,35,-5,23
30,8,73,17,-7,39,-2,26
33,9,77,19,-4,44,2,29
35,12,82,20,-3,48,5,32
37,14,86,21,-2,52,8,34
40,13,89,22,0,55,11,36
41,15,93,23,2,59,14,39
43,15,95,23,2,60,15,40
45,15,97,23,4,63,17,42
47,15,98,24,5,64,19,43
49,13,99,23,6,66,21,44
50,12,98,23,7,65,20,45
51,12,100,23,8,66,21,46
51,15,103,24,8,68,23,47
52,15,103,24,8,69,23,47
52,15,104,24,9,69,24,47
50,16,104,24,8,69,24,47
48,14,101,24,6,66,21,45
48,13,99,23,6,65,20,44
48,10,97,22,6,63,19,44
47,10,95,22,5,61,17,42
47,7,91,21,4,58,14,40
45,6,90,20,3,56,13,39
42,6,88,20,3,54,12,37
31,-2,69,15,-7,36,-3,25
29,-4,65,14,-9,32,-6,23
28,-8,60,12,-10,27,-10,20
26,-12,56,12,-11,24,-12,19
22,-13,53,11,-13,20,-16,15
19,-13,49,9,-16,16,-19,12
17,-10,48,10,-17,15,-21,11
13,-8,45,10,-20,12,-23,9
11,-9,42,9,-22,9,-26,6
11,-11,40,8,-22,7,-27,5
9,-12,38,8,-23,5,-29,4
8,-11,36,7,-24,4,-30,3
7,-11,32,6,-26,1,-33,0
5,-12,30,6,-26,0,-34,0
3,-11,30,7,-27,-1,-35,0
1,-11,27,5,-29,-4,-37,-3
0,-11,25,5,-30,-6,-39,-5
-3,-9,25,6,-31,-6,-39,-5
-4,-8,24,5,-33,-7,-41,-7
-4,-10,21,5,-33,-10,-43,-8
-5,-10,19,4,-34,-12,-44,-9
-6,-10,18,4,-35,-13,-45,-9
-5,-13,15,3,-35,-15,-47,-10
-7,-13,14,3,-35,-16,-48,-11
-9,-11,14,3,-37,-17,-48,-12
-11,-10,11,2,-39,-19,-51,-15
-14,-10,9,2,-41,-22,-54,-17
-16,-9,8,3,-42,-23,-54,-17
-18,-7,7,2,-44,-24,-56,-19
-18,-7,5,2,-44,-25,-56,-19
-17,-7,6,3,-43,-25,-55,-19
-18,-7,5,2,-43,-25,-55,-19
-18,-10,1,0,-44,-28,-59,-21
-19,-11,1,0,-44,-29,-59,-22
-20,-9,1,1,-45,-29,-59,-21
-20,-9,1,1,-45,-29,-60,-22
-20,-9,2,1,-45,-29,-60,-23
-21,-9,2,1,-45,-29,-59,-22
-21,-8,2,1,-46,-29,-59,-22
-21,-9,1,1,-46,-29,-59,-22
-20,-9,2,1,-45,-29,-59,-21
-20,-9,2,1,-45,-29,-59,-21
-19,-10,0,0,-45,-29,-60,-22
-19,-10,1,0,-44,-29,-59,-21
-20,-9,2,1,-44,-29,-58,-21
-20,-9,1,0,-45,-29,-59,-22
-20,-9,2,0,-45,-29,-59,-22
-21,-8,3,1,-44,-28,-58,-21
-21,-8,3,1,-45,-29,-59,-22
-20,-9,1,1,-45,-29,-59,-22
-20,-9,1,1,-45,-29,-59,-21
-20,-9,2,1,-44,-28,-58,-21
-19,-10,0,0,-44,-29,-59,-22
-19,-10,1,0,-43,-29,-58,-21
-20,-9,2,1,-44,-29,-58,-21
-20,-9,1,1,-45,-29,-59,-22
-20,-9,1,1,-45,-29,-59,-22
-21,-9,2,1,-45,-29,-58,-22
-21,-8,2,1,-45,-29,-59,-22
-20,-9,1,1,-45,-29,-59,-22
-20,-9,1,1,-44,-28,-58,-21
-20,-9,1,1,-44,-28,-58,-21
-19,-10,0,1,-44,-29,-59,-21
-18,-10,0,0,-44,-29,-58,-21
-20,-9,2,1,-44,-28,-58,-21
-20,-9,1,1,-44,-29,-58,-22
-20,-9,1,1,-44,-29,-58,-22
-21,-8,2,1,-44,-28,-58,-21
-21,-8,2,1,-45,-29,-58,-22
-20,-9,1,1,-44,-29,-58,-22
-20,-9,1,1,-44,-28,-58,-21
-19,-9,1,1,-44,-28,-57,-21
-19,-9,1,1,-44,-29,-58,-21
-18,-11,1,1,-43,-28,-58,-21
-19,-9,2,1,-43,-28,-57,-21
-20,-9,1,1,-45,-29,-58,-21
-20,-8,1,1,-44,-29,-58,-22
-21,-8,2,1,-44,-28,-58,-21
-21,-8,2,1,-45,-28,-58,-22
-20,-9,1,0,-45,-29,-58,-22
-20,-9,2,1,-44,-28,-57,-21
-20,-9,2,1,-43,-28,-57,-21
-19,-10,1,0,-43,-28,-58,-22
-18,-10,1,0,-43,-28,-57,-21
-19,-9,2,1,-43,-28,-57,-21
-20,-9,2,1,-44,-28,-58,-21
-19,-9,1,1,-44,-28,-58,-22
-21,-8,2,1,-44,-28,-57,-21
-21,-7,2,1,-45,-28,-58,-22
-20,-9,1,0,-44,-28,-57,-22
-19,-9,1,0,-44,-28,-57,-21
-19,-9,1,0,-44,-28,-57,-21
-19,-10,1,0,-44,-29,-57,-21
-18,-10,1,0,-43,-28,-57,-21
-19,-10,1,1,-42,-27,-57,-21
-20,-9,1,0,-44,-28,-58,-22
-20,-9,1,1,-44,-28,-57,-21
-21,-8,2,1,-44,-28,-57,-21
-21,-8,2,1,-44,-27,-57,-22
-20,-9,1,1,-44,-28,-57,-22
-19,-9,2,1,-43,-28,-57,-21
-19,-9,1,1,-43,-27,-57,-21
-18,-10,0,0,-43,-28,-57,-21
-18,-10,0,0,-42,-28,-57,-21
-19,-9,1,1,-42,-28,-56,-21
-19,-9,1,0,-43,-28,-57,-21
-20,-9,1,1,-43,-28,-57,-21
-20,-8,2,1,-43,-28,-57,-21
-21,-8,3,1,-44,-28,-57,-21
-20,-8,1,0,-44,-28,-57,-21
-19,-9,2,1,-43,-27,-56,-21
-19,-9,2,1,-43,-27,-56,-20
-18,-10,1,0,-43,-28,-57,-21
-18,-10,1,0,-43,-28,-57,-20
-19,-9,2,1,-42,-27,-56,-20
-19,-9,2,1,-43,-28,-57,-21
-19,-9,1,1,-43,-28,-57,-21
-20,-8,2,1,-43,-27,-56,-21
-21,-8,2,1,-44,-27,-56,-21
-20,-9,1,1,-43,-28,-56,-21
-19,-9,1,1,-42,-27,-56,-20
-19,-9,1,1,-42,-27,-56,-20
-18,-9,0,0,-42,-28,-56,-20
-17,-10,0,0,-42,-28,-56,-20
-19,-9,2,1,-42,-27,-56,-21
-19,-9,1,0,-43,-28,-57,-21
-19,-9,1,1,-43,-28,-57,-21
-20,-8,2,1,-43,-27,-56,-21
-21,-8,2,1,-43,-27,-56,-21
-20,-8,1,1,-43,-28,-56,-22
-19,-8,1,1,-42,-27,-56,-20
-19,-9,2,1,-42,-27,-55,-20
-18,-9,1,0,-42,-28,-56,-21
-18,-10,0,0,-42,-28,-56,-20
-19,-9,1,1,-42,-27,-55,-20
-19,-8,1,1,-42,-27,-56,-21
-19,-9,1,0,-42,-27,-56,-21
-20,-8,2,1,-42,-27,-56,-20
-20,-7,2,1,-44,-27,-56,-21
-19,-8,1,1,-43,-28,-56,-21
-19,-9,1,1,-42,-27,-55,-20
-19,-9,1,1,-42,-27,-55,-20
-18,-10,0,1,-42,-28,-55,-21
-18,-10,0,0,-41,-28,-55,-20
-19,-9,1,1,-41,-27,-55,-20
-19,-9,1,0,-42,-28,-56,-21
-19,-9,1,0,-42,-28,-56,-21
-20,-8,2,1,-42,-27,-55,-20
-20,-8,2,1,-43,-27,-55,-21
-19,-8,1,1,-42,-27,-55,-21
-19,-9,1,1,-42,-27,-55,-20
-18,-9,2,1,-42,-27,-54,-20
-18,-9,1,0,-42,-27,-55,-21
-17,-10,0,0,-41,-28,-55,-20
-18,-9,1,1,-41,-27,-55,-20
-19,-9,1,0,-42,-27,-55,-21
-19,-9,1,1,-42,-27,-55,-21
-19,-8,2,1,-42,-27,-55,-21
-20,-7,2,1,-42,-26,-55,-21
-20,-8,1,1,-42,-27,-55,-20
-19,-9,1,1,-41,-27,-54,-20
-19,-9,1,1,-41,-26,-54,-20
-18,-9,0,0,-42,-27,-55,-20
-17,-10,1,0,-41,-27,-55,-20
-18,-8,1,1,-41,-26,-54,-19
-19,-8,1,0,-42,-27,-55,-20
-19,-9,1,1,-42,-27,-55,-21
-19,-8,2,1,-42,-27,-55,-20
-20,-8,2,1,-42,-26,-55,-20
-19,-8,2,1,-42,-27,-55,-20
-18,-8,1,1,-41,-27,-54,-20
-18,-9,1,1,-41,-27,-54,-20
-18,-9,1,0,-41,-27,-54,-20
-17,-10,0,0,-41,-27,-54,-20
-18,-9,1,0,-41,-27,-54,-20
-18,-9,1,0,-42,-27,-55,-20
-19,-9,1,0,-41,-27,-55,-20
-20,-8,2,1,-41,-26,-54,-20
-20,-7,2,1,-42,-26,-54,-20
-19,-8,1,0,-42,-27,-54,-20
-18,-8,1,0,-41,-27,-54,-20
-18,-8,2,1,-41,-26,-53,-19
-17,-8,2,1,-40,-25,-52,-19
-13,-7,6,1,-37,-21,-49,-16
-13,-5,10,3,-36,-18,-46,-14
-12,-4,12,3,-36,-16,-45,-13
-9,-4,15,4,-34,-13,-42,-11
-6,-5,19,4,-31,-9,-39,-8
-4,-5,23,6,-29,-6,-36,-5
-1,-5,24,6,-28,-4,-34,-4
1,-6,27,6,-25,-1,-31,-1
2,-7,29,6,-24,0,-30,0
4,-5,30,7,-24,2,-29,0
5,-4,30,7,-23,2,-28,1
5,-5,32,7,-21,4,-27,2
5,-5,33,7,-22,4,-27,2
5,-5,33,7,-22,4,-27,2
5,-5,33,8,-22,4,-26,2
4,-4,34,8,-23,5,-26,2
5,-5,33,7,-22,3,-27,2
6,-8,31,7,-22,2,-27,2
6,-10,31,7,-22,2,-27,2
6,-11,30,6,-22,2,-28,1
7,-11,29,6,-22,1,-28,1
4,-9,29,6,-23,1,-29,1
3,-8,28,6,-24,0,-30,0
3,-7,28,6,-24,0,-30,0
2,-7,28,6,-24,0,-31,0
0,-7,26,6,-26,-2,-32,-2
0,-8,24,5,-27,-3,-33,-3
0,-9,24,5,-26,-4,-33,-3
-1,-10,21,5,-27,-6,-36,-4
-2,-11,19,4,-29,-9,-37,-6
-2,-10,16,3,-30,-10,-39,-7
-5,-9,17,4,-30,-10,-39,-7
-7,-10,14,3,-32,-13,-42,-10
-8,-9,12,2,-33,-15,-43,-11
-11,-7,11,3,-34,-16,-44,-13
-13,-6,11,3,-35,-17,-45,-13
-14,-8,7,1,-37,-20,-48,-16
-15,-7,5,1,-38,-22,-49,-17
-16,-7,4,2,-38,-23,-50,-17
-17,-9,1,1,-40,-26,-52,-19
-16,-10,0,0,-40,-27,-53,-20
-17,-9,0,1,-39,-26,-53,-19
-18,-8,0,1,-41,-27,-54,-20
-18,-8,1,1,-40,-27,-53,-20
-19,-8,1,1,-40,-26,-53,-20
-20,-7,2,2,-41,-26,-53,-20
-19,-8,1,1,-41,-26,-53,-20
-18,-8,1,1,-40,-26,-53,-19
-18,-8,1,1,-40,-25,-52,-19
-18,-9,0,1,-40,-26,-52,-20
-17,-9,0,0,-39,-26,-53,-20
-17,-9,0,1,-39,-26,-52,-19
-18,-8,0,0,-40,-26,-53,-20
-18,-8,0,0,-40,-26,-53,-20
-19,-8,1,0,-40,-26,-53,-20
-20,-7,2,1,-41,-26,-52,-20
-19,-7,1,1,-41,-26,-53,-20
-18,-8,1,1,-40,-26,-52,-19
-18,-8,1,1,-40,-26,-52,-19
-18,-9,0,1,-40,-26,-52,-19
-17,-10,0,0,-39,-26,-53,-19
-17,-8,0,1,-38,-26,-52,-19
-18,-8,1,0,-40,-26,-52,-20
-18,-8,1,0,-40,-26,-53,-20
-19,-8,1,1,-40,-26,-52,-20
-20,-7,2,1,-40,-26,-52,-20
-19,-8,1,0,-40,-26,-52,-20
-18,-8,0,1,-40,-26,-52,-20
-18,-8,1,1,-39,-26,-52,-19
-17,-8,0,0,-39,-26,-52,-19
-16,-10,0,0,-39,-27,-53,-19
-17,-9,0,0,-39,-26,-52,-19
-18,-8,1,0,-39,-26,-52,-20
-18,-8,1,0,-39,-26,-52,-20
-19,-8,1,0,-39,-26,-52,-20
-21,-7,3,1,-41,-28,-53,-21
-26,-9,10,2,-46,-36,-60,-27
-29,-14,17,5,-48,-43,-66,-31
-35,-16,25,6,-52,-50,-71,-36
-39,-16,30,7,-55,-55,-76,-40
-37,-10,25,5,-54,-51,-74,-38
-32,-1,15,2,-49,-40,-64,-30
-23,11,-3,-2,-41,-21,-49,-19
-6,36,-38,-12,-27,11,-22,0
16,61,-78,-23,-8,52,10,26
40,84,-119,-33,11,94,45,54
67,105,-162,-45,30,135,79,81
93,126,-205,-56,51,176,114,109
119,148,-247,-67,72,218,149,137
145,168,-289,-78,92,259,182,164
172,182,-328,-88,112,297,214,190
197,188,-360,-94,131,330,243,214
218,188,-386,-99,146,355,265,233
234,190,-407,-104,158,376,283,247
245,194,-422,-107,166,391,295,258
250,190,-426,-107,170,396,300,262
254,178,-424,-106,171,393,298,261
251,168,-416,-103,169,384,292,258
243,159,-401,-99,163,371,282,249
232,149,-383,-94,154,352,266,237
220,135,-361,-88,143,328,246,221
202,118,-329,-79,130,298,222,202
180,97,-292,-69,112,262,192,178
155,75,-251,-59,92,221,158,151
129,51,-207,-47,72,178,122,123
102,24,-160,-34,51,134,86,95
77,0,-117,-23,30,91,50,66
52,-17,-77,-13,11,51,18,40
26,-36,-36,-2,-8,11,-15,13
-1,-53,-4,1,-30,-29,-51,-14
-28,-77,3,1,-52,-76,-89,-45
-55,-92,5,2,-71,-115,-121,-71
-74,-82,5,1,-85,-131,-137,-86
-79,-65,4,1,-87,-128,-136,-86
-70,-54,5,2,-80,-112,-122,-76
-57,-40,6,2,-69,-87,-102,-60
-43,-29,5,2,-59,-65,-84,-46
-30,-20,5,1,-49,-47,-68,-33
-22,-12,5,2,-42,-32,-56,-23
-19,-10,5,2,-40,-29,-53,-21
-18,-11,4,1,-40,-29,-54,-21
-19,-10,5,2,-39,-29,-53,-21
-20,-9,5,2,-40,-29,-53,-21
-20,-10,5,1,-40,-29,-54,-22
-20,-9,5,2,-40,-29,-54,-22
-21,-8,6,2,-41,-29,-53,-22
-21,-9,5,1,-41,-29,-54,-22
-20,-9,5,2,-40,-29,-53,-21
-20,-10,5,2,-40,-28,-53,-21
-20,-10,4,2,-40,-29,-53,-21
-18,-11,3,1,-40,-29,-54,-21
-19,-10,5,2,-39,-29,-53,-21
-20,-9,5,2,-40,-29,-54,-22
-20,-10,5,1,-40,-29,-54,-22
-20,-9,5,2,-40,-29,-54,-22
-21,-8,6,2,-40,-29,-53,-21
-21,-9,5,1,-41,-29,-53,-22
-20,-10,5,1,-40,-29,-53,-21
-20,-9,5,2,-39,-28,-53,-21
-19,-9,5,2,-40,-28,-53,-21
-18,-11,4,1,-39,-29,-53,-21
-19,-10,5,1,-39,-29,-53,-21
-20,-9,5,1,-40,-29,-53,-22
-20,-9,5,1,-40,-29,-54,-22
-20,-9,5,2,-40,-29,-53,-21
-21,-8,6,2,-40,-28,-52,-21
-21,-9,5,2,-41,-29,-53,-22
-19,-10,5,1,-40,-29,-53,-21
-20,-10,5,2,-39,-28,-52,-20
-20,-10,5,2,-39,-28,-53,-21
-18,-10,4,1,-39,-29,-53,-21
-18,-10,4,2,-39,-28,-53,-20
-19,-9,5,1,-39,-28,-53,-21
-20,-9,4,1,-40,-29,-53,-22
-20,-9,5,1,-40,-29,-53,-21
-21,-8,6,2,-40,-28,-53,-21
-21,-8,5,2,-40,-29,-53,-21
-19,-10,5,1,-39,-28,-53,-21
-19,-10,6,2,-38,-27,-51,-20
-17,-8,8,3,-37,-25,-49,-18
-16,-9,8,2,-37,-25,-49,-18
-16,-8,9,2,-35,-23,-47,-17
-15,-6,12,3,-35,-21,-46,-16
-13,-6,13,3,-35,-20,-45,-15
-12,-8,15,4,-33,-18,-44,-13
-13,-7,16,4,-33,-17,-42,-13
-12,-7,15,4,-34,-18,-43,-14
-11,-8,16,4,-33,-17,-42,-13
-9,-6,19,5,-31,-14,-39,-10
-8,-6,19,5,-31,-14,-40,-10
-7,-8,18,4,-30,-14,-40,-10
-6,-8,20,5,-29,-12,-39,-9
-6,-9,21,5,-29,-11,-37,-9
-6,-7,22,5,-29,-11,-37,-9
-6,-5,24,5,-28,-9,-36,-8
-6,-5,26,6,-28,-8,-34,-7
-4,-7,26,6,-28,-7,-34,-6
-2,-7,26,6,-26,-7,-33,-5
-1,-7,28,7,-25,-5,-32,-4
1,-5,32,7,-23,-1,-29,-1
4,-4,35,8,-21,1,-25,1
7,-2,40,9,-18,7,-21,4
7,0,43,10,-18,9,-20,5
9,0,45,10,-17,11,-18,6
11,2,50,12,-15,15,-14,9
13,5,55,14,-13,20,-10,12
16,7,59,14,-10,24,-7,15
20,7,62,15,-8,28,-3,18
23,7,66,16,-5,32,0,21
26,6,69,17,-3,35,2,23
30,7,73,17,-1,39,5,26
32,10,78,18,1,44,9,29
34,12,82,19,2,48,13,32
37,14,87,21,4,52,16,35
40,14,90,22,6,55,19,37
41,15,94,23,8,58,22,39
43,15,95,22,8,60,23,40
46,15,97,23,10,62,25,42
47,15,99,24,13,64,27,44
48,14,99,23,13,65,28,45
50,12,99,22,13,65,28,45
51,13,100,23,14,66,29,46
51,14,103,24,15,68,31,47
52,15,104,24,15,69,31,47
52,15,104,24,15,69,31,47
50,15,105,24,14,69,32,47
48,14,101,24,13,66,29,45
49,12,99,23,13,65,28,44
48,10,98,23,13,63,27,44
47,9,95,22,12,61,25,43
47,7,92,21,11,58,23,41
45,7,91,21,11,57,22,40
43,6,88,20,9,54,19,38
40,6,85,19,6,51,17,35
39,3,83,18,5,48,14,33
36,3,80,18,3,46,12,31
32,3,76,17,0,42,9,28
32,0,72,16,0,38,6,27
31,-2,70,15,0,36,4,26
29,-5,65,14,-2,32,1,23
28,-9,60,12,-3,27,-2,20
26,-11,57,11,-4,24,-4,19
22,-13,54,11,-7,20,-8,15
19,-13,50,10,-9,16,-11,12
16,-10,48,9,-11,14,-13,10
12,-8,46,10,-13,12,-15,9
11,-9,43,9,-15,9,-18,7
11,-11,40,8,-16,7,-19,6
9,-12,38,8,-16,5,-21,5
8,-11,37,8,-18,4,-22,3
6,-11,33,6,-20,1,-25,1
5,-12,31,7,-20,0,-26,1
2,-10,30,7,-21,-1,-27,0
1,-11,28,6,-23,-4,-30,-3
-1,-11,26,5,-24,-6,-32,-4
-3,-9,26,6,-25,-6,-32,-5
-4,-8,24,6,-26,-8,-33,-6
-4,-10,21,4,-27,-10,-35,-8
-5,-11,19,4,-27,-12,-36,-8
-6,-10,18,4,-29,-13,-37,-9
-6,-13,16,3,-29,-15,-39,-10
-7,-13,14,3,-29,-16,-40,-11
-10,-11,14,3,-31,-17,-41,-12
-11,-10,12,3,-32,-19,-43,-14
-14,-10,9,2,-34,-22,-45,-16
-17,-9,9,2,-35,-23,-46,-17
-18,-7,7,2,-37,-24,-48,-19
-18,-7,6,2,-37,-25,-48,-19
-18,-7,6,2,-36,-24,-48,-18
-18,-7,6,2,-36,-25,-48,-18
-18,-10,2,0,-38,-28,-51,-21
-19,-10,1,1,-37,-29,-52,-21
-20,-9,2,1,-38,-29,-51,-21
-20,-9,2,1,-39,-29,-52,-22
-20,-9,2,1,-39,-29,-52,-22
-22,-8,3,2,-39,-29,-51,-21
-22,-8,3,1,-39,-29,-51,-22
-20,-9,2,1,-39,-29,-52,-22
-20,-9,2,1,-38,-29,-51,-21
-20,-10,2,1,-38,-29,-51,-21
-19,-11,1,1,-38,-29,-52,-21
-19,-10,1,1,-37,-29,-51,-21
-20,-9,1,1,-38,-29,-52,-22
-20,-9,2,0,-39,-29,-52,-22
-20,-9,2,1,-38,-29,-52,-22
-22,-8,3,2,-38,-28,-51,-21
-22,-8,2,1,-39,-29,-51,-22
-20,-9,2,1,-39,-29,-51,-22
-20,-9,2,1,-38,-28,-51,-21
-20,-9,2,1,-38,-29,-51,-21
-19,-10,1,0,-38,-29,-52,-22
-19,-10,1,0,-37,-29,-51,-21
-20,-9,2,1,-38,-29,-51,-21
-20,-9,2,1,-38,-29,-51,-22
-20,-9,2,1,-38,-29,-51,-22
-21,-8,3,1,-38,-28,-51,-21
-22,-8,3,1,-39,-28,-51,-22
-21,-9,2,1,-38,-29,-51,-22
-20,-9,2,1,-38,-28,-50,-21
-19,-9,2,1,-38,-28,-50,-21
-18,-10,1,0,-38,-29,-51,-21
-18,-10,1,0,-37,-28,-50,-21
-19,-10,2,1,-37,-29,-50,-21
-20,-9,2,1,-38,-29,-51,-22
-20,-9,2,1,-38,-29,-51,-22
-21,-8,3,1,-38,-28,-50,-21
-21,-8,3,1,-38,-28,-50,-22
-20,-9,2,0,-38,-29,-51,-22
-20,-9,2,1,-38,-28,-50,-21
-20,-9,2,1,-38,-28,-50,-21
-19,-10,0,0,-38,-29,-51,-21
-19,-10,1,1,-37,-29,-51,-21
-20,-9,1,1,-38,-29,-51,-21
-20,-9,1,1,-38,-29,-51,-22
-20,-9,1,0,-38,-29,-51,-22
-21,-8,3,1,-38,-28,-50,-21
-21,-8,2,1,-39,-28,-50,-22
-20,-9,2,1,-38,-28,-50,-21
-20,-9,2,1,-37,-28,-49,-20
-19,-9,2,1,-37,-28,-50,-21
-19,-10,1,0,-37,-29,-51,-21
-19,-10,1,1,-36,-28,-50,-20
-19,-9,2,1,-37,-28,-50,-21
-20,-9,1,0,-38,-28,-51,-21
-20,-9,1,0,-38,-29,-51,-21
-21,-8,2,1,-38,-28,-50,-21
-21,-8,2,1,-38,-28,-50,-21
-20,-9,2,1,-38,-29,-51,-21
-19,-9,2,1,-37,-28,-50,-20
-19,-9,2,1,-37,-28,-50,-20
-18,-10,1,0,-37,-28,-50,-21
-18,-10,1,0,-36,-28,-49,-20
-19,-9,1,0,-37,-28,-50,-21
-20,-9,1,0,-38,-28,-50,-21
-20,-9,1,0,-37,-29,-50,-21
-21,-8,3,1,-37,-28,-49,-21
-21,-8,2,1,-38,-28,-50,-21
-20,-9,2,0,-38,-28,-50,-21
-20,-9,2,1,-37,-27,-49,-20
-20,-9,2,1,-37,-27,-49,-20
-19,-10,1,0,-37,-28,-50,-21
-18,-10,1,0,-36,-28,-49,-20
-19,-9,2,1,-37,-28,-50,-20
-20,-9,1,0,-37,-28,-50,-21
-20,-8,1,1,-37,-28,-50,-21
-20,-8,2,1,-37,-28,-49,-21
-21,-8,2,1,-38,-28,-49,-21
-19,-9,2,1,-36,-28,-49,-20
-19,-9,2,0,-37,-28,-49,-21
-19,-9,2,1,-37,-28,-49,-21
-20,-8,2,1,-37,-27,-49,-20
-21,-7,3,1,-37,-28,-49,-21
-20,-9,1,0,-37,-28,-49,-21
-19,-9,2,1,-36,-27,-49,-20
-19,-9,2,1,-37,-28,-48,-20
-18,-10,1,0,-36,-28,-49,-20
-18,-10,1,0,-36,-28,-49,-20
-19,-9,2,1,-37,-28,-48,-20
-19,-9,2,0,-37,-28,-49,-21
-20,-8,1,0,-37,-28,-49,-21
-20,-8,2,1,-37,-27,-48,-21
-21,-7,3,1,-37,-27,-49,-21
-19,-9,2,1,-37,-27,-48,-20
-19,-9,2,1,-36,-27,-48,-20
-19,-9,2,1,-36,-27,-48,-20
-18,-10,1,0,-36,-28,-49,-20
-17,-10,1,0,-35,-27,-49,-20
-19,-9,2,1,-36,-27,-48,-20
-19,-8,2,1,-37,-28,-49,-21
-19,-8,2,0,-37,-28,-49,-21
-20,-8,3,1,-37,-27,-48,-20
-21,-7,3,1,-37,-27,-49,-20
-20,-8,2,1,-37,-28,-49,-20
-19,-9,2,1,-36,-27,-48,-20
-19,-8,1,1,-36,-27,-48,-20
-18,-9,1,0,-36,-28,-48,-20
-18,-10,1,0,-34,-27,-48,-19
-19,-9,1,1,-35,-27,-48,-20
-19,-9,1,0,-36,-28,-48,-20
-19,-9,1,0,-36,-28,-49,-20
-19,-8,3,1,-36,-27,-48,-20
-20,-8,3,1,-37,-27,-48,-20
-19,-9,2,0,-37,-27,-48,-20
-19,-8,2,1,-36,-27,-48,-19
-18,-8,2,1,-36,-27,-48,-19
-18,-9,1,0,-36,-27,-48,-20
-17,-10,1,0,-35,-27,-48,-19
-18,-9,2,1,-35,-26,-48,-20
-19,-9,2,0,-36,-27,-48,-20
-19,-8,1,0,-36,-27,-48,-21
-20,-8,2,1,-36,-27,-47,-20
-20,-8,2,1,-37,-27,-47,-20
-19,-8,2,0,-36,-27,-48,-20
-18,-9,2,1,-35,-27,-47,-19
-19,-8,2,0,-36,-27,-47,-19
-18,-9,1,0,-36,-28,-48,-19
-17,-10,1,0,-34,-27,-47,-19
-18,-9,2,1,-35,-27,-47,-19
-19,-8,2,0,-35,-27,-47,-20
-19,-8,2,0,-35,-27,-48,-20
-20,-8,3,1,-36,-26,-47,-20
-20,-7,3,2,-36,-26,-47,-20
-19,-8,2,0,-36,-27,-48,-20
-18,-8,2,1,-35,-27,-47,-20
-18,-8,2,1,-35,-26,-47,-19
-17,-9,1,0,-35,-27,-48,-20
-17,-10,1,0,-34,-27,-47,-19
-18,-9,2,1,-35,-26,-47,-19
-19,-8,1,0,-35,-26,-47,-20
-18,-8,1,0,-35,-27,-47,-20
-19,-7,2,1,-36,-26,-47,-20
-20,-7,2,1,-36,-26,-47,-20
-19,-8,2,0,-36,-27,-48,-20
-18,-9,2,1,-35,-26,-47,-19
-18,-9,2,1,-35,-26,-46,-19
-16,-8,3,1,-34,-25,-46,-19
-13,-7,6,1,-32,-21,-42,-16
-12,-5,10,2,-30,-18,-39,-14
-12,-4,12,3,-30,-16,-39,-13
-9,-4,15,4,-28,-13,-36,-11
-6,-5,19,5,-25,-10,-32,-7
-4,-5,23,6,-23,-5,-29,-5
-1,-5,25,5,-22,-4,-27,-3
1,-6,28,6,-19,0,-24,0
2,-7,29,6,-18,0,-22,0
4,-6,30,6,-18,1,-22,0
5,-4,31,7,-17,2,-21,1
5,-5,33,7,-16,3,-20,2
6,-6,33,7,-16,4,-19,2
5,-5,33,7,-16,4,-20,2
5,-5,34,7,-16,4,-19,3
4,-4,34,7,-17,4,-19,2
5,-6,33,7,-17,3,-20,2
6,-8,32,7,-16,3,-20,3
6,-10,31,7,-16,2,-20,2
6,-11,30,6,-16,1,-21,2
7,-11,30,6,-16,1,-21,2
5,-9,30,6,-17,1,-22,1
3,-7,29,6,-18,0,-23,0
2,-7,29,6,-18,0,-23,0
1,-7,29,6,-18,0,-23,0
0,-7,27,6,-20,-2,-25,-2
0,-9,25,5,-21,-4,-27,-3
0,-9,24,5,-20,-4,-27,-2
-1,-10,21,4,-21,-6,-29,-4
-2,-11,19,4,-23,-8,-30,-6
-3,-10,17,3,-23,-9,-32,-6
-5,-9,17,3,-24,-11,-32,-7
-7,-10,14,3,-26,-14,-35,-10
-8,-9,13,3,-27,-15,-36,-11
-10,-7,12,3,-28,-16,-37,-12
-12,-7,11,3,-29,-17,-38,-13
-13,-8,8,2,-31,-20,-41,-15
-15,-7,6,1,-32,-21,-42,-16
-16,-7,4,2,-33,-23,-43,-17
-17,-8,1,1,-34,-26,-46,-19
-17,-9,0,0,-34,-27,-46,-19
-18,-8,1,0,-34,-26,-46,-19
-18,-8,1,1,-35,-26,-46,-20
-19,-8,1,0,-35,-26,-47,-20
-19,-8,2,1,-34,-26,-46,-19
-20,-7,2,1,-35,-26,-46,-20
-19,-8,1,0,-35,-27,-46,-20
-18,-8,2,1,-34,-26,-46,-19
-18,-8,1,1,-34,-26,-45,-19
-17,-9,1,0,-34,-27,-46,-20
-17,-10,0,0,-34,-27,-46,-19
-17,-9,1,1,-33,-26,-46,-19
-18,-8,1,0,-34,-26,-46,-20
-19,-8,1,0,-35,-27,-46,-20
-19,-8,1,1,-35,-26,-46,-20
-20,-7,2,1,-35,-26,-46,-19
-19,-8,1,1,-35,-26,-46,-20
-18,-8,1,1,-34,-25,-45,-19
-18,-8,1,1,-34,-26,-45,-19
-18,-9,1,0,-34,-26,-46,-19
-17,-9,0,0,-33,-26,-45,-19
-18,-8,1,0,-33,-26,-46,-19
-18,-8,1,0,-34,-26,-46,-20
-19,-8,1,0,-34,-26,-46,-20
-19,-7,1,1,-34,-26,-46,-20
-20,-7,2,1,-35,-26,-46,-20
-19,-7,1,0,-35,-26,-46,-20
-18,-8,1,0,-34,-26,-45,-19
-18,-8,1,1,-34,-25,-45,-18
-18,-8,1,0,-34,-26,-46,-19
-17,-9,0,0,-33,-26,-46,-19
-17,-8,1,1,-33,-26,-45,-18
-18,-8,1,0,-33,-26,-46,-19
-18,-8,1,0,-34,-26,-46,-20
-19,-8,2,1,-34,-26,-45,-19
-21,-7,4,1,-35,-27,-47,-21
-26,-9,11,2,-40,-35,-54,-26
-30,-13,18,5,-42,-43,-59,-30
-35,-15,25,6,-46,-49,-65,-35
-38,-16,30,7,-50,-55,-70,-39
-38,-10,25,5,-48,-51,-67,-37
-33,-1,16,2,-44,-40,-58,-30
-23,10,-2,-2,-36,-22,-43,-19
-6,35,-36,-12,-21,11,-17,0
15,60,-76,-22,-3,51,16,26
39,83,-117,-33,16,92,51,53
66,104,-160,-45,36,133,85,80
92,125,-203,-55,57,175,120,109
118,147,-245,-66,77,217,155,137
144,167,-288,-78,96,257,188,163
171,181,-327,-88,117,295,220,189
196,188,-359,-94,136,329,249,213
217,187,-386,-99,151,355,271,232
234,189,-407,-104,164,375,289,247
244,194,-421,-107,172,390,302,258
250,191,-426,-107,176,396,307,263
254,179,-424,-106,177,393,305,262
252,169,-416,-103,175,385,300,259
244,160,-402,-98,169,371,288,250
233,150,-384,-94,160,352,272,238
220,135,-361,-88,150,330,254,223
202,118,-330,-79,136,300,230,204
180,97,-293,-70,118,263,199,179
156,77,-253,-60,98,223,166,153
130,52,-208,-48,78,180,130,125
102,25,-161,-34,57,135,94,96
77,1,-118,-23,37,92,58,67
52,-17,-78,-13,18,53,25,41
27,-35,-37,-3,-2,13,-8,14
0,-52,-4,1,-24,-28,-43,-13
-27,-75,4,1,-45,-74,-81,-43
-55,-92,5,1,-66,-114,-114,-70
-73,-83,5,1,-79,-131,-130,-85
-79,-65,5,1,-82,-128,-129,-86
-71,-54,6,2,-75,-112,-116,-76
-58,-40,7,2,-64,-88,-96,-61
-43,-29,5,1,-54,-66,-78,-46
-30,-21,5,2,-43,-47,-62,-33
-22,-12,5,2,-36,-33,-50,-23
-19,-10,5,2,-35,-29,-47,-21
-18,-11,4,1,-34,-30,-48,-21
-19,-10,5,2,-34,-29,-47,-20
-20,-10,6,1,-34,-29,-47,-21
-20,-9,5,1,-35,-29,-47,-21
-20,-9,5,1,-35,-29,-47,-21
-21,-8,6,2,-35,-28,-47,-21
-20,-9,5,2,-35,-29,-47,-22
-20,-9,5,2,-34,-29,-47,-21
-20,-10,5,2,-34,-28,-47,-21
-19,-10,5,1,-35,-29,-47,-21
-18,-11,4,1,-34,-29,-47,-21
-19,-10,5,2,-34,-29,-46,-20
-20,-9,5,1,-35,-29,-47,-21
-20,-9,5,1,-35,-29,-48,-22
-20,-9,5,1,-35,-29,-47,-21
-21,-8,6,2,-34,-28,-47,-21
-20,-9,5,2,-35,-29,-47,-22
-19,-10,6,2,-34,-28,-46,-21
-19,-10,5,2,-34,-28,-46,-21
-19,-10,5,1,-34,-28,-47,-21
-18,-11,4,1,-34,-29,-47,-21
-19,-10,5,1,-34,-29,-47,-20
-20,-9,5,1,-34,-29,-47,-21
-20,-9,5,1,-34,-29,-47,-21
-20,-9,6,1,-34,-29,-46,-21
-21,-8,6,2,-35,-28,-46,-21
-20,-9,5,2,-35,-29,-47,-22
-20,-9,5,2,-34,-29,-46,-21
-19,-9,5,2,-33,-28,-46,-20
-19,-10,5,1,-34,-28,-46,-21
-18,-11,4,0,-34,-29,-47,-21
-19,-10,5,1,-33,-28,-46,-20
-20,-10,5,1,-34,-29,-46,-21
-19,-10,5,1,-35,-29,-47,-21
-20,-9,5,1,-35,-29,-47,-21
-21,-8,6,2,-35,-28,-46,-21
-20,-9,5,1,-35,-29,-47,-21
-20,-9,5,1,-34,-28,-46,-20
-19,-9,6,2,-34,-27,-45,-20
-17,-8,8,2,-32,-25,-43,-18
-15,-8,8,2,-31,-24,-42,-17
-15,-8,10,2,-30,-23,-41,-17
-15,-6,13,3,-30,-20,-39,-15
-14,-6,14,3,-29,-20,-39,-15
-12,-7,16,3,-28,-18,-37,-14
-13,-7,17,4,-28,-17,-37,-13
-12,-8,16,4,-29,-18,-37,-14
-11,-8,17,4,-27,-16,-36,-12
-9,-6,20,5,-25,-14,-33,-10
-8,-6,20,4,-25,-13,-33,-10
-7,-7,19,4,-25,-14,-33,-10
-7,-7,20,5,-23,-12,-32,-8
-6,-9,22,5,-23,-11,-31,-8
-6,-8,22,5,-23,-11,-31,-8
-6,-5,24,6,-23,-9,-30,-7
-6,-5,26,7,-23,-8,-28,-6
-4,-7,26,6,-22,-7,-28,-6
-3,-7,26,6,-21,-7,-27,-5
-1,-7,28,7,-20,-5,-26,-3
1,-5,32,7,-18,-1,-23,-1
4,-4,35,7,-15,1,-19,1
6,-2,41,10,-12,7,-15,4
7,0,43,10,-13,9,-13,5
8,0,46,11,-12,11,-12,7
11,2,50,12,-9,15,-8,9
12,5,55,13,-7,20,-3,12
16,6,59,14,-6,23,-1,15
20,7,63,15,-2,28,2,19
23,7,66,16,0,32,5,22
26,6,69,16,1,35,8,24
30,7,73,16,3,38,11,26
32,10,78,18,6,43,15,29
34,12,83,20,7,48,19,32
37,14,87,21,9,52,22,34
40,14,90,21,11,55,25,37
41,15,95,23,13,58,28,39
43,15,96,22,14,60,29,40
45,15,98,23,16,63,32,43
46,15,99,24,18,65,34,44
48,13,100,23,18,65,34,45
51,11,100,22,19,65,34,45
50,12,101,23,19,66,36,46
51,14,104,24,20,68,37,47
52,15,104,24,20,69,38,48
51,15,105,24,20,69,37,48
50,16,105,25,20,69,38,48
48,15,101,24,18,66,35,45
49,13,100,23,18,65,34,45
49,10,98,22,18,63,33,44
47,10,96,22,17,61,31,43
47,7,93,20,16,58,29,41
45,7,91,20,15,56,27,40
43,6,89,20,14,54,26,38
40,6,86,19,12,51,23,36
39,3,83,18,11,49,21,34
35,3,81,18,8,46,19,32
33,3,77,17,6,42,15,29
32,1,73,16,5,39,12,27
31,-2,70,15,4,36,11,26
29,-4,65,14,2,32,7,23
28,-8,60,12,1,27,3,21
26,-12,58,11,1,25,1,19
23,-13,54,11,-1,20,-1,16
20,-13,50,9,-4,16,-5,13
17,-10,48,10,-6,14,-7,11
13,-8,47,10,-8,13,-8,9
11,-9,44,8,-10,9,-11,7
11,-11,41,8,-10,8,-13,6
10,-12,39,8,-11,5,-14,5
8,-11,37,7,-13,4,-16,4
7,-11,34,6,-14,1,-19,2
5,-12,31,6,-14,0,-20,0
3,-10,31,7,-16,-1,-21,0
0,-11,28,5,-17,-4,-24,-2
0,-11,26,5,-18,-6,-25,-3
-3,-9,27,6,-19,-6,-25,-4
-4,-8,24,5,-21,-8,-27,-6
-4,-10,22,4,-22,-10,-29,-7
-5,-11,20,4,-22,-11,-30,-7
-6,-10,19,4,-23,-12,-31,-8
-5,-13,16,3,-23,-15,-33,-10
-7,-13,15,3,-24,-16,-34,-10
-10,-11,15,3,-26,-17,-35,-11
-11,-10,13,3,-27,-19,-37,-14
-14,-10,10,2,-29,-22,-39,-16
-16,-9,9,3,-30,-23,-40,-17
-18,-8,8,2,-32,-24,-41,-18
-18,-7,6,2,-31,-25,-42,-18
-18,-8,7,2,-30,-24,-41,-18
-17,-8,6,2,-31,-25,-42,-18
-18,-10,2,0,-33,-28,-45,-20
-19,-10,2,1,-32,-29,-45,-21
-20,-9,2,1,-33,-29,-45,-21
-20,-9,2,0,-34,-30,-46,-22
-20,-9,2,1,-34,-30,-46,-22
-21,-8,3,2,-34,-29,-45,-21
-21,-8,3,1,-34,-29,-45,-22
-20,-9,2,1,-34,-29,-45,-21
-20,-9,2,1,-33,-29,-45,-21
-20,-9,2,1,-33,-29,-45,-21
-19,-10,1,0,-32,-30,-46,-21
-19,-10,2,1,-32,-29,-46,-21
-20,-10,2,1,-33,-29,-45,-21
-20,-9,2,1,-33,-29,-46,-21
-20,-9,2,1,-33,-29,-46,-21
-21,-8,3,1,-34,-29,-45,-21
-21,-8,2,0,-35,-29,-46,-22
-20,-9,2,1,-34,-29,-46,-21
-20,-9,3,1,-33,-28,-45,-20
-20,-9,2,1,-33,-28,-45,-21
-19,-10,1,0,-33,-29,-45,-21
-19,-10,2,1,-32,-29,-45,-21
-20,-9,2,1,-32,-29,-44,-21
-20,-9,2,0,-33,-29,-45,-21
-20,-9,2,0,-33,-29,-46,-22
-21,-8,3,1,-33,-28,-45,-21
-21,-8,3,1,-34,-29,-45,-21
-20,-9,2,1,-33,-29,-45,-21
-20,-9,3,1,-33,-28,-44,-20
-20,-9,2,1,-33,-29,-45,-20
-19,-10,1,0,-33,-30,-45,-21
-19,-10,2,0,-32,-29,-45,-20
-20,-9,2,1,-33,-29,-45,-21
-20,-9,2,0,-33,-29,-45,-21
-21,-9,2,0,-33,-29,-45,-21
-21,-8,3,2,-32,-28,-44,-21
-21,-8,3,1,-34,-29,-45,-22
-20,-9,2,1,-33,-28,-44,-21
-19,-9,2,1,-33,-28,-44,-20
-19,-10,2,1,-33,-28,-44,-20
-18,-10,1,0,-33,-29,-45,-21
-18,-10,1,0,-33,-29,-45,-20
-20,-9,2,1,-32,-28,-44,-20
-20,-9,2,1,-33,-29,-45,-21
-20,-9,2,1,-33,-29,-45,-21
-21,-8,3,2,-32,-28,-44,-21
-21,-8,3,1,-33,-28,-45,-21
-20,-9,2,1,-33,-29,-45,-21
-20,-9,2,1,-32,-28,-44,-21
-20,-9,2,1,-32,-28,-44,-20
-18,-10,1,0,-32,-29,-44,-21
-18,-10,2,0,-31,-28,-44,-20
-19,-9,2,1,-32,-28,-44,-21
-20,-9,2,0,-33,-29,-45,-21
-20,-9,2,0,-33,-29,-45,-21
-21,-8,3,1,-32,-28,-44,-21
-21,-8,3,1,-33,-28,-44,-21
-20,-9,2,0,-32,-28,-44,-21
-19,-9,2,1,-32,-28,-44,-20
-19,-9,2,1,-32,-28,-44,-20
-18,-10,1,0,-32,-29,-44,-20
-18,-10,1,0,-31,-29,-44,-21
-19,-9,2,1,-32,-28,-44,-21
-20,-9,2,0,-33,-29,-44,-21
-20,-9,2,1,-32,-29,-44,-21
-21,-8,3,1,-32,-28,-44,-20
-21,-8,3,1,-33,-28,-44,-21
-20,-9,2,1,-33,-28,-44,-20
-20,-9,3,1,-32,-28,-43,-20
-19,-9,2,1,-32,-28,-43,-20
-19,-10,1,0,-32,-29,-44,-20
-18,-10,1,0,-31,-28,-43,-20
-19,-8,2,1,-31,-28,-43,-20
-20,-9,2,1,-32,-28,-44,-21
-20,-9,2,0,-32,-29,-44,-21
-21,-8,3,1,-32,-27,-43,-20
-21,-8,3,1,-33,-28,-44,-21
-20,-9,2,1,-33,-28,-44,-21
-19,-9,2,1,-32,-28,-43,-20
-19,-9,2,1,-32,-28,-43,-20
-18,-10,1,0,-32,-28,-44,-20
-18,-10,2,0,-31,-28,-44,-19
-19,-9,2,1,-31,-28,-44,-20
-20,-9,2,1,-32,-28,-44,-21
-20,-9,2,0,-32,-28,-44,-21
-21,-8,3,1,-32,-27,-43,-20
-21,-8,3,1,-33,-28,-44,-21
-20,-9,2,0,-32,-28,-44,-21
-19,-9,3,1,-31,-27,-43,-20
-19,-9,2,1,-32,-27,-43,-19
-18,-10,1,0,-32,-28,-44,-20
-18,-10,1,0,-31,-28,-43,-20
-19,-9,2,1,-31,-27,-43,-20
-20,-9,2,0,-32,-28,-44,-21
-19,-9,2,0,-32,-28,-44,-21
-20,-8,3,1,-32,-27,-43,-20
-20,-7,3,1,-33,-27,-43,-21
-19,-9,2,0,-32,-28,-43,-21
-19,-9,2,1,-31,-27,-42,-20
-19,-9,2,0,-31,-28,-43,-20
-18,-10,1,0,-31,-28,-43,-20
-18,-10,1,0,-30,-27,-43,-19
-19,-9,2,1,-31,-27,-43,-20
-19,-9,2,1,-32,-28,-43,-21
-19,-8,2,0,-32,-28,-43,-21
-20,-8,3,1,-31,-27,-42,-20
-21,-8,3,1,-32,-27,-43,-21
-19,-9,2,0,-32,-28,-43,-20
-19,-8,2,1,-31,-27,-43,-19
-19,-8,3,1,-31,-27,-42,-19
-18,-9,1,0,-31,-27,-42,-20
-18,-10,1,0,-30,-27,-42,-20
-19,-9,2,1,-30,-27,-42,-20
-19,-9,2,0,-31,-27,-43,-20
-19,-9,2,0,-31,-28,-43,-20
-20,-8,3,1,-31,-27,-42,-20
-21,-7,3,1,-32,-27,-43,-20
-19,-8,2,0,-32,-27,-43,-20
-18,-9,2,1,-30,-27,-42,-20
-19,-9,2,1,-30,-27,-42,-19
-18,-9,1,0,-31,-27,-43,-20
-17,-10,1,0,-30,-27,-42,-19
-18,-9,2,1,-30,-27,-42,-19
-19,-9,2,0,-31,-27,-43,-20
-19,-9,2,0,-31,-28,-43,-20
-20,-8,3,1,-31,-27,-42,-20
-20,-7,3,1,-32,-27,-42,-20
-19,-9,2,0,-31,-27,-43,-20
-19,-9,2,1,-30,-27,-42,-19
-18,-9,2,1,-31,-27,-42,-19
-18,-10,2,0,-31,-27,-42,-20
-17,-10,1,0,-30,-27,-42,-19
-18,-9,2,1,-30,-27,-42,-19
-19,-9,2,0,-31,-27,-43,-20
-19,-8,2,0,-31,-27,-43,-20
-20,-8,3,1,-31,-27,-42,-20
-20,-8,3,1,-32,-27,-42,-20
-19,-8,2,0,-31,-27,-42,-20
-18,-9,2,1,-30,-26,-41,-19
-18,-9,2,1,-31,-27,-41,-19
-17,-10,2,0,-31,-27,-42,-20
-17,-10,1,0,-30,-27,-42,-19
-18,-9,2,1,-30,-27,-42,-19
-18,-9,2,1,-31,-27,-42,-20
-18,-9,2,0,-31,-27,-43,-20
-19,-8,3,1,-31,-27,-42,-20
-20,-7,3,1,-32,-26,-42,-20
-19,-8,2,0,-31,-27,-42,-20
-18,-9,2,1,-30,-26,-41,-19
-18,-9,2,1,-30,-26,-41,-19
-17,-9,3,0,-30,-25,-41,-18
-14,-8,6,1,-27,-22,-37,-16
-13,-5,10,2,-25,-18,-34,-14
-12,-5,12,3,-25,-16,-33,-13
-9,-4,15,3,-24,-14,-31,-10
-7,-5,20,5,-20,-9,-27,-7
-4,-5,24,6,-19,-6,-24,-5
-1,-6,25,5,-17,-4,-22,-3
1,-6,28,6,-15,-1,-19,0
3,-7,30,6,-13,0,-17,0
4,-6,30,6,-13,1,-17,1
5,-4,31,7,-12,2,-16,1
5,-5,33,7,-12,4,-15,2
5,-5,33,7,-11,4,-15,2
5,-6,33,7,-11,4,-15,3
4,-5,34,7,-11,4,-14,3
4,-4,34,7,-12,4,-14,2
5,-5,33,7,-12,4,-15,2
6,-9,32,7,-11,3,-15,3
6,-10,31,6,-11,2,-15,2
6,-11,30,5,-12,1,-16,2
7,-11,30,6,-11,1,-16,2
4,-9,30,6,-12,1,-16,1
2,-8,29,6,-13,0,-18,0
2,-8,29,5,-14,0,-18,0
1,-7,29,6,-13,0,-18,0
0,-7,27,6,-15,-1,-20,-1
0,-9,24,4,-16,-4,-22,-3
0,-9,24,5,-16,-4,-21,-2
-1,-10,22,4,-17,-7,-24,-3
-1,-11,19,4,-18,-8,-25,-5
-2,-11,18,3,-18,-9,-26,-6
-5,-9,17,3,-19,-11,-27,-7
-7,-10,14,3,-22,-14,-30,-10
-8,-9,13,2,-22,-15,-31,-11
-10,-7,13,3,-23,-15,-31,-11
-17,-10,0,0,-29,-27,-42,-19
-18,-9,1,0,-30,-27,-41,-19
-19,-8,2,0,-30,-27,-41,-20
-19,-8,1,0,-30,-27,-41,-20
-19,-8,2,0,-30,-26,-41,-20
-20,-7,2,1,-31,-26,-41,-20
-19,-8,2,0,-30,-26,-41,-20
-19,-8,1,1,-29,-26,-41,-19
-19,-8,1,0,-30,-26,-41,-19
-18,-9,1,0,-30,-27,-41,-20
-17,-9,0,0,-29,-26,-41,-19
-18,-9,1,1,-29,-26,-40,-19
-18,-8,1,0,-30,-27,-41,-20
-18,-8,1,0,-31,-27,-42,-20
-19,-8,2,1,-30,-26,-40,-19
-20,-7,2,1,-31,-26,-41,-20
-19,-8,1,0,-31,-27,-41,-20
-18,-8,1,0,-30,-26,-40,-19
-18,-8,1,1,-30,-26,-40,-19
-17,-9,1,0,-29,-26,-41,-19
-17,-10,0,0,-28,-26,-40,-19
-18,-9,1,0,-29,-25,-40,-19
-18,-8,1,0,-30,-26,-41,-19
-18,-8,1,0,-30,-26,-41,-20
-19,-8,2,1,-30,-26,-40,-19
-20,-7,2,1,-31,-26,-40,-19
-19,-8,1,0,-30,-26,-41,-20
-18,-9,1,1,-29,-26,-40,-19
-18,-8,1,1,-29,-25,-40,-19
-17,-8,1,0,-29,-26,-41,-19
-16,-10,0,0,-29,-26,-40,-19
-18,-9,1,1,-28,-26,-40,-18
-18,-8,1,0,-29,-26,-40,-19
-18,-8,1,0,-30,-26,-40,-20
-19,-8,2,1,-29,-26,-40,-19
-21,-7,4,1,-31,-27,-41,-21
-25,-9,10,2,-35,-35,-48,-26
-29,-13,18,4,-38,-42,-54,-30
-34,-15,24,6,-42,-49,-60,-34
-39,-16,30,7,-45,-55,-65,-39
-38,-11,26,5,-44,-52,-62,-38
-34,-2,17,2,-40,-41,-54,-31
-24,9,0,-2,-33,-24,-40,-20
-8,33,-33,-11,-18,8,-13,0
13,58,-73,-21,0,48,19,25
37,82,-114,-32,19,89,53,52
64,102,-158,-44,39,130,87,79
90,124,-200,-55,60,172,123,107
116,146,-242,-66,80,215,157,135
142,165,-285,-77,100,255,190,161
169,180,-325,-87,120,293,223,188
194,189,-357,-94,139,327,252,212
216,188,-384,-99,155,353,275,231
233,189,-405,-104,167,374,293,246
243,193,-420,-107,176,390,306,258
249,191,-426,-107,180,396,312,263
253,179,-424,-106,181,393,311,263
252,169,-417,-103,180,386,305,259
245,160,-403,-99,174,372,295,251
234,150,-385,-95,165,354,279,239
222,137,-363,-89,155,331,260,224
204,120,-332,-80,141,302,236,205
182,99,-295,-71,123,265,206,181
157,78,-255,-61,104,226,173,155
131,54,-210,-48,84,183,138,127
104,26,-163,-35,63,138,101,98
79,2,-121,-24,42,95,65,69
54,-16,-81,-14,23,55,32,43
28,-34,-39,-4,3,15,0,17
1,-51,-5,0,-17,-26,-35,-10
-25,-74,4,1,-39,-71,-74,-41
-54,-92,5,1,-60,-112,-107,-69
-73,-84,5,1,-75,-131,-125,-84
-79,-66,5,1,-78,-129,-124,-86
-72,-55,6,1,-71,-113,-112,-76
-59,-41,7,2,-61,-90,-93,-61
-44,-30,6,1,-49,-67,-74,-46
-31,-21,6,2,-39,-48,-58,-33
-22,-13,6,2,-32,-33,-46,-23
-20,-10,5,1,-30,-29,-42,-21
-18,-11,4,1,-30,-29,-42,-21
-19,-10,5,1,-29,-29,-42,-21
-20,-10,5,2,-30,-29,-42,-21
-20,-10,5,1,-31,-30,-43,-22
-20,-9,6,1,-30,-29,-42,-22
-21,-8,7,2,-31,-28,-42,-21
-21,-9,5,1,-31,-29,-42,-21
-20,-10,6,2,-30,-29,-42,-21
-19,-10,6,2,-30,-28,-42,-20
-19,-10,5,1,-30,-29,-42,-21
-18,-11,5,1,-30,-30,-42,-21
-19,-10,5,2,-29,-28,-42,-20
-20,-9,5,1,-30,-29,-42,-21
-20,-10,5,1,-31,-29,-42,-21
-20,-9,6,2,-30,-29,-42,-21
-21,-8,6,2,-30,-28,-41,-21
-20,-9,5,1,-31,-29,-42,-21
-19,-10,6,1,-30,-29,-41,-21
-20,-10,6,2,-30,-28,-41,-20
-19,-10,5,1,-30,-29,-42,-20
-18,-11,4,1,-30,-29,-42,-21
-19,-10,5,1,-29,-29,-41,-20
-20,-9,5,1,-30,-29,-42,-21
-20,-10,5,1,-30,-29,-42,-21
-20,-10,5,1,-30,-29,-42,-21
-21,-8,7,2,-31,-28,-41,-20
-21,-9,6,1,-30,-29,-42,-21
-20,-10,5,1,-30,-29,-41,-21
-20,-9,5,1,-30,-28,-41,-20
-19,-10,5,1,-30,-29,-42,-21
-18,-11,4,1,-29,-29,-41,-20
-19,-10,5,1,-29,-29,-41,-20
-19,-10,5,1,-30,-29,-42,-21
-20,-10,5,1,-31,-29,-42,-21
-20,-9,6,1,-30,-28,-41,-21
-21,-8,6,2,-30,-28,-41,-21
-20,-9,5,1,-30,-28,-41,-21
-20,-10,5,1,-30,-28,-41,-20
-19,-9,6,2,-29,-27,-40,-20
-17,-8,8,2,-27,-25,-38,-18
-15,-9,8,2,-27,-24,-38,-18
-15,-8,10,3,-26,-23,-36,-17
-15,-6,13,3,-25,-21,-35,-16
-14,-6,14,3,-25,-20,-34,-15
-12,-7,16,4,-24,-18,-32,-13
-13,-7,17,4,-24,-17,-32,-13
-12,-8,16,3,-24,-18,-32,-13
-11,-8,17,4,-23,-17,-31,-12
-9,-7,20,5,-21,-14,-28,-10
-8,-7,20,5,-21,-13,-28,-10
-7,-8,19,4,-21,-14,-28,-10
-7,-8,21,5,-19,-12,-27,-9
-6,-9,22,4,-19,-12,-26,-8
-6,-8,23,4,-19,-11,-26,-8
-6,-5,25,5,-19,-9,-25,-7
-6,-5,26,7,-18,-8,-24,-6
-4,-7,26,6,-18,-7,-23,-6
-3,-8,26,6,-17,-7,-23,-5
-2,-7,28,6,-16,-5,-21,-3
0,-6,32,7,-14,-2,-18,-1
4,-5,35,7,-11,1,-14,1
6,-2,41,9,-8,6,-10,5
7,0,44,10,-8,9,-8,6
9,0,45,10,-8,10,-7,6
11,2,50,12,-5,15,-3,9
12,5,55,13,-3,20,0,12
16,6,59,14,-1,24,3,15
19,7,63,15,0,28,7,18
23,7,67,16,3,32,10,22
26,6,69,16,5,35,12,24
30,7,73,16,7,38,15,27
32,10,79,18,10,43,20,30
35,12,83,19,11,47,24,32
37,14,87,20,13,51,27,35
40,14,90,21,15,54,30,37
41,15,95,23,17,58,33,40
43,15,96,23,18,60,34,41
45,15,98,23,20,62,36,43
46,16,99,23,21,64,38,44
48,14,100,23,22,65,39,46
50,12,100,22,23,65,39,46
50,12,101,23,24,66,41,46
51,14,104,24,24,68,42,47
52,15,105,24,24,69,42,48
51,15,105,24,25,69,43,48
50,16,106,25,24,70,43,48
49,14,102,24,22,67,40,46
49,12,100,23,22,65,39,46
48,10,99,22,22,64,38,45
47,9,96,22,21,61,36,43
47,6,93,20,20,58,33,41
45,7,92,21,19,57,32,40
43,6,89,20,18,54,30,39
40,6,87,19,16,52,28,36
39,4,84,18,15,49,26,35
35,3,81,18,12,46,23,32
33,3,78,17,10,43,20,30
32,1,74,16,10,39,17,28
31,-2,71,15,9,36,15,27
29,-4,66,14,7,32,11,24
28,-8,61,11,5,28,8,21
26,-11,59,11,5,25,6,20
22,-12,55,10,2,20,2,16
20,-13,51,9,0,16,0,13
16,-10,49,9,-1,15,-2,11
13,-8,47,10,-4,12,-4,9
11,-9,44,8,-5,9,-7,7
11,-11,41,8,-6,7,-8,6
10,-12,39,8,-7,5,-10,5
9,-11,38,7,-8,4,-11,4
7,-12,34,6,-9,1,-14,2
5,-12,32,7,-10,0,-15,1
2,-10,32,7,-12,-1,-16,0
1,-11,29,6,-13,-4,-19,-2
0,-11,27,5,-14,-6,-21,-3
-3,-9,26,6,-15,-6,-21,-5
-4,-8,25,5,-17,-8,-23,-6
-4,-10,22,4,-17,-10,-24,-7
-5,-11,20,4,-18,-11,-25,-8
-6,-10,19,4,-19,-13,-26,-8
-6,-13,17,3,-20,-15,-29,-9
-8,-13,16,3,-20,-16,-29,-10
-10,-11,15,3,-21,-17,-30,-12
-11,-10,13,3,-23,-19,-32,-14
-14,-9,10,2,-25,-21,-34,-16
-17,-9,10,3,-26,-22,-35,-16
-18,-8,8,2,-27,-24,-37,-18
-18,-7,7,2,-26,-24,-37,-18
-18,-7,7,2,-26,-25,-37,-18
-18,-8,6,2,-27,-25,-37,-18
-18,-10,3,0,-28,-28,-40,-20
-19,-10,2,0,-29,-29,-41,-21
-20,-9,3,1,-29,-29,-41,-21
-20,-9,2,0,-30,-30,-42,-21
-20,-9,3,1,-29,-29,-41,-21
-22,-8,3,2,-30,-29,-40,-21
-21,-8,3,1,-30,-29,-41,-22
-20,-9,2,1,-30,-29,-41,-21
-20,-9,2,1,-29,-29,-40,-20
-20,-10,2,1,-29,-29,-40,-20
-19,-11,1,0,-29,-30,-41,-21
-19,-11,2,1,-28,-29,-40,-20
-20,-10,3,1,-29,-29,-40,-21
-21,-9,2,0,-29,-30,-41,-22
-21,-9,3,0,-29,-29,-41,-21
-22,-8,3,1,-30,-29,-41,-21
-21,-9,3,1,-30,-29,-41,-21
-20,-9,2,1,-29,-29,-41,-21
-20,-9,2,1,-29,-29,-40,-20
-20,-9,2,1,-29,-29,-40,-20
-19,-10,1,0,-29,-29,-41,-21
-19,-10,2,1,-28,-28,-40,-20
-20,-9,2,1,-28,-29,-40,-21
-20,-9,2,1,-29,-29,-41,-21
-20,-9,2,1,-29,-29,-40,-21
-22,-8,3,1,-29,-28,-40,-21
-22,-8,3,1,-30,-29,-41,-21
-20,-9,2,1,-30,-29,-40,-21
-20,-9,3,1,-29,-28,-40,-21
-20,-9,3,1,-29,-28,-40,-20
-19,-10,1,0,-29,-29,-41,-21
-19,-10,2,1,-28,-29,-40,-20
-20,-9,3,1,-28,-29,-40,-20
-20,-9,2,1,-29,-29,-41,-22
-20,-9,2,1,-29,-29,-40,-21
-21,-8,3,1,-29,-28,-40,-21
-21,-8,3,1,-30,-28,-40,-21
-20,-9,2,1,-29,-28,-40,-20
-20,-9,2,1,-29,-28,-40,-20
-20,-9,2,1,-29,-29,-40,-21
-18,-10,1,0,-29,-29,-40,-21
-19,-10,2,1,-28,-29,-40,-20
-20,-9,2,1,-28,-28,-40,-20
-20,-9,2,0,-29,-29,-40,-21
-20,-9,2,1,-29,-29,-40,-21
-21,-8,4,1,-29,-28,-39,-21
-21,-8,3,1,-29,-28,-40,-21
-20,-9,2,0,-29,-28,-40,-21
-19,-9,3,1,-28,-28,-39,-20
-19,-9,2,1,-28,-28,-39,-20
-18,-10,2,0,-28,-29,-40,-20
-19,-10,2,1,-27,-28,-39,-20
-20,-9,2,1,-28,-28,-39,-20
-20,-9,2,0,-29,-29,-40,-20
-20,-9,2,0,-29,-28,-40,-21
-21,-8,3,1,-29,-28,-39,-21
-21,-8,3,1,-30,-28,-40,-21
-20,-9,2,0,-29,-28,-40,-21
-19,-9,2,1,-28,-28,-39,-20
-20,-9,2,1,-28,-28,-39,-20
-18,-10,1,0,-28,-29,-40,-20
-18,-10,2,0,-27,-28,-39,-19
-20,-9,2,1,-28,-28,-39,-20
-20,-9,2,0,-29,-28,-40,-21
-20,-9,2,1,-28,-28,-40,-21
-21,-8,3,1,-29,-28,-39,-20
-20,-8,3,1,-29,-28,-40,-21
-20,-9,2,0,-29,-28,-39,-20
-19,-9,2,0,-28,-28,-39,-20
-19,-9,2,0,-28,-28,-39,-20
-18,-10,1,0,-28,-28,-39,-20
-18,-10,2,0,-27,-28,-39,-19
-19,-9,2,1,-27,-28,-39,-20
-20,-9,2,0,-29,-28,-40,-21
-20,-9,2,0,-28,-28,-39,-21
-21,-8,3,2,-28,-27,-39,-20
-20,-8,3,1,-29,-28,-39,-21
-19,-9,2,0,-29,-28,-39,-20
-20,-9,2,1,-28,-27,-39,-20
-19,-9,2,1,-28,-27,-39,-19
-18,-10,1,0,-28,-28,-40,-20
-18,-10,2,0,-27,-28,-39,-20
-19,-9,2,1,-28,-28,-39,-20
-19,-9,2,0,-28,-28,-39,-20
-20,-9,2,0,-27,-28,-39,-20
-21,-8,3,1,-28,-27,-39,-20
-20,-8,3,1,-29,-28,-39,-20
-19,-8,2,1,-28,-27,-39,-20
-19,-9,3,1,-28,-27,-38,-20
-19,-9,2,1,-28,-27,-39,-20
-18,-10,1,0,-28,-28,-39,-20
-18,-10,2,0,-27,-28,-39,-20
-19,-9,3,1,-27,-27,-38,-20
-19,-9,2,0,-28,-28,-39,-21
-19,-9,2,0,-28,-28,-39,-21
-21,-8,3,1,-28,-27,-38,-20
-21,-8,3,1,-28,-27,-38,-20
-19,-9,2,0,-27,-27,-39,-20
-19,-8,2,1,-27,-27,-38,-19
-19,-9,2,1,-28,-27,-38,-19
-18,-10,2,0,-27,-28,-39,-20
-18,-10,2,0,-26,-27,-38,-19
-19,-9,2,0,-27,-27,-38,-19
-19,-9,2,0,-28,-28,-39,-20
-19,-9,2,0,-28,-28,-39,-20
-20,-8,3,1,-28,-27,-38,-20
-20,-8,3,1,-29,-27,-38,-21
-19,-9,2,0,-28,-27,-39,-20
-19,-9,2,1,-27,-27,-38,-19
-19,-9,2,1,-27,-27,-37,-19
-18,-10,1,0,-27,-28,-39,-20
-18,-10,2,0,-26,-27,-38,-19
-19,-9,3,1,-27,-27,-38,-19
-19,-9,2,0,-28,-28,-39,-20
-19,-9,2,0,-28,-28,-39,-20
-20,-8,3,1,-28,-27,-38,-20
-20,-7,3,1,-29,-27,-38,-20
-19,-9,3,0,-28,-27,-38,-20
-19,-9,2,0,-27,-26,-38,-19
-19,-9,2,1,-27,-27,-38,-19
-18,-10,1,0,-27,-27,-38,-20
-18,-10,1,0,-26,-27,-38,-19
-19,-9,2,0,-27,-27,-38,-19
-19,-9,2,0,-28,-27,-38,-20
-19,-8,2,0,-27,-27,-38,-20
-20,-8,3,1,-28,-27,-38,-20
-20,-7,3,1,-28,-27,-38,-20
-19,-8,2,0,-28,-27,-38,-20
-19,-9,2,1,-27,-27,-37,-19
-19,-8,2,1,-27,-27,-37,-19
-18,-9,1,0,-27,-27,-38,-19
-17,-10,1,0,-26,-27,-37,-19
-18,-9,2,0,-27,-27,-38,-19
-19,-9,2,0,-28,-27,-38,-20
-19,-9,2,0,-27,-27,-38,-20
-20,-8,3,1,-27,-27,-38,-20
-20,-7,3,1,-28,-27,-38,-20
-19,-8,2,0,-28,-27,-38,-20
-19,-9,2,1,-27,-26,-37,-19
-18,-9,2,0,-27,-27,-37,-19
-17,-9,1,0,-27,-28,-38,-20
-17,-10,1,0,-26,-27,-37,-19
-19,-8,2,1,-27,-27,-37,-19
-19,-8,2,0,-27,-27,-38,-20
-19,-8,2,0,-28,-27,-38,-20
-20,-8,3,1,-27,-26,-37,-20
-20,-7,3,1,-28,-26,-37,-19
-19,-9,2,0,-27,-26,-37,-20
-19,-9,2,1,-27,-26,-37,-19
-19,-8,2,1,-27,-26,-37,-19
-17,-9,2,0,-26,-26,-36,-18
-14,-7,6,1,-23,-22,-33,-15
-13,-5,10,2,-22,-18,-30,-13
-12,-5,12,2,-22,-17,-29,-13
-10,-4,15,4,-20,-14,-26,-11
-7,-5,20,5,-17,-9,-23,-7
-4,-5,23,6,-15,-6,-20,-5
-1,-6,25,5,-14,-4,-18,-3
1,-6,28,6,-11,-1,-15,0
2,-7,29,6,-9,0,-13,0
4,-6,30,6,-9,1,-13,1
4,-4,31,6,-8,2,-12,2
4,-4,33,7,-8,3,-11,3
6,-5,33,6,-8,4,-11,2
5,-6,33,6,-8,4,-10,3
5,-5,34,7,-8,4,-10,3
4,-4,35,8,-9,5,-10,3
5,-6,34,7,-8,4,-10,3
5,-8,32,6,-7,3,-11,3
6,-10,31,6,-8,2,-11,2
6,-11,30,6,-8,1,-12,2
7,-11,30,6,-7,1,-11,3
4,-9,30,6,-8,1,-12,2
3,-8,29,6,-10,0,-14,0
3,-7,29,6,-10,0,-14,0
2,-7,30,6,-10,0,-13,0
0,-7,27,5,-12,-2,-15,-2
0,-9,25,5,-13,-4,-17,-2
0,-9,24,5,-13,-4,-17,-2
0,-10,22,5,-13,-6,-19,-3
-1,-12,19,3,-14,-8,-21,-5
-2,-11,18,3,-15,-9,-22,-6
-5,-9,18,4,-16,-10,-23,-7
-7,-10,15,3,-18,-13,-26,-10
-8,-10,14,2,-19,-15,-26,-10
-10,-7,13,3,-20,-16,-27,-11
-12,-6,12,3,-22,-16,-29,-12
-14,-8,8,1,-23,-20,-31,-14
-15,-7,6,1,-24,-22,-33,-15
-17,-7,5,1,-25,-23,-34,-17
-17,-9,2,0,-26,-26,-37,-19
-17,-10,1,1,-26,-27,-37,-18
-18,-9,2,1,-26,-26,-36,-19
-18,-8,1,0,-27,-27,-37,-20
-19,-8,1,0,-27,-27,-37,-20
-20,-7,2,1,-26,-26,-36,-19
-20,-7,3,1,-27,-26,-37,-19
-19,-8,2,0,-27,-26,-37,-20
-18,-8,2,0,-26,-26,-36,-19
-18,-8,2,1,-26,-26,-36,-18
-17,-9,1,0,-27,-27,-37,-19
-17,-10,0,0,-25,-26,-37,-19
-18,-9,2,0,-25,-26,-36,-18
-19,-8,2,0,-27,-26,-37,-19
-18,-8,1,0,-27,-26,-37,-19
-19,-8,2,1,-26,-26,-37,-19
-19,-7,3,1,-27,-26,-37,-19
-19,-8,1,0,-27,-26,-37,-19
-18,-8,2,0,-26,-26,-36,-19
-18,-8,2,1,-25,-25,-35,-18
-17,-9,1,0,-26,-26,-37,-19
-16,-10,0,0,-25,-26,-37,-19
-18,-8,2,1,-25,-26,-36,-18
-19,-8,1,0,-26,-26,-37,-19
-18,-8,1,0,-26,-26,-37,-19
-19,-8,2,1,-26,-26,-36,-19
-20,-7,2,1,-27,-26,-36,-19
-19,-8,2,0,-27,-26,-37,-19
-18,-8,2,0,-26,-26,-36,-19
-18,-8,2,1,-26,-25,-35,-18
-17,-9,1,0,-26,-26,-36,-19
-16,-9,1,0,-25,-26,-36,-18
-18,-8,1,0,-25,-25,-36,-19
-18,-8,2,0,-26,-26,-36,-20
-18,-8,1,0,-26,-26,-36,-19
-19,-8,2,1,-26,-25,-36,-19
-21,-7,4,1,-27,-27,-37,-20
-25,-9,10,2,-32,-35,-44,-25
-29,-14,18,4,-35,-42,-50,-30
-34,-16,25,6,-38,-48,-55,-34
-38,-17,30,7,-41,-55,-61,-39
-38,-11,27,5,-41,-52,-59,-37
-34,-2,17,3,-37,-42,-50,-31
-25,8,0,-2,-29,-24,-36,-21
-8,32,-32,-11,-15,7,-10,-1
12,58,-71,-21,2,47,22,24
37,81,-113,-32,21,89,57,51
64,102,-156,-44,42,130,91,78
90,123,-198,-54,62,172,126,107
116,145,-241,-65,83,213,160,134
142,165,-283,-77,102,253,193,161
169,180,-323,-87,123,292,226,188
193,188,-356,-93,142,327,256,212
216,187,-383,-99,157,352,278,231
233,189,-405,-104,170,373,296,246
244,193,-420,-107,179,390,310,258
249,191,-425,-107,184,396,316,263
254,179,-424,-106,185,393,315,263
253,169,-416,-103,183,386,309,260
245,160,-403,-99,177,373,299,252
234,150,-385,-95,168,354,283,239
222,137,-363,-89,159,331,265,225
204,120,-332,-81,145,303,241,206
182,99,-295,-71,127,266,211,182
158,78,-255,-61,108,227,178,156
132,54,-211,-49,88,184,143,128
105,27,-164,-36,67,139,106,99
80,2,-122,-24,46,96,70,70
55,-15,-81,-14,27,57,37,44
29,-34,-40,-3,7,17,4,17
2,-51,-6,0,-14,-24,-31,-10
-25,-74,4,1,-35,-70,-68,-40
-53,-91,6,1,-57,-111,-103,-68
-73,-84,6,1,-71,-131,-121,-84
-79,-67,5,1,-74,-129,-121,-86
-73,-55,6,2,-68,-114,-109,-77
-59,-42,7,3,-57,-90,-89,-61
-44,-30,6,2,-46,-67,-71,-47
-31,-22,6,1,-36,-48,-54,-33
-23,-13,6,2,-29,-33,-42,-23
-20,-10,5,1,-27,-29,-39,-21
-19,-11,5,1,-26,-29,-38,-20
-20,-10,5,2,-26,-29,-38,-20
-20,-10,6,1,-27,-29,-39,-21
-20,-10,6,1,-27,-29,-39,-21
-21,-9,6,2,-27,-29,-38,-21
-21,-8,6,2,-28,-28,-38,-21
-21,-9,5,1,-28,-29,-39,-21
-20,-9,6,2,-27,-29,-38,-20
-20,-10,6,2,-27,-28,-37,-20
-19,-10,5,1,-27,-29,-38,-21
-19,-11,5,0,-26,-29,-38,-20
-19,-10,6,1,-26,-29,-37,-20
-20,-10,6,1,-27,-29,-38,-21
-20,-10,6,1,-27,-29,-38,-21
-21,-9,6,1,-27,-29,-38,-21
-21,-8,7,2,-27,-28,-38,-21
-20,-9,6,1,-28,-29,-38,-21
-20,-10,6,2,-27,-28,-37,-20
-19,-10,6,2,-27,-28,-37,-20
-19,-10,5,1,-27,-29,-38,-20
-18,-11,5,1,-26,-29,-38,-20
-19,-10,6,2,-26,-29,-37,-20
-19,-10,6,1,-27,-29,-38,-21
-20,-10,6,1,-27,-29,-38,-21
-19,-10,5,1,-27,-28,-38,-20
-18,-11,4,1,-26,-28,-38,-20
-18,-10,5,2,-26,-28,-37,-20
-19,-9,5,1,-28,-29,-38,-21
-20,-9,6,1,-27,-29,-38,-21
-20,-9,6,2,-27,-28,-38,-20
-21,-8,7,2,-27,-28,-37,-20
-21,-9,6,1,-28,-28,-37,-21
-20,-10,5,2,-27,-28,-37,-20
-19,-9,6,2,-26,-27,-36,-19
-17,-8,8,2,-25,-25,-35,-18
-15,-9,9,2,-24,-24,-34,-17
-16,-8,10,3,-23,-23,-33,-16
-15,-6,13,3,-23,-21,-31,-15
-14,-7,14,3,-22,-19,-30,-15
-12,-7,15,4,-21,-18,-29,-13
-13,-7,17,5,-21,-17,-27,-12
-12,-8,16,4,-21,-18,-28,-13
-11,-8,17,4,-20,-17,-27,-12
-9,-7,20,5,-18,-14,-25,-10
-8,-7,20,5,-18,-13,-24,-9
-6,-9,20,4,-17,-14,-24,-10
-7,-9,21,5,-16,-13,-23,-9
-6,-9,22,4,-16,-11,-23,-8
-6,-8,23,5,-16,-11,-23,-8
-6,-5,25,6,-15,-9,-21,-7
-6,-4,26,6,-15,-8,-20,-6
-3,-7,26,6,-15,-8,-20,-6
-3,-7,27,6,-14,-7,-19,-5
-2,-7,28,6,-12,-5,-17,-3
0,-6,31,7,-11,-2,-14,-1
4,-5,36,8,-8,1,-11,1
6,-2,41,10,-6,6,-7,4
7,0,44,10,-5,9,-5,6
8,0,46,10,-4,11,-3,7
11,1,50,11,-2,15,0,9
12,5,55,13,0,20,4,13
16,6,59,14,1,23,7,15
19,7,63,15,4,28,11,18
23,7,66,16,6,32,14,21
27,6,69,16,8,35,16,24
30,7,73,17,11,38,20,26
32,9,78,19,13,43,24,30
34,12,83,20,15,47,27,32
36,14,87,21,16,51,30,34
39,14,90,21,19,55,33,37
41,15,95,23,21,58,37,40
43,15,96,22,21,59,38,40
45,15,98,23,22,62,40,43
46,15,100,24,24,64,42,45
48,14,100,23,25,65,43,45
50,11,100,22,26,65,43,46
50,12,101,23,27,66,44,47
51,14,103,23,27,68,45,47
52,15,105,24,28,69,46,48
51,15,105,24,28,69,47,48
50,16,105,24,27,69,46,48
49,14,102,23,25,67,44,46
49,12,100,23,26,65,43,46
49,10,99,23,26,64,42,45
47,10,96,22,24,61,40,43
47,7,93,21,23,58,37,42
45,7,92,21,22,57,36,40
42,7,90,20,21,54,34,38
40,6,87,19,19,51,31,36
39,3,84,18,18,49,29,35
36,3,82,18,16,46,27,33
34,3,78,17,14,43,24,30
32,1,74,16,13,39,21,28
31,-1,71,15,12,36,19,27
29,-4,66,14,10,32,15,24
28,-8,61,12,8,28,12,21
26,-11,59,12,8,25,10,20
23,-13,55,10,5,20,6,16
20,-13,51,9,2,17,2,13
17,-10,49,10,1,15,1,12
13,-8,47,10,0,13,0,10
11,-9,44,9,-2,9,-3,7
11,-11,42,8,-3,8,-4,7
10,-12,39,8,-3,6,-6,6
8,-11,37,7,-4,4,-8,4
7,-12,34,6,-6,1,-10,2
5,-12,32,6,-7,0,-11,1
3,-11,31,6,-9,-1,-13,0
1,-11,29,5,-10,-3,-15,-2
0,-11,27,5,-11,-6,-17,-3
-3,-9,27,6,-13,-6,-17,-4
-3,-8,25,5,-14,-8,-19,-6
-4,-10,22,4,-14,-10,-20,-6
-5,-11,21,4,-15,-11,-21,-7
-6,-10,19,4,-16,-13,-23,-8
-5,-13,17,3,-16,-15,-25,-9
-7,-13,16,3,-17,-16,-25,-10
-10,-11,15,3,-18,-17,-27,-12
-11,-10,13,3,-20,-19,-28,-14
-14,-9,11,2,-22,-21,-31,-15
-16,-9,10,3,-22,-22,-31,-16
-18,-8,8,2,-24,-24,-33,-18
-18,-7,7,2,-24,-25,-34,-18
-18,-7,7,2,-24,-25,-34,-18
-18,-8,6,2,-25,-25,-34,-18
-18,-10,3,0,-25,-28,-37,-20
-19,-10,3,0,-26,-29,-37,-20
-20,-9,3,0,-27,-29,-38,-21
-21,-9,2,0,-27,-29,-38,-22
-21,-9,3,1,-26,-29,-37,-21
-22,-8,4,2,-27,-28,-37,-21
-21,-9,3,1,-27,-29,-38,-22
-21,-9,2,0,-26,-29,-38,-21
-20,-9,3,1,-26,-29,-37,-21
-20,-9,2,0,-26,-29,-37,-21
-19,-10,1,0,-26,-30,-37,-21
-19,-10,3,1,-25,-29,-37,-20
-20,-9,3,1,-26,-29,-37,-21
-20,-9,2,1,-27,-29,-38,-21
-20,-9,2,1,-27,-29,-38,-21
-22,-8,3,1,-27,-29,-37,-21
-22,-8,3,1,-27,-29,-37,-21
-20,-9,3,1,-26,-29,-37,-21
-20,-9,3,1,-26,-28,-36,-20
-20,-9,2,1,-26,-29,-37,-20
-19,-10,1,0,-26,-29,-37,-20
-19,-10,2,1,-24,-29,-36,-20
-20,-9,2,1,-26,-29,-37,-20
-20,-9,2,1,-26,-29,-37,-21
-20,-9,2,1,-26,-29,-37,-21
-22,-8,4,1,-26,-29,-36,-21
-21,-9,3,1,-27,-29,-37,-21
-20,-9,2,1,-26,-29,-37,-21
-20,-9,3,1,-25,-28,-36,-20
-20,-9,3,1,-26,-29,-36,-20
-18,-11,1,0,-26,-29,-37,-21
-19,-10,2,1,-25,-28,-37,-20
-20,-9,2,1,-26,-28,-37,-21
-20,-9,2,1,-26,-29,-37,-21
-20,-9,2,0,-26,-29,-37,-21
-22,-8,3,2,-26,-28,-36,-20
-21,-8,3,1,-26,-28,-36,-21
-20,-9,3,1,-26,-28,-36,-21
-20,-9,2,1,-26,-28,-36,-20
-19,-9,2,1,-26,-28,-36,-20
-18,-10,1,0,-26,-29,-37,-20
-19,-10,2,1,-24,-28,-36,-20
-20,-9,3,1,-26,-28,-36,-20
-20,-9,2,0,-26,-29,-37,-21
-20,-9,2,0,-26,-29,-37,-21
-21,-8,4,1,-26,-28,-36,-20
-21,-9,3,1,-26,-28,-36,-21
-20,-9,3,0,-26,-28,-36,-21
-20,-9,3,1,-25,-28,-36,-20
-19,-10,3,1,-25,-28,-36,-20
-18,-10,2,0,-25,-29,-37,-20
-19,-10,2,0,-25,-28,-36,-20
-20,-9,3,1,-26,-28,-36,-20
-20,-9,2,0,-26,-29,-36,-21
-20,-9,2,1,-25,-28,-36,-21
-21,-8,4,2,-26,-28,-36,-20
-21,-8,3,1,-27,-28,-36,-21
-20,-9,3,0,-26,-28,-36,-20
-19,-9,3,1,-25,-28,-35,-20
-19,-9,2,1,-25,-28,-36,-20
-18,-10,1,0,-25,-29,-37,-20
-19,-10,2,1,-24,-28,-36,-20
-19,-9,3,1,-25,-28,-36,-20
-20,-8,3,0,-26,-29,-36,-21
-20,-8,3,0,-26,-29,-37,-21
-21,-8,3,1,-25,-28,-36,-20
-21,-8,3,1,-26,-28,-36,-20
-20,-9,3,1,-25,-28,-36,-20
-20,-9,3,1,-25,-27,-35,-20
-19,-9,2,1,-25,-28,-35,-20
-18,-10,1,0,-25,-28,-36,-20
-18,-10,2,0,-24,-28,-36,-20
-19,-9,2,1,-25,-28,-36,-20
-20,-9,2,1,-26,-28,-36,-21
-20,-9,3,1,-25,-28,-36,-21
-21,-8,3,2,-25,-27,-35,-20
-21,-8,3,1,-26,-28,-36,-21
-20,-9,2,1,-26,-28,-36,-20
-19,-9,3,1,-24,-27,-35,-19
-19,-9,3,1,-25,-28,-35,-20
-18,-10,1,0,-25,-28,-36,-20
-18,-10,2,1,-24,-28,-35,-19
-20,-9,2,1,-25,-27,-36,-20
-20,-9,2,0,-24,-28,-36,-21
-19,-9,2,0,-25,-28,-36,-21
-21,-8,4,1,-25,-28,-35,-20
-21,-8,3,1,-26,-28,-36,-21
-19,-9,2,0,-26,-28,-36,-20
-19,-9,3,1,-25,-27,-35,-20
-19,-9,2,0,-26,-28,-35,-20
-18,-10,1,0,-25,-28,-36,-20
-18,-10,2,0,-24,-27,-35,-19
-19,-9,2,1,-25,-27,-35,-19
-20,-9,2,0,-25,-28,-36,-20
-19,-9,2,0,-25,-28,-36,-20
-20,-8,4,2,-25,-27,-35,-20
-20,-8,3,1,-25,-27,-35,-20
-19,-9,2,0,-25,-27,-35,-20
-19,-9,3,1,-25,-27,-35,-19
-19,-9,3,1,-25,-27,-35,-19
-18,-10,1,0,-25,-28,-35,-20
-18,-10,2,0,-24,-27,-35,-19
-18,-9,2,0,-25,-27,-35,-19
-19,-9,2,0,-25,-28,-36,-20
-20,-9,2,0,-25,-28,-35,-20
-21,-8,3,1,-25,-27,-35,-19
-20,-8,3,1,-26,-27,-35,-20
-19,-9,2,0,-25,-27,-35,-20
-19,-9,3,1,-24,-27,-34,-19
-19,-9,2,1,-24,-27,-35,-19
-18,-10,2,0,-24,-27,-35,-19
-18,-10,2,0,-24,-27,-35,-19
-19,-9,3,1,-24,-27,-35,-19
-19,-8,2,0,-25,-28,-36,-20
-19,-8,2,1,-25,-27,-35,-20
-20,-8,3,2,-25,-27,-35,-20
-20,-7,3,1,-25,-27,-35,-20
-19,-8,2,0,-25,-27,-35,-20
-19,-9,3,1,-25,-27,-35,-19
-19,-9,2,1,-25,-27,-35,-19
-17,-10,1,0,-24,-27,-35,-20
-17,-10,2,1,-23,-27,-34,-19
-19,-9,2,1,-24,-27,-35,-19
-19,-9,2,0,-25,-28,-35,-20
-19,-9,2,0,-25,-27,-35,-19
-20,-8,4,1,-24,-26,-34,-19
-20,-7,3,1,-25,-27,-35,-20
-19,-8,2,0,-26,-28,-35,-20
-19,-8,3,1,-24,-27,-34,-19
-18,-9,2,1,-24,-27,-34,-19
-17,-10,1,0,-24,-27,-35,-19
-17,-10,2,0,-23,-27,-34,-19
-18,-9,3,1,-24,-27,-34,-19
-19,-9,2,0,-24,-27,-35,-20
-19,-8,2,0,-25,-27,-35,-20
-20,-8,3,1,-25,-27,-34,-19
-20,-7,3,1,-25,-26,-35,-20
-19,-8,2,0,-25,-27,-35,-20
-18,-9,2,1,-24,-27,-34,-19
-18,-9,2,1,-25,-27,-34,-19
-17,-9,1,0,-24,-27,-35,-19
-17,-10,2,0,-23,-27,-34,-19
-18,-9,3,1,-24,-27,-34,-19
-19,-9,2,0,-25,-27,-35,-19
-19,-9,2,0,-24,-27,-35,-20
-20,-7,3,1,-24,-26,-34,-19
-20,-7,3,1,-25,-26,-34,-20
-19,-8,2,0,-25,-27,-34,-20
-18,-9,3,1,-24,-26,-34,-19
-18,-8,2,1,-24,-26,-34,-19
-17,-9,3,0,-23,-26,-33,-18
-14,-8,7,1,-20,-22,-30,-15
-13,-5,10,3,-20,-18,-27,-13
-12,-4,12,3,-19,-17,-26,-13
-9,-4,15,3,-17,-14,-23,-11
-7,-5,20,5,-14,-10,-19,-7
-4,-6,23,5,-13,-6,-16,-5
-1,-6,24,5,-11,-5,-15,-3
1,-6,28,6,-8,-1,-11,0
3,-7,29,6,-7,0,-10,1
4,-7,30,6,-7,0,-10,1
4,-5,31,7,-6,2,-8,2
4,-4,33,7,-6,3,-8,3
5,-6,34,7,-5,4,-7,2
6,-6,34,7,-5,4,-7,2
5,-5,35,8,-5,4,-6,3
4,-4,35,8,-6,4,-6,3
5,-6,34,7,-6,4,-7,3
6,-8,33,7,-5,3,-7,3
6,-10,32,7,-5,2,-7,3
7,-11,31,6,-5,2,-8,2
7,-11,30,6,-4,1,-8,2
4,-9,30,6,-6,0,-9,1
2,-8,29,6,-7,0,-10,0
3,-8,30,6,-7,0,-10,0
2,-7,30,6,-7,0,-10,0
0,-8,28,5,-9,-1,-12,-1
0,-9,25,4,-10,-4,-14,-2
0,-9,25,5,-9,-4,-13,-1
0,-10,22,4,-11,-6,-16,-3
-1,-12,20,3,-11,-8,-18,-5
-2,-11,18,3,-12,-9,-18,-6
-5,-9,18,3,-13,-10,-19,-7
-7,-10,15,3,-15,-13,-22,-9
-8,-10,13,2,-16,-15,-24,-11
-11,-7,13,3,-17,-15,-24,-11
-12,-7,12,3,-19,-16,-25,-12
-13,-8,8,2,-20,-20,-28,-14
-15,-7,7,2,-21,-21,-29,-15
-16,-7,5,1,-22,-22,-30,-16
-16,-9,2,0,-24,-26,-33,-18
-17,-10,1,0,-23,-26,-33,-19
-18,-9,1,1,-23,-26,-33,-19
-18,-8,1,0,-24,-27,-34,-19
-19,-8,2,0,-24,-27,-34,-19
-19,-7,3,1,-24,-26,-33,-19
-19,-7,2,1,-24,-26,-33,-20
-18,-8,1,0,-24,-27,-34,-20
-18,-8,2,1,-23,-26,-33,-19
-18,-8,2,0,-23,-26,-33,-19
-17,-9,1,0,-23,-27,-34,-19
-17,-10,1,0,-23,-27,-33,-18
-18,-9,1,0,-23,-26,-33,-19
-18,-8,2,0,-24,-26,-34,-19
-18,-8,1,0,-24,-26,-34,-19
-19,-7,2,1,-24,-26,-33,-19
-20,-7,2,1,-24,-26,-33,-19
-18,-8,2,0,-24,-26,-33,-19
-18,-8,2,1,-23,-25,-33,-18
-18,-8,2,1,-23,-26,-33,-19
-17,-10,1,0,-23,-27,-33,-19
-17,-10,1,0,-23,-26,-33,-18
-17,-8,2,1,-23,-26,-33,-18
-18,-8,1,0,-24,-26,-34,-19
-18,-8,1,0,-24,-27,-34,-19
-19,-7,2,1,-24,-26,-33,-18
-20,-7,2,1,-24,-26,-33,-19
-18,-8,1,0,-24,-26,-33,-19
-18,-8,2,1,-24,-26,-33,-18
-18,-8,1,1,-24,-26,-33,-18
-17,-9,1,0,-23,-26,-33,-19
-16,-10,1,0,-22,-26,-33,-18
-18,-9,2,1,-23,-26,-33,-18
-18,-8,1,0,-24,-26,-34,-19
-18,-8,1,0,-24,-26,-34,-19
-19,-8,2,1,-23,-26,-33,-19
-20,-7,3,1,-25,-27,-34,-20
-24,-10,9,2,-29,-34,-40,-25
-29,-13,18,4,-31,-41,-46,-29
-34,-15,25,6,-35,-48,-52,-34
-38,-17,30,6,-39,-55,-58,-39
-38,-11,27,5,-38,-52,-56,-38
-34,-2,18,3,-34,-42,-47,-31
-26,8,1,-1,-27,-26,-34,-22
-10,31,-29,-10,-14,5,-9,-2
11,57,-68,-20,4,45,23,23
35,80,-110,-31,23,86,57,49
62,101,-153,-43,43,127,92,76
88,122,-196,-54,64,169,127,105
114,144,-238,-65,84,210,162,133
140,164,-281,-76,104,251,195,160
167,179,-320,-86,125,290,228,186
191,188,-354,-93,144,325,257,210
214,188,-381,-99,159,351,280,230
231,189,-403,-103,173,372,299,246
243,193,-418,-106,182,389,313,258
249,192,-425,-107,186,396,319,263
254,180,-425,-106,187,394,318,263
252,169,-417,-103,186,387,313,260
245,161,-404,-99,180,374,303,252
235,151,-386,-95,172,356,287,240
223,137,-364,-90,162,333,269,226
205,121,-334,-81,148,305,246,207
184,101,-298,-71,131,269,216,184
160,79,-258,-61,112,229,183,157
133,56,-214,-49,92,187,149,130
106,29,-167,-36,70,142,112,101
82,4,-124,-25,50,99,75,72
56,-14,-83,-14,31,59,43,46
30,-33,-43,-5,11,19,9,19
4,-50,-8,0,-10,-22,-25,-8
-23,-72,4,1,-31,-66,-63,-37
-52,-90,6,1,-53,-109,-98,-66
-72,-85,6,1,-68,-130,-117,-83
-79,-67,6,1,-72,-130,-118,-86
-73,-56,7,2,-66,-115,-106,-77
-60,-42,7,2,-55,-92,-87,-62
-45,-31,6,1,-44,-69,-69,-48
-32,-22,6,2,-34,-49,-52,-34
-23,-13,6,2,-27,-34,-39,-23
-19,-11,5,1,-24,-29,-36,-20
-18,-11,5,1,-23,-29,-35,-20
-19,-10,6,2,-24,-29,-35,-20
-20,-10,6,1,-25,-29,-35,-21
-20,-10,6,1,-25,-29,-36,-21
-21,-9,6,1,-25,-29,-35,-21
-22,-8,7,2,-25,-29,-35,-21
-21,-10,6,1,-26,-29,-36,-21
-20,-9,6,1,-24,-29,-35,-20
-20,-9,6,2,-24,-29,-35,-20
-19,-10,5,1,-25,-29,-35,-21
-18,-11,5,1,-24,-29,-35,-20
-19,-10,6,2,-24,-29,-34,-20
-19,-10,6,1,-24,-29,-35,-21
-20,-10,6,1,-24,-29,-35,-21
-20,-9,6,2,-24,-29,-35,-20
-21,-8,7,2,-25,-28,-35,-21
-20,-9,5,1,-25,-29,-35,-21
-20,-10,5,1,-24,-29,-35,-20
-20,-10,6,1,-24,-28,-35,-20
-19,-10,5,1,-25,-29,-35,-21
-18,-11,5,1,-24,-29,-35,-20
-19,-10,6,2,-24,-28,-35,-20
-20,-9,5,1,-24,-29,-35,-21
-20,-9,6,1,-24,-29,-35,-21
-21,-9,6,2,-24,-28,-35,-20
-21,-8,7,2,-25,-28,-34,-21
-20,-9,6,2,-25,-29,-35,-21
-20,-9,6,2,-24,-28,-34,-20
-20,-9,6,2,-24,-28,-34,-20
-19,-10,6,1,-24,-28,-34,-20
-18,-11,5,1,-24,-29,-35,-20
-19,-10,6,2,-24,-28,-34,-20
-19,-9,6,2,-24,-28,-35,-20
-20,-9,5,1,-24,-29,-35,-21
-21,-9,6,2,-24,-29,-35,-21
-21,-8,7,2,-25,-28,-34,-20
-20,-9,6,1,-25,-28,-35,-21
-20,-10,6,2,-23,-28,-34,-20
-19,-10,6,1,-23,-27,-34,-20
-17,-9,8,2,-22,-26,-32,-18
-16,-9,9,2,-21,-25,-31,-17
-16,-8,10,3,-20,-23,-30,-16
-15,-6,13,3,-20,-21,-28,-15
-14,-6,14,3,-20,-20,-27,-14
-12,-7,16,4,-19,-18,-26,-13
-13,-7,17,4,-18,-17,-25,-12
-12,-8,16,4,-18,-18,-25,-13
-11,-8,17,4,-17,-17,-24,-12
-9,-7,20,5,-16,-14,-22,-10
-8,-7,20,4,-15,-14,-21,-9
-7,-8,19,4,-14,-14,-21,-9
-7,-8,21,5,-14,-12,-21,-8
-6,-9,22,4,-14,-12,-20,-8
-6,-8,23,5,-14,-11,-19,-7
-6,-5,25,6,-13,-9,-18,-7
-6,-4,26,6,-13,-8,-17,-6
-4,-6,27,5,-13,-8,-17,-6
-3,-7,27,6,-11,-7,-15,-5
-2,-7,28,6,-10,-5,-14,-3
0,-6,32,7,-8,-2,-12,-1
4,-5,35,7,-5,1,-8,1
6,-2,40,9,-3,6,-4,5
7,0,44,10,-2,9,-2,6
8,0,45,10,-1,10,-1,6
11,2,50,11,0,14,2,10
12,4,55,13,1,19,6,13
16,6,58,13,3,23,9,15
20,7,63,15,6,28,13,19
23,7,66,16,8,31,16,21
26,6,69,16,10,34,19,24
30,7,73,16,13,38,22,26
31,10,78,19,16,43,26,29
34,12,82,19,17,47,30,32
36,14,87,20,19,51,33,34
39,13,91,21,21,55,36,37
40,14,95,22,23,58,40,39
43,14,95,22,24,59,41,41
45,15,98,23,26,62,43,43
47,15,100,23,27,64,45,45
48,14,100,23,28,65,45,45
50,11,100,23,29,65,46,46
50,13,101,23,29,66,47,47
51,14,103,23,29,68,48,47
51,15,105,24,30,69,49,48
51,15,106,24,30,70,49,48
50,16,106,25,30,70,49,48
49,14,102,24,28,67,47,46
49,13,101,23,28,65,46,46
49,10,99,23,28,64,45,45
48,10,96,22,27,62,43,43
47,7,93,20,26,58,40,42
45,8,92,21,25,57,39,41
42,6,90,20,23,54,36,39
41,6,87,19,22,52,34,37
39,4,85,18,21,49,33,35
36,3,82,18,19,46,30,33
34,3,78,17,16,43,27,30
32,1,74,16,15,40,24,28
31,-2,71,15,14,37,22,27
29,-4,66,14,13,32,19,24
28,-7,62,12,12,28,15,22
26,-11,59,12,10,25,13,20
23,-12,55,11,8,21,9,17
20,-13,51,10,5,17,6,14
17,-10,49,10,4,15,4,12
13,-8,47,10,1,13,2,10
11,-9,44,9,-1,9,0,8
11,-11,42,8,0,8,-1,7
9,-12,40,8,-1,5,-3,6
8,-11,38,7,-2,4,-4,4
7,-11,34,6,-3,1,-7,2
4,-12,32,6,-4,0,-9,1
2,-10,32,7,-6,-1,-10,0
1,-10,30,5,-8,-3,-12,-1
0,-11,27,5,-9,-5,-14,-3
-3,-9,27,6,-10,-6,-14,-3
-3,-8,25,5,-11,-8,-16,-5
-4,-10,23,5,-11,-10,-17,-6
-5,-10,21,4,-13,-11,-19,-7
-6,-10,20,4,-14,-12,-20,-8
-6,-13,17,3,-13,-14,-21,-9
-8,-13,16,3,-14,-16,-23,-10
-10,-11,15,3,-16,-17,-24,-12
-11,-10,14,3,-17,-18,-26,-13
-14,-9,11,2,-19,-21,-28,-15
-17,-9,10,3,-20,-22,-29,-16
-17,-8,8,2,-22,-24,-30,-18
-18,-8,7,2,-21,-25,-31,-17
-18,-7,7,2,-21,-24,-30,-17
-18,-8,6,2,-21,-25,-31,-18
-18,-10,3,0,-22,-29,-34,-19
-19,-10,2,1,-23,-29,-34,-20
-20,-10,3,1,-24,-29,-34,-21
-20,-9,2,0,-24,-30,-35,-21
-21,-9,3,1,-24,-29,-35,-21
-22,-8,4,1,-24,-29,-35,-21
-21,-9,3,1,-25,-29,-35,-21
-20,-9,3,1,-24,-29,-34,-21
-20,-9,2,0,-24,-30,-35,-21
-20,-9,3,0,-24,-29,-35,-21
-22,-8,4,1,-24,-29,-34,-21
-21,-8,3,1,-25,-29,-34,-21
-20,-9,3,1,-24,-29,-34,-21
-20,-9,3,1,-23,-28,-34,-20
-19,-10,2,0,-24,-29,-34,-20
-19,-10,2,0,-23,-29,-34,-20
-19,-10,2,0,-23,-29,-34,-20
-20,-9,3,0,-24,-29,-34,-20
-20,-9,3,0,-24,-29,-35,-21
-21,-9,3,0,-24,-29,-34,-21
-22,-8,4,1,-24,-28,-34,-21
-21,-8,3,0,-25,-29,-34,-21
-20,-9,3,1,-24,-28,-34,-20
-20,-9,3,1,-23,-28,-34,-20
-20,-9,2,1,-24,-29,-34,-20
-19,-10,2,0,-23,-29,-34,-20
-19,-10,2,0,-23,-29,-34,-20
-20,-9,3,0,-23,-29,-34,-20
-20,-9,2,0,-24,-29,-35,-21
-20,-9,3,0,-24,-29,-34,-21
-22,-8,4,1,-24,-28,-33,-20
-21,-8,3,1,-24,-29,-34,-21
-20,-9,3,1,-23,-28,-34,-20
-20,-10,3,1,-23,-28,-34,-20
-20,-9,2,0,-24,-28,-34,-20
-19,-10,1,0,-23,-29,-35,-20
-19,-10,2,0,-22,-28,-34,-20
-20,-9,3,1,-23,-28,-34,-20
-20,-9,3,0,-24,-29,-34,-21
-20,-9,3,1,-23,-28,-34,-21
-21,-8,4,1,-23,-28,-33,-21
-21,-8,3,0,-24,-28,-34,-21
-20,-9,2,0,-23,-28,-34,-20
-20,-10,3,1,-23,-28,-33,-19
-19,-9,3,1,-23,-28,-33,-20
-18,-10,2,0,-23,-29,-34,-20
-19,-10,2,0,-23,-28,-34,-20
-20,-9,3,1,-23,-28,-34,-20
-20,-9,2,0,-23,-29,-34,-21
-20,-9,3,0,-23,-28,-34,-20
-21,-8,4,1,-23,-27,-33,-20
-21,-8,3,1,-24,-28,-33,-20
-20,-9,3,1,-23,-28,-33,-20
-19,-9,3,1,-23,-28,-33,-19
-19,-9,2,1,-23,-28,-33,-20
-18,-10,2,0,-23,-28,-33,-20
-19,-10,2,1,-22,-28,-33,-19
-20,-9,3,1,-23,-28,-34,-20
-20,-9,2,0,-23,-29,-34,-21
-20,-9,3,0,-23,-29,-34,-20
-21,-8,4,1,-23,-28,-33,-20
-20,-8,3,1,-24,-28,-34,-20
-19,-9,3,1,-23,-28,-34,-20
-20,-9,3,1,-23,-28,-33,-20
-20,-9,3,1,-23,-28,-33,-20
-18,-10,2,0,-22,-28,-34,-20
-18,-10,2,0,-22,-28,-33,-19
-20,-9,3,0,-23,-28,-33,-20
-20,-9,3,0,-23,-28,-34,-20
-20,-9,3,1,-23,-28,-33,-20
-21,-8,4,2,-23,-27,-33,-20
-20,-8,3,1,-24,-28,-34,-21
-20,-9,3,1,-23,-28,-33,-20
-19,-9,3,1,-22,-27,-33,-19
-19,-9,2,1,-23,-28,-33,-19
-18,-10,1,0,-22,-29,-33,-20
-19,-9,2,0,-21,-28,-33,-19
-20,-9,3,1,-22,-28,-32,-19
-20,-9,2,0,-23,-28,-33,-20
-20,-9,3,0,-23,-28,-33,-20
-21,-8,4,1,-23,-27,-32,-20
-20,-8,3,1,-24,-28,-33,-20
-19,-9,3,1,-23,-28,-33,-20
