Lead 1,Lead 2,Lead 3,Lead 4,Lead 5,Lead 6,Lead 7,Lead 8
-17.0,-8.0,-12.0,2.0,-16.0,-26.0,-34.0,-34.0
-17.0,-8.0,-11.0,2.0,19805.0,-247.0,22514.0,-1831.0
-16.0,-8.0,-12.0,2.0,-264.0,-25.0,-315.0,-32.0
-16.0,-9.0,-12.0,2.0,-262.0,-25.0,-314.0,-32.0
-15.0,-9.0,-13.0,1.0,-262.0,-25.0,-314.0,-32.0
-14.0,-10.0,-13.0,1.0,-261.0,-25.0,-314.0,-31.0
-15.0,-9.0,-12.0,2.0,-261.0,-25.0,-313.0,-31.0
-16.0,-8.0,-12.0,1.0,-262.0,-26.0,-314.0,-32.0
-16.0,-8.0,-12.0,2.0,-262.0,-25.0,-314.0,-32.0
-16.0,-7.0,-12.0,2.0,-262.0,-25.0,-313.0,-32.0
-14.0,-10.0,-13.0,1.0,-259.0,-25.0,-312.0,-31.0
-15.0,-9.0,-12.0,2.0,-260.0,-25.0,-312.0,-31.0
-16.0,-9.0,-12.0,1.0,-261.0,-25.0,-312.0,-32.0
-16.0,-9.0,-12.0,1.0,-260.0,-25.0,-312.0,-32.0
-20.0,-8.0,-7.0,3.0,-262.0,-29.0,-314.0,-35.0
-26.0,-10.0,0.0,5.0,-268.0,-37.0,-321.0,-40.0
-29.0,-15.0,6.0,6.0,-270.0,-44.0,-327.0,-45.0
-34.0,-16.0,14.0,8.0,-273.0,-51.0,-332.0,-50.0
-37.0,-14.0,16.0,8.0,-275.0,-53.0,-335.0,-52.0
-34.0,-7.0,9.0,5.0,-273.0,-47.0,-329.0,-48.0
-27.0,0.0,-3.0,2.0,-266.0,-34.0,-319.0,-40.0
-15.0,18.0,-26.0,-3.0,-255.0,-10.0,-299.0,-24.0
3.0,44.0,-64.0,-15.0,-240.0,26.0,-270.0,-3.0
27.0,68.0,-105.0,-26.0,-221.0,66.0,-236.0,23.0
51.0,90.0,-146.0,-36.0,-200.0,108.0,-200.0,51.0
77.0,112.0,-189.0,-47.0,-181.0,149.0,-165.0,78.0
104.0,133.0,-232.0,-59.0,-160.0,191.0,-131.0,106.0
130.0,154.0,-274.0,-69.0,-140.0,233.0,-96.0,134.0
156.0,173.0,-315.0,-80.0,-119.0,273.0,-62.0,161.0
182.0,185.0,-353.0,-89.0,-100.0,309.0,-31.0,186.0
208.0,187.0,-385.0,-96.0,-81.0,340.0,-5.0,208.0
227.0,187.0,-407.0,-100.0,-66.0,364.0,15.0,226.0
241.0,191.0,-427.0,-104.0,-55.0,383.0,31.0,239.0
250.0,193.0,-439.0,-107.0,-48.0,394.0,42.0,248.0
255.0,185.0,-440.0,-106.0,-45.0,396.0,45.0,251.0
255.0,175.0,-435.0,-103.0,-46.0,392.0,42.0,249.0
251.0,165.0,-425.0,-100.0,-50.0,381.0,34.0,243.0
242.0,156.0,-409.0,-96.0,-56.0,366.0,21.0,233.0
230.0,145.0,-389.0,-90.0,-65.0,346.0,5.0,221.0
216.0,130.0,-364.0,-84.0,-77.0,321.0,-15.0,204.0
198.0,109.0,-331.0,-76.0,-92.0,288.0,-42.0,183.0
174.0,89.0,-292.0,-65.0,-109.0,251.0,-72.0,159.0
149.0,68.0,-250.0,-54.0,-130.0,209.0,-107.0,131.0
123.0,41.0,-206.0,-42.0,-150.0,164.0,-143.0,102.0
96.0,14.0,-159.0,-29.0,-171.0,120.0,-179.0,73.0
70.0,-5.0,-117.0,-18.0,-191.0,79.0,-213.0,46.0
45.0,-24.0,-77.0,-8.0,-211.0,39.0,-247.0,19.0
19.0,-42.0,-37.0,0.0,-231.0,0.0,-280.0,-7.0
-7.0,-59.0,-11.0,3.0,-252.0,-42.0,-316.0,-35.0
-35.0,-84.0,-9.0,2.0,-275.0,-89.0,-355.0,-66.0
-59.0,-93.0,-9.0,2.0,-292.0,-122.0,-383.0,-90.0
-74.0,-77.0,-7.0,3.0,-301.0,-130.0,-390.0,-98.0
-75.0,-62.0,-7.0,2.0,-301.0,-123.0,-386.0,-96.0
-63.0,-51.0,-7.0,3.0,-291.0,-103.0,-369.0,-83.0
-49.0,-37.0,-7.0,3.0,-280.0,-78.0,-349.0,-67.0
-37.0,-26.0,-6.0,3.0,-270.0,-57.0,-331.0,-53.0
-25.0,-17.0,-7.0,3.0,-261.0,-40.0,-316.0,-42.0
-18.0,-11.0,-7.0,3.0,-255.0,-29.0,-307.0,-34.0
-17.0,-10.0,-7.0,3.0,-254.0,-27.0,-305.0,-33.0
-16.0,-11.0,-8.0,2.0,-254.0,-28.0,-306.0,-33.0
-16.0,-12.0,-9.0,2.0,-253.0,-28.0,-305.0,-33.0
-17.0,-10.0,-7.0,3.0,-253.0,-28.0,-305.0,-33.0
-18.0,-10.0,-8.0,2.0,-254.0,-28.0,-305.0,-33.0
-18.0,-10.0,-8.0,2.0,-254.0,-28.0,-305.0,-34.0
-18.0,-9.0,-7.0,3.0,-254.0,-28.0,-305.0,-33.0
-19.0,-9.0,-6.0,3.0,-255.0,-28.0,-304.0,-33.0
-18.0,-10.0,-7.0,3.0,-254.0,-28.0,-305.0,-33.0
-17.0,-10.0,-7.0,3.0,-253.0,-28.0,-304.0,-33.0
-17.0,-10.0,-7.0,3.0,-253.0,-28.0,-304.0,-33.0
-17.0,-10.0,-8.0,2.0,-253.0,-29.0,-304.0,-33.0
-16.0,-11.0,-9.0,2.0,-252.0,-28.0,-304.0,-33.0
-17.0,-10.0,-7.0,3.0,-251.0,-27.0,-303.0,-32.0
-18.0,-10.0,-7.0,2.0,-252.0,-28.0,-304.0,-33.0
-18.0,-10.0,-8.0,2.0,-252.0,-28.0,-304.0,-34.0
-18.0,-9.0,-7.0,3.0,-252.0,-28.0,-303.0,-33.0
-19.0,-8.0,-6.0,3.0,-252.0,-27.0,-302.0,-33.0
-18.0,-10.0,-7.0,2.0,-252.0,-28.0,-303.0,-34.0
-17.0,-10.0,-7.0,3.0,-252.0,-28.0,-303.0,-33.0
-18.0,-10.0,-7.0,3.0,-251.0,-27.0,-302.0,-32.0
-17.0,-10.0,-8.0,2.0,-252.0,-28.0,-302.0,-33.0
-16.0,-11.0,-9.0,1.0,-251.0,-28.0,-302.0,-33.0
-17.0,-10.0,-8.0,2.0,-250.0,-28.0,-301.0,-32.0
-18.0,-10.0,-7.0,2.0,-251.0,-28.0,-301.0,-33.0
-17.0,-10.0,-8.0,2.0,-250.0,-28.0,-301.0,-33.0
-18.0,-9.0,-7.0,3.0,-250.0,-27.0,-301.0,-33.0
-19.0,-9.0,-6.0,3.0,-251.0,-27.0,-301.0,-33.0
-18.0,-9.0,-7.0,3.0,-251.0,-28.0,-301.0,-33.0
-17.0,-10.0,-7.0,3.0,-250.0,-27.0,-300.0,-32.0
-17.0,-10.0,-7.0,3.0,-250.0,-27.0,-300.0,-32.0
-16.0,-10.0,-8.0,2.0,-250.0,-28.0,-301.0,-33.0
-16.0,-11.0,-9.0,2.0,-249.0,-29.0,-300.0,-32.0
-16.0,-10.0,-7.0,3.0,-248.0,-27.0,-299.0,-32.0
-17.0,-10.0,-7.0,2.0,-249.0,-28.0,-300.0,-33.0
-17.0,-10.0,-8.0,2.0,-249.0,-28.0,-300.0,-33.0
-18.0,-9.0,-7.0,3.0,-249.0,-27.0,-299.0,-32.0
-19.0,-8.0,-6.0,3.0,-250.0,-26.0,-299.0,-33.0
-18.0,-9.0,-7.0,3.0,-249.0,-27.0,-299.0,-33.0
-16.0,-9.0,-6.0,3.0,-248.0,-26.0,-297.0,-31.0
-15.0,-8.0,-3.0,4.0,-246.0,-23.0,-294.0,-30.0
-14.0,-8.0,-3.0,4.0,-246.0,-23.0,-295.0,-29.0
-12.0,-9.0,-2.0,3.0,-244.0,-22.0,-293.0,-28.0
-11.0,-7.0,0.0,5.0,-242.0,-19.0,-290.0,-26.0
-10.0,-7.0,1.0,4.0,-243.0,-18.0,-290.0,-26.0
-9.0,-8.0,2.0,5.0,-242.0,-17.0,-289.0,-25.0
-10.0,-8.0,3.0,5.0,-241.0,-16.0,-288.0,-25.0
-11.0,-7.0,3.0,5.0,-242.0,-16.0,-287.0,-24.0
-8.0,-8.0,4.0,5.0,-241.0,-15.0,-286.0,-24.0
-6.0,-7.0,7.0,6.0,-239.0,-13.0,-284.0,-22.0
-6.0,-7.0,7.0,6.0,-238.0,-12.0,-283.0,-21.0
-5.0,-8.0,6.0,6.0,-238.0,-12.0,-283.0,-21.0
-3.0,-10.0,6.0,5.0,-236.0,-11.0,-282.0,-20.0
-3.0,-10.0,9.0,6.0,-235.0,-10.0,-281.0,-19.0
-3.0,-7.0,10.0,6.0,-235.0,-9.0,-280.0,-19.0
-3.0,-5.0,11.0,6.0,-236.0,-8.0,-280.0,-19.0
-2.0,-6.0,12.0,7.0,-235.0,-7.0,-278.0,-18.0
-2.0,-6.0,14.0,7.0,-234.0,-6.0,-277.0,-17.0
-1.0,-7.0,13.0,7.0,-234.0,-6.0,-277.0,-17.0
1.0,-6.0,16.0,7.0,-232.0,-3.0,-274.0,-14.0
3.0,-4.0,21.0,9.0,-229.0,0.0,-270.0,-11.0
7.0,-3.0,24.0,9.0,-227.0,4.0,-267.0,-9.0
10.0,-2.0,28.0,10.0,-224.0,8.0,-263.0,-6.0
11.0,-1.0,31.0,11.0,-222.0,11.0,-261.0,-4.0
12.0,0.0,33.0,11.0,-222.0,13.0,-259.0,-3.0
15.0,2.0,38.0,13.0,-220.0,17.0,-255.0,0.0
17.0,5.0,43.0,14.0,-217.0,22.0,-251.0,2.0
19.0,7.0,49.0,16.0,-215.0,27.0,-247.0,5.0
23.0,8.0,51.0,16.0,-213.0,30.0,-244.0,7.0
26.0,6.0,54.0,17.0,-211.0,33.0,-241.0,10.0
29.0,7.0,58.0,18.0,-208.0,37.0,-237.0,13.0
32.0,8.0,62.0,18.0,-205.0,41.0,-234.0,16.0
36.0,9.0,66.0,19.0,-203.0,45.0,-230.0,19.0
39.0,12.0,71.0,21.0,-200.0,50.0,-226.0,22.0
41.0,14.0,75.0,22.0,-199.0,54.0,-223.0,24.0
43.0,13.0,78.0,22.0,-196.0,57.0,-220.0,26.0
45.0,13.0,81.0,23.0,-194.0,60.0,-217.0,29.0
45.0,15.0,84.0,24.0,-194.0,62.0,-215.0,30.0
47.0,16.0,86.0,24.0,-193.0,64.0,-213.0,31.0
49.0,14.0,86.0,24.0,-191.0,65.0,-211.0,33.0
51.0,12.0,87.0,25.0,-189.0,67.0,-210.0,34.0
52.0,12.0,87.0,24.0,-190.0,67.0,-210.0,34.0
54.0,12.0,88.0,24.0,-189.0,67.0,-210.0,35.0
54.0,13.0,91.0,25.0,-186.0,70.0,-207.0,37.0
54.0,14.0,92.0,25.0,-187.0,70.0,-207.0,36.0
54.0,14.0,91.0,25.0,-187.0,70.0,-207.0,36.0
53.0,14.0,90.0,25.0,-188.0,69.0,-207.0,35.0
50.0,14.0,89.0,25.0,-189.0,67.0,-209.0,34.0
50.0,12.0,86.0,24.0,-189.0,65.0,-210.0,33.0
50.0,9.0,84.0,23.0,-189.0,63.0,-211.0,33.0
48.0,9.0,82.0,23.0,-190.0,61.0,-212.0,32.0
48.0,7.0,80.0,22.0,-191.0,59.0,-215.0,29.0
47.0,6.0,76.0,21.0,-192.0,56.0,-217.0,28.0
45.0,5.0,75.0,21.0,-193.0,54.0,-218.0,27.0
43.0,5.0,72.0,20.0,-195.0,51.0,-220.0,24.0
41.0,2.0,69.0,18.0,-196.0,48.0,-223.0,22.0
38.0,2.0,66.0,18.0,-198.0,45.0,-226.0,20.0
34.0,3.0,64.0,18.0,-201.0,42.0,-228.0,17.0
33.0,0.0,59.0,16.0,-202.0,39.0,-231.0,15.0
32.0,-3.0,56.0,16.0,-202.0,35.0,-233.0,13.0
30.0,-5.0,52.0,15.0,-203.0,32.0,-236.0,11.0
29.0,-10.0,47.0,13.0,-204.0,28.0,-239.0,9.0
28.0,-14.0,43.0,11.0,-206.0,23.0,-242.0,7.0
24.0,-14.0,40.0,11.0,-207.0,20.0,-245.0,5.0
21.0,-12.0,37.0,11.0,-210.0,17.0,-248.0,2.0
17.0,-10.0,35.0,11.0,-212.0,14.0,-250.0,0.0
14.0,-10.0,32.0,10.0,-214.0,12.0,-252.0,-2.0
12.0,-9.0,31.0,10.0,-216.0,10.0,-253.0,-3.0
12.0,-11.0,27.0,9.0,-217.0,7.0,-256.0,-5.0
11.0,-12.0,25.0,8.0,-217.0,5.0,-257.0,-6.0
9.0,-11.0,24.0,8.0,-218.0,4.0,-258.0,-7.0
7.0,-11.0,20.0,7.0,-220.0,1.0,-261.0,-9.0
7.0,-13.0,17.0,6.0,-220.0,0.0,-262.0,-10.0
5.0,-11.0,17.0,7.0,-220.0,0.0,-262.0,-11.0
2.0,-12.0,15.0,6.0,-222.0,-3.0,-265.0,-13.0
1.0,-11.0,13.0,5.0,-224.0,-6.0,-267.0,-15.0
0.0,-10.0,13.0,6.0,-224.0,-6.0,-267.0,-16.0
-3.0,-8.0,12.0,7.0,-225.0,-7.0,-268.0,-17.0
-3.0,-10.0,9.0,5.0,-227.0,-10.0,-270.0,-19.0
-4.0,-11.0,7.0,4.0,-227.0,-11.0,-271.0,-20.0
-4.0,-11.0,6.0,5.0,-227.0,-12.0,-271.0,-20.0
-5.0,-13.0,4.0,4.0,-228.0,-14.0,-273.0,-21.0
-5.0,-13.0,2.0,3.0,-228.0,-16.0,-274.0,-22.0
-7.0,-11.0,1.0,4.0,-229.0,-16.0,-274.0,-23.0
-10.0,-9.0,0.0,4.0,-231.0,-19.0,-277.0,-25.0
-13.0,-10.0,-3.0,3.0,-232.0,-21.0,-279.0,-27.0
-14.0,-10.0,-4.0,3.0,-233.0,-23.0,-280.0,-29.0
-16.0,-7.0,-4.0,4.0,-234.0,-23.0,-281.0,-29.0
-16.0,-7.0,-5.0,3.0,-235.0,-24.0,-281.0,-30.0
-15.0,-8.0,-5.0,3.0,-234.0,-24.0,-281.0,-29.0
-16.0,-8.0,-6.0,3.0,-234.0,-25.0,-281.0,-30.0
-17.0,-10.0,-9.0,2.0,-236.0,-28.0,-284.0,-32.0
-17.0,-11.0,-11.0,1.0,-236.0,-29.0,-285.0,-32.0
-17.0,-10.0,-9.0,2.0,-235.0,-28.0,-283.0,-32.0
-18.0,-10.0,-9.0,2.0,-236.0,-28.0,-284.0,-32.0
-18.0,-10.0,-10.0,1.0,-236.0,-29.0,-284.0,-33.0
-18.0,-10.0,-9.0,2.0,-236.0,-29.0,-284.0,-33.0
-19.0,-9.0,-8.0,2.0,-236.0,-28.0,-283.0,-32.0
-19.0,-9.0,-9.0,2.0,-235.0,-28.0,-283.0,-33.0
-18.0,-10.0,-9.0,2.0,-235.0,-28.0,-283.0,-32.0
-18.0,-10.0,-9.0,2.0,-234.0,-28.0,-282.0,-32.0
-17.0,-10.0,-9.0,2.0,-234.0,-28.0,-282.0,-32.0
-16.0,-11.0,-11.0,1.0,-234.0,-28.0,-283.0,-32.0
-17.0,-10.0,-10.0,2.0,-233.0,-28.0,-282.0,-32.0
-18.0,-10.0,-10.0,1.0,-234.0,-29.0,-282.0,-32.0
-18.0,-10.0,-9.0,2.0,-234.0,-28.0,-282.0,-32.0
-18.0,-9.0,-9.0,2.0,-234.0,-28.0,-281.0,-32.0
-19.0,-8.0,-8.0,2.0,-234.0,-27.0,-281.0,-32.0
-19.0,-9.0,-9.0,2.0,-234.0,-28.0,-281.0,-33.0
-18.0,-10.0,-9.0,2.0,-233.0,-28.0,-281.0,-32.0
-18.0,-10.0,-9.0,2.0,-233.0,-27.0,-280.0,-31.0
-18.0,-10.0,-9.0,2.0,-233.0,-28.0,-280.0,-32.0
-16.0,-11.0,-11.0,1.0,-233.0,-29.0,-281.0,-32.0
-17.0,-11.0,-10.0,2.0,-232.0,-28.0,-280.0,-31.0
-18.0,-10.0,-9.0,2.0,-232.0,-28.0,-280.0,-32.0
-17.0,-10.0,-9.0,1.0,-233.0,-28.0,-280.0,-33.0
-18.0,-9.0,-9.0,1.0,-232.0,-28.0,-280.0,-32.0
-19.0,-8.0,-8.0,2.0,-233.0,-28.0,-279.0,-32.0
-19.0,-9.0,-9.0,2.0,-233.0,-28.0,-280.0,-32.0
-18.0,-10.0,-9.0,2.0,-232.0,-28.0,-279.0,-32.0
-18.0,-10.0,-9.0,3.0,-231.0,-27.0,-278.0,-31.0
-17.0,-10.0,-9.0,2.0,-232.0,-28.0,-278.0,-31.0
-17.0,-11.0,-11.0,1.0,-231.0,-28.0,-279.0,-32.0
-17.0,-10.0,-9.0,2.0,-230.0,-28.0,-277.0,-31.0
-18.0,-9.0,-9.0,2.0,-231.0,-28.0,-278.0,-32.0
-18.0,-9.0,-9.0,1.0,-231.0,-28.0,-278.0,-32.0
-18.0,-9.0,-9.0,2.0,-231.0,-28.0,-278.0,-32.0
-19.0,-8.0,-8.0,3.0,-231.0,-27.0,-277.0,-32.0
-19.0,-8.0,-9.0,2.0,-232.0,-28.0,-278.0,-32.0
-18.0,-9.0,-9.0,2.0,-231.0,-28.0,-278.0,-32.0
-18.0,-9.0,-9.0,2.0,-230.0,-27.0,-277.0,-31.0
-17.0,-9.0,-9.0,2.0,-230.0,-27.0,-277.0,-32.0
-16.0,-10.0,-11.0,1.0,-230.0,-28.0,-277.0,-32.0
-17.0,-10.0,-9.0,2.0,-229.0,-27.0,-276.0,-31.0
-18.0,-10.0,-9.0,2.0,-229.0,-27.0,-276.0,-31.0
-18.0,-10.0,-10.0,2.0,-230.0,-28.0,-277.0,-32.0
-18.0,-10.0,-9.0,2.0,-229.0,-28.0,-276.0,-32.0
-19.0,-8.0,-8.0,2.0,-230.0,-27.0,-276.0,-32.0
-18.0,-8.0,-9.0,2.0,-230.0,-28.0,-276.0,-32.0
-18.0,-9.0,-9.0,2.0,-229.0,-27.0,-275.0,-31.0
-17.0,-9.0,-8.0,2.0,-228.0,-27.0,-275.0,-31.0
-17.0,-9.0,-9.0,2.0,-229.0,-28.0,-275.0,-31.0
-16.0,-11.0,-10.0,1.0,-229.0,-28.0,-276.0,-31.0
-17.0,-10.0,-9.0,2.0,-228.0,-27.0,-275.0,-30.0
-17.0,-9.0,-9.0,2.0,-228.0,-27.0,-275.0,-31.0
-18.0,-9.0,-9.0,1.0,-228.0,-28.0,-275.0,-32.0
-18.0,-9.0,-9.0,2.0,-228.0,-27.0,-274.0,-32.0
-19.0,-8.0,-8.0,3.0,-228.0,-27.0,-274.0,-31.0
-19.0,-8.0,-9.0,2.0,-228.0,-27.0,-274.0,-32.0
-17.0,-9.0,-9.0,1.0,-228.0,-28.0,-274.0,-31.0
-17.0,-9.0,-9.0,2.0,-227.0,-27.0,-273.0,-31.0
-17.0,-9.0,-9.0,2.0,-227.0,-27.0,-273.0,-31.0
-16.0,-11.0,-10.0,1.0,-227.0,-28.0,-274.0,-31.0
-16.0,-10.0,-9.0,2.0,-226.0,-27.0,-273.0,-31.0
-17.0,-10.0,-9.0,2.0,-227.0,-27.0,-273.0,-31.0
-18.0,-9.0,-9.0,1.0,-227.0,-28.0,-273.0,-32.0
-18.0,-9.0,-9.0,1.0,-227.0,-27.0,-273.0,-32.0
-19.0,-8.0,-8.0,2.0,-227.0,-27.0,-272.0,-32.0
-18.0,-9.0,-9.0,2.0,-227.0,-27.0,-272.0,-32.0
-17.0,-9.0,-9.0,2.0,-226.0,-27.0,-272.0,-31.0
-17.0,-9.0,-8.0,2.0,-225.0,-26.0,-271.0,-30.0
-17.0,-9.0,-9.0,2.0,-225.0,-27.0,-271.0,-31.0
-16.0,-11.0,-10.0,1.0,-225.0,-28.0,-272.0,-31.0
-17.0,-10.0,-9.0,1.0,-225.0,-27.0,-271.0,-30.0
-17.0,-9.0,-9.0,1.0,-225.0,-27.0,-271.0,-31.0
-17.0,-9.0,-9.0,1.0,-226.0,-27.0,-271.0,-31.0
-17.0,-9.0,-9.0,1.0,-225.0,-27.0,-272.0,-31.0
-18.0,-8.0,-8.0,2.0,-226.0,-27.0,-271.0,-31.0
-18.0,-8.0,-8.0,2.0,-226.0,-27.0,-271.0,-31.0
-17.0,-9.0,-9.0,2.0,-225.0,-27.0,-270.0,-31.0
-17.0,-9.0,-9.0,2.0,-224.0,-27.0,-270.0,-31.0
-17.0,-9.0,-9.0,2.0,-225.0,-27.0,-270.0,-30.0
-16.0,-10.0,-10.0,1.0,-224.0,-27.0,-270.0,-31.0
-16.0,-10.0,-9.0,2.0,-223.0,-27.0,-269.0,-30.0
-17.0,-9.0,-9.0,2.0,-223.0,-27.0,-269.0,-31.0
-17.0,-9.0,-9.0,1.0,-224.0,-27.0,-270.0,-31.0
-18.0,-9.0,-9.0,1.0,-224.0,-27.0,-270.0,-31.0
-19.0,-8.0,-8.0,2.0,-224.0,-26.0,-269.0,-31.0
-18.0,-8.0,-9.0,2.0,-224.0,-27.0,-269.0,-31.0
-17.0,-9.0,-9.0,2.0,-224.0,-27.0,-269.0,-31.0
-17.0,-9.0,-8.0,2.0,-223.0,-26.0,-268.0,-30.0
-17.0,-9.0,-9.0,2.0,-223.0,-27.0,-268.0,-30.0
-16.0,-10.0,-10.0,1.0,-223.0,-28.0,-269.0,-31.0
-16.0,-10.0,-9.0,1.0,-222.0,-27.0,-268.0,-30.0
-17.0,-9.0,-9.0,2.0,-222.0,-27.0,-268.0,-30.0
-17.0,-9.0,-9.0,2.0,-223.0,-27.0,-268.0,-31.0
-17.0,-9.0,-9.0,1.0,-222.0,-27.0,-268.0,-31.0
-18.0,-8.0,-8.0,2.0,-223.0,-26.0,-267.0,-31.0
-18.0,-8.0,-8.0,2.0,-223.0,-26.0,-267.0,-31.0
-17.0,-9.0,-9.0,2.0,-222.0,-27.0,-267.0,-31.0
-17.0,-9.0,-8.0,2.0,-221.0,-26.0,-266.0,-30.0
-17.0,-9.0,-9.0,2.0,-222.0,-26.0,-267.0,-30.0
-18.0,-8.0,-8.0,2.0,-221.0,-26.0,-265.0,-30.0
-18.0,-8.0,-8.0,2.0,-221.0,-26.0,-266.0,-31.0
-17.0,-9.0,-9.0,1.0,-221.0,-27.0,-266.0,-31.0
-17.0,-9.0,-9.0,2.0,-220.0,-26.0,-264.0,-30.0
-17.0,-9.0,-9.0,2.0,-220.0,-26.0,-264.0,-30.0
-16.0,-10.0,-10.0,1.0,-220.0,-27.0,-265.0,-30.0
-16.0,-10.0,-9.0,2.0,-219.0,-26.0,-264.0,-29.0
-17.0,-9.0,-9.0,2.0,-220.0,-26.0,-265.0,-30.0
-17.0,-9.0,-9.0,1.0,-220.0,-26.0,-265.0,-31.0
-17.0,-9.0,-9.0,2.0,-220.0,-27.0,-264.0,-30.0
-18.0,-8.0,-8.0,2.0,-220.0,-26.0,-264.0,-31.0
-18.0,-8.0,-8.0,2.0,-221.0,-26.0,-264.0,-31.0
-17.0,-9.0,-9.0,1.0,-219.0,-26.0,-264.0,-30.0
-17.0,-9.0,-8.0,2.0,-218.0,-26.0,-262.0,-29.0
-17.0,-9.0,-9.0,2.0,-219.0,-26.0,-262.0,-30.0
-15.0,-10.0,-10.0,1.0,-219.0,-27.0,-263.0,-30.0
-15.0,-10.0,-9.0,2.0,-218.0,-26.0,-263.0,-30.0
-16.0,-9.0,-9.0,2.0,-218.0,-27.0,-263.0,-30.0
-17.0,-9.0,-9.0,1.0,-219.0,-27.0,-263.0,-30.0
-17.0,-9.0,-9.0,1.0,-219.0,-27.0,-263.0,-31.0
-18.0,-8.0,-8.0,2.0,-219.0,-26.0,-262.0,-30.0
-18.0,-8.0,-8.0,2.0,-219.0,-26.0,-262.0,-30.0
-17.0,-9.0,-9.0,1.0,-218.0,-26.0,-262.0,-31.0
-17.0,-9.0,-8.0,2.0,-217.0,-26.0,-261.0,-30.0
-17.0,-9.0,-9.0,2.0,-217.0,-26.0,-261.0,-30.0
-15.0,-10.0,-10.0,1.0,-217.0,-26.0,-262.0,-30.0
-15.0,-10.0,-9.0,2.0,-215.0,-26.0,-261.0,-29.0
-17.0,-9.0,-9.0,1.0,-216.0,-26.0,-261.0,-29.0
-17.0,-9.0,-9.0,1.0,-217.0,-26.0,-262.0,-30.0
-17.0,-9.0,-9.0,1.0,-217.0,-26.0,-261.0,-30.0
-18.0,-8.0,-8.0,2.0,-217.0,-26.0,-260.0,-30.0
-18.0,-7.0,-8.0,2.0,-217.0,-26.0,-261.0,-30.0
-17.0,-9.0,-9.0,1.0,-217.0,-26.0,-261.0,-30.0
-17.0,-9.0,-8.0,2.0,-216.0,-26.0,-260.0,-29.0
-17.0,-9.0,-9.0,2.0,-216.0,-25.0,-260.0,-29.0
-16.0,-10.0,-9.0,1.0,-216.0,-26.0,-260.0,-30.0
-16.0,-10.0,-9.0,1.0,-215.0,-26.0,-260.0,-29.0
-16.0,-9.0,-9.0,2.0,-215.0,-26.0,-259.0,-30.0
-17.0,-9.0,-9.0,1.0,-215.0,-26.0,-260.0,-30.0
-17.0,-9.0,-9.0,1.0,-215.0,-26.0,-260.0,-30.0
-18.0,-8.0,-7.0,2.0,-215.0,-26.0,-259.0,-30.0
-18.0,-7.0,-8.0,2.0,-216.0,-26.0,-259.0,-30.0
-17.0,-9.0,-8.0,2.0,-215.0,-26.0,-258.0,-30.0
-17.0,-9.0,-8.0,2.0,-215.0,-25.0,-258.0,-29.0
-15.0,-8.0,-6.0,2.0,-214.0,-23.0,-256.0,-27.0
-11.0,-7.0,-3.0,2.0,-211.0,-20.0,-253.0,-25.0
-10.0,-6.0,-1.0,3.0,-209.0,-17.0,-250.0,-23.0
-9.0,-5.0,2.0,4.0,-208.0,-14.0,-248.0,-21.0
-6.0,-5.0,5.0,5.0,-206.0,-12.0,-246.0,-19.0
-2.0,-7.0,9.0,5.0,-203.0,-8.0,-242.0,-16.0
-1.0,-6.0,13.0,6.0,-201.0,-4.0,-239.0,-14.0
0.0,-5.0,15.0,7.0,-200.0,-2.0,-237.0,-12.0
3.0,-7.0,17.0,6.0,-198.0,0.0,-234.0,-10.0
4.0,-7.0,18.0,7.0,-197.0,1.0,-232.0,-9.0
5.0,-4.0,20.0,8.0,-196.0,3.0,-231.0,-8.0
6.0,-4.0,20.0,7.0,-196.0,3.0,-231.0,-7.0
8.0,-6.0,21.0,8.0,-194.0,4.0,-230.0,-6.0
8.0,-6.0,22.0,8.0,-194.0,5.0,-229.0,-6.0
7.0,-6.0,22.0,8.0,-194.0,5.0,-229.0,-6.0
7.0,-6.0,22.0,8.0,-194.0,4.0,-229.0,-7.0
6.0,-5.0,23.0,8.0,-194.0,5.0,-228.0,-6.0
6.0,-5.0,23.0,8.0,-195.0,4.0,-229.0,-7.0
7.0,-9.0,20.0,7.0,-194.0,3.0,-230.0,-7.0
8.0,-11.0,20.0,7.0,-193.0,3.0,-229.0,-7.0
7.0,-11.0,19.0,7.0,-193.0,3.0,-229.0,-7.0
8.0,-11.0,18.0,6.0,-194.0,1.0,-231.0,-8.0
7.0,-10.0,18.0,7.0,-194.0,1.0,-231.0,-8.0
5.0,-8.0,18.0,7.0,-194.0,0.0,-231.0,-9.0
4.0,-8.0,18.0,6.0,-195.0,0.0,-231.0,-10.0
4.0,-8.0,16.0,6.0,-196.0,0.0,-232.0,-10.0
1.0,-8.0,15.0,6.0,-197.0,-2.0,-233.0,-11.0
0.0,-8.0,14.0,6.0,-198.0,-3.0,-234.0,-12.0
1.0,-10.0,12.0,5.0,-198.0,-4.0,-235.0,-13.0
0.0,-11.0,10.0,5.0,-198.0,-6.0,-237.0,-14.0
0.0,-10.0,8.0,5.0,-199.0,-7.0,-238.0,-15.0
-1.0,-10.0,6.0,4.0,-200.0,-9.0,-239.0,-16.0
-2.0,-11.0,4.0,4.0,-200.0,-11.0,-240.0,-17.0
-5.0,-11.0,3.0,4.0,-202.0,-13.0,-242.0,-19.0
-7.0,-9.0,1.0,3.0,-203.0,-15.0,-243.0,-21.0
-8.0,-8.0,0.0,3.0,-204.0,-16.0,-244.0,-22.0
-11.0,-7.0,0.0,3.0,-205.0,-17.0,-245.0,-23.0
-14.0,-7.0,-2.0,3.0,-207.0,-20.0,-248.0,-25.0
-14.0,-7.0,-5.0,2.0,-209.0,-22.0,-249.0,-27.0
-15.0,-7.0,-6.0,2.0,-208.0,-23.0,-250.0,-27.0
-16.0,-9.0,-8.0,2.0,-210.0,-25.0,-252.0,-29.0
-15.0,-10.0,-10.0,1.0,-210.0,-26.0,-252.0,-29.0
-15.0,-10.0,-10.0,1.0,-209.0,-26.0,-252.0,-29.0
-16.0,-9.0,-9.0,1.0,-209.0,-25.0,-252.0,-29.0
-16.0,-8.0,-9.0,1.0,-209.0,-26.0,-252.0,-30.0
-16.0,-9.0,-9.0,1.0,-209.0,-26.0,-252.0,-30.0
-17.0,-8.0,-8.0,2.0,-209.0,-25.0,-251.0,-29.0
-18.0,-7.0,-8.0,2.0,-210.0,-25.0,-251.0,-29.0
-17.0,-8.0,-9.0,1.0,-209.0,-26.0,-252.0,-30.0
-16.0,-9.0,-8.0,2.0,-209.0,-25.0,-251.0,-29.0
-16.0,-8.0,-9.0,2.0,-209.0,-26.0,-251.0,-29.0
-15.0,-9.0,-10.0,1.0,-209.0,-26.0,-251.0,-29.0
-15.0,-10.0,-9.0,1.0,-207.0,-25.0,-250.0,-28.0
-16.0,-8.0,-9.0,1.0,-207.0,-26.0,-250.0,-29.0
-17.0,-8.0,-9.0,1.0,-208.0,-26.0,-251.0,-29.0
-17.0,-8.0,-9.0,1.0,-208.0,-26.0,-250.0,-29.0
-17.0,-8.0,-8.0,2.0,-208.0,-25.0,-250.0,-29.0
-18.0,-7.0,-7.0,2.0,-208.0,-25.0,-249.0,-29.0
-17.0,-8.0,-9.0,1.0,-208.0,-26.0,-250.0,-29.0
-16.0,-8.0,-9.0,1.0,-207.0,-25.0,-249.0,-29.0
-16.0,-8.0,-9.0,2.0,-207.0,-25.0,-249.0,-28.0
-15.0,-9.0,-10.0,1.0,-207.0,-26.0,-249.0,-29.0
-15.0,-10.0,-9.0,1.0,-206.0,-25.0,-249.0,-28.0
-16.0,-9.0,-9.0,1.0,-207.0,-25.0,-249.0,-29.0
-16.0,-8.0,-9.0,1.0,-208.0,-26.0,-249.0,-29.0
-17.0,-8.0,-9.0,1.0,-207.0,-26.0,-249.0,-29.0
-17.0,-8.0,-8.0,2.0,-206.0,-25.0,-248.0,-29.0
-18.0,-7.0,-8.0,2.0,-207.0,-25.0,-248.0,-29.0
-17.0,-8.0,-9.0,1.0,-207.0,-25.0,-248.0,-29.0
-16.0,-8.0,-9.0,2.0,-206.0,-24.0,-247.0,-28.0
-16.0,-8.0,-8.0,2.0,-205.0,-25.0,-247.0,-28.0
-15.0,-9.0,-9.0,1.0,-206.0,-26.0,-248.0,-29.0
-15.0,-9.0,-9.0,1.0,-205.0,-25.0,-247.0,-28.0
-16.0,-9.0,-9.0,1.0,-205.0,-25.0,-247.0,-28.0
-16.0,-8.0,-9.0,1.0,-206.0,-25.0,-247.0,-29.0
-17.0,-8.0,-9.0,1.0,-206.0,-25.0,-248.0,-29.0
-20.0,-8.0,-5.0,3.0,-208.0,-29.0,-250.0,-31.0
-26.0,-10.0,3.0,5.0,-212.0,-36.0,-257.0,-37.0
-29.0,-14.0,9.0,6.0,-216.0,-44.0,-263.0,-42.0
-35.0,-16.0,17.0,8.0,-218.0,-51.0,-268.0,-46.0
-38.0,-14.0,20.0,8.0,-220.0,-54.0,-271.0,-48.0
-35.0,-7.0,12.0,5.0,-219.0,-48.0,-266.0,-45.0
-27.0,0.0,0.0,2.0,-212.0,-35.0,-255.0,-37.0
-16.0,16.0,-22.0,-3.0,-202.0,-12.0,-236.0,-23.0
1.0,42.0,-58.0,-14.0,-187.0,24.0,-207.0,-1.0
25.0,66.0,-99.0,-25.0,-167.0,64.0,-173.0,24.0
50.0,89.0,-141.0,-36.0,-147.0,106.0,-138.0,52.0
75.0,111.0,-183.0,-47.0,-127.0,147.0,-103.0,80.0
102.0,132.0,-226.0,-58.0,-107.0,188.0,-69.0,107.0
128.0,153.0,-268.0,-69.0,-86.0,231.0,-34.0,136.0
153.0,173.0,-309.0,-79.0,-66.0,271.0,0.0,162.0
180.0,185.0,-348.0,-89.0,-46.0,307.0,30.0,188.0
206.0,187.0,-380.0,-95.0,-27.0,338.0,57.0,211.0
225.0,187.0,-403.0,-99.0,-12.0,363.0,78.0,229.0
239.0,190.0,-422.0,-104.0,-2.0,381.0,94.0,242.0
249.0,193.0,-435.0,-107.0,4.0,394.0,105.0,250.0
253.0,186.0,-437.0,-106.0,8.0,397.0,108.0,254.0
254.0,176.0,-432.0,-103.0,8.0,392.0,106.0,253.0
251.0,166.0,-423.0,-101.0,4.0,382.0,97.0,246.0
242.0,157.0,-406.0,-96.0,-2.0,367.0,85.0,237.0
230.0,146.0,-387.0,-91.0,-11.0,347.0,69.0,224.0
217.0,131.0,-363.0,-85.0,-23.0,322.0,48.0,208.0
199.0,110.0,-330.0,-76.0,-36.0,289.0,22.0,187.0
175.0,91.0,-291.0,-66.0,-54.0,252.0,-7.0,163.0
149.0,69.0,-249.0,-55.0,-75.0,210.0,-42.0,135.0
123.0,43.0,-204.0,-43.0,-96.0,166.0,-78.0,107.0
97.0,16.0,-158.0,-30.0,-116.0,122.0,-114.0,79.0
70.0,-3.0,-115.0,-18.0,-136.0,81.0,-148.0,51.0
45.0,-22.0,-76.0,-9.0,-156.0,41.0,-182.0,23.0
20.0,-41.0,-35.0,0.0,-176.0,0.0,-216.0,-2.0
-7.0,-58.0,-9.0,2.0,-198.0,-40.0,-251.0,-31.0
-35.0,-82.0,-5.0,1.0,-220.0,-87.0,-289.0,-62.0
-60.0,-93.0,-5.0,1.0,-238.0,-122.0,-319.0,-85.0
-75.0,-78.0,-4.0,2.0,-248.0,-131.0,-327.0,-95.0
-76.0,-62.0,-4.0,2.0,-248.0,-124.0,-323.0,-93.0
-65.0,-51.0,-3.0,2.0,-238.0,-105.0,-307.0,-81.0
-51.0,-37.0,-3.0,3.0,-227.0,-80.0,-287.0,-65.0
-38.0,-26.0,-3.0,3.0,-217.0,-58.0,-269.0,-51.0
-26.0,-18.0,-4.0,2.0,-208.0,-41.0,-254.0,-39.0
-19.0,-11.0,-4.0,3.0,-202.0,-30.0,-244.0,-31.0
-18.0,-10.0,-4.0,3.0,-201.0,-28.0,-243.0,-29.0
-18.0,-10.0,-5.0,2.0,-201.0,-29.0,-243.0,-30.0
-17.0,-11.0,-5.0,2.0,-200.0,-29.0,-243.0,-30.0
-18.0,-10.0,-4.0,3.0,-201.0,-28.0,-242.0,-30.0
-18.0,-10.0,-4.0,3.0,-201.0,-28.0,-242.0,-30.0
-18.0,-10.0,-4.0,2.0,-201.0,-28.0,-243.0,-30.0
-19.0,-9.0,-4.0,3.0,-201.0,-28.0,-242.0,-30.0
-20.0,-8.0,-3.0,3.0,-201.0,-28.0,-242.0,-30.0
-19.0,-9.0,-4.0,2.0,-201.0,-28.0,-242.0,-31.0
-18.0,-10.0,-4.0,2.0,-200.0,-28.0,-242.0,-30.0
-18.0,-10.0,-4.0,3.0,-200.0,-28.0,-241.0,-30.0
-18.0,-10.0,-4.0,2.0,-200.0,-28.0,-241.0,-30.0
-17.0,-11.0,-5.0,2.0,-199.0,-28.0,-241.0,-30.0
-17.0,-10.0,-4.0,2.0,-199.0,-28.0,-241.0,-30.0
-18.0,-10.0,-4.0,2.0,-200.0,-28.0,-241.0,-31.0
-19.0,-10.0,-4.0,2.0,-200.0,-29.0,-241.0,-31.0
-19.0,-9.0,-4.0,3.0,-200.0,-28.0,-241.0,-30.0
-20.0,-8.0,-3.0,3.0,-200.0,-27.0,-240.0,-30.0
-19.0,-9.0,-4.0,2.0,-200.0,-28.0,-241.0,-30.0
-18.0,-10.0,-4.0,3.0,-199.0,-28.0,-240.0,-29.0
-18.0,-10.0,-4.0,3.0,-198.0,-27.0,-240.0,-29.0
-17.0,-10.0,-4.0,2.0,-199.0,-28.0,-240.0,-29.0
-16.0,-11.0,-5.0,2.0,-198.0,-28.0,-240.0,-30.0
-17.0,-10.0,-4.0,2.0,-198.0,-28.0,-239.0,-30.0
-18.0,-10.0,-4.0,2.0,-198.0,-28.0,-239.0,-30.0
-18.0,-10.0,-4.0,2.0,-198.0,-28.0,-240.0,-31.0
-19.0,-9.0,-3.0,2.0,-198.0,-28.0,-239.0,-30.0
-20.0,-9.0,-3.0,3.0,-198.0,-27.0,-239.0,-30.0
-18.0,-9.0,-4.0,2.0,-199.0,-28.0,-239.0,-30.0
-18.0,-10.0,-4.0,3.0,-198.0,-28.0,-239.0,-30.0
-18.0,-9.0,-4.0,3.0,-198.0,-28.0,-238.0,-29.0
-17.0,-10.0,-4.0,2.0,-198.0,-28.0,-239.0,-29.0
-16.0,-11.0,-5.0,2.0,-197.0,-28.0,-238.0,-29.0
-17.0,-10.0,-4.0,2.0,-197.0,-28.0,-238.0,-29.0
-18.0,-10.0,-4.0,2.0,-197.0,-28.0,-239.0,-30.0
-18.0,-10.0,-4.0,2.0,-197.0,-28.0,-239.0,-30.0
-18.0,-9.0,-4.0,3.0,-197.0,-28.0,-238.0,-30.0
-19.0,-8.0,-3.0,3.0,-197.0,-27.0,-237.0,-30.0
-18.0,-9.0,-4.0,2.0,-197.0,-28.0,-238.0,-30.0
-17.0,-9.0,-2.0,3.0,-196.0,-26.0,-236.0,-29.0
-16.0,-8.0,0.0,4.0,-194.0,-24.0,-233.0,-26.0
-14.0,-8.0,0.0,3.0,-194.0,-24.0,-233.0,-27.0
-12.0,-9.0,0.0,3.0,-192.0,-22.0,-232.0,-25.0
-12.0,-7.0,3.0,4.0,-191.0,-19.0,-229.0,-23.0
-12.0,-7.0,4.0,4.0,-191.0,-18.0,-229.0,-23.0
-10.0,-9.0,5.0,4.0,-190.0,-18.0,-228.0,-23.0
-10.0,-8.0,6.0,4.0,-189.0,-17.0,-227.0,-22.0
-11.0,-7.0,7.0,5.0,-190.0,-16.0,-226.0,-22.0
-9.0,-7.0,7.0,5.0,-189.0,-16.0,-226.0,-21.0
-7.0,-7.0,10.0,5.0,-187.0,-13.0,-223.0,-19.0
-6.0,-7.0,10.0,6.0,-186.0,-12.0,-222.0,-18.0
-6.0,-8.0,9.0,5.0,-187.0,-13.0,-223.0,-19.0
-3.0,-10.0,10.0,5.0,-185.0,-12.0,-222.0,-18.0
-3.0,-10.0,12.0,6.0,-183.0,-11.0,-220.0,-17.0
-4.0,-7.0,13.0,6.0,-184.0,-10.0,-220.0,-16.0
-4.0,-5.0,14.0,6.0,-184.0,-9.0,-219.0,-16.0
-3.0,-6.0,16.0,7.0,-183.0,-7.0,-217.0,-15.0
-3.0,-6.0,18.0,8.0,-182.0,-6.0,-216.0,-14.0
-1.0,-7.0,17.0,7.0,-182.0,-7.0,-216.0,-14.0
0.0,-6.0,19.0,8.0,-180.0,-4.0,-214.0,-12.0
2.0,-4.0,24.0,8.0,-177.0,0.0,-209.0,-8.0
6.0,-3.0,27.0,9.0,-175.0,4.0,-206.0,-5.0
9.0,-2.0,31.0,10.0,-172.0,8.0,-203.0,-3.0
10.0,-1.0,33.0,11.0,-171.0,10.0,-201.0,-2.0
12.0,0.0,37.0,12.0,-171.0,13.0,-199.0,0.0
14.0,2.0,41.0,13.0,-169.0,17.0,-195.0,1.0
16.0,4.0,46.0,14.0,-166.0,22.0,-191.0,5.0
18.0,7.0,51.0,15.0,-164.0,26.0,-187.0,8.0
22.0,8.0,54.0,16.0,-163.0,29.0,-184.0,10.0
25.0,6.0,57.0,17.0,-159.0,33.0,-181.0,13.0
28.0,7.0,61.0,17.0,-157.0,37.0,-177.0,16.0
32.0,8.0,65.0,18.0,-155.0,41.0,-174.0,18.0
36.0,9.0,69.0,19.0,-152.0,45.0,-170.0,21.0
37.0,12.0,74.0,21.0,-149.0,50.0,-165.0,25.0
39.0,14.0,78.0,22.0,-148.0,54.0,-163.0,27.0
42.0,13.0,81.0,22.0,-145.0,56.0,-160.0,29.0
44.0,14.0,85.0,24.0,-144.0,60.0,-157.0,31.0
44.0,15.0,87.0,24.0,-143.0,62.0,-156.0,32.0
47.0,16.0,88.0,24.0,-142.0,64.0,-154.0,34.0
49.0,14.0,89.0,24.0,-141.0,65.0,-152.0,36.0
50.0,13.0,91.0,24.0,-139.0,66.0,-151.0,37.0
51.0,12.0,90.0,24.0,-139.0,66.0,-151.0,37.0
53.0,11.0,91.0,24.0,-137.0,67.0,-149.0,38.0
54.0,13.0,94.0,25.0,-136.0,70.0,-147.0,40.0
53.0,14.0,95.0,25.0,-137.0,70.0,-147.0,39.0
53.0,14.0,95.0,25.0,-136.0,70.0,-147.0,39.0
52.0,14.0,94.0,25.0,-137.0,69.0,-148.0,39.0
49.0,14.0,92.0,25.0,-138.0,67.0,-149.0,37.0
49.0,12.0,90.0,23.0,-139.0,65.0,-151.0,36.0
49.0,9.0,88.0,23.0,-139.0,63.0,-152.0,35.0
48.0,9.0,86.0,23.0,-140.0,61.0,-153.0,34.0
47.0,7.0,83.0,22.0,-141.0,59.0,-156.0,32.0
47.0,6.0,80.0,21.0,-142.0,56.0,-157.0,31.0
44.0,5.0,78.0,21.0,-143.0,54.0,-159.0,30.0
42.0,4.0,76.0,20.0,-144.0,52.0,-161.0,27.0
40.0,2.0,73.0,18.0,-146.0,48.0,-164.0,25.0
37.0,2.0,70.0,18.0,-148.0,45.0,-167.0,23.0
34.0,3.0,67.0,18.0,-150.0,43.0,-169.0,20.0
33.0,0.0,63.0,17.0,-152.0,38.0,-172.0,18.0
32.0,-3.0,59.0,16.0,-152.0,35.0,-174.0,16.0
30.0,-5.0,54.0,15.0,-153.0,31.0,-177.0,14.0
29.0,-9.0,51.0,13.0,-155.0,27.0,-180.0,12.0
28.0,-13.0,46.0,11.0,-156.0,23.0,-183.0,10.0
24.0,-14.0,43.0,11.0,-158.0,19.0,-186.0,7.0
21.0,-12.0,40.0,10.0,-160.0,17.0,-189.0,4.0
17.0,-10.0,38.0,10.0,-162.0,14.0,-192.0,2.0
15.0,-10.0,35.0,10.0,-165.0,11.0,-194.0,0.0
12.0,-9.0,34.0,10.0,-165.0,10.0,-195.0,0.0
11.0,-11.0,31.0,9.0,-167.0,7.0,-197.0,-2.0
11.0,-12.0,29.0,8.0,-167.0,5.0,-198.0,-3.0
9.0,-11.0,27.0,8.0,-168.0,4.0,-199.0,-4.0
7.0,-11.0,23.0,8.0,-170.0,1.0,-202.0,-6.0
6.0,-13.0,21.0,7.0,-169.0,0.0,-203.0,-8.0
4.0,-11.0,20.0,7.0,-171.0,-1.0,-204.0,-9.0
2.0,-11.0,18.0,6.0,-173.0,-4.0,-207.0,-11.0
0.0,-11.0,16.0,5.0,-174.0,-6.0,-208.0,-13.0
0.0,-10.0,16.0,6.0,-175.0,-6.0,-209.0,-13.0
-3.0,-8.0,15.0,6.0,-176.0,-7.0,-210.0,-15.0
-3.0,-11.0,11.0,5.0,-178.0,-10.0,-212.0,-16.0
-4.0,-10.0,10.0,5.0,-178.0,-11.0,-213.0,-17.0
-5.0,-11.0,9.0,5.0,-178.0,-12.0,-213.0,-17.0
-5.0,-13.0,7.0,4.0,-178.0,-14.0,-215.0,-18.0
-6.0,-13.0,4.0,3.0,-179.0,-17.0,-217.0,-20.0
-7.0,-12.0,5.0,4.0,-179.0,-17.0,-216.0,-20.0
-10.0,-10.0,3.0,3.0,-181.0,-19.0,-218.0,-22.0
-13.0,-11.0,0.0,2.0,-183.0,-22.0,-221.0,-25.0
-14.0,-10.0,-1.0,3.0,-184.0,-23.0,-222.0,-26.0
-17.0,-7.0,0.0,3.0,-185.0,-23.0,-222.0,-27.0
-17.0,-7.0,-2.0,3.0,-186.0,-24.0,-223.0,-27.0
-16.0,-7.0,-2.0,2.0,-185.0,-24.0,-223.0,-27.0
-16.0,-8.0,-3.0,2.0,-185.0,-25.0,-223.0,-27.0
-18.0,-9.0,-6.0,1.0,-187.0,-28.0,-226.0,-29.0
-17.0,-11.0,-7.0,1.0,-186.0,-29.0,-226.0,-29.0
-18.0,-11.0,-6.0,2.0,-186.0,-28.0,-226.0,-29.0
-19.0,-10.0,-6.0,2.0,-187.0,-29.0,-226.0,-30.0
-18.0,-10.0,-6.0,1.0,-187.0,-29.0,-226.0,-30.0
-19.0,-10.0,-6.0,2.0,-186.0,-29.0,-226.0,-30.0
-20.0,-9.0,-5.0,2.0,-186.0,-28.0,-225.0,-29.0
-19.0,-9.0,-6.0,1.0,-187.0,-29.0,-226.0,-30.0
-18.0,-9.0,-6.0,2.0,-186.0,-28.0,-225.0,-29.0
-18.0,-10.0,-6.0,2.0,-185.0,-28.0,-225.0,-29.0
-18.0,-10.0,-6.0,1.0,-186.0,-28.0,-224.0,-29.0
-17.0,-11.0,-7.0,1.0,-185.0,-29.0,-225.0,-30.0
-18.0,-10.0,-7.0,2.0,-185.0,-29.0,-225.0,-29.0
-18.0,-9.0,-6.0,1.0,-185.0,-28.0,-224.0,-29.0
-18.0,-10.0,-6.0,1.0,-186.0,-29.0,-225.0,-30.0
-19.0,-9.0,-6.0,1.0,-185.0,-29.0,-224.0,-30.0
-20.0,-8.0,-5.0,2.0,-186.0,-28.0,-224.0,-29.0
-19.0,-9.0,-6.0,2.0,-186.0,-28.0,-224.0,-30.0
-18.0,-10.0,-6.0,2.0,-185.0,-28.0,-223.0,-29.0
-19.0,-9.0,-6.0,2.0,-184.0,-28.0,-223.0,-29.0
-18.0,-10.0,-6.0,1.0,-185.0,-28.0,-223.0,-29.0
-17.0,-10.0,-7.0,0.0,-184.0,-29.0,-223.0,-29.0
-18.0,-10.0,-6.0,1.0,-183.0,-28.0,-223.0,-29.0
-18.0,-9.0,-6.0,2.0,-184.0,-28.0,-223.0,-29.0
-19.0,-9.0,-7.0,1.0,-185.0,-28.0,-223.0,-30.0
-19.0,-9.0,-6.0,1.0,-184.0,-28.0,-223.0,-30.0
-20.0,-8.0,-5.0,3.0,-184.0,-27.0,-222.0,-29.0
-19.0,-9.0,-6.0,2.0,-185.0,-28.0,-222.0,-29.0
-18.0,-9.0,-6.0,2.0,-184.0,-28.0,-222.0,-29.0
-18.0,-9.0,-6.0,2.0,-183.0,-27.0,-221.0,-29.0
-18.0,-9.0,-6.0,2.0,-183.0,-28.0,-222.0,-29.0
-17.0,-10.0,-7.0,1.0,-182.0,-28.0,-222.0,-29.0
-17.0,-10.0,-6.0,2.0,-182.0,-28.0,-221.0,-28.0
-18.0,-9.0,-6.0,2.0,-183.0,-28.0,-221.0,-29.0
-18.0,-9.0,-6.0,1.0,-184.0,-28.0,-222.0,-30.0
-18.0,-9.0,-6.0,1.0,-183.0,-28.0,-222.0,-30.0
-20.0,-8.0,-5.0,2.0,-183.0,-27.0,-221.0,-29.0
-19.0,-8.0,-6.0,1.0,-184.0,-28.0,-222.0,-30.0
-19.0,-9.0,-6.0,1.0,-183.0,-28.0,-221.0,-29.0
-18.0,-9.0,-6.0,2.0,-182.0,-28.0,-221.0,-28.0
-18.0,-9.0,-6.0,2.0,-183.0,-28.0,-221.0,-29.0
-16.0,-11.0,-7.0,1.0,-182.0,-29.0,-221.0,-29.0
-17.0,-10.0,-7.0,1.0,-181.0,-28.0,-220.0,-28.0
-18.0,-9.0,-6.0,2.0,-182.0,-28.0,-220.0,-29.0
-18.0,-9.0,-6.0,1.0,-182.0,-28.0,-221.0,-30.0
-18.0,-9.0,-6.0,1.0,-182.0,-28.0,-220.0,-29.0
-20.0,-8.0,-5.0,2.0,-182.0,-27.0,-219.0,-29.0
-19.0,-8.0,-6.0,2.0,-183.0,-28.0,-220.0,-29.0
-18.0,-9.0,-6.0,2.0,-182.0,-28.0,-220.0,-29.0
-18.0,-9.0,-6.0,2.0,-181.0,-27.0,-219.0,-28.0
-17.0,-9.0,-6.0,2.0,-182.0,-28.0,-219.0,-29.0
-16.0,-10.0,-7.0,1.0,-181.0,-28.0,-219.0,-28.0
-17.0,-10.0,-7.0,2.0,-180.0,-28.0,-219.0,-28.0
-18.0,-10.0,-6.0,2.0,-181.0,-28.0,-219.0,-28.0
-18.0,-9.0,-7.0,2.0,-181.0,-28.0,-219.0,-29.0
-18.0,-9.0,-6.0,2.0,-180.0,-28.0,-219.0,-29.0
-19.0,-8.0,-5.0,2.0,-181.0,-27.0,-218.0,-29.0
-19.0,-9.0,-6.0,2.0,-182.0,-28.0,-218.0,-29.0
-19.0,-9.0,-6.0,2.0,-180.0,-28.0,-218.0,-28.0
-18.0,-9.0,-6.0,2.0,-180.0,-27.0,-218.0,-28.0
-18.0,-9.0,-6.0,1.0,-180.0,-28.0,-218.0,-28.0
-16.0,-11.0,-7.0,1.0,-180.0,-28.0,-218.0,-28.0
-17.0,-10.0,-6.0,1.0,-179.0,-28.0,-218.0,-28.0
-18.0,-10.0,-6.0,1.0,-180.0,-28.0,-217.0,-28.0
-18.0,-9.0,-6.0,1.0,-180.0,-28.0,-218.0,-29.0
-18.0,-9.0,-6.0,1.0,-180.0,-28.0,-217.0,-29.0
-19.0,-8.0,-5.0,2.0,-180.0,-27.0,-217.0,-28.0
-19.0,-9.0,-5.0,1.0,-180.0,-27.0,-217.0,-29.0
-18.0,-9.0,-6.0,2.0,-179.0,-27.0,-217.0,-28.0
-18.0,-9.0,-6.0,2.0,-179.0,-27.0,-216.0,-28.0
-18.0,-9.0,-6.0,1.0,-179.0,-27.0,-217.0,-28.0
-16.0,-10.0,-7.0,1.0,-179.0,-28.0,-217.0,-28.0
-17.0,-10.0,-7.0,1.0,-178.0,-27.0,-216.0,-28.0
-18.0,-10.0,-6.0,1.0,-178.0,-27.0,-216.0,-28.0
-18.0,-9.0,-7.0,1.0,-179.0,-28.0,-217.0,-29.0
-18.0,-9.0,-6.0,1.0,-179.0,-27.0,-216.0,-29.0
-19.0,-8.0,-5.0,2.0,-178.0,-26.0,-215.0,-28.0
-19.0,-8.0,-6.0,2.0,-179.0,-27.0,-216.0,-29.0
-18.0,-9.0,-6.0,1.0,-178.0,-27.0,-215.0,-28.0
-18.0,-9.0,-6.0,2.0,-178.0,-27.0,-215.0,-28.0
-18.0,-9.0,-6.0,2.0,-178.0,-27.0,-215.0,-28.0
-16.0,-11.0,-7.0,1.0,-177.0,-27.0,-215.0,-28.0
-17.0,-10.0,-7.0,1.0,-177.0,-27.0,-215.0,-28.0
-18.0,-9.0,-6.0,1.0,-177.0,-27.0,-215.0,-28.0
-18.0,-9.0,-6.0,1.0,-178.0,-28.0,-215.0,-29.0
-18.0,-9.0,-6.0,1.0,-177.0,-27.0,-215.0,-29.0
-19.0,-8.0,-5.0,2.0,-178.0,-27.0,-214.0,-28.0
-19.0,-8.0,-6.0,1.0,-178.0,-27.0,-215.0,-29.0
-18.0,-9.0,-6.0,1.0,-177.0,-27.0,-214.0,-28.0
-18.0,-9.0,-6.0,2.0,-176.0,-26.0,-214.0,-27.0
-17.0,-9.0,-6.0,2.0,-177.0,-27.0,-214.0,-28.0
-16.0,-11.0,-7.0,1.0,-176.0,-28.0,-214.0,-28.0
-17.0,-10.0,-6.0,1.0,-176.0,-27.0,-213.0,-27.0
-18.0,-9.0,-6.0,2.0,-176.0,-27.0,-213.0,-27.0
-18.0,-9.0,-6.0,1.0,-176.0,-27.0,-214.0,-28.0
-18.0,-9.0,-6.0,1.0,-176.0,-27.0,-213.0,-28.0
-19.0,-8.0,-5.0,2.0,-176.0,-27.0,-212.0,-28.0
-19.0,-8.0,-5.0,1.0,-177.0,-27.0,-213.0,-29.0
-18.0,-9.0,-6.0,1.0,-176.0,-27.0,-213.0,-28.0
-17.0,-9.0,-6.0,2.0,-175.0,-27.0,-212.0,-27.0
-17.0,-9.0,-6.0,1.0,-176.0,-26.0,-212.0,-27.0
-16.0,-10.0,-7.0,1.0,-175.0,-27.0,-212.0,-27.0
-17.0,-10.0,-7.0,1.0,-174.0,-27.0,-212.0,-27.0
-18.0,-9.0,-6.0,2.0,-175.0,-27.0,-212.0,-28.0
-17.0,-9.0,-6.0,1.0,-175.0,-27.0,-212.0,-28.0
-17.0,-9.0,-6.0,1.0,-175.0,-27.0,-212.0,-28.0
-19.0,-8.0,-4.0,2.0,-174.0,-26.0,-211.0,-27.0
-18.0,-8.0,-5.0,1.0,-175.0,-27.0,-212.0,-28.0
-17.0,-9.0,-6.0,1.0,-175.0,-27.0,-211.0,-28.0
-17.0,-9.0,-6.0,2.0,-174.0,-26.0,-211.0,-27.0
-17.0,-9.0,-6.0,2.0,-174.0,-26.0,-211.0,-27.0
-16.0,-10.0,-7.0,1.0,-174.0,-27.0,-211.0,-28.0
-16.0,-10.0,-7.0,1.0,-174.0,-27.0,-211.0,-27.0
-17.0,-9.0,-6.0,2.0,-174.0,-27.0,-210.0,-27.0
-18.0,-9.0,-6.0,1.0,-174.0,-27.0,-211.0,-28.0
-18.0,-9.0,-6.0,1.0,-174.0,-27.0,-211.0,-28.0
-19.0,-8.0,-5.0,2.0,-174.0,-26.0,-210.0,-28.0
-18.0,-8.0,-5.0,1.0,-175.0,-27.0,-211.0,-28.0
-17.0,-9.0,-5.0,1.0,-173.0,-26.0,-210.0,-28.0
-17.0,-9.0,-5.0,2.0,-173.0,-26.0,-210.0,-27.0
-17.0,-9.0,-6.0,1.0,-173.0,-26.0,-210.0,-27.0
-16.0,-10.0,-7.0,1.0,-173.0,-27.0,-210.0,-28.0
-16.0,-10.0,-6.0,1.0,-172.0,-26.0,-209.0,-28.0
-17.0,-9.0,-6.0,1.0,-173.0,-26.0,-209.0,-28.0
-17.0,-9.0,-6.0,0.0,-174.0,-27.0,-210.0,-28.0
-17.0,-9.0,-6.0,1.0,-174.0,-27.0,-210.0,-28.0
-18.0,-8.0,-5.0,2.0,-173.0,-26.0,-209.0,-27.0
-18.0,-7.0,-6.0,1.0,-174.0,-26.0,-209.0,-28.0
-18.0,-8.0,-6.0,1.0,-173.0,-26.0,-209.0,-28.0
-17.0,-9.0,-6.0,2.0,-172.0,-26.0,-208.0,-27.0
-17.0,-9.0,-6.0,1.0,-172.0,-26.0,-208.0,-27.0
-16.0,-10.0,-7.0,0.0,-171.0,-26.0,-209.0,-28.0
-16.0,-10.0,-6.0,1.0,-171.0,-26.0,-208.0,-27.0
-17.0,-9.0,-6.0,1.0,-172.0,-26.0,-208.0,-27.0
-17.0,-9.0,-6.0,1.0,-172.0,-27.0,-208.0,-28.0
-17.0,-8.0,-6.0,1.0,-172.0,-26.0,-208.0,-28.0
-18.0,-8.0,-5.0,2.0,-172.0,-26.0,-207.0,-27.0
-18.0,-8.0,-5.0,2.0,-173.0,-26.0,-208.0,-28.0
-17.0,-9.0,-6.0,1.0,-172.0,-26.0,-207.0,-27.0
-17.0,-9.0,-5.0,2.0,-171.0,-26.0,-207.0,-27.0
-17.0,-9.0,-6.0,2.0,-171.0,-26.0,-207.0,-27.0
-16.0,-10.0,-6.0,1.0,-171.0,-27.0,-207.0,-27.0
-16.0,-10.0,-6.0,1.0,-170.0,-26.0,-206.0,-27.0
-17.0,-9.0,-5.0,1.0,-170.0,-26.0,-206.0,-27.0
-17.0,-9.0,-6.0,1.0,-171.0,-26.0,-207.0,-28.0
-17.0,-9.0,-6.0,1.0,-171.0,-27.0,-207.0,-28.0
-18.0,-8.0,-5.0,2.0,-170.0,-26.0,-206.0,-27.0
-19.0,-7.0,-5.0,2.0,-171.0,-26.0,-206.0,-28.0
-17.0,-9.0,-6.0,1.0,-171.0,-26.0,-206.0,-28.0
-17.0,-9.0,-6.0,1.0,-170.0,-26.0,-206.0,-27.0
-15.0,-8.0,-3.0,2.0,-169.0,-23.0,-203.0,-25.0
-11.0,-7.0,0.0,2.0,-166.0,-20.0,-200.0,-23.0
-10.0,-6.0,2.0,3.0,-164.0,-17.0,-198.0,-21.0
-9.0,-4.0,5.0,4.0,-163.0,-14.0,-196.0,-19.0
-7.0,-5.0,7.0,4.0,-162.0,-12.0,-193.0,-17.0
-3.0,-6.0,12.0,5.0,-159.0,-8.0,-190.0,-14.0
-1.0,-6.0,16.0,7.0,-156.0,-4.0,-187.0,-12.0
0.0,-5.0,18.0,7.0,-156.0,-2.0,-185.0,-10.0
3.0,-6.0,20.0,6.0,-154.0,0.0,-182.0,-8.0
4.0,-7.0,21.0,7.0,-152.0,1.0,-180.0,-6.0
4.0,-4.0,23.0,8.0,-152.0,2.0,-180.0,-6.0
6.0,-5.0,23.0,7.0,-152.0,2.0,-179.0,-6.0
8.0,-6.0,24.0,7.0,-150.0,4.0,-178.0,-4.0
7.0,-5.0,25.0,8.0,-150.0,5.0,-177.0,-3.0
7.0,-5.0,25.0,8.0,-150.0,4.0,-177.0,-4.0
7.0,-6.0,25.0,7.0,-150.0,4.0,-177.0,-4.0
6.0,-5.0,26.0,8.0,-149.0,5.0,-177.0,-4.0
6.0,-6.0,25.0,8.0,-150.0,4.0,-177.0,-4.0
7.0,-9.0,23.0,7.0,-150.0,3.0,-178.0,-5.0
7.0,-11.0,23.0,7.0,-149.0,3.0,-178.0,-4.0
8.0,-11.0,23.0,7.0,-149.0,3.0,-177.0,-4.0
8.0,-11.0,21.0,6.0,-150.0,1.0,-178.0,-5.0
6.0,-9.0,20.0,7.0,-150.0,1.0,-179.0,-5.0
4.0,-8.0,21.0,7.0,-150.0,1.0,-179.0,-6.0
4.0,-8.0,20.0,6.0,-152.0,0.0,-180.0,-8.0
4.0,-8.0,19.0,6.0,-152.0,0.0,-181.0,-8.0
1.0,-8.0,18.0,6.0,-152.0,-2.0,-181.0,-9.0
1.0,-8.0,17.0,6.0,-154.0,-3.0,-183.0,-10.0
1.0,-10.0,15.0,5.0,-154.0,-4.0,-183.0,-11.0
0.0,-11.0,12.0,5.0,-154.0,-6.0,-185.0,-12.0
-1.0,-11.0,11.0,4.0,-155.0,-7.0,-186.0,-13.0
-2.0,-10.0,9.0,4.0,-156.0,-9.0,-187.0,-14.0
-3.0,-11.0,7.0,3.0,-157.0,-12.0,-189.0,-15.0
-5.0,-10.0,6.0,3.0,-158.0,-13.0,-191.0,-17.0
-7.0,-9.0,5.0,3.0,-160.0,-15.0,-192.0,-18.0
-9.0,-8.0,4.0,3.0,-161.0,-16.0,-193.0,-19.0
-11.0,-8.0,3.0,3.0,-161.0,-17.0,-194.0,-20.0
-14.0,-7.0,0.0,2.0,-164.0,-20.0,-197.0,-23.0
-14.0,-7.0,-2.0,2.0,-165.0,-22.0,-198.0,-24.0
-15.0,-7.0,-4.0,2.0,-165.0,-23.0,-199.0,-25.0
-17.0,-9.0,-6.0,2.0,-166.0,-25.0,-200.0,-26.0
-16.0,-9.0,-7.0,1.0,-166.0,-26.0,-201.0,-27.0
-15.0,-10.0,-7.0,1.0,-165.0,-26.0,-201.0,-26.0
-17.0,-9.0,-6.0,1.0,-165.0,-25.0,-200.0,-26.0
-17.0,-9.0,-7.0,1.0,-165.0,-26.0,-201.0,-27.0
-17.0,-9.0,-6.0,1.0,-166.0,-26.0,-201.0,-27.0
-18.0,-8.0,-5.0,2.0,-166.0,-26.0,-200.0,-27.0
-18.0,-7.0,-5.0,2.0,-166.0,-26.0,-200.0,-27.0
-17.0,-8.0,-6.0,1.0,-166.0,-26.0,-200.0,-27.0
-17.0,-8.0,-6.0,1.0,-165.0,-26.0,-200.0,-26.0
-17.0,-9.0,-6.0,1.0,-165.0,-26.0,-200.0,-26.0
-16.0,-9.0,-7.0,1.0,-165.0,-26.0,-200.0,-26.0
-16.0,-10.0,-7.0,1.0,-164.0,-26.0,-200.0,-26.0
-17.0,-9.0,-6.0,1.0,-164.0,-26.0,-199.0,-26.0
-17.0,-8.0,-6.0,1.0,-165.0,-26.0,-200.0,-27.0
-17.0,-8.0,-6.0,1.0,-165.0,-26.0,-200.0,-27.0
-18.0,-8.0,-5.0,2.0,-164.0,-25.0,-199.0,-26.0
-19.0,-7.0,-5.0,1.0,-166.0,-25.0,-199.0,-27.0
-18.0,-8.0,-6.0,1.0,-165.0,-26.0,-199.0,-27.0
-17.0,-9.0,-6.0,1.0,-164.0,-25.0,-199.0,-26.0
-17.0,-8.0,-6.0,1.0,-163.0,-26.0,-198.0,-27.0
-18.0,-7.0,-5.0,2.0,-163.0,-25.0,-198.0,-27.0
-18.0,-7.0,-5.0,2.0,-164.0,-25.0,-198.0,-27.0
-17.0,-8.0,-6.0,1.0,-163.0,-25.0,-198.0,-27.0
-16.0,-8.0,-6.0,2.0,-162.0,-25.0,-197.0,-26.0
-16.0,-8.0,-6.0,1.0,-163.0,-25.0,-197.0,-26.0
-16.0,-9.0,-7.0,1.0,-163.0,-26.0,-198.0,-26.0
-15.0,-10.0,-7.0,1.0,-162.0,-26.0,-197.0,-26.0
-16.0,-9.0,-6.0,1.0,-162.0,-25.0,-197.0,-26.0
-17.0,-8.0,-6.0,1.0,-163.0,-26.0,-198.0,-27.0
-17.0,-8.0,-6.0,1.0,-163.0,-26.0,-198.0,-27.0
-20.0,-8.0,-2.0,2.0,-165.0,-28.0,-199.0,-29.0
-26.0,-10.0,5.0,4.0,-170.0,-37.0,-207.0,-35.0
-30.0,-14.0,12.0,5.0,-173.0,-44.0,-213.0,-40.0
-35.0,-16.0,19.0,7.0,-176.0,-51.0,-218.0,-44.0
-38.0,-14.0,23.0,8.0,-178.0,-54.0,-221.0,-46.0
-36.0,-7.0,15.0,5.0,-176.0,-48.0,-216.0,-43.0
-28.0,0.0,3.0,1.0,-170.0,-36.0,-206.0,-35.0
-17.0,16.0,-18.0,-3.0,-160.0,-13.0,-187.0,-21.0
0.0,42.0,-55.0,-14.0,-145.0,22.0,-158.0,0.0
24.0,66.0,-96.0,-25.0,-126.0,63.0,-125.0,26.0
48.0,89.0,-137.0,-35.0,-105.0,105.0,-89.0,54.0
74.0,111.0,-180.0,-47.0,-86.0,146.0,-55.0,81.0
100.0,132.0,-223.0,-58.0,-65.0,188.0,-20.0,109.0
127.0,153.0,-265.0,-69.0,-44.0,230.0,14.0,137.0
152.0,172.0,-306.0,-79.0,-24.0,270.0,48.0,164.0
179.0,185.0,-345.0,-89.0,-5.0,306.0,79.0,189.0
205.0,187.0,-376.0,-95.0,14.0,337.0,106.0,212.0
225.0,187.0,-400.0,-100.0,29.0,362.0,127.0,231.0
239.0,190.0,-420.0,-104.0,39.0,381.0,143.0,244.0
248.0,193.0,-432.0,-107.0,46.0,393.0,154.0,253.0
253.0,187.0,-434.0,-106.0,50.0,396.0,158.0,256.0
254.0,176.0,-430.0,-104.0,49.0,392.0,155.0,255.0
251.0,166.0,-421.0,-101.0,46.0,382.0,147.0,249.0
242.0,157.0,-405.0,-97.0,39.0,367.0,135.0,239.0
230.0,146.0,-385.0,-91.0,30.0,347.0,119.0,227.0
217.0,131.0,-361.0,-85.0,19.0,322.0,98.0,211.0
199.0,111.0,-328.0,-77.0,5.0,290.0,72.0,190.0
175.0,91.0,-289.0,-66.0,-12.0,253.0,41.0,166.0
150.0,70.0,-248.0,-56.0,-33.0,211.0,7.0,138.0
123.0,44.0,-203.0,-44.0,-53.0,167.0,-28.0,109.0
97.0,16.0,-156.0,-31.0,-73.0,123.0,-64.0,81.0
70.0,-3.0,-114.0,-20.0,-95.0,82.0,-99.0,53.0
46.0,-22.0,-74.0,-10.0,-115.0,42.0,-133.0,26.0
20.0,-41.0,-34.0,0.0,-134.0,1.0,-166.0,0.0
-7.0,-58.0,-7.0,2.0,-156.0,-40.0,-202.0,-28.0
-35.0,-82.0,-2.0,1.0,-178.0,-86.0,-240.0,-59.0
-59.0,-93.0,-2.0,1.0,-196.0,-121.0,-270.0,-83.0
-75.0,-78.0,-1.0,2.0,-206.0,-130.0,-278.0,-92.0
-77.0,-62.0,-2.0,2.0,-206.0,-124.0,-274.0,-91.0
-65.0,-52.0,-2.0,2.0,-197.0,-106.0,-259.0,-79.0
-52.0,-37.0,-1.0,3.0,-186.0,-81.0,-238.0,-62.0
-39.0,-26.0,-1.0,3.0,-176.0,-59.0,-220.0,-48.0
-27.0,-18.0,-2.0,2.0,-167.0,-42.0,-206.0,-37.0
-20.0,-11.0,-1.0,2.0,-160.0,-29.0,-196.0,-29.0
-18.0,-10.0,-1.0,2.0,-160.0,-28.0,-194.0,-27.0
-17.0,-11.0,-2.0,2.0,-160.0,-28.0,-195.0,-28.0
-17.0,-11.0,-2.0,2.0,-159.0,-28.0,-194.0,-27.0
-18.0,-10.0,-2.0,3.0,-159.0,-28.0,-194.0,-27.0
-18.0,-10.0,-1.0,2.0,-160.0,-29.0,-194.0,-28.0
-19.0,-10.0,-2.0,1.0,-160.0,-29.0,-195.0,-29.0
-19.0,-9.0,-1.0,2.0,-159.0,-28.0,-194.0,-28.0
-20.0,-8.0,-1.0,3.0,-160.0,-28.0,-194.0,-28.0
-19.0,-9.0,-2.0,2.0,-160.0,-29.0,-194.0,-28.0
-18.0,-10.0,-1.0,3.0,-159.0,-28.0,-193.0,-27.0
-18.0,-10.0,-1.0,3.0,-159.0,-28.0,-193.0,-27.0
-18.0,-10.0,-2.0,2.0,-158.0,-28.0,-193.0,-27.0
-17.0,-11.0,-3.0,1.0,-158.0,-28.0,-193.0,-28.0
-18.0,-10.0,-2.0,2.0,-158.0,-28.0,-193.0,-27.0
-18.0,-10.0,-2.0,2.0,-159.0,-29.0,-193.0,-28.0
-18.0,-10.0,-2.0,2.0,-159.0,-29.0,-193.0,-29.0
-19.0,-9.0,-1.0,2.0,-158.0,-28.0,-193.0,-28.0
-20.0,-8.0,-1.0,2.0,-159.0,-28.0,-193.0,-28.0
-19.0,-9.0,-2.0,2.0,-159.0,-28.0,-193.0,-28.0
-18.0,-10.0,-1.0,3.0,-158.0,-28.0,-192.0,-27.0
-18.0,-10.0,-1.0,3.0,-158.0,-28.0,-192.0,-27.0
-17.0,-11.0,-2.0,2.0,-158.0,-28.0,-192.0,-28.0
-17.0,-11.0,-3.0,2.0,-157.0,-29.0,-192.0,-27.0
-18.0,-10.0,-2.0,3.0,-157.0,-28.0,-191.0,-27.0
-18.0,-10.0,-2.0,2.0,-157.0,-28.0,-192.0,-28.0
-18.0,-10.0,-2.0,1.0,-158.0,-29.0,-192.0,-28.0
-19.0,-9.0,-1.0,2.0,-157.0,-28.0,-192.0,-28.0
-20.0,-8.0,-1.0,3.0,-158.0,-28.0,-192.0,-28.0
-19.0,-9.0,-2.0,2.0,-158.0,-28.0,-192.0,-28.0
-19.0,-10.0,-2.0,2.0,-157.0,-28.0,-191.0,-27.0
-18.0,-10.0,-2.0,3.0,-157.0,-28.0,-191.0,-27.0
-18.0,-10.0,-2.0,2.0,-157.0,-28.0,-191.0,-27.0
-17.0,-11.0,-3.0,2.0,-156.0,-28.0,-191.0,-27.0
-17.0,-10.0,-2.0,2.0,-156.0,-28.0,-191.0,-27.0
-18.0,-10.0,-2.0,2.0,-157.0,-28.0,-191.0,-28.0
-18.0,-10.0,-2.0,2.0,-157.0,-28.0,-191.0,-28.0
-18.0,-10.0,-1.0,3.0,-156.0,-27.0,-190.0,-28.0
-19.0,-8.0,-1.0,3.0,-157.0,-27.0,-190.0,-28.0
-19.0,-9.0,-2.0,2.0,-157.0,-28.0,-191.0,-28.0
-17.0,-9.0,0.0,2.0,-155.0,-26.0,-189.0,-26.0
-15.0,-8.0,1.0,3.0,-154.0,-24.0,-186.0,-24.0
-15.0,-8.0,1.0,3.0,-154.0,-23.0,-186.0,-24.0
-13.0,-8.0,2.0,3.0,-152.0,-23.0,-185.0,-23.0
-12.0,-6.0,5.0,4.0,-151.0,-19.0,-182.0,-21.0
-11.0,-7.0,6.0,4.0,-151.0,-19.0,-182.0,-21.0
-10.0,-8.0,7.0,4.0,-150.0,-18.0,-181.0,-20.0
-11.0,-8.0,8.0,4.0,-149.0,-17.0,-180.0,-20.0
-11.0,-7.0,9.0,5.0,-149.0,-16.0,-180.0,-20.0
-9.0,-8.0,10.0,5.0,-148.0,-16.0,-178.0,-19.0
-7.0,-7.0,12.0,5.0,-146.0,-13.0,-176.0,-17.0
-7.0,-7.0,12.0,5.0,-147.0,-13.0,-175.0,-16.0
-6.0,-7.0,12.0,5.0,-146.0,-13.0,-176.0,-16.0
-4.0,-10.0,12.0,4.0,-144.0,-12.0,-175.0,-15.0
-3.0,-10.0,14.0,5.0,-144.0,-11.0,-173.0,-14.0
-4.0,-7.0,16.0,6.0,-144.0,-10.0,-173.0,-14.0
-4.0,-5.0,17.0,6.0,-144.0,-9.0,-172.0,-14.0
-3.0,-6.0,18.0,7.0,-143.0,-7.0,-171.0,-13.0
-3.0,-7.0,20.0,7.0,-143.0,-6.0,-170.0,-12.0
-2.0,-7.0,19.0,6.0,-142.0,-6.0,-170.0,-12.0
0.0,-6.0,21.0,7.0,-140.0,-3.0,-167.0,-10.0
3.0,-4.0,26.0,8.0,-137.0,0.0,-163.0,-6.0
6.0,-3.0,30.0,9.0,-135.0,4.0,-159.0,-4.0
9.0,-3.0,33.0,9.0,-133.0,7.0,-157.0,-1.0
10.0,-1.0,36.0,11.0,-132.0,10.0,-154.0,0.0
11.0,0.0,39.0,11.0,-131.0,12.0,-152.0,1.0
13.0,2.0,43.0,12.0,-129.0,16.0,-149.0,3.0
16.0,4.0,49.0,14.0,-126.0,21.0,-145.0,6.0
18.0,7.0,53.0,15.0,-125.0,25.0,-141.0,10.0
21.0,8.0,56.0,16.0,-123.0,29.0,-138.0,12.0
25.0,6.0,59.0,16.0,-120.0,33.0,-135.0,15.0
28.0,6.0,63.0,18.0,-117.0,37.0,-131.0,18.0
31.0,8.0,67.0,18.0,-115.0,41.0,-127.0,21.0
35.0,10.0,71.0,18.0,-112.0,44.0,-124.0,23.0
37.0,12.0,76.0,20.0,-109.0,50.0,-119.0,27.0
39.0,14.0,81.0,22.0,-108.0,53.0,-116.0,29.0
42.0,13.0,83.0,22.0,-106.0,56.0,-114.0,31.0
44.0,14.0,87.0,23.0,-104.0,59.0,-111.0,34.0
44.0,15.0,89.0,24.0,-104.0,62.0,-109.0,35.0
47.0,15.0,91.0,24.0,-103.0,64.0,-107.0,36.0
49.0,15.0,92.0,23.0,-101.0,65.0,-106.0,38.0
50.0,13.0,93.0,24.0,-100.0,66.0,-105.0,39.0
51.0,12.0,92.0,23.0,-100.0,66.0,-104.0,39.0
53.0,11.0,93.0,23.0,-99.0,66.0,-104.0,40.0
54.0,13.0,97.0,24.0,-97.0,69.0,-101.0,42.0
53.0,14.0,97.0,25.0,-97.0,70.0,-101.0,41.0
53.0,14.0,97.0,25.0,-97.0,70.0,-101.0,41.0
52.0,14.0,97.0,25.0,-97.0,69.0,-101.0,41.0
49.0,14.0,94.0,24.0,-99.0,67.0,-103.0,39.0
49.0,12.0,92.0,23.0,-100.0,65.0,-105.0,38.0
50.0,9.0,90.0,23.0,-100.0,63.0,-106.0,37.0
48.0,9.0,88.0,22.0,-101.0,61.0,-107.0,36.0
47.0,7.0,85.0,22.0,-102.0,59.0,-109.0,34.0
46.0,6.0,82.0,20.0,-103.0,56.0,-112.0,33.0
44.0,5.0,81.0,20.0,-104.0,54.0,-113.0,32.0
42.0,5.0,79.0,20.0,-105.0,51.0,-115.0,29.0
40.0,2.0,75.0,18.0,-107.0,48.0,-118.0,27.0
37.0,2.0,72.0,18.0,-109.0,45.0,-121.0,25.0
33.0,3.0,70.0,18.0,-111.0,43.0,-123.0,22.0
33.0,0.0,65.0,16.0,-113.0,39.0,-126.0,20.0
32.0,-3.0,62.0,15.0,-113.0,36.0,-128.0,19.0
29.0,-5.0,57.0,14.0,-114.0,31.0,-131.0,16.0
28.0,-9.0,53.0,12.0,-116.0,28.0,-134.0,14.0
27.0,-13.0,48.0,11.0,-117.0,23.0,-137.0,11.0
23.0,-14.0,45.0,11.0,-119.0,20.0,-140.0,9.0
20.0,-12.0,43.0,10.0,-122.0,16.0,-143.0,6.0
17.0,-10.0,40.0,10.0,-124.0,14.0,-146.0,4.0
14.0,-9.0,38.0,10.0,-125.0,12.0,-148.0,2.0
11.0,-10.0,36.0,10.0,-127.0,10.0,-149.0,1.0
11.0,-11.0,33.0,9.0,-129.0,7.0,-151.0,0.0
10.0,-12.0,31.0,8.0,-128.0,5.0,-152.0,-1.0
9.0,-10.0,30.0,8.0,-129.0,4.0,-153.0,-2.0
7.0,-11.0,26.0,7.0,-131.0,1.0,-156.0,-4.0
6.0,-13.0,23.0,6.0,-132.0,0.0,-158.0,-6.0
4.0,-11.0,23.0,7.0,-132.0,-1.0,-159.0,-7.0
2.0,-12.0,21.0,6.0,-134.0,-4.0,-161.0,-8.0
0.0,-11.0,19.0,6.0,-135.0,-6.0,-163.0,-10.0
0.0,-10.0,18.0,6.0,-136.0,-6.0,-163.0,-11.0
-3.0,-8.0,17.0,6.0,-138.0,-8.0,-164.0,-12.0
-4.0,-10.0,14.0,5.0,-139.0,-10.0,-167.0,-14.0
-5.0,-10.0,12.0,5.0,-139.0,-12.0,-167.0,-14.0
-5.0,-11.0,12.0,5.0,-139.0,-12.0,-168.0,-15.0
-5.0,-13.0,9.0,4.0,-140.0,-15.0,-170.0,-16.0
-5.0,-13.0,7.0,3.0,-141.0,-17.0,-171.0,-18.0
-8.0,-11.0,7.0,4.0,-141.0,-17.0,-171.0,-18.0
-11.0,-10.0,5.0,3.0,-143.0,-19.0,-173.0,-20.0
-13.0,-10.0,2.0,2.0,-145.0,-22.0,-176.0,-23.0
-15.0,-9.0,1.0,2.0,-145.0,-23.0,-176.0,-23.0
-18.0,-7.0,1.0,3.0,-147.0,-24.0,-177.0,-25.0
-17.0,-7.0,0.0,2.0,-148.0,-25.0,-179.0,-26.0
-16.0,-8.0,0.0,2.0,-147.0,-24.0,-178.0,-25.0
-17.0,-8.0,-1.0,3.0,-147.0,-25.0,-179.0,-25.0
-18.0,-10.0,-4.0,2.0,-148.0,-28.0,-181.0,-27.0
-17.0,-11.0,-5.0,0.0,-148.0,-29.0,-182.0,-27.0
-18.0,-10.0,-4.0,1.0,-148.0,-29.0,-181.0,-27.0
-19.0,-10.0,-4.0,1.0,-149.0,-29.0,-181.0,-28.0
-19.0,-9.0,-4.0,1.0,-149.0,-29.0,-181.0,-28.0
-20.0,-9.0,-3.0,2.0,-148.0,-28.0,-181.0,-28.0
-21.0,-8.0,-3.0,2.0,-148.0,-28.0,-180.0,-28.0
-20.0,-9.0,-4.0,1.0,-149.0,-28.0,-181.0,-28.0
-19.0,-9.0,-4.0,1.0,-148.0,-28.0,-180.0,-28.0
-19.0,-9.0,-4.0,1.0,-148.0,-28.0,-180.0,-27.0
-19.0,-10.0,-4.0,1.0,-148.0,-28.0,-180.0,-27.0
-17.0,-11.0,-5.0,0.0,-148.0,-29.0,-180.0,-27.0
-18.0,-10.0,-4.0,2.0,-147.0,-28.0,-180.0,-27.0
-19.0,-10.0,-4.0,1.0,-148.0,-28.0,-180.0,-27.0
-19.0,-9.0,-4.0,1.0,-148.0,-29.0,-180.0,-28.0
-19.0,-9.0,-4.0,1.0,-147.0,-28.0,-180.0,-28.0
-20.0,-8.0,-3.0,2.0,-148.0,-28.0,-179.0,-27.0
-20.0,-9.0,-3.0,2.0,-148.0,-28.0,-180.0,-28.0
-19.0,-10.0,-4.0,1.0,-147.0,-29.0,-179.0,-28.0
-19.0,-9.0,-4.0,1.0,-147.0,-28.0,-179.0,-27.0
-18.0,-10.0,-4.0,1.0,-147.0,-28.0,-179.0,-27.0
-17.0,-11.0,-5.0,1.0,-146.0,-29.0,-179.0,-27.0
-18.0,-10.0,-4.0,1.0,-146.0,-28.0,-178.0,-27.0
-19.0,-9.0,-4.0,1.0,-147.0,-28.0,-179.0,-27.0
-19.0,-9.0,-4.0,1.0,-148.0,-29.0,-180.0,-28.0
-19.0,-9.0,-4.0,1.0,-147.0,-28.0,-179.0,-27.0
-20.0,-8.0,-3.0,2.0,-147.0,-28.0,-178.0,-27.0
-19.0,-9.0,-4.0,2.0,-147.0,-28.0,-178.0,-28.0
-19.0,-9.0,-4.0,1.0,-147.0,-28.0,-178.0,-27.0
-19.0,-9.0,-4.0,1.0,-146.0,-28.0,-178.0,-27.0
-18.0,-9.0,-4.0,1.0,-145.0,-28.0,-177.0,-27.0
-17.0,-11.0,-5.0,1.0,-145.0,-29.0,-178.0,-27.0
-18.0,-10.0,-4.0,1.0,-145.0,-28.0,-177.0,-26.0
-19.0,-9.0,-4.0,1.0,-145.0,-28.0,-177.0,-27.0
-18.0,-9.0,-4.0,1.0,-146.0,-28.0,-177.0,-27.0
-19.0,-9.0,-4.0,1.0,-145.0,-28.0,-177.0,-27.0
-20.0,-8.0,-3.0,2.0,-146.0,-28.0,-177.0,-27.0
-19.0,-9.0,-4.0,1.0,-146.0,-28.0,-177.0,-28.0
-18.0,-9.0,-4.0,1.0,-145.0,-28.0,-177.0,-27.0
-18.0,-9.0,-3.0,2.0,-145.0,-28.0,-176.0,-26.0
-18.0,-10.0,-4.0,1.0,-145.0,-28.0,-176.0,-27.0
-17.0,-10.0,-5.0,0.0,-144.0,-29.0,-177.0,-27.0
-18.0,-10.0,-4.0,1.0,-144.0,-28.0,-176.0,-26.0
-18.0,-9.0,-4.0,1.0,-145.0,-28.0,-176.0,-27.0
-18.0,-10.0,-4.0,1.0,-145.0,-28.0,-177.0,-28.0
-18.0,-9.0,-4.0,1.0,-145.0,-28.0,-176.0,-27.0
-20.0,-8.0,-3.0,2.0,-145.0,-27.0,-176.0,-27.0
-19.0,-9.0,-4.0,1.0,-145.0,-28.0,-176.0,-28.0
-18.0,-9.0,-4.0,1.0,-144.0,-28.0,-176.0,-27.0
-18.0,-9.0,-3.0,1.0,-144.0,-28.0,-176.0,-26.0
-18.0,-10.0,-4.0,1.0,-144.0,-28.0,-175.0,-26.0
-17.0,-11.0,-5.0,0.0,-144.0,-29.0,-176.0,-27.0
-17.0,-10.0,-4.0,1.0,-143.0,-28.0,-175.0,-26.0
-18.0,-9.0,-4.0,1.0,-143.0,-28.0,-175.0,-27.0
-18.0,-9.0,-4.0,1.0,-144.0,-28.0,-176.0,-27.0
-19.0,-9.0,-4.0,1.0,-143.0,-28.0,-175.0,-27.0
-20.0,-8.0,-3.0,2.0,-144.0,-27.0,-175.0,-27.0
-19.0,-8.0,-4.0,1.0,-145.0,-28.0,-175.0,-27.0
-19.0,-9.0,-4.0,1.0,-144.0,-28.0,-175.0,-27.0
-18.0,-9.0,-4.0,1.0,-143.0,-27.0,-174.0,-26.0
-18.0,-9.0,-4.0,1.0,-143.0,-27.0,-174.0,-26.0
-17.0,-10.0,-5.0,0.0,-143.0,-28.0,-175.0,-27.0
-17.0,-10.0,-4.0,1.0,-142.0,-28.0,-174.0,-26.0
-18.0,-9.0,-4.0,1.0,-143.0,-28.0,-174.0,-27.0
-19.0,-9.0,-4.0,1.0,-143.0,-28.0,-175.0,-27.0
-19.0,-9.0,-4.0,1.0,-143.0,-28.0,-175.0,-27.0
-20.0,-8.0,-3.0,2.0,-143.0,-27.0,-174.0,-27.0
-19.0,-8.0,-3.0,1.0,-144.0,-28.0,-174.0,-27.0
-18.0,-9.0,-4.0,2.0,-142.0,-27.0,-174.0,-26.0
-18.0,-9.0,-4.0,2.0,-142.0,-27.0,-173.0,-26.0
-18.0,-9.0,-4.0,1.0,-142.0,-27.0,-174.0,-26.0
-17.0,-11.0,-5.0,0.0,-142.0,-28.0,-174.0,-27.0
-17.0,-10.0,-4.0,1.0,-141.0,-27.0,-173.0,-26.0
-18.0,-9.0,-4.0,1.0,-142.0,-28.0,-173.0,-26.0
-18.0,-9.0,-4.0,1.0,-143.0,-28.0,-174.0,-27.0
-18.0,-9.0,-4.0,1.0,-142.0,-27.0,-173.0,-26.0
-20.0,-8.0,-3.0,2.0,-142.0,-27.0,-173.0,-26.0
-19.0,-8.0,-3.0,1.0,-142.0,-27.0,-173.0,-27.0
-18.0,-9.0,-3.0,1.0,-141.0,-27.0,-172.0,-26.0
-18.0,-9.0,-3.0,1.0,-141.0,-27.0,-172.0,-25.0
-18.0,-9.0,-4.0,1.0,-141.0,-27.0,-172.0,-26.0
-17.0,-11.0,-5.0,0.0,-141.0,-28.0,-173.0,-27.0
-17.0,-10.0,-4.0,1.0,-140.0,-27.0,-172.0,-26.0
-18.0,-9.0,-4.0,1.0,-141.0,-27.0,-172.0,-26.0
-18.0,-9.0,-4.0,1.0,-141.0,-28.0,-173.0,-27.0
-18.0,-9.0,-4.0,1.0,-141.0,-27.0,-172.0,-27.0
-20.0,-8.0,-3.0,2.0,-142.0,-27.0,-172.0,-26.0
-19.0,-8.0,-4.0,1.0,-142.0,-27.0,-172.0,-26.0
-18.0,-9.0,-4.0,1.0,-141.0,-27.0,-171.0,-26.0
-18.0,-9.0,-4.0,1.0,-140.0,-27.0,-171.0,-25.0
-18.0,-9.0,-4.0,1.0,-140.0,-27.0,-171.0,-26.0
-17.0,-10.0,-5.0,1.0,-140.0,-28.0,-172.0,-26.0
-17.0,-10.0,-4.0,1.0,-139.0,-27.0,-171.0,-25.0
-18.0,-9.0,-4.0,1.0,-140.0,-27.0,-171.0,-26.0
-18.0,-9.0,-4.0,1.0,-140.0,-27.0,-171.0,-26.0
-18.0,-9.0,-3.0,1.0,-140.0,-27.0,-171.0,-27.0
-20.0,-8.0,-3.0,2.0,-140.0,-27.0,-170.0,-26.0
-19.0,-8.0,-3.0,1.0,-141.0,-27.0,-171.0,-26.0
-18.0,-9.0,-4.0,1.0,-140.0,-27.0,-171.0,-26.0
-18.0,-9.0,-4.0,1.0,-140.0,-27.0,-170.0,-25.0
-18.0,-9.0,-4.0,1.0,-140.0,-27.0,-170.0,-26.0
-17.0,-10.0,-5.0,1.0,-139.0,-28.0,-171.0,-26.0
-17.0,-10.0,-4.0,1.0,-139.0,-27.0,-170.0,-25.0
-17.0,-9.0,-4.0,1.0,-139.0,-27.0,-170.0,-25.0
-18.0,-9.0,-4.0,1.0,-139.0,-27.0,-170.0,-26.0
-18.0,-9.0,-4.0,1.0,-139.0,-27.0,-170.0,-26.0
-19.0,-8.0,-3.0,2.0,-139.0,-27.0,-169.0,-26.0
-19.0,-8.0,-3.0,1.0,-140.0,-27.0,-170.0,-26.0
-18.0,-9.0,-4.0,1.0,-139.0,-27.0,-169.0,-26.0
-17.0,-9.0,-3.0,1.0,-139.0,-27.0,-169.0,-25.0
-18.0,-9.0,-4.0,1.0,-139.0,-27.0,-169.0,-25.0
-16.0,-10.0,-5.0,0.0,-139.0,-28.0,-170.0,-26.0
-17.0,-9.0,-4.0,1.0,-138.0,-27.0,-169.0,-25.0
-18.0,-9.0,-3.0,1.0,-138.0,-26.0,-168.0,-25.0
-18.0,-9.0,-4.0,1.0,-139.0,-27.0,-169.0,-26.0
-18.0,-9.0,-4.0,1.0,-138.0,-27.0,-169.0,-26.0
-19.0,-8.0,-3.0,2.0,-139.0,-27.0,-168.0,-26.0
-19.0,-8.0,-3.0,1.0,-139.0,-27.0,-169.0,-26.0
-18.0,-9.0,-3.0,1.0,-138.0,-27.0,-168.0,-26.0
-18.0,-9.0,-3.0,1.0,-138.0,-27.0,-168.0,-25.0
-17.0,-9.0,-4.0,2.0,-138.0,-26.0,-168.0,-25.0
-16.0,-10.0,-5.0,0.0,-137.0,-27.0,-169.0,-26.0
-17.0,-10.0,-4.0,1.0,-137.0,-26.0,-168.0,-25.0
-18.0,-9.0,-4.0,1.0,-137.0,-26.0,-168.0,-25.0
-18.0,-9.0,-4.0,1.0,-138.0,-27.0,-168.0,-26.0
-18.0,-9.0,-4.0,1.0,-138.0,-27.0,-168.0,-25.0
-19.0,-8.0,-2.0,2.0,-138.0,-26.0,-167.0,-25.0
-19.0,-8.0,-3.0,1.0,-138.0,-26.0,-168.0,-26.0
-18.0,-9.0,-4.0,1.0,-137.0,-26.0,-167.0,-26.0
-17.0,-9.0,-3.0,2.0,-137.0,-26.0,-167.0,-25.0
-17.0,-9.0,-3.0,2.0,-137.0,-26.0,-167.0,-25.0
-16.0,-10.0,-4.0,1.0,-136.0,-27.0,-168.0,-26.0
-16.0,-10.0,-4.0,1.0,-135.0,-26.0,-167.0,-25.0
-18.0,-9.0,-4.0,2.0,-136.0,-27.0,-167.0,-25.0
-18.0,-9.0,-4.0,1.0,-137.0,-27.0,-167.0,-26.0
-18.0,-8.0,-4.0,1.0,-137.0,-27.0,-167.0,-26.0
-19.0,-7.0,-3.0,2.0,-137.0,-26.0,-167.0,-25.0
-18.0,-8.0,-3.0,1.0,-138.0,-27.0,-167.0,-26.0
-18.0,-8.0,-4.0,1.0,-137.0,-26.0,-166.0,-25.0
-17.0,-9.0,-4.0,1.0,-136.0,-26.0,-166.0,-25.0
-17.0,-9.0,-4.0,1.0,-136.0,-26.0,-166.0,-25.0
-16.0,-10.0,-5.0,1.0,-136.0,-27.0,-167.0,-25.0
-16.0,-10.0,-4.0,1.0,-135.0,-26.0,-166.0,-25.0
-17.0,-9.0,-3.0,1.0,-135.0,-26.0,-166.0,-25.0
-18.0,-9.0,-3.0,1.0,-136.0,-27.0,-166.0,-26.0
-18.0,-9.0,-3.0,1.0,-136.0,-27.0,-166.0,-26.0
-19.0,-8.0,-2.0,2.0,-136.0,-26.0,-165.0,-25.0
-19.0,-8.0,-3.0,1.0,-136.0,-26.0,-165.0,-25.0
-18.0,-9.0,-4.0,1.0,-136.0,-26.0,-165.0,-25.0
-17.0,-8.0,-3.0,1.0,-135.0,-26.0,-165.0,-25.0
-16.0,-7.0,-1.0,2.0,-134.0,-23.0,-163.0,-23.0
-12.0,-7.0,1.0,2.0,-132.0,-20.0,-160.0,-21.0
-11.0,-6.0,3.0,3.0,-130.0,-18.0,-157.0,-19.0
-10.0,-5.0,7.0,4.0,-129.0,-15.0,-155.0,-17.0
-7.0,-5.0,10.0,4.0,-127.0,-12.0,-153.0,-15.0
-3.0,-6.0,13.0,5.0,-124.0,-8.0,-149.0,-12.0
-2.0,-5.0,17.0,6.0,-123.0,-5.0,-146.0,-10.0
0.0,-5.0,20.0,7.0,-122.0,-2.0,-144.0,-8.0
2.0,-7.0,22.0,7.0,-119.0,0.0,-142.0,-6.0
4.0,-7.0,23.0,7.0,-118.0,1.0,-140.0,-4.0
4.0,-4.0,24.0,8.0,-117.0,2.0,-139.0,-4.0
5.0,-4.0,24.0,7.0,-117.0,2.0,-139.0,-3.0
7.0,-6.0,26.0,8.0,-115.0,4.0,-137.0,-1.0
7.0,-6.0,27.0,8.0,-115.0,5.0,-136.0,-2.0
6.0,-5.0,27.0,7.0,-116.0,4.0,-137.0,-3.0
7.0,-6.0,27.0,7.0,-116.0,4.0,-137.0,-3.0
6.0,-5.0,28.0,8.0,-116.0,5.0,-136.0,-2.0
5.0,-5.0,27.0,8.0,-116.0,4.0,-137.0,-2.0
6.0,-9.0,25.0,7.0,-115.0,3.0,-138.0,-3.0
7.0,-10.0,25.0,7.0,-115.0,2.0,-137.0,-2.0
7.0,-11.0,24.0,6.0,-115.0,2.0,-137.0,-3.0
8.0,-11.0,23.0,6.0,-116.0,1.0,-138.0,-3.0
6.0,-9.0,22.0,6.0,-115.0,0.0,-139.0,-4.0
4.0,-7.0,23.0,7.0,-116.0,0.0,-139.0,-5.0
4.0,-7.0,22.0,6.0,-117.0,0.0,-140.0,-5.0
3.0,-8.0,22.0,6.0,-117.0,0.0,-140.0,-6.0
0.0,-8.0,20.0,6.0,-119.0,-2.0,-142.0,-7.0
0.0,-8.0,19.0,5.0,-120.0,-3.0,-142.0,-8.0
0.0,-9.0,17.0,5.0,-120.0,-4.0,-143.0,-9.0
0.0,-11.0,15.0,5.0,-120.0,-7.0,-145.0,-10.0
-1.0,-11.0,13.0,4.0,-121.0,-7.0,-146.0,-11.0
-2.0,-10.0,11.0,3.0,-122.0,-9.0,-147.0,-13.0
-3.0,-11.0,9.0,3.0,-123.0,-11.0,-149.0,-14.0
-6.0,-10.0,8.0,3.0,-124.0,-13.0,-151.0,-15.0
-8.0,-9.0,6.0,3.0,-126.0,-15.0,-152.0,-17.0
-9.0,-8.0,6.0,3.0,-126.0,-16.0,-153.0,-18.0
-12.0,-7.0,5.0,3.0,-128.0,-17.0,-154.0,-18.0
-14.0,-7.0,2.0,3.0,-130.0,-20.0,-157.0,-21.0
-15.0,-7.0,0.0,2.0,-130.0,-22.0,-158.0,-22.0
-15.0,-8.0,-2.0,2.0,-131.0,-23.0,-159.0,-23.0
-17.0,-8.0,-4.0,1.0,-132.0,-26.0,-161.0,-24.0
-16.0,-10.0,-5.0,0.0,-132.0,-27.0,-162.0,-25.0
-16.0,-10.0,-4.0,1.0,-131.0,-26.0,-161.0,-24.0
-17.0,-9.0,-4.0,1.0,-131.0,-26.0,-161.0,-25.0
-17.0,-8.0,-4.0,1.0,-133.0,-26.0,-161.0,-25.0
-17.0,-9.0,-4.0,1.0,-132.0,-26.0,-161.0,-25.0
-18.0,-8.0,-3.0,2.0,-132.0,-25.0,-161.0,-25.0
-18.0,-7.0,-3.0,1.0,-133.0,-26.0,-161.0,-25.0
-17.0,-8.0,-4.0,1.0,-132.0,-26.0,-161.0,-25.0
-17.0,-8.0,-4.0,1.0,-132.0,-26.0,-160.0,-24.0
-17.0,-9.0,-4.0,2.0,-132.0,-25.0,-160.0,-24.0
-16.0,-9.0,-5.0,1.0,-132.0,-26.0,-160.0,-25.0
-16.0,-10.0,-5.0,0.0,-131.0,-26.0,-160.0,-24.0
-17.0,-9.0,-4.0,1.0,-131.0,-26.0,-160.0,-24.0
-17.0,-9.0,-4.0,1.0,-132.0,-26.0,-160.0,-25.0
-18.0,-8.0,-4.0,1.0,-131.0,-26.0,-160.0,-25.0
-19.0,-7.0,-4.0,1.0,-131.0,-26.0,-160.0,-25.0
-18.0,-7.0,-4.0,1.0,-132.0,-26.0,-160.0,-25.0
-17.0,-8.0,-4.0,1.0,-131.0,-26.0,-159.0,-24.0
-17.0,-8.0,-4.0,1.0,-130.0,-26.0,-159.0,-24.0
-17.0,-9.0,-4.0,1.0,-130.0,-25.0,-159.0,-24.0
-16.0,-10.0,-5.0,0.0,-131.0,-26.0,-160.0,-25.0
-15.0,-9.0,-5.0,1.0,-130.0,-26.0,-159.0,-24.0
-17.0,-8.0,-4.0,1.0,-130.0,-26.0,-159.0,-24.0
-17.0,-9.0,-5.0,1.0,-131.0,-26.0,-160.0,-25.0
-17.0,-8.0,-4.0,1.0,-131.0,-26.0,-159.0,-25.0
-18.0,-8.0,-3.0,2.0,-130.0,-25.0,-159.0,-25.0
-18.0,-7.0,-3.0,2.0,-131.0,-26.0,-158.0,-25.0
-17.0,-8.0,-4.0,1.0,-130.0,-26.0,-159.0,-25.0
-17.0,-8.0,-4.0,1.0,-130.0,-25.0,-158.0,-24.0
-16.0,-8.0,-4.0,1.0,-130.0,-25.0,-158.0,-24.0
-16.0,-9.0,-5.0,0.0,-130.0,-26.0,-159.0,-25.0
-15.0,-9.0,-5.0,0.0,-129.0,-26.0,-158.0,-24.0
-17.0,-9.0,-4.0,1.0,-129.0,-25.0,-158.0,-24.0
-17.0,-8.0,-4.0,0.0,-131.0,-26.0,-159.0,-25.0
-17.0,-8.0,-4.0,1.0,-130.0,-26.0,-159.0,-25.0
-21.0,-8.0,0.0,2.0,-131.0,-28.0,-161.0,-27.0
-26.0,-10.0,7.0,4.0,-136.0,-37.0,-168.0,-33.0
-30.0,-14.0,13.0,5.0,-140.0,-44.0,-173.0,-38.0
-35.0,-16.0,21.0,7.0,-143.0,-51.0,-179.0,-42.0
-38.0,-15.0,25.0,8.0,-145.0,-54.0,-182.0,-44.0
-36.0,-8.0,17.0,5.0,-143.0,-49.0,-178.0,-42.0
-29.0,0.0,5.0,2.0,-137.0,-37.0,-168.0,-34.0
-18.0,15.0,-15.0,-3.0,-128.0,-14.0,-149.0,-20.0
0.0,41.0,-52.0,-14.0,-112.0,21.0,-120.0,1.0
23.0,65.0,-93.0,-25.0,-94.0,61.0,-87.0,27.0
47.0,88.0,-134.0,-36.0,-73.0,103.0,-52.0,55.0
73.0,110.0,-177.0,-47.0,-54.0,144.0,-17.0,82.0
100.0,131.0,-220.0,-58.0,-33.0,186.0,17.0,110.0
126.0,152.0,-262.0,-69.0,-12.0,228.0,51.0,138.0
151.0,171.0,-303.0,-80.0,7.0,268.0,85.0,165.0
178.0,185.0,-342.0,-89.0,27.0,305.0,116.0,190.0
204.0,188.0,-373.0,-95.0,46.0,337.0,143.0,213.0
223.0,187.0,-397.0,-99.0,61.0,361.0,165.0,232.0
238.0,190.0,-417.0,-104.0,72.0,380.0,182.0,245.0
248.0,193.0,-430.0,-107.0,79.0,393.0,193.0,254.0
253.0,187.0,-432.0,-106.0,83.0,396.0,196.0,258.0
254.0,176.0,-428.0,-104.0,82.0,392.0,194.0,257.0
250.0,166.0,-419.0,-102.0,79.0,382.0,186.0,251.0
242.0,158.0,-403.0,-97.0,72.0,367.0,173.0,242.0
230.0,147.0,-383.0,-92.0,63.0,348.0,158.0,229.0
217.0,131.0,-360.0,-86.0,52.0,323.0,137.0,213.0
199.0,112.0,-327.0,-77.0,38.0,291.0,111.0,192.0
175.0,92.0,-289.0,-67.0,20.0,254.0,81.0,168.0
150.0,70.0,-247.0,-56.0,0.0,212.0,46.0,140.0
124.0,44.0,-202.0,-44.0,-20.0,169.0,10.0,112.0
98.0,17.0,-155.0,-31.0,-41.0,124.0,-25.0,83.0
71.0,-3.0,-113.0,-20.0,-61.0,83.0,-60.0,56.0
46.0,-22.0,-74.0,-10.0,-81.0,43.0,-93.0,29.0
20.0,-40.0,-32.0,0.0,-101.0,3.0,-127.0,2.0
-7.0,-57.0,-5.0,2.0,-122.0,-38.0,-162.0,-25.0
-34.0,-81.0,-1.0,1.0,-145.0,-85.0,-200.0,-56.0
-59.0,-92.0,0.0,1.0,-163.0,-121.0,-231.0,-80.0
-75.0,-78.0,0.0,2.0,-173.0,-131.0,-241.0,-91.0
-77.0,-63.0,0.0,2.0,-174.0,-125.0,-237.0,-89.0
-66.0,-52.0,0.0,2.0,-165.0,-107.0,-222.0,-77.0
-53.0,-37.0,0.0,3.0,-154.0,-81.0,-201.0,-61.0
-40.0,-26.0,1.0,3.0,-144.0,-60.0,-183.0,-48.0
-27.0,-19.0,0.0,2.0,-135.0,-42.0,-168.0,-36.0
-20.0,-11.0,0.0,2.0,-128.0,-30.0,-158.0,-26.0
-19.0,-10.0,0.0,2.0,-128.0,-28.0,-156.0,-25.0
-18.0,-10.0,0.0,2.0,-127.0,-29.0,-157.0,-26.0
-17.0,-11.0,-1.0,2.0,-127.0,-29.0,-157.0,-26.0
-19.0,-10.0,0.0,2.0,-127.0,-29.0,-157.0,-26.0
-19.0,-10.0,0.0,2.0,-128.0,-29.0,-157.0,-27.0
-19.0,-9.0,0.0,2.0,-128.0,-29.0,-157.0,-27.0
-20.0,-9.0,0.0,2.0,-127.0,-28.0,-156.0,-26.0
-21.0,-8.0,1.0,2.0,-128.0,-28.0,-156.0,-27.0
-19.0,-9.0,0.0,2.0,-128.0,-29.0,-156.0,-27.0
-19.0,-10.0,0.0,2.0,-127.0,-28.0,-156.0,-26.0
-19.0,-10.0,0.0,2.0,-126.0,-28.0,-155.0,-26.0
-18.0,-10.0,0.0,2.0,-127.0,-29.0,-156.0,-26.0
-17.0,-11.0,-1.0,1.0,-126.0,-29.0,-156.0,-26.0
-18.0,-10.0,0.0,2.0,-126.0,-28.0,-155.0,-25.0
-19.0,-10.0,0.0,2.0,-127.0,-29.0,-156.0,-27.0
-19.0,-10.0,0.0,2.0,-127.0,-29.0,-156.0,-27.0
-20.0,-9.0,0.0,2.0,-127.0,-28.0,-155.0,-26.0
-20.0,-9.0,0.0,2.0,-127.0,-28.0,-155.0,-26.0
-19.0,-9.0,0.0,2.0,-127.0,-28.0,-155.0,-27.0
-19.0,-10.0,0.0,2.0,-126.0,-28.0,-155.0,-26.0
-19.0,-9.0,0.0,2.0,-126.0,-28.0,-154.0,-25.0
-18.0,-10.0,0.0,1.0,-126.0,-29.0,-155.0,-26.0
-17.0,-11.0,-1.0,2.0,-125.0,-29.0,-154.0,-25.0
-18.0,-10.0,0.0,2.0,-125.0,-28.0,-154.0,-25.0
-19.0,-10.0,0.0,2.0,-126.0,-28.0,-154.0,-26.0
-19.0,-10.0,0.0,2.0,-126.0,-29.0,-155.0,-27.0
-20.0,-9.0,0.0,2.0,-126.0,-28.0,-154.0,-26.0
-20.0,-8.0,0.0,2.0,-127.0,-28.0,-154.0,-26.0
-19.0,-9.0,0.0,2.0,-127.0,-28.0,-154.0,-26.0
-19.0,-9.0,0.0,2.0,-126.0,-28.0,-153.0,-25.0
-19.0,-9.0,0.0,2.0,-125.0,-28.0,-153.0,-25.0
-18.0,-10.0,0.0,1.0,-126.0,-29.0,-154.0,-26.0
-17.0,-11.0,-1.0,1.0,-125.0,-28.0,-154.0,-25.0
-18.0,-10.0,0.0,2.0,-125.0,-28.0,-153.0,-25.0
-19.0,-9.0,0.0,2.0,-125.0,-29.0,-154.0,-26.0
-19.0,-9.0,0.0,2.0,-125.0,-28.0,-153.0,-26.0
-19.0,-9.0,0.0,2.0,-125.0,-28.0,-153.0,-26.0
-20.0,-8.0,0.0,2.0,-125.0,-27.0,-153.0,-26.0
-19.0,-9.0,0.0,2.0,-125.0,-28.0,-153.0,-26.0
-17.0,-9.0,1.0,2.0,-123.0,-26.0,-152.0,-25.0
-16.0,-8.0,4.0,3.0,-122.0,-24.0,-149.0,-23.0
-16.0,-8.0,3.0,2.0,-123.0,-24.0,-149.0,-23.0
-14.0,-8.0,4.0,3.0,-121.0,-23.0,-148.0,-21.0
-13.0,-6.0,8.0,4.0,-119.0,-19.0,-145.0,-19.0
-12.0,-6.0,8.0,4.0,-119.0,-19.0,-145.0,-19.0
-11.0,-8.0,10.0,4.0,-118.0,-17.0,-144.0,-19.0
-11.0,-8.0,10.0,4.0,-118.0,-17.0,-143.0,-18.0
-12.0,-8.0,11.0,5.0,-118.0,-17.0,-143.0,-18.0
-9.0,-8.0,12.0,4.0,-117.0,-16.0,-142.0,-17.0
-5.0,-7.0,17.0,5.0,-113.0,-10.0,-136.0,-13.0
-4.0,-5.0,19.0,6.0,-112.0,-9.0,-135.0,-12.0
-3.0,-6.0,20.0,6.0,-112.0,-8.0,-134.0,-11.0
-3.0,-6.0,21.0,7.0,-112.0,-7.0,-133.0,-10.0
-2.0,-7.0,20.0,6.0,-111.0,-7.0,-133.0,-11.0
0.0,-6.0,23.0,7.0,-109.0,-4.0,-131.0,-8.0
2.0,-5.0,28.0,9.0,-106.0,0.0,-126.0,-5.0
5.0,-3.0,31.0,9.0,-104.0,3.0,-123.0,-2.0
9.0,-2.0,35.0,10.0,-102.0,7.0,-120.0,0.0
9.0,0.0,38.0,11.0,-101.0,10.0,-118.0,1.0
10.0,0.0,41.0,11.0,-100.0,12.0,-116.0,2.0
13.0,2.0,45.0,12.0,-98.0,16.0,-113.0,5.0
15.0,5.0,50.0,14.0,-96.0,21.0,-109.0,8.0
17.0,7.0,55.0,15.0,-94.0,26.0,-104.0,11.0
21.0,7.0,58.0,15.0,-92.0,29.0,-101.0,14.0
25.0,6.0,61.0,16.0,-89.0,32.0,-98.0,16.0
28.0,7.0,65.0,17.0,-86.0,36.0,-95.0,19.0
31.0,8.0,69.0,18.0,-84.0,41.0,-92.0,22.0
35.0,9.0,73.0,19.0,-81.0,45.0,-88.0,25.0
37.0,12.0,78.0,20.0,-79.0,50.0,-84.0,28.0
39.0,14.0,82.0,21.0,-78.0,53.0,-81.0,30.0
42.0,13.0,85.0,21.0,-76.0,56.0,-78.0,32.0
43.0,14.0,89.0,23.0,-74.0,59.0,-75.0,35.0
44.0,16.0,91.0,23.0,-74.0,61.0,-74.0,36.0
46.0,16.0,92.0,23.0,-72.0,63.0,-72.0,38.0
48.0,15.0,94.0,24.0,-71.0,65.0,-70.0,39.0
50.0,13.0,95.0,24.0,-69.0,66.0,-68.0,41.0
51.0,12.0,94.0,23.0,-69.0,66.0,-68.0,41.0
53.0,12.0,95.0,23.0,-68.0,67.0,-68.0,42.0
53.0,14.0,98.0,25.0,-66.0,69.0,-65.0,43.0
53.0,14.0,99.0,25.0,-67.0,70.0,-65.0,43.0
53.0,15.0,99.0,25.0,-67.0,70.0,-65.0,43.0
51.0,15.0,98.0,24.0,-67.0,69.0,-66.0,42.0
49.0,15.0,96.0,24.0,-69.0,67.0,-68.0,40.0
50.0,12.0,94.0,23.0,-70.0,65.0,-69.0,39.0
49.0,9.0,92.0,22.0,-69.0,63.0,-70.0,39.0
47.0,9.0,90.0,22.0,-70.0,61.0,-72.0,38.0
47.0,7.0,87.0,21.0,-72.0,58.0,-74.0,36.0
46.0,6.0,84.0,20.0,-72.0,56.0,-76.0,35.0
44.0,5.0,82.0,20.0,-73.0,54.0,-77.0,33.0
42.0,5.0,80.0,20.0,-75.0,51.0,-80.0,31.0
40.0,2.0,77.0,19.0,-76.0,48.0,-83.0,29.0
37.0,2.0,74.0,18.0,-78.0,45.0,-85.0,26.0
33.0,4.0,71.0,18.0,-80.0,42.0,-87.0,24.0
32.0,0.0,67.0,16.0,-82.0,38.0,-91.0,22.0
31.0,-3.0,63.0,15.0,-83.0,35.0,-93.0,20.0
29.0,-5.0,59.0,14.0,-84.0,31.0,-96.0,18.0
28.0,-8.0,55.0,13.0,-86.0,27.0,-99.0,15.0
27.0,-12.0,51.0,11.0,-86.0,23.0,-102.0,14.0
23.0,-13.0,47.0,11.0,-89.0,20.0,-105.0,11.0
20.0,-12.0,44.0,10.0,-92.0,16.0,-108.0,8.0
17.0,-10.0,42.0,10.0,-93.0,14.0,-110.0,6.0
14.0,-10.0,40.0,10.0,-95.0,11.0,-112.0,4.0
12.0,-9.0,38.0,10.0,-97.0,10.0,-114.0,2.0
11.0,-11.0,35.0,8.0,-98.0,7.0,-116.0,0.0
10.0,-12.0,33.0,8.0,-98.0,5.0,-117.0,0.0
8.0,-11.0,31.0,8.0,-98.0,4.0,-118.0,0.0
6.0,-11.0,28.0,7.0,-101.0,1.0,-121.0,-3.0
6.0,-13.0,25.0,6.0,-101.0,0.0,-123.0,-4.0
3.0,-11.0,25.0,7.0,-102.0,-1.0,-124.0,-5.0
1.0,-12.0,22.0,6.0,-104.0,-4.0,-126.0,-8.0
0.0,-11.0,20.0,5.0,-105.0,-6.0,-128.0,-9.0
-1.0,-9.0,20.0,6.0,-107.0,-7.0,-128.0,-10.0
-3.0,-8.0,19.0,6.0,-108.0,-7.0,-129.0,-11.0
-4.0,-10.0,16.0,5.0,-109.0,-10.0,-131.0,-12.0
-4.0,-10.0,14.0,4.0,-109.0,-11.0,-132.0,-13.0
-5.0,-10.0,13.0,5.0,-109.0,-12.0,-133.0,-13.0
-6.0,-13.0,11.0,4.0,-110.0,-14.0,-134.0,-15.0
-6.0,-13.0,9.0,3.0,-110.0,-17.0,-136.0,-16.0
-8.0,-11.0,9.0,4.0,-110.0,-17.0,-136.0,-16.0
-11.0,-10.0,7.0,3.0,-113.0,-19.0,-139.0,-19.0
-14.0,-10.0,4.0,2.0,-115.0,-22.0,-141.0,-21.0
-15.0,-10.0,3.0,2.0,-116.0,-23.0,-142.0,-22.0
-17.0,-7.0,3.0,3.0,-117.0,-24.0,-143.0,-23.0
-17.0,-7.0,1.0,2.0,-118.0,-25.0,-144.0,-24.0
-17.0,-8.0,1.0,2.0,-117.0,-25.0,-143.0,-23.0
-17.0,-8.0,0.0,3.0,-117.0,-25.0,-143.0,-23.0
-18.0,-10.0,-2.0,2.0,-119.0,-28.0,-146.0,-25.0
-18.0,-11.0,-3.0,1.0,-118.0,-30.0,-147.0,-26.0
-18.0,-10.0,-2.0,1.0,-118.0,-29.0,-146.0,-25.0
-19.0,-9.0,-2.0,1.0,-119.0,-29.0,-147.0,-26.0
-19.0,-9.0,-2.0,1.0,-119.0,-29.0,-146.0,-26.0
-20.0,-9.0,-2.0,1.0,-119.0,-29.0,-146.0,-26.0
-21.0,-8.0,-1.0,2.0,-120.0,-28.0,-146.0,-26.0
-20.0,-9.0,-2.0,1.0,-120.0,-29.0,-146.0,-27.0
-20.0,-9.0,-2.0,1.0,-118.0,-28.0,-146.0,-25.0
-19.0,-10.0,-2.0,2.0,-118.0,-28.0,-145.0,-25.0
-18.0,-10.0,-3.0,1.0,-119.0,-29.0,-146.0,-26.0
-17.0,-11.0,-3.0,1.0,-118.0,-29.0,-146.0,-25.0
-18.0,-10.0,-2.0,2.0,-117.0,-28.0,-145.0,-25.0
-19.0,-10.0,-2.0,1.0,-118.0,-29.0,-146.0,-26.0
-19.0,-9.0,-3.0,1.0,-118.0,-29.0,-146.0,-26.0
-19.0,-9.0,-2.0,2.0,-118.0,-29.0,-145.0,-26.0
-21.0,-8.0,-1.0,2.0,-118.0,-29.0,-145.0,-26.0
-20.0,-9.0,-2.0,1.0,-118.0,-29.0,-145.0,-26.0
-19.0,-9.0,-2.0,1.0,-118.0,-28.0,-145.0,-26.0
-19.0,-9.0,-2.0,1.0,-118.0,-28.0,-145.0,-25.0
-18.0,-10.0,-3.0,1.0,-117.0,-29.0,-145.0,-26.0
-17.0,-11.0,-3.0,0.0,-117.0,-29.0,-145.0,-26.0
-18.0,-10.0,-3.0,1.0,-117.0,-29.0,-144.0,-25.0
-19.0,-9.0,-2.0,1.0,-118.0,-29.0,-145.0,-26.0
-19.0,-9.0,-2.0,1.0,-118.0,-29.0,-145.0,-26.0
-19.0,-10.0,-2.0,1.0,-117.0,-29.0,-144.0,-26.0
-21.0,-8.0,-1.0,2.0,-118.0,-28.0,-144.0,-25.0
-20.0,-8.0,-2.0,1.0,-118.0,-29.0,-145.0,-26.0
-19.0,-9.0,-2.0,1.0,-117.0,-28.0,-144.0,-26.0
-19.0,-9.0,-2.0,2.0,-116.0,-28.0,-144.0,-25.0
-18.0,-10.0,-3.0,1.0,-116.0,-28.0,-144.0,-25.0
-17.0,-11.0,-3.0,1.0,-116.0,-29.0,-144.0,-25.0
-18.0,-10.0,-3.0,1.0,-116.0,-28.0,-144.0,-25.0
-18.0,-9.0,-2.0,1.0,-117.0,-28.0,-144.0,-26.0
-18.0,-9.0,-2.0,1.0,-116.0,-28.0,-144.0,-26.0
-19.0,-9.0,-2.0,1.0,-117.0,-28.0,-144.0,-26.0
-20.0,-8.0,-1.0,2.0,-117.0,-28.0,-143.0,-25.0
-19.0,-9.0,-2.0,1.0,-118.0,-28.0,-143.0,-26.0
-19.0,-9.0,-2.0,1.0,-116.0,-28.0,-143.0,-25.0
-19.0,-9.0,-2.0,1.0,-116.0,-28.0,-143.0,-25.0
-18.0,-9.0,-3.0,1.0,-116.0,-28.0,-143.0,-25.0
-17.0,-11.0,-3.0,0.0,-115.0,-29.0,-143.0,-25.0
-18.0,-10.0,-2.0,1.0,-115.0,-28.0,-142.0,-25.0
-19.0,-9.0,-2.0,1.0,-116.0,-28.0,-143.0,-26.0
-19.0,-9.0,-2.0,1.0,-116.0,-28.0,-143.0,-26.0
-19.0,-9.0,-2.0,1.0,-116.0,-28.0,-143.0,-26.0
-20.0,-8.0,-1.0,2.0,-116.0,-27.0,-142.0,-26.0
-20.0,-8.0,-2.0,1.0,-116.0,-28.0,-143.0,-26.0
-19.0,-9.0,-2.0,1.0,-116.0,-28.0,-142.0,-25.0
-18.0,-9.0,-2.0,2.0,-115.0,-27.0,-142.0,-24.0
-18.0,-9.0,-2.0,1.0,-115.0,-28.0,-142.0,-25.0
-17.0,-11.0,-3.0,0.0,-115.0,-28.0,-143.0,-25.0
-18.0,-10.0,-2.0,1.0,-114.0,-28.0,-142.0,-24.0
-18.0,-9.0,-2.0,1.0,-115.0,-28.0,-142.0,-25.0
-19.0,-9.0,-2.0,1.0,-115.0,-28.0,-142.0,-26.0
-19.0,-9.0,-2.0,1.0,-115.0,-28.0,-142.0,-26.0
-20.0,-8.0,-1.0,2.0,-116.0,-27.0,-141.0,-25.0
-19.0,-9.0,-2.0,1.0,-116.0,-28.0,-142.0,-25.0
-19.0,-9.0,-2.0,2.0,-115.0,-28.0,-141.0,-25.0
-18.0,-9.0,-2.0,1.0,-114.0,-27.0,-141.0,-24.0
-18.0,-10.0,-2.0,1.0,-115.0,-28.0,-141.0,-25.0
-17.0,-10.0,-4.0,1.0,-115.0,-28.0,-141.0,-25.0
-18.0,-10.0,-2.0,1.0,-114.0,-27.0,-141.0,-24.0
-19.0,-9.0,-2.0,1.0,-115.0,-28.0,-141.0,-25.0
-19.0,-9.0,-2.0,1.0,-115.0,-28.0,-142.0,-26.0
-19.0,-9.0,-2.0,1.0,-114.0,-28.0,-141.0,-25.0
-20.0,-8.0,-1.0,2.0,-114.0,-27.0,-140.0,-25.0
-19.0,-8.0,-2.0,1.0,-115.0,-28.0,-141.0,-26.0
-19.0,-9.0,-2.0,1.0,-114.0,-28.0,-140.0,-25.0
-19.0,-9.0,-2.0,1.0,-114.0,-27.0,-140.0,-24.0
-18.0,-10.0,-3.0,1.0,-114.0,-27.0,-140.0,-25.0
-17.0,-11.0,-3.0,0.0,-113.0,-28.0,-141.0,-25.0
-17.0,-10.0,-3.0,1.0,-113.0,-28.0,-140.0,-24.0
-19.0,-9.0,-2.0,1.0,-114.0,-28.0,-140.0,-25.0
-18.0,-9.0,-2.0,1.0,-114.0,-28.0,-140.0,-25.0
-18.0,-9.0,-2.0,1.0,-114.0,-28.0,-140.0,-25.0
-20.0,-8.0,-1.0,2.0,-114.0,-27.0,-140.0,-25.0
-19.0,-8.0,-2.0,1.0,-115.0,-28.0,-140.0,-25.0
-18.0,-9.0,-2.0,1.0,-114.0,-27.0,-140.0,-25.0
-18.0,-9.0,-2.0,2.0,-113.0,-27.0,-139.0,-24.0
-18.0,-9.0,-3.0,1.0,-113.0,-27.0,-139.0,-24.0
-17.0,-10.0,-3.0,1.0,-113.0,-28.0,-140.0,-24.0
-17.0,-10.0,-2.0,1.0,-112.0,-27.0,-139.0,-24.0
-18.0,-9.0,-2.0,1.0,-113.0,-27.0,-139.0,-25.0
-18.0,-9.0,-2.0,1.0,-113.0,-27.0,-140.0,-25.0
-19.0,-9.0,-2.0,1.0,-114.0,-28.0,-140.0,-25.0
-20.0,-7.0,-1.0,2.0,-114.0,-27.0,-139.0,-25.0
-20.0,-8.0,-2.0,1.0,-114.0,-27.0,-139.0,-26.0
-18.0,-9.0,-2.0,1.0,-113.0,-27.0,-139.0,-25.0
-18.0,-9.0,-2.0,2.0,-113.0,-27.0,-138.0,-24.0
-18.0,-9.0,-2.0,1.0,-113.0,-27.0,-139.0,-24.0
-17.0,-10.0,-3.0,0.0,-112.0,-28.0,-139.0,-25.0
-18.0,-10.0,-2.0,1.0,-111.0,-27.0,-138.0,-24.0
-18.0,-9.0,-2.0,1.0,-113.0,-27.0,-138.0,-25.0
-19.0,-9.0,-2.0,1.0,-113.0,-28.0,-139.0,-25.0
-19.0,-9.0,-2.0,1.0,-112.0,-27.0,-138.0,-25.0
-20.0,-8.0,-1.0,2.0,-112.0,-26.0,-138.0,-25.0
-19.0,-8.0,-2.0,1.0,-113.0,-27.0,-139.0,-25.0
-18.0,-9.0,-2.0,1.0,-113.0,-27.0,-138.0,-25.0
-18.0,-9.0,-2.0,1.0,-112.0,-27.0,-137.0,-24.0
-18.0,-9.0,-2.0,1.0,-112.0,-26.0,-138.0,-24.0
-17.0,-10.0,-3.0,1.0,-111.0,-27.0,-138.0,-24.0
-17.0,-10.0,-2.0,1.0,-111.0,-27.0,-137.0,-24.0
-18.0,-9.0,-2.0,1.0,-111.0,-27.0,-137.0,-25.0
-18.0,-9.0,-2.0,1.0,-112.0,-27.0,-138.0,-25.0
-19.0,-9.0,-2.0,1.0,-112.0,-27.0,-138.0,-25.0
-20.0,-8.0,-1.0,2.0,-112.0,-27.0,-137.0,-24.0
-19.0,-8.0,-2.0,1.0,-112.0,-27.0,-137.0,-25.0
-18.0,-9.0,-2.0,1.0,-112.0,-27.0,-137.0,-24.0
-18.0,-9.0,-2.0,1.0,-111.0,-26.0,-136.0,-24.0
-18.0,-9.0,-2.0,1.0,-111.0,-27.0,-137.0,-24.0
-17.0,-10.0,-3.0,1.0,-111.0,-28.0,-137.0,-24.0
-17.0,-10.0,-2.0,1.0,-110.0,-27.0,-136.0,-23.0
-17.0,-9.0,-2.0,1.0,-111.0,-27.0,-136.0,-24.0
-18.0,-9.0,-2.0,1.0,-111.0,-27.0,-137.0,-24.0
-18.0,-9.0,-2.0,1.0,-111.0,-27.0,-137.0,-25.0
-19.0,-7.0,-1.0,2.0,-111.0,-26.0,-136.0,-24.0
-19.0,-8.0,-2.0,1.0,-111.0,-27.0,-136.0,-25.0
-18.0,-9.0,-2.0,1.0,-111.0,-27.0,-136.0,-25.0
-17.0,-9.0,-2.0,1.0,-110.0,-26.0,-136.0,-24.0
-17.0,-9.0,-2.0,1.0,-111.0,-27.0,-136.0,-24.0
-16.0,-10.0,-3.0,1.0,-110.0,-27.0,-136.0,-24.0
-17.0,-9.0,-2.0,1.0,-109.0,-26.0,-135.0,-23.0
-17.0,-9.0,-2.0,1.0,-110.0,-27.0,-136.0,-24.0
-18.0,-9.0,-2.0,1.0,-110.0,-27.0,-136.0,-25.0
-18.0,-8.0,-2.0,1.0,-110.0,-27.0,-136.0,-24.0
-20.0,-7.0,-1.0,2.0,-111.0,-26.0,-136.0,-24.0
-20.0,-7.0,-2.0,1.0,-111.0,-27.0,-136.0,-25.0
-18.0,-8.0,-2.0,1.0,-110.0,-27.0,-135.0,-24.0
-18.0,-9.0,-2.0,2.0,-109.0,-26.0,-134.0,-23.0
-17.0,-9.0,-2.0,1.0,-110.0,-27.0,-135.0,-24.0
-16.0,-10.0,-3.0,0.0,-109.0,-27.0,-135.0,-24.0
-17.0,-10.0,-2.0,1.0,-109.0,-26.0,-134.0,-23.0
-18.0,-9.0,-2.0,1.0,-109.0,-26.0,-135.0,-24.0
-17.0,-9.0,-2.0,1.0,-110.0,-27.0,-135.0,-24.0
-17.0,-8.0,-2.0,1.0,-110.0,-27.0,-135.0,-24.0
-19.0,-7.0,-1.0,2.0,-110.0,-26.0,-134.0,-24.0
-18.0,-8.0,-2.0,1.0,-110.0,-26.0,-135.0,-24.0
-18.0,-9.0,-2.0,1.0,-110.0,-26.0,-135.0,-24.0
-18.0,-9.0,-2.0,1.0,-109.0,-26.0,-134.0,-23.0
-17.0,-9.0,-2.0,1.0,-109.0,-26.0,-134.0,-23.0
-16.0,-10.0,-3.0,0.0,-108.0,-27.0,-134.0,-24.0
-16.0,-10.0,-2.0,1.0,-107.0,-26.0,-133.0,-23.0
-17.0,-8.0,-2.0,1.0,-108.0,-27.0,-134.0,-24.0
-18.0,-8.0,-2.0,1.0,-109.0,-26.0,-134.0,-24.0
-18.0,-9.0,-2.0,1.0,-109.0,-27.0,-134.0,-24.0
-19.0,-7.0,-1.0,1.0,-109.0,-26.0,-134.0,-24.0
-19.0,-7.0,-1.0,1.0,-110.0,-26.0,-134.0,-24.0
-17.0,-8.0,-2.0,1.0,-109.0,-27.0,-134.0,-24.0
-17.0,-8.0,-2.0,1.0,-108.0,-26.0,-133.0,-23.0
-16.0,-8.0,0.0,2.0,-107.0,-24.0,-132.0,-22.0
-12.0,-7.0,2.0,2.0,-105.0,-21.0,-129.0,-19.0
-11.0,-6.0,5.0,3.0,-103.0,-17.0,-126.0,-17.0
-10.0,-4.0,8.0,4.0,-102.0,-15.0,-123.0,-16.0
-7.0,-5.0,11.0,4.0,-100.0,-12.0,-121.0,-14.0
-4.0,-6.0,15.0,5.0,-97.0,-8.0,-118.0,-11.0
-2.0,-5.0,19.0,6.0,-95.0,-5.0,-114.0,-8.0
0.0,-5.0,21.0,6.0,-95.0,-3.0,-113.0,-7.0
2.0,-6.0,24.0,6.0,-92.0,0.0,-110.0,-4.0
4.0,-7.0,25.0,7.0,-91.0,1.0,-108.0,-3.0
4.0,-5.0,26.0,7.0,-91.0,2.0,-108.0,-2.0
5.0,-4.0,26.0,7.0,-90.0,2.0,-107.0,-2.0
7.0,-6.0,28.0,8.0,-88.0,4.0,-105.0,0.0
7.0,-6.0,29.0,8.0,-89.0,4.0,-105.0,0.0
7.0,-6.0,29.0,7.0,-89.0,4.0,-106.0,-1.0
7.0,-6.0,29.0,7.0,-89.0,4.0,-106.0,-1.0
5.0,-5.0,30.0,8.0,-89.0,5.0,-105.0,0.0
5.0,-5.0,29.0,8.0,-89.0,4.0,-105.0,-1.0
6.0,-9.0,27.0,7.0,-89.0,2.0,-106.0,-1.0
7.0,-10.0,26.0,7.0,-88.0,2.0,-106.0,-1.0
7.0,-11.0,26.0,7.0,-89.0,2.0,-106.0,-1.0
7.0,-11.0,25.0,6.0,-88.0,1.0,-107.0,-1.0
5.0,-9.0,24.0,6.0,-89.0,0.0,-108.0,-2.0
4.0,-8.0,24.0,6.0,-90.0,0.0,-108.0,-3.0
4.0,-7.0,24.0,6.0,-90.0,0.0,-108.0,-3.0
3.0,-8.0,23.0,6.0,-91.0,0.0,-109.0,-4.0
0.0,-8.0,22.0,6.0,-92.0,-2.0,-110.0,-5.0
0.0,-8.0,20.0,6.0,-93.0,-3.0,-111.0,-7.0
0.0,-9.0,19.0,5.0,-93.0,-4.0,-112.0,-7.0
0.0,-11.0,16.0,5.0,-93.0,-6.0,-113.0,-8.0
-1.0,-11.0,14.0,4.0,-95.0,-8.0,-115.0,-9.0
-2.0,-10.0,12.0,3.0,-96.0,-10.0,-117.0,-11.0
-4.0,-10.0,11.0,4.0,-96.0,-11.0,-118.0,-12.0
-6.0,-10.0,9.0,3.0,-98.0,-13.0,-120.0,-13.0
-8.0,-9.0,8.0,3.0,-99.0,-15.0,-121.0,-15.0
-9.0,-8.0,7.0,3.0,-100.0,-16.0,-122.0,-16.0
-12.0,-7.0,7.0,3.0,-101.0,-17.0,-123.0,-17.0
-15.0,-7.0,3.0,2.0,-103.0,-20.0,-126.0,-19.0
-15.0,-7.0,1.0,2.0,-104.0,-22.0,-127.0,-20.0
-16.0,-8.0,0.0,2.0,-105.0,-23.0,-128.0,-21.0
-17.0,-8.0,-2.0,1.0,-106.0,-26.0,-130.0,-23.0
-16.0,-9.0,-3.0,0.0,-106.0,-27.0,-131.0,-23.0
-16.0,-10.0,-3.0,1.0,-105.0,-26.0,-130.0,-23.0
-17.0,-8.0,-2.0,1.0,-106.0,-26.0,-130.0,-23.0
-18.0,-8.0,-3.0,0.0,-106.0,-27.0,-131.0,-24.0
-18.0,-8.0,-3.0,1.0,-106.0,-27.0,-131.0,-24.0
-19.0,-7.0,-2.0,1.0,-106.0,-26.0,-130.0,-24.0
-18.0,-7.0,-2.0,1.0,-107.0,-26.0,-130.0,-24.0
-17.0,-8.0,-2.0,1.0,-106.0,-26.0,-130.0,-24.0
-17.0,-8.0,-2.0,1.0,-105.0,-25.0,-129.0,-23.0
-17.0,-8.0,-2.0,1.0,-105.0,-26.0,-129.0,-23.0
-16.0,-9.0,-3.0,0.0,-105.0,-27.0,-130.0,-24.0
-16.0,-9.0,-3.0,0.0,-104.0,-26.0,-129.0,-23.0
-17.0,-9.0,-2.0,1.0,-105.0,-26.0,-129.0,-23.0
-17.0,-8.0,-2.0,1.0,-105.0,-25.0,-129.0,-23.0
-17.0,-8.0,-3.0,0.0,-105.0,-26.0,-130.0,-24.0
-18.0,-8.0,-2.0,1.0,-105.0,-25.0,-129.0,-23.0
-19.0,-7.0,-2.0,1.0,-106.0,-26.0,-129.0,-24.0
-18.0,-8.0,-3.0,1.0,-105.0,-26.0,-129.0,-24.0
-17.0,-8.0,-2.0,1.0,-105.0,-25.0,-128.0,-23.0
-17.0,-8.0,-3.0,1.0,-105.0,-26.0,-129.0,-23.0
-16.0,-9.0,-3.0,0.0,-104.0,-26.0,-129.0,-23.0
-16.0,-9.0,-3.0,1.0,-104.0,-26.0,-129.0,-22.0
-17.0,-9.0,-2.0,1.0,-104.0,-25.0,-129.0,-23.0
-17.0,-9.0,-3.0,1.0,-105.0,-26.0,-129.0,-23.0
-17.0,-8.0,-3.0,1.0,-105.0,-26.0,-129.0,-24.0
-19.0,-7.0,-1.0,2.0,-104.0,-25.0,-128.0,-23.0
-18.0,-7.0,-2.0,1.0,-105.0,-25.0,-128.0,-24.0
-17.0,-8.0,-3.0,0.0,-105.0,-26.0,-129.0,-24.0
-17.0,-8.0,-2.0,1.0,-104.0,-25.0,-128.0,-23.0
-17.0,-8.0,-2.0,1.0,-104.0,-25.0,-128.0,-22.0
-15.0,-10.0,-3.0,0.0,-104.0,-26.0,-128.0,-23.0
-15.0,-10.0,-3.0,1.0,-103.0,-26.0,-128.0,-22.0
-17.0,-9.0,-2.0,0.0,-104.0,-25.0,-128.0,-23.0
-17.0,-9.0,-2.0,0.0,-104.0,-26.0,-128.0,-23.0
-17.0,-8.0,-2.0,1.0,-104.0,-26.0,-128.0,-24.0
-21.0,-8.0,0.0,2.0,-106.0,-28.0,-130.0,-26.0
-27.0,-10.0,8.0,3.0,-111.0,-37.0,-137.0,-31.0
-30.0,-14.0,15.0,5.0,-113.0,-44.0,-143.0,-36.0
-35.0,-16.0,23.0,7.0,-116.0,-50.0,-148.0,-40.0
-39.0,-15.0,26.0,8.0,-119.0,-54.0,-152.0,-43.0
-36.0,-7.0,19.0,5.0,-118.0,-49.0,-148.0,-41.0
-30.0,0.0,7.0,2.0,-111.0,-37.0,-138.0,-32.0
-19.0,15.0,-13.0,-3.0,-102.0,-15.0,-120.0,-19.0
-1.0,41.0,-49.0,-14.0,-87.0,20.0,-91.0,2.0
22.0,65.0,-91.0,-25.0,-69.0,60.0,-58.0,28.0
47.0,88.0,-132.0,-35.0,-48.0,102.0,-22.0,56.0
72.0,110.0,-174.0,-47.0,-28.0,144.0,11.0,83.0
99.0,131.0,-217.0,-58.0,-8.0,185.0,45.0,110.0
125.0,152.0,-259.0,-69.0,12.0,227.0,80.0,139.0
151.0,171.0,-300.0,-80.0,32.0,267.0,114.0,166.0
177.0,184.0,-339.0,-89.0,52.0,304.0,146.0,191.0
203.0,187.0,-371.0,-95.0,72.0,336.0,173.0,214.0
223.0,187.0,-395.0,-100.0,86.0,360.0,194.0,233.0
238.0,190.0,-415.0,-104.0,97.0,380.0,211.0,247.0
247.0,193.0,-428.0,-107.0,104.0,392.0,222.0,256.0
252.0,187.0,-430.0,-107.0,108.0,396.0,226.0,260.0
254.0,176.0,-427.0,-105.0,107.0,392.0,223.0,258.0
251.0,166.0,-418.0,-102.0,104.0,382.0,215.0,253.0
242.0,158.0,-402.0,-97.0,98.0,368.0,204.0,244.0
230.0,147.0,-382.0,-92.0,89.0,348.0,188.0,231.0
218.0,132.0,-359.0,-86.0,77.0,324.0,167.0,215.0
200.0,112.0,-326.0,-77.0,64.0,292.0,142.0,195.0
176.0,92.0,-288.0,-67.0,46.0,255.0,111.0,170.0
151.0,71.0,-247.0,-57.0,26.0,213.0,77.0,143.0
124.0,45.0,-202.0,-45.0,5.0,169.0,40.0,114.0
98.0,18.0,-155.0,-31.0,-15.0,125.0,4.0,85.0
71.0,-2.0,-112.0,-20.0,-36.0,84.0,-30.0,57.0
47.0,-21.0,-73.0,-11.0,-56.0,43.0,-63.0,31.0
21.0,-39.0,-31.0,-1.0,-75.0,3.0,-97.0,4.0
-6.0,-57.0,-4.0,2.0,-98.0,-38.0,-132.0,-23.0
-33.0,-81.0,0.0,1.0,-120.0,-85.0,-171.0,-54.0
-59.0,-93.0,0.0,1.0,-138.0,-120.0,-201.0,-79.0
-75.0,-79.0,1.0,2.0,-148.0,-131.0,-211.0,-89.0
-77.0,-63.0,1.0,2.0,-149.0,-125.0,-208.0,-88.0
-67.0,-52.0,1.0,1.0,-140.0,-107.0,-192.0,-76.0
-54.0,-37.0,2.0,2.0,-129.0,-82.0,-172.0,-60.0
-40.0,-26.0,2.0,2.0,-119.0,-60.0,-154.0,-47.0
-27.0,-19.0,1.0,2.0,-110.0,-43.0,-139.0,-34.0
-20.0,-11.0,1.0,2.0,-103.0,-31.0,-129.0,-26.0
-19.0,-10.0,1.0,2.0,-103.0,-29.0,-127.0,-24.0
-18.0,-10.0,0.0,1.0,-103.0,-29.0,-128.0,-25.0
-18.0,-11.0,0.0,1.0,-102.0,-29.0,-127.0,-24.0
-19.0,-10.0,1.0,2.0,-102.0,-29.0,-127.0,-24.0
-19.0,-10.0,1.0,2.0,-103.0,-29.0,-127.0,-25.0
-19.0,-9.0,1.0,1.0,-103.0,-29.0,-128.0,-25.0
-20.0,-9.0,2.0,2.0,-102.0,-28.0,-127.0,-25.0
-20.0,-9.0,2.0,2.0,-104.0,-29.0,-127.0,-25.0
-19.0,-9.0,1.0,2.0,-103.0,-29.0,-127.0,-25.0
-19.0,-9.0,2.0,2.0,-101.0,-28.0,-126.0,-24.0
-19.0,-10.0,1.0,2.0,-102.0,-28.0,-126.0,-24.0
-18.0,-10.0,0.0,1.0,-102.0,-28.0,-127.0,-25.0
-17.0,-11.0,0.0,1.0,-101.0,-29.0,-127.0,-24.0
-19.0,-10.0,1.0,2.0,-102.0,-28.0,-126.0,-24.0
-19.0,-9.0,1.0,1.0,-102.0,-29.0,-127.0,-25.0
-19.0,-9.0,1.0,2.0,-103.0,-29.0,-127.0,-25.0
-20.0,-8.0,2.0,2.0,-102.0,-28.0,-126.0,-24.0
-20.0,-8.0,2.0,2.0,-103.0,-28.0,-126.0,-25.0
-19.0,-9.0,1.0,2.0,-102.0,-29.0,-126.0,-25.0
-18.0,-9.0,1.0,2.0,-101.0,-28.0,-125.0,-24.0
-19.0,-10.0,1.0,2.0,-101.0,-28.0,-125.0,-24.0
-18.0,-10.0,0.0,2.0,-101.0,-28.0,-126.0,-24.0
-18.0,-11.0,0.0,1.0,-100.0,-29.0,-125.0,-24.0
-18.0,-10.0,1.0,1.0,-101.0,-28.0,-125.0,-24.0
-19.0,-10.0,1.0,2.0,-102.0,-29.0,-126.0,-25.0
-19.0,-10.0,1.0,2.0,-101.0,-29.0,-126.0,-25.0
-20.0,-9.0,2.0,2.0,-101.0,-28.0,-125.0,-25.0
-20.0,-8.0,2.0,2.0,-102.0,-28.0,-125.0,-25.0
-19.0,-9.0,1.0,2.0,-102.0,-29.0,-126.0,-25.0
-18.0,-10.0,2.0,2.0,-100.0,-28.0,-124.0,-24.0
-19.0,-10.0,1.0,2.0,-101.0,-28.0,-125.0,-24.0
-18.0,-10.0,0.0,1.0,-101.0,-28.0,-125.0,-24.0
-17.0,-11.0,0.0,2.0,-100.0,-28.0,-125.0,-24.0
-18.0,-10.0,1.0,2.0,-100.0,-28.0,-124.0,-24.0
-19.0,-9.0,1.0,2.0,-100.0,-28.0,-125.0,-25.0
-19.0,-10.0,1.0,2.0,-100.0,-29.0,-125.0,-25.0
-20.0,-9.0,2.0,2.0,-100.0,-28.0,-124.0,-24.0
-20.0,-8.0,2.0,2.0,-101.0,-28.0,-124.0,-25.0
-19.0,-9.0,1.0,2.0,-101.0,-28.0,-125.0,-25.0
-18.0,-9.0,2.0,3.0,-99.0,-27.0,-123.0,-23.0
-17.0,-8.0,5.0,3.0,-98.0,-24.0,-121.0,-21.0
-15.0,-8.0,5.0,2.0,-98.0,-24.0,-121.0,-21.0
-13.0,-8.0,5.0,3.0,-96.0,-23.0,-119.0,-20.0
-13.0,-6.0,9.0,4.0,-95.0,-19.0,-117.0,-18.0
-12.0,-7.0,10.0,4.0,-95.0,-19.0,-116.0,-18.0
-11.0,-8.0,11.0,4.0,-94.0,-18.0,-115.0,-17.0
-11.0,-8.0,12.0,5.0,-93.0,-17.0,-114.0,-16.0
-12.0,-7.0,12.0,4.0,-94.0,-17.0,-114.0,-17.0
-10.0,-8.0,13.0,4.0,-93.0,-16.0,-114.0,-16.0
-8.0,-7.0,15.0,5.0,-91.0,-13.0,-111.0,-13.0
-8.0,-6.0,16.0,6.0,-91.0,-13.0,-110.0,-13.0
-7.0,-7.0,15.0,5.0,-91.0,-13.0,-110.0,-13.0
-4.0,-9.0,16.0,5.0,-89.0,-12.0,-109.0,-12.0
-4.0,-9.0,18.0,5.0,-89.0,-11.0,-108.0,-11.0
-5.0,-7.0,19.0,6.0,-89.0,-10.0,-108.0,-11.0
-5.0,-5.0,20.0,6.0,-89.0,-9.0,-107.0,-11.0
-4.0,-6.0,22.0,7.0,-88.0,-7.0,-105.0,-10.0
-4.0,-6.0,23.0,7.0,-87.0,-6.0,-104.0,-9.0
-2.0,-7.0,23.0,6.0,-87.0,-6.0,-105.0,-9.0
-1.0,-7.0,25.0,7.0,-84.0,-3.0,-102.0,-6.0
1.0,-5.0,29.0,8.0,-83.0,0.0,-99.0,-4.0
5.0,-4.0,33.0,9.0,-81.0,3.0,-95.0,-1.0
9.0,-2.0,37.0,9.0,-78.0,7.0,-91.0,1.0
9.0,0.0,39.0,10.0,-77.0,10.0,-89.0,3.0
10.0,0.0,43.0,11.0,-76.0,12.0,-88.0,3.0
13.0,2.0,47.0,12.0,-74.0,16.0,-85.0,6.0
15.0,5.0,52.0,14.0,-72.0,21.0,-80.0,9.0
17.0,7.0,57.0,15.0,-70.0,25.0,-76.0,13.0
21.0,7.0,60.0,15.0,-68.0,29.0,-73.0,15.0
25.0,6.0,63.0,16.0,-65.0,33.0,-70.0,18.0
27.0,7.0,66.0,17.0,-63.0,36.0,-67.0,21.0
31.0,8.0,71.0,18.0,-60.0,40.0,-63.0,24.0
34.0,9.0,75.0,18.0,-57.0,45.0,-59.0,27.0
36.0,12.0,80.0,20.0,-55.0,49.0,-55.0,30.0
39.0,14.0,84.0,21.0,-54.0,53.0,-52.0,32.0
41.0,13.0,87.0,21.0,-52.0,56.0,-50.0,34.0
43.0,14.0,91.0,23.0,-50.0,59.0,-47.0,37.0
43.0,15.0,92.0,23.0,-50.0,61.0,-45.0,37.0
46.0,15.0,94.0,23.0,-49.0,63.0,-43.0,39.0
48.0,14.0,95.0,24.0,-46.0,65.0,-42.0,41.0
50.0,13.0,96.0,24.0,-45.0,66.0,-41.0,42.0
51.0,12.0,96.0,23.0,-45.0,66.0,-41.0,42.0
52.0,12.0,97.0,23.0,-44.0,66.0,-40.0,43.0
53.0,14.0,100.0,24.0,-43.0,69.0,-37.0,45.0
52.0,15.0,101.0,24.0,-42.0,69.0,-37.0,44.0
52.0,14.0,101.0,24.0,-43.0,69.0,-37.0,44.0
51.0,15.0,100.0,24.0,-43.0,69.0,-38.0,44.0
48.0,14.0,98.0,24.0,-45.0,66.0,-39.0,42.0
49.0,12.0,96.0,23.0,-46.0,64.0,-41.0,41.0
48.0,9.0,93.0,23.0,-46.0,63.0,-42.0,40.0
47.0,9.0,91.0,22.0,-47.0,61.0,-44.0,39.0
47.0,7.0,89.0,21.0,-48.0,58.0,-46.0,37.0
46.0,6.0,86.0,20.0,-48.0,56.0,-48.0,36.0
44.0,5.0,84.0,20.0,-49.0,55.0,-49.0,35.0
41.0,5.0,82.0,19.0,-51.0,52.0,-52.0,32.0
39.0,2.0,78.0,18.0,-53.0,48.0,-55.0,30.0
36.0,2.0,76.0,18.0,-55.0,45.0,-57.0,28.0
33.0,3.0,73.0,18.0,-57.0,43.0,-59.0,25.0
32.0,0.0,68.0,16.0,-58.0,38.0,-63.0,23.0
31.0,-3.0,65.0,15.0,-59.0,35.0,-65.0,22.0
29.0,-5.0,61.0,14.0,-61.0,31.0,-68.0,19.0
28.0,-9.0,56.0,12.0,-62.0,27.0,-71.0,17.0
27.0,-13.0,52.0,11.0,-63.0,23.0,-74.0,15.0
23.0,-14.0,49.0,10.0,-65.0,20.0,-77.0,13.0
20.0,-13.0,46.0,10.0,-68.0,16.0,-80.0,10.0
16.0,-10.0,44.0,10.0,-70.0,14.0,-82.0,7.0
14.0,-9.0,41.0,10.0,-71.0,11.0,-85.0,5.0
11.0,-9.0,40.0,9.0,-73.0,10.0,-86.0,3.0
10.0,-11.0,36.0,8.0,-74.0,7.0,-89.0,2.0
10.0,-12.0,34.0,8.0,-74.0,6.0,-89.0,1.0
8.0,-11.0,33.0,8.0,-76.0,4.0,-91.0,0.0
7.0,-11.0,29.0,7.0,-78.0,1.0,-94.0,-1.0
6.0,-13.0,27.0,6.0,-78.0,0.0,-95.0,-2.0
3.0,-11.0,27.0,7.0,-79.0,-1.0,-96.0,-3.0
1.0,-11.0,24.0,5.0,-81.0,-4.0,-98.0,-6.0
0.0,-11.0,22.0,5.0,-82.0,-6.0,-100.0,-8.0
-1.0,-9.0,22.0,6.0,-83.0,-6.0,-100.0,-8.0
-4.0,-8.0,21.0,6.0,-84.0,-7.0,-101.0,-9.0
-4.0,-10.0,17.0,5.0,-85.0,-10.0,-104.0,-11.0
-5.0,-10.0,16.0,5.0,-86.0,-11.0,-105.0,-12.0
-6.0,-10.0,15.0,4.0,-86.0,-12.0,-105.0,-12.0
-6.0,-13.0,13.0,3.0,-87.0,-15.0,-107.0,-13.0
-6.0,-13.0,10.0,3.0,-87.0,-16.0,-109.0,-15.0
-8.0,-11.0,11.0,4.0,-88.0,-17.0,-109.0,-15.0
-11.0,-9.0,9.0,3.0,-90.0,-19.0,-111.0,-17.0
-13.0,-10.0,5.0,2.0,-92.0,-22.0,-114.0,-20.0
-15.0,-10.0,4.0,2.0,-93.0,-23.0,-115.0,-21.0
-18.0,-7.0,4.0,3.0,-94.0,-24.0,-116.0,-22.0
-17.0,-7.0,2.0,1.0,-96.0,-26.0,-117.0,-23.0
-17.0,-8.0,3.0,2.0,-94.0,-24.0,-115.0,-22.0
-17.0,-8.0,1.0,2.0,-94.0,-25.0,-116.0,-22.0
-18.0,-10.0,-1.0,1.0,-96.0,-28.0,-119.0,-24.0
-18.0,-11.0,-2.0,0.0,-95.0,-29.0,-119.0,-25.0
-19.0,-10.0,-1.0,1.0,-95.0,-29.0,-119.0,-24.0
-20.0,-9.0,-1.0,1.0,-96.0,-29.0,-119.0,-25.0
-20.0,-9.0,-1.0,1.0,-96.0,-29.0,-120.0,-25.0
-20.0,-9.0,0.0,1.0,-96.0,-29.0,-119.0,-25.0
-21.0,-8.0,0.0,2.0,-96.0,-28.0,-119.0,-25.0
-20.0,-9.0,-1.0,1.0,-96.0,-29.0,-119.0,-25.0
-19.0,-9.0,-1.0,1.0,-95.0,-28.0,-119.0,-25.0
-19.0,-9.0,-1.0,1.0,-96.0,-29.0,-119.0,-24.0
-19.0,-9.0,-1.0,1.0,-96.0,-29.0,-119.0,-24.0
-18.0,-10.0,-2.0,1.0,-95.0,-29.0,-119.0,-24.0
-19.0,-10.0,-1.0,2.0,-95.0,-29.0,-118.0,-24.0
-19.0,-9.0,-1.0,1.0,-95.0,-29.0,-118.0,-25.0
-20.0,-9.0,-1.0,1.0,-96.0,-29.0,-119.0,-25.0
-20.0,-9.0,0.0,1.0,-95.0,-28.0,-118.0,-25.0
-21.0,-8.0,0.0,2.0,-95.0,-28.0,-118.0,-25.0
-20.0,-9.0,-1.0,1.0,-96.0,-29.0,-119.0,-25.0
-19.0,-9.0,-1.0,1.0,-95.0,-29.0,-118.0,-24.0
-19.0,-9.0,-1.0,1.0,-95.0,-29.0,-117.0,-24.0
-19.0,-10.0,-1.0,1.0,-95.0,-28.0,-118.0,-25.0
-18.0,-11.0,-2.0,1.0,-94.0,-29.0,-118.0,-24.0
-19.0,-10.0,-1.0,1.0,-94.0,-29.0,-117.0,-24.0
-19.0,-9.0,-1.0,1.0,-95.0,-28.0,-118.0,-25.0
-19.0,-10.0,-1.0,1.0,-95.0,-29.0,-118.0,-25.0
-20.0,-9.0,0.0,1.0,-95.0,-29.0,-118.0,-25.0
-21.0,-8.0,0.0,1.0,-95.0,-28.0,-117.0,-25.0
-20.0,-9.0,-1.0,1.0,-95.0,-29.0,-118.0,-25.0
-19.0,-9.0,-1.0,1.0,-94.0,-28.0,-117.0,-24.0
-19.0,-9.0,-1.0,1.0,-94.0,-28.0,-117.0,-24.0
-18.0,-10.0,-1.0,1.0,-94.0,-29.0,-117.0,-24.0
-18.0,-11.0,-2.0,0.0,-94.0,-29.0,-117.0,-24.0
-20.0,-9.0,0.0,1.0,-95.0,-28.0,-117.0,-25.0
-19.0,-9.0,-1.0,1.0,-94.0,-28.0,-117.0,-24.0
-19.0,-9.0,-1.0,1.0,-94.0,-28.0,-116.0,-24.0
-18.0,-10.0,-1.0,1.0,-94.0,-28.0,-116.0,-24.0
-18.0,-11.0,-2.0,0.0,-93.0,-29.0,-117.0,-24.0
-18.0,-9.0,-1.0,1.0,-93.0,-28.0,-116.0,-24.0
-19.0,-9.0,-1.0,1.0,-94.0,-28.0,-116.0,-24.0
-19.0,-9.0,-1.0,0.0,-94.0,-29.0,-117.0,-25.0
-20.0,-9.0,-1.0,1.0,-94.0,-28.0,-116.0,-24.0
-21.0,-8.0,0.0,1.0,-94.0,-28.0,-116.0,-24.0
-20.0,-9.0,-1.0,1.0,-95.0,-28.0,-117.0,-25.0
-19.0,-9.0,-1.0,1.0,-93.0,-28.0,-116.0,-24.0
-19.0,-9.0,0.0,1.0,-93.0,-27.0,-115.0,-23.0
-18.0,-10.0,-1.0,1.0,-93.0,-28.0,-116.0,-23.0
-18.0,-10.0,-2.0,0.0,-92.0,-29.0,-116.0,-24.0
-18.0,-10.0,-1.0,1.0,-92.0,-28.0,-115.0,-23.0
-18.0,-9.0,-1.0,1.0,-92.0,-28.0,-115.0,-24.0
-19.0,-9.0,-1.0,1.0,-93.0,-28.0,-116.0,-24.0
-19.0,-9.0,0.0,1.0,-93.0,-28.0,-116.0,-24.0
-20.0,-8.0,0.0,2.0,-93.0,-27.0,-115.0,-24.0
-20.0,-8.0,-1.0,1.0,-93.0,-28.0,-115.0,-25.0
-19.0,-9.0,-1.0,1.0,-92.0,-28.0,-115.0,-24.0
-19.0,-9.0,0.0,1.0,-92.0,-28.0,-115.0,-23.0
-18.0,-9.0,-1.0,1.0,-93.0,-28.0,-115.0,-24.0
-17.0,-10.0,-1.0,1.0,-92.0,-28.0,-115.0,-24.0
-18.0,-9.0,0.0,1.0,-92.0,-28.0,-114.0,-23.0
-19.0,-9.0,-1.0,1.0,-92.0,-28.0,-115.0,-24.0
-19.0,-9.0,-1.0,1.0,-93.0,-28.0,-115.0,-24.0
-19.0,-9.0,0.0,1.0,-92.0,-28.0,-115.0,-24.0
-20.0,-8.0,0.0,2.0,-92.0,-27.0,-114.0,-24.0
-19.0,-8.0,-1.0,1.0,-93.0,-28.0,-115.0,-25.0
-18.0,-9.0,-1.0,1.0,-92.0,-28.0,-114.0,-24.0
-19.0,-9.0,0.0,2.0,-92.0,-27.0,-114.0,-23.0
-18.0,-9.0,-1.0,1.0,-92.0,-28.0,-114.0,-24.0
-17.0,-10.0,-2.0,0.0,-92.0,-28.0,-115.0,-24.0
-18.0,-10.0,-1.0,1.0,-91.0,-28.0,-114.0,-23.0
-19.0,-9.0,-1.0,1.0,-92.0,-28.0,-114.0,-24.0
-19.0,-9.0,-1.0,0.0,-92.0,-28.0,-114.0,-24.0
-19.0,-9.0,-1.0,1.0,-92.0,-28.0,-114.0,-24.0
-20.0,-8.0,0.0,2.0,-92.0,-27.0,-113.0,-24.0
-19.0,-8.0,0.0,1.0,-92.0,-27.0,-114.0,-24.0
-18.0,-9.0,0.0,1.0,-91.0,-27.0,-113.0,-23.0
-18.0,-9.0,0.0,1.0,-91.0,-27.0,-113.0,-23.0
-18.0,-9.0,-1.0,1.0,-92.0,-27.0,-114.0,-23.0
-16.0,-10.0,-2.0,0.0,-91.0,-28.0,-114.0,-24.0
-18.0,-10.0,-1.0,1.0,-90.0,-28.0,-113.0,-23.0
-19.0,-9.0,-1.0,1.0,-91.0,-28.0,-113.0,-24.0
-19.0,-9.0,-1.0,0.0,-92.0,-28.0,-114.0,-24.0
-19.0,-9.0,0.0,1.0,-91.0,-28.0,-113.0,-24.0
-20.0,-8.0,0.0,2.0,-91.0,-27.0,-113.0,-23.0
-19.0,-9.0,0.0,1.0,-92.0,-28.0,-113.0,-24.0
-19.0,-9.0,-1.0,1.0,-91.0,-28.0,-113.0,-24.0
-19.0,-9.0,0.0,1.0,-91.0,-27.0,-112.0,-23.0
-18.0,-9.0,-1.0,1.0,-91.0,-27.0,-112.0,-23.0
-17.0,-10.0,-2.0,0.0,-90.0,-28.0,-113.0,-24.0
-17.0,-9.0,-1.0,1.0,-90.0,-27.0,-113.0,-23.0
-18.0,-9.0,0.0,1.0,-90.0,-27.0,-112.0,-23.0
-19.0,-9.0,-1.0,1.0,-91.0,-28.0,-113.0,-24.0
-19.0,-9.0,-1.0,1.0,-91.0,-28.0,-113.0,-24.0
-20.0,-7.0,0.0,2.0,-91.0,-27.0,-112.0,-23.0
-20.0,-8.0,-1.0,1.0,-92.0,-27.0,-113.0,-24.0
-19.0,-8.0,-1.0,1.0,-90.0,-27.0,-112.0,-23.0
-18.0,-9.0,0.0,1.0,-90.0,-27.0,-112.0,-23.0
-18.0,-9.0,-1.0,1.0,-90.0,-27.0,-112.0,-23.0
-17.0,-10.0,-2.0,0.0,-90.0,-28.0,-112.0,-23.0
-17.0,-10.0,-1.0,1.0,-89.0,-27.0,-111.0,-23.0
-18.0,-9.0,0.0,1.0,-89.0,-27.0,-111.0,-23.0
-18.0,-9.0,-1.0,1.0,-90.0,-28.0,-112.0,-24.0
-19.0,-9.0,-1.0,1.0,-90.0,-27.0,-112.0,-24.0
-20.0,-7.0,0.0,2.0,-90.0,-27.0,-111.0,-23.0
-20.0,-8.0,0.0,1.0,-91.0,-27.0,-112.0,-24.0
-18.0,-9.0,0.0,1.0,-90.0,-27.0,-112.0,-24.0
-18.0,-8.0,0.0,1.0,-90.0,-27.0,-111.0,-23.0
-18.0,-9.0,-1.0,1.0,-90.0,-27.0,-111.0,-23.0
-17.0,-10.0,-2.0,0.0,-89.0,-28.0,-112.0,-23.0
-17.0,-9.0,-1.0,1.0,-89.0,-27.0,-111.0,-22.0
-18.0,-9.0,-1.0,1.0,-90.0,-27.0,-111.0,-23.0
-18.0,-9.0,-1.0,1.0,-90.0,-27.0,-112.0,-24.0
-19.0,-8.0,0.0,1.0,-89.0,-27.0,-111.0,-24.0
-20.0,-8.0,0.0,2.0,-89.0,-26.0,-111.0,-23.0
-19.0,-8.0,-1.0,1.0,-90.0,-27.0,-111.0,-24.0
-18.0,-9.0,0.0,1.0,-90.0,-27.0,-111.0,-23.0
-18.0,-9.0,0.0,1.0,-89.0,-26.0,-110.0,-23.0
-18.0,-9.0,0.0,1.0,-89.0,-27.0,-111.0,-23.0
-17.0,-10.0,-2.0,0.0,-89.0,-28.0,-111.0,-23.0
-17.0,-9.0,-1.0,1.0,-88.0,-27.0,-111.0,-22.0
-18.0,-9.0,0.0,1.0,-89.0,-26.0,-110.0,-23.0
-18.0,-9.0,-1.0,1.0,-89.0,-27.0,-111.0,-23.0
-18.0,-9.0,0.0,1.0,-89.0,-27.0,-110.0,-23.0
-19.0,-8.0,0.0,2.0,-89.0,-26.0,-110.0,-23.0
-19.0,-8.0,0.0,1.0,-90.0,-27.0,-111.0,-24.0
-18.0,-9.0,0.0,1.0,-88.0,-26.0,-110.0,-23.0
-18.0,-9.0,0.0,1.0,-88.0,-26.0,-110.0,-23.0
-18.0,-9.0,0.0,1.0,-88.0,-27.0,-110.0,-22.0
-16.0,-10.0,-2.0,0.0,-88.0,-27.0,-110.0,-22.0
-17.0,-10.0,-1.0,1.0,-87.0,-27.0,-110.0,-22.0
-18.0,-9.0,0.0,1.0,-88.0,-27.0,-110.0,-23.0
-18.0,-8.0,-1.0,1.0,-89.0,-27.0,-110.0,-24.0
-18.0,-9.0,0.0,1.0,-88.0,-27.0,-110.0,-23.0
-19.0,-7.0,0.0,1.0,-89.0,-26.0,-109.0,-23.0
-19.0,-8.0,0.0,1.0,-89.0,-27.0,-110.0,-23.0
-18.0,-9.0,-1.0,1.0,-88.0,-26.0,-110.0,-23.0
-18.0,-9.0,-1.0,2.0,-88.0,-26.0,-109.0,-22.0
-18.0,-9.0,-1.0,1.0,-88.0,-26.0,-109.0,-22.0
-17.0,-10.0,-2.0,0.0,-87.0,-27.0,-109.0,-23.0
-17.0,-10.0,-1.0,1.0,-87.0,-26.0,-109.0,-22.0
-18.0,-8.0,0.0,1.0,-88.0,-27.0,-109.0,-22.0
-18.0,-9.0,0.0,1.0,-88.0,-27.0,-109.0,-23.0
-18.0,-9.0,0.0,1.0,-88.0,-27.0,-109.0,-22.0
-19.0,-7.0,0.0,2.0,-88.0,-26.0,-108.0,-22.0
-19.0,-8.0,0.0,1.0,-89.0,-27.0,-109.0,-23.0
-18.0,-9.0,-1.0,1.0,-88.0,-26.0,-109.0,-22.0
-18.0,-8.0,0.0,1.0,-87.0,-26.0,-108.0,-22.0
-16.0,-8.0,0.0,1.0,-86.0,-24.0,-107.0,-21.0
-12.0,-8.0,4.0,2.0,-84.0,-21.0,-104.0,-18.0
-11.0,-6.0,6.0,3.0,-82.0,-18.0,-101.0,-17.0
-11.0,-4.0,9.0,4.0,-81.0,-15.0,-99.0,-15.0
-8.0,-5.0,12.0,4.0,-80.0,-13.0,-97.0,-13.0
-5.0,-6.0,17.0,5.0,-77.0,-9.0,-93.0,-10.0
-3.0,-5.0,20.0,6.0,-75.0,-5.0,-90.0,-7.0
-1.0,-5.0,22.0,6.0,-74.0,-3.0,-88.0,-6.0
2.0,-6.0,25.0,6.0,-71.0,0.0,-85.0,-3.0
4.0,-7.0,26.0,6.0,-71.0,0.0,-84.0,-2.0
4.0,-5.0,27.0,7.0,-70.0,2.0,-83.0,-1.0
5.0,-4.0,28.0,7.0,-69.0,2.0,-83.0,0.0
7.0,-6.0,29.0,7.0,-67.0,4.0,-81.0,0.0
6.0,-6.0,30.0,7.0,-67.0,4.0,-81.0,0.0
6.0,-6.0,30.0,7.0,-68.0,4.0,-81.0,0.0
6.0,-5.0,30.0,7.0,-68.0,4.0,-81.0,0.0
4.0,-4.0,31.0,8.0,-68.0,5.0,-80.0,0.0
5.0,-5.0,30.0,7.0,-69.0,4.0,-81.0,0.0
6.0,-9.0,28.0,7.0,-68.0,3.0,-82.0,0.0
6.0,-10.0,28.0,7.0,-68.0,2.0,-81.0,0.0
7.0,-11.0,27.0,6.0,-68.0,2.0,-82.0,0.0
7.0,-11.0,26.0,5.0,-68.0,1.0,-82.0,-1.0
5.0,-9.0,25.0,6.0,-69.0,1.0,-83.0,-1.0
3.0,-8.0,26.0,6.0,-70.0,0.0,-83.0,-2.0
3.0,-8.0,25.0,6.0,-70.0,0.0,-84.0,-3.0
2.0,-8.0,24.0,6.0,-70.0,0.0,-85.0,-3.0
0.0,-8.0,23.0,6.0,-72.0,-2.0,-86.0,-5.0
0.0,-8.0,21.0,5.0,-73.0,-3.0,-87.0,-6.0
0.0,-9.0,21.0,5.0,-72.0,-4.0,-87.0,-6.0
-1.0,-11.0,18.0,4.0,-73.0,-6.0,-90.0,-7.0
-1.0,-11.0,16.0,4.0,-74.0,-8.0,-91.0,-8.0
-2.0,-10.0,13.0,3.0,-75.0,-10.0,-92.0,-10.0
-4.0,-10.0,13.0,4.0,-75.0,-11.0,-93.0,-10.0
-6.0,-10.0,11.0,4.0,-77.0,-13.0,-95.0,-12.0
-8.0,-9.0,9.0,3.0,-79.0,-15.0,-97.0,-14.0
-10.0,-7.0,9.0,3.0,-80.0,-16.0,-98.0,-15.0
-12.0,-7.0,8.0,3.0,-80.0,-17.0,-98.0,-16.0
-14.0,-7.0,4.0,2.0,-83.0,-20.0,-101.0,-18.0
-15.0,-7.0,2.0,2.0,-84.0,-22.0,-103.0,-20.0
-16.0,-7.0,1.0,2.0,-84.0,-24.0,-104.0,-20.0
-17.0,-9.0,-1.0,1.0,-85.0,-26.0,-105.0,-22.0
-16.0,-10.0,-2.0,0.0,-85.0,-27.0,-107.0,-22.0
-16.0,-10.0,-2.0,0.0,-85.0,-26.0,-106.0,-22.0
-17.0,-9.0,-1.0,1.0,-85.0,-26.0,-106.0,-22.0
-18.0,-9.0,-1.0,0.0,-86.0,-27.0,-106.0,-23.0
-18.0,-9.0,-1.0,1.0,-85.0,-26.0,-106.0,-23.0
-19.0,-7.0,0.0,2.0,-86.0,-26.0,-106.0,-22.0
-19.0,-8.0,-1.0,1.0,-87.0,-26.0,-106.0,-23.0
-18.0,-8.0,-1.0,1.0,-86.0,-26.0,-106.0,-23.0
-18.0,-8.0,-1.0,1.0,-85.0,-26.0,-105.0,-22.0
-18.0,-9.0,-1.0,1.0,-85.0,-26.0,-105.0,-22.0
-17.0,-10.0,-3.0,0.0,-85.0,-27.0,-106.0,-22.0
-16.0,-9.0,-2.0,1.0,-84.0,-26.0,-105.0,-21.0
-17.0,-8.0,-1.0,1.0,-84.0,-26.0,-105.0,-22.0
-18.0,-8.0,-2.0,0.0,-85.0,-26.0,-106.0,-23.0
-18.0,-8.0,-1.0,1.0,-85.0,-26.0,-106.0,-23.0
-19.0,-7.0,0.0,1.0,-85.0,-26.0,-105.0,-22.0
-19.0,-7.0,-1.0,1.0,-86.0,-26.0,-105.0,-23.0
-18.0,-8.0,-1.0,0.0,-85.0,-26.0,-105.0,-22.0
-17.0,-8.0,-1.0,1.0,-85.0,-26.0,-104.0,-21.0
-17.0,-8.0,-1.0,1.0,-85.0,-26.0,-105.0,-21.0
-16.0,-9.0,-2.0,0.0,-84.0,-26.0,-105.0,-22.0
-17.0,-9.0,-2.0,0.0,-83.0,-26.0,-105.0,-21.0
-18.0,-8.0,-1.0,1.0,-84.0,-26.0,-105.0,-22.0
-18.0,-8.0,-1.0,1.0,-85.0,-26.0,-105.0,-22.0
-18.0,-8.0,-1.0,1.0,-84.0,-26.0,-105.0,-22.0
-19.0,-7.0,0.0,2.0,-84.0,-25.0,-104.0,-22.0
-19.0,-8.0,-1.0,1.0,-85.0,-26.0,-105.0,-23.0
-18.0,-8.0,-1.0,1.0,-84.0,-26.0,-105.0,-22.0
-18.0,-8.0,-1.0,1.0,-84.0,-25.0,-104.0,-21.0
-17.0,-8.0,-1.0,1.0,-84.0,-25.0,-104.0,-21.0
-16.0,-9.0,-2.0,0.0,-84.0,-26.0,-104.0,-22.0
-16.0,-10.0,-1.0,0.0,-83.0,-26.0,-104.0,-21.0
-17.0,-8.0,-1.0,1.0,-84.0,-25.0,-104.0,-21.0
-17.0,-8.0,-1.0,0.0,-84.0,-26.0,-104.0,-22.0
-18.0,-8.0,-1.0,1.0,-84.0,-26.0,-104.0,-22.0
-21.0,-8.0,1.0,2.0,-86.0,-28.0,-106.0,-24.0
-26.0,-10.0,9.0,3.0,-91.0,-36.0,-113.0,-30.0
-30.0,-14.0,16.0,5.0,-93.0,-43.0,-119.0,-34.0
-35.0,-16.0,23.0,7.0,-97.0,-51.0,-125.0,-39.0
-38.0,-15.0,27.0,7.0,-100.0,-55.0,-129.0,-42.0
-36.0,-8.0,21.0,5.0,-98.0,-50.0,-125.0,-40.0
-30.0,-1.0,9.0,2.0,-92.0,-38.0,-115.0,-32.0
-20.0,13.0,-10.0,-3.0,-83.0,-16.0,-98.0,-19.0
-2.0,39.0,-46.0,-13.0,-69.0,17.0,-70.0,2.0
20.0,64.0,-86.0,-24.0,-50.0,58.0,-36.0,28.0
45.0,86.0,-127.0,-34.0,-29.0,100.0,-1.0,55.0
70.0,108.0,-170.0,-46.0,-10.0,141.0,32.0,82.0
97.0,129.0,-213.0,-58.0,10.0,182.0,67.0,110.0
123.0,150.0,-255.0,-68.0,31.0,224.0,102.0,138.0
149.0,170.0,-297.0,-79.0,50.0,264.0,136.0,165.0
176.0,183.0,-336.0,-89.0,71.0,302.0,167.0,191.0
201.0,188.0,-368.0,-95.0,90.0,334.0,194.0,214.0
222.0,188.0,-392.0,-99.0,105.0,359.0,217.0,233.0
237.0,190.0,-413.0,-104.0,116.0,379.0,233.0,247.0
247.0,193.0,-426.0,-107.0,124.0,392.0,245.0,257.0
252.0,188.0,-429.0,-107.0,127.0,396.0,249.0,261.0
254.0,177.0,-426.0,-105.0,127.0,392.0,247.0,259.0
251.0,167.0,-417.0,-102.0,125.0,383.0,240.0,254.0
242.0,158.0,-402.0,-98.0,118.0,369.0,228.0,245.0
231.0,148.0,-382.0,-93.0,109.0,349.0,212.0,233.0
219.0,133.0,-360.0,-87.0,98.0,325.0,192.0,217.0
200.0,114.0,-327.0,-78.0,84.0,294.0,167.0,197.0
177.0,94.0,-289.0,-68.0,67.0,258.0,137.0,173.0
151.0,72.0,-248.0,-58.0,46.0,216.0,102.0,145.0
125.0,47.0,-203.0,-46.0,25.0,172.0,66.0,117.0
99.0,20.0,-156.0,-32.0,4.0,128.0,29.0,88.0
73.0,-1.0,-114.0,-21.0,-15.0,86.0,-4.0,60.0
49.0,-20.0,-74.0,-11.0,-35.0,46.0,-38.0,34.0
23.0,-39.0,-33.0,-1.0,-55.0,6.0,-71.0,7.0
-4.0,-55.0,-3.0,2.0,-76.0,-35.0,-106.0,-21.0
-32.0,-80.0,1.0,1.0,-98.0,-82.0,-145.0,-51.0
-58.0,-93.0,1.0,1.0,-118.0,-119.0,-176.0,-77.0
-75.0,-80.0,2.0,2.0,-129.0,-131.0,-188.0,-88.0
-78.0,-63.0,2.0,2.0,-130.0,-126.0,-185.0,-87.0
-68.0,-52.0,3.0,2.0,-121.0,-108.0,-170.0,-76.0
-54.0,-38.0,3.0,2.0,-110.0,-83.0,-150.0,-60.0
-41.0,-27.0,3.0,2.0,-100.0,-62.0,-132.0,-46.0
-29.0,-19.0,2.0,2.0,-91.0,-44.0,-117.0,-34.0
-21.0,-11.0,2.0,2.0,-84.0,-31.0,-106.0,-25.0
-19.0,-10.0,2.0,2.0,-83.0,-28.0,-104.0,-23.0
-18.0,-11.0,1.0,1.0,-83.0,-29.0,-105.0,-24.0
-19.0,-11.0,1.0,1.0,-83.0,-29.0,-105.0,-24.0
-19.0,-10.0,2.0,2.0,-83.0,-28.0,-104.0,-23.0
-20.0,-10.0,2.0,1.0,-84.0,-29.0,-105.0,-25.0
-20.0,-9.0,2.0,2.0,-83.0,-29.0,-105.0,-24.0
-21.0,-9.0,3.0,2.0,-83.0,-28.0,-104.0,-24.0
-21.0,-9.0,3.0,2.0,-84.0,-29.0,-104.0,-24.0
-20.0,-10.0,2.0,1.0,-84.0,-29.0,-104.0,-24.0
-19.0,-10.0,2.0,2.0,-83.0,-29.0,-104.0,-23.0
-19.0,-9.0,2.0,2.0,-83.0,-28.0,-104.0,-23.0
-18.0,-10.0,1.0,1.0,-83.0,-29.0,-104.0,-24.0
-18.0,-11.0,1.0,1.0,-82.0,-29.0,-104.0,-23.0
-19.0,-10.0,2.0,2.0,-82.0,-28.0,-103.0,-23.0
-20.0,-9.0,2.0,1.0,-83.0,-29.0,-104.0,-24.0
-19.0,-9.0,2.0,2.0,-83.0,-29.0,-104.0,-24.0
-20.0,-9.0,3.0,3.0,-83.0,-28.0,-103.0,-23.0
-20.0,-9.0,3.0,2.0,-83.0,-28.0,-104.0,-24.0
-19.0,-9.0,2.0,2.0,-83.0,-28.0,-104.0,-24.0
-19.0,-9.0,2.0,2.0,-82.0,-28.0,-103.0,-23.0
-19.0,-9.0,3.0,2.0,-82.0,-28.0,-102.0,-23.0
-18.0,-11.0,1.0,1.0,-82.0,-29.0,-103.0,-24.0
-18.0,-11.0,2.0,1.0,-81.0,-29.0,-103.0,-23.0
-19.0,-10.0,2.0,2.0,-82.0,-28.0,-103.0,-23.0
-19.0,-9.0,2.0,1.0,-82.0,-29.0,-104.0,-24.0
-20.0,-9.0,2.0,1.0,-82.0,-29.0,-103.0,-24.0
-20.0,-9.0,3.0,2.0,-82.0,-28.0,-103.0,-23.0
-20.0,-8.0,3.0,2.0,-84.0,-28.0,-103.0,-24.0
-19.0,-9.0,2.0,2.0,-83.0,-28.0,-103.0,-24.0
-19.0,-9.0,3.0,2.0,-82.0,-28.0,-102.0,-23.0
-19.0,-9.0,2.0,2.0,-82.0,-28.0,-102.0,-23.0
-18.0,-11.0,1.0,1.0,-82.0,-29.0,-103.0,-23.0
-17.0,-11.0,1.0,1.0,-81.0,-28.0,-102.0,-23.0
-19.0,-10.0,2.0,2.0,-80.0,-28.0,-101.0,-23.0
-19.0,-9.0,2.0,1.0,-82.0,-29.0,-103.0,-24.0
-19.0,-9.0,2.0,1.0,-81.0,-29.0,-103.0,-23.0
-20.0,-9.0,3.0,2.0,-81.0,-28.0,-102.0,-23.0
-21.0,-8.0,2.0,2.0,-83.0,-29.0,-102.0,-24.0
-19.0,-9.0,2.0,2.0,-82.0,-28.0,-102.0,-24.0
-18.0,-9.0,3.0,2.0,-81.0,-27.0,-101.0,-22.0
-17.0,-8.0,6.0,3.0,-80.0,-24.0,-98.0,-20.0
-16.0,-8.0,6.0,2.0,-79.0,-24.0,-98.0,-20.0
-14.0,-8.0,7.0,3.0,-77.0,-23.0,-97.0,-19.0
-14.0,-6.0,10.0,4.0,-76.0,-20.0,-94.0,-17.0
-13.0,-7.0,11.0,4.0,-77.0,-19.0,-94.0,-17.0
-11.0,-8.0,12.0,4.0,-75.0,-18.0,-93.0,-16.0
-12.0,-8.0,13.0,4.0,-74.0,-17.0,-92.0,-15.0
-12.0,-7.0,13.0,4.0,-76.0,-17.0,-92.0,-16.0
-10.0,-8.0,14.0,4.0,-75.0,-17.0,-91.0,-15.0
-8.0,-7.0,17.0,5.0,-72.0,-13.0,-89.0,-12.0
-7.0,-7.0,17.0,5.0,-72.0,-13.0,-88.0,-12.0
-7.0,-7.0,16.0,5.0,-72.0,-13.0,-88.0,-12.0
-5.0,-9.0,17.0,4.0,-71.0,-12.0,-88.0,-11.0
-5.0,-9.0,19.0,5.0,-70.0,-10.0,-86.0,-10.0
-5.0,-7.0,20.0,5.0,-70.0,-10.0,-86.0,-10.0
-5.0,-5.0,21.0,6.0,-70.0,-9.0,-85.0,-10.0
-4.0,-6.0,23.0,7.0,-69.0,-7.0,-84.0,-9.0
-3.0,-6.0,24.0,6.0,-69.0,-7.0,-83.0,-8.0
-2.0,-7.0,24.0,6.0,-68.0,-7.0,-83.0,-8.0
-1.0,-7.0,26.0,7.0,-66.0,-4.0,-80.0,-6.0
1.0,-5.0,30.0,8.0,-64.0,0.0,-76.0,-3.0
5.0,-3.0,34.0,8.0,-62.0,3.0,-73.0,0.0
8.0,-2.0,38.0,9.0,-59.0,7.0,-69.0,2.0
8.0,-1.0,41.0,11.0,-58.0,10.0,-67.0,3.0
10.0,0.0,43.0,11.0,-58.0,12.0,-66.0,5.0
12.0,2.0,47.0,12.0,-56.0,16.0,-63.0,7.0
14.0,5.0,53.0,14.0,-53.0,21.0,-58.0,10.0
17.0,7.0,57.0,15.0,-51.0,25.0,-54.0,13.0
21.0,7.0,61.0,15.0,-49.0,29.0,-51.0,16.0
24.0,6.0,64.0,16.0,-46.0,32.0,-48.0,19.0
27.0,6.0,68.0,17.0,-44.0,36.0,-45.0,22.0
30.0,8.0,71.0,17.0,-42.0,40.0,-42.0,24.0
34.0,9.0,75.0,18.0,-39.0,44.0,-38.0,27.0
36.0,12.0,80.0,20.0,-37.0,49.0,-34.0,31.0
39.0,14.0,85.0,21.0,-35.0,53.0,-31.0,33.0
41.0,13.0,88.0,21.0,-34.0,55.0,-28.0,35.0
43.0,14.0,92.0,23.0,-32.0,59.0,-25.0,38.0
43.0,15.0,93.0,23.0,-32.0,60.0,-24.0,38.0
46.0,16.0,95.0,23.0,-30.0,63.0,-22.0,40.0
47.0,15.0,96.0,23.0,-28.0,65.0,-20.0,42.0
49.0,13.0,97.0,24.0,-27.0,66.0,-19.0,43.0
51.0,12.0,96.0,23.0,-27.0,66.0,-19.0,43.0
52.0,12.0,97.0,23.0,-25.0,67.0,-18.0,44.0
52.0,14.0,101.0,25.0,-24.0,70.0,-15.0,46.0
53.0,14.0,102.0,24.0,-25.0,70.0,-15.0,45.0
52.0,14.0,102.0,24.0,-25.0,69.0,-15.0,45.0
50.0,15.0,101.0,25.0,-25.0,69.0,-16.0,45.0
48.0,15.0,99.0,24.0,-27.0,66.0,-18.0,43.0
49.0,12.0,97.0,23.0,-27.0,65.0,-19.0,42.0
49.0,10.0,94.0,22.0,-27.0,63.0,-21.0,42.0
47.0,9.0,92.0,22.0,-29.0,61.0,-22.0,41.0
47.0,7.0,90.0,21.0,-30.0,58.0,-24.0,39.0
45.0,6.0,87.0,20.0,-30.0,56.0,-26.0,37.0
43.0,6.0,85.0,21.0,-31.0,54.0,-27.0,36.0
41.0,5.0,83.0,19.0,-33.0,51.0,-30.0,33.0
40.0,2.0,80.0,18.0,-34.0,48.0,-33.0,31.0
36.0,2.0,77.0,18.0,-36.0,46.0,-35.0,29.0
33.0,4.0,74.0,18.0,-39.0,43.0,-38.0,27.0
32.0,0.0,70.0,17.0,-40.0,38.0,-41.0,24.0
31.0,-3.0,67.0,15.0,-41.0,35.0,-43.0,23.0
29.0,-5.0,62.0,14.0,-43.0,31.0,-46.0,20.0
28.0,-8.0,57.0,13.0,-44.0,28.0,-50.0,18.0
27.0,-12.0,53.0,11.0,-45.0,23.0,-53.0,16.0
23.0,-13.0,51.0,11.0,-47.0,20.0,-55.0,14.0
19.0,-12.0,47.0,10.0,-50.0,16.0,-59.0,10.0
17.0,-10.0,45.0,10.0,-52.0,14.0,-61.0,8.0
14.0,-9.0,42.0,10.0,-53.0,12.0,-63.0,6.0
11.0,-9.0,40.0,10.0,-55.0,10.0,-65.0,5.0
10.0,-11.0,37.0,8.0,-56.0,7.0,-67.0,3.0
10.0,-12.0,36.0,8.0,-56.0,5.0,-68.0,2.0
8.0,-11.0,34.0,8.0,-57.0,4.0,-69.0,1.0
6.0,-11.0,30.0,7.0,-59.0,1.0,-72.0,0.0
6.0,-13.0,28.0,6.0,-59.0,0.0,-74.0,-1.0
3.0,-11.0,27.0,7.0,-61.0,-1.0,-75.0,-2.0
1.0,-11.0,25.0,6.0,-63.0,-4.0,-77.0,-5.0
0.0,-11.0,23.0,5.0,-64.0,-6.0,-79.0,-6.0
-2.0,-9.0,23.0,6.0,-65.0,-6.0,-79.0,-7.0
-4.0,-8.0,22.0,6.0,-66.0,-7.0,-80.0,-8.0
-4.0,-10.0,19.0,5.0,-67.0,-10.0,-83.0,-10.0
-5.0,-11.0,17.0,5.0,-67.0,-11.0,-84.0,-10.0
-6.0,-10.0,16.0,4.0,-68.0,-12.0,-84.0,-11.0
-6.0,-13.0,13.0,3.0,-68.0,-15.0,-86.0,-12.0
-6.0,-14.0,11.0,3.0,-69.0,-17.0,-88.0,-14.0
-9.0,-12.0,11.0,4.0,-70.0,-17.0,-88.0,-14.0
-12.0,-10.0,9.0,3.0,-72.0,-19.0,-90.0,-16.0
-14.0,-10.0,7.0,2.0,-74.0,-22.0,-93.0,-19.0
-15.0,-10.0,6.0,2.0,-74.0,-23.0,-93.0,-20.0
-18.0,-7.0,5.0,3.0,-77.0,-24.0,-95.0,-21.0
-18.0,-7.0,4.0,2.0,-77.0,-25.0,-95.0,-21.0
-17.0,-7.0,4.0,2.0,-76.0,-25.0,-95.0,-21.0
-18.0,-8.0,3.0,2.0,-77.0,-25.0,-95.0,-21.0
-19.0,-10.0,0.0,1.0,-78.0,-28.0,-98.0,-23.0
-18.0,-11.0,-1.0,0.0,-77.0,-29.0,-98.0,-23.0
-20.0,-10.0,0.0,1.0,-77.0,-28.0,-97.0,-23.0
-20.0,-9.0,0.0,1.0,-78.0,-29.0,-98.0,-24.0
-20.0,-9.0,0.0,1.0,-78.0,-30.0,-98.0,-24.0
-21.0,-9.0,0.0,1.0,-78.0,-29.0,-98.0,-24.0
-21.0,-8.0,0.0,2.0,-79.0,-28.0,-98.0,-24.0
-20.0,-9.0,0.0,1.0,-79.0,-29.0,-98.0,-24.0
-20.0,-9.0,0.0,1.0,-78.0,-29.0,-98.0,-23.0
-20.0,-9.0,0.0,1.0,-78.0,-29.0,-97.0,-23.0
-19.0,-10.0,0.0,1.0,-78.0,-29.0,-98.0,-23.0
-18.0,-10.0,-1.0,0.0,-77.0,-29.0,-98.0,-23.0
-19.0,-10.0,0.0,1.0,-77.0,-28.0,-97.0,-23.0
-19.0,-10.0,0.0,1.0,-78.0,-29.0,-98.0,-24.0
-19.0,-9.0,0.0,1.0,-77.0,-29.0,-98.0,-24.0
-20.0,-9.0,0.0,2.0,-77.0,-29.0,-97.0,-24.0
-21.0,-8.0,0.0,2.0,-78.0,-29.0,-97.0,-24.0
-20.0,-9.0,0.0,1.0,-78.0,-29.0,-98.0,-24.0
-19.0,-9.0,0.0,1.0,-77.0,-29.0,-97.0,-23.0
-19.0,-9.0,0.0,2.0,-77.0,-28.0,-96.0,-23.0
-19.0,-10.0,0.0,0.0,-77.0,-29.0,-97.0,-23.0
-18.0,-11.0,-1.0,0.0,-77.0,-29.0,-98.0,-23.0
-19.0,-10.0,0.0,2.0,-76.0,-28.0,-96.0,-22.0
-20.0,-9.0,0.0,1.0,-77.0,-29.0,-97.0,-24.0
-20.0,-9.0,0.0,1.0,-77.0,-29.0,-97.0,-24.0
-20.0,-9.0,0.0,1.0,-77.0,-29.0,-97.0,-24.0
-21.0,-8.0,0.0,2.0,-77.0,-28.0,-97.0,-24.0
-20.0,-9.0,0.0,1.0,-77.0,-29.0,-97.0,-24.0
-19.0,-9.0,0.0,1.0,-77.0,-28.0,-96.0,-24.0
-19.0,-9.0,0.0,1.0,-76.0,-28.0,-96.0,-23.0
-19.0,-10.0,0.0,1.0,-77.0,-28.0,-96.0,-23.0
-18.0,-11.0,0.0,0.0,-76.0,-29.0,-96.0,-23.0
-19.0,-9.0,0.0,1.0,-76.0,-28.0,-96.0,-23.0
-19.0,-9.0,0.0,1.0,-77.0,-29.0,-97.0,-24.0
-19.0,-9.0,0.0,1.0,-77.0,-29.0,-97.0,-24.0
-20.0,-9.0,0.0,1.0,-76.0,-28.0,-96.0,-23.0
-21.0,-8.0,1.0,2.0,-77.0,-28.0,-96.0,-23.0
-20.0,-9.0,0.0,1.0,-77.0,-29.0,-96.0,-24.0
-19.0,-9.0,0.0,1.0,-76.0,-28.0,-96.0,-23.0
-19.0,-9.0,0.0,2.0,-76.0,-28.0,-95.0,-22.0
-19.0,-10.0,0.0,1.0,-76.0,-28.0,-95.0,-23.0
-18.0,-11.0,-1.0,0.0,-75.0,-29.0,-96.0,-23.0
-19.0,-10.0,0.0,1.0,-75.0,-28.0,-95.0,-23.0
-19.0,-9.0,0.0,1.0,-76.0,-28.0,-96.0,-23.0
-19.0,-9.0,0.0,1.0,-76.0,-29.0,-96.0,-24.0
-20.0,-9.0,0.0,1.0,-76.0,-28.0,-96.0,-23.0
-20.0,-8.0,1.0,1.0,-77.0,-28.0,-95.0,-23.0
-20.0,-8.0,0.0,1.0,-77.0,-28.0,-96.0,-24.0
-19.0,-9.0,0.0,1.0,-76.0,-28.0,-95.0,-23.0
-19.0,-9.0,0.0,1.0,-75.0,-28.0,-95.0,-23.0
-19.0,-9.0,0.0,1.0,-76.0,-28.0,-95.0,-22.0
-18.0,-11.0,-1.0,0.0,-75.0,-29.0,-96.0,-23.0
-19.0,-10.0,0.0,1.0,-74.0,-27.0,-94.0,-22.0
-19.0,-9.0,0.0,1.0,-76.0,-28.0,-95.0,-23.0
-19.0,-9.0,0.0,1.0,-76.0,-28.0,-95.0,-24.0
-20.0,-9.0,0.0,1.0,-76.0,-28.0,-95.0,-23.0
-20.0,-7.0,0.0,2.0,-76.0,-27.0,-95.0,-23.0
-20.0,-8.0,0.0,1.0,-77.0,-28.0,-95.0,-24.0
-19.0,-9.0,0.0,1.0,-76.0,-28.0,-95.0,-23.0
-19.0,-9.0,0.0,1.0,-76.0,-28.0,-94.0,-22.0
-19.0,-10.0,0.0,1.0,-75.0,-28.0,-95.0,-22.0
-17.0,-11.0,0.0,1.0,-75.0,-28.0,-95.0,-22.0
-18.0,-10.0,0.0,1.0,-74.0,-28.0,-94.0,-22.0
-19.0,-9.0,0.0,1.0,-75.0,-28.0,-95.0,-23.0
-19.0,-9.0,0.0,0.0,-75.0,-28.0,-95.0,-23.0
-20.0,-9.0,0.0,1.0,-75.0,-28.0,-94.0,-23.0
-20.0,-8.0,0.0,1.0,-76.0,-27.0,-94.0,-23.0
-20.0,-8.0,0.0,1.0,-76.0,-28.0,-95.0,-23.0
-19.0,-9.0,0.0,1.0,-75.0,-28.0,-94.0,-23.0
-19.0,-9.0,0.0,1.0,-75.0,-28.0,-93.0,-22.0
-18.0,-9.0,0.0,1.0,-75.0,-28.0,-94.0,-22.0
-17.0,-10.0,-1.0,0.0,-75.0,-28.0,-95.0,-22.0
-18.0,-10.0,0.0,1.0,-74.0,-28.0,-93.0,-22.0
-19.0,-9.0,0.0,1.0,-75.0,-28.0,-94.0,-23.0
-19.0,-9.0,0.0,0.0,-75.0,-28.0,-94.0,-23.0
-19.0,-9.0,0.0,1.0,-74.0,-28.0,-94.0,-23.0
-20.0,-8.0,0.0,2.0,-75.0,-27.0,-94.0,-23.0
-19.0,-9.0,0.0,1.0,-75.0,-28.0,-94.0,-23.0
-19.0,-9.0,0.0,1.0,-74.0,-28.0,-94.0,-23.0
-19.0,-9.0,0.0,1.0,-74.0,-28.0,-93.0,-22.0
-18.0,-9.0,0.0,1.0,-74.0,-28.0,-93.0,-22.0
-17.0,-10.0,-1.0,0.0,-74.0,-28.0,-94.0,-23.0
-18.0,-9.0,0.0,1.0,-74.0,-27.0,-93.0,-22.0
-19.0,-9.0,0.0,1.0,-75.0,-28.0,-94.0,-23.0
-19.0,-9.0,0.0,0.0,-75.0,-28.0,-94.0,-23.0
-19.0,-8.0,0.0,1.0,-74.0,-27.0,-93.0,-23.0
-20.0,-7.0,0.0,1.0,-75.0,-27.0,-93.0,-23.0
-20.0,-8.0,0.0,1.0,-75.0,-28.0,-94.0,-23.0
-19.0,-9.0,0.0,1.0,-74.0,-27.0,-93.0,-22.0
-19.0,-9.0,0.0,1.0,-73.0,-27.0,-92.0,-22.0
-18.0,-9.0,0.0,1.0,-73.0,-27.0,-93.0,-22.0
-17.0,-10.0,-1.0,0.0,-73.0,-28.0,-93.0,-22.0
-18.0,-9.0,0.0,1.0,-73.0,-27.0,-93.0,-22.0
-19.0,-9.0,0.0,1.0,-74.0,-28.0,-93.0,-22.0
-19.0,-9.0,0.0,1.0,-74.0,-28.0,-94.0,-23.0
-19.0,-9.0,0.0,1.0,-74.0,-27.0,-93.0,-23.0
-20.0,-7.0,0.0,1.0,-75.0,-27.0,-92.0,-22.0
-20.0,-8.0,0.0,1.0,-75.0,-27.0,-93.0,-23.0
-19.0,-9.0,0.0,1.0,-73.0,-27.0,-93.0,-22.0
-18.0,-9.0,0.0,1.0,-73.0,-27.0,-92.0,-22.0
-18.0,-10.0,0.0,1.0,-73.0,-28.0,-92.0,-22.0
-17.0,-10.0,-1.0,0.0,-73.0,-28.0,-93.0,-22.0
-18.0,-10.0,0.0,1.0,-72.0,-27.0,-92.0,-22.0
-18.0,-9.0,0.0,1.0,-73.0,-27.0,-92.0,-22.0
-19.0,-9.0,0.0,0.0,-74.0,-28.0,-93.0,-23.0
-19.0,-9.0,0.0,1.0,-73.0,-27.0,-92.0,-23.0
-20.0,-8.0,0.0,2.0,-74.0,-27.0,-92.0,-22.0
-19.0,-8.0,0.0,1.0,-74.0,-27.0,-93.0,-23.0
-18.0,-9.0,0.0,1.0,-74.0,-27.0,-92.0,-22.0
-18.0,-9.0,0.0,1.0,-73.0,-27.0,-91.0,-22.0
-18.0,-9.0,0.0,1.0,-73.0,-27.0,-92.0,-22.0
-17.0,-10.0,-1.0,0.0,-72.0,-28.0,-92.0,-22.0
-18.0,-10.0,0.0,1.0,-72.0,-27.0,-91.0,-21.0
-18.0,-9.0,0.0,1.0,-73.0,-27.0,-92.0,-22.0
-18.0,-9.0,0.0,0.0,-73.0,-28.0,-92.0,-23.0
-19.0,-8.0,0.0,1.0,-72.0,-27.0,-92.0,-22.0
-20.0,-7.0,0.0,1.0,-73.0,-26.0,-91.0,-22.0
-19.0,-8.0,0.0,1.0,-73.0,-27.0,-92.0,-23.0
-18.0,-9.0,0.0,1.0,-72.0,-27.0,-91.0,-22.0
-18.0,-9.0,0.0,1.0,-72.0,-26.0,-91.0,-22.0
-18.0,-9.0,0.0,1.0,-73.0,-27.0,-91.0,-22.0
-17.0,-10.0,-1.0,0.0,-72.0,-27.0,-92.0,-22.0
-18.0,-9.0,0.0,1.0,-71.0,-26.0,-91.0,-21.0
-18.0,-9.0,0.0,0.0,-72.0,-27.0,-91.0,-22.0
-19.0,-9.0,0.0,0.0,-73.0,-27.0,-92.0,-23.0
-18.0,-8.0,0.0,1.0,-72.0,-27.0,-91.0,-23.0
-20.0,-7.0,1.0,2.0,-73.0,-26.0,-91.0,-22.0
-19.0,-8.0,0.0,1.0,-73.0,-27.0,-91.0,-22.0
-18.0,-9.0,0.0,1.0,-72.0,-27.0,-91.0,-22.0
-18.0,-9.0,0.0,1.0,-72.0,-27.0,-91.0,-22.0
-18.0,-9.0,0.0,1.0,-72.0,-27.0,-90.0,-22.0
-17.0,-10.0,-1.0,0.0,-71.0,-27.0,-91.0,-22.0
-18.0,-9.0,0.0,1.0,-71.0,-27.0,-90.0,-21.0
-18.0,-9.0,0.0,1.0,-72.0,-27.0,-91.0,-22.0
-19.0,-9.0,0.0,1.0,-72.0,-27.0,-91.0,-22.0
-19.0,-8.0,0.0,1.0,-72.0,-27.0,-90.0,-22.0
-20.0,-7.0,1.0,2.0,-72.0,-26.0,-90.0,-21.0
-19.0,-8.0,0.0,1.0,-73.0,-27.0,-91.0,-22.0
-18.0,-9.0,0.0,1.0,-72.0,-26.0,-90.0,-22.0
-18.0,-9.0,0.0,1.0,-71.0,-26.0,-90.0,-21.0
-18.0,-9.0,0.0,1.0,-71.0,-26.0,-90.0,-22.0
-20.0,-7.0,0.0,2.0,-72.0,-26.0,-90.0,-22.0
-19.0,-8.0,0.0,1.0,-72.0,-26.0,-90.0,-22.0
-18.0,-8.0,0.0,1.0,-71.0,-26.0,-90.0,-21.0
-18.0,-8.0,0.0,1.0,-71.0,-26.0,-89.0,-21.0
-16.0,-8.0,1.0,1.0,-70.0,-24.0,-87.0,-20.0
-13.0,-7.0,4.0,2.0,-68.0,-21.0,-84.0,-17.0
-12.0,-6.0,8.0,3.0,-65.0,-17.0,-81.0,-15.0
-11.0,-4.0,10.0,4.0,-65.0,-15.0,-80.0,-14.0
-8.0,-5.0,13.0,4.0,-64.0,-13.0,-78.0,-12.0
-5.0,-6.0,17.0,4.0,-60.0,-9.0,-74.0,-9.0
-4.0,-5.0,22.0,6.0,-59.0,-5.0,-71.0,-6.0
-1.0,-5.0,23.0,6.0,-58.0,-3.0,-69.0,-5.0
2.0,-6.0,26.0,6.0,-55.0,0.0,-66.0,-2.0
3.0,-7.0,27.0,7.0,-54.0,0.0,-65.0,0.0
4.0,-5.0,29.0,7.0,-53.0,2.0,-64.0,0.0
5.0,-5.0,28.0,7.0,-53.0,2.0,-63.0,0.0
6.0,-6.0,30.0,8.0,-51.0,3.0,-62.0,1.0
6.0,-6.0,31.0,7.0,-52.0,4.0,-62.0,1.0
6.0,-5.0,31.0,7.0,-52.0,4.0,-62.0,0.0
6.0,-6.0,31.0,7.0,-51.0,4.0,-62.0,1.0
4.0,-4.0,32.0,8.0,-52.0,4.0,-61.0,1.0
5.0,-6.0,31.0,7.0,-53.0,4.0,-62.0,0.0
6.0,-9.0,29.0,7.0,-52.0,3.0,-63.0,0.0
6.0,-10.0,28.0,7.0,-52.0,2.0,-62.0,0.0
6.0,-10.0,28.0,6.0,-52.0,2.0,-63.0,0.0
7.0,-11.0,27.0,6.0,-52.0,1.0,-64.0,0.0
5.0,-9.0,27.0,7.0,-52.0,1.0,-64.0,0.0
3.0,-8.0,26.0,6.0,-53.0,0.0,-65.0,-1.0
3.0,-8.0,26.0,6.0,-54.0,0.0,-66.0,-2.0
2.0,-8.0,26.0,6.0,-54.0,0.0,-66.0,-2.0
0.0,-8.0,24.0,6.0,-55.0,-2.0,-67.0,-3.0
0.0,-8.0,23.0,5.0,-56.0,-3.0,-68.0,-5.0
0.0,-9.0,21.0,5.0,-56.0,-4.0,-69.0,-5.0
-1.0,-10.0,19.0,4.0,-57.0,-6.0,-70.0,-6.0
-2.0,-10.0,17.0,4.0,-58.0,-8.0,-72.0,-7.0
-2.0,-10.0,15.0,3.0,-59.0,-10.0,-74.0,-8.0
-4.0,-10.0,14.0,4.0,-59.0,-11.0,-74.0,-9.0
-7.0,-10.0,12.0,3.0,-62.0,-14.0,-77.0,-11.0
-8.0,-9.0,10.0,3.0,-63.0,-15.0,-78.0,-13.0
-10.0,-7.0,9.0,3.0,-64.0,-16.0,-79.0,-14.0
-12.0,-7.0,9.0,4.0,-65.0,-17.0,-80.0,-15.0
-14.0,-8.0,5.0,2.0,-67.0,-20.0,-83.0,-17.0
-15.0,-6.0,3.0,2.0,-67.0,-22.0,-84.0,-18.0
-16.0,-7.0,2.0,2.0,-68.0,-23.0,-84.0,-19.0
-18.0,-8.0,0.0,1.0,-69.0,-26.0,-87.0,-21.0
-17.0,-10.0,-1.0,0.0,-69.0,-26.0,-88.0,-21.0
-17.0,-9.0,-1.0,1.0,-69.0,-26.0,-87.0,-21.0
-18.0,-9.0,0.0,1.0,-69.0,-26.0,-87.0,-22.0
-18.0,-9.0,0.0,1.0,-70.0,-27.0,-88.0,-22.0
-18.0,-8.0,0.0,1.0,-69.0,-27.0,-87.0,-22.0
-19.0,-7.0,0.0,1.0,-70.0,-26.0,-87.0,-21.0
-19.0,-7.0,0.0,1.0,-70.0,-26.0,-87.0,-22.0
-18.0,-8.0,0.0,1.0,-70.0,-26.0,-88.0,-21.0
-18.0,-8.0,0.0,1.0,-69.0,-26.0,-87.0,-21.0
-18.0,-9.0,0.0,1.0,-69.0,-26.0,-87.0,-21.0
-16.0,-10.0,-1.0,0.0,-69.0,-27.0,-87.0,-21.0
-17.0,-9.0,0.0,1.0,-68.0,-26.0,-86.0,-20.0
-18.0,-8.0,0.0,1.0,-69.0,-26.0,-87.0,-21.0
-18.0,-8.0,0.0,0.0,-70.0,-27.0,-87.0,-21.0
-18.0,-8.0,0.0,0.0,-69.0,-26.0,-87.0,-22.0
-20.0,-7.0,0.0,1.0,-69.0,-25.0,-86.0,-21.0
-19.0,-7.0,0.0,1.0,-70.0,-26.0,-87.0,-22.0
-18.0,-8.0,0.0,0.0,-69.0,-26.0,-87.0,-21.0
-18.0,-8.0,0.0,1.0,-69.0,-26.0,-86.0,-21.0
-18.0,-8.0,0.0,1.0,-69.0,-26.0,-86.0,-21.0
-16.0,-10.0,-1.0,0.0,-68.0,-26.0,-87.0,-21.0
-16.0,-9.0,0.0,0.0,-68.0,-26.0,-86.0,-20.0
-18.0,-8.0,0.0,1.0,-68.0,-25.0,-86.0,-21.0
-18.0,-8.0,0.0,1.0,-69.0,-26.0,-87.0,-21.0
-18.0,-8.0,0.0,1.0,-69.0,-26.0,-86.0,-21.0
-19.0,-7.0,0.0,1.0,-69.0,-25.0,-86.0,-21.0
-19.0,-7.0,0.0,1.0,-70.0,-26.0,-87.0,-22.0
-18.0,-8.0,0.0,1.0,-68.0,-26.0,-86.0,-21.0
-18.0,-8.0,0.0,1.0,-68.0,-25.0,-85.0,-21.0
-17.0,-8.0,0.0,1.0,-68.0,-25.0,-86.0,-21.0
-17.0,-9.0,-2.0,0.0,-69.0,-26.0,-87.0,-21.0
-16.0,-9.0,0.0,1.0,-67.0,-25.0,-86.0,-20.0
-17.0,-8.0,0.0,1.0,-67.0,-25.0,-86.0,-21.0
-18.0,-8.0,0.0,1.0,-68.0,-26.0,-86.0,-22.0
-18.0,-8.0,0.0,1.0,-68.0,-26.0,-86.0,-21.0
-21.0,-7.0,3.0,2.0,-70.0,-28.0,-88.0,-23.0
-27.0,-9.0,10.0,3.0,-74.0,-36.0,-94.0,-29.0
-30.0,-14.0,16.0,5.0,-78.0,-44.0,-101.0,-33.0
-35.0,-16.0,24.0,7.0,-81.0,-50.0,-106.0,-38.0
-39.0,-15.0,28.0,7.0,-84.0,-54.0,-110.0,-41.0
-37.0,-9.0,22.0,5.0,-82.0,-50.0,-107.0,-39.0
-31.0,0.0,11.0,2.0,-77.0,-38.0,-97.0,-31.0
-21.0,13.0,-9.0,-3.0,-69.0,-18.0,-80.0,-19.0
-3.0,39.0,-44.0,-13.0,-54.0,16.0,-52.0,2.0
19.0,63.0,-84.0,-24.0,-35.0,57.0,-19.0,28.0
43.0,87.0,-126.0,-35.0,-15.0,98.0,15.0,56.0
69.0,108.0,-169.0,-46.0,4.0,140.0,50.0,83.0
97.0,129.0,-212.0,-57.0,25.0,181.0,84.0,111.0
122.0,150.0,-253.0,-68.0,46.0,224.0,119.0,139.0
148.0,170.0,-295.0,-78.0,66.0,264.0,153.0,166.0
175.0,183.0,-335.0,-89.0,86.0,301.0,184.0,191.0
200.0,188.0,-366.0,-95.0,105.0,333.0,213.0,215.0
220.0,188.0,-391.0,-99.0,120.0,359.0,234.0,234.0
236.0,190.0,-412.0,-104.0,131.0,378.0,251.0,247.0
246.0,194.0,-426.0,-107.0,139.0,392.0,263.0,257.0
251.0,189.0,-428.0,-106.0,142.0,396.0,267.0,261.0
253.0,177.0,-425.0,-104.0,143.0,393.0,265.0,260.0
251.0,167.0,-416.0,-102.0,140.0,383.0,258.0,255.0
242.0,159.0,-401.0,-98.0,134.0,369.0,247.0,246.0
231.0,148.0,-382.0,-93.0,124.0,350.0,230.0,234.0
219.0,133.0,-359.0,-88.0,113.0,325.0,210.0,218.0
201.0,115.0,-327.0,-78.0,100.0,295.0,185.0,198.0
177.0,94.0,-289.0,-68.0,81.0,258.0,155.0,174.0
152.0,73.0,-248.0,-58.0,61.0,217.0,121.0,147.0
126.0,47.0,-203.0,-45.0,41.0,173.0,85.0,118.0
99.0,20.0,-156.0,-32.0,20.0,129.0,49.0,90.0
74.0,0.0,-114.0,-21.0,0.0,86.0,13.0,62.0
49.0,-20.0,-74.0,-12.0,-20.0,46.0,-20.0,35.0
22.0,-38.0,-33.0,-1.0,-39.0,6.0,-52.0,8.0
-4.0,-55.0,-3.0,2.0,-61.0,-34.0,-88.0,-19.0
-31.0,-79.0,1.0,1.0,-83.0,-81.0,-127.0,-50.0
-58.0,-92.0,3.0,1.0,-102.0,-118.0,-158.0,-76.0
-75.0,-80.0,3.0,2.0,-113.0,-131.0,-170.0,-87.0
-78.0,-64.0,3.0,1.0,-115.0,-126.0,-167.0,-87.0
-69.0,-53.0,4.0,2.0,-106.0,-109.0,-153.0,-76.0
-56.0,-39.0,4.0,3.0,-95.0,-84.0,-133.0,-60.0
-41.0,-27.0,4.0,2.0,-85.0,-62.0,-115.0,-45.0
-29.0,-19.0,3.0,2.0,-76.0,-44.0,-100.0,-33.0
-21.0,-12.0,3.0,2.0,-70.0,-31.0,-88.0,-24.0
-19.0,-10.0,3.0,2.0,-68.0,-29.0,-86.0,-22.0
-18.0,-11.0,2.0,1.0,-69.0,-29.0,-87.0,-23.0
-18.0,-11.0,2.0,1.0,-68.0,-29.0,-87.0,-22.0
-19.0,-10.0,3.0,2.0,-68.0,-29.0,-86.0,-23.0
-20.0,-10.0,3.0,2.0,-69.0,-29.0,-87.0,-23.0
-20.0,-10.0,3.0,2.0,-68.0,-29.0,-87.0,-23.0
-21.0,-9.0,4.0,3.0,-68.0,-28.0,-86.0,-23.0
-21.0,-8.0,4.0,2.0,-68.0,-29.0,-86.0,-24.0
-20.0,-9.0,3.0,2.0,-68.0,-29.0,-87.0,-23.0
-20.0,-9.0,3.0,2.0,-67.0,-29.0,-86.0,-23.0
-19.0,-9.0,3.0,2.0,-68.0,-28.0,-85.0,-22.0
-18.0,-11.0,2.0,1.0,-67.0,-29.0,-86.0,-23.0
-18.0,-11.0,2.0,1.0,-67.0,-29.0,-86.0,-22.0
-19.0,-10.0,3.0,2.0,-68.0,-29.0,-86.0,-22.0
-19.0,-10.0,3.0,2.0,-68.0,-29.0,-86.0,-23.0
-20.0,-10.0,3.0,2.0,-68.0,-29.0,-86.0,-23.0
-21.0,-9.0,4.0,3.0,-68.0,-28.0,-86.0,-22.0
-21.0,-9.0,4.0,2.0,-69.0,-29.0,-86.0,-23.0
-20.0,-10.0,3.0,1.0,-68.0,-29.0,-86.0,-23.0
-19.0,-10.0,4.0,2.0,-67.0,-28.0,-85.0,-22.0
-19.0,-10.0,3.0,2.0,-67.0,-28.0,-85.0,-22.0
-18.0,-11.0,2.0,1.0,-67.0,-29.0,-86.0,-23.0
-18.0,-11.0,3.0,1.0,-66.0,-29.0,-85.0,-22.0
-19.0,-10.0,3.0,2.0,-67.0,-28.0,-85.0,-23.0
-19.0,-10.0,3.0,2.0,-68.0,-29.0,-86.0,-23.0
-19.0,-10.0,3.0,2.0,-67.0,-29.0,-85.0,-23.0
-20.0,-9.0,4.0,2.0,-68.0,-28.0,-85.0,-22.0
-20.0,-8.0,4.0,2.0,-68.0,-28.0,-85.0,-23.0
-20.0,-9.0,3.0,2.0,-68.0,-29.0,-85.0,-23.0
-19.0,-9.0,3.0,2.0,-67.0,-28.0,-85.0,-22.0
-19.0,-9.0,3.0,2.0,-67.0,-28.0,-85.0,-22.0
-18.0,-10.0,2.0,1.0,-67.0,-29.0,-85.0,-23.0
-18.0,-10.0,3.0,2.0,-65.0,-29.0,-84.0,-22.0
-19.0,-10.0,3.0,2.0,-66.0,-28.0,-85.0,-22.0
-20.0,-10.0,3.0,1.0,-67.0,-29.0,-85.0,-23.0
-20.0,-10.0,3.0,2.0,-67.0,-29.0,-85.0,-23.0
-21.0,-8.0,4.0,2.0,-67.0,-28.0,-85.0,-23.0
-20.0,-9.0,4.0,2.0,-67.0,-28.0,-85.0,-23.0
-20.0,-10.0,3.0,2.0,-67.0,-28.0,-85.0,-23.0
-19.0,-9.0,4.0,3.0,-66.0,-27.0,-83.0,-21.0
-17.0,-8.0,7.0,3.0,-64.0,-24.0,-81.0,-19.0
-15.0,-9.0,7.0,2.0,-64.0,-24.0,-81.0,-19.0
-14.0,-8.0,8.0,3.0,-63.0,-23.0,-80.0,-18.0
-14.0,-6.0,11.0,4.0,-62.0,-20.0,-78.0,-17.0
-13.0,-6.0,12.0,4.0,-62.0,-19.0,-77.0,-16.0
-12.0,-8.0,13.0,4.0,-60.0,-18.0,-76.0,-15.0
-12.0,-8.0,14.0,4.0,-60.0,-17.0,-75.0,-14.0
-12.0,-7.0,14.0,4.0,-61.0,-17.0,-75.0,-15.0
-10.0,-8.0,14.0,4.0,-60.0,-17.0,-74.0,-14.0
-8.0,-7.0,18.0,5.0,-57.0,-13.0,-71.0,-11.0
-8.0,-7.0,18.0,5.0,-58.0,-13.0,-71.0,-11.0
-7.0,-7.0,17.0,4.0,-58.0,-14.0,-72.0,-12.0
-5.0,-9.0,18.0,5.0,-56.0,-13.0,-70.0,-10.0
-5.0,-10.0,19.0,5.0,-56.0,-11.0,-69.0,-10.0
-5.0,-7.0,20.0,5.0,-56.0,-11.0,-69.0,-10.0
-5.0,-5.0,22.0,5.0,-55.0,-9.0,-68.0,-9.0
-5.0,-5.0,24.0,6.0,-55.0,-8.0,-66.0,-8.0
-4.0,-6.0,24.0,7.0,-54.0,-7.0,-65.0,-8.0
-3.0,-7.0,24.0,6.0,-53.0,-7.0,-65.0,-7.0
-1.0,-6.0,27.0,7.0,-51.0,-4.0,-62.0,-5.0
1.0,-5.0,31.0,8.0,-49.0,0.0,-59.0,-2.0
5.0,-4.0,34.0,8.0,-48.0,3.0,-56.0,0.0
7.0,-2.0,38.0,9.0,-45.0,7.0,-53.0,3.0
8.0,0.0,41.0,10.0,-44.0,9.0,-51.0,4.0
9.0,0.0,44.0,11.0,-44.0,12.0,-49.0,5.0
12.0,2.0,48.0,12.0,-41.0,16.0,-45.0,8.0
14.0,4.0,54.0,14.0,-39.0,21.0,-41.0,11.0
17.0,7.0,58.0,15.0,-37.0,25.0,-38.0,14.0
20.0,7.0,62.0,15.0,-35.0,28.0,-34.0,17.0
24.0,7.0,65.0,16.0,-32.0,32.0,-30.0,20.0
26.0,7.0,68.0,17.0,-29.0,36.0,-28.0,22.0
30.0,8.0,71.0,17.0,-28.0,39.0,-25.0,25.0
34.0,9.0,76.0,18.0,-24.0,44.0,-21.0,28.0
35.0,12.0,81.0,20.0,-22.0,49.0,-17.0,31.0
37.0,14.0,85.0,21.0,-21.0,52.0,-14.0,33.0
40.0,13.0,88.0,21.0,-19.0,55.0,-11.0,35.0
42.0,14.0,92.0,22.0,-18.0,58.0,-8.0,38.0
42.0,15.0,94.0,23.0,-17.0,60.0,-7.0,39.0
45.0,16.0,96.0,23.0,-16.0,63.0,-5.0,41.0
47.0,15.0,97.0,23.0,-14.0,65.0,-3.0,42.0
48.0,14.0,98.0,23.0,-13.0,66.0,-2.0,44.0
50.0,12.0,98.0,23.0,-12.0,65.0,-2.0,44.0
51.0,12.0,99.0,23.0,-11.0,66.0,-1.0,45.0
52.0,14.0,102.0,24.0,-10.0,69.0,0.0,46.0
52.0,15.0,103.0,24.0,-10.0,69.0,0.0,46.0
52.0,15.0,102.0,24.0,-10.0,69.0,1.0,46.0
50.0,15.0,102.0,25.0,-11.0,69.0,0.0,46.0
49.0,14.0,100.0,24.0,-12.0,66.0,-1.0,44.0
49.0,12.0,97.0,22.0,-14.0,64.0,-3.0,43.0
48.0,10.0,96.0,23.0,-13.0,63.0,-3.0,43.0
46.0,10.0,93.0,22.0,-14.0,61.0,-5.0,41.0
47.0,7.0,90.0,21.0,-15.0,58.0,-8.0,39.0
45.0,7.0,88.0,21.0,-15.0,56.0,-10.0,38.0
43.0,6.0,87.0,20.0,-17.0,54.0,-11.0,37.0
41.0,5.0,84.0,19.0,-19.0,51.0,-13.0,34.0
40.0,2.0,81.0,18.0,-20.0,48.0,-16.0,32.0
36.0,2.0,78.0,18.0,-22.0,45.0,-19.0,29.0
33.0,4.0,75.0,18.0,-24.0,42.0,-21.0,27.0
32.0,0.0,71.0,16.0,-26.0,38.0,-24.0,25.0
31.0,-2.0,67.0,15.0,-26.0,36.0,-26.0,24.0
28.0,-5.0,63.0,14.0,-28.0,31.0,-29.0,21.0
28.0,-9.0,58.0,12.0,-30.0,27.0,-33.0,19.0
26.0,-12.0,55.0,11.0,-30.0,24.0,-35.0,17.0
23.0,-13.0,52.0,11.0,-33.0,20.0,-38.0,14.0
19.0,-13.0,48.0,10.0,-35.0,16.0,-42.0,11.0
16.0,-10.0,46.0,10.0,-37.0,14.0,-45.0,9.0
13.0,-9.0,44.0,10.0,-39.0,11.0,-46.0,7.0
11.0,-9.0,42.0,9.0,-41.0,10.0,-48.0,6.0
11.0,-11.0,38.0,8.0,-42.0,6.0,-51.0,3.0
10.0,-12.0,36.0,8.0,-42.0,5.0,-51.0,3.0
8.0,-11.0,35.0,8.0,-43.0,4.0,-52.0,2.0
6.0,-11.0,31.0,6.0,-45.0,1.0,-56.0,0.0
5.0,-12.0,29.0,6.0,-45.0,0.0,-57.0,0.0
3.0,-10.0,29.0,7.0,-47.0,-1.0,-58.0,-2.0
1.0,-11.0,26.0,6.0,-49.0,-4.0,-60.0,-4.0
0.0,-11.0,24.0,5.0,-50.0,-6.0,-62.0,-5.0
-2.0,-9.0,24.0,6.0,-50.0,-6.0,-62.0,-6.0
-4.0,-8.0,23.0,6.0,-52.0,-7.0,-64.0,-8.0
-4.0,-10.0,19.0,4.0,-53.0,-10.0,-66.0,-9.0
-6.0,-10.0,18.0,4.0,-53.0,-11.0,-67.0,-9.0
-6.0,-10.0,17.0,5.0,-54.0,-12.0,-67.0,-10.0
-5.0,-13.0,14.0,3.0,-55.0,-15.0,-69.0,-12.0
-7.0,-13.0,12.0,3.0,-55.0,-17.0,-71.0,-13.0
-9.0,-11.0,13.0,3.0,-56.0,-17.0,-71.0,-14.0
-12.0,-9.0,11.0,3.0,-58.0,-19.0,-73.0,-16.0
-15.0,-10.0,7.0,2.0,-60.0,-22.0,-76.0,-18.0
-16.0,-9.0,6.0,2.0,-61.0,-23.0,-77.0,-18.0
-18.0,-7.0,6.0,3.0,-62.0,-24.0,-78.0,-20.0
-18.0,-7.0,4.0,2.0,-63.0,-25.0,-79.0,-21.0
-17.0,-7.0,5.0,2.0,-62.0,-25.0,-78.0,-20.0
-18.0,-8.0,4.0,2.0,-62.0,-25.0,-79.0,-20.0
-19.0,-10.0,0.0,1.0,-64.0,-29.0,-82.0,-22.0
-19.0,-11.0,0.0,1.0,-63.0,-29.0,-82.0,-22.0
-19.0,-10.0,0.0,1.0,-63.0,-28.0,-81.0,-23.0
-20.0,-9.0,0.0,1.0,-64.0,-29.0,-82.0,-23.0
-20.0,-9.0,0.0,1.0,-64.0,-29.0,-82.0,-24.0
-21.0,-8.0,1.0,2.0,-64.0,-29.0,-81.0,-23.0
-22.0,-8.0,1.0,2.0,-65.0,-29.0,-81.0,-23.0
-21.0,-9.0,0.0,1.0,-65.0,-29.0,-82.0,-23.0
-20.0,-9.0,0.0,1.0,-64.0,-29.0,-81.0,-23.0
-20.0,-9.0,1.0,1.0,-63.0,-28.0,-80.0,-22.0
-19.0,-10.0,0.0,1.0,-64.0,-29.0,-81.0,-22.0
-18.0,-11.0,0.0,1.0,-63.0,-29.0,-81.0,-22.0
-20.0,-10.0,0.0,1.0,-63.0,-29.0,-81.0,-22.0
-20.0,-9.0,0.0,1.0,-64.0,-29.0,-81.0,-23.0
-20.0,-9.0,0.0,1.0,-63.0,-29.0,-81.0,-23.0
-21.0,-9.0,1.0,1.0,-64.0,-29.0,-81.0,-23.0
-22.0,-8.0,1.0,1.0,-65.0,-28.0,-81.0,-23.0
-20.0,-9.0,0.0,1.0,-64.0,-29.0,-81.0,-23.0
-20.0,-9.0,0.0,1.0,-63.0,-29.0,-81.0,-22.0
-20.0,-10.0,0.0,1.0,-63.0,-28.0,-80.0,-22.0
-19.0,-10.0,0.0,0.0,-64.0,-29.0,-81.0,-23.0
-18.0,-10.0,0.0,1.0,-62.0,-29.0,-81.0,-22.0
-19.0,-10.0,0.0,1.0,-63.0,-29.0,-80.0,-23.0
-20.0,-9.0,0.0,1.0,-64.0,-29.0,-81.0,-23.0
-20.0,-9.0,0.0,1.0,-64.0,-29.0,-81.0,-23.0
-21.0,-8.0,1.0,1.0,-63.0,-29.0,-80.0,-23.0
-21.0,-8.0,1.0,1.0,-64.0,-28.0,-80.0,-23.0
-20.0,-9.0,0.0,0.0,-64.0,-29.0,-81.0,-23.0
-20.0,-9.0,0.0,1.0,-63.0,-28.0,-80.0,-22.0
-20.0,-9.0,0.0,1.0,-63.0,-28.0,-80.0,-22.0
-19.0,-10.0,0.0,1.0,-63.0,-29.0,-80.0,-22.0
-18.0,-11.0,0.0,0.0,-62.0,-29.0,-80.0,-22.0
-19.0,-10.0,0.0,1.0,-63.0,-28.0,-80.0,-22.0
-20.0,-9.0,0.0,1.0,-63.0,-29.0,-80.0,-23.0
-20.0,-9.0,0.0,1.0,-63.0,-29.0,-81.0,-23.0
-21.0,-8.0,0.0,1.0,-63.0,-29.0,-80.0,-22.0
-21.0,-8.0,1.0,2.0,-64.0,-28.0,-80.0,-23.0
-20.0,-9.0,0.0,1.0,-63.0,-29.0,-80.0,-23.0
-20.0,-9.0,0.0,1.0,-62.0,-28.0,-80.0,-22.0
-19.0,-9.0,1.0,2.0,-62.0,-28.0,-79.0,-22.0
-18.0,-10.0,0.0,1.0,-63.0,-29.0,-80.0,-23.0
-18.0,-11.0,0.0,1.0,-62.0,-29.0,-80.0,-22.0
-19.0,-10.0,0.0,1.0,-62.0,-28.0,-79.0,-22.0
-20.0,-9.0,0.0,1.0,-62.0,-29.0,-80.0,-22.0
-20.0,-9.0,0.0,1.0,-63.0,-29.0,-80.0,-23.0
-20.0,-9.0,1.0,1.0,-63.0,-28.0,-80.0,-23.0
-21.0,-7.0,1.0,2.0,-63.0,-28.0,-79.0,-23.0
-20.0,-9.0,0.0,1.0,-63.0,-28.0,-80.0,-23.0
-19.0,-9.0,0.0,1.0,-62.0,-28.0,-79.0,-22.0
-19.0,-9.0,0.0,1.0,-62.0,-28.0,-79.0,-22.0
-19.0,-9.0,0.0,1.0,-62.0,-28.0,-80.0,-22.0
-18.0,-10.0,0.0,1.0,-61.0,-28.0,-79.0,-22.0
-19.0,-9.0,0.0,1.0,-61.0,-28.0,-79.0,-22.0
-19.0,-9.0,0.0,1.0,-62.0,-28.0,-80.0,-23.0
-20.0,-9.0,0.0,1.0,-63.0,-29.0,-80.0,-23.0
-20.0,-8.0,1.0,1.0,-62.0,-28.0,-79.0,-22.0
-21.0,-7.0,1.0,2.0,-63.0,-27.0,-79.0,-22.0
-20.0,-9.0,0.0,1.0,-63.0,-28.0,-79.0,-23.0
-19.0,-9.0,0.0,1.0,-62.0,-28.0,-79.0,-22.0
-19.0,-9.0,1.0,1.0,-62.0,-27.0,-78.0,-21.0
-19.0,-9.0,0.0,1.0,-62.0,-28.0,-79.0,-22.0
-18.0,-10.0,0.0,0.0,-61.0,-28.0,-79.0,-22.0
-19.0,-9.0,0.0,1.0,-61.0,-28.0,-79.0,-21.0
-20.0,-9.0,0.0,1.0,-62.0,-28.0,-79.0,-22.0
-20.0,-9.0,0.0,1.0,-61.0,-28.0,-79.0,-23.0
-20.0,-8.0,0.0,1.0,-62.0,-28.0,-79.0,-22.0
-21.0,-8.0,1.0,2.0,-62.0,-27.0,-78.0,-22.0
-20.0,-9.0,0.0,1.0,-62.0,-28.0,-79.0,-23.0
-19.0,-9.0,0.0,1.0,-61.0,-28.0,-78.0,-22.0
-19.0,-9.0,0.0,1.0,-62.0,-28.0,-78.0,-22.0
-18.0,-9.0,0.0,1.0,-62.0,-28.0,-78.0,-22.0
-17.0,-10.0,0.0,0.0,-61.0,-28.0,-78.0,-22.0
-18.0,-9.0,0.0,1.0,-61.0,-27.0,-78.0,-21.0
-19.0,-9.0,0.0,1.0,-61.0,-28.0,-78.0,-22.0
-19.0,-9.0,0.0,1.0,-61.0,-28.0,-79.0,-22.0
-20.0,-8.0,0.0,1.0,-61.0,-28.0,-78.0,-22.0
-21.0,-8.0,1.0,2.0,-61.0,-27.0,-78.0,-22.0
-20.0,-9.0,0.0,1.0,-62.0,-28.0,-79.0,-23.0
-19.0,-9.0,0.0,1.0,-61.0,-28.0,-78.0,-22.0
-19.0,-9.0,0.0,1.0,-61.0,-27.0,-78.0,-21.0
-18.0,-9.0,0.0,1.0,-61.0,-28.0,-78.0,-22.0
-17.0,-10.0,0.0,1.0,-60.0,-28.0,-78.0,-21.0
-18.0,-9.0,0.0,1.0,-61.0,-28.0,-78.0,-21.0
-19.0,-9.0,0.0,1.0,-62.0,-28.0,-78.0,-22.0
-20.0,-9.0,0.0,1.0,-61.0,-28.0,-78.0,-22.0
-20.0,-8.0,0.0,1.0,-61.0,-27.0,-78.0,-22.0
-20.0,-7.0,1.0,2.0,-61.0,-27.0,-77.0,-22.0
-20.0,-8.0,0.0,1.0,-62.0,-28.0,-78.0,-23.0
-19.0,-9.0,0.0,1.0,-61.0,-28.0,-77.0,-21.0
-19.0,-9.0,0.0,1.0,-60.0,-27.0,-77.0,-21.0
-18.0,-9.0,0.0,1.0,-61.0,-27.0,-78.0,-22.0
-17.0,-11.0,0.0,0.0,-60.0,-28.0,-78.0,-21.0
-19.0,-10.0,0.0,1.0,-60.0,-27.0,-77.0,-21.0
-19.0,-9.0,0.0,1.0,-61.0,-27.0,-78.0,-22.0
-19.0,-9.0,0.0,1.0,-61.0,-28.0,-78.0,-22.0
-20.0,-8.0,0.0,1.0,-61.0,-27.0,-78.0,-22.0
-20.0,-7.0,1.0,1.0,-61.0,-27.0,-77.0,-22.0
-20.0,-8.0,0.0,1.0,-61.0,-28.0,-77.0,-22.0
-19.0,-9.0,0.0,1.0,-60.0,-27.0,-77.0,-21.0
-19.0,-9.0,1.0,1.0,-60.0,-27.0,-77.0,-21.0
-18.0,-9.0,0.0,1.0,-60.0,-28.0,-77.0,-21.0
-18.0,-10.0,0.0,0.0,-59.0,-28.0,-77.0,-21.0
-18.0,-9.0,0.0,1.0,-59.0,-27.0,-76.0,-21.0
-19.0,-9.0,0.0,1.0,-60.0,-28.0,-77.0,-22.0
-19.0,-8.0,0.0,1.0,-61.0,-28.0,-77.0,-23.0
-19.0,-9.0,1.0,1.0,-60.0,-27.0,-77.0,-22.0
-20.0,-7.0,1.0,1.0,-61.0,-27.0,-77.0,-22.0
-19.0,-8.0,0.0,0.0,-61.0,-28.0,-77.0,-22.0
-19.0,-9.0,0.0,1.0,-60.0,-27.0,-77.0,-21.0
-18.0,-9.0,0.0,1.0,-60.0,-27.0,-76.0,-21.0
-18.0,-9.0,0.0,0.0,-61.0,-28.0,-77.0,-21.0
-17.0,-10.0,0.0,0.0,-59.0,-28.0,-77.0,-21.0
-18.0,-9.0,0.0,1.0,-59.0,-27.0,-76.0,-21.0
-18.0,-9.0,0.0,1.0,-60.0,-28.0,-77.0,-21.0
-19.0,-9.0,0.0,0.0,-60.0,-28.0,-77.0,-22.0
-19.0,-8.0,0.0,1.0,-60.0,-27.0,-76.0,-22.0
-20.0,-7.0,1.0,2.0,-60.0,-26.0,-76.0,-21.0
-20.0,-8.0,0.0,1.0,-61.0,-27.0,-77.0,-22.0
-18.0,-9.0,0.0,1.0,-60.0,-27.0,-76.0,-21.0
-18.0,-9.0,0.0,1.0,-59.0,-26.0,-75.0,-21.0
-18.0,-10.0,0.0,0.0,-60.0,-27.0,-76.0,-21.0
-17.0,-10.0,0.0,0.0,-59.0,-28.0,-76.0,-21.0
-18.0,-10.0,0.0,1.0,-59.0,-27.0,-75.0,-21.0
-18.0,-9.0,0.0,1.0,-59.0,-27.0,-76.0,-21.0
-18.0,-9.0,0.0,0.0,-60.0,-27.0,-76.0,-22.0
-19.0,-8.0,0.0,1.0,-59.0,-27.0,-76.0,-21.0
-20.0,-7.0,1.0,1.0,-59.0,-26.0,-75.0,-21.0
-19.0,-8.0,0.0,1.0,-60.0,-27.0,-76.0,-22.0
-18.0,-9.0,0.0,1.0,-59.0,-27.0,-76.0,-21.0
-18.0,-9.0,0.0,1.0,-59.0,-27.0,-76.0,-21.0
-18.0,-9.0,0.0,1.0,-59.0,-27.0,-76.0,-21.0
-17.0,-10.0,0.0,0.0,-59.0,-28.0,-76.0,-21.0
-18.0,-9.0,0.0,1.0,-59.0,-27.0,-75.0,-21.0
-18.0,-9.0,0.0,1.0,-60.0,-27.0,-75.0,-21.0
-19.0,-8.0,0.0,1.0,-60.0,-27.0,-76.0,-22.0
-19.0,-9.0,0.0,1.0,-59.0,-27.0,-75.0,-21.0
-20.0,-8.0,1.0,2.0,-60.0,-26.0,-75.0,-21.0
-19.0,-8.0,0.0,1.0,-60.0,-27.0,-76.0,-22.0
-19.0,-8.0,0.0,1.0,-59.0,-27.0,-75.0,-21.0
-19.0,-8.0,1.0,1.0,-58.0,-26.0,-74.0,-21.0
-18.0,-9.0,0.0,0.0,-59.0,-27.0,-75.0,-21.0
-17.0,-10.0,0.0,0.0,-58.0,-27.0,-75.0,-21.0
-18.0,-9.0,0.0,1.0,-58.0,-27.0,-75.0,-21.0
-19.0,-8.0,0.0,1.0,-59.0,-27.0,-75.0,-21.0
-18.0,-9.0,0.0,1.0,-59.0,-27.0,-76.0,-21.0
-19.0,-8.0,0.0,1.0,-59.0,-27.0,-75.0,-22.0
-20.0,-7.0,2.0,2.0,-59.0,-26.0,-74.0,-21.0
-19.0,-8.0,0.0,1.0,-59.0,-27.0,-75.0,-22.0
-18.0,-8.0,0.0,1.0,-58.0,-26.0,-74.0,-21.0
-18.0,-9.0,0.0,1.0,-58.0,-26.0,-74.0,-20.0
-17.0,-8.0,2.0,1.0,-58.0,-25.0,-73.0,-20.0
-13.0,-7.0,5.0,1.0,-55.0,-21.0,-70.0,-17.0
-12.0,-6.0,8.0,2.0,-53.0,-18.0,-67.0,-15.0
-11.0,-4.0,10.0,3.0,-53.0,-16.0,-66.0,-14.0
-9.0,-5.0,14.0,4.0,-51.0,-13.0,-63.0,-12.0
-5.0,-6.0,18.0,5.0,-48.0,-9.0,-59.0,-9.0
-3.0,-5.0,22.0,6.0,-46.0,-5.0,-56.0,-6.0
-1.0,-5.0,24.0,6.0,-46.0,-4.0,-55.0,-5.0
1.0,-6.0,27.0,6.0,-43.0,0.0,-52.0,-1.0
3.0,-7.0,28.0,7.0,-41.0,0.0,-50.0,0.0
3.0,-5.0,29.0,7.0,-41.0,1.0,-49.0,0.0
5.0,-5.0,29.0,6.0,-41.0,2.0,-49.0,0.0
6.0,-5.0,31.0,7.0,-39.0,4.0,-47.0,1.0
6.0,-5.0,32.0,7.0,-39.0,4.0,-47.0,1.0
6.0,-6.0,32.0,7.0,-39.0,4.0,-47.0,1.0
5.0,-6.0,32.0,7.0,-39.0,4.0,-47.0,1.0
4.0,-4.0,33.0,8.0,-39.0,5.0,-46.0,1.0
5.0,-5.0,32.0,7.0,-40.0,4.0,-47.0,1.0
6.0,-9.0,30.0,6.0,-39.0,3.0,-48.0,1.0
6.0,-10.0,29.0,6.0,-39.0,2.0,-48.0,1.0
6.0,-11.0,28.0,6.0,-40.0,2.0,-49.0,0.0
7.0,-11.0,28.0,6.0,-39.0,2.0,-49.0,1.0
5.0,-9.0,27.0,7.0,-40.0,1.0,-49.0,0.0
3.0,-8.0,27.0,6.0,-41.0,0.0,-50.0,-1.0
2.0,-8.0,27.0,6.0,-42.0,0.0,-50.0,-1.0
2.0,-8.0,27.0,6.0,-41.0,0.0,-51.0,-1.0
0.0,-7.0,25.0,6.0,-43.0,-2.0,-52.0,-3.0
0.0,-9.0,23.0,5.0,-44.0,-4.0,-54.0,-4.0
0.0,-10.0,22.0,5.0,-44.0,-4.0,-54.0,-4.0
-1.0,-11.0,20.0,5.0,-45.0,-6.0,-56.0,-5.0
-2.0,-11.0,18.0,5.0,-46.0,-8.0,-57.0,-6.0
-2.0,-11.0,16.0,3.0,-46.0,-10.0,-59.0,-8.0
-4.0,-10.0,15.0,4.0,-47.0,-11.0,-60.0,-8.0
-7.0,-10.0,13.0,3.0,-49.0,-14.0,-62.0,-11.0
-8.0,-9.0,11.0,3.0,-50.0,-15.0,-63.0,-12.0
-10.0,-7.0,10.0,3.0,-51.0,-16.0,-64.0,-13.0
-12.0,-6.0,10.0,3.0,-52.0,-17.0,-65.0,-14.0
-14.0,-8.0,6.0,2.0,-55.0,-20.0,-68.0,-17.0
-15.0,-7.0,4.0,2.0,-55.0,-22.0,-69.0,-18.0
-16.0,-7.0,3.0,2.0,-55.0,-23.0,-70.0,-18.0
-17.0,-9.0,0.0,1.0,-57.0,-26.0,-73.0,-20.0
-16.0,-10.0,0.0,0.0,-57.0,-27.0,-73.0,-20.0
-17.0,-9.0,0.0,1.0,-56.0,-26.0,-73.0,-20.0
-18.0,-8.0,0.0,1.0,-57.0,-26.0,-73.0,-20.0
-18.0,-8.0,0.0,0.0,-58.0,-27.0,-74.0,-21.0
-19.0,-8.0,0.0,0.0,-58.0,-27.0,-74.0,-21.0
-20.0,-7.0,1.0,2.0,-58.0,-25.0,-72.0,-21.0
-19.0,-8.0,0.0,1.0,-58.0,-26.0,-73.0,-21.0
-18.0,-9.0,0.0,1.0,-57.0,-26.0,-73.0,-21.0
-18.0,-8.0,0.0,1.0,-57.0,-25.0,-72.0,-20.0
-18.0,-8.0,0.0,1.0,-57.0,-26.0,-73.0,-20.0
-17.0,-10.0,0.0,0.0,-56.0,-27.0,-73.0,-20.0
-17.0,-9.0,0.0,1.0,-56.0,-26.0,-73.0,-20.0
-18.0,-8.0,0.0,1.0,-57.0,-26.0,-73.0,-21.0
-18.0,-8.0,0.0,0.0,-57.0,-27.0,-73.0,-21.0
-18.0,-8.0,0.0,0.0,-57.0,-26.0,-73.0,-21.0
-19.0,-7.0,1.0,1.0,-57.0,-26.0,-72.0,-20.0
-19.0,-8.0,0.0,1.0,-58.0,-26.0,-73.0,-21.0
-18.0,-8.0,0.0,1.0,-57.0,-26.0,-73.0,-20.0
-18.0,-8.0,0.0,1.0,-56.0,-25.0,-72.0,-20.0
-18.0,-8.0,0.0,0.0,-57.0,-26.0,-72.0,-20.0
-16.0,-9.0,0.0,0.0,-56.0,-27.0,-73.0,-20.0
-17.0,-9.0,0.0,0.0,-55.0,-26.0,-72.0,-20.0
-18.0,-8.0,0.0,1.0,-56.0,-26.0,-72.0,-21.0
-18.0,-8.0,0.0,0.0,-56.0,-26.0,-73.0,-21.0
-18.0,-8.0,0.0,0.0,-57.0,-27.0,-73.0,-21.0
-19.0,-7.0,0.0,1.0,-57.0,-26.0,-72.0,-21.0
-19.0,-7.0,0.0,0.0,-57.0,-26.0,-72.0,-21.0
-17.0,-8.0,0.0,0.0,-56.0,-26.0,-72.0,-20.0
-18.0,-8.0,0.0,1.0,-56.0,-25.0,-71.0,-20.0
-18.0,-8.0,0.0,1.0,-56.0,-26.0,-72.0,-21.0
-17.0,-10.0,0.0,0.0,-56.0,-26.0,-72.0,-20.0
-17.0,-9.0,0.0,1.0,-55.0,-25.0,-71.0,-20.0
-18.0,-8.0,0.0,1.0,-56.0,-25.0,-72.0,-20.0
-18.0,-8.0,0.0,0.0,-56.0,-26.0,-72.0,-21.0
-18.0,-8.0,0.0,1.0,-56.0,-26.0,-72.0,-21.0
-21.0,-7.0,3.0,2.0,-57.0,-28.0,-73.0,-22.0
-26.0,-10.0,10.0,3.0,-62.0,-36.0,-81.0,-29.0
-30.0,-14.0,17.0,5.0,-66.0,-43.0,-87.0,-33.0
-35.0,-16.0,25.0,7.0,-69.0,-50.0,-92.0,-36.0
-39.0,-15.0,29.0,8.0,-72.0,-54.0,-96.0,-40.0
-37.0,-9.0,23.0,5.0,-70.0,-50.0,-93.0,-38.0
-32.0,-1.0,13.0,2.0,-65.0,-39.0,-83.0,-31.0
-22.0,12.0,-6.0,-3.0,-57.0,-19.0,-67.0,-19.0
-4.0,37.0,-41.0,-13.0,-43.0,14.0,-40.0,1.0
18.0,62.0,-81.0,-23.0,-24.0,54.0,-7.0,27.0
42.0,85.0,-122.0,-33.0,-4.0,96.0,28.0,55.0
68.0,106.0,-165.0,-45.0,15.0,137.0,62.0,82.0
95.0,127.0,-208.0,-57.0,36.0,179.0,97.0,110.0
120.0,149.0,-250.0,-67.0,57.0,221.0,132.0,138.0
146.0,168.0,-292.0,-78.0,76.0,261.0,165.0,164.0
174.0,182.0,-331.0,-88.0,96.0,299.0,197.0,191.0
199.0,188.0,-363.0,-95.0,116.0,332.0,225.0,214.0
219.0,187.0,-389.0,-100.0,131.0,357.0,247.0,233.0
235.0,190.0,-409.0,-104.0,143.0,377.0,264.0,247.0
246.0,193.0,-424.0,-107.0,150.0,391.0,276.0,258.0
251.0,189.0,-427.0,-107.0,154.0,396.0,281.0,262.0
253.0,177.0,-425.0,-106.0,154.0,392.0,279.0,261.0
251.0,167.0,-417.0,-102.0,152.0,384.0,272.0,257.0
243.0,159.0,-401.0,-98.0,146.0,370.0,261.0,248.0
232.0,149.0,-383.0,-94.0,137.0,351.0,246.0,235.0
219.0,134.0,-360.0,-88.0,126.0,327.0,226.0,220.0
201.0,115.0,-328.0,-79.0,113.0,297.0,201.0,201.0
179.0,95.0,-290.0,-69.0,95.0,260.0,171.0,176.0
154.0,74.0,-250.0,-58.0,75.0,220.0,137.0,149.0
-2.0,-54.0,-3.0,1.0,-47.0,-31.0,-71.0,-16.0
-29.0,-78.0,3.0,0.0,-70.0,-78.0,-110.0,-47.0
-56.0,-93.0,3.0,1.0,-89.0,-116.0,-143.0,-74.0
-74.0,-81.0,4.0,1.0,-101.0,-131.0,-156.0,-87.0
-79.0,-64.0,4.0,1.0,-103.0,-127.0,-154.0,-87.0
-69.0,-54.0,4.0,1.0,-95.0,-110.0,-140.0,-76.0
-56.0,-39.0,5.0,2.0,-84.0,-86.0,-120.0,-60.0
-42.0,-28.0,5.0,2.0,-74.0,-64.0,-102.0,-46.0
-30.0,-20.0,4.0,2.0,-64.0,-45.0,-86.0,-33.0
-21.0,-12.0,4.0,2.0,-57.0,-31.0,-74.0,-24.0
-19.0,-10.0,4.0,1.0,-57.0,-29.0,-73.0,-22.0
-18.0,-11.0,3.0,1.0,-56.0,-29.0,-73.0,-22.0
-18.0,-11.0,3.0,2.0,-55.0,-29.0,-72.0,-22.0
-19.0,-10.0,4.0,2.0,-56.0,-29.0,-73.0,-22.0
-20.0,-9.0,4.0,1.0,-57.0,-29.0,-73.0,-23.0
-20.0,-10.0,4.0,1.0,-56.0,-29.0,-73.0,-22.0
-21.0,-9.0,5.0,2.0,-56.0,-28.0,-72.0,-22.0
-20.0,-9.0,4.0,2.0,-57.0,-29.0,-73.0,-23.0
-20.0,-9.0,4.0,1.0,-57.0,-29.0,-73.0,-23.0
-19.0,-10.0,4.0,2.0,-56.0,-28.0,-72.0,-22.0
-20.0,-10.0,4.0,1.0,-56.0,-28.0,-72.0,-22.0
-18.0,-10.0,3.0,1.0,-56.0,-29.0,-73.0,-22.0
-19.0,-10.0,3.0,1.0,-56.0,-29.0,-73.0,-22.0
-19.0,-10.0,4.0,2.0,-56.0,-29.0,-72.0,-22.0
-20.0,-10.0,4.0,1.0,-57.0,-29.0,-73.0,-23.0
-20.0,-9.0,4.0,2.0,-56.0,-29.0,-73.0,-22.0
-21.0,-8.0,5.0,2.0,-56.0,-28.0,-72.0,-22.0
-21.0,-9.0,5.0,2.0,-56.0,-28.0,-72.0,-23.0
-19.0,-9.0,4.0,1.0,-56.0,-28.0,-72.0,-22.0
-19.0,-10.0,4.0,2.0,-55.0,-28.0,-71.0,-21.0
-19.0,-10.0,4.0,2.0,-56.0,-29.0,-72.0,-22.0
-18.0,-11.0,3.0,1.0,-56.0,-29.0,-72.0,-22.0
-18.0,-11.0,3.0,2.0,-54.0,-29.0,-71.0,-22.0
-19.0,-10.0,4.0,2.0,-55.0,-29.0,-72.0,-22.0
-20.0,-9.0,3.0,1.0,-56.0,-29.0,-72.0,-23.0
-20.0,-9.0,4.0,1.0,-56.0,-29.0,-72.0,-23.0
-21.0,-9.0,5.0,2.0,-56.0,-28.0,-71.0,-22.0
-20.0,-9.0,4.0,2.0,-57.0,-28.0,-72.0,-23.0
-19.0,-9.0,4.0,1.0,-56.0,-29.0,-72.0,-22.0
-19.0,-10.0,4.0,2.0,-55.0,-28.0,-71.0,-21.0
-19.0,-10.0,4.0,2.0,-55.0,-28.0,-71.0,-21.0
-18.0,-11.0,3.0,1.0,-55.0,-28.0,-72.0,-22.0
-18.0,-10.0,3.0,1.0,-54.0,-28.0,-72.0,-22.0
-19.0,-9.0,4.0,2.0,-55.0,-28.0,-71.0,-22.0
-20.0,-9.0,4.0,1.0,-55.0,-29.0,-72.0,-22.0
-20.0,-9.0,4.0,1.0,-56.0,-28.0,-71.0,-22.0
-21.0,-8.0,5.0,2.0,-56.0,-28.0,-71.0,-22.0
-21.0,-8.0,4.0,1.0,-57.0,-28.0,-71.0,-22.0
-19.0,-9.0,3.0,1.0,-56.0,-28.0,-72.0,-22.0
-19.0,-9.0,5.0,2.0,-54.0,-27.0,-70.0,-20.0
-17.0,-8.0,7.0,3.0,-53.0,-24.0,-68.0,-19.0
-15.0,-9.0,7.0,2.0,-53.0,-24.0,-67.0,-19.0
-15.0,-9.0,9.0,3.0,-51.0,-23.0,-66.0,-17.0
-14.0,-6.0,12.0,4.0,-50.0,-20.0,-64.0,-16.0
-13.0,-6.0,13.0,3.0,-50.0,-19.0,-63.0,-16.0
-12.0,-8.0,14.0,3.0,-49.0,-18.0,-62.0,-15.0
-12.0,-7.0,15.0,4.0,-49.0,-17.0,-61.0,-14.0
-12.0,-8.0,15.0,4.0,-50.0,-17.0,-62.0,-15.0
-10.0,-8.0,16.0,4.0,-48.0,-17.0,-61.0,-13.0
-9.0,-7.0,18.0,5.0,-46.0,-14.0,-58.0,-11.0
-8.0,-7.0,18.0,5.0,-47.0,-13.0,-58.0,-11.0
-7.0,-7.0,18.0,4.0,-46.0,-14.0,-58.0,-11.0
-6.0,-9.0,19.0,5.0,-44.0,-12.0,-57.0,-10.0
-5.0,-9.0,21.0,5.0,-44.0,-11.0,-56.0,-9.0
-5.0,-7.0,21.0,5.0,-44.0,-10.0,-56.0,-9.0
-5.0,-5.0,23.0,6.0,-44.0,-9.0,-55.0,-9.0
-5.0,-5.0,25.0,7.0,-43.0,-7.0,-53.0,-7.0
-4.0,-6.0,25.0,6.0,-43.0,-7.0,-53.0,-7.0
-3.0,-7.0,25.0,6.0,-42.0,-7.0,-52.0,-7.0
-1.0,-6.0,28.0,7.0,-40.0,-4.0,-50.0,-4.0
1.0,-5.0,31.0,7.0,-39.0,0.0,-46.0,-2.0
5.0,-4.0,34.0,8.0,-37.0,2.0,-44.0,0.0
7.0,-2.0,39.0,9.0,-34.0,7.0,-40.0,3.0
8.0,0.0,42.0,10.0,-33.0,9.0,-38.0,5.0
9.0,0.0,45.0,10.0,-32.0,11.0,-36.0,6.0
12.0,2.0,49.0,11.0,-30.0,15.0,-33.0,8.0
13.0,5.0,55.0,13.0,-28.0,21.0,-28.0,12.0
16.0,7.0,58.0,14.0,-26.0,25.0,-25.0,14.0
20.0,7.0,62.0,15.0,-23.0,29.0,-21.0,17.0
23.0,7.0,65.0,16.0,-20.0,32.0,-18.0,20.0
27.0,6.0,69.0,16.0,-19.0,35.0,-15.0,22.0
30.0,8.0,72.0,17.0,-16.0,39.0,-12.0,25.0
33.0,9.0,77.0,18.0,-13.0,44.0,-8.0,29.0
35.0,12.0,82.0,20.0,-12.0,49.0,-4.0,32.0
38.0,14.0,86.0,20.0,-10.0,52.0,-1.0,33.0
40.0,13.0,89.0,21.0,-8.0,55.0,0.0,36.0
42.0,14.0,93.0,23.0,-6.0,59.0,4.0,39.0
43.0,15.0,95.0,23.0,-6.0,60.0,5.0,40.0
46.0,16.0,97.0,23.0,-4.0,62.0,7.0,41.0
47.0,15.0,98.0,23.0,-3.0,64.0,9.0,43.0
49.0,13.0,99.0,23.0,-2.0,66.0,10.0,44.0
51.0,12.0,98.0,22.0,-1.0,65.0,10.0,44.0
51.0,12.0,99.0,23.0,0.0,66.0,11.0,45.0
52.0,14.0,103.0,25.0,0.0,69.0,13.0,47.0
52.0,15.0,103.0,24.0,0.0,69.0,14.0,47.0
52.0,15.0,104.0,24.0,0.0,69.0,13.0,46.0
50.0,15.0,104.0,25.0,0.0,69.0,13.0,46.0
48.0,14.0,101.0,24.0,-2.0,67.0,11.0,44.0
48.0,12.0,98.0,23.0,-2.0,65.0,10.0,44.0
48.0,10.0,97.0,23.0,-1.0,64.0,9.0,43.0
47.0,9.0,94.0,22.0,-3.0,61.0,7.0,41.0
46.0,7.0,91.0,20.0,-4.0,58.0,4.0,40.0
45.0,6.0,89.0,20.0,-4.0,56.0,3.0,39.0
43.0,6.0,87.0,20.0,-6.0,55.0,2.0,37.0
41.0,5.0,84.0,19.0,-8.0,52.0,0.0,35.0
39.0,2.0,82.0,18.0,-9.0,48.0,-3.0,33.0
36.0,3.0,79.0,18.0,-10.0,46.0,-5.0,31.0
33.0,4.0,76.0,17.0,-13.0,43.0,-8.0,28.0
32.0,0.0,72.0,16.0,-15.0,39.0,-11.0,26.0
31.0,-2.0,68.0,15.0,-15.0,36.0,-13.0,25.0
29.0,-5.0,64.0,14.0,-18.0,31.0,-16.0,22.0
28.0,-9.0,59.0,12.0,-19.0,27.0,-20.0,20.0
26.0,-12.0,56.0,11.0,-19.0,24.0,-22.0,18.0
22.0,-13.0,53.0,10.0,-22.0,20.0,-26.0,15.0
19.0,-12.0,49.0,9.0,-25.0,16.0,-29.0,12.0
16.0,-10.0,47.0,9.0,-26.0,14.0,-32.0,10.0
13.0,-8.0,45.0,10.0,-28.0,12.0,-33.0,8.0
11.0,-9.0,42.0,9.0,-30.0,9.0,-35.0,6.0
10.0,-11.0,39.0,8.0,-31.0,7.0,-37.0,5.0
9.0,-12.0,37.0,8.0,-31.0,5.0,-39.0,4.0
8.0,-11.0,36.0,8.0,-32.0,4.0,-40.0,3.0
7.0,-12.0,32.0,6.0,-34.0,1.0,-43.0,0.0
6.0,-13.0,30.0,6.0,-35.0,0.0,-44.0,0.0
3.0,-10.0,30.0,7.0,-36.0,-1.0,-45.0,-1.0
1.0,-11.0,27.0,5.0,-38.0,-4.0,-48.0,-3.0
0.0,-11.0,24.0,5.0,-39.0,-6.0,-50.0,-5.0
-2.0,-9.0,25.0,6.0,-39.0,-6.0,-50.0,-5.0
-4.0,-8.0,23.0,5.0,-41.0,-8.0,-51.0,-7.0
-4.0,-10.0,20.0,4.0,-42.0,-10.0,-53.0,-8.0
-5.0,-10.0,19.0,5.0,-42.0,-11.0,-54.0,-9.0
-6.0,-10.0,18.0,4.0,-43.0,-13.0,-55.0,-9.0
-6.0,-13.0,15.0,3.0,-44.0,-15.0,-56.0,-10.0
-7.0,-13.0,13.0,3.0,-44.0,-17.0,-58.0,-12.0
-9.0,-11.0,13.0,3.0,-45.0,-17.0,-58.0,-13.0
-12.0,-9.0,12.0,3.0,-47.0,-19.0,-60.0,-15.0
-14.0,-10.0,8.0,2.0,-49.0,-22.0,-63.0,-18.0
-16.0,-9.0,8.0,2.0,-50.0,-23.0,-64.0,-18.0
-18.0,-7.0,7.0,2.0,-52.0,-24.0,-65.0,-20.0
-18.0,-7.0,6.0,2.0,-51.0,-25.0,-66.0,-20.0
-17.0,-7.0,6.0,2.0,-51.0,-25.0,-65.0,-19.0
-18.0,-8.0,5.0,2.0,-51.0,-25.0,-66.0,-19.0
-19.0,-9.0,1.0,1.0,-52.0,-28.0,-69.0,-21.0
-19.0,-11.0,0.0,0.0,-53.0,-29.0,-69.0,-22.0
-20.0,-10.0,1.0,1.0,-53.0,-29.0,-69.0,-22.0
-20.0,-9.0,1.0,1.0,-54.0,-29.0,-70.0,-23.0
-20.0,-10.0,1.0,1.0,-53.0,-29.0,-69.0,-23.0
-21.0,-9.0,2.0,1.0,-53.0,-29.0,-69.0,-22.0
-22.0,-8.0,2.0,1.0,-55.0,-29.0,-69.0,-23.0
-21.0,-9.0,1.0,1.0,-54.0,-29.0,-70.0,-23.0
-20.0,-10.0,1.0,1.0,-53.0,-29.0,-69.0,-22.0
-20.0,-10.0,1.0,1.0,-53.0,-29.0,-69.0,-22.0
-19.0,-10.0,0.0,0.0,-53.0,-29.0,-69.0,-22.0
-18.0,-11.0,0.0,0.0,-52.0,-29.0,-69.0,-22.0
-20.0,-10.0,1.0,1.0,-52.0,-29.0,-68.0,-22.0
-20.0,-9.0,1.0,1.0,-53.0,-29.0,-69.0,-23.0
-20.0,-9.0,1.0,1.0,-54.0,-29.0,-69.0,-23.0
-21.0,-9.0,2.0,2.0,-53.0,-28.0,-68.0,-22.0
-21.0,-8.0,2.0,2.0,-53.0,-28.0,-68.0,-22.0
-20.0,-9.0,1.0,1.0,-53.0,-29.0,-69.0,-23.0
-20.0,-10.0,1.0,1.0,-53.0,-29.0,-68.0,-22.0
-20.0,-10.0,1.0,1.0,-53.0,-29.0,-68.0,-22.0
-19.0,-10.0,0.0,0.0,-53.0,-29.0,-69.0,-22.0
-18.0,-11.0,0.0,0.0,-52.0,-29.0,-68.0,-21.0
-19.0,-10.0,1.0,1.0,-52.0,-28.0,-68.0,-22.0
-20.0,-9.0,1.0,1.0,-53.0,-29.0,-68.0,-22.0
-20.0,-9.0,1.0,1.0,-53.0,-29.0,-68.0,-22.0
-21.0,-8.0,2.0,2.0,-52.0,-28.0,-68.0,-22.0
-21.0,-8.0,1.0,2.0,-53.0,-28.0,-68.0,-22.0
-20.0,-9.0,1.0,1.0,-53.0,-29.0,-68.0,-23.0
-20.0,-9.0,1.0,1.0,-52.0,-28.0,-68.0,-22.0
-20.0,-9.0,1.0,1.0,-52.0,-28.0,-68.0,-21.0
-19.0,-10.0,0.0,1.0,-52.0,-29.0,-68.0,-22.0
-18.0,-10.0,0.0,1.0,-52.0,-29.0,-68.0,-22.0
-19.0,-9.0,1.0,1.0,-52.0,-28.0,-68.0,-21.0
-19.0,-9.0,1.0,1.0,-52.0,-28.0,-68.0,-22.0
-20.0,-9.0,1.0,1.0,-52.0,-29.0,-68.0,-22.0
-21.0,-9.0,2.0,1.0,-52.0,-28.0,-68.0,-22.0
-21.0,-8.0,2.0,1.0,-53.0,-28.0,-67.0,-22.0
-20.0,-9.0,1.0,1.0,-53.0,-29.0,-68.0,-23.0
-20.0,-9.0,1.0,1.0,-52.0,-28.0,-67.0,-21.0
-19.0,-9.0,1.0,1.0,-52.0,-28.0,-67.0,-22.0
-19.0,-9.0,0.0,0.0,-52.0,-29.0,-68.0,-22.0
-18.0,-11.0,0.0,0.0,-51.0,-29.0,-67.0,-21.0
-19.0,-9.0,1.0,1.0,-51.0,-28.0,-67.0,-21.0
-20.0,-9.0,1.0,0.0,-52.0,-29.0,-68.0,-22.0
-20.0,-9.0,1.0,0.0,-53.0,-29.0,-68.0,-22.0
-20.0,-8.0,2.0,1.0,-52.0,-28.0,-67.0,-22.0
-21.0,-8.0,2.0,1.0,-53.0,-28.0,-67.0,-22.0
-20.0,-9.0,1.0,1.0,-53.0,-29.0,-68.0,-23.0
-20.0,-9.0,1.0,1.0,-52.0,-28.0,-67.0,-22.0
-20.0,-9.0,1.0,1.0,-52.0,-28.0,-67.0,-22.0
-19.0,-10.0,0.0,0.0,-52.0,-28.0,-67.0,-22.0
-18.0,-11.0,0.0,0.0,-51.0,-29.0,-67.0,-22.0
-19.0,-10.0,1.0,1.0,-51.0,-29.0,-67.0,-21.0
-20.0,-9.0,1.0,1.0,-52.0,-29.0,-67.0,-22.0
-20.0,-9.0,1.0,0.0,-52.0,-29.0,-67.0,-22.0
-20.0,-9.0,1.0,1.0,-52.0,-28.0,-67.0,-22.0
-21.0,-8.0,2.0,1.0,-53.0,-28.0,-67.0,-22.0
-19.0,-9.0,1.0,0.0,-53.0,-29.0,-67.0,-22.0
-19.0,-9.0,1.0,1.0,-52.0,-28.0,-67.0,-21.0
-19.0,-9.0,1.0,1.0,-52.0,-28.0,-66.0,-21.0
-19.0,-9.0,0.0,0.0,-52.0,-28.0,-67.0,-21.0
-18.0,-10.0,0.0,0.0,-51.0,-29.0,-67.0,-21.0
-19.0,-10.0,1.0,1.0,-51.0,-28.0,-66.0,-21.0
-20.0,-9.0,1.0,1.0,-51.0,-28.0,-66.0,-22.0
-19.0,-9.0,1.0,0.0,-52.0,-28.0,-66.0,-22.0
-20.0,-9.0,2.0,1.0,-51.0,-28.0,-66.0,-22.0
-21.0,-7.0,2.0,1.0,-52.0,-27.0,-66.0,-22.0
-20.0,-8.0,1.0,0.0,-52.0,-28.0,-67.0,-22.0
-19.0,-9.0,1.0,1.0,-52.0,-28.0,-66.0,-21.0
-19.0,-9.0,1.0,1.0,-52.0,-27.0,-66.0,-21.0
-18.0,-10.0,1.0,1.0,-51.0,-28.0,-66.0,-21.0
-18.0,-10.0,0.0,0.0,-50.0,-28.0,-67.0,-21.0
-19.0,-9.0,1.0,1.0,-50.0,-28.0,-66.0,-21.0
-19.0,-9.0,1.0,1.0,-51.0,-28.0,-67.0,-22.0
-19.0,-9.0,0.0,0.0,-51.0,-28.0,-67.0,-22.0
-20.0,-8.0,1.0,1.0,-51.0,-28.0,-66.0,-22.0
-21.0,-8.0,2.0,1.0,-51.0,-27.0,-66.0,-22.0
-20.0,-8.0,1.0,1.0,-51.0,-28.0,-66.0,-22.0
-19.0,-9.0,1.0,1.0,-51.0,-27.0,-65.0,-21.0
-19.0,-9.0,1.0,1.0,-50.0,-27.0,-65.0,-21.0
-18.0,-10.0,0.0,1.0,-51.0,-28.0,-66.0,-21.0
-17.0,-11.0,0.0,0.0,-50.0,-29.0,-66.0,-21.0
-19.0,-9.0,1.0,1.0,-51.0,-27.0,-65.0,-21.0
-20.0,-9.0,1.0,1.0,-51.0,-28.0,-66.0,-21.0
-19.0,-9.0,0.0,1.0,-51.0,-28.0,-66.0,-22.0
-20.0,-8.0,1.0,1.0,-51.0,-27.0,-66.0,-22.0
-21.0,-7.0,2.0,1.0,-52.0,-27.0,-65.0,-22.0
-20.0,-8.0,1.0,1.0,-52.0,-27.0,-66.0,-22.0
-19.0,-9.0,1.0,1.0,-50.0,-27.0,-65.0,-21.0
-19.0,-9.0,1.0,1.0,-50.0,-27.0,-65.0,-21.0
-18.0,-10.0,0.0,1.0,-50.0,-27.0,-65.0,-21.0
-18.0,-10.0,0.0,0.0,-50.0,-28.0,-65.0,-21.0
-19.0,-9.0,1.0,1.0,-50.0,-27.0,-65.0,-20.0
-19.0,-9.0,1.0,1.0,-51.0,-28.0,-66.0,-21.0
-19.0,-8.0,0.0,0.0,-51.0,-28.0,-66.0,-22.0
-20.0,-8.0,1.0,1.0,-50.0,-27.0,-65.0,-21.0
-21.0,-8.0,2.0,1.0,-51.0,-27.0,-65.0,-22.0
-19.0,-8.0,1.0,1.0,-51.0,-28.0,-65.0,-22.0
-19.0,-9.0,1.0,1.0,-50.0,-27.0,-65.0,-21.0
-19.0,-9.0,1.0,1.0,-50.0,-27.0,-64.0,-21.0
-18.0,-9.0,1.0,0.0,-50.0,-27.0,-64.0,-21.0
-17.0,-10.0,0.0,0.0,-49.0,-28.0,-65.0,-21.0
-18.0,-9.0,1.0,0.0,-49.0,-27.0,-65.0,-21.0
-19.0,-9.0,1.0,0.0,-50.0,-28.0,-65.0,-21.0
-19.0,-9.0,0.0,0.0,-50.0,-28.0,-65.0,-21.0
-19.0,-9.0,1.0,1.0,-50.0,-27.0,-65.0,-21.0
-20.0,-8.0,2.0,1.0,-51.0,-27.0,-65.0,-21.0
-20.0,-8.0,1.0,1.0,-51.0,-27.0,-65.0,-22.0
-19.0,-9.0,1.0,1.0,-50.0,-27.0,-64.0,-21.0
-18.0,-9.0,1.0,1.0,-50.0,-27.0,-64.0,-20.0
-18.0,-9.0,0.0,0.0,-50.0,-28.0,-64.0,-21.0
-17.0,-10.0,0.0,0.0,-49.0,-27.0,-65.0,-21.0
-18.0,-9.0,1.0,1.0,-49.0,-27.0,-64.0,-20.0
-19.0,-9.0,1.0,0.0,-49.0,-27.0,-64.0,-21.0
-19.0,-9.0,0.0,0.0,-50.0,-27.0,-65.0,-22.0
-19.0,-8.0,1.0,1.0,-50.0,-27.0,-64.0,-21.0
-20.0,-7.0,2.0,1.0,-51.0,-26.0,-64.0,-21.0
-19.0,-8.0,1.0,1.0,-51.0,-27.0,-65.0,-22.0
-19.0,-9.0,1.0,1.0,-50.0,-27.0,-64.0,-21.0
-19.0,-9.0,1.0,1.0,-50.0,-27.0,-64.0,-20.0
-18.0,-9.0,0.0,0.0,-50.0,-27.0,-64.0,-21.0
-17.0,-10.0,0.0,0.0,-49.0,-27.0,-64.0,-20.0
-18.0,-9.0,1.0,1.0,-49.0,-27.0,-63.0,-20.0
-19.0,-9.0,1.0,1.0,-50.0,-27.0,-64.0,-21.0
-19.0,-9.0,1.0,0.0,-50.0,-27.0,-64.0,-21.0
-20.0,-8.0,1.0,1.0,-49.0,-27.0,-63.0,-21.0
-20.0,-7.0,2.0,1.0,-50.0,-27.0,-64.0,-21.0
-20.0,-8.0,1.0,1.0,-50.0,-27.0,-65.0,-22.0
-19.0,-9.0,1.0,1.0,-49.0,-27.0,-64.0,-20.0
-19.0,-9.0,1.0,1.0,-49.0,-26.0,-64.0,-20.0
-18.0,-9.0,0.0,0.0,-49.0,-27.0,-64.0,-21.0
-17.0,-10.0,0.0,0.0,-49.0,-27.0,-64.0,-21.0
-18.0,-9.0,1.0,1.0,-49.0,-27.0,-63.0,-20.0
-19.0,-9.0,1.0,1.0,-49.0,-27.0,-64.0,-21.0
-19.0,-9.0,1.0,1.0,-49.0,-27.0,-64.0,-22.0
-19.0,-9.0,1.0,1.0,-49.0,-27.0,-64.0,-21.0
-20.0,-7.0,2.0,2.0,-50.0,-26.0,-64.0,-21.0
-19.0,-8.0,1.0,1.0,-50.0,-27.0,-64.0,-21.0
-19.0,-8.0,1.0,1.0,-49.0,-26.0,-63.0,-20.0
-18.0,-9.0,1.0,1.0,-49.0,-26.0,-63.0,-20.0
-18.0,-9.0,1.0,1.0,-49.0,-26.0,-63.0,-20.0
-17.0,-10.0,0.0,1.0,-48.0,-27.0,-63.0,-20.0
-18.0,-9.0,1.0,1.0,-48.0,-26.0,-63.0,-20.0
-19.0,-9.0,1.0,1.0,-49.0,-27.0,-63.0,-21.0
-18.0,-9.0,0.0,0.0,-50.0,-27.0,-64.0,-22.0
-19.0,-8.0,1.0,1.0,-49.0,-27.0,-63.0,-21.0
-20.0,-7.0,2.0,2.0,-50.0,-26.0,-63.0,-21.0
-19.0,-8.0,1.0,1.0,-50.0,-27.0,-64.0,-21.0
-19.0,-8.0,1.0,1.0,-49.0,-26.0,-63.0,-20.0
-18.0,-8.0,1.0,1.0,-49.0,-26.0,-62.0,-20.0
-17.0,-8.0,2.0,1.0,-47.0,-24.0,-61.0,-19.0
-13.0,-8.0,5.0,1.0,-45.0,-21.0,-58.0,-17.0
-12.0,-5.0,9.0,3.0,-44.0,-18.0,-56.0,-14.0
-12.0,-4.0,11.0,3.0,-43.0,-16.0,-54.0,-13.0
-9.0,-4.0,14.0,4.0,-41.0,-13.0,-52.0,-11.0
-6.0,-6.0,18.0,5.0,-38.0,-9.0,-48.0,-8.0
-4.0,-5.0,23.0,6.0,-37.0,-5.0,-45.0,-5.0
-1.0,-5.0,24.0,6.0,-36.0,-4.0,-43.0,-4.0
1.0,-6.0,27.0,7.0,-33.0,0.0,-40.0,-1.0
3.0,-7.0,29.0,7.0,-31.0,0.0,-38.0,0.0
3.0,-6.0,29.0,7.0,-31.0,2.0,-38.0,0.0
5.0,-5.0,30.0,7.0,-31.0,2.0,-37.0,0.0
5.0,-5.0,32.0,8.0,-29.0,4.0,-36.0,2.0
5.0,-5.0,33.0,7.0,-29.0,4.0,-35.0,2.0
6.0,-6.0,32.0,7.0,-30.0,3.0,-36.0,1.0
5.0,-5.0,32.0,7.0,-30.0,4.0,-36.0,1.0
4.0,-4.0,33.0,7.0,-30.0,5.0,-35.0,1.0
5.0,-5.0,32.0,7.0,-30.0,4.0,-36.0,1.0
6.0,-9.0,31.0,7.0,-30.0,3.0,-36.0,1.0
6.0,-10.0,30.0,6.0,-30.0,2.0,-36.0,1.0
6.0,-11.0,30.0,6.0,-30.0,2.0,-36.0,1.0
7.0,-11.0,28.0,5.0,-29.0,1.0,-38.0,1.0
4.0,-9.0,28.0,6.0,-30.0,0.0,-38.0,0.0
2.0,-8.0,28.0,6.0,-32.0,0.0,-39.0,0.0
2.0,-8.0,28.0,6.0,-32.0,0.0,-40.0,-1.0
2.0,-7.0,28.0,6.0,-31.0,0.0,-39.0,0.0
0.0,-7.0,26.0,6.0,-33.0,-2.0,-41.0,-2.0
0.0,-9.0,24.0,5.0,-34.0,-4.0,-43.0,-4.0
0.0,-10.0,23.0,5.0,-34.0,-4.0,-42.0,-3.0
-1.0,-11.0,20.0,4.0,-35.0,-6.0,-44.0,-5.0
-2.0,-11.0,18.0,4.0,-36.0,-8.0,-46.0,-6.0
-3.0,-10.0,16.0,3.0,-37.0,-10.0,-48.0,-8.0
-5.0,-9.0,16.0,4.0,-37.0,-11.0,-48.0,-8.0
-7.0,-10.0,13.0,3.0,-39.0,-14.0,-51.0,-10.0
-8.0,-9.0,12.0,2.0,-41.0,-15.0,-52.0,-12.0
-10.0,-8.0,11.0,3.0,-42.0,-16.0,-53.0,-12.0
-12.0,-7.0,11.0,3.0,-43.0,-16.0,-54.0,-13.0
-14.0,-7.0,7.0,2.0,-45.0,-20.0,-57.0,-16.0
-15.0,-7.0,5.0,2.0,-45.0,-21.0,-58.0,-17.0
-16.0,-7.0,3.0,1.0,-46.0,-23.0,-59.0,-18.0
-17.0,-8.0,0.0,0.0,-48.0,-26.0,-61.0,-20.0
-16.0,-10.0,0.0,0.0,-47.0,-27.0,-62.0,-20.0
-17.0,-9.0,0.0,1.0,-47.0,-26.0,-62.0,-20.0
-18.0,-8.0,1.0,1.0,-48.0,-26.0,-62.0,-20.0
-18.0,-8.0,0.0,0.0,-48.0,-27.0,-63.0,-21.0
-18.0,-8.0,1.0,0.0,-48.0,-27.0,-62.0,-20.0
-20.0,-7.0,1.0,1.0,-48.0,-26.0,-61.0,-20.0
-19.0,-8.0,0.0,1.0,-48.0,-26.0,-62.0,-21.0
-18.0,-8.0,0.0,1.0,-48.0,-26.0,-61.0,-20.0
-18.0,-8.0,0.0,1.0,-48.0,-26.0,-61.0,-20.0
-18.0,-8.0,0.0,1.0,-47.0,-26.0,-61.0,-20.0
-17.0,-9.0,0.0,0.0,-47.0,-27.0,-62.0,-20.0
-17.0,-9.0,0.0,1.0,-46.0,-26.0,-61.0,-20.0
-18.0,-8.0,0.0,1.0,-47.0,-26.0,-62.0,-20.0
-18.0,-8.0,0.0,0.0,-48.0,-26.0,-62.0,-21.0
-19.0,-8.0,1.0,1.0,-47.0,-26.0,-61.0,-20.0
-20.0,-7.0,1.0,1.0,-48.0,-26.0,-61.0,-20.0
-19.0,-7.0,0.0,0.0,-49.0,-27.0,-62.0,-21.0
-18.0,-8.0,0.0,1.0,-47.0,-26.0,-61.0,-20.0
-18.0,-8.0,0.0,1.0,-47.0,-26.0,-61.0,-20.0
-18.0,-8.0,0.0,1.0,-47.0,-26.0,-61.0,-20.0
-17.0,-9.0,0.0,0.0,-47.0,-27.0,-61.0,-20.0
-18.0,-9.0,0.0,1.0,-46.0,-26.0,-61.0,-19.0
-18.0,-8.0,0.0,1.0,-47.0,-26.0,-61.0,-20.0
-18.0,-8.0,0.0,0.0,-47.0,-26.0,-62.0,-21.0
-19.0,-8.0,0.0,1.0,-47.0,-26.0,-61.0,-20.0
-20.0,-7.0,1.0,2.0,-47.0,-25.0,-60.0,-20.0
-19.0,-7.0,0.0,1.0,-48.0,-26.0,-61.0,-21.0
-18.0,-8.0,0.0,1.0,-47.0,-26.0,-61.0,-20.0
-18.0,-8.0,0.0,1.0,-47.0,-26.0,-61.0,-20.0
-17.0,-9.0,0.0,1.0,-47.0,-26.0,-60.0,-20.0
-16.0,-10.0,0.0,0.0,-46.0,-26.0,-61.0,-20.0
-17.0,-9.0,0.0,1.0,-46.0,-26.0,-60.0,-19.0
-18.0,-8.0,0.0,0.0,-47.0,-26.0,-61.0,-20.0
-18.0,-8.0,0.0,0.0,-47.0,-26.0,-61.0,-20.0
-18.0,-8.0,0.0,1.0,-46.0,-26.0,-60.0,-20.0
-22.0,-7.0,3.0,1.0,-48.0,-28.0,-62.0,-22.0
-26.0,-9.0,10.0,2.0,-53.0,-36.0,-69.0,-27.0
-30.0,-13.0,17.0,4.0,-56.0,-43.0,-75.0,-32.0
-35.0,-15.0,24.0,6.0,-59.0,-50.0,-81.0,-36.0
-39.0,-16.0,29.0,7.0,-63.0,-55.0,-85.0,-40.0
-37.0,-10.0,24.0,4.0,-62.0,-51.0,-82.0,-38.0
-32.0,-1.0,13.0,2.0,-57.0,-40.0,-73.0,-31.0
-23.0,11.0,-4.0,-2.0,-48.0,-20.0,-57.0,-19.0
-5.0,36.0,-39.0,-12.0,-34.0,13.0,-30.0,1.0
17.0,61.0,-79.0,-23.0,-15.0,53.0,2.0,26.0
41.0,84.0,-121.0,-34.0,4.0,95.0,37.0,54.0
67.0,106.0,-164.0,-45.0,23.0,136.0,71.0,81.0
93.0,127.0,-206.0,-56.0,45.0,177.0,107.0,109.0
120.0,148.0,-248.0,-67.0,65.0,219.0,141.0,137.0
146.0,168.0,-290.0,-78.0,85.0,260.0,175.0,164.0
172.0,182.0,-330.0,-88.0,105.0,298.0,206.0,190.0
197.0,188.0,-362.0,-95.0,124.0,331.0,235.0,214.0
218.0,187.0,-388.0,-99.0,140.0,356.0,257.0,233.0
235.0,189.0,-409.0,-104.0,151.0,376.0,275.0,247.0
245.0,193.0,-423.0,-107.0,160.0,391.0,287.0,258.0
250.0,190.0,-427.0,-107.0,164.0,396.0,293.0,262.0
253.0,178.0,-425.0,-106.0,164.0,393.0,291.0,261.0
251.0,168.0,-416.0,-103.0,162.0,385.0,284.0,257.0
243.0,159.0,-401.0,-98.0,156.0,371.0,273.0,249.0
232.0,149.0,-383.0,-94.0,147.0,352.0,257.0,236.0
220.0,134.0,-361.0,-88.0,136.0,328.0,237.0,221.0
202.0,116.0,-329.0,-79.0,122.0,298.0,213.0,202.0
179.0,96.0,-291.0,-69.0,104.0,261.0,183.0,178.0
154.0,75.0,-251.0,-59.0,84.0,220.0,149.0,150.0
128.0,50.0,-206.0,-47.0,64.0,177.0,113.0,122.0
101.0,23.0,-159.0,-33.0,43.0,133.0,77.0,94.0
75.0,0.0,-116.0,-22.0,22.0,90.0,41.0,65.0
50.0,-18.0,-76.0,-12.0,3.0,51.0,8.0,39.0
25.0,-36.0,-35.0,-2.0,-16.0,10.0,-24.0,12.0
-1.0,-53.0,-4.0,1.0,-38.0,-30.0,-60.0,-15.0
-29.0,-77.0,3.0,1.0,-60.0,-77.0,-98.0,-46.0
-56.0,-92.0,4.0,1.0,-79.0,-116.0,-131.0,-72.0
-75.0,-82.0,5.0,1.0,-91.0,-131.0,-145.0,-86.0
-79.0,-65.0,4.0,1.0,-95.0,-128.0,-144.0,-87.0
-70.0,-54.0,5.0,2.0,-86.0,-111.0,-130.0,-76.0
-57.0,-40.0,5.0,2.0,-75.0,-86.0,-110.0,-60.0
-42.0,-28.0,4.0,1.0,-65.0,-64.0,-92.0,-46.0
-30.0,-20.0,4.0,1.0,-55.0,-46.0,-76.0,-33.0
-21.0,-12.0,5.0,2.0,-49.0,-32.0,-65.0,-24.0
-20.0,-10.0,5.0,2.0,-47.0,-29.0,-62.0,-21.0
-18.0,-11.0,3.0,1.0,-47.0,-30.0,-63.0,-22.0
-19.0,-11.0,4.0,1.0,-46.0,-29.0,-62.0,-21.0
-20.0,-10.0,4.0,2.0,-47.0,-29.0,-62.0,-22.0
-20.0,-9.0,4.0,1.0,-48.0,-29.0,-62.0,-23.0
-20.0,-10.0,5.0,1.0,-47.0,-29.0,-62.0,-22.0
-22.0,-8.0,6.0,2.0,-47.0,-28.0,-61.0,-22.0
-21.0,-8.0,5.0,1.0,-48.0,-29.0,-62.0,-23.0
-20.0,-10.0,4.0,1.0,-47.0,-29.0,-62.0,-22.0
-20.0,-9.0,5.0,2.0,-47.0,-28.0,-61.0,-22.0
-20.0,-9.0,5.0,2.0,-47.0,-29.0,-61.0,-22.0
-18.0,-11.0,3.0,1.0,-47.0,-30.0,-62.0,-22.0
-19.0,-11.0,4.0,2.0,-47.0,-29.0,-62.0,-21.0
-20.0,-10.0,4.0,2.0,-47.0,-29.0,-61.0,-21.0
-20.0,-9.0,4.0,1.0,-47.0,-29.0,-62.0,-22.0
-20.0,-9.0,4.0,1.0,-47.0,-29.0,-62.0,-22.0
-21.0,-8.0,5.0,2.0,-47.0,-28.0,-61.0,-22.0
-21.0,-8.0,5.0,2.0,-47.0,-28.0,-62.0,-22.0
-20.0,-9.0,4.0,2.0,-46.0,-28.0,-61.0,-22.0
-20.0,-10.0,5.0,2.0,-46.0,-28.0,-61.0,-21.0
-19.0,-10.0,4.0,2.0,-47.0,-28.0,-61.0,-21.0
-18.0,-11.0,3.0,1.0,-47.0,-29.0,-62.0,-22.0
-19.0,-10.0,4.0,2.0,-46.0,-29.0,-61.0,-21.0
-20.0,-10.0,4.0,1.0,-46.0,-29.0,-61.0,-22.0
-20.0,-10.0,4.0,1.0,-48.0,-29.0,-62.0,-22.0
-20.0,-9.0,4.0,2.0,-47.0,-29.0,-61.0,-22.0
-21.0,-9.0,5.0,2.0,-47.0,-28.0,-61.0,-22.0
-21.0,-9.0,5.0,2.0,-48.0,-29.0,-61.0,-22.0
-20.0,-9.0,4.0,1.0,-47.0,-29.0,-61.0,-22.0
-20.0,-9.0,4.0,2.0,-46.0,-28.0,-60.0,-21.0
-19.0,-9.0,4.0,2.0,-46.0,-28.0,-60.0,-21.0
-18.0,-11.0,3.0,1.0,-46.0,-29.0,-61.0,-21.0
-18.0,-10.0,4.0,1.0,-46.0,-29.0,-60.0,-21.0
-19.0,-10.0,4.0,1.0,-46.0,-28.0,-61.0,-22.0
-20.0,-10.0,4.0,1.0,-47.0,-29.0,-61.0,-22.0
-20.0,-9.0,4.0,1.0,-46.0,-29.0,-61.0,-22.0
-21.0,-8.0,5.0,2.0,-47.0,-28.0,-60.0,-22.0
-21.0,-8.0,4.0,2.0,-48.0,-28.0,-61.0,-22.0
-20.0,-9.0,4.0,1.0,-47.0,-29.0,-61.0,-21.0
-19.0,-9.0,5.0,2.0,-46.0,-27.0,-59.0,-21.0
-17.0,-8.0,8.0,2.0,-45.0,-25.0,-57.0,-19.0
-15.0,-8.0,8.0,2.0,-44.0,-24.0,-57.0,-18.0
-15.0,-8.0,9.0,3.0,-42.0,-23.0,-56.0,-17.0
-14.0,-6.0,12.0,4.0,-41.0,-20.0,-53.0,-16.0
-13.0,-6.0,13.0,3.0,-41.0,-19.0,-53.0,-16.0
-12.0,-8.0,14.0,4.0,-40.0,-18.0,-52.0,-14.0
-12.0,-7.0,16.0,4.0,-40.0,-17.0,-51.0,-14.0
-12.0,-7.0,15.0,4.0,-40.0,-18.0,-51.0,-14.0
-10.0,-8.0,16.0,4.0,-40.0,-17.0,-50.0,-13.0
-9.0,-7.0,18.0,5.0,-38.0,-14.0,-48.0,-11.0
-8.0,-7.0,19.0,5.0,-38.0,-13.0,-47.0,-10.0
-7.0,-8.0,18.0,5.0,-37.0,-14.0,-47.0,-10.0
-6.0,-9.0,19.0,5.0,-36.0,-13.0,-46.0,-9.0
-6.0,-9.0,21.0,5.0,-35.0,-11.0,-45.0,-9.0
-6.0,-8.0,22.0,5.0,-35.0,-11.0,-45.0,-9.0
-5.0,-5.0,24.0,6.0,-35.0,-9.0,-44.0,-8.0
-6.0,-5.0,26.0,7.0,-34.0,-8.0,-42.0,-7.0
-4.0,-6.0,26.0,6.0,-34.0,-7.0,-42.0,-7.0
-3.0,-7.0,25.0,6.0,-33.0,-7.0,-42.0,-6.0
-1.0,-7.0,27.0,7.0,-32.0,-4.0,-40.0,-4.0
0.0,-5.0,31.0,7.0,-30.0,-1.0,-37.0,-2.0
5.0,-5.0,35.0,8.0,-27.0,2.0,-33.0,0.0
7.0,-2.0,39.0,9.0,-25.0,7.0,-29.0,4.0
8.0,0.0,43.0,11.0,-24.0,9.0,-27.0,5.0
8.0,0.0,45.0,11.0,-23.0,11.0,-26.0,6.0
11.0,2.0,49.0,12.0,-21.0,15.0,-22.0,9.0
13.0,5.0,55.0,13.0,-19.0,20.0,-18.0,12.0
16.0,6.0,59.0,14.0,-17.0,24.0,-14.0,15.0
20.0,7.0,62.0,15.0,-14.0,28.0,-11.0,18.0
23.0,7.0,65.0,16.0,-12.0,32.0,-8.0,20.0
26.0,7.0,69.0,16.0,-10.0,35.0,-5.0,23.0
30.0,8.0,73.0,17.0,-7.0,39.0,-2.0,26.0
33.0,9.0,77.0,19.0,-4.0,44.0,2.0,29.0
35.0,12.0,82.0,20.0,-3.0,48.0,5.0,32.0
37.0,14.0,86.0,21.0,-2.0,52.0,8.0,34.0
40.0,13.0,89.0,22.0,0.0,55.0,11.0,36.0
41.0,15.0,93.0,23.0,2.0,59.0,14.0,39.0
43.0,15.0,95.0,23.0,2.0,60.0,15.0,40.0
45.0,15.0,97.0,23.0,4.0,63.0,17.0,42.0
47.0,15.0,98.0,24.0,5.0,64.0,19.0,43.0
49.0,13.0,99.0,23.0,6.0,66.0,21.0,44.0
50.0,12.0,98.0,23.0,7.0,65.0,20.0,45.0
51.0,12.0,100.0,23.0,8.0,66.0,21.0,46.0
51.0,15.0,103.0,24.0,8.0,68.0,23.0,47.0
52.0,15.0,103.0,24.0,8.0,69.0,23.0,47.0
52.0,15.0,104.0,24.0,9.0,69.0,24.0,47.0
50.0,16.0,104.0,24.0,8.0,69.0,24.0,47.0
48.0,14.0,101.0,24.0,6.0,66.0,21.0,45.0
48.0,13.0,99.0,23.0,6.0,65.0,20.0,44.0
48.0,10.0,97.0,22.0,6.0,63.0,19.0,44.0
47.0,10.0,95.0,22.0,5.0,61.0,17.0,42.0
47.0,7.0,91.0,21.0,4.0,58.0,14.0,40.0
45.0,6.0,90.0,20.0,3.0,56.0,13.0,39.0
42.0,6.0,88.0,20.0,3.0,54.0,12.0,37.0
31.0,-2.0,69.0,15.0,-7.0,36.0,-3.0,25.0
29.0,-4.0,65.0,14.0,-9.0,32.0,-6.0,23.0
28.0,-8.0,60.0,12.0,-10.0,27.0,-10.0,20.0
26.0,-12.0,56.0,12.0,-11.0,24.0,-12.0,19.0
22.0,-13.0,53.0,11.0,-13.0,20.0,-16.0,15.0
19.0,-13.0,49.0,9.0,-16.0,16.0,-19.0,12.0
17.0,-10.0,48.0,10.0,-17.0,15.0,-21.0,11.0
13.0,-8.0,45.0,10.0,-20.0,12.0,-23.0,9.0
11.0,-9.0,42.0,9.0,-22.0,9.0,-26.0,6.0
11.0,-11.0,40.0,8.0,-22.0,7.0,-27.0,5.0
9.0,-12.0,38.0,8.0,-23.0,5.0,-29.0,4.0
8.0,-11.0,36.0,7.0,-24.0,4.0,-30.0,3.0
7.0,-11.0,32.0,6.0,-26.0,1.0,-33.0,0.0
5.0,-12.0,30.0,6.0,-26.0,0.0,-34.0,0.0
3.0,-11.0,30.0,7.0,-27.0,-1.0,-35.0,0.0
1.0,-11.0,27.0,5.0,-29.0,-4.0,-37.0,-3.0
0.0,-11.0,25.0,5.0,-30.0,-6.0,-39.0,-5.0
-3.0,-9.0,25.0,6.0,-31.0,-6.0,-39.0,-5.0
-4.0,-8.0,24.0,5.0,-33.0,-7.0,-41.0,-7.0
-4.0,-10.0,21.0,5.0,-33.0,-10.0,-43.0,-8.0
-5.0,-10.0,19.0,4.0,-34.0,-12.0,-44.0,-9.0
-6.0,-10.0,18.0,4.0,-35.0,-13.0,-45.0,-9.0
-5.0,-13.0,15.0,3.0,-35.0,-15.0,-47.0,-10.0
-7.0,-13.0,14.0,3.0,-35.0,-16.0,-48.0,-11.0
-9.0,-11.0,14.0,3.0,-37.0,-17.0,-48.0,-12.0
-11.0,-10.0,11.0,2.0,-39.0,-19.0,-51.0,-15.0
-14.0,-10.0,9.0,2.0,-41.0,-22.0,-54.0,-17.0
-16.0,-9.0,8.0,3.0,-42.0,-23.0,-54.0,-17.0
-18.0,-7.0,7.0,2.0,-44.0,-24.0,-56.0,-19.0
-18.0,-7.0,5.0,2.0,-44.0,-25.0,-56.0,-19.0
-17.0,-7.0,6.0,3.0,-43.0,-25.0,-55.0,-19.0
-18.0,-7.0,5.0,2.0,-43.0,-25.0,-55.0,-19.0
-18.0,-10.0,1.0,0.0,-44.0,-28.0,-59.0,-21.0
-19.0,-11.0,1.0,0.0,-44.0,-29.0,-59.0,-22.0
-20.0,-9.0,1.0,1.0,-45.0,-29.0,-59.0,-21.0
-20.0,-9.0,1.0,1.0,-45.0,-29.0,-60.0,-22.0
-20.0,-9.0,2.0,1.0,-45.0,-29.0,-60.0,-23.0
-21.0,-9.0,2.0,1.0,-45.0,-29.0,-59.0,-22.0
-21.0,-8.0,2.0,1.0,-46.0,-29.0,-59.0,-22.0
-21.0,-9.0,1.0,1.0,-46.0,-29.0,-59.0,-22.0
-20.0,-9.0,2.0,1.0,-45.0,-29.0,-59.0,-21.0
-20.0,-9.0,2.0,1.0,-45.0,-29.0,-59.0,-21.0
-19.0,-10.0,0.0,0.0,-45.0,-29.0,-60.0,-22.0
-19.0,-10.0,1.0,0.0,-44.0,-29.0,-59.0,-21.0
-20.0,-9.0,2.0,1.0,-44.0,-29.0,-58.0,-21.0
-20.0,-9.0,1.0,0.0,-45.0,-29.0,-59.0,-22.0
-20.0,-9.0,2.0,0.0,-45.0,-29.0,-59.0,-22.0
-21.0,-8.0,3.0,1.0,-44.0,-28.0,-58.0,-21.0
-21.0,-8.0,3.0,1.0,-45.0,-29.0,-59.0,-22.0
-20.0,-9.0,1.0,1.0,-45.0,-29.0,-59.0,-22.0
-20.0,-9.0,1.0,1.0,-45.0,-29.0,-59.0,-21.0
-20.0,-9.0,2.0,1.0,-44.0,-28.0,-58.0,-21.0
-19.0,-10.0,0.0,0.0,-44.0,-29.0,-59.0,-22.0
-19.0,-10.0,1.0,0.0,-43.0,-29.0,-58.0,-21.0
-20.0,-9.0,2.0,1.0,-44.0,-29.0,-58.0,-21.0
-20.0,-9.0,1.0,1.0,-45.0,-29.0,-59.0,-22.0
-20.0,-9.0,1.0,1.0,-45.0,-29.0,-59.0,-22.0
-21.0,-9.0,2.0,1.0,-45.0,-29.0,-58.0,-22.0
-21.0,-8.0,2.0,1.0,-45.0,-29.0,-59.0,-22.0
-20.0,-9.0,1.0,1.0,-45.0,-29.0,-59.0,-22.0
-20.0,-9.0,1.0,1.0,-44.0,-28.0,-58.0,-21.0
-20.0,-9.0,1.0,1.0,-44.0,-28.0,-58.0,-21.0
-19.0,-10.0,0.0,1.0,-44.0,-29.0,-59.0,-21.0
-18.0,-10.0,0.0,0.0,-44.0,-29.0,-58.0,-21.0
-20.0,-9.0,2.0,1.0,-44.0,-28.0,-58.0,-21.0
-20.0,-9.0,1.0,1.0,-44.0,-29.0,-58.0,-22.0
-20.0,-9.0,1.0,1.0,-44.0,-29.0,-58.0,-22.0
-21.0,-8.0,2.0,1.0,-44.0,-28.0,-58.0,-21.0
-21.0,-8.0,2.0,1.0,-45.0,-29.0,-58.0,-22.0
-20.0,-9.0,1.0,1.0,-44.0,-29.0,-58.0,-22.0
-20.0,-9.0,1.0,1.0,-44.0,-28.0,-58.0,-21.0
-19.0,-9.0,1.0,1.0,-44.0,-28.0,-57.0,-21.0
-19.0,-9.0,1.0,1.0,-44.0,-29.0,-58.0,-21.0
-18.0,-11.0,1.0,1.0,-43.0,-28.0,-58.0,-21.0
-19.0,-9.0,2.0,1.0,-43.0,-28.0,-57.0,-21.0
-20.0,-9.0,1.0,1.0,-45.0,-29.0,-58.0,-21.0
-20.0,-8.0,1.0,1.0,-44.0,-29.0,-58.0,-22.0
-21.0,-8.0,2.0,1.0,-44.0,-28.0,-58.0,-21.0
-21.0,-8.0,2.0,1.0,-45.0,-28.0,-58.0,-22.0
-20.0,-9.0,1.0,0.0,-45.0,-29.0,-58.0,-22.0
-20.0,-9.0,2.0,1.0,-44.0,-28.0,-57.0,-21.0
-20.0,-9.0,2.0,1.0,-43.0,-28.0,-57.0,-21.0
-19.0,-10.0,1.0,0.0,-43.0,-28.0,-58.0,-22.0
-18.0,-10.0,1.0,0.0,-43.0,-28.0,-57.0,-21.0
-19.0,-9.0,2.0,1.0,-43.0,-28.0,-57.0,-21.0
-20.0,-9.0,2.0,1.0,-44.0,-28.0,-58.0,-21.0
-19.0,-9.0,1.0,1.0,-44.0,-28.0,-58.0,-22.0
-21.0,-8.0,2.0,1.0,-44.0,-28.0,-57.0,-21.0
-21.0,-7.0,2.0,1.0,-45.0,-28.0,-58.0,-22.0
-20.0,-9.0,1.0,0.0,-44.0,-28.0,-57.0,-22.0
-19.0,-9.0,1.0,0.0,-44.0,-28.0,-57.0,-21.0
-19.0,-9.0,1.0,0.0,-44.0,-28.0,-57.0,-21.0
-19.0,-10.0,1.0,0.0,-44.0,-29.0,-57.0,-21.0
-18.0,-10.0,1.0,0.0,-43.0,-28.0,-57.0,-21.0
-19.0,-10.0,1.0,1.0,-42.0,-27.0,-57.0,-21.0
-20.0,-9.0,1.0,0.0,-44.0,-28.0,-58.0,-22.0
-20.0,-9.0,1.0,1.0,-44.0,-28.0,-57.0,-21.0
-21.0,-8.0,2.0,1.0,-44.0,-28.0,-57.0,-21.0
-21.0,-8.0,2.0,1.0,-44.0,-27.0,-57.0,-22.0
-20.0,-9.0,1.0,1.0,-44.0,-28.0,-57.0,-22.0
-19.0,-9.0,2.0,1.0,-43.0,-28.0,-57.0,-21.0
-19.0,-9.0,1.0,1.0,-43.0,-27.0,-57.0,-21.0
-18.0,-10.0,0.0,0.0,-43.0,-28.0,-57.0,-21.0
-18.0,-10.0,0.0,0.0,-42.0,-28.0,-57.0,-21.0
-19.0,-9.0,1.0,1.0,-42.0,-28.0,-56.0,-21.0
-19.0,-9.0,1.0,0.0,-43.0,-28.0,-57.0,-21.0
-20.0,-9.0,1.0,1.0,-43.0,-28.0,-57.0,-21.0
-20.0,-8.0,2.0,1.0,-43.0,-28.0,-57.0,-21.0
-21.0,-8.0,3.0,1.0,-44.0,-28.0,-57.0,-21.0
-20.0,-8.0,1.0,0.0,-44.0,-28.0,-57.0,-21.0
-19.0,-9.0,2.0,1.0,-43.0,-27.0,-56.0,-21.0
-19.0,-9.0,2.0,1.0,-43.0,-27.0,-56.0,-20.0
-18.0,-10.0,1.0,0.0,-43.0,-28.0,-57.0,-21.0
-18.0,-10.0,1.0,0.0,-43.0,-28.0,-57.0,-20.0
-19.0,-9.0,2.0,1.0,-42.0,-27.0,-56.0,-20.0
-19.0,-9.0,2.0,1.0,-43.0,-28.0,-57.0,-21.0
-19.0,-9.0,1.0,1.0,-43.0,-28.0,-57.0,-21.0
-20.0,-8.0,2.0,1.0,-43.0,-27.0,-56.0,-21.0
-21.0,-8.0,2.0,1.0,-44.0,-27.0,-56.0,-21.0
-20.0,-9.0,1.0,1.0,-43.0,-28.0,-56.0,-21.0
-19.0,-9.0,1.0,1.0,-42.0,-27.0,-56.0,-20.0
-19.0,-9.0,1.0,1.0,-42.0,-27.0,-56.0,-20.0
-18.0,-9.0,0.0,0.0,-42.0,-28.0,-56.0,-20.0
-17.0,-10.0,0.0,0.0,-42.0,-28.0,-56.0,-20.0
-19.0,-9.0,2.0,1.0,-42.0,-27.0,-56.0,-21.0
-19.0,-9.0,1.0,0.0,-43.0,-28.0,-57.0,-21.0
-19.0,-9.0,1.0,1.0,-43.0,-28.0,-57.0,-21.0
-20.0,-8.0,2.0,1.0,-43.0,-27.0,-56.0,-21.0
-21.0,-8.0,2.0,1.0,-43.0,-27.0,-56.0,-21.0
-20.0,-8.0,1.0,1.0,-43.0,-28.0,-56.0,-22.0
-19.0,-8.0,1.0,1.0,-42.0,-27.0,-56.0,-20.0
-19.0,-9.0,2.0,1.0,-42.0,-27.0,-55.0,-20.0
-18.0,-9.0,1.0,0.0,-42.0,-28.0,-56.0,-21.0
-18.0,-10.0,0.0,0.0,-42.0,-28.0,-56.0,-20.0
-19.0,-9.0,1.0,1.0,-42.0,-27.0,-55.0,-20.0
-19.0,-8.0,1.0,1.0,-42.0,-27.0,-56.0,-21.0
-19.0,-9.0,1.0,0.0,-42.0,-27.0,-56.0,-21.0
-20.0,-8.0,2.0,1.0,-42.0,-27.0,-56.0,-20.0
-20.0,-7.0,2.0,1.0,-44.0,-27.0,-56.0,-21.0
-19.0,-8.0,1.0,1.0,-43.0,-28.0,-56.0,-21.0
-19.0,-9.0,1.0,1.0,-42.0,-27.0,-55.0,-20.0
-19.0,-9.0,1.0,1.0,-42.0,-27.0,-55.0,-20.0
-18.0,-10.0,0.0,1.0,-42.0,-28.0,-55.0,-21.0
-18.0,-10.0,0.0,0.0,-41.0,-28.0,-55.0,-20.0
-19.0,-9.0,1.0,1.0,-41.0,-27.0,-55.0,-20.0
-19.0,-9.0,1.0,0.0,-42.0,-28.0,-56.0,-21.0
-19.0,-9.0,1.0,0.0,-42.0,-28.0,-56.0,-21.0
-20.0,-8.0,2.0,1.0,-42.0,-27.0,-55.0,-20.0
-20.0,-8.0,2.0,1.0,-43.0,-27.0,-55.0,-21.0
-19.0,-8.0,1.0,1.0,-42.0,-27.0,-55.0,-21.0
-19.0,-9.0,1.0,1.0,-42.0,-27.0,-55.0,-20.0
-18.0,-9.0,2.0,1.0,-42.0,-27.0,-54.0,-20.0
-18.0,-9.0,1.0,0.0,-42.0,-27.0,-55.0,-21.0
-17.0,-10.0,0.0,0.0,-41.0,-28.0,-55.0,-20.0
-18.0,-9.0,1.0,1.0,-41.0,-27.0,-55.0,-20.0
-19.0,-9.0,1.0,0.0,-42.0,-27.0,-55.0,-21.0
-19.0,-9.0,1.0,1.0,-42.0,-27.0,-55.0,-21.0
-19.0,-8.0,2.0,1.0,-42.0,-27.0,-55.0,-21.0
-20.0,-7.0,2.0,1.0,-42.0,-26.0,-55.0,-21.0
-20.0,-8.0,1.0,1.0,-42.0,-27.0,-55.0,-20.0
-19.0,-9.0,1.0,1.0,-41.0,-27.0,-54.0,-20.0
-19.0,-9.0,1.0,1.0,-41.0,-26.0,-54.0,-20.0
-18.0,-9.0,0.0,0.0,-42.0,-27.0,-55.0,-20.0
-17.0,-10.0,1.0,0.0,-41.0,-27.0,-55.0,-20.0
-18.0,-8.0,1.0,1.0,-41.0,-26.0,-54.0,-19.0
-19.0,-8.0,1.0,0.0,-42.0,-27.0,-55.0,-20.0
-19.0,-9.0,1.0,1.0,-42.0,-27.0,-55.0,-21.0
-19.0,-8.0,2.0,1.0,-42.0,-27.0,-55.0,-20.0
-20.0,-8.0,2.0,1.0,-42.0,-26.0,-55.0,-20.0
-19.0,-8.0,2.0,1.0,-42.0,-27.0,-55.0,-20.0
-18.0,-8.0,1.0,1.0,-41.0,-27.0,-54.0,-20.0
-18.0,-9.0,1.0,1.0,-41.0,-27.0,-54.0,-20.0
-18.0,-9.0,1.0,0.0,-41.0,-27.0,-54.0,-20.0
-17.0,-10.0,0.0,0.0,-41.0,-27.0,-54.0,-20.0
-18.0,-9.0,1.0,0.0,-41.0,-27.0,-54.0,-20.0
-18.0,-9.0,1.0,0.0,-42.0,-27.0,-55.0,-20.0
-19.0,-9.0,1.0,0.0,-41.0,-27.0,-55.0,-20.0
-20.0,-8.0,2.0,1.0,-41.0,-26.0,-54.0,-20.0
-20.0,-7.0,2.0,1.0,-42.0,-26.0,-54.0,-20.0
-19.0,-8.0,1.0,0.0,-42.0,-27.0,-54.0,-20.0
-18.0,-8.0,1.0,0.0,-41.0,-27.0,-54.0,-20.0
-18.0,-8.0,2.0,1.0,-41.0,-26.0,-53.0,-19.0
-17.0,-8.0,2.0,1.0,-40.0,-25.0,-52.0,-19.0
-13.0,-7.0,6.0,1.0,-37.0,-21.0,-49.0,-16.0
-13.0,-5.0,10.0,3.0,-36.0,-18.0,-46.0,-14.0
-12.0,-4.0,12.0,3.0,-36.0,-16.0,-45.0,-13.0
-9.0,-4.0,15.0,4.0,-34.0,-13.0,-42.0,-11.0
-6.0,-5.0,19.0,4.0,-31.0,-9.0,-39.0,-8.0
-4.0,-5.0,23.0,6.0,-29.0,-6.0,-36.0,-5.0
-1.0,-5.0,24.0,6.0,-28.0,-4.0,-34.0,-4.0
1.0,-6.0,27.0,6.0,-25.0,-1.0,-31.0,-1.0
2.0,-7.0,29.0,6.0,-24.0,0.0,-30.0,0.0
4.0,-5.0,30.0,7.0,-24.0,2.0,-29.0,0.0
5.0,-4.0,30.0,7.0,-23.0,2.0,-28.0,1.0
5.0,-5.0,32.0,7.0,-21.0,4.0,-27.0,2.0
5.0,-5.0,33.0,7.0,-22.0,4.0,-27.0,2.0
5.0,-5.0,33.0,7.0,-22.0,4.0,-27.0,2.0
5.0,-5.0,33.0,8.0,-22.0,4.0,-26.0,2.0
4.0,-4.0,34.0,8.0,-23.0,5.0,-26.0,2.0
5.0,-5.0,33.0,7.0,-22.0,3.0,-27.0,2.0
6.0,-8.0,31.0,7.0,-22.0,2.0,-27.0,2.0
6.0,-10.0,31.0,7.0,-22.0,2.0,-27.0,2.0
6.0,-11.0,30.0,6.0,-22.0,2.0,-28.0,1.0
7.0,-11.0,29.0,6.0,-22.0,1.0,-28.0,1.0
4.0,-9.0,29.0,6.0,-23.0,1.0,-29.0,1.0
3.0,-8.0,28.0,6.0,-24.0,0.0,-30.0,0.0
3.0,-7.0,28.0,6.0,-24.0,0.0,-30.0,0.0
2.0,-7.0,28.0,6.0,-24.0,0.0,-31.0,0.0
0.0,-7.0,26.0,6.0,-26.0,-2.0,-32.0,-2.0
0.0,-8.0,24.0,5.0,-27.0,-3.0,-33.0,-3.0
0.0,-9.0,24.0,5.0,-26.0,-4.0,-33.0,-3.0
-1.0,-10.0,21.0,5.0,-27.0,-6.0,-36.0,-4.0
-2.0,-11.0,19.0,4.0,-29.0,-9.0,-37.0,-6.0
-2.0,-10.0,16.0,3.0,-30.0,-10.0,-39.0,-7.0
-5.0,-9.0,17.0,4.0,-30.0,-10.0,-39.0,-7.0
-7.0,-10.0,14.0,3.0,-32.0,-13.0,-42.0,-10.0
-8.0,-9.0,12.0,2.0,-33.0,-15.0,-43.0,-11.0
-11.0,-7.0,11.0,3.0,-34.0,-16.0,-44.0,-13.0
-13.0,-6.0,11.0,3.0,-35.0,-17.0,-45.0,-13.0
-14.0,-8.0,7.0,1.0,-37.0,-20.0,-48.0,-16.0
-15.0,-7.0,5.0,1.0,-38.0,-22.0,-49.0,-17.0
-16.0,-7.0,4.0,2.0,-38.0,-23.0,-50.0,-17.0
-17.0,-9.0,1.0,1.0,-40.0,-26.0,-52.0,-19.0
-16.0,-10.0,0.0,0.0,-40.0,-27.0,-53.0,-20.0
-17.0,-9.0,0.0,1.0,-39.0,-26.0,-53.0,-19.0
-18.0,-8.0,0.0,1.0,-41.0,-27.0,-54.0,-20.0
-18.0,-8.0,1.0,1.0,-40.0,-27.0,-53.0,-20.0
-19.0,-8.0,1.0,1.0,-40.0,-26.0,-53.0,-20.0
-20.0,-7.0,2.0,2.0,-41.0,-26.0,-53.0,-20.0
-19.0,-8.0,1.0,1.0,-41.0,-26.0,-53.0,-20.0
-18.0,-8.0,1.0,1.0,-40.0,-26.0,-53.0,-19.0
-18.0,-8.0,1.0,1.0,-40.0,-25.0,-52.0,-19.0
-18.0,-9.0,0.0,1.0,-40.0,-26.0,-52.0,-20.0
-17.0,-9.0,0.0,0.0,-39.0,-26.0,-53.0,-20.0
-17.0,-9.0,0.0,1.0,-39.0,-26.0,-52.0,-19.0
-18.0,-8.0,0.0,0.0,-40.0,-26.0,-53.0,-20.0
-18.0,-8.0,0.0,0.0,-40.0,-26.0,-53.0,-20.0
-19.0,-8.0,1.0,0.0,-40.0,-26.0,-53.0,-20.0
-20.0,-7.0,2.0,1.0,-41.0,-26.0,-52.0,-20.0
-19.0,-7.0,1.0,1.0,-41.0,-26.0,-53.0,-20.0
-18.0,-8.0,1.0,1.0,-40.0,-26.0,-52.0,-19.0
-18.0,-8.0,1.0,1.0,-40.0,-26.0,-52.0,-19.0
-18.0,-9.0,0.0,1.0,-40.0,-26.0,-52.0,-19.0
-17.0,-10.0,0.0,0.0,-39.0,-26.0,-53.0,-19.0
-17.0,-8.0,0.0,1.0,-38.0,-26.0,-52.0,-19.0
-18.0,-8.0,1.0,0.0,-40.0,-26.0,-52.0,-20.0
-18.0,-8.0,1.0,0.0,-40.0,-26.0,-53.0,-20.0
-19.0,-8.0,1.0,1.0,-40.0,-26.0,-52.0,-20.0
-20.0,-7.0,2.0,1.0,-40.0,-26.0,-52.0,-20.0
-19.0,-8.0,1.0,0.0,-40.0,-26.0,-52.0,-20.0
-18.0,-8.0,0.0,1.0,-40.0,-26.0,-52.0,-20.0
-18.0,-8.0,1.0,1.0,-39.0,-26.0,-52.0,-19.0
-17.0,-8.0,0.0,0.0,-39.0,-26.0,-52.0,-19.0
-16.0,-10.0,0.0,0.0,-39.0,-27.0,-53.0,-19.0
-17.0,-9.0,0.0,0.0,-39.0,-26.0,-52.0,-19.0
-18.0,-8.0,1.0,0.0,-39.0,-26.0,-52.0,-20.0
-18.0,-8.0,1.0,0.0,-39.0,-26.0,-52.0,-20.0
-19.0,-8.0,1.0,0.0,-39.0,-26.0,-52.0,-20.0
-21.0,-7.0,3.0,1.0,-41.0,-28.0,-53.0,-21.0
-26.0,-9.0,10.0,2.0,-46.0,-36.0,-60.0,-27.0
-29.0,-14.0,17.0,5.0,-48.0,-43.0,-66.0,-31.0
-35.0,-16.0,25.0,6.0,-52.0,-50.0,-71.0,-36.0
-39.0,-16.0,30.0,7.0,-55.0,-55.0,-76.0,-40.0
-37.0,-10.0,25.0,5.0,-54.0,-51.0,-74.0,-38.0
-32.0,-1.0,15.0,2.0,-49.0,-40.0,-64.0,-30.0
-23.0,11.0,-3.0,-2.0,-41.0,-21.0,-49.0,-19.0
-6.0,36.0,-38.0,-12.0,-27.0,11.0,-22.0,0.0
16.0,61.0,-78.0,-23.0,-8.0,52.0,10.0,26.0
40.0,84.0,-119.0,-33.0,11.0,94.0,45.0,54.0
67.0,105.0,-162.0,-45.0,30.0,135.0,79.0,81.0
93.0,126.0,-205.0,-56.0,51.0,176.0,114.0,109.0
119.0,148.0,-247.0,-67.0,72.0,218.0,149.0,137.0
145.0,168.0,-289.0,-78.0,92.0,259.0,182.0,164.0
172.0,182.0,-328.0,-88.0,112.0,297.0,214.0,190.0
197.0,188.0,-360.0,-94.0,131.0,330.0,243.0,214.0
218.0,188.0,-386.0,-99.0,146.0,355.0,265.0,233.0
234.0,190.0,-407.0,-104.0,158.0,376.0,283.0,247.0
245.0,194.0,-422.0,-107.0,166.0,391.0,295.0,258.0
250.0,190.0,-426.0,-107.0,170.0,396.0,300.0,262.0
254.0,178.0,-424.0,-106.0,171.0,393.0,298.0,261.0
251.0,168.0,-416.0,-103.0,169.0,384.0,292.0,258.0
243.0,159.0,-401.0,-99.0,163.0,371.0,282.0,249.0
232.0,149.0,-383.0,-94.0,154.0,352.0,266.0,237.0
220.0,135.0,-361.0,-88.0,143.0,328.0,246.0,221.0
202.0,118.0,-329.0,-79.0,130.0,298.0,222.0,202.0
180.0,97.0,-292.0,-69.0,112.0,262.0,192.0,178.0
155.0,75.0,-251.0,-59.0,92.0,221.0,158.0,151.0
129.0,51.0,-207.0,-47.0,72.0,178.0,122.0,123.0
102.0,24.0,-160.0,-34.0,51.0,134.0,86.0,95.0
77.0,0.0,-117.0,-23.0,30.0,91.0,50.0,66.0
52.0,-17.0,-77.0,-13.0,11.0,51.0,18.0,40.0
26.0,-36.0,-36.0,-2.0,-8.0,11.0,-15.0,13.0
-1.0,-53.0,-4.0,1.0,-30.0,-29.0,-51.0,-14.0
-28.0,-77.0,3.0,1.0,-52.0,-76.0,-89.0,-45.0
-55.0,-92.0,5.0,2.0,-71.0,-115.0,-121.0,-71.0
-74.0,-82.0,5.0,1.0,-85.0,-131.0,-137.0,-86.0
-79.0,-65.0,4.0,1.0,-87.0,-128.0,-136.0,-86.0
-70.0,-54.0,5.0,2.0,-80.0,-112.0,-122.0,-76.0
-57.0,-40.0,6.0,2.0,-69.0,-87.0,-102.0,-60.0
-43.0,-29.0,5.0,2.0,-59.0,-65.0,-84.0,-46.0
-30.0,-20.0,5.0,1.0,-49.0,-47.0,-68.0,-33.0
-22.0,-12.0,5.0,2.0,-42.0,-32.0,-56.0,-23.0
-19.0,-10.0,5.0,2.0,-40.0,-29.0,-53.0,-21.0
-18.0,-11.0,4.0,1.0,-40.0,-29.0,-54.0,-21.0
-19.0,-10.0,5.0,2.0,-39.0,-29.0,-53.0,-21.0
-20.0,-9.0,5.0,2.0,-40.0,-29.0,-53.0,-21.0
-20.0,-10.0,5.0,1.0,-40.0,-29.0,-54.0,-22.0
-20.0,-9.0,5.0,2.0,-40.0,-29.0,-54.0,-22.0
-21.0,-8.0,6.0,2.0,-41.0,-29.0,-53.0,-22.0
-21.0,-9.0,5.0,1.0,-41.0,-29.0,-54.0,-22.0
-20.0,-9.0,5.0,2.0,-40.0,-29.0,-53.0,-21.0
-20.0,-10.0,5.0,2.0,-40.0,-28.0,-53.0,-21.0
-20.0,-10.0,4.0,2.0,-40.0,-29.0,-53.0,-21.0
-18.0,-11.0,3.0,1.0,-40.0,-29.0,-54.0,-21.0
-19.0,-10.0,5.0,2.0,-39.0,-29.0,-53.0,-21.0
-20.0,-9.0,5.0,2.0,-40.0,-29.0,-54.0,-22.0
-20.0,-10.0,5.0,1.0,-40.0,-29.0,-54.0,-22.0
-20.0,-9.0,5.0,2.0,-40.0,-29.0,-54.0,-22.0
-21.0,-8.0,6.0,2.0,-40.0,-29.0,-53.0,-21.0
-21.0,-9.0,5.0,1.0,-41.0,-29.0,-53.0,-22.0
-20.0,-10.0,5.0,1.0,-40.0,-29.0,-53.0,-21.0
-20.0,-9.0,5.0,2.0,-39.0,-28.0,-53.0,-21.0
-19.0,-9.0,5.0,2.0,-40.0,-28.0,-53.0,-21.0
-18.0,-11.0,4.0,1.0,-39.0,-29.0,-53.0,-21.0
-19.0,-10.0,5.0,1.0,-39.0,-29.0,-53.0,-21.0
-20.0,-9.0,5.0,1.0,-40.0,-29.0,-53.0,-22.0
-20.0,-9.0,5.0,1.0,-40.0,-29.0,-54.0,-22.0
-20.0,-9.0,5.0,2.0,-40.0,-29.0,-53.0,-21.0
-21.0,-8.0,6.0,2.0,-40.0,-28.0,-52.0,-21.0
-21.0,-9.0,5.0,2.0,-41.0,-29.0,-53.0,-22.0
-19.0,-10.0,5.0,1.0,-40.0,-29.0,-53.0,-21.0
-20.0,-10.0,5.0,2.0,-39.0,-28.0,-52.0,-20.0
-20.0,-10.0,5.0,2.0,-39.0,-28.0,-53.0,-21.0
-18.0,-10.0,4.0,1.0,-39.0,-29.0,-53.0,-21.0
-18.0,-10.0,4.0,2.0,-39.0,-28.0,-53.0,-20.0
-19.0,-9.0,5.0,1.0,-39.0,-28.0,-53.0,-21.0
-20.0,-9.0,4.0,1.0,-40.0,-29.0,-53.0,-22.0
-20.0,-9.0,5.0,1.0,-40.0,-29.0,-53.0,-21.0
-21.0,-8.0,6.0,2.0,-40.0,-28.0,-53.0,-21.0
-21.0,-8.0,5.0,2.0,-40.0,-29.0,-53.0,-21.0
-19.0,-10.0,5.0,1.0,-39.0,-28.0,-53.0,-21.0
-19.0,-10.0,6.0,2.0,-38.0,-27.0,-51.0,-20.0
-17.0,-8.0,8.0,3.0,-37.0,-25.0,-49.0,-18.0
-16.0,-9.0,8.0,2.0,-37.0,-25.0,-49.0,-18.0
-16.0,-8.0,9.0,2.0,-35.0,-23.0,-47.0,-17.0
-15.0,-6.0,12.0,3.0,-35.0,-21.0,-46.0,-16.0
-13.0,-6.0,13.0,3.0,-35.0,-20.0,-45.0,-15.0
-12.0,-8.0,15.0,4.0,-33.0,-18.0,-44.0,-13.0
-13.0,-7.0,16.0,4.0,-33.0,-17.0,-42.0,-13.0
-12.0,-7.0,15.0,4.0,-34.0,-18.0,-43.0,-14.0
-11.0,-8.0,16.0,4.0,-33.0,-17.0,-42.0,-13.0
-9.0,-6.0,19.0,5.0,-31.0,-14.0,-39.0,-10.0
-8.0,-6.0,19.0,5.0,-31.0,-14.0,-40.0,-10.0
-7.0,-8.0,18.0,4.0,-30.0,-14.0,-40.0,-10.0
-6.0,-8.0,20.0,5.0,-29.0,-12.0,-39.0,-9.0
-6.0,-9.0,21.0,5.0,-29.0,-11.0,-37.0,-9.0
-6.0,-7.0,22.0,5.0,-29.0,-11.0,-37.0,-9.0
-6.0,-5.0,24.0,5.0,-28.0,-9.0,-36.0,-8.0
-6.0,-5.0,26.0,6.0,-28.0,-8.0,-34.0,-7.0
-4.0,-7.0,26.0,6.0,-28.0,-7.0,-34.0,-6.0
-2.0,-7.0,26.0,6.0,-26.0,-7.0,-33.0,-5.0
-1.0,-7.0,28.0,7.0,-25.0,-5.0,-32.0,-4.0
1.0,-5.0,32.0,7.0,-23.0,-1.0,-29.0,-1.0
4.0,-4.0,35.0,8.0,-21.0,1.0,-25.0,1.0
7.0,-2.0,40.0,9.0,-18.0,7.0,-21.0,4.0
7.0,0.0,43.0,10.0,-18.0,9.0,-20.0,5.0
9.0,0.0,45.0,10.0,-17.0,11.0,-18.0,6.0
11.0,2.0,50.0,12.0,-15.0,15.0,-14.0,9.0
13.0,5.0,55.0,14.0,-13.0,20.0,-10.0,12.0
16.0,7.0,59.0,14.0,-10.0,24.0,-7.0,15.0
20.0,7.0,62.0,15.0,-8.0,28.0,-3.0,18.0
23.0,7.0,66.0,16.0,-5.0,32.0,0.0,21.0
26.0,6.0,69.0,17.0,-3.0,35.0,2.0,23.0
30.0,7.0,73.0,17.0,-1.0,39.0,5.0,26.0
32.0,10.0,78.0,18.0,1.0,44.0,9.0,29.0
34.0,12.0,82.0,19.0,2.0,48.0,13.0,32.0
37.0,14.0,87.0,21.0,4.0,52.0,16.0,35.0
40.0,14.0,90.0,22.0,6.0,55.0,19.0,37.0
41.0,15.0,94.0,23.0,8.0,58.0,22.0,39.0
43.0,15.0,95.0,22.0,8.0,60.0,23.0,40.0
46.0,15.0,97.0,23.0,10.0,62.0,25.0,42.0
47.0,15.0,99.0,24.0,13.0,64.0,27.0,44.0
48.0,14.0,99.0,23.0,13.0,65.0,28.0,45.0
50.0,12.0,99.0,22.0,13.0,65.0,28.0,45.0
51.0,13.0,100.0,23.0,14.0,66.0,29.0,46.0
51.0,14.0,103.0,24.0,15.0,68.0,31.0,47.0
52.0,15.0,104.0,24.0,15.0,69.0,31.0,47.0
52.0,15.0,104.0,24.0,15.0,69.0,31.0,47.0
50.0,15.0,105.0,24.0,14.0,69.0,32.0,47.0
48.0,14.0,101.0,24.0,13.0,66.0,29.0,45.0
49.0,12.0,99.0,23.0,13.0,65.0,28.0,44.0
48.0,10.0,98.0,23.0,13.0,63.0,27.0,44.0
47.0,9.0,95.0,22.0,12.0,61.0,25.0,43.0
47.0,7.0,92.0,21.0,11.0,58.0,23.0,41.0
45.0,7.0,91.0,21.0,11.0,57.0,22.0,40.0
43.0,6.0,88.0,20.0,9.0,54.0,19.0,38.0
40.0,6.0,85.0,19.0,6.0,51.0,17.0,35.0
39.0,3.0,83.0,18.0,5.0,48.0,14.0,33.0
36.0,3.0,80.0,18.0,3.0,46.0,12.0,31.0
32.0,3.0,76.0,17.0,0.0,42.0,9.0,28.0
32.0,0.0,72.0,16.0,0.0,38.0,6.0,27.0
31.0,-2.0,70.0,15.0,0.0,36.0,4.0,26.0
29.0,-5.0,65.0,14.0,-2.0,32.0,1.0,23.0
28.0,-9.0,60.0,12.0,-3.0,27.0,-2.0,20.0
26.0,-11.0,57.0,11.0,-4.0,24.0,-4.0,19.0
22.0,-13.0,54.0,11.0,-7.0,20.0,-8.0,15.0
19.0,-13.0,50.0,10.0,-9.0,16.0,-11.0,12.0
16.0,-10.0,48.0,9.0,-11.0,14.0,-13.0,10.0
12.0,-8.0,46.0,10.0,-13.0,12.0,-15.0,9.0
11.0,-9.0,43.0,9.0,-15.0,9.0,-18.0,7.0
11.0,-11.0,40.0,8.0,-16.0,7.0,-19.0,6.0
9.0,-12.0,38.0,8.0,-16.0,5.0,-21.0,5.0
8.0,-11.0,37.0,8.0,-18.0,4.0,-22.0,3.0
6.0,-11.0,33.0,6.0,-20.0,1.0,-25.0,1.0
5.0,-12.0,31.0,7.0,-20.0,0.0,-26.0,1.0
2.0,-10.0,30.0,7.0,-21.0,-1.0,-27.0,0.0
1.0,-11.0,28.0,6.0,-23.0,-4.0,-30.0,-3.0
-1.0,-11.0,26.0,5.0,-24.0,-6.0,-32.0,-4.0
-3.0,-9.0,26.0,6.0,-25.0,-6.0,-32.0,-5.0
-4.0,-8.0,24.0,6.0,-26.0,-8.0,-33.0,-6.0
-4.0,-10.0,21.0,4.0,-27.0,-10.0,-35.0,-8.0
-5.0,-11.0,19.0,4.0,-27.0,-12.0,-36.0,-8.0
-6.0,-10.0,18.0,4.0,-29.0,-13.0,-37.0,-9.0
-6.0,-13.0,16.0,3.0,-29.0,-15.0,-39.0,-10.0
-7.0,-13.0,14.0,3.0,-29.0,-16.0,-40.0,-11.0
-10.0,-11.0,14.0,3.0,-31.0,-17.0,-41.0,-12.0
-11.0,-10.0,12.0,3.0,-32.0,-19.0,-43.0,-14.0
-14.0,-10.0,9.0,2.0,-34.0,-22.0,-45.0,-16.0
-17.0,-9.0,9.0,2.0,-35.0,-23.0,-46.0,-17.0
-18.0,-7.0,7.0,2.0,-37.0,-24.0,-48.0,-19.0
-18.0,-7.0,6.0,2.0,-37.0,-25.0,-48.0,-19.0
-18.0,-7.0,6.0,2.0,-36.0,-24.0,-48.0,-18.0
-18.0,-7.0,6.0,2.0,-36.0,-25.0,-48.0,-18.0
-18.0,-10.0,2.0,0.0,-38.0,-28.0,-51.0,-21.0
-19.0,-10.0,1.0,1.0,-37.0,-29.0,-52.0,-21.0
-20.0,-9.0,2.0,1.0,-38.0,-29.0,-51.0,-21.0
-20.0,-9.0,2.0,1.0,-39.0,-29.0,-52.0,-22.0
-20.0,-9.0,2.0,1.0,-39.0,-29.0,-52.0,-22.0
-22.0,-8.0,3.0,2.0,-39.0,-29.0,-51.0,-21.0
-22.0,-8.0,3.0,1.0,-39.0,-29.0,-51.0,-22.0
-20.0,-9.0,2.0,1.0,-39.0,-29.0,-52.0,-22.0
-20.0,-9.0,2.0,1.0,-38.0,-29.0,-51.0,-21.0
-20.0,-10.0,2.0,1.0,-38.0,-29.0,-51.0,-21.0
-19.0,-11.0,1.0,1.0,-38.0,-29.0,-52.0,-21.0
-19.0,-10.0,1.0,1.0,-37.0,-29.0,-51.0,-21.0
-20.0,-9.0,1.0,1.0,-38.0,-29.0,-52.0,-22.0
-20.0,-9.0,2.0,0.0,-39.0,-29.0,-52.0,-22.0
-20.0,-9.0,2.0,1.0,-38.0,-29.0,-52.0,-22.0
-22.0,-8.0,3.0,2.0,-38.0,-28.0,-51.0,-21.0
-22.0,-8.0,2.0,1.0,-39.0,-29.0,-51.0,-22.0
-20.0,-9.0,2.0,1.0,-39.0,-29.0,-51.0,-22.0
-20.0,-9.0,2.0,1.0,-38.0,-28.0,-51.0,-21.0
-20.0,-9.0,2.0,1.0,-38.0,-29.0,-51.0,-21.0
-19.0,-10.0,1.0,0.0,-38.0,-29.0,-52.0,-22.0
-19.0,-10.0,1.0,0.0,-37.0,-29.0,-51.0,-21.0
-20.0,-9.0,2.0,1.0,-38.0,-29.0,-51.0,-21.0
-20.0,-9.0,2.0,1.0,-38.0,-29.0,-51.0,-22.0
-20.0,-9.0,2.0,1.0,-38.0,-29.0,-51.0,-22.0
-21.0,-8.0,3.0,1.0,-38.0,-28.0,-51.0,-21.0
-22.0,-8.0,3.0,1.0,-39.0,-28.0,-51.0,-22.0
-21.0,-9.0,2.0,1.0,-38.0,-29.0,-51.0,-22.0
-20.0,-9.0,2.0,1.0,-38.0,-28.0,-50.0,-21.0
-19.0,-9.0,2.0,1.0,-38.0,-28.0,-50.0,-21.0
-18.0,-10.0,1.0,0.0,-38.0,-29.0,-51.0,-21.0
-18.0,-10.0,1.0,0.0,-37.0,-28.0,-50.0,-21.0
-19.0,-10.0,2.0,1.0,-37.0,-29.0,-50.0,-21.0
-20.0,-9.0,2.0,1.0,-38.0,-29.0,-51.0,-22.0
-20.0,-9.0,2.0,1.0,-38.0,-29.0,-51.0,-22.0
-21.0,-8.0,3.0,1.0,-38.0,-28.0,-50.0,-21.0
-21.0,-8.0,3.0,1.0,-38.0,-28.0,-50.0,-22.0
-20.0,-9.0,2.0,0.0,-38.0,-29.0,-51.0,-22.0
-20.0,-9.0,2.0,1.0,-38.0,-28.0,-50.0,-21.0
-20.0,-9.0,2.0,1.0,-38.0,-28.0,-50.0,-21.0
-19.0,-10.0,0.0,0.0,-38.0,-29.0,-51.0,-21.0
-19.0,-10.0,1.0,1.0,-37.0,-29.0,-51.0,-21.0
-20.0,-9.0,1.0,1.0,-38.0,-29.0,-51.0,-21.0
-20.0,-9.0,1.0,1.0,-38.0,-29.0,-51.0,-22.0
-20.0,-9.0,1.0,0.0,-38.0,-29.0,-51.0,-22.0
-21.0,-8.0,3.0,1.0,-38.0,-28.0,-50.0,-21.0
-21.0,-8.0,2.0,1.0,-39.0,-28.0,-50.0,-22.0
-20.0,-9.0,2.0,1.0,-38.0,-28.0,-50.0,-21.0
-20.0,-9.0,2.0,1.0,-37.0,-28.0,-49.0,-20.0
-19.0,-9.0,2.0,1.0,-37.0,-28.0,-50.0,-21.0
-19.0,-10.0,1.0,0.0,-37.0,-29.0,-51.0,-21.0
-19.0,-10.0,1.0,1.0,-36.0,-28.0,-50.0,-20.0
-19.0,-9.0,2.0,1.0,-37.0,-28.0,-50.0,-21.0
-20.0,-9.0,1.0,0.0,-38.0,-28.0,-51.0,-21.0
-20.0,-9.0,1.0,0.0,-38.0,-29.0,-51.0,-21.0
-21.0,-8.0,2.0,1.0,-38.0,-28.0,-50.0,-21.0
-21.0,-8.0,2.0,1.0,-38.0,-28.0,-50.0,-21.0
-20.0,-9.0,2.0,1.0,-38.0,-29.0,-51.0,-21.0
-19.0,-9.0,2.0,1.0,-37.0,-28.0,-50.0,-20.0
-19.0,-9.0,2.0,1.0,-37.0,-28.0,-50.0,-20.0
-18.0,-10.0,1.0,0.0,-37.0,-28.0,-50.0,-21.0
-18.0,-10.0,1.0,0.0,-36.0,-28.0,-49.0,-20.0
-19.0,-9.0,1.0,0.0,-37.0,-28.0,-50.0,-21.0
-20.0,-9.0,1.0,0.0,-38.0,-28.0,-50.0,-21.0
-20.0,-9.0,1.0,0.0,-37.0,-29.0,-50.0,-21.0
-21.0,-8.0,3.0,1.0,-37.0,-28.0,-49.0,-21.0
-21.0,-8.0,2.0,1.0,-38.0,-28.0,-50.0,-21.0
-20.0,-9.0,2.0,0.0,-38.0,-28.0,-50.0,-21.0
-20.0,-9.0,2.0,1.0,-37.0,-27.0,-49.0,-20.0
-20.0,-9.0,2.0,1.0,-37.0,-27.0,-49.0,-20.0
-19.0,-10.0,1.0,0.0,-37.0,-28.0,-50.0,-21.0
-18.0,-10.0,1.0,0.0,-36.0,-28.0,-49.0,-20.0
-19.0,-9.0,2.0,1.0,-37.0,-28.0,-50.0,-20.0
-20.0,-9.0,1.0,0.0,-37.0,-28.0,-50.0,-21.0
-20.0,-8.0,1.0,1.0,-37.0,-28.0,-50.0,-21.0
-20.0,-8.0,2.0,1.0,-37.0,-28.0,-49.0,-21.0
-21.0,-8.0,2.0,1.0,-38.0,-28.0,-49.0,-21.0
-19.0,-9.0,2.0,1.0,-36.0,-28.0,-49.0,-20.0
-19.0,-9.0,2.0,0.0,-37.0,-28.0,-49.0,-21.0
-19.0,-9.0,2.0,1.0,-37.0,-28.0,-49.0,-21.0
-20.0,-8.0,2.0,1.0,-37.0,-27.0,-49.0,-20.0
-21.0,-7.0,3.0,1.0,-37.0,-28.0,-49.0,-21.0
-20.0,-9.0,1.0,0.0,-37.0,-28.0,-49.0,-21.0
-19.0,-9.0,2.0,1.0,-36.0,-27.0,-49.0,-20.0
-19.0,-9.0,2.0,1.0,-37.0,-28.0,-48.0,-20.0
-18.0,-10.0,1.0,0.0,-36.0,-28.0,-49.0,-20.0
-18.0,-10.0,1.0,0.0,-36.0,-28.0,-49.0,-20.0
-19.0,-9.0,2.0,1.0,-37.0,-28.0,-48.0,-20.0
-19.0,-9.0,2.0,0.0,-37.0,-28.0,-49.0,-21.0
-20.0,-8.0,1.0,0.0,-37.0,-28.0,-49.0,-21.0
-20.0,-8.0,2.0,1.0,-37.0,-27.0,-48.0,-21.0
-21.0,-7.0,3.0,1.0,-37.0,-27.0,-49.0,-21.0
-19.0,-9.0,2.0,1.0,-37.0,-27.0,-48.0,-20.0
-19.0,-9.0,2.0,1.0,-36.0,-27.0,-48.0,-20.0
-19.0,-9.0,2.0,1.0,-36.0,-27.0,-48.0,-20.0
-18.0,-10.0,1.0,0.0,-36.0,-28.0,-49.0,-20.0
-17.0,-10.0,1.0,0.0,-35.0,-27.0,-49.0,-20.0
-19.0,-9.0,2.0,1.0,-36.0,-27.0,-48.0,-20.0
-19.0,-8.0,2.0,1.0,-37.0,-28.0,-49.0,-21.0
-19.0,-8.0,2.0,0.0,-37.0,-28.0,-49.0,-21.0
-20.0,-8.0,3.0,1.0,-37.0,-27.0,-48.0,-20.0
-21.0,-7.0,3.0,1.0,-37.0,-27.0,-49.0,-20.0
-20.0,-8.0,2.0,1.0,-37.0,-28.0,-49.0,-20.0
-19.0,-9.0,2.0,1.0,-36.0,-27.0,-48.0,-20.0
-19.0,-8.0,1.0,1.0,-36.0,-27.0,-48.0,-20.0
-18.0,-9.0,1.0,0.0,-36.0,-28.0,-48.0,-20.0
-18.0,-10.0,1.0,0.0,-34.0,-27.0,-48.0,-19.0
-19.0,-9.0,1.0,1.0,-35.0,-27.0,-48.0,-20.0
-19.0,-9.0,1.0,0.0,-36.0,-28.0,-48.0,-20.0
-19.0,-9.0,1.0,0.0,-36.0,-28.0,-49.0,-20.0
-19.0,-8.0,3.0,1.0,-36.0,-27.0,-48.0,-20.0
-20.0,-8.0,3.0,1.0,-37.0,-27.0,-48.0,-20.0
-19.0,-9.0,2.0,0.0,-37.0,-27.0,-48.0,-20.0
-19.0,-8.0,2.0,1.0,-36.0,-27.0,-48.0,-19.0
-18.0,-8.0,2.0,1.0,-36.0,-27.0,-48.0,-19.0
-18.0,-9.0,1.0,0.0,-36.0,-27.0,-48.0,-20.0
-17.0,-10.0,1.0,0.0,-35.0,-27.0,-48.0,-19.0
-18.0,-9.0,2.0,1.0,-35.0,-26.0,-48.0,-20.0
-19.0,-9.0,2.0,0.0,-36.0,-27.0,-48.0,-20.0
-19.0,-8.0,1.0,0.0,-36.0,-27.0,-48.0,-21.0
-20.0,-8.0,2.0,1.0,-36.0,-27.0,-47.0,-20.0
-20.0,-8.0,2.0,1.0,-37.0,-27.0,-47.0,-20.0
-19.0,-8.0,2.0,0.0,-36.0,-27.0,-48.0,-20.0
-18.0,-9.0,2.0,1.0,-35.0,-27.0,-47.0,-19.0
-19.0,-8.0,2.0,0.0,-36.0,-27.0,-47.0,-19.0
-18.0,-9.0,1.0,0.0,-36.0,-28.0,-48.0,-19.0
-17.0,-10.0,1.0,0.0,-34.0,-27.0,-47.0,-19.0
-18.0,-9.0,2.0,1.0,-35.0,-27.0,-47.0,-19.0
-19.0,-8.0,2.0,0.0,-35.0,-27.0,-47.0,-20.0
-19.0,-8.0,2.0,0.0,-35.0,-27.0,-48.0,-20.0
-20.0,-8.0,3.0,1.0,-36.0,-26.0,-47.0,-20.0
-20.0,-7.0,3.0,2.0,-36.0,-26.0,-47.0,-20.0
-19.0,-8.0,2.0,0.0,-36.0,-27.0,-48.0,-20.0
-18.0,-8.0,2.0,1.0,-35.0,-27.0,-47.0,-20.0
-18.0,-8.0,2.0,1.0,-35.0,-26.0,-47.0,-19.0
-17.0,-9.0,1.0,0.0,-35.0,-27.0,-48.0,-20.0
-17.0,-10.0,1.0,0.0,-34.0,-27.0,-47.0,-19.0
-18.0,-9.0,2.0,1.0,-35.0,-26.0,-47.0,-19.0
-19.0,-8.0,1.0,0.0,-35.0,-26.0,-47.0,-20.0
-18.0,-8.0,1.0,0.0,-35.0,-27.0,-47.0,-20.0
-19.0,-7.0,2.0,1.0,-36.0,-26.0,-47.0,-20.0
-20.0,-7.0,2.0,1.0,-36.0,-26.0,-47.0,-20.0
-19.0,-8.0,2.0,0.0,-36.0,-27.0,-48.0,-20.0
-18.0,-9.0,2.0,1.0,-35.0,-26.0,-47.0,-19.0
-18.0,-9.0,2.0,1.0,-35.0,-26.0,-46.0,-19.0
-16.0,-8.0,3.0,1.0,-34.0,-25.0,-46.0,-19.0
-13.0,-7.0,6.0,1.0,-32.0,-21.0,-42.0,-16.0
-12.0,-5.0,10.0,2.0,-30.0,-18.0,-39.0,-14.0
-12.0,-4.0,12.0,3.0,-30.0,-16.0,-39.0,-13.0
-9.0,-4.0,15.0,4.0,-28.0,-13.0,-36.0,-11.0
-6.0,-5.0,19.0,5.0,-25.0,-10.0,-32.0,-7.0
-4.0,-5.0,23.0,6.0,-23.0,-5.0,-29.0,-5.0
-1.0,-5.0,25.0,5.0,-22.0,-4.0,-27.0,-3.0
1.0,-6.0,28.0,6.0,-19.0,0.0,-24.0,0.0
2.0,-7.0,29.0,6.0,-18.0,0.0,-22.0,0.0
4.0,-6.0,30.0,6.0,-18.0,1.0,-22.0,0.0
5.0,-4.0,31.0,7.0,-17.0,2.0,-21.0,1.0
5.0,-5.0,33.0,7.0,-16.0,3.0,-20.0,2.0
6.0,-6.0,33.0,7.0,-16.0,4.0,-19.0,2.0
5.0,-5.0,33.0,7.0,-16.0,4.0,-20.0,2.0
5.0,-5.0,34.0,7.0,-16.0,4.0,-19.0,3.0
4.0,-4.0,34.0,7.0,-17.0,4.0,-19.0,2.0
5.0,-6.0,33.0,7.0,-17.0,3.0,-20.0,2.0
6.0,-8.0,32.0,7.0,-16.0,3.0,-20.0,3.0
6.0,-10.0,31.0,7.0,-16.0,2.0,-20.0,2.0
6.0,-11.0,30.0,6.0,-16.0,1.0,-21.0,2.0
7.0,-11.0,30.0,6.0,-16.0,1.0,-21.0,2.0
5.0,-9.0,30.0,6.0,-17.0,1.0,-22.0,1.0
3.0,-7.0,29.0,6.0,-18.0,0.0,-23.0,0.0
2.0,-7.0,29.0,6.0,-18.0,0.0,-23.0,0.0
1.0,-7.0,29.0,6.0,-18.0,0.0,-23.0,0.0
0.0,-7.0,27.0,6.0,-20.0,-2.0,-25.0,-2.0
0.0,-9.0,25.0,5.0,-21.0,-4.0,-27.0,-3.0
0.0,-9.0,24.0,5.0,-20.0,-4.0,-27.0,-2.0
-1.0,-10.0,21.0,4.0,-21.0,-6.0,-29.0,-4.0
-2.0,-11.0,19.0,4.0,-23.0,-8.0,-30.0,-6.0
-3.0,-10.0,17.0,3.0,-23.0,-9.0,-32.0,-6.0
-5.0,-9.0,17.0,3.0,-24.0,-11.0,-32.0,-7.0
-7.0,-10.0,14.0,3.0,-26.0,-14.0,-35.0,-10.0
-8.0,-9.0,13.0,3.0,-27.0,-15.0,-36.0,-11.0
-10.0,-7.0,12.0,3.0,-28.0,-16.0,-37.0,-12.0
-12.0,-7.0,11.0,3.0,-29.0,-17.0,-38.0,-13.0
-13.0,-8.0,8.0,2.0,-31.0,-20.0,-41.0,-15.0
-15.0,-7.0,6.0,1.0,-32.0,-21.0,-42.0,-16.0
-16.0,-7.0,4.0,2.0,-33.0,-23.0,-43.0,-17.0
-17.0,-8.0,1.0,1.0,-34.0,-26.0,-46.0,-19.0
-17.0,-9.0,0.0,0.0,-34.0,-27.0,-46.0,-19.0
-18.0,-8.0,1.0,0.0,-34.0,-26.0,-46.0,-19.0
-18.0,-8.0,1.0,1.0,-35.0,-26.0,-46.0,-20.0
-19.0,-8.0,1.0,0.0,-35.0,-26.0,-47.0,-20.0
-19.0,-8.0,2.0,1.0,-34.0,-26.0,-46.0,-19.0
-20.0,-7.0,2.0,1.0,-35.0,-26.0,-46.0,-20.0
-19.0,-8.0,1.0,0.0,-35.0,-27.0,-46.0,-20.0
-18.0,-8.0,2.0,1.0,-34.0,-26.0,-46.0,-19.0
-18.0,-8.0,1.0,1.0,-34.0,-26.0,-45.0,-19.0
-17.0,-9.0,1.0,0.0,-34.0,-27.0,-46.0,-20.0
-17.0,-10.0,0.0,0.0,-34.0,-27.0,-46.0,-19.0
-17.0,-9.0,1.0,1.0,-33.0,-26.0,-46.0,-19.0
-18.0,-8.0,1.0,0.0,-34.0,-26.0,-46.0,-20.0
-19.0,-8.0,1.0,0.0,-35.0,-27.0,-46.0,-20.0
-19.0,-8.0,1.0,1.0,-35.0,-26.0,-46.0,-20.0
-20.0,-7.0,2.0,1.0,-35.0,-26.0,-46.0,-19.0
-19.0,-8.0,1.0,1.0,-35.0,-26.0,-46.0,-20.0
-18.0,-8.0,1.0,1.0,-34.0,-25.0,-45.0,-19.0
-18.0,-8.0,1.0,1.0,-34.0,-26.0,-45.0,-19.0
-18.0,-9.0,1.0,0.0,-34.0,-26.0,-46.0,-19.0
-17.0,-9.0,0.0,0.0,-33.0,-26.0,-45.0,-19.0
-18.0,-8.0,1.0,0.0,-33.0,-26.0,-46.0,-19.0
-18.0,-8.0,1.0,0.0,-34.0,-26.0,-46.0,-20.0
-19.0,-8.0,1.0,0.0,-34.0,-26.0,-46.0,-20.0
-19.0,-7.0,1.0,1.0,-34.0,-26.0,-46.0,-20.0
-20.0,-7.0,2.0,1.0,-35.0,-26.0,-46.0,-20.0
-19.0,-7.0,1.0,0.0,-35.0,-26.0,-46.0,-20.0
-18.0,-8.0,1.0,0.0,-34.0,-26.0,-45.0,-19.0
-18.0,-8.0,1.0,1.0,-34.0,-25.0,-45.0,-18.0
-18.0,-8.0,1.0,0.0,-34.0,-26.0,-46.0,-19.0
-17.0,-9.0,0.0,0.0,-33.0,-26.0,-46.0,-19.0
-17.0,-8.0,1.0,1.0,-33.0,-26.0,-45.0,-18.0
-18.0,-8.0,1.0,0.0,-33.0,-26.0,-46.0,-19.0
-18.0,-8.0,1.0,0.0,-34.0,-26.0,-46.0,-20.0
-19.0,-8.0,2.0,1.0,-34.0,-26.0,-45.0,-19.0
-21.0,-7.0,4.0,1.0,-35.0,-27.0,-47.0,-21.0
-26.0,-9.0,11.0,2.0,-40.0,-35.0,-54.0,-26.0
-30.0,-13.0,18.0,5.0,-42.0,-43.0,-59.0,-30.0
-35.0,-15.0,25.0,6.0,-46.0,-49.0,-65.0,-35.0
-38.0,-16.0,30.0,7.0,-50.0,-55.0,-70.0,-39.0
-38.0,-10.0,25.0,5.0,-48.0,-51.0,-67.0,-37.0
-33.0,-1.0,16.0,2.0,-44.0,-40.0,-58.0,-30.0
-23.0,10.0,-2.0,-2.0,-36.0,-22.0,-43.0,-19.0
-6.0,35.0,-36.0,-12.0,-21.0,11.0,-17.0,0.0
15.0,60.0,-76.0,-22.0,-3.0,51.0,16.0,26.0
39.0,83.0,-117.0,-33.0,16.0,92.0,51.0,53.0
66.0,104.0,-160.0,-45.0,36.0,133.0,85.0,80.0
92.0,125.0,-203.0,-55.0,57.0,175.0,120.0,109.0
118.0,147.0,-245.0,-66.0,77.0,217.0,155.0,137.0
144.0,167.0,-288.0,-78.0,96.0,257.0,188.0,163.0
171.0,181.0,-327.0,-88.0,117.0,295.0,220.0,189.0
196.0,188.0,-359.0,-94.0,136.0,329.0,249.0,213.0
217.0,187.0,-386.0,-99.0,151.0,355.0,271.0,232.0
234.0,189.0,-407.0,-104.0,164.0,375.0,289.0,247.0
244.0,194.0,-421.0,-107.0,172.0,390.0,302.0,258.0
250.0,191.0,-426.0,-107.0,176.0,396.0,307.0,263.0
254.0,179.0,-424.0,-106.0,177.0,393.0,305.0,262.0
252.0,169.0,-416.0,-103.0,175.0,385.0,300.0,259.0
244.0,160.0,-402.0,-98.0,169.0,371.0,288.0,250.0
233.0,150.0,-384.0,-94.0,160.0,352.0,272.0,238.0
220.0,135.0,-361.0,-88.0,150.0,330.0,254.0,223.0
202.0,118.0,-330.0,-79.0,136.0,300.0,230.0,204.0
180.0,97.0,-293.0,-70.0,118.0,263.0,199.0,179.0
156.0,77.0,-253.0,-60.0,98.0,223.0,166.0,153.0
130.0,52.0,-208.0,-48.0,78.0,180.0,130.0,125.0
102.0,25.0,-161.0,-34.0,57.0,135.0,94.0,96.0
77.0,1.0,-118.0,-23.0,37.0,92.0,58.0,67.0
52.0,-17.0,-78.0,-13.0,18.0,53.0,25.0,41.0
27.0,-35.0,-37.0,-3.0,-2.0,13.0,-8.0,14.0
0.0,-52.0,-4.0,1.0,-24.0,-28.0,-43.0,-13.0
-27.0,-75.0,4.0,1.0,-45.0,-74.0,-81.0,-43.0
-55.0,-92.0,5.0,1.0,-66.0,-114.0,-114.0,-70.0
-73.0,-83.0,5.0,1.0,-79.0,-131.0,-130.0,-85.0
-79.0,-65.0,5.0,1.0,-82.0,-128.0,-129.0,-86.0
-71.0,-54.0,6.0,2.0,-75.0,-112.0,-116.0,-76.0
-58.0,-40.0,7.0,2.0,-64.0,-88.0,-96.0,-61.0
-43.0,-29.0,5.0,1.0,-54.0,-66.0,-78.0,-46.0
-30.0,-21.0,5.0,2.0,-43.0,-47.0,-62.0,-33.0
-22.0,-12.0,5.0,2.0,-36.0,-33.0,-50.0,-23.0
-19.0,-10.0,5.0,2.0,-35.0,-29.0,-47.0,-21.0
-18.0,-11.0,4.0,1.0,-34.0,-30.0,-48.0,-21.0
-19.0,-10.0,5.0,2.0,-34.0,-29.0,-47.0,-20.0
-20.0,-10.0,6.0,1.0,-34.0,-29.0,-47.0,-21.0
-20.0,-9.0,5.0,1.0,-35.0,-29.0,-47.0,-21.0
-20.0,-9.0,5.0,1.0,-35.0,-29.0,-47.0,-21.0
-21.0,-8.0,6.0,2.0,-35.0,-28.0,-47.0,-21.0
-20.0,-9.0,5.0,2.0,-35.0,-29.0,-47.0,-22.0
-20.0,-9.0,5.0,2.0,-34.0,-29.0,-47.0,-21.0
-20.0,-10.0,5.0,2.0,-34.0,-28.0,-47.0,-21.0
-19.0,-10.0,5.0,1.0,-35.0,-29.0,-47.0,-21.0
-18.0,-11.0,4.0,1.0,-34.0,-29.0,-47.0,-21.0
-19.0,-10.0,5.0,2.0,-34.0,-29.0,-46.0,-20.0
-20.0,-9.0,5.0,1.0,-35.0,-29.0,-47.0,-21.0
-20.0,-9.0,5.0,1.0,-35.0,-29.0,-48.0,-22.0
-20.0,-9.0,5.0,1.0,-35.0,-29.0,-47.0,-21.0
-21.0,-8.0,6.0,2.0,-34.0,-28.0,-47.0,-21.0
-20.0,-9.0,5.0,2.0,-35.0,-29.0,-47.0,-22.0
-19.0,-10.0,6.0,2.0,-34.0,-28.0,-46.0,-21.0
-19.0,-10.0,5.0,2.0,-34.0,-28.0,-46.0,-21.0
-19.0,-10.0,5.0,1.0,-34.0,-28.0,-47.0,-21.0
-18.0,-11.0,4.0,1.0,-34.0,-29.0,-47.0,-21.0
-19.0,-10.0,5.0,1.0,-34.0,-29.0,-47.0,-20.0
-20.0,-9.0,5.0,1.0,-34.0,-29.0,-47.0,-21.0
-20.0,-9.0,5.0,1.0,-34.0,-29.0,-47.0,-21.0
-20.0,-9.0,6.0,1.0,-34.0,-29.0,-46.0,-21.0
-21.0,-8.0,6.0,2.0,-35.0,-28.0,-46.0,-21.0
-20.0,-9.0,5.0,2.0,-35.0,-29.0,-47.0,-22.0
-20.0,-9.0,5.0,2.0,-34.0,-29.0,-46.0,-21.0
-19.0,-9.0,5.0,2.0,-33.0,-28.0,-46.0,-20.0
-19.0,-10.0,5.0,1.0,-34.0,-28.0,-46.0,-21.0
-18.0,-11.0,4.0,0.0,-34.0,-29.0,-47.0,-21.0
-19.0,-10.0,5.0,1.0,-33.0,-28.0,-46.0,-20.0
-20.0,-10.0,5.0,1.0,-34.0,-29.0,-46.0,-21.0
-19.0,-10.0,5.0,1.0,-35.0,-29.0,-47.0,-21.0
-20.0,-9.0,5.0,1.0,-35.0,-29.0,-47.0,-21.0
-21.0,-8.0,6.0,2.0,-35.0,-28.0,-46.0,-21.0
-20.0,-9.0,5.0,1.0,-35.0,-29.0,-47.0,-21.0
-20.0,-9.0,5.0,1.0,-34.0,-28.0,-46.0,-20.0
-19.0,-9.0,6.0,2.0,-34.0,-27.0,-45.0,-20.0
-17.0,-8.0,8.0,2.0,-32.0,-25.0,-43.0,-18.0
-15.0,-8.0,8.0,2.0,-31.0,-24.0,-42.0,-17.0
-15.0,-8.0,10.0,2.0,-30.0,-23.0,-41.0,-17.0
-15.0,-6.0,13.0,3.0,-30.0,-20.0,-39.0,-15.0
-14.0,-6.0,14.0,3.0,-29.0,-20.0,-39.0,-15.0
-12.0,-7.0,16.0,3.0,-28.0,-18.0,-37.0,-14.0
-13.0,-7.0,17.0,4.0,-28.0,-17.0,-37.0,-13.0
-12.0,-8.0,16.0,4.0,-29.0,-18.0,-37.0,-14.0
-11.0,-8.0,17.0,4.0,-27.0,-16.0,-36.0,-12.0
-9.0,-6.0,20.0,5.0,-25.0,-14.0,-33.0,-10.0
-8.0,-6.0,20.0,4.0,-25.0,-13.0,-33.0,-10.0
-7.0,-7.0,19.0,4.0,-25.0,-14.0,-33.0,-10.0
-7.0,-7.0,20.0,5.0,-23.0,-12.0,-32.0,-8.0
-6.0,-9.0,22.0,5.0,-23.0,-11.0,-31.0,-8.0
-6.0,-8.0,22.0,5.0,-23.0,-11.0,-31.0,-8.0
-6.0,-5.0,24.0,6.0,-23.0,-9.0,-30.0,-7.0
-6.0,-5.0,26.0,7.0,-23.0,-8.0,-28.0,-6.0
-4.0,-7.0,26.0,6.0,-22.0,-7.0,-28.0,-6.0
-3.0,-7.0,26.0,6.0,-21.0,-7.0,-27.0,-5.0
-1.0,-7.0,28.0,7.0,-20.0,-5.0,-26.0,-3.0
1.0,-5.0,32.0,7.0,-18.0,-1.0,-23.0,-1.0
4.0,-4.0,35.0,7.0,-15.0,1.0,-19.0,1.0
6.0,-2.0,41.0,10.0,-12.0,7.0,-15.0,4.0
7.0,0.0,43.0,10.0,-13.0,9.0,-13.0,5.0
8.0,0.0,46.0,11.0,-12.0,11.0,-12.0,7.0
11.0,2.0,50.0,12.0,-9.0,15.0,-8.0,9.0
12.0,5.0,55.0,13.0,-7.0,20.0,-3.0,12.0
16.0,6.0,59.0,14.0,-6.0,23.0,-1.0,15.0
20.0,7.0,63.0,15.0,-2.0,28.0,2.0,19.0
23.0,7.0,66.0,16.0,0.0,32.0,5.0,22.0
26.0,6.0,69.0,16.0,1.0,35.0,8.0,24.0
30.0,7.0,73.0,16.0,3.0,38.0,11.0,26.0
32.0,10.0,78.0,18.0,6.0,43.0,15.0,29.0
34.0,12.0,83.0,20.0,7.0,48.0,19.0,32.0
37.0,14.0,87.0,21.0,9.0,52.0,22.0,34.0
40.0,14.0,90.0,21.0,11.0,55.0,25.0,37.0
41.0,15.0,95.0,23.0,13.0,58.0,28.0,39.0
43.0,15.0,96.0,22.0,14.0,60.0,29.0,40.0
45.0,15.0,98.0,23.0,16.0,63.0,32.0,43.0
46.0,15.0,99.0,24.0,18.0,65.0,34.0,44.0
48.0,13.0,100.0,23.0,18.0,65.0,34.0,45.0
51.0,11.0,100.0,22.0,19.0,65.0,34.0,45.0
50.0,12.0,101.0,23.0,19.0,66.0,36.0,46.0
51.0,14.0,104.0,24.0,20.0,68.0,37.0,47.0
52.0,15.0,104.0,24.0,20.0,69.0,38.0,48.0
51.0,15.0,105.0,24.0,20.0,69.0,37.0,48.0
50.0,16.0,105.0,25.0,20.0,69.0,38.0,48.0
48.0,15.0,101.0,24.0,18.0,66.0,35.0,45.0
49.0,13.0,100.0,23.0,18.0,65.0,34.0,45.0
49.0,10.0,98.0,22.0,18.0,63.0,33.0,44.0
47.0,10.0,96.0,22.0,17.0,61.0,31.0,43.0
47.0,7.0,93.0,20.0,16.0,58.0,29.0,41.0
45.0,7.0,91.0,20.0,15.0,56.0,27.0,40.0
43.0,6.0,89.0,20.0,14.0,54.0,26.0,38.0
40.0,6.0,86.0,19.0,12.0,51.0,23.0,36.0
39.0,3.0,83.0,18.0,11.0,49.0,21.0,34.0
35.0,3.0,81.0,18.0,8.0,46.0,19.0,32.0
33.0,3.0,77.0,17.0,6.0,42.0,15.0,29.0
32.0,1.0,73.0,16.0,5.0,39.0,12.0,27.0
31.0,-2.0,70.0,15.0,4.0,36.0,11.0,26.0
29.0,-4.0,65.0,14.0,2.0,32.0,7.0,23.0
28.0,-8.0,60.0,12.0,1.0,27.0,3.0,21.0
26.0,-12.0,58.0,11.0,1.0,25.0,1.0,19.0
23.0,-13.0,54.0,11.0,-1.0,20.0,-1.0,16.0
20.0,-13.0,50.0,9.0,-4.0,16.0,-5.0,13.0
17.0,-10.0,48.0,10.0,-6.0,14.0,-7.0,11.0
13.0,-8.0,47.0,10.0,-8.0,13.0,-8.0,9.0
11.0,-9.0,44.0,8.0,-10.0,9.0,-11.0,7.0
11.0,-11.0,41.0,8.0,-10.0,8.0,-13.0,6.0
10.0,-12.0,39.0,8.0,-11.0,5.0,-14.0,5.0
8.0,-11.0,37.0,7.0,-13.0,4.0,-16.0,4.0
7.0,-11.0,34.0,6.0,-14.0,1.0,-19.0,2.0
5.0,-12.0,31.0,6.0,-14.0,0.0,-20.0,0.0
3.0,-10.0,31.0,7.0,-16.0,-1.0,-21.0,0.0
0.0,-11.0,28.0,5.0,-17.0,-4.0,-24.0,-2.0
0.0,-11.0,26.0,5.0,-18.0,-6.0,-25.0,-3.0
-3.0,-9.0,27.0,6.0,-19.0,-6.0,-25.0,-4.0
-4.0,-8.0,24.0,5.0,-21.0,-8.0,-27.0,-6.0
-4.0,-10.0,22.0,4.0,-22.0,-10.0,-29.0,-7.0
-5.0,-11.0,20.0,4.0,-22.0,-11.0,-30.0,-7.0
-6.0,-10.0,19.0,4.0,-23.0,-12.0,-31.0,-8.0
-5.0,-13.0,16.0,3.0,-23.0,-15.0,-33.0,-10.0
-7.0,-13.0,15.0,3.0,-24.0,-16.0,-34.0,-10.0
-10.0,-11.0,15.0,3.0,-26.0,-17.0,-35.0,-11.0
-11.0,-10.0,13.0,3.0,-27.0,-19.0,-37.0,-14.0
-14.0,-10.0,10.0,2.0,-29.0,-22.0,-39.0,-16.0
-16.0,-9.0,9.0,3.0,-30.0,-23.0,-40.0,-17.0
-18.0,-8.0,8.0,2.0,-32.0,-24.0,-41.0,-18.0
-18.0,-7.0,6.0,2.0,-31.0,-25.0,-42.0,-18.0
-18.0,-8.0,7.0,2.0,-30.0,-24.0,-41.0,-18.0
-17.0,-8.0,6.0,2.0,-31.0,-25.0,-42.0,-18.0
-18.0,-10.0,2.0,0.0,-33.0,-28.0,-45.0,-20.0
-19.0,-10.0,2.0,1.0,-32.0,-29.0,-45.0,-21.0
-20.0,-9.0,2.0,1.0,-33.0,-29.0,-45.0,-21.0
-20.0,-9.0,2.0,0.0,-34.0,-30.0,-46.0,-22.0
-20.0,-9.0,2.0,1.0,-34.0,-30.0,-46.0,-22.0
-21.0,-8.0,3.0,2.0,-34.0,-29.0,-45.0,-21.0
-21.0,-8.0,3.0,1.0,-34.0,-29.0,-45.0,-22.0
-20.0,-9.0,2.0,1.0,-34.0,-29.0,-45.0,-21.0
-20.0,-9.0,2.0,1.0,-33.0,-29.0,-45.0,-21.0
-20.0,-9.0,2.0,1.0,-33.0,-29.0,-45.0,-21.0
-19.0,-10.0,1.0,0.0,-32.0,-30.0,-46.0,-21.0
-19.0,-10.0,2.0,1.0,-32.0,-29.0,-46.0,-21.0
-20.0,-10.0,2.0,1.0,-33.0,-29.0,-45.0,-21.0
-20.0,-9.0,2.0,1.0,-33.0,-29.0,-46.0,-21.0
-20.0,-9.0,2.0,1.0,-33.0,-29.0,-46.0,-21.0
-21.0,-8.0,3.0,1.0,-34.0,-29.0,-45.0,-21.0
-21.0,-8.0,2.0,0.0,-35.0,-29.0,-46.0,-22.0
-20.0,-9.0,2.0,1.0,-34.0,-29.0,-46.0,-21.0
-20.0,-9.0,3.0,1.0,-33.0,-28.0,-45.0,-20.0
-20.0,-9.0,2.0,1.0,-33.0,-28.0,-45.0,-21.0
-19.0,-10.0,1.0,0.0,-33.0,-29.0,-45.0,-21.0
-19.0,-10.0,2.0,1.0,-32.0,-29.0,-45.0,-21.0
-20.0,-9.0,2.0,1.0,-32.0,-29.0,-44.0,-21.0
-20.0,-9.0,2.0,0.0,-33.0,-29.0,-45.0,-21.0
-20.0,-9.0,2.0,0.0,-33.0,-29.0,-46.0,-22.0
-21.0,-8.0,3.0,1.0,-33.0,-28.0,-45.0,-21.0
-21.0,-8.0,3.0,1.0,-34.0,-29.0,-45.0,-21.0
-20.0,-9.0,2.0,1.0,-33.0,-29.0,-45.0,-21.0
-20.0,-9.0,3.0,1.0,-33.0,-28.0,-44.0,-20.0
-20.0,-9.0,2.0,1.0,-33.0,-29.0,-45.0,-20.0
-19.0,-10.0,1.0,0.0,-33.0,-30.0,-45.0,-21.0
-19.0,-10.0,2.0,0.0,-32.0,-29.0,-45.0,-20.0
-20.0,-9.0,2.0,1.0,-33.0,-29.0,-45.0,-21.0
-20.0,-9.0,2.0,0.0,-33.0,-29.0,-45.0,-21.0
-21.0,-9.0,2.0,0.0,-33.0,-29.0,-45.0,-21.0
-21.0,-8.0,3.0,2.0,-32.0,-28.0,-44.0,-21.0
-21.0,-8.0,3.0,1.0,-34.0,-29.0,-45.0,-22.0
-20.0,-9.0,2.0,1.0,-33.0,-28.0,-44.0,-21.0
-19.0,-9.0,2.0,1.0,-33.0,-28.0,-44.0,-20.0
-19.0,-10.0,2.0,1.0,-33.0,-28.0,-44.0,-20.0
-18.0,-10.0,1.0,0.0,-33.0,-29.0,-45.0,-21.0
-18.0,-10.0,1.0,0.0,-33.0,-29.0,-45.0,-20.0
-20.0,-9.0,2.0,1.0,-32.0,-28.0,-44.0,-20.0
-20.0,-9.0,2.0,1.0,-33.0,-29.0,-45.0,-21.0
-20.0,-9.0,2.0,1.0,-33.0,-29.0,-45.0,-21.0
-21.0,-8.0,3.0,2.0,-32.0,-28.0,-44.0,-21.0
-21.0,-8.0,3.0,1.0,-33.0,-28.0,-45.0,-21.0
-20.0,-9.0,2.0,1.0,-33.0,-29.0,-45.0,-21.0
-20.0,-9.0,2.0,1.0,-32.0,-28.0,-44.0,-21.0
-20.0,-9.0,2.0,1.0,-32.0,-28.0,-44.0,-20.0
-18.0,-10.0,1.0,0.0,-32.0,-29.0,-44.0,-21.0
-18.0,-10.0,2.0,0.0,-31.0,-28.0,-44.0,-20.0
-19.0,-9.0,2.0,1.0,-32.0,-28.0,-44.0,-21.0
-20.0,-9.0,2.0,0.0,-33.0,-29.0,-45.0,-21.0
-20.0,-9.0,2.0,0.0,-33.0,-29.0,-45.0,-21.0
-21.0,-8.0,3.0,1.0,-32.0,-28.0,-44.0,-21.0
-21.0,-8.0,3.0,1.0,-33.0,-28.0,-44.0,-21.0
-20.0,-9.0,2.0,0.0,-32.0,-28.0,-44.0,-21.0
-19.0,-9.0,2.0,1.0,-32.0,-28.0,-44.0,-20.0
-19.0,-9.0,2.0,1.0,-32.0,-28.0,-44.0,-20.0
-18.0,-10.0,1.0,0.0,-32.0,-29.0,-44.0,-20.0
-18.0,-10.0,1.0,0.0,-31.0,-29.0,-44.0,-21.0
-19.0,-9.0,2.0,1.0,-32.0,-28.0,-44.0,-21.0
-20.0,-9.0,2.0,0.0,-33.0,-29.0,-44.0,-21.0
-20.0,-9.0,2.0,1.0,-32.0,-29.0,-44.0,-21.0
-21.0,-8.0,3.0,1.0,-32.0,-28.0,-44.0,-20.0
-21.0,-8.0,3.0,1.0,-33.0,-28.0,-44.0,-21.0
-20.0,-9.0,2.0,1.0,-33.0,-28.0,-44.0,-20.0
-20.0,-9.0,3.0,1.0,-32.0,-28.0,-43.0,-20.0
-19.0,-9.0,2.0,1.0,-32.0,-28.0,-43.0,-20.0
-19.0,-10.0,1.0,0.0,-32.0,-29.0,-44.0,-20.0
-18.0,-10.0,1.0,0.0,-31.0,-28.0,-43.0,-20.0
-19.0,-8.0,2.0,1.0,-31.0,-28.0,-43.0,-20.0
-20.0,-9.0,2.0,1.0,-32.0,-28.0,-44.0,-21.0
-20.0,-9.0,2.0,0.0,-32.0,-29.0,-44.0,-21.0
-21.0,-8.0,3.0,1.0,-32.0,-27.0,-43.0,-20.0
-21.0,-8.0,3.0,1.0,-33.0,-28.0,-44.0,-21.0
-20.0,-9.0,2.0,1.0,-33.0,-28.0,-44.0,-21.0
-19.0,-9.0,2.0,1.0,-32.0,-28.0,-43.0,-20.0
-19.0,-9.0,2.0,1.0,-32.0,-28.0,-43.0,-20.0
-18.0,-10.0,1.0,0.0,-32.0,-28.0,-44.0,-20.0
-18.0,-10.0,2.0,0.0,-31.0,-28.0,-44.0,-19.0
-19.0,-9.0,2.0,1.0,-31.0,-28.0,-44.0,-20.0
-20.0,-9.0,2.0,1.0,-32.0,-28.0,-44.0,-21.0
-20.0,-9.0,2.0,0.0,-32.0,-28.0,-44.0,-21.0
-21.0,-8.0,3.0,1.0,-32.0,-27.0,-43.0,-20.0
-21.0,-8.0,3.0,1.0,-33.0,-28.0,-44.0,-21.0
-20.0,-9.0,2.0,0.0,-32.0,-28.0,-44.0,-21.0
-19.0,-9.0,3.0,1.0,-31.0,-27.0,-43.0,-20.0
-19.0,-9.0,2.0,1.0,-32.0,-27.0,-43.0,-19.0
-18.0,-10.0,1.0,0.0,-32.0,-28.0,-44.0,-20.0
-18.0,-10.0,1.0,0.0,-31.0,-28.0,-43.0,-20.0
-19.0,-9.0,2.0,1.0,-31.0,-27.0,-43.0,-20.0
-20.0,-9.0,2.0,0.0,-32.0,-28.0,-44.0,-21.0
-19.0,-9.0,2.0,0.0,-32.0,-28.0,-44.0,-21.0
-20.0,-8.0,3.0,1.0,-32.0,-27.0,-43.0,-20.0
-20.0,-7.0,3.0,1.0,-33.0,-27.0,-43.0,-21.0
-19.0,-9.0,2.0,0.0,-32.0,-28.0,-43.0,-21.0
-19.0,-9.0,2.0,1.0,-31.0,-27.0,-42.0,-20.0
-19.0,-9.0,2.0,0.0,-31.0,-28.0,-43.0,-20.0
-18.0,-10.0,1.0,0.0,-31.0,-28.0,-43.0,-20.0
-18.0,-10.0,1.0,0.0,-30.0,-27.0,-43.0,-19.0
-19.0,-9.0,2.0,1.0,-31.0,-27.0,-43.0,-20.0
-19.0,-9.0,2.0,1.0,-32.0,-28.0,-43.0,-21.0
-19.0,-8.0,2.0,0.0,-32.0,-28.0,-43.0,-21.0
-20.0,-8.0,3.0,1.0,-31.0,-27.0,-42.0,-20.0
-21.0,-8.0,3.0,1.0,-32.0,-27.0,-43.0,-21.0
-19.0,-9.0,2.0,0.0,-32.0,-28.0,-43.0,-20.0
-19.0,-8.0,2.0,1.0,-31.0,-27.0,-43.0,-19.0
-19.0,-8.0,3.0,1.0,-31.0,-27.0,-42.0,-19.0
-18.0,-9.0,1.0,0.0,-31.0,-27.0,-42.0,-20.0
-18.0,-10.0,1.0,0.0,-30.0,-27.0,-42.0,-20.0
-19.0,-9.0,2.0,1.0,-30.0,-27.0,-42.0,-20.0
-19.0,-9.0,2.0,0.0,-31.0,-27.0,-43.0,-20.0
-19.0,-9.0,2.0,0.0,-31.0,-28.0,-43.0,-20.0
-20.0,-8.0,3.0,1.0,-31.0,-27.0,-42.0,-20.0
-21.0,-7.0,3.0,1.0,-32.0,-27.0,-43.0,-20.0
-19.0,-8.0,2.0,0.0,-32.0,-27.0,-43.0,-20.0
-18.0,-9.0,2.0,1.0,-30.0,-27.0,-42.0,-20.0
-19.0,-9.0,2.0,1.0,-30.0,-27.0,-42.0,-19.0
-18.0,-9.0,1.0,0.0,-31.0,-27.0,-43.0,-20.0
-17.0,-10.0,1.0,0.0,-30.0,-27.0,-42.0,-19.0
-18.0,-9.0,2.0,1.0,-30.0,-27.0,-42.0,-19.0
-19.0,-9.0,2.0,0.0,-31.0,-27.0,-43.0,-20.0
-19.0,-9.0,2.0,0.0,-31.0,-28.0,-43.0,-20.0
-20.0,-8.0,3.0,1.0,-31.0,-27.0,-42.0,-20.0
-20.0,-7.0,3.0,1.0,-32.0,-27.0,-42.0,-20.0
-19.0,-9.0,2.0,0.0,-31.0,-27.0,-43.0,-20.0
-19.0,-9.0,2.0,1.0,-30.0,-27.0,-42.0,-19.0
-18.0,-9.0,2.0,1.0,-31.0,-27.0,-42.0,-19.0
-18.0,-10.0,2.0,0.0,-31.0,-27.0,-42.0,-20.0
-17.0,-10.0,1.0,0.0,-30.0,-27.0,-42.0,-19.0
-18.0,-9.0,2.0,1.0,-30.0,-27.0,-42.0,-19.0
-19.0,-9.0,2.0,0.0,-31.0,-27.0,-43.0,-20.0
-19.0,-8.0,2.0,0.0,-31.0,-27.0,-43.0,-20.0
-20.0,-8.0,3.0,1.0,-31.0,-27.0,-42.0,-20.0
-20.0,-8.0,3.0,1.0,-32.0,-27.0,-42.0,-20.0
-19.0,-8.0,2.0,0.0,-31.0,-27.0,-42.0,-20.0
-18.0,-9.0,2.0,1.0,-30.0,-26.0,-41.0,-19.0
-18.0,-9.0,2.0,1.0,-31.0,-27.0,-41.0,-19.0
-17.0,-10.0,2.0,0.0,-31.0,-27.0,-42.0,-20.0
-17.0,-10.0,1.0,0.0,-30.0,-27.0,-42.0,-19.0
-18.0,-9.0,2.0,1.0,-30.0,-27.0,-42.0,-19.0
-18.0,-9.0,2.0,1.0,-31.0,-27.0,-42.0,-20.0
-18.0,-9.0,2.0,0.0,-31.0,-27.0,-43.0,-20.0
-19.0,-8.0,3.0,1.0,-31.0,-27.0,-42.0,-20.0
-20.0,-7.0,3.0,1.0,-32.0,-26.0,-42.0,-20.0
-19.0,-8.0,2.0,0.0,-31.0,-27.0,-42.0,-20.0
-18.0,-9.0,2.0,1.0,-30.0,-26.0,-41.0,-19.0
-18.0,-9.0,2.0,1.0,-30.0,-26.0,-41.0,-19.0
-17.0,-9.0,3.0,0.0,-30.0,-25.0,-41.0,-18.0
-14.0,-8.0,6.0,1.0,-27.0,-22.0,-37.0,-16.0
-13.0,-5.0,10.0,2.0,-25.0,-18.0,-34.0,-14.0
-12.0,-5.0,12.0,3.0,-25.0,-16.0,-33.0,-13.0
-9.0,-4.0,15.0,3.0,-24.0,-14.0,-31.0,-10.0
-7.0,-5.0,20.0,5.0,-20.0,-9.0,-27.0,-7.0
-4.0,-5.0,24.0,6.0,-19.0,-6.0,-24.0,-5.0
-1.0,-6.0,25.0,5.0,-17.0,-4.0,-22.0,-3.0
1.0,-6.0,28.0,6.0,-15.0,-1.0,-19.0,0.0
3.0,-7.0,30.0,6.0,-13.0,0.0,-17.0,0.0
4.0,-6.0,30.0,6.0,-13.0,1.0,-17.0,1.0
5.0,-4.0,31.0,7.0,-12.0,2.0,-16.0,1.0
5.0,-5.0,33.0,7.0,-12.0,4.0,-15.0,2.0
5.0,-5.0,33.0,7.0,-11.0,4.0,-15.0,2.0
5.0,-6.0,33.0,7.0,-11.0,4.0,-15.0,3.0
4.0,-5.0,34.0,7.0,-11.0,4.0,-14.0,3.0
4.0,-4.0,34.0,7.0,-12.0,4.0,-14.0,2.0
5.0,-5.0,33.0,7.0,-12.0,4.0,-15.0,2.0
6.0,-9.0,32.0,7.0,-11.0,3.0,-15.0,3.0
6.0,-10.0,31.0,6.0,-11.0,2.0,-15.0,2.0
6.0,-11.0,30.0,5.0,-12.0,1.0,-16.0,2.0
7.0,-11.0,30.0,6.0,-11.0,1.0,-16.0,2.0
4.0,-9.0,30.0,6.0,-12.0,1.0,-16.0,1.0
2.0,-8.0,29.0,6.0,-13.0,0.0,-18.0,0.0
2.0,-8.0,29.0,5.0,-14.0,0.0,-18.0,0.0
1.0,-7.0,29.0,6.0,-13.0,0.0,-18.0,0.0
0.0,-7.0,27.0,6.0,-15.0,-1.0,-20.0,-1.0
0.0,-9.0,24.0,4.0,-16.0,-4.0,-22.0,-3.0
0.0,-9.0,24.0,5.0,-16.0,-4.0,-21.0,-2.0
-1.0,-10.0,22.0,4.0,-17.0,-7.0,-24.0,-3.0
-1.0,-11.0,19.0,4.0,-18.0,-8.0,-25.0,-5.0
-2.0,-11.0,18.0,3.0,-18.0,-9.0,-26.0,-6.0
-5.0,-9.0,17.0,3.0,-19.0,-11.0,-27.0,-7.0
-7.0,-10.0,14.0,3.0,-22.0,-14.0,-30.0,-10.0
-8.0,-9.0,13.0,2.0,-22.0,-15.0,-31.0,-11.0
-10.0,-7.0,13.0,3.0,-23.0,-15.0,-31.0,-11.0
-17.0,-10.0,0.0,0.0,-29.0,-27.0,-42.0,-19.0
-18.0,-9.0,1.0,0.0,-30.0,-27.0,-41.0,-19.0
-19.0,-8.0,2.0,0.0,-30.0,-27.0,-41.0,-20.0
-19.0,-8.0,1.0,0.0,-30.0,-27.0,-41.0,-20.0
-19.0,-8.0,2.0,0.0,-30.0,-26.0,-41.0,-20.0
-20.0,-7.0,2.0,1.0,-31.0,-26.0,-41.0,-20.0
-19.0,-8.0,2.0,0.0,-30.0,-26.0,-41.0,-20.0
-19.0,-8.0,1.0,1.0,-29.0,-26.0,-41.0,-19.0
-19.0,-8.0,1.0,0.0,-30.0,-26.0,-41.0,-19.0
-18.0,-9.0,1.0,0.0,-30.0,-27.0,-41.0,-20.0
-17.0,-9.0,0.0,0.0,-29.0,-26.0,-41.0,-19.0
-18.0,-9.0,1.0,1.0,-29.0,-26.0,-40.0,-19.0
-18.0,-8.0,1.0,0.0,-30.0,-27.0,-41.0,-20.0
-18.0,-8.0,1.0,0.0,-31.0,-27.0,-42.0,-20.0
-19.0,-8.0,2.0,1.0,-30.0,-26.0,-40.0,-19.0
-20.0,-7.0,2.0,1.0,-31.0,-26.0,-41.0,-20.0
-19.0,-8.0,1.0,0.0,-31.0,-27.0,-41.0,-20.0
-18.0,-8.0,1.0,0.0,-30.0,-26.0,-40.0,-19.0
-18.0,-8.0,1.0,1.0,-30.0,-26.0,-40.0,-19.0
-17.0,-9.0,1.0,0.0,-29.0,-26.0,-41.0,-19.0
-17.0,-10.0,0.0,0.0,-28.0,-26.0,-40.0,-19.0
-18.0,-9.0,1.0,0.0,-29.0,-25.0,-40.0,-19.0
-18.0,-8.0,1.0,0.0,-30.0,-26.0,-41.0,-19.0
-18.0,-8.0,1.0,0.0,-30.0,-26.0,-41.0,-20.0
-19.0,-8.0,2.0,1.0,-30.0,-26.0,-40.0,-19.0
-20.0,-7.0,2.0,1.0,-31.0,-26.0,-40.0,-19.0
-19.0,-8.0,1.0,0.0,-30.0,-26.0,-41.0,-20.0
-18.0,-9.0,1.0,1.0,-29.0,-26.0,-40.0,-19.0
-18.0,-8.0,1.0,1.0,-29.0,-25.0,-40.0,-19.0
-17.0,-8.0,1.0,0.0,-29.0,-26.0,-41.0,-19.0
-16.0,-10.0,0.0,0.0,-29.0,-26.0,-40.0,-19.0
-18.0,-9.0,1.0,1.0,-28.0,-26.0,-40.0,-18.0
-18.0,-8.0,1.0,0.0,-29.0,-26.0,-40.0,-19.0
-18.0,-8.0,1.0,0.0,-30.0,-26.0,-40.0,-20.0
-19.0,-8.0,2.0,1.0,-29.0,-26.0,-40.0,-19.0
-21.0,-7.0,4.0,1.0,-31.0,-27.0,-41.0,-21.0
-25.0,-9.0,10.0,2.0,-35.0,-35.0,-48.0,-26.0
-29.0,-13.0,18.0,4.0,-38.0,-42.0,-54.0,-30.0
-34.0,-15.0,24.0,6.0,-42.0,-49.0,-60.0,-34.0
-39.0,-16.0,30.0,7.0,-45.0,-55.0,-65.0,-39.0
-38.0,-11.0,26.0,5.0,-44.0,-52.0,-62.0,-38.0
-34.0,-2.0,17.0,2.0,-40.0,-41.0,-54.0,-31.0
-24.0,9.0,0.0,-2.0,-33.0,-24.0,-40.0,-20.0
-8.0,33.0,-33.0,-11.0,-18.0,8.0,-13.0,0.0
13.0,58.0,-73.0,-21.0,0.0,48.0,19.0,25.0
37.0,82.0,-114.0,-32.0,19.0,89.0,53.0,52.0
64.0,102.0,-158.0,-44.0,39.0,130.0,87.0,79.0
90.0,124.0,-200.0,-55.0,60.0,172.0,123.0,107.0
116.0,146.0,-242.0,-66.0,80.0,215.0,157.0,135.0
142.0,165.0,-285.0,-77.0,100.0,255.0,190.0,161.0
169.0,180.0,-325.0,-87.0,120.0,293.0,223.0,188.0
194.0,189.0,-357.0,-94.0,139.0,327.0,252.0,212.0
216.0,188.0,-384.0,-99.0,155.0,353.0,275.0,231.0
233.0,189.0,-405.0,-104.0,167.0,374.0,293.0,246.0
243.0,193.0,-420.0,-107.0,176.0,390.0,306.0,258.0
249.0,191.0,-426.0,-107.0,180.0,396.0,312.0,263.0
253.0,179.0,-424.0,-106.0,181.0,393.0,311.0,263.0
252.0,169.0,-417.0,-103.0,180.0,386.0,305.0,259.0
245.0,160.0,-403.0,-99.0,174.0,372.0,295.0,251.0
234.0,150.0,-385.0,-95.0,165.0,354.0,279.0,239.0
222.0,137.0,-363.0,-89.0,155.0,331.0,260.0,224.0
204.0,120.0,-332.0,-80.0,141.0,302.0,236.0,205.0
182.0,99.0,-295.0,-71.0,123.0,265.0,206.0,181.0
157.0,78.0,-255.0,-61.0,104.0,226.0,173.0,155.0
131.0,54.0,-210.0,-48.0,84.0,183.0,138.0,127.0
104.0,26.0,-163.0,-35.0,63.0,138.0,101.0,98.0
79.0,2.0,-121.0,-24.0,42.0,95.0,65.0,69.0
54.0,-16.0,-81.0,-14.0,23.0,55.0,32.0,43.0
28.0,-34.0,-39.0,-4.0,3.0,15.0,0.0,17.0
1.0,-51.0,-5.0,0.0,-17.0,-26.0,-35.0,-10.0
-25.0,-74.0,4.0,1.0,-39.0,-71.0,-74.0,-41.0
-54.0,-92.0,5.0,1.0,-60.0,-112.0,-107.0,-69.0
-73.0,-84.0,5.0,1.0,-75.0,-131.0,-125.0,-84.0
-79.0,-66.0,5.0,1.0,-78.0,-129.0,-124.0,-86.0
-72.0,-55.0,6.0,1.0,-71.0,-113.0,-112.0,-76.0
-59.0,-41.0,7.0,2.0,-61.0,-90.0,-93.0,-61.0
-44.0,-30.0,6.0,1.0,-49.0,-67.0,-74.0,-46.0
-31.0,-21.0,6.0,2.0,-39.0,-48.0,-58.0,-33.0
-22.0,-13.0,6.0,2.0,-32.0,-33.0,-46.0,-23.0
-20.0,-10.0,5.0,1.0,-30.0,-29.0,-42.0,-21.0
-18.0,-11.0,4.0,1.0,-30.0,-29.0,-42.0,-21.0
-19.0,-10.0,5.0,1.0,-29.0,-29.0,-42.0,-21.0
-20.0,-10.0,5.0,2.0,-30.0,-29.0,-42.0,-21.0
-20.0,-10.0,5.0,1.0,-31.0,-30.0,-43.0,-22.0
-20.0,-9.0,6.0,1.0,-30.0,-29.0,-42.0,-22.0
-21.0,-8.0,7.0,2.0,-31.0,-28.0,-42.0,-21.0
-21.0,-9.0,5.0,1.0,-31.0,-29.0,-42.0,-21.0
-20.0,-10.0,6.0,2.0,-30.0,-29.0,-42.0,-21.0
-19.0,-10.0,6.0,2.0,-30.0,-28.0,-42.0,-20.0
-19.0,-10.0,5.0,1.0,-30.0,-29.0,-42.0,-21.0
-18.0,-11.0,5.0,1.0,-30.0,-30.0,-42.0,-21.0
-19.0,-10.0,5.0,2.0,-29.0,-28.0,-42.0,-20.0
-20.0,-9.0,5.0,1.0,-30.0,-29.0,-42.0,-21.0
-20.0,-10.0,5.0,1.0,-31.0,-29.0,-42.0,-21.0
-20.0,-9.0,6.0,2.0,-30.0,-29.0,-42.0,-21.0
-21.0,-8.0,6.0,2.0,-30.0,-28.0,-41.0,-21.0
-20.0,-9.0,5.0,1.0,-31.0,-29.0,-42.0,-21.0
-19.0,-10.0,6.0,1.0,-30.0,-29.0,-41.0,-21.0
-20.0,-10.0,6.0,2.0,-30.0,-28.0,-41.0,-20.0
-19.0,-10.0,5.0,1.0,-30.0,-29.0,-42.0,-20.0
-18.0,-11.0,4.0,1.0,-30.0,-29.0,-42.0,-21.0
-19.0,-10.0,5.0,1.0,-29.0,-29.0,-41.0,-20.0
-20.0,-9.0,5.0,1.0,-30.0,-29.0,-42.0,-21.0
-20.0,-10.0,5.0,1.0,-30.0,-29.0,-42.0,-21.0
-20.0,-10.0,5.0,1.0,-30.0,-29.0,-42.0,-21.0
-21.0,-8.0,7.0,2.0,-31.0,-28.0,-41.0,-20.0
-21.0,-9.0,6.0,1.0,-30.0,-29.0,-42.0,-21.0
-20.0,-10.0,5.0,1.0,-30.0,-29.0,-41.0,-21.0
-20.0,-9.0,5.0,1.0,-30.0,-28.0,-41.0,-20.0
-19.0,-10.0,5.0,1.0,-30.0,-29.0,-42.0,-21.0
-18.0,-11.0,4.0,1.0,-29.0,-29.0,-41.0,-20.0
-19.0,-10.0,5.0,1.0,-29.0,-29.0,-41.0,-20.0
-19.0,-10.0,5.0,1.0,-30.0,-29.0,-42.0,-21.0
-20.0,-10.0,5.0,1.0,-31.0,-29.0,-42.0,-21.0
-20.0,-9.0,6.0,1.0,-30.0,-28.0,-41.0,-21.0
-21.0,-8.0,6.0,2.0,-30.0,-28.0,-41.0,-21.0
-20.0,-9.0,5.0,1.0,-30.0,-28.0,-41.0,-21.0
-20.0,-10.0,5.0,1.0,-30.0,-28.0,-41.0,-20.0
-19.0,-9.0,6.0,2.0,-29.0,-27.0,-40.0,-20.0
-17.0,-8.0,8.0,2.0,-27.0,-25.0,-38.0,-18.0
-15.0,-9.0,8.0,2.0,-27.0,-24.0,-38.0,-18.0
-15.0,-8.0,10.0,3.0,-26.0,-23.0,-36.0,-17.0
-15.0,-6.0,13.0,3.0,-25.0,-21.0,-35.0,-16.0
-14.0,-6.0,14.0,3.0,-25.0,-20.0,-34.0,-15.0
-12.0,-7.0,16.0,4.0,-24.0,-18.0,-32.0,-13.0
-13.0,-7.0,17.0,4.0,-24.0,-17.0,-32.0,-13.0
-12.0,-8.0,16.0,3.0,-24.0,-18.0,-32.0,-13.0
-11.0,-8.0,17.0,4.0,-23.0,-17.0,-31.0,-12.0
-9.0,-7.0,20.0,5.0,-21.0,-14.0,-28.0,-10.0
-8.0,-7.0,20.0,5.0,-21.0,-13.0,-28.0,-10.0
-7.0,-8.0,19.0,4.0,-21.0,-14.0,-28.0,-10.0
-7.0,-8.0,21.0,5.0,-19.0,-12.0,-27.0,-9.0
-6.0,-9.0,22.0,4.0,-19.0,-12.0,-26.0,-8.0
-6.0,-8.0,23.0,4.0,-19.0,-11.0,-26.0,-8.0
-6.0,-5.0,25.0,5.0,-19.0,-9.0,-25.0,-7.0
-6.0,-5.0,26.0,7.0,-18.0,-8.0,-24.0,-6.0
-4.0,-7.0,26.0,6.0,-18.0,-7.0,-23.0,-6.0
-3.0,-8.0,26.0,6.0,-17.0,-7.0,-23.0,-5.0
-2.0,-7.0,28.0,6.0,-16.0,-5.0,-21.0,-3.0
0.0,-6.0,32.0,7.0,-14.0,-2.0,-18.0,-1.0
4.0,-5.0,35.0,7.0,-11.0,1.0,-14.0,1.0
6.0,-2.0,41.0,9.0,-8.0,6.0,-10.0,5.0
7.0,0.0,44.0,10.0,-8.0,9.0,-8.0,6.0
9.0,0.0,45.0,10.0,-8.0,10.0,-7.0,6.0
11.0,2.0,50.0,12.0,-5.0,15.0,-3.0,9.0
12.0,5.0,55.0,13.0,-3.0,20.0,0.0,12.0
16.0,6.0,59.0,14.0,-1.0,24.0,3.0,15.0
19.0,7.0,63.0,15.0,0.0,28.0,7.0,18.0
23.0,7.0,67.0,16.0,3.0,32.0,10.0,22.0
26.0,6.0,69.0,16.0,5.0,35.0,12.0,24.0
30.0,7.0,73.0,16.0,7.0,38.0,15.0,27.0
32.0,10.0,79.0,18.0,10.0,43.0,20.0,30.0
35.0,12.0,83.0,19.0,11.0,47.0,24.0,32.0
37.0,14.0,87.0,20.0,13.0,51.0,27.0,35.0
40.0,14.0,90.0,21.0,15.0,54.0,30.0,37.0
41.0,15.0,95.0,23.0,17.0,58.0,33.0,40.0
43.0,15.0,96.0,23.0,18.0,60.0,34.0,41.0
45.0,15.0,98.0,23.0,20.0,62.0,36.0,43.0
46.0,16.0,99.0,23.0,21.0,64.0,38.0,44.0
48.0,14.0,100.0,23.0,22.0,65.0,39.0,46.0
50.0,12.0,100.0,22.0,23.0,65.0,39.0,46.0
50.0,12.0,101.0,23.0,24.0,66.0,41.0,46.0
51.0,14.0,104.0,24.0,24.0,68.0,42.0,47.0
52.0,15.0,105.0,24.0,24.0,69.0,42.0,48.0
51.0,15.0,105.0,24.0,25.0,69.0,43.0,48.0
50.0,16.0,106.0,25.0,24.0,70.0,43.0,48.0
49.0,14.0,102.0,24.0,22.0,67.0,40.0,46.0
49.0,12.0,100.0,23.0,22.0,65.0,39.0,46.0
48.0,10.0,99.0,22.0,22.0,64.0,38.0,45.0
47.0,9.0,96.0,22.0,21.0,61.0,36.0,43.0
47.0,6.0,93.0,20.0,20.0,58.0,33.0,41.0
45.0,7.0,92.0,21.0,19.0,57.0,32.0,40.0
43.0,6.0,89.0,20.0,18.0,54.0,30.0,39.0
40.0,6.0,87.0,19.0,16.0,52.0,28.0,36.0
39.0,4.0,84.0,18.0,15.0,49.0,26.0,35.0
35.0,3.0,81.0,18.0,12.0,46.0,23.0,32.0
33.0,3.0,78.0,17.0,10.0,43.0,20.0,30.0
32.0,1.0,74.0,16.0,10.0,39.0,17.0,28.0
31.0,-2.0,71.0,15.0,9.0,36.0,15.0,27.0
29.0,-4.0,66.0,14.0,7.0,32.0,11.0,24.0
28.0,-8.0,61.0,11.0,5.0,28.0,8.0,21.0
26.0,-11.0,59.0,11.0,5.0,25.0,6.0,20.0
22.0,-12.0,55.0,10.0,2.0,20.0,2.0,16.0
20.0,-13.0,51.0,9.0,0.0,16.0,0.0,13.0
16.0,-10.0,49.0,9.0,-1.0,15.0,-2.0,11.0
13.0,-8.0,47.0,10.0,-4.0,12.0,-4.0,9.0
11.0,-9.0,44.0,8.0,-5.0,9.0,-7.0,7.0
11.0,-11.0,41.0,8.0,-6.0,7.0,-8.0,6.0
10.0,-12.0,39.0,8.0,-7.0,5.0,-10.0,5.0
9.0,-11.0,38.0,7.0,-8.0,4.0,-11.0,4.0
7.0,-12.0,34.0,6.0,-9.0,1.0,-14.0,2.0
5.0,-12.0,32.0,7.0,-10.0,0.0,-15.0,1.0
2.0,-10.0,32.0,7.0,-12.0,-1.0,-16.0,0.0
1.0,-11.0,29.0,6.0,-13.0,-4.0,-19.0,-2.0
0.0,-11.0,27.0,5.0,-14.0,-6.0,-21.0,-3.0
-3.0,-9.0,26.0,6.0,-15.0,-6.0,-21.0,-5.0
-4.0,-8.0,25.0,5.0,-17.0,-8.0,-23.0,-6.0
-4.0,-10.0,22.0,4.0,-17.0,-10.0,-24.0,-7.0
-5.0,-11.0,20.0,4.0,-18.0,-11.0,-25.0,-8.0
-6.0,-10.0,19.0,4.0,-19.0,-13.0,-26.0,-8.0
-6.0,-13.0,17.0,3.0,-20.0,-15.0,-29.0,-9.0
-8.0,-13.0,16.0,3.0,-20.0,-16.0,-29.0,-10.0
-10.0,-11.0,15.0,3.0,-21.0,-17.0,-30.0,-12.0
-11.0,-10.0,13.0,3.0,-23.0,-19.0,-32.0,-14.0
-14.0,-9.0,10.0,2.0,-25.0,-21.0,-34.0,-16.0
-17.0,-9.0,10.0,3.0,-26.0,-22.0,-35.0,-16.0
-18.0,-8.0,8.0,2.0,-27.0,-24.0,-37.0,-18.0
-18.0,-7.0,7.0,2.0,-26.0,-24.0,-37.0,-18.0
-18.0,-7.0,7.0,2.0,-26.0,-25.0,-37.0,-18.0
-18.0,-8.0,6.0,2.0,-27.0,-25.0,-37.0,-18.0
-18.0,-10.0,3.0,0.0,-28.0,-28.0,-40.0,-20.0
-19.0,-10.0,2.0,0.0,-29.0,-29.0,-41.0,-21.0
-20.0,-9.0,3.0,1.0,-29.0,-29.0,-41.0,-21.0
-20.0,-9.0,2.0,0.0,-30.0,-30.0,-42.0,-21.0
-20.0,-9.0,3.0,1.0,-29.0,-29.0,-41.0,-21.0
-22.0,-8.0,3.0,2.0,-30.0,-29.0,-40.0,-21.0
-21.0,-8.0,3.0,1.0,-30.0,-29.0,-41.0,-22.0
-20.0,-9.0,2.0,1.0,-30.0,-29.0,-41.0,-21.0
-20.0,-9.0,2.0,1.0,-29.0,-29.0,-40.0,-20.0
-20.0,-10.0,2.0,1.0,-29.0,-29.0,-40.0,-20.0
-19.0,-11.0,1.0,0.0,-29.0,-30.0,-41.0,-21.0
-19.0,-11.0,2.0,1.0,-28.0,-29.0,-40.0,-20.0
-20.0,-10.0,3.0,1.0,-29.0,-29.0,-40.0,-21.0
-21.0,-9.0,2.0,0.0,-29.0,-30.0,-41.0,-22.0
-21.0,-9.0,3.0,0.0,-29.0,-29.0,-41.0,-21.0
-22.0,-8.0,3.0,1.0,-30.0,-29.0,-41.0,-21.0
-21.0,-9.0,3.0,1.0,-30.0,-29.0,-41.0,-21.0
-20.0,-9.0,2.0,1.0,-29.0,-29.0,-41.0,-21.0
-20.0,-9.0,2.0,1.0,-29.0,-29.0,-40.0,-20.0
-20.0,-9.0,2.0,1.0,-29.0,-29.0,-40.0,-20.0
-19.0,-10.0,1.0,0.0,-29.0,-29.0,-41.0,-21.0
-19.0,-10.0,2.0,1.0,-28.0,-28.0,-40.0,-20.0
-20.0,-9.0,2.0,1.0,-28.0,-29.0,-40.0,-21.0
-20.0,-9.0,2.0,1.0,-29.0,-29.0,-41.0,-21.0
-20.0,-9.0,2.0,1.0,-29.0,-29.0,-40.0,-21.0
-22.0,-8.0,3.0,1.0,-29.0,-28.0,-40.0,-21.0
-22.0,-8.0,3.0,1.0,-30.0,-29.0,-41.0,-21.0
-20.0,-9.0,2.0,1.0,-30.0,-29.0,-40.0,-21.0
-20.0,-9.0,3.0,1.0,-29.0,-28.0,-40.0,-21.0
-20.0,-9.0,3.0,1.0,-29.0,-28.0,-40.0,-20.0
-19.0,-10.0,1.0,0.0,-29.0,-29.0,-41.0,-21.0
-19.0,-10.0,2.0,1.0,-28.0,-29.0,-40.0,-20.0
-20.0,-9.0,3.0,1.0,-28.0,-29.0,-40.0,-20.0
-20.0,-9.0,2.0,1.0,-29.0,-29.0,-41.0,-22.0
-20.0,-9.0,2.0,1.0,-29.0,-29.0,-40.0,-21.0
-21.0,-8.0,3.0,1.0,-29.0,-28.0,-40.0,-21.0
-21.0,-8.0,3.0,1.0,-30.0,-28.0,-40.0,-21.0
-20.0,-9.0,2.0,1.0,-29.0,-28.0,-40.0,-20.0
-20.0,-9.0,2.0,1.0,-29.0,-28.0,-40.0,-20.0
-20.0,-9.0,2.0,1.0,-29.0,-29.0,-40.0,-21.0
-18.0,-10.0,1.0,0.0,-29.0,-29.0,-40.0,-21.0
-19.0,-10.0,2.0,1.0,-28.0,-29.0,-40.0,-20.0
-20.0,-9.0,2.0,1.0,-28.0,-28.0,-40.0,-20.0
-20.0,-9.0,2.0,0.0,-29.0,-29.0,-40.0,-21.0
-20.0,-9.0,2.0,1.0,-29.0,-29.0,-40.0,-21.0
-21.0,-8.0,4.0,1.0,-29.0,-28.0,-39.0,-21.0
-21.0,-8.0,3.0,1.0,-29.0,-28.0,-40.0,-21.0
-20.0,-9.0,2.0,0.0,-29.0,-28.0,-40.0,-21.0
-19.0,-9.0,3.0,1.0,-28.0,-28.0,-39.0,-20.0
-19.0,-9.0,2.0,1.0,-28.0,-28.0,-39.0,-20.0
-18.0,-10.0,2.0,0.0,-28.0,-29.0,-40.0,-20.0
-19.0,-10.0,2.0,1.0,-27.0,-28.0,-39.0,-20.0
-20.0,-9.0,2.0,1.0,-28.0,-28.0,-39.0,-20.0
-20.0,-9.0,2.0,0.0,-29.0,-29.0,-40.0,-20.0
-20.0,-9.0,2.0,0.0,-29.0,-28.0,-40.0,-21.0
-21.0,-8.0,3.0,1.0,-29.0,-28.0,-39.0,-21.0
-21.0,-8.0,3.0,1.0,-30.0,-28.0,-40.0,-21.0
-20.0,-9.0,2.0,0.0,-29.0,-28.0,-40.0,-21.0
-19.0,-9.0,2.0,1.0,-28.0,-28.0,-39.0,-20.0
-20.0,-9.0,2.0,1.0,-28.0,-28.0,-39.0,-20.0
-18.0,-10.0,1.0,0.0,-28.0,-29.0,-40.0,-20.0
-18.0,-10.0,2.0,0.0,-27.0,-28.0,-39.0,-19.0
-20.0,-9.0,2.0,1.0,-28.0,-28.0,-39.0,-20.0
-20.0,-9.0,2.0,0.0,-29.0,-28.0,-40.0,-21.0
-20.0,-9.0,2.0,1.0,-28.0,-28.0,-40.0,-21.0
-21.0,-8.0,3.0,1.0,-29.0,-28.0,-39.0,-20.0
-20.0,-8.0,3.0,1.0,-29.0,-28.0,-40.0,-21.0
-20.0,-9.0,2.0,0.0,-29.0,-28.0,-39.0,-20.0
-19.0,-9.0,2.0,0.0,-28.0,-28.0,-39.0,-20.0
-19.0,-9.0,2.0,0.0,-28.0,-28.0,-39.0,-20.0
-18.0,-10.0,1.0,0.0,-28.0,-28.0,-39.0,-20.0
-18.0,-10.0,2.0,0.0,-27.0,-28.0,-39.0,-19.0
-19.0,-9.0,2.0,1.0,-27.0,-28.0,-39.0,-20.0
-20.0,-9.0,2.0,0.0,-29.0,-28.0,-40.0,-21.0
-20.0,-9.0,2.0,0.0,-28.0,-28.0,-39.0,-21.0
-21.0,-8.0,3.0,2.0,-28.0,-27.0,-39.0,-20.0
-20.0,-8.0,3.0,1.0,-29.0,-28.0,-39.0,-21.0
-19.0,-9.0,2.0,0.0,-29.0,-28.0,-39.0,-20.0
-20.0,-9.0,2.0,1.0,-28.0,-27.0,-39.0,-20.0
-19.0,-9.0,2.0,1.0,-28.0,-27.0,-39.0,-19.0
-18.0,-10.0,1.0,0.0,-28.0,-28.0,-40.0,-20.0
-18.0,-10.0,2.0,0.0,-27.0,-28.0,-39.0,-20.0
-19.0,-9.0,2.0,1.0,-28.0,-28.0,-39.0,-20.0
-19.0,-9.0,2.0,0.0,-28.0,-28.0,-39.0,-20.0
-20.0,-9.0,2.0,0.0,-27.0,-28.0,-39.0,-20.0
-21.0,-8.0,3.0,1.0,-28.0,-27.0,-39.0,-20.0
-20.0,-8.0,3.0,1.0,-29.0,-28.0,-39.0,-20.0
-19.0,-8.0,2.0,1.0,-28.0,-27.0,-39.0,-20.0
-19.0,-9.0,3.0,1.0,-28.0,-27.0,-38.0,-20.0
-19.0,-9.0,2.0,1.0,-28.0,-27.0,-39.0,-20.0
-18.0,-10.0,1.0,0.0,-28.0,-28.0,-39.0,-20.0
-18.0,-10.0,2.0,0.0,-27.0,-28.0,-39.0,-20.0
-19.0,-9.0,3.0,1.0,-27.0,-27.0,-38.0,-20.0
-19.0,-9.0,2.0,0.0,-28.0,-28.0,-39.0,-21.0
-19.0,-9.0,2.0,0.0,-28.0,-28.0,-39.0,-21.0
-21.0,-8.0,3.0,1.0,-28.0,-27.0,-38.0,-20.0
-21.0,-8.0,3.0,1.0,-28.0,-27.0,-38.0,-20.0
-19.0,-9.0,2.0,0.0,-27.0,-27.0,-39.0,-20.0
-19.0,-8.0,2.0,1.0,-27.0,-27.0,-38.0,-19.0
-19.0,-9.0,2.0,1.0,-28.0,-27.0,-38.0,-19.0
-18.0,-10.0,2.0,0.0,-27.0,-28.0,-39.0,-20.0
-18.0,-10.0,2.0,0.0,-26.0,-27.0,-38.0,-19.0
-19.0,-9.0,2.0,0.0,-27.0,-27.0,-38.0,-19.0
-19.0,-9.0,2.0,0.0,-28.0,-28.0,-39.0,-20.0
-19.0,-9.0,2.0,0.0,-28.0,-28.0,-39.0,-20.0
-20.0,-8.0,3.0,1.0,-28.0,-27.0,-38.0,-20.0
-20.0,-8.0,3.0,1.0,-29.0,-27.0,-38.0,-21.0
-19.0,-9.0,2.0,0.0,-28.0,-27.0,-39.0,-20.0
-19.0,-9.0,2.0,1.0,-27.0,-27.0,-38.0,-19.0
-19.0,-9.0,2.0,1.0,-27.0,-27.0,-37.0,-19.0
-18.0,-10.0,1.0,0.0,-27.0,-28.0,-39.0,-20.0
-18.0,-10.0,2.0,0.0,-26.0,-27.0,-38.0,-19.0
-19.0,-9.0,3.0,1.0,-27.0,-27.0,-38.0,-19.0
-19.0,-9.0,2.0,0.0,-28.0,-28.0,-39.0,-20.0
-19.0,-9.0,2.0,0.0,-28.0,-28.0,-39.0,-20.0
-20.0,-8.0,3.0,1.0,-28.0,-27.0,-38.0,-20.0
-20.0,-7.0,3.0,1.0,-29.0,-27.0,-38.0,-20.0
-19.0,-9.0,3.0,0.0,-28.0,-27.0,-38.0,-20.0
-19.0,-9.0,2.0,0.0,-27.0,-26.0,-38.0,-19.0
-19.0,-9.0,2.0,1.0,-27.0,-27.0,-38.0,-19.0
-18.0,-10.0,1.0,0.0,-27.0,-27.0,-38.0,-20.0
-18.0,-10.0,1.0,0.0,-26.0,-27.0,-38.0,-19.0
-19.0,-9.0,2.0,0.0,-27.0,-27.0,-38.0,-19.0
-19.0,-9.0,2.0,0.0,-28.0,-27.0,-38.0,-20.0
-19.0,-8.0,2.0,0.0,-27.0,-27.0,-38.0,-20.0
-20.0,-8.0,3.0,1.0,-28.0,-27.0,-38.0,-20.0
-20.0,-7.0,3.0,1.0,-28.0,-27.0,-38.0,-20.0
-19.0,-8.0,2.0,0.0,-28.0,-27.0,-38.0,-20.0
-19.0,-9.0,2.0,1.0,-27.0,-27.0,-37.0,-19.0
-19.0,-8.0,2.0,1.0,-27.0,-27.0,-37.0,-19.0
-18.0,-9.0,1.0,0.0,-27.0,-27.0,-38.0,-19.0
-17.0,-10.0,1.0,0.0,-26.0,-27.0,-37.0,-19.0
-18.0,-9.0,2.0,0.0,-27.0,-27.0,-38.0,-19.0
-19.0,-9.0,2.0,0.0,-28.0,-27.0,-38.0,-20.0
-19.0,-9.0,2.0,0.0,-27.0,-27.0,-38.0,-20.0
-20.0,-8.0,3.0,1.0,-27.0,-27.0,-38.0,-20.0
-20.0,-7.0,3.0,1.0,-28.0,-27.0,-38.0,-20.0
-19.0,-8.0,2.0,0.0,-28.0,-27.0,-38.0,-20.0
-19.0,-9.0,2.0,1.0,-27.0,-26.0,-37.0,-19.0
-18.0,-9.0,2.0,0.0,-27.0,-27.0,-37.0,-19.0
-17.0,-9.0,1.0,0.0,-27.0,-28.0,-38.0,-20.0
-17.0,-10.0,1.0,0.0,-26.0,-27.0,-37.0,-19.0
-19.0,-8.0,2.0,1.0,-27.0,-27.0,-37.0,-19.0
-19.0,-8.0,2.0,0.0,-27.0,-27.0,-38.0,-20.0
-19.0,-8.0,2.0,0.0,-28.0,-27.0,-38.0,-20.0
-20.0,-8.0,3.0,1.0,-27.0,-26.0,-37.0,-20.0
-20.0,-7.0,3.0,1.0,-28.0,-26.0,-37.0,-19.0
-19.0,-9.0,2.0,0.0,-27.0,-26.0,-37.0,-20.0
-19.0,-9.0,2.0,1.0,-27.0,-26.0,-37.0,-19.0
-19.0,-8.0,2.0,1.0,-27.0,-26.0,-37.0,-19.0
-17.0,-9.0,2.0,0.0,-26.0,-26.0,-36.0,-18.0
-14.0,-7.0,6.0,1.0,-23.0,-22.0,-33.0,-15.0
-13.0,-5.0,10.0,2.0,-22.0,-18.0,-30.0,-13.0
-12.0,-5.0,12.0,2.0,-22.0,-17.0,-29.0,-13.0
-10.0,-4.0,15.0,4.0,-20.0,-14.0,-26.0,-11.0
-7.0,-5.0,20.0,5.0,-17.0,-9.0,-23.0,-7.0
-4.0,-5.0,23.0,6.0,-15.0,-6.0,-20.0,-5.0
-1.0,-6.0,25.0,5.0,-14.0,-4.0,-18.0,-3.0
1.0,-6.0,28.0,6.0,-11.0,-1.0,-15.0,0.0
2.0,-7.0,29.0,6.0,-9.0,0.0,-13.0,0.0
4.0,-6.0,30.0,6.0,-9.0,1.0,-13.0,1.0
4.0,-4.0,31.0,6.0,-8.0,2.0,-12.0,2.0
4.0,-4.0,33.0,7.0,-8.0,3.0,-11.0,3.0
6.0,-5.0,33.0,6.0,-8.0,4.0,-11.0,2.0
5.0,-6.0,33.0,6.0,-8.0,4.0,-10.0,3.0
5.0,-5.0,34.0,7.0,-8.0,4.0,-10.0,3.0
4.0,-4.0,35.0,8.0,-9.0,5.0,-10.0,3.0
5.0,-6.0,34.0,7.0,-8.0,4.0,-10.0,3.0
5.0,-8.0,32.0,6.0,-7.0,3.0,-11.0,3.0
6.0,-10.0,31.0,6.0,-8.0,2.0,-11.0,2.0
6.0,-11.0,30.0,6.0,-8.0,1.0,-12.0,2.0
7.0,-11.0,30.0,6.0,-7.0,1.0,-11.0,3.0
4.0,-9.0,30.0,6.0,-8.0,1.0,-12.0,2.0
3.0,-8.0,29.0,6.0,-10.0,0.0,-14.0,0.0
3.0,-7.0,29.0,6.0,-10.0,0.0,-14.0,0.0
2.0,-7.0,30.0,6.0,-10.0,0.0,-13.0,0.0
0.0,-7.0,27.0,5.0,-12.0,-2.0,-15.0,-2.0
0.0,-9.0,25.0,5.0,-13.0,-4.0,-17.0,-2.0
0.0,-9.0,24.0,5.0,-13.0,-4.0,-17.0,-2.0
0.0,-10.0,22.0,5.0,-13.0,-6.0,-19.0,-3.0
-1.0,-12.0,19.0,3.0,-14.0,-8.0,-21.0,-5.0
-2.0,-11.0,18.0,3.0,-15.0,-9.0,-22.0,-6.0
-5.0,-9.0,18.0,4.0,-16.0,-10.0,-23.0,-7.0
-7.0,-10.0,15.0,3.0,-18.0,-13.0,-26.0,-10.0
-8.0,-10.0,14.0,2.0,-19.0,-15.0,-26.0,-10.0
-10.0,-7.0,13.0,3.0,-20.0,-16.0,-27.0,-11.0
-12.0,-6.0,12.0,3.0,-22.0,-16.0,-29.0,-12.0
-14.0,-8.0,8.0,1.0,-23.0,-20.0,-31.0,-14.0
-15.0,-7.0,6.0,1.0,-24.0,-22.0,-33.0,-15.0
-17.0,-7.0,5.0,1.0,-25.0,-23.0,-34.0,-17.0
-17.0,-9.0,2.0,0.0,-26.0,-26.0,-37.0,-19.0
-17.0,-10.0,1.0,1.0,-26.0,-27.0,-37.0,-18.0
-18.0,-9.0,2.0,1.0,-26.0,-26.0,-36.0,-19.0
-18.0,-8.0,1.0,0.0,-27.0,-27.0,-37.0,-20.0
-19.0,-8.0,1.0,0.0,-27.0,-27.0,-37.0,-20.0
-20.0,-7.0,2.0,1.0,-26.0,-26.0,-36.0,-19.0
-20.0,-7.0,3.0,1.0,-27.0,-26.0,-37.0,-19.0
-19.0,-8.0,2.0,0.0,-27.0,-26.0,-37.0,-20.0
-18.0,-8.0,2.0,0.0,-26.0,-26.0,-36.0,-19.0
-18.0,-8.0,2.0,1.0,-26.0,-26.0,-36.0,-18.0
-17.0,-9.0,1.0,0.0,-27.0,-27.0,-37.0,-19.0
-17.0,-10.0,0.0,0.0,-25.0,-26.0,-37.0,-19.0
-18.0,-9.0,2.0,0.0,-25.0,-26.0,-36.0,-18.0
-19.0,-8.0,2.0,0.0,-27.0,-26.0,-37.0,-19.0
-18.0,-8.0,1.0,0.0,-27.0,-26.0,-37.0,-19.0
-19.0,-8.0,2.0,1.0,-26.0,-26.0,-37.0,-19.0
-19.0,-7.0,3.0,1.0,-27.0,-26.0,-37.0,-19.0
-19.0,-8.0,1.0,0.0,-27.0,-26.0,-37.0,-19.0
-18.0,-8.0,2.0,0.0,-26.0,-26.0,-36.0,-19.0
-18.0,-8.0,2.0,1.0,-25.0,-25.0,-35.0,-18.0
-17.0,-9.0,1.0,0.0,-26.0,-26.0,-37.0,-19.0
-16.0,-10.0,0.0,0.0,-25.0,-26.0,-37.0,-19.0
-18.0,-8.0,2.0,1.0,-25.0,-26.0,-36.0,-18.0
-19.0,-8.0,1.0,0.0,-26.0,-26.0,-37.0,-19.0
-18.0,-8.0,1.0,0.0,-26.0,-26.0,-37.0,-19.0
-19.0,-8.0,2.0,1.0,-26.0,-26.0,-36.0,-19.0
-20.0,-7.0,2.0,1.0,-27.0,-26.0,-36.0,-19.0
-19.0,-8.0,2.0,0.0,-27.0,-26.0,-37.0,-19.0
-18.0,-8.0,2.0,0.0,-26.0,-26.0,-36.0,-19.0
-18.0,-8.0,2.0,1.0,-26.0,-25.0,-35.0,-18.0
-17.0,-9.0,1.0,0.0,-26.0,-26.0,-36.0,-19.0
-16.0,-9.0,1.0,0.0,-25.0,-26.0,-36.0,-18.0
-18.0,-8.0,1.0,0.0,-25.0,-25.0,-36.0,-19.0
-18.0,-8.0,2.0,0.0,-26.0,-26.0,-36.0,-20.0
-18.0,-8.0,1.0,0.0,-26.0,-26.0,-36.0,-19.0
-19.0,-8.0,2.0,1.0,-26.0,-25.0,-36.0,-19.0
-21.0,-7.0,4.0,1.0,-27.0,-27.0,-37.0,-20.0
-25.0,-9.0,10.0,2.0,-32.0,-35.0,-44.0,-25.0
-29.0,-14.0,18.0,4.0,-35.0,-42.0,-50.0,-30.0
-34.0,-16.0,25.0,6.0,-38.0,-48.0,-55.0,-34.0
-38.0,-17.0,30.0,7.0,-41.0,-55.0,-61.0,-39.0
-38.0,-11.0,27.0,5.0,-41.0,-52.0,-59.0,-37.0
-34.0,-2.0,17.0,3.0,-37.0,-42.0,-50.0,-31.0
-25.0,8.0,0.0,-2.0,-29.0,-24.0,-36.0,-21.0
-8.0,32.0,-32.0,-11.0,-15.0,7.0,-10.0,-1.0
12.0,58.0,-71.0,-21.0,2.0,47.0,22.0,24.0
37.0,81.0,-113.0,-32.0,21.0,89.0,57.0,51.0
64.0,102.0,-156.0,-44.0,42.0,130.0,91.0,78.0
90.0,123.0,-198.0,-54.0,62.0,172.0,126.0,107.0
116.0,145.0,-241.0,-65.0,83.0,213.0,160.0,134.0
142.0,165.0,-283.0,-77.0,102.0,253.0,193.0,161.0
169.0,180.0,-323.0,-87.0,123.0,292.0,226.0,188.0
193.0,188.0,-356.0,-93.0,142.0,327.0,256.0,212.0
216.0,187.0,-383.0,-99.0,157.0,352.0,278.0,231.0
233.0,189.0,-405.0,-104.0,170.0,373.0,296.0,246.0
244.0,193.0,-420.0,-107.0,179.0,390.0,310.0,258.0
249.0,191.0,-425.0,-107.0,184.0,396.0,316.0,263.0
254.0,179.0,-424.0,-106.0,185.0,393.0,315.0,263.0
253.0,169.0,-416.0,-103.0,183.0,386.0,309.0,260.0
245.0,160.0,-403.0,-99.0,177.0,373.0,299.0,252.0
234.0,150.0,-385.0,-95.0,168.0,354.0,283.0,239.0
222.0,137.0,-363.0,-89.0,159.0,331.0,265.0,225.0
204.0,120.0,-332.0,-81.0,145.0,303.0,241.0,206.0
182.0,99.0,-295.0,-71.0,127.0,266.0,211.0,182.0
158.0,78.0,-255.0,-61.0,108.0,227.0,178.0,156.0
132.0,54.0,-211.0,-49.0,88.0,184.0,143.0,128.0
105.0,27.0,-164.0,-36.0,67.0,139.0,106.0,99.0
80.0,2.0,-122.0,-24.0,46.0,96.0,70.0,70.0
55.0,-15.0,-81.0,-14.0,27.0,57.0,37.0,44.0
29.0,-34.0,-40.0,-3.0,7.0,17.0,4.0,17.0
2.0,-51.0,-6.0,0.0,-14.0,-24.0,-31.0,-10.0
-25.0,-74.0,4.0,1.0,-35.0,-70.0,-68.0,-40.0
-53.0,-91.0,6.0,1.0,-57.0,-111.0,-103.0,-68.0
-73.0,-84.0,6.0,1.0,-71.0,-131.0,-121.0,-84.0
-79.0,-67.0,5.0,1.0,-74.0,-129.0,-121.0,-86.0
-73.0,-55.0,6.0,2.0,-68.0,-114.0,-109.0,-77.0
-59.0,-42.0,7.0,3.0,-57.0,-90.0,-89.0,-61.0
-44.0,-30.0,6.0,2.0,-46.0,-67.0,-71.0,-47.0
-31.0,-22.0,6.0,1.0,-36.0,-48.0,-54.0,-33.0
-23.0,-13.0,6.0,2.0,-29.0,-33.0,-42.0,-23.0
-20.0,-10.0,5.0,1.0,-27.0,-29.0,-39.0,-21.0
-19.0,-11.0,5.0,1.0,-26.0,-29.0,-38.0,-20.0
-20.0,-10.0,5.0,2.0,-26.0,-29.0,-38.0,-20.0
-20.0,-10.0,6.0,1.0,-27.0,-29.0,-39.0,-21.0
-20.0,-10.0,6.0,1.0,-27.0,-29.0,-39.0,-21.0
-21.0,-9.0,6.0,2.0,-27.0,-29.0,-38.0,-21.0
-21.0,-8.0,6.0,2.0,-28.0,-28.0,-38.0,-21.0
-21.0,-9.0,5.0,1.0,-28.0,-29.0,-39.0,-21.0
-20.0,-9.0,6.0,2.0,-27.0,-29.0,-38.0,-20.0
-20.0,-10.0,6.0,2.0,-27.0,-28.0,-37.0,-20.0
-19.0,-10.0,5.0,1.0,-27.0,-29.0,-38.0,-21.0
-19.0,-11.0,5.0,0.0,-26.0,-29.0,-38.0,-20.0
-19.0,-10.0,6.0,1.0,-26.0,-29.0,-37.0,-20.0
-20.0,-10.0,6.0,1.0,-27.0,-29.0,-38.0,-21.0
-20.0,-10.0,6.0,1.0,-27.0,-29.0,-38.0,-21.0
-21.0,-9.0,6.0,1.0,-27.0,-29.0,-38.0,-21.0
-21.0,-8.0,7.0,2.0,-27.0,-28.0,-38.0,-21.0
-20.0,-9.0,6.0,1.0,-28.0,-29.0,-38.0,-21.0
-20.0,-10.0,6.0,2.0,-27.0,-28.0,-37.0,-20.0
-19.0,-10.0,6.0,2.0,-27.0,-28.0,-37.0,-20.0
-19.0,-10.0,5.0,1.0,-27.0,-29.0,-38.0,-20.0
-18.0,-11.0,5.0,1.0,-26.0,-29.0,-38.0,-20.0
-19.0,-10.0,6.0,2.0,-26.0,-29.0,-37.0,-20.0
-19.0,-10.0,6.0,1.0,-27.0,-29.0,-38.0,-21.0
-20.0,-10.0,6.0,1.0,-27.0,-29.0,-38.0,-21.0
-19.0,-10.0,5.0,1.0,-27.0,-28.0,-38.0,-20.0
-18.0,-11.0,4.0,1.0,-26.0,-28.0,-38.0,-20.0
-18.0,-10.0,5.0,2.0,-26.0,-28.0,-37.0,-20.0
-19.0,-9.0,5.0,1.0,-28.0,-29.0,-38.0,-21.0
-20.0,-9.0,6.0,1.0,-27.0,-29.0,-38.0,-21.0
-20.0,-9.0,6.0,2.0,-27.0,-28.0,-38.0,-20.0
-21.0,-8.0,7.0,2.0,-27.0,-28.0,-37.0,-20.0
-21.0,-9.0,6.0,1.0,-28.0,-28.0,-37.0,-21.0
-20.0,-10.0,5.0,2.0,-27.0,-28.0,-37.0,-20.0
-19.0,-9.0,6.0,2.0,-26.0,-27.0,-36.0,-19.0
-17.0,-8.0,8.0,2.0,-25.0,-25.0,-35.0,-18.0
-15.0,-9.0,9.0,2.0,-24.0,-24.0,-34.0,-17.0
-16.0,-8.0,10.0,3.0,-23.0,-23.0,-33.0,-16.0
-15.0,-6.0,13.0,3.0,-23.0,-21.0,-31.0,-15.0
-14.0,-7.0,14.0,3.0,-22.0,-19.0,-30.0,-15.0
-12.0,-7.0,15.0,4.0,-21.0,-18.0,-29.0,-13.0
-13.0,-7.0,17.0,5.0,-21.0,-17.0,-27.0,-12.0
-12.0,-8.0,16.0,4.0,-21.0,-18.0,-28.0,-13.0
-11.0,-8.0,17.0,4.0,-20.0,-17.0,-27.0,-12.0
-9.0,-7.0,20.0,5.0,-18.0,-14.0,-25.0,-10.0
-8.0,-7.0,20.0,5.0,-18.0,-13.0,-24.0,-9.0
-6.0,-9.0,20.0,4.0,-17.0,-14.0,-24.0,-10.0
-7.0,-9.0,21.0,5.0,-16.0,-13.0,-23.0,-9.0
-6.0,-9.0,22.0,4.0,-16.0,-11.0,-23.0,-8.0
-6.0,-8.0,23.0,5.0,-16.0,-11.0,-23.0,-8.0
-6.0,-5.0,25.0,6.0,-15.0,-9.0,-21.0,-7.0
-6.0,-4.0,26.0,6.0,-15.0,-8.0,-20.0,-6.0
-3.0,-7.0,26.0,6.0,-15.0,-8.0,-20.0,-6.0
-3.0,-7.0,27.0,6.0,-14.0,-7.0,-19.0,-5.0
-2.0,-7.0,28.0,6.0,-12.0,-5.0,-17.0,-3.0
0.0,-6.0,31.0,7.0,-11.0,-2.0,-14.0,-1.0
4.0,-5.0,36.0,8.0,-8.0,1.0,-11.0,1.0
6.0,-2.0,41.0,10.0,-6.0,6.0,-7.0,4.0
7.0,0.0,44.0,10.0,-5.0,9.0,-5.0,6.0
8.0,0.0,46.0,10.0,-4.0,11.0,-3.0,7.0
11.0,1.0,50.0,11.0,-2.0,15.0,0.0,9.0
12.0,5.0,55.0,13.0,0.0,20.0,4.0,13.0
16.0,6.0,59.0,14.0,1.0,23.0,7.0,15.0
19.0,7.0,63.0,15.0,4.0,28.0,11.0,18.0
23.0,7.0,66.0,16.0,6.0,32.0,14.0,21.0
27.0,6.0,69.0,16.0,8.0,35.0,16.0,24.0
30.0,7.0,73.0,17.0,11.0,38.0,20.0,26.0
32.0,9.0,78.0,19.0,13.0,43.0,24.0,30.0
34.0,12.0,83.0,20.0,15.0,47.0,27.0,32.0
36.0,14.0,87.0,21.0,16.0,51.0,30.0,34.0
39.0,14.0,90.0,21.0,19.0,55.0,33.0,37.0
41.0,15.0,95.0,23.0,21.0,58.0,37.0,40.0
43.0,15.0,96.0,22.0,21.0,59.0,38.0,40.0
45.0,15.0,98.0,23.0,22.0,62.0,40.0,43.0
46.0,15.0,100.0,24.0,24.0,64.0,42.0,45.0
48.0,14.0,100.0,23.0,25.0,65.0,43.0,45.0
50.0,11.0,100.0,22.0,26.0,65.0,43.0,46.0
50.0,12.0,101.0,23.0,27.0,66.0,44.0,47.0
51.0,14.0,103.0,23.0,27.0,68.0,45.0,47.0
52.0,15.0,105.0,24.0,28.0,69.0,46.0,48.0
51.0,15.0,105.0,24.0,28.0,69.0,47.0,48.0
50.0,16.0,105.0,24.0,27.0,69.0,46.0,48.0
49.0,14.0,102.0,23.0,25.0,67.0,44.0,46.0
49.0,12.0,100.0,23.0,26.0,65.0,43.0,46.0
49.0,10.0,99.0,23.0,26.0,64.0,42.0,45.0
47.0,10.0,96.0,22.0,24.0,61.0,40.0,43.0
47.0,7.0,93.0,21.0,23.0,58.0,37.0,42.0
45.0,7.0,92.0,21.0,22.0,57.0,36.0,40.0
42.0,7.0,90.0,20.0,21.0,54.0,34.0,38.0
40.0,6.0,87.0,19.0,19.0,51.0,31.0,36.0
39.0,3.0,84.0,18.0,18.0,49.0,29.0,35.0
36.0,3.0,82.0,18.0,16.0,46.0,27.0,33.0
34.0,3.0,78.0,17.0,14.0,43.0,24.0,30.0
32.0,1.0,74.0,16.0,13.0,39.0,21.0,28.0
31.0,-1.0,71.0,15.0,12.0,36.0,19.0,27.0
29.0,-4.0,66.0,14.0,10.0,32.0,15.0,24.0
28.0,-8.0,61.0,12.0,8.0,28.0,12.0,21.0
26.0,-11.0,59.0,12.0,8.0,25.0,10.0,20.0
23.0,-13.0,55.0,10.0,5.0,20.0,6.0,16.0
20.0,-13.0,51.0,9.0,2.0,17.0,2.0,13.0
17.0,-10.0,49.0,10.0,1.0,15.0,1.0,12.0
13.0,-8.0,47.0,10.0,0.0,13.0,0.0,10.0
11.0,-9.0,44.0,9.0,-2.0,9.0,-3.0,7.0
11.0,-11.0,42.0,8.0,-3.0,8.0,-4.0,7.0
10.0,-12.0,39.0,8.0,-3.0,6.0,-6.0,6.0
8.0,-11.0,37.0,7.0,-4.0,4.0,-8.0,4.0
7.0,-12.0,34.0,6.0,-6.0,1.0,-10.0,2.0
5.0,-12.0,32.0,6.0,-7.0,0.0,-11.0,1.0
3.0,-11.0,31.0,6.0,-9.0,-1.0,-13.0,0.0
1.0,-11.0,29.0,5.0,-10.0,-3.0,-15.0,-2.0
0.0,-11.0,27.0,5.0,-11.0,-6.0,-17.0,-3.0
-3.0,-9.0,27.0,6.0,-13.0,-6.0,-17.0,-4.0
-3.0,-8.0,25.0,5.0,-14.0,-8.0,-19.0,-6.0
-4.0,-10.0,22.0,4.0,-14.0,-10.0,-20.0,-6.0
-5.0,-11.0,21.0,4.0,-15.0,-11.0,-21.0,-7.0
-6.0,-10.0,19.0,4.0,-16.0,-13.0,-23.0,-8.0
-5.0,-13.0,17.0,3.0,-16.0,-15.0,-25.0,-9.0
-7.0,-13.0,16.0,3.0,-17.0,-16.0,-25.0,-10.0
-10.0,-11.0,15.0,3.0,-18.0,-17.0,-27.0,-12.0
-11.0,-10.0,13.0,3.0,-20.0,-19.0,-28.0,-14.0
-14.0,-9.0,11.0,2.0,-22.0,-21.0,-31.0,-15.0
-16.0,-9.0,10.0,3.0,-22.0,-22.0,-31.0,-16.0
-18.0,-8.0,8.0,2.0,-24.0,-24.0,-33.0,-18.0
-18.0,-7.0,7.0,2.0,-24.0,-25.0,-34.0,-18.0
-18.0,-7.0,7.0,2.0,-24.0,-25.0,-34.0,-18.0
-18.0,-8.0,6.0,2.0,-25.0,-25.0,-34.0,-18.0
-18.0,-10.0,3.0,0.0,-25.0,-28.0,-37.0,-20.0
-19.0,-10.0,3.0,0.0,-26.0,-29.0,-37.0,-20.0
-20.0,-9.0,3.0,0.0,-27.0,-29.0,-38.0,-21.0
-21.0,-9.0,2.0,0.0,-27.0,-29.0,-38.0,-22.0
-21.0,-9.0,3.0,1.0,-26.0,-29.0,-37.0,-21.0
-22.0,-8.0,4.0,2.0,-27.0,-28.0,-37.0,-21.0
-21.0,-9.0,3.0,1.0,-27.0,-29.0,-38.0,-22.0
-21.0,-9.0,2.0,0.0,-26.0,-29.0,-38.0,-21.0
-20.0,-9.0,3.0,1.0,-26.0,-29.0,-37.0,-21.0
-20.0,-9.0,2.0,0.0,-26.0,-29.0,-37.0,-21.0
-19.0,-10.0,1.0,0.0,-26.0,-30.0,-37.0,-21.0
-19.0,-10.0,3.0,1.0,-25.0,-29.0,-37.0,-20.0
-20.0,-9.0,3.0,1.0,-26.0,-29.0,-37.0,-21.0
-20.0,-9.0,2.0,1.0,-27.0,-29.0,-38.0,-21.0
-20.0,-9.0,2.0,1.0,-27.0,-29.0,-38.0,-21.0
-22.0,-8.0,3.0,1.0,-27.0,-29.0,-37.0,-21.0
-22.0,-8.0,3.0,1.0,-27.0,-29.0,-37.0,-21.0
-20.0,-9.0,3.0,1.0,-26.0,-29.0,-37.0,-21.0
-20.0,-9.0,3.0,1.0,-26.0,-28.0,-36.0,-20.0
-20.0,-9.0,2.0,1.0,-26.0,-29.0,-37.0,-20.0
-19.0,-10.0,1.0,0.0,-26.0,-29.0,-37.0,-20.0
-19.0,-10.0,2.0,1.0,-24.0,-29.0,-36.0,-20.0
-20.0,-9.0,2.0,1.0,-26.0,-29.0,-37.0,-20.0
-20.0,-9.0,2.0,1.0,-26.0,-29.0,-37.0,-21.0
-20.0,-9.0,2.0,1.0,-26.0,-29.0,-37.0,-21.0
-22.0,-8.0,4.0,1.0,-26.0,-29.0,-36.0,-21.0
-21.0,-9.0,3.0,1.0,-27.0,-29.0,-37.0,-21.0
-20.0,-9.0,2.0,1.0,-26.0,-29.0,-37.0,-21.0
-20.0,-9.0,3.0,1.0,-25.0,-28.0,-36.0,-20.0
-20.0,-9.0,3.0,1.0,-26.0,-29.0,-36.0,-20.0
-18.0,-11.0,1.0,0.0,-26.0,-29.0,-37.0,-21.0
-19.0,-10.0,2.0,1.0,-25.0,-28.0,-37.0,-20.0
-20.0,-9.0,2.0,1.0,-26.0,-28.0,-37.0,-21.0
-20.0,-9.0,2.0,1.0,-26.0,-29.0,-37.0,-21.0
-20.0,-9.0,2.0,0.0,-26.0,-29.0,-37.0,-21.0
-22.0,-8.0,3.0,2.0,-26.0,-28.0,-36.0,-20.0
-21.0,-8.0,3.0,1.0,-26.0,-28.0,-36.0,-21.0
-20.0,-9.0,3.0,1.0,-26.0,-28.0,-36.0,-21.0
-20.0,-9.0,2.0,1.0,-26.0,-28.0,-36.0,-20.0
-19.0,-9.0,2.0,1.0,-26.0,-28.0,-36.0,-20.0
-18.0,-10.0,1.0,0.0,-26.0,-29.0,-37.0,-20.0
-19.0,-10.0,2.0,1.0,-24.0,-28.0,-36.0,-20.0
-20.0,-9.0,3.0,1.0,-26.0,-28.0,-36.0,-20.0
-20.0,-9.0,2.0,0.0,-26.0,-29.0,-37.0,-21.0
-20.0,-9.0,2.0,0.0,-26.0,-29.0,-37.0,-21.0
-21.0,-8.0,4.0,1.0,-26.0,-28.0,-36.0,-20.0
-21.0,-9.0,3.0,1.0,-26.0,-28.0,-36.0,-21.0
-20.0,-9.0,3.0,0.0,-26.0,-28.0,-36.0,-21.0
-20.0,-9.0,3.0,1.0,-25.0,-28.0,-36.0,-20.0
-19.0,-10.0,3.0,1.0,-25.0,-28.0,-36.0,-20.0
-18.0,-10.0,2.0,0.0,-25.0,-29.0,-37.0,-20.0
-19.0,-10.0,2.0,0.0,-25.0,-28.0,-36.0,-20.0
-20.0,-9.0,3.0,1.0,-26.0,-28.0,-36.0,-20.0
-20.0,-9.0,2.0,0.0,-26.0,-29.0,-36.0,-21.0
-20.0,-9.0,2.0,1.0,-25.0,-28.0,-36.0,-21.0
-21.0,-8.0,4.0,2.0,-26.0,-28.0,-36.0,-20.0
-21.0,-8.0,3.0,1.0,-27.0,-28.0,-36.0,-21.0
-20.0,-9.0,3.0,0.0,-26.0,-28.0,-36.0,-20.0
-19.0,-9.0,3.0,1.0,-25.0,-28.0,-35.0,-20.0
-19.0,-9.0,2.0,1.0,-25.0,-28.0,-36.0,-20.0
-18.0,-10.0,1.0,0.0,-25.0,-29.0,-37.0,-20.0
-19.0,-10.0,2.0,1.0,-24.0,-28.0,-36.0,-20.0
-19.0,-9.0,3.0,1.0,-25.0,-28.0,-36.0,-20.0
-20.0,-8.0,3.0,0.0,-26.0,-29.0,-36.0,-21.0
-20.0,-8.0,3.0,0.0,-26.0,-29.0,-37.0,-21.0
-21.0,-8.0,3.0,1.0,-25.0,-28.0,-36.0,-20.0
-21.0,-8.0,3.0,1.0,-26.0,-28.0,-36.0,-20.0
-20.0,-9.0,3.0,1.0,-25.0,-28.0,-36.0,-20.0
-20.0,-9.0,3.0,1.0,-25.0,-27.0,-35.0,-20.0
-19.0,-9.0,2.0,1.0,-25.0,-28.0,-35.0,-20.0
-18.0,-10.0,1.0,0.0,-25.0,-28.0,-36.0,-20.0
-18.0,-10.0,2.0,0.0,-24.0,-28.0,-36.0,-20.0
-19.0,-9.0,2.0,1.0,-25.0,-28.0,-36.0,-20.0
-20.0,-9.0,2.0,1.0,-26.0,-28.0,-36.0,-21.0
-20.0,-9.0,3.0,1.0,-25.0,-28.0,-36.0,-21.0
-21.0,-8.0,3.0,2.0,-25.0,-27.0,-35.0,-20.0
-21.0,-8.0,3.0,1.0,-26.0,-28.0,-36.0,-21.0
-20.0,-9.0,2.0,1.0,-26.0,-28.0,-36.0,-20.0
-19.0,-9.0,3.0,1.0,-24.0,-27.0,-35.0,-19.0
-19.0,-9.0,3.0,1.0,-25.0,-28.0,-35.0,-20.0
-18.0,-10.0,1.0,0.0,-25.0,-28.0,-36.0,-20.0
-18.0,-10.0,2.0,1.0,-24.0,-28.0,-35.0,-19.0
-20.0,-9.0,2.0,1.0,-25.0,-27.0,-36.0,-20.0
-20.0,-9.0,2.0,0.0,-24.0,-28.0,-36.0,-21.0
-19.0,-9.0,2.0,0.0,-25.0,-28.0,-36.0,-21.0
-21.0,-8.0,4.0,1.0,-25.0,-28.0,-35.0,-20.0
-21.0,-8.0,3.0,1.0,-26.0,-28.0,-36.0,-21.0
-19.0,-9.0,2.0,0.0,-26.0,-28.0,-36.0,-20.0
-19.0,-9.0,3.0,1.0,-25.0,-27.0,-35.0,-20.0
-19.0,-9.0,2.0,0.0,-26.0,-28.0,-35.0,-20.0
-18.0,-10.0,1.0,0.0,-25.0,-28.0,-36.0,-20.0
-18.0,-10.0,2.0,0.0,-24.0,-27.0,-35.0,-19.0
-19.0,-9.0,2.0,1.0,-25.0,-27.0,-35.0,-19.0
-20.0,-9.0,2.0,0.0,-25.0,-28.0,-36.0,-20.0
-19.0,-9.0,2.0,0.0,-25.0,-28.0,-36.0,-20.0
-20.0,-8.0,4.0,2.0,-25.0,-27.0,-35.0,-20.0
-20.0,-8.0,3.0,1.0,-25.0,-27.0,-35.0,-20.0
-19.0,-9.0,2.0,0.0,-25.0,-27.0,-35.0,-20.0
-19.0,-9.0,3.0,1.0,-25.0,-27.0,-35.0,-19.0
-19.0,-9.0,3.0,1.0,-25.0,-27.0,-35.0,-19.0
-18.0,-10.0,1.0,0.0,-25.0,-28.0,-35.0,-20.0
-18.0,-10.0,2.0,0.0,-24.0,-27.0,-35.0,-19.0
-18.0,-9.0,2.0,0.0,-25.0,-27.0,-35.0,-19.0
-19.0,-9.0,2.0,0.0,-25.0,-28.0,-36.0,-20.0
-20.0,-9.0,2.0,0.0,-25.0,-28.0,-35.0,-20.0
-21.0,-8.0,3.0,1.0,-25.0,-27.0,-35.0,-19.0
-20.0,-8.0,3.0,1.0,-26.0,-27.0,-35.0,-20.0
-19.0,-9.0,2.0,0.0,-25.0,-27.0,-35.0,-20.0
-19.0,-9.0,3.0,1.0,-24.0,-27.0,-34.0,-19.0
-19.0,-9.0,2.0,1.0,-24.0,-27.0,-35.0,-19.0
-18.0,-10.0,2.0,0.0,-24.0,-27.0,-35.0,-19.0
-18.0,-10.0,2.0,0.0,-24.0,-27.0,-35.0,-19.0
-19.0,-9.0,3.0,1.0,-24.0,-27.0,-35.0,-19.0
-19.0,-8.0,2.0,0.0,-25.0,-28.0,-36.0,-20.0
-19.0,-8.0,2.0,1.0,-25.0,-27.0,-35.0,-20.0
-20.0,-8.0,3.0,2.0,-25.0,-27.0,-35.0,-20.0
-20.0,-7.0,3.0,1.0,-25.0,-27.0,-35.0,-20.0
-19.0,-8.0,2.0,0.0,-25.0,-27.0,-35.0,-20.0
-19.0,-9.0,3.0,1.0,-25.0,-27.0,-35.0,-19.0
-19.0,-9.0,2.0,1.0,-25.0,-27.0,-35.0,-19.0
-17.0,-10.0,1.0,0.0,-24.0,-27.0,-35.0,-20.0
-17.0,-10.0,2.0,1.0,-23.0,-27.0,-34.0,-19.0
-19.0,-9.0,2.0,1.0,-24.0,-27.0,-35.0,-19.0
-19.0,-9.0,2.0,0.0,-25.0,-28.0,-35.0,-20.0
-19.0,-9.0,2.0,0.0,-25.0,-27.0,-35.0,-19.0
-20.0,-8.0,4.0,1.0,-24.0,-26.0,-34.0,-19.0
-20.0,-7.0,3.0,1.0,-25.0,-27.0,-35.0,-20.0
-19.0,-8.0,2.0,0.0,-26.0,-28.0,-35.0,-20.0
-19.0,-8.0,3.0,1.0,-24.0,-27.0,-34.0,-19.0
-18.0,-9.0,2.0,1.0,-24.0,-27.0,-34.0,-19.0
-17.0,-10.0,1.0,0.0,-24.0,-27.0,-35.0,-19.0
-17.0,-10.0,2.0,0.0,-23.0,-27.0,-34.0,-19.0
-18.0,-9.0,3.0,1.0,-24.0,-27.0,-34.0,-19.0
-19.0,-9.0,2.0,0.0,-24.0,-27.0,-35.0,-20.0
-19.0,-8.0,2.0,0.0,-25.0,-27.0,-35.0,-20.0
-20.0,-8.0,3.0,1.0,-25.0,-27.0,-34.0,-19.0
-20.0,-7.0,3.0,1.0,-25.0,-26.0,-35.0,-20.0
-19.0,-8.0,2.0,0.0,-25.0,-27.0,-35.0,-20.0
-18.0,-9.0,2.0,1.0,-24.0,-27.0,-34.0,-19.0
-18.0,-9.0,2.0,1.0,-25.0,-27.0,-34.0,-19.0
-17.0,-9.0,1.0,0.0,-24.0,-27.0,-35.0,-19.0
-17.0,-10.0,2.0,0.0,-23.0,-27.0,-34.0,-19.0
-18.0,-9.0,3.0,1.0,-24.0,-27.0,-34.0,-19.0
-19.0,-9.0,2.0,0.0,-25.0,-27.0,-35.0,-19.0
-19.0,-9.0,2.0,0.0,-24.0,-27.0,-35.0,-20.0
-20.0,-7.0,3.0,1.0,-24.0,-26.0,-34.0,-19.0
-20.0,-7.0,3.0,1.0,-25.0,-26.0,-34.0,-20.0
-19.0,-8.0,2.0,0.0,-25.0,-27.0,-34.0,-20.0
-18.0,-9.0,3.0,1.0,-24.0,-26.0,-34.0,-19.0
-18.0,-8.0,2.0,1.0,-24.0,-26.0,-34.0,-19.0
-17.0,-9.0,3.0,0.0,-23.0,-26.0,-33.0,-18.0
-14.0,-8.0,7.0,1.0,-20.0,-22.0,-30.0,-15.0
-13.0,-5.0,10.0,3.0,-20.0,-18.0,-27.0,-13.0
-12.0,-4.0,12.0,3.0,-19.0,-17.0,-26.0,-13.0
-9.0,-4.0,15.0,3.0,-17.0,-14.0,-23.0,-11.0
-7.0,-5.0,20.0,5.0,-14.0,-10.0,-19.0,-7.0
-4.0,-6.0,23.0,5.0,-13.0,-6.0,-16.0,-5.0
-1.0,-6.0,24.0,5.0,-11.0,-5.0,-15.0,-3.0
1.0,-6.0,28.0,6.0,-8.0,-1.0,-11.0,0.0
3.0,-7.0,29.0,6.0,-7.0,0.0,-10.0,1.0
4.0,-7.0,30.0,6.0,-7.0,0.0,-10.0,1.0
4.0,-5.0,31.0,7.0,-6.0,2.0,-8.0,2.0
4.0,-4.0,33.0,7.0,-6.0,3.0,-8.0,3.0
5.0,-6.0,34.0,7.0,-5.0,4.0,-7.0,2.0
6.0,-6.0,34.0,7.0,-5.0,4.0,-7.0,2.0
5.0,-5.0,35.0,8.0,-5.0,4.0,-6.0,3.0
4.0,-4.0,35.0,8.0,-6.0,4.0,-6.0,3.0
5.0,-6.0,34.0,7.0,-6.0,4.0,-7.0,3.0
6.0,-8.0,33.0,7.0,-5.0,3.0,-7.0,3.0
6.0,-10.0,32.0,7.0,-5.0,2.0,-7.0,3.0
7.0,-11.0,31.0,6.0,-5.0,2.0,-8.0,2.0
7.0,-11.0,30.0,6.0,-4.0,1.0,-8.0,2.0
4.0,-9.0,30.0,6.0,-6.0,0.0,-9.0,1.0
2.0,-8.0,29.0,6.0,-7.0,0.0,-10.0,0.0
3.0,-8.0,30.0,6.0,-7.0,0.0,-10.0,0.0
2.0,-7.0,30.0,6.0,-7.0,0.0,-10.0,0.0
0.0,-8.0,28.0,5.0,-9.0,-1.0,-12.0,-1.0
0.0,-9.0,25.0,4.0,-10.0,-4.0,-14.0,-2.0
0.0,-9.0,25.0,5.0,-9.0,-4.0,-13.0,-1.0
0.0,-10.0,22.0,4.0,-11.0,-6.0,-16.0,-3.0
-1.0,-12.0,20.0,3.0,-11.0,-8.0,-18.0,-5.0
-2.0,-11.0,18.0,3.0,-12.0,-9.0,-18.0,-6.0
-5.0,-9.0,18.0,3.0,-13.0,-10.0,-19.0,-7.0
-7.0,-10.0,15.0,3.0,-15.0,-13.0,-22.0,-9.0
-8.0,-10.0,13.0,2.0,-16.0,-15.0,-24.0,-11.0
-11.0,-7.0,13.0,3.0,-17.0,-15.0,-24.0,-11.0
-12.0,-7.0,12.0,3.0,-19.0,-16.0,-25.0,-12.0
-13.0,-8.0,8.0,2.0,-20.0,-20.0,-28.0,-14.0
-15.0,-7.0,7.0,2.0,-21.0,-21.0,-29.0,-15.0
-16.0,-7.0,5.0,1.0,-22.0,-22.0,-30.0,-16.0
-16.0,-9.0,2.0,0.0,-24.0,-26.0,-33.0,-18.0
-17.0,-10.0,1.0,0.0,-23.0,-26.0,-33.0,-19.0
-18.0,-9.0,1.0,1.0,-23.0,-26.0,-33.0,-19.0
-18.0,-8.0,1.0,0.0,-24.0,-27.0,-34.0,-19.0
-19.0,-8.0,2.0,0.0,-24.0,-27.0,-34.0,-19.0
-19.0,-7.0,3.0,1.0,-24.0,-26.0,-33.0,-19.0
-19.0,-7.0,2.0,1.0,-24.0,-26.0,-33.0,-20.0
-18.0,-8.0,1.0,0.0,-24.0,-27.0,-34.0,-20.0
-18.0,-8.0,2.0,1.0,-23.0,-26.0,-33.0,-19.0
-18.0,-8.0,2.0,0.0,-23.0,-26.0,-33.0,-19.0
-17.0,-9.0,1.0,0.0,-23.0,-27.0,-34.0,-19.0
-17.0,-10.0,1.0,0.0,-23.0,-27.0,-33.0,-18.0
-18.0,-9.0,1.0,0.0,-23.0,-26.0,-33.0,-19.0
-18.0,-8.0,2.0,0.0,-24.0,-26.0,-34.0,-19.0
-18.0,-8.0,1.0,0.0,-24.0,-26.0,-34.0,-19.0
-19.0,-7.0,2.0,1.0,-24.0,-26.0,-33.0,-19.0
-20.0,-7.0,2.0,1.0,-24.0,-26.0,-33.0,-19.0
-18.0,-8.0,2.0,0.0,-24.0,-26.0,-33.0,-19.0
-18.0,-8.0,2.0,1.0,-23.0,-25.0,-33.0,-18.0
-18.0,-8.0,2.0,1.0,-23.0,-26.0,-33.0,-19.0
-17.0,-10.0,1.0,0.0,-23.0,-27.0,-33.0,-19.0
-17.0,-10.0,1.0,0.0,-23.0,-26.0,-33.0,-18.0
-17.0,-8.0,2.0,1.0,-23.0,-26.0,-33.0,-18.0
-18.0,-8.0,1.0,0.0,-24.0,-26.0,-34.0,-19.0
-18.0,-8.0,1.0,0.0,-24.0,-27.0,-34.0,-19.0
-19.0,-7.0,2.0,1.0,-24.0,-26.0,-33.0,-18.0
-20.0,-7.0,2.0,1.0,-24.0,-26.0,-33.0,-19.0
-18.0,-8.0,1.0,0.0,-24.0,-26.0,-33.0,-19.0
-18.0,-8.0,2.0,1.0,-24.0,-26.0,-33.0,-18.0
-18.0,-8.0,1.0,1.0,-24.0,-26.0,-33.0,-18.0
-17.0,-9.0,1.0,0.0,-23.0,-26.0,-33.0,-19.0
-16.0,-10.0,1.0,0.0,-22.0,-26.0,-33.0,-18.0
-18.0,-9.0,2.0,1.0,-23.0,-26.0,-33.0,-18.0
-18.0,-8.0,1.0,0.0,-24.0,-26.0,-34.0,-19.0
-18.0,-8.0,1.0,0.0,-24.0,-26.0,-34.0,-19.0
-19.0,-8.0,2.0,1.0,-23.0,-26.0,-33.0,-19.0
-20.0,-7.0,3.0,1.0,-25.0,-27.0,-34.0,-20.0
-24.0,-10.0,9.0,2.0,-29.0,-34.0,-40.0,-25.0
-29.0,-13.0,18.0,4.0,-31.0,-41.0,-46.0,-29.0
-34.0,-15.0,25.0,6.0,-35.0,-48.0,-52.0,-34.0
-38.0,-17.0,30.0,6.0,-39.0,-55.0,-58.0,-39.0
-38.0,-11.0,27.0,5.0,-38.0,-52.0,-56.0,-38.0
-34.0,-2.0,18.0,3.0,-34.0,-42.0,-47.0,-31.0
-26.0,8.0,1.0,-1.0,-27.0,-26.0,-34.0,-22.0
-10.0,31.0,-29.0,-10.0,-14.0,5.0,-9.0,-2.0
11.0,57.0,-68.0,-20.0,4.0,45.0,23.0,23.0
35.0,80.0,-110.0,-31.0,23.0,86.0,57.0,49.0
62.0,101.0,-153.0,-43.0,43.0,127.0,92.0,76.0
88.0,122.0,-196.0,-54.0,64.0,169.0,127.0,105.0
114.0,144.0,-238.0,-65.0,84.0,210.0,162.0,133.0
140.0,164.0,-281.0,-76.0,104.0,251.0,195.0,160.0
167.0,179.0,-320.0,-86.0,125.0,290.0,228.0,186.0
191.0,188.0,-354.0,-93.0,144.0,325.0,257.0,210.0
214.0,188.0,-381.0,-99.0,159.0,351.0,280.0,230.0
231.0,189.0,-403.0,-103.0,173.0,372.0,299.0,246.0
243.0,193.0,-418.0,-106.0,182.0,389.0,313.0,258.0
249.0,192.0,-425.0,-107.0,186.0,396.0,319.0,263.0
254.0,180.0,-425.0,-106.0,187.0,394.0,318.0,263.0
252.0,169.0,-417.0,-103.0,186.0,387.0,313.0,260.0
245.0,161.0,-404.0,-99.0,180.0,374.0,303.0,252.0
235.0,151.0,-386.0,-95.0,172.0,356.0,287.0,240.0
223.0,137.0,-364.0,-90.0,162.0,333.0,269.0,226.0
205.0,121.0,-334.0,-81.0,148.0,305.0,246.0,207.0
184.0,101.0,-298.0,-71.0,131.0,269.0,216.0,184.0
160.0,79.0,-258.0,-61.0,112.0,229.0,183.0,157.0
133.0,56.0,-214.0,-49.0,92.0,187.0,149.0,130.0
106.0,29.0,-167.0,-36.0,70.0,142.0,112.0,101.0
82.0,4.0,-124.0,-25.0,50.0,99.0,75.0,72.0
56.0,-14.0,-83.0,-14.0,31.0,59.0,43.0,46.0
30.0,-33.0,-43.0,-5.0,11.0,19.0,9.0,19.0
4.0,-50.0,-8.0,0.0,-10.0,-22.0,-25.0,-8.0
-23.0,-72.0,4.0,1.0,-31.0,-66.0,-63.0,-37.0
-52.0,-90.0,6.0,1.0,-53.0,-109.0,-98.0,-66.0
-72.0,-85.0,6.0,1.0,-68.0,-130.0,-117.0,-83.0
-79.0,-67.0,6.0,1.0,-72.0,-130.0,-118.0,-86.0
-73.0,-56.0,7.0,2.0,-66.0,-115.0,-106.0,-77.0
-60.0,-42.0,7.0,2.0,-55.0,-92.0,-87.0,-62.0
-45.0,-31.0,6.0,1.0,-44.0,-69.0,-69.0,-48.0
-32.0,-22.0,6.0,2.0,-34.0,-49.0,-52.0,-34.0
-23.0,-13.0,6.0,2.0,-27.0,-34.0,-39.0,-23.0
-19.0,-11.0,5.0,1.0,-24.0,-29.0,-36.0,-20.0
-18.0,-11.0,5.0,1.0,-23.0,-29.0,-35.0,-20.0
-19.0,-10.0,6.0,2.0,-24.0,-29.0,-35.0,-20.0
-20.0,-10.0,6.0,1.0,-25.0,-29.0,-35.0,-21.0
-20.0,-10.0,6.0,1.0,-25.0,-29.0,-36.0,-21.0
-21.0,-9.0,6.0,1.0,-25.0,-29.0,-35.0,-21.0
-22.0,-8.0,7.0,2.0,-25.0,-29.0,-35.0,-21.0
-21.0,-10.0,6.0,1.0,-26.0,-29.0,-36.0,-21.0
-20.0,-9.0,6.0,1.0,-24.0,-29.0,-35.0,-20.0
-20.0,-9.0,6.0,2.0,-24.0,-29.0,-35.0,-20.0
-19.0,-10.0,5.0,1.0,-25.0,-29.0,-35.0,-21.0
-18.0,-11.0,5.0,1.0,-24.0,-29.0,-35.0,-20.0
-19.0,-10.0,6.0,2.0,-24.0,-29.0,-34.0,-20.0
-19.0,-10.0,6.0,1.0,-24.0,-29.0,-35.0,-21.0
-20.0,-10.0,6.0,1.0,-24.0,-29.0,-35.0,-21.0
-20.0,-9.0,6.0,2.0,-24.0,-29.0,-35.0,-20.0
-21.0,-8.0,7.0,2.0,-25.0,-28.0,-35.0,-21.0
-20.0,-9.0,5.0,1.0,-25.0,-29.0,-35.0,-21.0
-20.0,-10.0,5.0,1.0,-24.0,-29.0,-35.0,-20.0
-20.0,-10.0,6.0,1.0,-24.0,-28.0,-35.0,-20.0
-19.0,-10.0,5.0,1.0,-25.0,-29.0,-35.0,-21.0
-18.0,-11.0,5.0,1.0,-24.0,-29.0,-35.0,-20.0
-19.0,-10.0,6.0,2.0,-24.0,-28.0,-35.0,-20.0
-20.0,-9.0,5.0,1.0,-24.0,-29.0,-35.0,-21.0
-20.0,-9.0,6.0,1.0,-24.0,-29.0,-35.0,-21.0
-21.0,-9.0,6.0,2.0,-24.0,-28.0,-35.0,-20.0
-21.0,-8.0,7.0,2.0,-25.0,-28.0,-34.0,-21.0
-20.0,-9.0,6.0,2.0,-25.0,-29.0,-35.0,-21.0
-20.0,-9.0,6.0,2.0,-24.0,-28.0,-34.0,-20.0
-20.0,-9.0,6.0,2.0,-24.0,-28.0,-34.0,-20.0
-19.0,-10.0,6.0,1.0,-24.0,-28.0,-34.0,-20.0
-18.0,-11.0,5.0,1.0,-24.0,-29.0,-35.0,-20.0
-19.0,-10.0,6.0,2.0,-24.0,-28.0,-34.0,-20.0
-19.0,-9.0,6.0,2.0,-24.0,-28.0,-35.0,-20.0
-20.0,-9.0,5.0,1.0,-24.0,-29.0,-35.0,-21.0
-21.0,-9.0,6.0,2.0,-24.0,-29.0,-35.0,-21.0
-21.0,-8.0,7.0,2.0,-25.0,-28.0,-34.0,-20.0
-20.0,-9.0,6.0,1.0,-25.0,-28.0,-35.0,-21.0
-20.0,-10.0,6.0,2.0,-23.0,-28.0,-34.0,-20.0
-19.0,-10.0,6.0,1.0,-23.0,-27.0,-34.0,-20.0
-17.0,-9.0,8.0,2.0,-22.0,-26.0,-32.0,-18.0
-16.0,-9.0,9.0,2.0,-21.0,-25.0,-31.0,-17.0
-16.0,-8.0,10.0,3.0,-20.0,-23.0,-30.0,-16.0
-15.0,-6.0,13.0,3.0,-20.0,-21.0,-28.0,-15.0
-14.0,-6.0,14.0,3.0,-20.0,-20.0,-27.0,-14.0
-12.0,-7.0,16.0,4.0,-19.0,-18.0,-26.0,-13.0
-13.0,-7.0,17.0,4.0,-18.0,-17.0,-25.0,-12.0
-12.0,-8.0,16.0,4.0,-18.0,-18.0,-25.0,-13.0
-11.0,-8.0,17.0,4.0,-17.0,-17.0,-24.0,-12.0
-9.0,-7.0,20.0,5.0,-16.0,-14.0,-22.0,-10.0
-8.0,-7.0,20.0,4.0,-15.0,-14.0,-21.0,-9.0
-7.0,-8.0,19.0,4.0,-14.0,-14.0,-21.0,-9.0
-7.0,-8.0,21.0,5.0,-14.0,-12.0,-21.0,-8.0
-6.0,-9.0,22.0,4.0,-14.0,-12.0,-20.0,-8.0
-6.0,-8.0,23.0,5.0,-14.0,-11.0,-19.0,-7.0
-6.0,-5.0,25.0,6.0,-13.0,-9.0,-18.0,-7.0
-6.0,-4.0,26.0,6.0,-13.0,-8.0,-17.0,-6.0
-4.0,-6.0,27.0,5.0,-13.0,-8.0,-17.0,-6.0
-3.0,-7.0,27.0,6.0,-11.0,-7.0,-15.0,-5.0
-2.0,-7.0,28.0,6.0,-10.0,-5.0,-14.0,-3.0
0.0,-6.0,32.0,7.0,-8.0,-2.0,-12.0,-1.0
4.0,-5.0,35.0,7.0,-5.0,1.0,-8.0,1.0
6.0,-2.0,40.0,9.0,-3.0,6.0,-4.0,5.0
7.0,0.0,44.0,10.0,-2.0,9.0,-2.0,6.0
8.0,0.0,45.0,10.0,-1.0,10.0,-1.0,6.0
11.0,2.0,50.0,11.0,0.0,14.0,2.0,10.0
12.0,4.0,55.0,13.0,1.0,19.0,6.0,13.0
16.0,6.0,58.0,13.0,3.0,23.0,9.0,15.0
20.0,7.0,63.0,15.0,6.0,28.0,13.0,19.0
23.0,7.0,66.0,16.0,8.0,31.0,16.0,21.0
26.0,6.0,69.0,16.0,10.0,34.0,19.0,24.0
30.0,7.0,73.0,16.0,13.0,38.0,22.0,26.0
31.0,10.0,78.0,19.0,16.0,43.0,26.0,29.0
34.0,12.0,82.0,19.0,17.0,47.0,30.0,32.0
36.0,14.0,87.0,20.0,19.0,51.0,33.0,34.0
39.0,13.0,91.0,21.0,21.0,55.0,36.0,37.0
40.0,14.0,95.0,22.0,23.0,58.0,40.0,39.0
43.0,14.0,95.0,22.0,24.0,59.0,41.0,41.0
45.0,15.0,98.0,23.0,26.0,62.0,43.0,43.0
47.0,15.0,100.0,23.0,27.0,64.0,45.0,45.0
48.0,14.0,100.0,23.0,28.0,65.0,45.0,45.0
50.0,11.0,100.0,23.0,29.0,65.0,46.0,46.0
50.0,13.0,101.0,23.0,29.0,66.0,47.0,47.0
51.0,14.0,103.0,23.0,29.0,68.0,48.0,47.0
51.0,15.0,105.0,24.0,30.0,69.0,49.0,48.0
51.0,15.0,106.0,24.0,30.0,70.0,49.0,48.0
50.0,16.0,106.0,25.0,30.0,70.0,49.0,48.0
49.0,14.0,102.0,24.0,28.0,67.0,47.0,46.0
49.0,13.0,101.0,23.0,28.0,65.0,46.0,46.0
49.0,10.0,99.0,23.0,28.0,64.0,45.0,45.0
48.0,10.0,96.0,22.0,27.0,62.0,43.0,43.0
47.0,7.0,93.0,20.0,26.0,58.0,40.0,42.0
45.0,8.0,92.0,21.0,25.0,57.0,39.0,41.0
42.0,6.0,90.0,20.0,23.0,54.0,36.0,39.0
41.0,6.0,87.0,19.0,22.0,52.0,34.0,37.0
39.0,4.0,85.0,18.0,21.0,49.0,33.0,35.0
36.0,3.0,82.0,18.0,19.0,46.0,30.0,33.0
34.0,3.0,78.0,17.0,16.0,43.0,27.0,30.0
32.0,1.0,74.0,16.0,15.0,40.0,24.0,28.0
31.0,-2.0,71.0,15.0,14.0,37.0,22.0,27.0
29.0,-4.0,66.0,14.0,13.0,32.0,19.0,24.0
28.0,-7.0,62.0,12.0,12.0,28.0,15.0,22.0
26.0,-11.0,59.0,12.0,10.0,25.0,13.0,20.0
23.0,-12.0,55.0,11.0,8.0,21.0,9.0,17.0
20.0,-13.0,51.0,10.0,5.0,17.0,6.0,14.0
17.0,-10.0,49.0,10.0,4.0,15.0,4.0,12.0
13.0,-8.0,47.0,10.0,1.0,13.0,2.0,10.0
11.0,-9.0,44.0,9.0,-1.0,9.0,0.0,8.0
11.0,-11.0,42.0,8.0,0.0,8.0,-1.0,7.0
9.0,-12.0,40.0,8.0,-1.0,5.0,-3.0,6.0
8.0,-11.0,38.0,7.0,-2.0,4.0,-4.0,4.0
7.0,-11.0,34.0,6.0,-3.0,1.0,-7.0,2.0
4.0,-12.0,32.0,6.0,-4.0,0.0,-9.0,1.0
2.0,-10.0,32.0,7.0,-6.0,-1.0,-10.0,0.0
1.0,-10.0,30.0,5.0,-8.0,-3.0,-12.0,-1.0
0.0,-11.0,27.0,5.0,-9.0,-5.0,-14.0,-3.0
-3.0,-9.0,27.0,6.0,-10.0,-6.0,-14.0,-3.0
-3.0,-8.0,25.0,5.0,-11.0,-8.0,-16.0,-5.0
-4.0,-10.0,23.0,5.0,-11.0,-10.0,-17.0,-6.0
-5.0,-10.0,21.0,4.0,-13.0,-11.0,-19.0,-7.0
-6.0,-10.0,20.0,4.0,-14.0,-12.0,-20.0,-8.0
-6.0,-13.0,17.0,3.0,-13.0,-14.0,-21.0,-9.0
-8.0,-13.0,16.0,3.0,-14.0,-16.0,-23.0,-10.0
-10.0,-11.0,15.0,3.0,-16.0,-17.0,-24.0,-12.0
-11.0,-10.0,14.0,3.0,-17.0,-18.0,-26.0,-13.0
-14.0,-9.0,11.0,2.0,-19.0,-21.0,-28.0,-15.0
-17.0,-9.0,10.0,3.0,-20.0,-22.0,-29.0,-16.0
-17.0,-8.0,8.0,2.0,-22.0,-24.0,-30.0,-18.0
-18.0,-8.0,7.0,2.0,-21.0,-25.0,-31.0,-17.0
-18.0,-7.0,7.0,2.0,-21.0,-24.0,-30.0,-17.0
-18.0,-8.0,6.0,2.0,-21.0,-25.0,-31.0,-18.0
-18.0,-10.0,3.0,0.0,-22.0,-29.0,-34.0,-19.0
-19.0,-10.0,2.0,1.0,-23.0,-29.0,-34.0,-20.0
-20.0,-10.0,3.0,1.0,-24.0,-29.0,-34.0,-21.0
-20.0,-9.0,2.0,0.0,-24.0,-30.0,-35.0,-21.0
-21.0,-9.0,3.0,1.0,-24.0,-29.0,-35.0,-21.0
-22.0,-8.0,4.0,1.0,-24.0,-29.0,-35.0,-21.0
-21.0,-9.0,3.0,1.0,-25.0,-29.0,-35.0,-21.0
-20.0,-9.0,3.0,1.0,-24.0,-29.0,-34.0,-21.0
-20.0,-9.0,2.0,0.0,-24.0,-30.0,-35.0,-21.0
-20.0,-9.0,3.0,0.0,-24.0,-29.0,-35.0,-21.0
-22.0,-8.0,4.0,1.0,-24.0,-29.0,-34.0,-21.0
-21.0,-8.0,3.0,1.0,-25.0,-29.0,-34.0,-21.0
-20.0,-9.0,3.0,1.0,-24.0,-29.0,-34.0,-21.0
-20.0,-9.0,3.0,1.0,-23.0,-28.0,-34.0,-20.0
-19.0,-10.0,2.0,0.0,-24.0,-29.0,-34.0,-20.0
-19.0,-10.0,2.0,0.0,-23.0,-29.0,-34.0,-20.0
-19.0,-10.0,2.0,0.0,-23.0,-29.0,-34.0,-20.0
-20.0,-9.0,3.0,0.0,-24.0,-29.0,-34.0,-20.0
-20.0,-9.0,3.0,0.0,-24.0,-29.0,-35.0,-21.0
-21.0,-9.0,3.0,0.0,-24.0,-29.0,-34.0,-21.0
-22.0,-8.0,4.0,1.0,-24.0,-28.0,-34.0,-21.0
-21.0,-8.0,3.0,0.0,-25.0,-29.0,-34.0,-21.0
-20.0,-9.0,3.0,1.0,-24.0,-28.0,-34.0,-20.0
-20.0,-9.0,3.0,1.0,-23.0,-28.0,-34.0,-20.0
-20.0,-9.0,2.0,1.0,-24.0,-29.0,-34.0,-20.0
-19.0,-10.0,2.0,0.0,-23.0,-29.0,-34.0,-20.0
-19.0,-10.0,2.0,0.0,-23.0,-29.0,-34.0,-20.0
-20.0,-9.0,3.0,0.0,-23.0,-29.0,-34.0,-20.0
-20.0,-9.0,2.0,0.0,-24.0,-29.0,-35.0,-21.0
-20.0,-9.0,3.0,0.0,-24.0,-29.0,-34.0,-21.0
-22.0,-8.0,4.0,1.0,-24.0,-28.0,-33.0,-20.0
-21.0,-8.0,3.0,1.0,-24.0,-29.0,-34.0,-21.0
-20.0,-9.0,3.0,1.0,-23.0,-28.0,-34.0,-20.0
-20.0,-10.0,3.0,1.0,-23.0,-28.0,-34.0,-20.0
-20.0,-9.0,2.0,0.0,-24.0,-28.0,-34.0,-20.0
-19.0,-10.0,1.0,0.0,-23.0,-29.0,-35.0,-20.0
-19.0,-10.0,2.0,0.0,-22.0,-28.0,-34.0,-20.0
-20.0,-9.0,3.0,1.0,-23.0,-28.0,-34.0,-20.0
-20.0,-9.0,3.0,0.0,-24.0,-29.0,-34.0,-21.0
-20.0,-9.0,3.0,1.0,-23.0,-28.0,-34.0,-21.0
-21.0,-8.0,4.0,1.0,-23.0,-28.0,-33.0,-21.0
-21.0,-8.0,3.0,0.0,-24.0,-28.0,-34.0,-21.0
-20.0,-9.0,2.0,0.0,-23.0,-28.0,-34.0,-20.0
-20.0,-10.0,3.0,1.0,-23.0,-28.0,-33.0,-19.0
-19.0,-9.0,3.0,1.0,-23.0,-28.0,-33.0,-20.0
-18.0,-10.0,2.0,0.0,-23.0,-29.0,-34.0,-20.0
-19.0,-10.0,2.0,0.0,-23.0,-28.0,-34.0,-20.0
-20.0,-9.0,3.0,1.0,-23.0,-28.0,-34.0,-20.0
-20.0,-9.0,2.0,0.0,-23.0,-29.0,-34.0,-21.0
-20.0,-9.0,3.0,0.0,-23.0,-28.0,-34.0,-20.0
-21.0,-8.0,4.0,1.0,-23.0,-27.0,-33.0,-20.0
-21.0,-8.0,3.0,1.0,-24.0,-28.0,-33.0,-20.0
-20.0,-9.0,3.0,1.0,-23.0,-28.0,-33.0,-20.0
-19.0,-9.0,3.0,1.0,-23.0,-28.0,-33.0,-19.0
-19.0,-9.0,2.0,1.0,-23.0,-28.0,-33.0,-20.0
-18.0,-10.0,2.0,0.0,-23.0,-28.0,-33.0,-20.0
-19.0,-10.0,2.0,1.0,-22.0,-28.0,-33.0,-19.0
-20.0,-9.0,3.0,1.0,-23.0,-28.0,-34.0,-20.0
-20.0,-9.0,2.0,0.0,-23.0,-29.0,-34.0,-21.0
-20.0,-9.0,3.0,0.0,-23.0,-29.0,-34.0,-20.0
-21.0,-8.0,4.0,1.0,-23.0,-28.0,-33.0,-20.0
-20.0,-8.0,3.0,1.0,-24.0,-28.0,-34.0,-20.0
-19.0,-9.0,3.0,1.0,-23.0,-28.0,-34.0,-20.0
-20.0,-9.0,3.0,1.0,-23.0,-28.0,-33.0,-20.0
-20.0,-9.0,3.0,1.0,-23.0,-28.0,-33.0,-20.0
-18.0,-10.0,2.0,0.0,-22.0,-28.0,-34.0,-20.0
-18.0,-10.0,2.0,0.0,-22.0,-28.0,-33.0,-19.0
-20.0,-9.0,3.0,0.0,-23.0,-28.0,-33.0,-20.0
-20.0,-9.0,3.0,0.0,-23.0,-28.0,-34.0,-20.0
-20.0,-9.0,3.0,1.0,-23.0,-28.0,-33.0,-20.0
-21.0,-8.0,4.0,2.0,-23.0,-27.0,-33.0,-20.0
-20.0,-8.0,3.0,1.0,-24.0,-28.0,-34.0,-21.0
-20.0,-9.0,3.0,1.0,-23.0,-28.0,-33.0,-20.0
-19.0,-9.0,3.0,1.0,-22.0,-27.0,-33.0,-19.0
-19.0,-9.0,2.0,1.0,-23.0,-28.0,-33.0,-19.0
-18.0,-10.0,1.0,0.0,-22.0,-29.0,-33.0,-20.0
-19.0,-9.0,2.0,0.0,-21.0,-28.0,-33.0,-19.0
-20.0,-9.0,3.0,1.0,-22.0,-28.0,-32.0,-19.0
-20.0,-9.0,2.0,0.0,-23.0,-28.0,-33.0,-20.0
-20.0,-9.0,3.0,0.0,-23.0,-28.0,-33.0,-20.0
-21.0,-8.0,4.0,1.0,-23.0,-27.0,-32.0,-20.0
-20.0,-8.0,3.0,1.0,-24.0,-28.0,-33.0,-20.0
-19.0,-9.0,3.0,1.0,-23.0,-28.0,-33.0,-20.0
